series,stratum,arm,mean_logpdf,mean_crps,pit_l1,n
A038RC1,regime-changey,eta1.0x,4.499613,0.001744,0.012205,508
A038RC1,regime-changey,eta0.25x,4.529198,0.001690,0.017402,508
A038RC1,regime-changey,eta0.5x,4.504207,0.001735,0.012598,508
A038RC1,regime-changey,eta2x,4.503705,0.001737,0.011811,508
A038RC1,regime-changey,eta4x,4.506651,0.001732,0.011417,508
A045RC1,stationary,eta1.0x,3.166959,0.006154,0.024331,508
A045RC1,stationary,eta0.25x,3.167863,0.006226,0.022756,508
A045RC1,stationary,eta0.5x,3.166924,0.006179,0.023150,508
A045RC1,stationary,eta2x,3.166748,0.006150,0.023937,508
A045RC1,stationary,eta4x,3.166977,0.006150,0.024331,508
A048RC1,regime-changey,eta1.0x,3.410639,0.006160,0.015276,508
A048RC1,regime-changey,eta0.25x,3.410108,0.006187,0.015591,508
A048RC1,regime-changey,eta0.5x,3.411031,0.006163,0.014409,508
A048RC1,regime-changey,eta2x,3.409195,0.006156,0.014488,508
A048RC1,regime-changey,eta4x,3.409010,0.006152,0.015276,508
A061RC1,regime-changey,eta1.0x,3.819362,0.003299,0.015354,508
A061RC1,regime-changey,eta0.25x,3.823667,0.003261,0.020551,508
A061RC1,regime-changey,eta0.5x,3.815196,0.003307,0.014646,508
A061RC1,regime-changey,eta2x,3.824929,0.003296,0.016142,508
A061RC1,regime-changey,eta4x,3.823660,0.003309,0.013780,508
A068RC1,regime-changey,eta1.0x,3.916386,0.003097,0.019606,508
A068RC1,regime-changey,eta0.25x,3.910846,0.003111,0.018425,508
A068RC1,regime-changey,eta0.5x,3.914209,0.003103,0.020394,508
A068RC1,regime-changey,eta2x,3.917180,0.003095,0.019606,508
A068RC1,regime-changey,eta4x,3.917305,0.003094,0.019606,508
A041RC1,regime-changey,eta1.0x,2.997011,0.007275,0.014567,508
A041RC1,regime-changey,eta0.25x,2.999966,0.007298,0.014803,508
A041RC1,regime-changey,eta0.5x,2.998218,0.007280,0.015669,508
A041RC1,regime-changey,eta2x,2.995867,0.007276,0.015354,508
A041RC1,regime-changey,eta4x,2.993703,0.007276,0.016535,508
A132RC1,regime-changey,eta1.0x,3.622479,0.003951,0.016535,508
A132RC1,regime-changey,eta0.25x,3.622180,0.003949,0.017717,508
A132RC1,regime-changey,eta0.5x,3.622448,0.003947,0.017323,508
A132RC1,regime-changey,eta2x,3.620412,0.003955,0.014567,508
A132RC1,regime-changey,eta4x,3.619615,0.003956,0.014567,508
A063RC1,regime-changey,eta1.0x,3.076501,0.014243,0.037638,508
A063RC1,regime-changey,eta0.25x,3.009798,0.017716,0.038031,508
A063RC1,regime-changey,eta0.5x,3.041430,0.015657,0.037323,508
A063RC1,regime-changey,eta2x,3.090978,0.013575,0.038819,508
A063RC1,regime-changey,eta4x,3.095618,0.013372,0.039213,508
A229RC0,regime-changey,eta1.0x,3.676588,0.004642,0.028661,508
A229RC0,regime-changey,eta0.25x,3.679421,0.004663,0.028268,508
A229RC0,regime-changey,eta0.5x,3.677070,0.004650,0.027953,508
A229RC0,regime-changey,eta2x,3.677306,0.004639,0.029055,508
A229RC0,regime-changey,eta4x,3.678706,0.004637,0.027874,508
A576RC1,regime-changey,eta1.0x,3.806923,0.003281,0.016535,508
A576RC1,regime-changey,eta0.25x,3.806384,0.003285,0.017323,508
A576RC1,regime-changey,eta0.5x,3.807358,0.003280,0.016535,508
A576RC1,regime-changey,eta2x,3.805292,0.003284,0.017323,508
A576RC1,regime-changey,eta4x,3.803460,0.003285,0.016535,508
AAAFFM,regime-changey,eta1.0x,-0.266450,0.204618,0.012504,563
AAAFFM,regime-changey,eta0.25x,-0.266462,0.203957,0.011439,563
AAAFFM,regime-changey,eta0.5x,-0.268919,0.204989,0.012504,563
AAAFFM,regime-changey,eta2x,-0.266232,0.204423,0.012504,563
AAAFFM,regime-changey,eta4x,-0.266113,0.204416,0.012504,563
AAA10YM,stationary,eta1.0x,0.704851,0.066922,0.007889,578
AAA10YM,stationary,eta0.25x,0.706385,0.066863,0.011073,578
AAA10YM,stationary,eta0.5x,0.705187,0.066904,0.007405,578
AAA10YM,stationary,eta2x,0.704227,0.066914,0.008581,578
AAA10YM,stationary,eta4x,0.704137,0.066916,0.008581,578
AAA,regime-changey,eta1.0x,2.419539,0.014472,0.010172,989
AAA,regime-changey,eta0.25x,2.416439,0.014496,0.009788,989
AAA,regime-changey,eta0.5x,2.419500,0.014478,0.010799,989
AAA,regime-changey,eta2x,2.421669,0.014470,0.009990,989
AAA,regime-changey,eta4x,2.423415,0.014468,0.010799,989
AAA10Y,stationary,eta1.0x,2.422155,0.018220,0.019000,1000
AAA10Y,stationary,eta0.25x,2.422631,0.018224,0.019800,1000
AAA10Y,stationary,eta0.5x,2.422016,0.018220,0.019400,1000
AAA10Y,stationary,eta2x,2.422271,0.018219,0.019000,1000
AAA10Y,stationary,eta4x,2.422316,0.018219,0.019000,1000
AAAFF,stationary,eta1.0x,1.524001,0.036563,0.012400,1000
AAAFF,stationary,eta0.25x,1.528684,0.036286,0.012400,1000
AAAFF,stationary,eta0.5x,1.529901,0.036278,0.012000,1000
AAAFF,stationary,eta2x,1.517163,0.036809,0.013400,1000
AAAFF,stationary,eta4x,1.516886,0.036856,0.014200,1000
AB1020AAAMT,stationary,eta1.0x,-7.532517,256.243928,0.015200,1000
AB1020AAAMT,stationary,eta0.25x,-7.534170,256.191450,0.015200,1000
AB1020AAAMT,stationary,eta0.5x,-7.533364,256.123116,0.015000,1000
AB1020AAAMT,stationary,eta2x,-7.533436,256.240036,0.015200,1000
AB1020AAAMT,stationary,eta4x,-7.533389,256.243428,0.015200,1000
AB1020AAVOL,stationary,eta1.0x,-3.943468,6.871356,0.016800,1000
AB1020AAVOL,stationary,eta0.25x,-3.943506,6.871309,0.016800,1000
AB1020AAVOL,stationary,eta0.5x,-3.942601,6.873929,0.016800,1000
AB1020AAVOL,stationary,eta2x,-3.943466,6.871292,0.016800,1000
AB1020AAVOL,stationary,eta4x,-3.943461,6.871291,0.016800,1000
AB14AAVOL,stationary,eta1.0x,-5.035259,21.547999,0.008400,1000
AB14AAVOL,stationary,eta0.25x,-5.055110,21.815208,0.009400,1000
AB14AAVOL,stationary,eta0.5x,-5.034908,21.541821,0.008600,1000
AB14AAVOL,stationary,eta2x,-5.035304,21.547819,0.008400,1000
AB14AAVOL,stationary,eta4x,-5.035289,21.547758,0.008400,1000
AB14AAAMT,stationary,eta1.0x,-8.639932,814.340305,0.008800,1000
AB14AAAMT,stationary,eta0.25x,-8.672705,842.206553,0.004800,1000
AB14AAAMT,stationary,eta0.5x,-8.658681,830.545521,0.005600,1000
AB14AAAMT,stationary,eta2x,-8.635727,813.864187,0.009600,1000
AB14AAAMT,stationary,eta4x,-8.636436,812.001674,0.010200,1000
AB2140AAAMT,stationary,eta1.0x,-7.607023,275.476304,0.012600,1000
AB2140AAAMT,stationary,eta0.25x,-7.607663,275.420496,0.013200,1000
AB2140AAAMT,stationary,eta0.5x,-7.607017,275.442866,0.013000,1000
AB2140AAAMT,stationary,eta2x,-7.607013,275.499613,0.012800,1000
AB2140AAAMT,stationary,eta4x,-7.608587,275.454677,0.012600,1000
AB2140AAVOL,stationary,eta1.0x,-4.164879,8.586926,0.015400,1000
AB2140AAVOL,stationary,eta0.25x,-4.172402,8.585184,0.015400,1000
AB2140AAVOL,stationary,eta0.5x,-4.165197,8.585661,0.015600,1000
AB2140AAVOL,stationary,eta2x,-4.164904,8.587013,0.015600,1000
AB2140AAVOL,stationary,eta4x,-4.169775,8.588368,0.015000,1000
AB4180AAVOL,stationary,eta1.0x,-3.833915,6.236882,0.014000,1000
AB4180AAVOL,stationary,eta0.25x,-3.833711,6.236876,0.013800,1000
AB4180AAVOL,stationary,eta0.5x,-3.833405,6.236013,0.013800,1000
AB4180AAVOL,stationary,eta2x,-3.834012,6.236866,0.014000,1000
AB4180AAVOL,stationary,eta4x,-3.831810,6.237167,0.013600,1000
AB4180AAAMT,stationary,eta1.0x,-7.285908,200.289424,0.012800,1000
AB4180AAAMT,stationary,eta0.25x,-7.285342,200.457926,0.012400,1000
AB4180AAAMT,stationary,eta0.5x,-7.285878,200.328326,0.012400,1000
AB4180AAAMT,stationary,eta2x,-7.285445,200.311194,0.012400,1000
AB4180AAAMT,stationary,eta4x,-7.285285,200.326162,0.012400,1000
ABCOMPN,stationary,eta1.0x,3.019357,0.006466,0.010600,1000
ABCOMPN,stationary,eta0.25x,3.020315,0.006457,0.010000,1000
ABCOMPN,stationary,eta0.5x,3.019781,0.006464,0.010800,1000
ABCOMPN,stationary,eta2x,3.018549,0.006470,0.011000,1000
ABCOMPN,stationary,eta4x,3.018396,0.006470,0.011000,1000
ABCOMP,stationary,eta1.0x,2.675000,0.009039,0.010400,1000
ABCOMP,stationary,eta0.25x,2.673622,0.009022,0.011800,1000
ABCOMP,stationary,eta0.5x,2.674847,0.009036,0.012000,1000
ABCOMP,stationary,eta2x,2.674428,0.009040,0.011200,1000
ABCOMP,stationary,eta4x,2.674106,0.009040,0.011400,1000
AB59AAAMT,stationary,eta1.0x,-9.113962,1261.195627,0.008600,1000
AB59AAAMT,stationary,eta0.25x,-9.119112,1261.092599,0.008800,1000
AB59AAAMT,stationary,eta0.5x,-9.116335,1260.919437,0.008600,1000
AB59AAAMT,stationary,eta2x,-9.114136,1261.184425,0.008600,1000
AB59AAAMT,stationary,eta4x,-9.114380,1261.167989,0.008600,1000
ADPWCDENCNERNSA,stationary,eta1.0x,5.314511,0.000659,0.016673,553
ADPWCDENCNERNSA,stationary,eta0.25x,5.308125,0.000664,0.015226,553
ADPWCDENCNERNSA,stationary,eta0.5x,5.315082,0.000659,0.016673,553
ADPWCDENCNERNSA,stationary,eta2x,5.313856,0.000659,0.016673,553
ADPWCDENCNERNSA,stationary,eta4x,5.314866,0.000659,0.016673,553
AB59AAVOL,stationary,eta1.0x,-5.447505,31.568831,0.010800,1000
AB59AAVOL,stationary,eta0.25x,-5.447438,31.568657,0.010800,1000
AB59AAVOL,stationary,eta0.5x,-5.447386,31.568461,0.011000,1000
AB59AAVOL,stationary,eta2x,-5.447585,31.569208,0.010800,1000
AB59AAVOL,stationary,eta4x,-5.447580,31.569212,0.010800,1000
ADPWCDENCNERSA,regime-changey,eta1.0x,7.700757,0.000070,0.026329,553
ADPWCDENCNERSA,regime-changey,eta0.25x,7.710888,0.000069,0.026221,553
ADPWCDENCNERSA,regime-changey,eta0.5x,7.710458,0.000069,0.025497,553
ADPWCDENCNERSA,regime-changey,eta2x,7.696604,0.000070,0.024521,553
ADPWCDENCNERSA,regime-changey,eta4x,7.693555,0.000070,0.020072,553
ADJRESNS,regime-changey,eta1.0x,2.242002,0.017017,0.011236,922
ADJRESNS,regime-changey,eta0.25x,2.261467,0.016900,0.009544,922
ADJRESNS,regime-changey,eta0.5x,2.244854,0.016995,0.011020,922
ADJRESNS,regime-changey,eta2x,2.241290,0.017044,0.011280,922
ADJRESNS,regime-changey,eta4x,2.240087,0.017053,0.011236,922
ADPWCDESCNERNSA,stationary,eta1.0x,4.981614,0.000934,0.018626,553
ADPWCDESCNERNSA,stationary,eta0.25x,4.976668,0.000946,0.024774,553
ADPWCDESCNERNSA,stationary,eta0.5x,4.976843,0.000938,0.020542,553
ADPWCDESCNERNSA,stationary,eta2x,4.982968,0.000937,0.017649,553
ADPWCDESCNERNSA,stationary,eta4x,4.976505,0.000940,0.018011,553
ABGT80AAAMT,stationary,eta1.0x,-7.962215,389.507299,0.008000,1000
ABGT80AAAMT,stationary,eta0.25x,-7.961651,389.502842,0.008200,1000
ABGT80AAAMT,stationary,eta0.5x,-7.962228,389.491430,0.007800,1000
ABGT80AAAMT,stationary,eta2x,-7.961993,389.479156,0.008000,1000
ABGT80AAAMT,stationary,eta4x,-7.961775,389.469908,0.007800,1000
ADPWCDESCNERSA,stationary,eta1.0x,7.204768,0.000118,0.031537,553
ADPWCDESCNERSA,stationary,eta0.25x,7.202399,0.000118,0.031899,553
ADPWCDESCNERSA,stationary,eta0.5x,7.203956,0.000118,0.031899,553
ADPWCDESCNERSA,stationary,eta2x,7.205062,0.000118,0.031899,553
ADPWCDESCNERSA,stationary,eta4x,7.205312,0.000118,0.031899,553
ADJRESSL,regime-changey,eta1.0x,2.606097,0.014311,0.005683,922
ADJRESSL,regime-changey,eta0.25x,2.613167,0.014263,0.007679,922
ADJRESSL,regime-changey,eta0.5x,2.608682,0.014259,0.005944,922
ADJRESSL,regime-changey,eta2x,2.605471,0.014332,0.006117,922
ADJRESSL,regime-changey,eta4x,2.605377,0.014330,0.006117,922
ABGT80AAVOL,stationary,eta1.0x,-4.657121,14.087954,0.009800,1000
ABGT80AAVOL,stationary,eta0.25x,-4.657461,14.086137,0.009400,1000
ABGT80AAVOL,stationary,eta0.5x,-4.657227,14.087223,0.009400,1000
ABGT80AAVOL,stationary,eta2x,-4.657231,14.089175,0.009200,1000
ABGT80AAVOL,stationary,eta4x,-4.656644,14.088016,0.009400,1000
ABSSD678FRBCLE,regime-changey,eta1.0x,2.563364,0.014675,0.012600,1000
ABSSD678FRBCLE,regime-changey,eta0.25x,2.560804,0.014721,0.012400,1000
ABSSD678FRBCLE,regime-changey,eta0.5x,2.561939,0.014688,0.012600,1000
ABSSD678FRBCLE,regime-changey,eta2x,2.562574,0.014679,0.012600,1000
ABSSD678FRBCLE,regime-changey,eta4x,2.562709,0.014679,0.012800,1000
ADPWCDMANERSA,regime-changey,eta1.0x,7.219381,0.000113,0.013671,553
ADPWCDMANERSA,regime-changey,eta0.25x,7.222244,0.000112,0.013562,553
ADPWCDMANERSA,regime-changey,eta0.5x,7.222622,0.000112,0.013201,553
ADPWCDMANERSA,regime-changey,eta2x,7.217953,0.000113,0.016203,553
ADPWCDMANERSA,regime-changey,eta4x,7.217654,0.000113,0.016456,553
ADPWCDMANERNSA,stationary,eta1.0x,4.819930,0.001082,0.009946,553
ADPWCDMANERNSA,stationary,eta0.25x,4.822127,0.001080,0.010669,553
ADPWCDMANERNSA,stationary,eta0.5x,4.819259,0.001082,0.010307,553
ADPWCDMANERNSA,stationary,eta2x,4.821277,0.001082,0.010669,553
ADPWCDMANERNSA,stationary,eta4x,4.821147,0.001082,0.010669,553
ADPWCDMTNERSA,regime-changey,eta1.0x,7.151585,0.000121,0.019349,553
ADPWCDMTNERSA,regime-changey,eta0.25x,7.157015,0.000120,0.024304,553
ADPWCDMTNERSA,regime-changey,eta0.5x,7.157461,0.000120,0.023472,553
ADPWCDMTNERSA,regime-changey,eta2x,7.139880,0.000122,0.023074,553
ADPWCDMTNERSA,regime-changey,eta4x,7.136758,0.000122,0.024521,553
ADPWCDMTNERNSA,stationary,eta1.0x,4.915011,0.000987,0.016709,553
ADPWCDMTNERNSA,stationary,eta0.25x,4.924029,0.000982,0.020181,553
ADPWCDMTNERNSA,stationary,eta0.5x,4.917351,0.000987,0.019602,553
ADPWCDMTNERNSA,stationary,eta2x,4.913389,0.000983,0.016709,553
ADPWCDMTNERNSA,stationary,eta4x,4.912930,0.000981,0.015986,553
ADPWCDNENERSA,regime-changey,eta1.0x,7.271234,0.000123,0.030778,553
ADPWCDNENERSA,regime-changey,eta0.25x,7.287055,0.000121,0.039711,553
ADPWCDNENERSA,regime-changey,eta0.5x,7.274413,0.000122,0.032477,553
ADPWCDNENERSA,regime-changey,eta2x,7.274308,0.000123,0.027052,553
ADPWCDNENERSA,regime-changey,eta4x,7.275372,0.000123,0.027414,553
ADPWCDNENERNSA,stationary,eta1.0x,4.985511,0.000912,0.018734,553
ADPWCDNENERNSA,stationary,eta0.25x,4.999206,0.000908,0.018734,553
ADPWCDNENERNSA,stationary,eta0.5x,4.987631,0.000911,0.018373,553
ADPWCDNENERNSA,stationary,eta2x,4.985081,0.000913,0.017649,553
ADPWCDNENERNSA,stationary,eta4x,4.981968,0.000916,0.016926,553
ADPWCDPCNERNSA,regime-changey,eta1.0x,4.573928,0.001474,0.018011,553
ADPWCDPCNERNSA,regime-changey,eta0.25x,4.582961,0.001478,0.018011,553
ADPWCDPCNERNSA,regime-changey,eta0.5x,4.569481,0.001481,0.019711,553
ADPWCDPCNERNSA,regime-changey,eta2x,4.578375,0.001471,0.017902,553
ADPWCDPCNERNSA,regime-changey,eta4x,4.576201,0.001474,0.018626,553
ADPWCDSANERSA,regime-changey,eta1.0x,7.559590,0.000088,0.012839,553
ADPWCDSANERSA,regime-changey,eta0.25x,7.564595,0.000088,0.013562,553
ADPWCDSANERSA,regime-changey,eta0.5x,7.561084,0.000088,0.012839,553
ADPWCDSANERSA,regime-changey,eta2x,7.559270,0.000088,0.011754,553
ADPWCDSANERSA,regime-changey,eta4x,7.559647,0.000088,0.012116,553
ADPWCDPCNERSA,regime-changey,eta1.0x,6.797190,0.000181,0.013562,553
ADPWCDPCNERSA,regime-changey,eta0.25x,6.790358,0.000181,0.009801,553
ADPWCDPCNERSA,regime-changey,eta0.5x,6.793468,0.000181,0.012586,553
ADPWCDPCNERSA,regime-changey,eta2x,6.798406,0.000181,0.016203,553
ADPWCDPCNERSA,regime-changey,eta4x,6.798336,0.000181,0.016564,553
ADPWCDSANERNSA,stationary,eta1.0x,5.319853,0.000678,0.018264,553
ADPWCDSANERNSA,stationary,eta0.25x,5.317633,0.000681,0.018264,553
ADPWCDSANERNSA,stationary,eta0.5x,5.316560,0.000680,0.019349,553
ADPWCDSANERNSA,stationary,eta2x,5.319377,0.000675,0.017541,553
ADPWCDSANERNSA,stationary,eta4x,5.321194,0.000674,0.016817,553
ADPWCDWNCNERSA,regime-changey,eta1.0x,7.732205,0.000092,0.039458,553
ADPWCDWNCNERSA,regime-changey,eta0.25x,7.729255,0.000092,0.038626,553
ADPWCDWNCNERSA,regime-changey,eta0.5x,7.731578,0.000092,0.037541,553
ADPWCDWNCNERSA,regime-changey,eta2x,7.731161,0.000092,0.043436,553
ADPWCDWNCNERSA,regime-changey,eta4x,7.729644,0.000092,0.044159,553
ADPWCDWSCNERSA,regime-changey,eta1.0x,7.506556,0.000088,0.031899,553
ADPWCDWSCNERSA,regime-changey,eta0.25x,7.505869,0.000088,0.029005,553
ADPWCDWSCNERSA,regime-changey,eta0.5x,7.505675,0.000088,0.031899,553
ADPWCDWSCNERSA,regime-changey,eta2x,7.507139,0.000088,0.031899,553
ADPWCDWSCNERSA,regime-changey,eta4x,7.511528,0.000087,0.031175,553
ADPWCDWNCNERNSA,stationary,eta1.0x,5.194640,0.000741,0.012839,553
ADPWCDWNCNERNSA,stationary,eta0.25x,5.188460,0.000745,0.011971,553
ADPWCDWNCNERNSA,stationary,eta0.5x,5.193436,0.000744,0.011863,553
ADPWCDWNCNERNSA,stationary,eta2x,5.203919,0.000738,0.010922,553
ADPWCDWNCNERNSA,stationary,eta4x,5.206055,0.000736,0.010524,553
ADPWCDWSCNERNSA,regime-changey,eta1.0x,5.256058,0.000727,0.010307,553
ADPWCDWSCNERNSA,regime-changey,eta0.25x,5.261204,0.000724,0.010778,553
ADPWCDWSCNERNSA,regime-changey,eta0.5x,5.256871,0.000728,0.010416,553
ADPWCDWSCNERNSA,regime-changey,eta2x,5.257718,0.000725,0.012839,553
ADPWCDWSCNERNSA,regime-changey,eta4x,5.259155,0.000724,0.013671,553
ADPWES1T19ENERNSA,regime-changey,eta1.0x,5.367145,0.000774,0.012116,553
ADPWES1T19ENERNSA,regime-changey,eta0.25x,5.369803,0.000771,0.010886,553
ADPWES1T19ENERNSA,regime-changey,eta0.5x,5.368963,0.000772,0.011863,553
ADPWES1T19ENERNSA,regime-changey,eta2x,5.363177,0.000775,0.012839,553
ADPWES1T19ENERNSA,regime-changey,eta4x,5.358715,0.000776,0.012586,553
ADPWES1T19ENERSA,regime-changey,eta1.0x,7.278861,0.000127,0.021772,553
ADPWES1T19ENERSA,regime-changey,eta0.25x,7.281299,0.000127,0.019349,553
ADPWES1T19ENERSA,regime-changey,eta0.5x,7.282942,0.000127,0.020072,553
ADPWES1T19ENERSA,regime-changey,eta2x,7.276772,0.000128,0.023942,553
ADPWES1T19ENERSA,regime-changey,eta4x,7.276461,0.000128,0.025497,553
ADPWES20T49ENERNSA,regime-changey,eta1.0x,5.363920,0.000813,0.013201,553
ADPWES20T49ENERNSA,regime-changey,eta0.25x,5.363115,0.000815,0.012477,553
ADPWES20T49ENERNSA,regime-changey,eta0.5x,5.363848,0.000814,0.013201,553
ADPWES20T49ENERNSA,regime-changey,eta2x,5.363946,0.000813,0.012839,553
ADPWES20T49ENERNSA,regime-changey,eta4x,5.363988,0.000813,0.012839,553
ADPWES20T49ENERSA,regime-changey,eta1.0x,7.458372,0.000105,0.022242,553
ADPWES20T49ENERSA,regime-changey,eta0.25x,7.446242,0.000106,0.022604,553
ADPWES20T49ENERSA,regime-changey,eta0.5x,7.453025,0.000105,0.022604,553
ADPWES20T49ENERSA,regime-changey,eta2x,7.458505,0.000105,0.024521,553
ADPWES20T49ENERSA,regime-changey,eta4x,7.458456,0.000105,0.026691,553
ADPWES250T499ENERSA,regime-changey,eta1.0x,7.330916,0.000110,0.041881,553
ADPWES250T499ENERSA,regime-changey,eta0.25x,7.347451,0.000107,0.042604,553
ADPWES250T499ENERSA,regime-changey,eta0.5x,7.336833,0.000109,0.045497,553
ADPWES250T499ENERSA,regime-changey,eta2x,7.323266,0.000112,0.041157,553
ADPWES250T499ENERSA,regime-changey,eta4x,7.314209,0.000114,0.041157,553
ADPWES250T499ENERNSA,regime-changey,eta1.0x,5.234907,0.000784,0.014033,553
ADPWES250T499ENERNSA,regime-changey,eta0.25x,5.249162,0.000761,0.010524,553
ADPWES250T499ENERNSA,regime-changey,eta0.5x,5.246567,0.000767,0.011971,553
ADPWES250T499ENERNSA,regime-changey,eta2x,5.225312,0.000789,0.012586,553
ADPWES250T499ENERNSA,regime-changey,eta4x,5.224749,0.000791,0.013562,553
ADPWES500PENERSA,regime-changey,eta1.0x,7.063465,0.000127,0.007269,553
ADPWES500PENERSA,regime-changey,eta0.25x,7.062844,0.000128,0.006799,553
ADPWES500PENERSA,regime-changey,eta0.5x,7.063252,0.000127,0.006655,553
ADPWES500PENERSA,regime-changey,eta2x,7.060751,0.000128,0.009222,553
ADPWES500PENERSA,regime-changey,eta4x,7.060583,0.000128,0.010307,553
ADPWES500PENERNSA,stationary,eta1.0x,4.632387,0.001317,0.020181,553
ADPWES500PENERNSA,stationary,eta0.25x,4.629838,0.001322,0.021881,553
ADPWES500PENERNSA,stationary,eta0.5x,4.630087,0.001321,0.021627,553
ADPWES500PENERNSA,stationary,eta2x,4.634496,0.001313,0.019458,553
ADPWES500PENERNSA,stationary,eta4x,4.633521,0.001311,0.019096,553
ADPWES50T249ENERNSA,stationary,eta1.0x,5.478178,0.000576,0.009078,553
ADPWES50T249ENERNSA,stationary,eta0.25x,5.485724,0.000571,0.009078,553
ADPWES50T249ENERNSA,stationary,eta0.5x,5.482243,0.000573,0.009078,553
ADPWES50T249ENERNSA,stationary,eta2x,5.477432,0.000576,0.009801,553
ADPWES50T249ENERNSA,stationary,eta4x,5.477013,0.000577,0.009801,553
ADPWES50T249ENERSA,regime-changey,eta1.0x,7.742603,0.000073,0.013562,553
ADPWES50T249ENERSA,regime-changey,eta0.25x,7.741302,0.000074,0.015732,553
ADPWES50T249ENERSA,regime-changey,eta0.5x,7.741781,0.000073,0.014647,553
ADPWES50T249ENERSA,regime-changey,eta2x,7.742669,0.000073,0.013562,553
ADPWES50T249ENERSA,regime-changey,eta4x,7.743864,0.000073,0.013562,553
ADPWINDCONNERSA,regime-changey,eta1.0x,7.130110,0.000122,0.049367,553
ADPWINDCONNERSA,regime-changey,eta0.25x,7.151909,0.000118,0.049729,553
ADPWINDCONNERSA,regime-changey,eta0.5x,7.139978,0.000120,0.051067,553
ADPWINDCONNERSA,regime-changey,eta2x,7.121622,0.000123,0.049005,553
ADPWINDCONNERSA,regime-changey,eta4x,7.120012,0.000124,0.048282,553
ADPWINDCONNERNSA,stationary,eta1.0x,5.019659,0.000877,0.012477,553
ADPWINDCONNERNSA,stationary,eta0.25x,5.010713,0.000884,0.011609,553
ADPWINDCONNERNSA,stationary,eta0.5x,5.012475,0.000881,0.011754,553
ADPWINDCONNERNSA,stationary,eta2x,5.022140,0.000877,0.012948,553
ADPWINDCONNERNSA,stationary,eta4x,5.020960,0.000877,0.012948,553
ADPWINDEDHLTNERSA,regime-changey,eta1.0x,7.750890,0.000068,0.028861,553
ADPWINDEDHLTNERSA,regime-changey,eta0.25x,7.759266,0.000067,0.041157,553
ADPWINDEDHLTNERSA,regime-changey,eta0.5x,7.754858,0.000068,0.036094,553
ADPWINDEDHLTNERSA,regime-changey,eta2x,7.749849,0.000068,0.028137,553
ADPWINDEDHLTNERSA,regime-changey,eta4x,7.749742,0.000068,0.028608,553
ADPWINDEDHLTNERNSA,stationary,eta1.0x,5.515189,0.000543,0.004991,553
ADPWINDEDHLTNERNSA,stationary,eta0.25x,5.481668,0.000559,0.006799,553
ADPWINDEDHLTNERNSA,stationary,eta0.5x,5.507526,0.000547,0.005967,553
ADPWINDEDHLTNERNSA,stationary,eta2x,5.519228,0.000540,0.004991,553
ADPWINDEDHLTNERNSA,stationary,eta4x,5.522093,0.000539,0.007161,553
ADPWINDFINNERNSA,regime-changey,eta1.0x,5.234874,0.000801,0.009801,553
ADPWINDFINNERNSA,regime-changey,eta0.25x,5.238150,0.000805,0.010778,553
ADPWINDFINNERNSA,regime-changey,eta0.5x,5.237137,0.000802,0.012116,553
ADPWINDFINNERNSA,regime-changey,eta2x,5.234374,0.000799,0.009693,553
ADPWINDFINNERNSA,regime-changey,eta4x,5.235884,0.000798,0.011248,553
ADPWINDFINNERSA,regime-changey,eta1.0x,7.158645,0.000205,0.028354,553
ADPWINDFINNERSA,regime-changey,eta0.25x,7.184623,0.000201,0.033924,553
ADPWINDFINNERSA,regime-changey,eta0.5x,7.171476,0.000204,0.030778,553
ADPWINDFINNERSA,regime-changey,eta2x,7.154763,0.000205,0.028246,553
ADPWINDFINNERSA,regime-changey,eta4x,7.145124,0.000207,0.026799,553
ADPWINDINFONERNSA,stationary,eta1.0x,4.766469,0.001361,0.025967,553
ADPWINDINFONERNSA,stationary,eta0.25x,4.764448,0.001364,0.028752,553
ADPWINDINFONERNSA,stationary,eta0.5x,4.763973,0.001363,0.028752,553
ADPWINDINFONERNSA,stationary,eta2x,4.755470,0.001371,0.022712,553
ADPWINDINFONERNSA,stationary,eta4x,4.745253,0.001382,0.023797,553
ADPWINDINFONERSA,regime-changey,eta1.0x,6.591982,0.000290,0.026329,553
ADPWINDINFONERSA,regime-changey,eta0.25x,6.591729,0.000287,0.029584,553
ADPWINDINFONERSA,regime-changey,eta0.5x,6.590936,0.000289,0.028137,553
ADPWINDINFONERSA,regime-changey,eta2x,6.592834,0.000290,0.025027,553
ADPWINDINFONERSA,regime-changey,eta4x,6.593231,0.000290,0.025136,553
ADPWINDLSHPNERSA,regime-changey,eta1.0x,7.375949,0.000089,0.031646,553
ADPWINDLSHPNERSA,regime-changey,eta0.25x,7.374616,0.000089,0.024521,553
ADPWINDLSHPNERSA,regime-changey,eta0.5x,7.375701,0.000089,0.028861,553
ADPWINDLSHPNERSA,regime-changey,eta2x,7.375009,0.000089,0.032369,553
ADPWINDLSHPNERSA,regime-changey,eta4x,7.374563,0.000089,0.038987,553
ADPWINDLSHPNERNSA,stationary,eta1.0x,4.970302,0.000929,0.005714,553
ADPWINDLSHPNERNSA,stationary,eta0.25x,4.964800,0.000930,0.005967,553
ADPWINDLSHPNERNSA,stationary,eta0.5x,4.969970,0.000929,0.005714,553
ADPWINDLSHPNERNSA,stationary,eta2x,4.970435,0.000929,0.006076,553
ADPWINDLSHPNERNSA,stationary,eta4x,4.970533,0.000929,0.006438,553
ADPWINDMANNERSA,regime-changey,eta1.0x,7.765553,0.000090,0.016203,553
ADPWINDMANNERSA,regime-changey,eta0.25x,7.772500,0.000089,0.026691,553
ADPWINDMANNERSA,regime-changey,eta0.5x,7.768887,0.000090,0.020542,553
ADPWINDMANNERSA,regime-changey,eta2x,7.760969,0.000090,0.017649,553
ADPWINDMANNERSA,regime-changey,eta4x,7.757883,0.000090,0.019096,553
ADPWINDMANNERNSA,stationary,eta1.0x,5.578616,0.000515,0.010054,553
ADPWINDMANNERNSA,stationary,eta0.25x,5.575034,0.000515,0.010199,553
ADPWINDMANNERNSA,stationary,eta0.5x,5.571327,0.000517,0.010307,553
ADPWINDMANNERNSA,stationary,eta2x,5.582298,0.000513,0.010669,553
ADPWINDMANNERNSA,stationary,eta4x,5.581932,0.000513,0.010561,553
ADPWINDNRMINNERSA,stationary,eta1.0x,6.400097,0.000398,0.019241,553
ADPWINDNRMINNERSA,stationary,eta0.25x,6.381677,0.000398,0.031031,553
ADPWINDNRMINNERSA,stationary,eta0.5x,6.397700,0.000399,0.020434,553
ADPWINDNRMINNERSA,stationary,eta2x,6.401110,0.000398,0.019241,553
ADPWINDNRMINNERSA,stationary,eta4x,6.399150,0.000398,0.019241,553
ADPWINDNRMINNERNSA,stationary,eta1.0x,4.199827,0.001990,0.008137,553
ADPWINDNRMINNERNSA,stationary,eta0.25x,4.199972,0.001990,0.008029,553
ADPWINDNRMINNERNSA,stationary,eta0.5x,4.200268,0.001990,0.007776,553
ADPWINDNRMINNERNSA,stationary,eta2x,4.199711,0.001990,0.008137,553
ADPWINDNRMINNERNSA,stationary,eta4x,4.199507,0.001990,0.008137,553
ADPWINDOTHSRVNERNSA,stationary,eta1.0x,5.017243,0.001023,0.015009,553
ADPWINDOTHSRVNERNSA,stationary,eta0.25x,5.010968,0.001028,0.013816,553
ADPWINDOTHSRVNERNSA,stationary,eta0.5x,5.017032,0.001021,0.014394,553
ADPWINDOTHSRVNERNSA,stationary,eta2x,5.016909,0.001024,0.015009,553
ADPWINDOTHSRVNERNSA,stationary,eta4x,5.016817,0.001024,0.015009,553
ADPWINDOTHSRVNERSA,regime-changey,eta1.0x,6.922200,0.000241,0.016094,553
ADPWINDOTHSRVNERSA,regime-changey,eta0.25x,6.912182,0.000240,0.020289,553
ADPWINDOTHSRVNERSA,regime-changey,eta0.5x,6.917701,0.000241,0.017902,553
ADPWINDOTHSRVNERSA,regime-changey,eta2x,6.920864,0.000241,0.017541,553
ADPWINDOTHSRVNERSA,regime-changey,eta4x,6.919294,0.000241,0.017541,553
ADPWINDPROBUSNERSA,regime-changey,eta1.0x,7.224603,0.000114,0.011754,553
ADPWINDPROBUSNERSA,regime-changey,eta0.25x,7.293499,0.000108,0.012839,553
ADPWINDPROBUSNERSA,regime-changey,eta0.5x,7.271484,0.000109,0.011284,553
ADPWINDPROBUSNERSA,regime-changey,eta2x,7.211291,0.000116,0.011139,553
ADPWINDPROBUSNERSA,regime-changey,eta4x,7.207492,0.000116,0.011392,553
ADPWINDPROBUSNERNSA,stationary,eta1.0x,5.084852,0.000835,0.012369,553
ADPWINDPROBUSNERNSA,stationary,eta0.25x,5.080690,0.000840,0.009693,553
ADPWINDPROBUSNERNSA,stationary,eta0.5x,5.087101,0.000836,0.011646,553
ADPWINDPROBUSNERNSA,stationary,eta2x,5.084175,0.000836,0.012369,553
ADPWINDPROBUSNERNSA,stationary,eta4x,5.081462,0.000838,0.009584,553
ADPWINDTTUNERSA,regime-changey,eta1.0x,6.741779,0.000180,0.009837,553
ADPWINDTTUNERSA,regime-changey,eta0.25x,6.743950,0.000180,0.007559,553
ADPWINDTTUNERSA,regime-changey,eta0.5x,6.744004,0.000180,0.008752,553
ADPWINDTTUNERSA,regime-changey,eta2x,6.740497,0.000180,0.008752,553
ADPWINDTTUNERSA,regime-changey,eta4x,6.739474,0.000180,0.006944,553
ADPWINDTTUNERNSA,stationary,eta1.0x,4.394944,0.001692,0.024412,553
ADPWINDTTUNERNSA,stationary,eta0.25x,4.399598,0.001688,0.021157,553
ADPWINDTTUNERNSA,stationary,eta0.5x,4.395617,0.001692,0.025136,553
ADPWINDTTUNERNSA,stationary,eta2x,4.395325,0.001692,0.024412,553
ADPWINDTTUNERNSA,stationary,eta4x,4.395381,0.001692,0.024412,553
ADPWNUSNERSA,regime-changey,eta1.0x,7.919230,0.000061,0.010778,553
ADPWNUSNERSA,regime-changey,eta0.25x,7.920170,0.000061,0.009584,553
ADPWNUSNERSA,regime-changey,eta0.5x,7.919234,0.000061,0.009584,553
ADPWNUSNERSA,regime-changey,eta2x,7.919421,0.000061,0.012948,553
ADPWNUSNERSA,regime-changey,eta4x,7.919854,0.000061,0.014394,553
ADPWNUSNERNSA,stationary,eta1.0x,5.586553,0.000503,0.008246,553
ADPWNUSNERNSA,stationary,eta0.25x,5.586382,0.000503,0.007052,553
ADPWNUSNERNSA,stationary,eta0.5x,5.586362,0.000503,0.007884,553
ADPWNUSNERNSA,stationary,eta2x,5.586758,0.000503,0.008246,553
ADPWNUSNERNSA,stationary,eta4x,5.586791,0.000503,0.007884,553
AHECONS,stationary,eta1.0x,3.848847,0.002922,0.012404,653
AHECONS,stationary,eta0.25x,3.854032,0.002895,0.011884,653
AHECONS,stationary,eta0.5x,3.848962,0.002915,0.012496,653
AHECONS,stationary,eta2x,3.849513,0.002923,0.011792,653
AHECONS,stationary,eta4x,3.849455,0.002923,0.011792,653
AHEMAN,stationary,eta1.0x,4.046238,0.002766,0.007423,749
AHEMAN,stationary,eta0.25x,4.044720,0.002762,0.006862,749
AHEMAN,stationary,eta0.5x,4.044336,0.002767,0.006862,749
AHEMAN,stationary,eta2x,4.046726,0.002765,0.007957,749
AHEMAN,stationary,eta4x,4.047133,0.002765,0.007156,749
ALLACBW027NBOG,regime-changey,eta1.0x,3.677913,0.004470,0.041837,588
ALLACBW027NBOG,regime-changey,eta0.25x,3.660138,0.004596,0.043537,588
ALLACBW027NBOG,regime-changey,eta0.5x,3.672153,0.004512,0.041837,588
ALLACBW027NBOG,regime-changey,eta2x,3.679958,0.004461,0.040816,588
ALLACBW027NBOG,regime-changey,eta4x,3.679376,0.004460,0.040816,588
ALLACBW027SBOG,regime-changey,eta1.0x,4.041403,0.003869,0.008348,587
ALLACBW027SBOG,regime-changey,eta0.25x,4.029896,0.003961,0.007325,587
ALLACBW027SBOG,regime-changey,eta0.5x,4.035732,0.003904,0.007666,587
ALLACBW027SBOG,regime-changey,eta2x,4.044110,0.003855,0.008927,587
ALLACBW027SBOG,regime-changey,eta4x,4.043396,0.003850,0.009949,587
AKCCLAIMS,stationary,eta1.0x,1.739873,0.024856,0.018000,1000
AKCCLAIMS,stationary,eta0.25x,1.740439,0.024869,0.018000,1000
AKCCLAIMS,stationary,eta0.5x,1.740496,0.024869,0.018000,1000
AKCCLAIMS,stationary,eta2x,1.740001,0.024857,0.018000,1000
AKCCLAIMS,stationary,eta4x,1.739980,0.024857,0.018000,1000
AKICLAIMS,stationary,eta1.0x,0.476755,0.086923,0.021000,1000
AKICLAIMS,stationary,eta0.25x,0.477049,0.086932,0.020600,1000
AKICLAIMS,stationary,eta0.5x,0.476930,0.086923,0.020800,1000
AKICLAIMS,stationary,eta2x,0.477042,0.086931,0.021000,1000
AKICLAIMS,stationary,eta4x,0.476487,0.086921,0.020600,1000
AKINSUREDUR,stationary,eta1.0x,1.388840,0.035445,0.007600,1000
AKINSUREDUR,stationary,eta0.25x,1.390568,0.035365,0.007600,1000
AKINSUREDUR,stationary,eta0.5x,1.388340,0.035430,0.007800,1000
AKINSUREDUR,stationary,eta2x,1.388503,0.035453,0.007800,1000
AKINSUREDUR,stationary,eta4x,1.388357,0.035450,0.007400,1000
ALCCLAIMS,stationary,eta1.0x,1.443410,0.037944,0.023600,1000
ALCCLAIMS,stationary,eta0.25x,1.448510,0.037662,0.025000,1000
ALCCLAIMS,stationary,eta0.5x,1.451291,0.037581,0.024000,1000
ALCCLAIMS,stationary,eta2x,1.418066,0.038330,0.024000,1000
ALCCLAIMS,stationary,eta4x,1.409376,0.038232,0.024600,1000
ALLDCBW027NBOG,regime-changey,eta1.0x,3.683713,0.004456,0.043537,588
ALLDCBW027NBOG,regime-changey,eta0.25x,3.665387,0.004578,0.044218,588
ALLDCBW027NBOG,regime-changey,eta0.5x,3.677361,0.004496,0.043878,588
ALLDCBW027NBOG,regime-changey,eta2x,3.684970,0.004447,0.042517,588
ALLDCBW027NBOG,regime-changey,eta4x,3.684654,0.004447,0.041837,588
ALICLAIMS,stationary,eta1.0x,0.130458,0.123837,0.011600,1000
ALICLAIMS,stationary,eta0.25x,0.101225,0.125422,0.008000,1000
ALICLAIMS,stationary,eta0.5x,0.123341,0.124194,0.011000,1000
ALICLAIMS,stationary,eta2x,0.131768,0.123740,0.011600,1000
ALICLAIMS,stationary,eta4x,0.132696,0.123738,0.011600,1000
ALINSUREDUR,stationary,eta1.0x,1.586523,0.038257,0.029200,1000
ALINSUREDUR,stationary,eta0.25x,1.589725,0.037945,0.033200,1000
ALINSUREDUR,stationary,eta0.5x,1.590663,0.037911,0.031800,1000
ALINSUREDUR,stationary,eta2x,1.561124,0.038613,0.028000,1000
ALINSUREDUR,stationary,eta4x,1.551693,0.038506,0.027200,1000
ALLDCBW027SBOG,regime-changey,eta1.0x,4.041374,0.003893,0.012041,588
ALLDCBW027SBOG,regime-changey,eta0.25x,4.033866,0.003938,0.005170,588
ALLDCBW027SBOG,regime-changey,eta0.5x,4.039703,0.003898,0.007279,588
ALLDCBW027SBOG,regime-changey,eta2x,4.038222,0.003914,0.013401,588
ALLDCBW027SBOG,regime-changey,eta4x,4.035508,0.003946,0.012381,588
ALLFRIW027SBOG,regime-changey,eta1.0x,1.925624,0.022867,0.025374,588
ALLFRIW027SBOG,regime-changey,eta0.25x,1.942051,0.022621,0.028776,588
ALLFRIW027SBOG,regime-changey,eta0.5x,1.932754,0.022782,0.027755,588
ALLFRIW027SBOG,regime-changey,eta2x,1.921681,0.022961,0.024694,588
ALLFRIW027SBOG,regime-changey,eta4x,1.920473,0.022988,0.025034,588
ALLSCBW027NBOG,regime-changey,eta1.0x,3.669141,0.004072,0.039728,588
ALLSCBW027NBOG,regime-changey,eta0.25x,3.683327,0.003966,0.039048,588
ALLSCBW027NBOG,regime-changey,eta0.5x,3.676930,0.003997,0.039388,588
ALLSCBW027NBOG,regime-changey,eta2x,3.663471,0.004122,0.039116,588
ALLSCBW027NBOG,regime-changey,eta4x,3.663184,0.004127,0.038095,588
ALLSCBW027SBOG,regime-changey,eta1.0x,3.696403,0.004213,0.017687,588
ALLSCBW027SBOG,regime-changey,eta0.25x,3.716049,0.004084,0.020816,588
ALLSCBW027SBOG,regime-changey,eta0.5x,3.699909,0.004229,0.019728,588
ALLSCBW027SBOG,regime-changey,eta2x,3.699744,0.004205,0.018707,588
ALLSCBW027SBOG,regime-changey,eta4x,3.702353,0.004199,0.019048,588
ALTO042NAN,stationary,eta1.0x,3.388214,0.005810,0.015189,582
ALTO042NAN,stationary,eta0.25x,3.396610,0.005760,0.018282,582
ALTO042NAN,stationary,eta0.5x,3.391100,0.005787,0.015876,582
ALTO042NAN,stationary,eta2x,3.383180,0.005848,0.015120,582
ALTO042NAN,stationary,eta4x,3.379213,0.005879,0.014502,582
ALNAN,stationary,eta1.0x,3.816011,0.003465,0.023209,748
ALNAN,stationary,eta0.25x,3.752538,0.003645,0.028075,748
ALNAN,stationary,eta0.5x,3.788277,0.003533,0.026417,748
ALNAN,stationary,eta2x,3.826784,0.003437,0.021925,748
ALNAN,stationary,eta4x,3.831360,0.003424,0.021123,748
AMBNS,regime-changey,eta1.0x,3.423236,0.005788,0.012321,922
AMBNS,regime-changey,eta0.25x,3.390059,0.005926,0.011236,922
AMBNS,regime-changey,eta0.5x,3.423230,0.005823,0.012928,922
AMBNS,regime-changey,eta2x,3.403606,0.005867,0.012061,922
AMBNS,regime-changey,eta4x,3.379465,0.005943,0.012321,922
ALLLCBW027NBOG,regime-changey,eta1.0x,3.467594,0.005855,0.031200,1000
ALLLCBW027NBOG,regime-changey,eta0.25x,3.473293,0.005821,0.030400,1000
ALLLCBW027NBOG,regime-changey,eta0.5x,3.468699,0.005853,0.031200,1000
ALLLCBW027NBOG,regime-changey,eta2x,3.468198,0.005845,0.031600,1000
ALLLCBW027NBOG,regime-changey,eta4x,3.468304,0.005845,0.031600,1000
ALLLCBW027SBOG,regime-changey,eta1.0x,3.680040,0.004904,0.014600,1000
ALLLCBW027SBOG,regime-changey,eta0.25x,3.678240,0.004930,0.011200,1000
ALLLCBW027SBOG,regime-changey,eta0.5x,3.679500,0.004910,0.012600,1000
ALLLCBW027SBOG,regime-changey,eta2x,3.678445,0.004904,0.015000,1000
ALLLCBW027SBOG,regime-changey,eta4x,3.677902,0.004905,0.015200,1000
AMBSL,regime-changey,eta1.0x,3.727914,0.005396,0.007158,922
AMBSL,regime-changey,eta0.25x,3.729023,0.005448,0.006334,922
AMBSL,regime-changey,eta0.5x,3.729810,0.005414,0.006768,922
AMBSL,regime-changey,eta2x,3.727107,0.005395,0.005857,922
AMBSL,regime-changey,eta4x,3.726410,0.005398,0.006508,922
ANFCI,regime-changey,eta1.0x,3.002509,0.009734,0.012600,1000
ANFCI,regime-changey,eta0.25x,3.004741,0.009742,0.012600,1000
ANFCI,regime-changey,eta0.5x,3.004450,0.009736,0.012400,1000
ANFCI,regime-changey,eta2x,3.002650,0.009737,0.011800,1000
ANFCI,regime-changey,eta4x,3.002490,0.009738,0.012200,1000
AOLACBW027NBOG,stationary,eta1.0x,3.406160,0.004684,0.013000,1000
AOLACBW027NBOG,stationary,eta0.25x,3.395197,0.004699,0.012200,1000
AOLACBW027NBOG,stationary,eta0.5x,3.403003,0.004689,0.010400,1000
AOLACBW027NBOG,stationary,eta2x,3.406491,0.004680,0.012600,1000
AOLACBW027NBOG,stationary,eta4x,3.406265,0.004682,0.012200,1000
AOLACBW027SBOG,regime-changey,eta1.0x,3.753413,0.003421,0.010000,1000
AOLACBW027SBOG,regime-changey,eta0.25x,3.754156,0.003414,0.011800,1000
AOLACBW027SBOG,regime-changey,eta0.5x,3.751806,0.003425,0.010600,1000
AOLACBW027SBOG,regime-changey,eta2x,3.755039,0.003420,0.009800,1000
AOLACBW027SBOG,regime-changey,eta4x,3.756041,0.003420,0.009200,1000
AOLDCBW027NBOG,stationary,eta1.0x,3.292154,0.005324,0.012800,1000
AOLDCBW027NBOG,stationary,eta0.25x,3.295125,0.005316,0.016200,1000
AOLDCBW027NBOG,stationary,eta0.5x,3.295230,0.005312,0.013400,1000
AOLDCBW027NBOG,stationary,eta2x,3.292250,0.005325,0.013600,1000
AOLDCBW027NBOG,stationary,eta4x,3.291991,0.005324,0.013800,1000
AOLDCBW027SBOG,regime-changey,eta1.0x,3.654938,0.003891,0.012800,1000
AOLDCBW027SBOG,regime-changey,eta0.25x,3.651804,0.003899,0.015800,1000
AOLDCBW027SBOG,regime-changey,eta0.5x,3.653414,0.003893,0.013800,1000
AOLDCBW027SBOG,regime-changey,eta2x,3.656535,0.003888,0.013200,1000
AOLDCBW027SBOG,regime-changey,eta4x,3.656687,0.003886,0.013000,1000
AOLFRIW027NBOG,stationary,eta1.0x,3.093491,0.006165,0.007400,1000
AOLFRIW027NBOG,stationary,eta0.25x,3.095024,0.006151,0.008400,1000
AOLFRIW027NBOG,stationary,eta0.5x,3.095606,0.006152,0.008000,1000
AOLFRIW027NBOG,stationary,eta2x,3.094543,0.006168,0.007200,1000
AOLFRIW027NBOG,stationary,eta4x,3.095228,0.006168,0.007800,1000
AOLFRIW027SBOG,stationary,eta1.0x,3.227542,0.005514,0.007200,1000
AOLFRIW027SBOG,stationary,eta0.25x,3.229488,0.005509,0.009200,1000
AOLFRIW027SBOG,stationary,eta0.5x,3.228295,0.005512,0.007400,1000
AOLFRIW027SBOG,stationary,eta2x,3.226617,0.005521,0.007200,1000
AOLFRIW027SBOG,stationary,eta4x,3.224740,0.005533,0.007200,1000
AOLLCBW027NBOG,regime-changey,eta1.0x,3.270442,0.005627,0.012400,1000
AOLLCBW027NBOG,regime-changey,eta0.25x,3.272487,0.005613,0.015000,1000
AOLLCBW027NBOG,regime-changey,eta0.5x,3.272141,0.005620,0.012800,1000
AOLLCBW027NBOG,regime-changey,eta2x,3.269884,0.005628,0.012800,1000
AOLLCBW027NBOG,regime-changey,eta4x,3.268157,0.005634,0.013000,1000
AOLLCBW027SBOG,regime-changey,eta1.0x,3.541578,0.004465,0.011800,1000
AOLLCBW027SBOG,regime-changey,eta0.25x,3.542250,0.004468,0.014200,1000
AOLLCBW027SBOG,regime-changey,eta0.5x,3.540808,0.004463,0.012200,1000
AOLLCBW027SBOG,regime-changey,eta2x,3.539263,0.004466,0.011800,1000
AOLLCBW027SBOG,regime-changey,eta4x,3.539132,0.004465,0.011400,1000
AOLSCBW027SBOG,stationary,eta1.0x,3.466034,0.004399,0.011400,1000
AOLSCBW027SBOG,stationary,eta0.25x,3.473126,0.004344,0.020200,1000
AOLSCBW027SBOG,stationary,eta0.5x,3.466843,0.004390,0.013000,1000
AOLSCBW027SBOG,stationary,eta2x,3.467054,0.004396,0.011200,1000
AOLSCBW027SBOG,stationary,eta4x,3.467351,0.004397,0.011800,1000
AOLSCBW027NBOG,stationary,eta1.0x,3.020324,0.006699,0.013000,1000
AOLSCBW027NBOG,stationary,eta0.25x,3.027625,0.006630,0.013600,1000
AOLSCBW027NBOG,stationary,eta0.5x,3.022960,0.006672,0.012800,1000
AOLSCBW027NBOG,stationary,eta2x,3.020037,0.006702,0.014400,1000
AOLSCBW027NBOG,stationary,eta4x,3.019936,0.006704,0.014600,1000
ASBORR,stationary,eta1.0x,-0.970035,0.363474,0.012538,587
ASBORR,stationary,eta0.25x,-0.958436,0.359231,0.012879,587
ASBORR,stationary,eta0.5x,-0.962443,0.360786,0.013901,587
ASBORR,stationary,eta2x,-0.974455,0.365035,0.012334,587
ASBORR,stationary,eta4x,-0.975661,0.365383,0.012777,587
ARNAN,stationary,eta1.0x,4.018286,0.002691,0.008533,750
ARNAN,stationary,eta0.25x,4.018685,0.002691,0.008800,750
ARNAN,stationary,eta0.5x,4.018451,0.002691,0.008533,750
ARNAN,stationary,eta2x,4.018194,0.002691,0.008533,750
ARNAN,stationary,eta4x,4.018163,0.002691,0.008533,750
ARCCLAIMS,stationary,eta1.0x,1.292567,0.039120,0.015800,1000
ARCCLAIMS,stationary,eta0.25x,1.349075,0.037232,0.019400,1000
ARCCLAIMS,stationary,eta0.5x,1.296312,0.038932,0.016400,1000
ARCCLAIMS,stationary,eta2x,1.292346,0.039175,0.016000,1000
ARCCLAIMS,stationary,eta4x,1.292602,0.039213,0.016200,1000
AUSPERMITMISMEI,stationary,eta1.0x,1.335714,0.036065,0.010189,530
AUSPERMITMISMEI,stationary,eta0.25x,1.337216,0.036004,0.009434,530
AUSPERMITMISMEI,stationary,eta0.5x,1.336662,0.036025,0.009811,530
AUSPERMITMISMEI,stationary,eta2x,1.334870,0.036107,0.009434,530
AUSPERMITMISMEI,stationary,eta4x,1.334414,0.036122,0.009434,530
AUSODCNPI03GPSAM,stationary,eta1.0x,-3.414649,4.231139,0.008829,555
AUSODCNPI03GPSAM,stationary,eta0.25x,-3.414805,4.230976,0.008829,555
AUSODCNPI03GPSAM,stationary,eta0.5x,-3.414593,4.231157,0.008829,555
AUSODCNPI03GPSAM,stationary,eta2x,-3.414037,4.231128,0.008829,555
AUSODCNPI03GPSAM,stationary,eta4x,-3.414064,4.231121,0.008829,555
AUSODCNPI03GYSAM,stationary,eta1.0x,-3.724615,5.678983,0.013971,544
AUSODCNPI03GYSAM,stationary,eta0.25x,-3.721643,5.659789,0.013382,544
AUSODCNPI03GYSAM,stationary,eta0.5x,-3.722689,5.667739,0.013235,544
AUSODCNPI03GYSAM,stationary,eta2x,-3.725756,5.686756,0.012500,544
AUSODCNPI03GYSAM,stationary,eta4x,-3.725900,5.688595,0.012868,544
ARICLAIMS,stationary,eta1.0x,0.133546,0.119660,0.011200,1000
ARICLAIMS,stationary,eta0.25x,0.132271,0.119675,0.011600,1000
ARICLAIMS,stationary,eta0.5x,0.132361,0.119647,0.011400,1000
ARICLAIMS,stationary,eta2x,0.133573,0.119664,0.011200,1000
ARICLAIMS,stationary,eta4x,0.133617,0.119664,0.011200,1000
AUSSPASTT01GYM,regime-changey,eta1.0x,-3.159291,3.307892,0.011238,509
AUSSPASTT01GYM,regime-changey,eta0.25x,-3.162223,3.313000,0.009234,509
AUSSPASTT01GYM,regime-changey,eta0.5x,-3.158601,3.310375,0.012417,509
AUSSPASTT01GYM,regime-changey,eta2x,-3.158678,3.305293,0.011238,509
AUSSPASTT01GYM,regime-changey,eta4x,-3.158180,3.302965,0.010845,509
ARINSUREDUR,stationary,eta1.0x,1.335901,0.039438,0.018600,1000
ARINSUREDUR,stationary,eta0.25x,1.395920,0.037650,0.024000,1000
ARINSUREDUR,stationary,eta0.5x,1.337669,0.039381,0.018200,1000
ARINSUREDUR,stationary,eta2x,1.338232,0.039399,0.017400,1000
ARINSUREDUR,stationary,eta4x,1.338370,0.039398,0.017400,1000
AUSXTEXVA01CXMLM,stationary,eta1.0x,1.158522,0.041808,0.018311,533
AUSXTEXVA01CXMLM,stationary,eta0.25x,1.173574,0.041104,0.016923,533
AUSXTEXVA01CXMLM,stationary,eta0.5x,1.164114,0.041492,0.016548,533
AUSXTEXVA01CXMLM,stationary,eta2x,1.155927,0.041997,0.019437,533
AUSXTEXVA01CXMLM,stationary,eta4x,1.154686,0.042094,0.018574,533
AUSXTIMVA01CXMLM,stationary,eta1.0x,1.018376,0.049107,0.017186,533
AUSXTIMVA01CXMLM,stationary,eta0.25x,1.018237,0.049185,0.016698,533
AUSXTIMVA01CXMLM,stationary,eta0.5x,1.018912,0.049122,0.017561,533
AUSXTIMVA01CXMLM,stationary,eta2x,1.018347,0.049104,0.016811,533
AUSXTIMVA01CXMLM,stationary,eta4x,1.018384,0.049104,0.016811,533
AUTCP010000IXOBM,stationary,eta1.0x,3.661418,0.003543,0.012885,506
AUTCP010000IXOBM,stationary,eta0.25x,3.671418,0.003531,0.013676,506
AUTCP010000IXOBM,stationary,eta0.5x,3.666775,0.003542,0.013676,506
AUTCP010000IXOBM,stationary,eta2x,3.661446,0.003543,0.012885,506
AUTCP010000IXOBM,stationary,eta4x,3.661501,0.003543,0.012885,506
AUTCPIALLMINMEI,stationary,eta1.0x,4.510185,0.001625,0.011858,506
AUTCPIALLMINMEI,stationary,eta0.25x,4.509954,0.001625,0.012253,506
AUTCPIALLMINMEI,stationary,eta0.5x,4.510356,0.001625,0.011462,506
AUTCPIALLMINMEI,stationary,eta2x,4.510064,0.001625,0.011858,506
AUTCPIALLMINMEI,stationary,eta4x,4.510383,0.001625,0.011858,506
AURUKM,regime-changey,eta1.0x,3.368591,0.018885,0.017400,1000
AURUKM,regime-changey,eta0.25x,3.366444,0.018534,0.017400,1000
AURUKM,regime-changey,eta0.5x,3.367724,0.018768,0.017800,1000
AURUKM,regime-changey,eta2x,3.369740,0.018905,0.017000,1000
AURUKM,regime-changey,eta4x,3.369523,0.018899,0.016000,1000
AUTLCEAMN01GPSAM,regime-changey,eta1.0x,-1.537917,1.293203,0.009071,538
AUTLCEAMN01GPSAM,regime-changey,eta0.25x,-1.559791,1.298838,0.007138,538
AUTLCEAMN01GPSAM,regime-changey,eta0.5x,-1.543317,1.294187,0.009368,538
AUTLCEAMN01GPSAM,regime-changey,eta2x,-1.538204,1.293040,0.008996,538
AUTLCEAMN01GPSAM,regime-changey,eta4x,-1.539797,1.293292,0.009368,538
AUTPRINTO01IXOBM,stationary,eta1.0x,2.249489,0.014392,0.010476,525
AUTPRINTO01IXOBM,stationary,eta0.25x,2.249558,0.014392,0.010476,525
AUTPRINTO01IXOBM,stationary,eta0.5x,2.249509,0.014392,0.010476,525
AUTPRINTO01IXOBM,stationary,eta2x,2.249483,0.014392,0.010476,525
AUTPRINTO01IXOBM,stationary,eta4x,2.249470,0.014392,0.010476,525
AUTPRINTO01GPSAM,stationary,eta1.0x,-2.179000,1.225923,0.011712,555
AUTPRINTO01GPSAM,stationary,eta0.25x,-2.179513,1.225806,0.011171,555
AUTPRINTO01GPSAM,stationary,eta0.5x,-2.178054,1.225708,0.011171,555
AUTPRINTO01GPSAM,stationary,eta2x,-2.178846,1.225923,0.011712,555
AUTPRINTO01GPSAM,stationary,eta4x,-2.178946,1.225922,0.011712,555
AUTPRINTO01GYSAM,stationary,eta1.0x,-2.398324,1.495447,0.011029,544
AUTPRINTO01GYSAM,stationary,eta0.25x,-2.397269,1.496089,0.011029,544
AUTPRINTO01GYSAM,stationary,eta0.5x,-2.396909,1.495295,0.011029,544
AUTPRINTO01GYSAM,stationary,eta2x,-2.398761,1.495531,0.011029,544
AUTPRINTO01GYSAM,stationary,eta4x,-2.398080,1.495307,0.011029,544
AUINTDGT,regime-changey,eta1.0x,-4.025813,14.089683,0.010000,1000
AUINTDGT,regime-changey,eta0.25x,-4.009871,13.852903,0.010000,1000
AUINTDGT,regime-changey,eta0.5x,-4.024508,14.084865,0.010400,1000
AUINTDGT,regime-changey,eta2x,-4.025304,14.089270,0.010000,1000
AUINTDGT,regime-changey,eta4x,-4.025002,14.087143,0.010400,1000
AUTPRMNTO01GPSAM,stationary,eta1.0x,-2.292656,1.388007,0.012192,543
AUTPRMNTO01GPSAM,stationary,eta0.25x,-2.291259,1.387910,0.012192,543
AUTPRMNTO01GPSAM,stationary,eta0.5x,-2.292560,1.388060,0.012192,543
AUTPRMNTO01GPSAM,stationary,eta2x,-2.291992,1.388006,0.012192,543
AUTPRMNTO01GPSAM,stationary,eta4x,-2.290381,1.387909,0.012192,543
AUTPRMNTO01GYSAM,stationary,eta1.0x,-2.545185,1.745675,0.009624,532
AUTPRMNTO01GYSAM,stationary,eta0.25x,-2.540487,1.745347,0.010977,532
AUTPRMNTO01GYSAM,stationary,eta0.5x,-2.544205,1.745803,0.009173,532
AUTPRMNTO01GYSAM,stationary,eta2x,-2.542634,1.745865,0.009248,532
AUTPRMNTO01GYSAM,stationary,eta4x,-2.543573,1.746030,0.008797,532
AUTPRMNTO01IXOBM,stationary,eta1.0x,2.107171,0.016664,0.009279,513
AUTPRMNTO01IXOBM,stationary,eta0.25x,2.107061,0.016665,0.009279,513
AUTPRMNTO01IXOBM,stationary,eta0.5x,2.107117,0.016664,0.009279,513
AUTPRMNTO01IXOBM,stationary,eta2x,2.107211,0.016664,0.009279,513
AUTPRMNTO01IXOBM,stationary,eta4x,2.107217,0.016664,0.009279,513
AUSXTNTVA01CXMLM,regime-changey,eta1.0x,-19.998815,612840667.169204,0.023677,533
AUSXTNTVA01CXMLM,regime-changey,eta0.25x,-19.999368,723641697.736174,0.043452,533
AUSXTNTVA01CXMLM,regime-changey,eta0.5x,-19.999343,651721476.385070,0.029193,533
AUSXTNTVA01CXMLM,regime-changey,eta2x,-19.991961,600849088.957424,0.026191,533
AUSXTNTVA01CXMLM,regime-changey,eta4x,-19.999956,592079936.683894,0.011332,533
AUTPROINDMISMEI,stationary,eta1.0x,2.589730,0.010206,0.020000,525
AUTPROINDMISMEI,stationary,eta0.25x,2.589123,0.010224,0.019619,525
AUTPROINDMISMEI,stationary,eta0.5x,2.589026,0.010215,0.019238,525
AUTPROINDMISMEI,stationary,eta2x,2.590607,0.010196,0.020000,525
AUTPROINDMISMEI,stationary,eta4x,2.591115,0.010191,0.020000,525
AUTPROMANMISMEI,stationary,eta1.0x,2.460311,0.011704,0.026823,513
AUTPROMANMISMEI,stationary,eta0.25x,2.461890,0.011704,0.025926,513
AUTPROMANMISMEI,stationary,eta0.5x,2.460666,0.011706,0.025926,513
AUTPROMANMISMEI,stationary,eta2x,2.460553,0.011697,0.027212,513
AUTPROMANMISMEI,stationary,eta4x,2.460862,0.011693,0.027602,513
AUTXTEXVA01CXMLM,stationary,eta1.0x,1.133430,0.043287,0.009850,532
AUTXTEXVA01CXMLM,stationary,eta0.25x,1.133514,0.043285,0.009850,532
AUTXTEXVA01CXMLM,stationary,eta0.5x,1.133584,0.043287,0.009774,532
AUTXTEXVA01CXMLM,stationary,eta2x,1.133286,0.043287,0.009474,532
AUTXTEXVA01CXMLM,stationary,eta4x,1.133298,0.043287,0.009850,532
AUTSPASTT01GYM,stationary,eta1.0x,-3.617217,5.040183,0.013589,521
AUTSPASTT01GYM,stationary,eta0.25x,-3.617436,5.040311,0.013589,521
AUTSPASTT01GYM,stationary,eta0.5x,-3.616534,5.040045,0.013589,521
AUTSPASTT01GYM,stationary,eta2x,-3.617123,5.040175,0.013589,521
AUTSPASTT01GYM,stationary,eta4x,-3.617150,5.040194,0.013589,521
AUTXTIMVA01CXMLM,stationary,eta1.0x,1.073937,0.046499,0.012782,532
AUTXTIMVA01CXMLM,stationary,eta0.25x,1.087753,0.045505,0.013910,532
AUTXTIMVA01CXMLM,stationary,eta0.5x,1.080584,0.046138,0.014662,532
AUTXTIMVA01CXMLM,stationary,eta2x,1.069201,0.046753,0.014286,532
AUTXTIMVA01CXMLM,stationary,eta4x,1.066669,0.046882,0.014286,532
AWOTMAN,stationary,eta1.0x,3.631613,0.016865,0.061101,545
AWOTMAN,stationary,eta0.25x,3.603831,0.017007,0.073211,545
AWOTMAN,stationary,eta0.5x,3.620772,0.016922,0.065505,545
AWOTMAN,stationary,eta2x,3.631075,0.016872,0.060734,545
AWOTMAN,stationary,eta4x,3.629307,0.016891,0.061651,545
AWHMAN,stationary,eta1.0x,4.895902,0.002870,0.028465,749
AWHMAN,stationary,eta0.25x,4.861609,0.002900,0.045020,749
AWHMAN,stationary,eta0.5x,4.877306,0.002883,0.038611,749
AWHMAN,stationary,eta2x,4.901819,0.002859,0.026836,749
AWHMAN,stationary,eta4x,4.901853,0.002858,0.026836,749
B039RC1M027SBEA,stationary,eta1.0x,3.800734,0.003337,0.010980,510
B039RC1M027SBEA,stationary,eta0.25x,3.836829,0.003170,0.007843,510
B039RC1M027SBEA,stationary,eta0.5x,3.812238,0.003295,0.008235,510
B039RC1M027SBEA,stationary,eta2x,3.800735,0.003342,0.011765,510
B039RC1M027SBEA,stationary,eta4x,3.799414,0.003339,0.011373,510
B040RC1M027SBEA,regime-changey,eta1.0x,5.101209,0.001063,0.011417,508
B040RC1M027SBEA,regime-changey,eta0.25x,5.101548,0.001063,0.011024,508
B040RC1M027SBEA,regime-changey,eta0.5x,5.092700,0.001063,0.011417,508
B040RC1M027SBEA,regime-changey,eta2x,5.102087,0.001063,0.011024,508
B040RC1M027SBEA,regime-changey,eta4x,5.100107,0.001062,0.011024,508
AZNAN,stationary,eta1.0x,3.891917,0.002977,0.013369,748
AZNAN,stationary,eta0.25x,3.891596,0.002978,0.013102,748
AZNAN,stationary,eta0.5x,3.891905,0.002977,0.013369,748
AZNAN,stationary,eta2x,3.891968,0.002977,0.013102,748
AZNAN,stationary,eta4x,3.891967,0.002977,0.013102,748
AUTXTNTVA01CXMLM,stationary,eta1.0x,-19.958779,198125706.358463,0.009398,532
AUTXTNTVA01CXMLM,stationary,eta0.25x,-19.928690,196213019.195475,0.015038,532
AUTXTNTVA01CXMLM,stationary,eta0.5x,-19.949456,197748315.518878,0.009023,532
AUTXTNTVA01CXMLM,stationary,eta2x,-19.960761,198032706.276556,0.009774,532
AUTXTNTVA01CXMLM,stationary,eta4x,-19.960775,198013832.181940,0.010150,532
B042RC1,regime-changey,eta1.0x,-2.814975,3.487735,0.007638,508
B042RC1,regime-changey,eta0.25x,-2.797066,3.466223,0.009134,508
B042RC1,regime-changey,eta0.5x,-2.805437,3.476756,0.009843,508
B042RC1,regime-changey,eta2x,-2.821109,3.494736,0.006929,508
B042RC1,regime-changey,eta4x,-2.824234,3.498337,0.006378,508
B069RC1,regime-changey,eta1.0x,3.286248,0.005984,0.013386,508
B069RC1,regime-changey,eta0.25x,3.277502,0.006022,0.014173,508
B069RC1,regime-changey,eta0.5x,3.283728,0.005988,0.014646,508
B069RC1,regime-changey,eta2x,3.286987,0.005985,0.012992,508
B069RC1,regime-changey,eta4x,3.287066,0.005989,0.012992,508
B202RC1,regime-changey,eta1.0x,4.739825,0.001250,0.007165,508
B202RC1,regime-changey,eta0.25x,4.748792,0.001241,0.004724,508
B202RC1,regime-changey,eta0.5x,4.744981,0.001244,0.005118,508
B202RC1,regime-changey,eta2x,4.733270,0.001255,0.008661,508
B202RC1,regime-changey,eta4x,4.730399,0.001258,0.009843,508
B931RC1,regime-changey,eta1.0x,2.598852,0.016139,0.013333,510
B931RC1,regime-changey,eta0.25x,2.604746,0.015738,0.014510,510
B931RC1,regime-changey,eta0.5x,2.600857,0.015953,0.013725,510
B931RC1,regime-changey,eta2x,2.596790,0.016234,0.012941,510
B931RC1,regime-changey,eta4x,2.597187,0.016256,0.012549,510
AZCCLAIMS,regime-changey,eta1.0x,1.934555,0.021558,0.013600,1000
AZCCLAIMS,regime-changey,eta0.25x,1.935656,0.021504,0.014000,1000
AZCCLAIMS,regime-changey,eta0.5x,1.934329,0.021544,0.013600,1000
AZCCLAIMS,regime-changey,eta2x,1.934520,0.021557,0.013600,1000
AZCCLAIMS,regime-changey,eta4x,1.934623,0.021557,0.013600,1000
AZICLAIMS,stationary,eta1.0x,0.459140,0.088494,0.018400,1000
AZICLAIMS,stationary,eta0.25x,0.459025,0.088491,0.018600,1000
AZICLAIMS,stationary,eta0.5x,0.459154,0.088498,0.018600,1000
AZICLAIMS,stationary,eta2x,0.459473,0.088500,0.018400,1000
AZICLAIMS,stationary,eta4x,0.459675,0.088502,0.018600,1000
AZINSUREDUR,regime-changey,eta1.0x,2.066177,0.022089,0.009200,1000
AZINSUREDUR,regime-changey,eta0.25x,2.068459,0.022061,0.009000,1000
AZINSUREDUR,regime-changey,eta0.5x,2.066729,0.022088,0.009200,1000
AZINSUREDUR,regime-changey,eta2x,2.066152,0.022091,0.009200,1000
AZINSUREDUR,regime-changey,eta4x,2.066584,0.022091,0.009200,1000
BAA10YM,stationary,eta1.0x,1.261615,0.040018,0.012111,578
BAA10YM,stationary,eta0.25x,1.251345,0.040462,0.011765,578
BAA10YM,stationary,eta0.5x,1.252432,0.040309,0.011073,578
BAA10YM,stationary,eta2x,1.264955,0.039835,0.014187,578
BAA10YM,stationary,eta4x,1.266886,0.039753,0.014533,578
BAKE506NAN,stationary,eta1.0x,3.630806,0.003710,0.015356,534
BAKE506NAN,stationary,eta0.25x,3.631107,0.003710,0.014981,534
BAKE506NAN,stationary,eta0.5x,3.630065,0.003710,0.014981,534
BAKE506NAN,stationary,eta2x,3.631051,0.003710,0.014981,534
BAKE506NAN,stationary,eta4x,3.631240,0.003710,0.014981,534
BAAFFM,regime-changey,eta1.0x,-0.317599,0.211770,0.008597,563
BAAFFM,regime-changey,eta0.25x,-0.312836,0.209634,0.009165,563
BAAFFM,regime-changey,eta0.5x,-0.316517,0.211075,0.008348,563
BAAFFM,regime-changey,eta2x,-0.318236,0.212093,0.008703,563
BAAFFM,regime-changey,eta4x,-0.317026,0.211935,0.009059,563
BAA,regime-changey,eta1.0x,2.587691,0.012059,0.006390,989
BAA,regime-changey,eta0.25x,2.586723,0.012070,0.006411,989
BAA,regime-changey,eta0.5x,2.587706,0.012061,0.006977,989
BAA,regime-changey,eta2x,2.587275,0.012060,0.006370,989
BAA,regime-changey,eta4x,2.587155,0.012061,0.006572,989
BALT524NAN,stationary,eta1.0x,3.920801,0.002994,0.009206,630
BALT524NAN,stationary,eta0.25x,3.923120,0.002991,0.008889,630
BALT524NAN,stationary,eta0.5x,3.920910,0.002994,0.009206,630
BALT524NAN,stationary,eta2x,3.920632,0.002994,0.008889,630
BALT524NAN,stationary,eta4x,3.920611,0.002994,0.008889,630
BAA10Y,stationary,eta1.0x,3.162871,0.008929,0.021200,1000
BAA10Y,stationary,eta0.25x,3.170824,0.008870,0.027000,1000
BAA10Y,stationary,eta0.5x,3.162528,0.008928,0.021000,1000
BAA10Y,stationary,eta2x,3.162722,0.008929,0.021200,1000
BAA10Y,stationary,eta4x,3.162423,0.008929,0.021200,1000
BBUACBW027NBOG,stationary,eta1.0x,1.732868,0.031852,0.014710,809
BBUACBW027NBOG,stationary,eta0.25x,1.731697,0.031889,0.014190,809
BBUACBW027NBOG,stationary,eta0.5x,1.732722,0.031853,0.014710,809
BBUACBW027NBOG,stationary,eta2x,1.732533,0.031864,0.015204,809
BBUACBW027NBOG,stationary,eta4x,1.732259,0.031877,0.015451,809
BBUACBW027SBOG,stationary,eta1.0x,1.878803,0.028748,0.006304,809
BBUACBW027SBOG,stationary,eta0.25x,1.880769,0.028720,0.007021,809
BBUACBW027SBOG,stationary,eta0.5x,1.880179,0.028716,0.006774,809
BBUACBW027SBOG,stationary,eta2x,1.878342,0.028777,0.006057,809
BBUACBW027SBOG,stationary,eta4x,1.878093,0.028788,0.005538,809
BAAFF,stationary,eta1.0x,1.621725,0.035459,0.013200,1000
BAAFF,stationary,eta0.25x,1.628600,0.035376,0.012400,1000
BAAFF,stationary,eta0.5x,1.622575,0.035456,0.013200,1000
BAAFF,stationary,eta2x,1.622519,0.035459,0.013200,1000
BAAFF,stationary,eta4x,1.622181,0.035462,0.012800,1000
BBUDCBW027NBOG,regime-changey,eta1.0x,-3.520668,5.078406,0.009246,809
BBUDCBW027NBOG,regime-changey,eta0.25x,-3.519423,5.085139,0.009543,809
BBUDCBW027NBOG,regime-changey,eta0.5x,-3.521056,5.078705,0.009740,809
BBUDCBW027NBOG,regime-changey,eta2x,-3.521385,5.079137,0.009740,809
BBUDCBW027NBOG,regime-changey,eta4x,-3.520823,5.079234,0.009988,809
BBUDCBW027SBOG,regime-changey,eta1.0x,-3.420519,4.565005,0.011026,809
BBUDCBW027SBOG,regime-changey,eta0.25x,-3.416410,4.559803,0.012509,809
BBUDCBW027SBOG,regime-changey,eta0.5x,-3.416431,4.558371,0.011248,809
BBUDCBW027SBOG,regime-changey,eta2x,-3.423158,4.575593,0.011743,809
BBUDCBW027SBOG,regime-changey,eta4x,-3.422928,4.578327,0.011990,809
BBULCBW027NBOG,regime-changey,eta1.0x,-3.342095,4.101309,0.005315,809
BBULCBW027NBOG,regime-changey,eta0.25x,-3.340851,4.108047,0.008010,809
BBULCBW027NBOG,regime-changey,eta0.5x,-3.338486,4.090775,0.005810,809
BBULCBW027NBOG,regime-changey,eta2x,-3.345399,4.114700,0.006304,809
BBULCBW027NBOG,regime-changey,eta4x,-3.346942,4.121002,0.006082,809
BBULCBW027SBOG,regime-changey,eta1.0x,-3.255447,3.740495,0.005340,809
BBULCBW027SBOG,regime-changey,eta0.25x,-3.246450,3.723577,0.006551,809
BBULCBW027SBOG,regime-changey,eta0.5x,-3.255256,3.744986,0.005093,809
BBULCBW027SBOG,regime-changey,eta2x,-3.255663,3.738254,0.005834,809
BBULCBW027SBOG,regime-changey,eta4x,-3.255802,3.738141,0.005834,809
BBUSCBW027NBOG,regime-changey,eta1.0x,-2.302125,1.623246,0.009246,809
BBUSCBW027NBOG,regime-changey,eta0.25x,-2.308754,1.632982,0.011743,809
BBUSCBW027NBOG,regime-changey,eta0.5x,-2.305251,1.626073,0.009023,809
BBUSCBW027NBOG,regime-changey,eta2x,-2.302195,1.623581,0.008035,809
BBUSCBW027NBOG,regime-changey,eta4x,-2.301472,1.621976,0.007293,809
BBUFRIW027NBOG,regime-changey,eta1.0x,0.759034,0.073198,0.007000,1000
BBUFRIW027NBOG,regime-changey,eta0.25x,0.772286,0.072187,0.008600,1000
BBUFRIW027NBOG,regime-changey,eta0.5x,0.767348,0.072708,0.007800,1000
BBUFRIW027NBOG,regime-changey,eta2x,0.754015,0.073619,0.007800,1000
BBUFRIW027NBOG,regime-changey,eta4x,0.753794,0.073602,0.006600,1000
BBUFRIW027SBOG,regime-changey,eta1.0x,0.899758,0.065767,0.007800,1000
BBUFRIW027SBOG,regime-changey,eta0.25x,0.900534,0.065771,0.008000,1000
BBUFRIW027SBOG,regime-changey,eta0.5x,0.900095,0.065765,0.007800,1000
BBUFRIW027SBOG,regime-changey,eta2x,0.899709,0.065768,0.007800,1000
BBUFRIW027SBOG,regime-changey,eta4x,0.899735,0.065770,0.007800,1000
BBUSCBW027SBOG,regime-changey,eta1.0x,-2.238836,1.463357,0.009988,809
BBUSCBW027SBOG,regime-changey,eta0.25x,-2.237315,1.461847,0.011446,809
BBUSCBW027SBOG,regime-changey,eta0.5x,-2.238677,1.462940,0.011199,809
BBUSCBW027SBOG,regime-changey,eta2x,-2.239265,1.463551,0.010235,809
BBUSCBW027SBOG,regime-changey,eta4x,-2.240350,1.463597,0.010977,809
BC0DCBW027NBOG,regime-changey,eta1.0x,4.583262,0.001434,0.014200,1000
BC0DCBW027NBOG,regime-changey,eta0.25x,4.596572,0.001420,0.013200,1000
BC0DCBW027NBOG,regime-changey,eta0.5x,4.589768,0.001426,0.014400,1000
BC0DCBW027NBOG,regime-changey,eta2x,4.580211,0.001435,0.013600,1000
BC0DCBW027NBOG,regime-changey,eta4x,4.582375,0.001433,0.013000,1000
BC0DCBW027SBOG,regime-changey,eta1.0x,5.002554,0.001020,0.006400,1000
BC0DCBW027SBOG,regime-changey,eta0.25x,5.008524,0.001011,0.007600,1000
BC0DCBW027SBOG,regime-changey,eta0.5x,5.008574,0.001011,0.007400,1000
BC0DCBW027SBOG,regime-changey,eta2x,4.986358,0.001037,0.005000,1000
BC0DCBW027SBOG,regime-changey,eta4x,4.984553,0.001038,0.005200,1000
BELCPIALLMINMEI,stationary,eta1.0x,4.340899,0.001808,0.009982,543
BELCPIALLMINMEI,stationary,eta0.25x,4.343148,0.001804,0.011344,543
BELCPIALLMINMEI,stationary,eta0.5x,4.340626,0.001807,0.010976,543
BELCPIALLMINMEI,stationary,eta2x,4.341224,0.001808,0.008140,543
BELCPIALLMINMEI,stationary,eta4x,4.341089,0.001809,0.007772,543
BC0LCBW027NBOG,regime-changey,eta1.0x,4.406047,0.001720,0.011400,1000
BC0LCBW027NBOG,regime-changey,eta0.25x,4.417466,0.001700,0.008400,1000
BC0LCBW027NBOG,regime-changey,eta0.5x,4.414476,0.001709,0.011800,1000
BC0LCBW027NBOG,regime-changey,eta2x,4.406014,0.001721,0.011600,1000
BC0LCBW027NBOG,regime-changey,eta4x,4.406259,0.001721,0.011800,1000
BC0FRIW027NBOG,stationary,eta1.0x,3.517659,0.003965,0.011400,1000
BC0FRIW027NBOG,stationary,eta0.25x,3.523998,0.003953,0.009400,1000
BC0FRIW027NBOG,stationary,eta0.5x,3.526362,0.003938,0.009200,1000
BC0FRIW027NBOG,stationary,eta2x,3.517356,0.003964,0.011600,1000
BC0FRIW027NBOG,stationary,eta4x,3.517124,0.003964,0.011000,1000
BC0FRIW027SBOG,stationary,eta1.0x,3.616989,0.003625,0.011000,1000
BC0FRIW027SBOG,stationary,eta0.25x,3.618330,0.003605,0.012400,1000
BC0FRIW027SBOG,stationary,eta0.5x,3.619656,0.003598,0.012400,1000
BC0FRIW027SBOG,stationary,eta2x,3.615512,0.003637,0.010800,1000
BC0FRIW027SBOG,stationary,eta4x,3.614915,0.003638,0.010600,1000
BC0LCBW027SBOG,regime-changey,eta1.0x,4.742724,0.001301,0.009800,1000
BC0LCBW027SBOG,regime-changey,eta0.25x,4.752007,0.001292,0.010200,1000
BC0LCBW027SBOG,regime-changey,eta0.5x,4.746167,0.001297,0.009000,1000
BC0LCBW027SBOG,regime-changey,eta2x,4.742459,0.001301,0.009000,1000
BC0LCBW027SBOG,regime-changey,eta4x,4.741992,0.001301,0.009000,1000
BC0SCBW027NBOG,stationary,eta1.0x,4.691633,0.001316,0.015600,1000
BC0SCBW027NBOG,stationary,eta0.25x,4.697358,0.001311,0.013800,1000
BC0SCBW027NBOG,stationary,eta0.5x,4.691729,0.001315,0.015600,1000
BC0SCBW027NBOG,stationary,eta2x,4.690827,0.001316,0.015800,1000
BC0SCBW027NBOG,stationary,eta4x,4.691250,0.001316,0.015800,1000
BC0SCBW027SBOG,stationary,eta1.0x,4.948542,0.001069,0.013200,1000
BC0SCBW027SBOG,stationary,eta0.25x,4.952059,0.001064,0.012400,1000
BC0SCBW027SBOG,stationary,eta0.5x,4.949241,0.001068,0.013000,1000
BC0SCBW027SBOG,stationary,eta2x,4.948567,0.001068,0.013200,1000
BC0SCBW027SBOG,stationary,eta4x,4.948074,0.001068,0.013200,1000
BCPSUKM,stationary,eta1.0x,3.366236,0.005146,0.008551,842
BCPSUKM,stationary,eta0.25x,3.364797,0.005138,0.008789,842
BCPSUKM,stationary,eta0.5x,3.365499,0.005145,0.008266,842
BCPSUKM,stationary,eta2x,3.367789,0.005139,0.008551,842
BCPSUKM,stationary,eta4x,3.368590,0.005133,0.008314,842
BELPRINTO01IXOBM,stationary,eta1.0x,1.588828,0.028031,0.007925,530
BELPRINTO01IXOBM,stationary,eta0.25x,1.589340,0.028029,0.007170,530
BELPRINTO01IXOBM,stationary,eta0.5x,1.588714,0.028031,0.007925,530
BELPRINTO01IXOBM,stationary,eta2x,1.588798,0.028031,0.007925,530
BELPRINTO01IXOBM,stationary,eta4x,1.588535,0.028033,0.007547,530
BELPRINTO01GPSAM,regime-changey,eta1.0x,-2.736192,2.140652,0.008861,553
BELPRINTO01GPSAM,regime-changey,eta0.25x,-2.682465,2.001980,0.009584,553
BELPRINTO01GPSAM,regime-changey,eta0.5x,-2.718555,2.080841,0.009331,553
BELPRINTO01GPSAM,regime-changey,eta2x,-2.734907,2.143789,0.007161,553
BELPRINTO01GPSAM,regime-changey,eta4x,-2.734940,2.143806,0.007161,553
BELPRINTO01GYSAM,regime-changey,eta1.0x,-2.784118,2.296233,0.008487,542
BELPRINTO01GYSAM,regime-changey,eta0.25x,-2.766174,2.254757,0.005461,542
BELPRINTO01GYSAM,regime-changey,eta0.5x,-2.769177,2.264395,0.007011,542
BELPRINTO01GYSAM,regime-changey,eta2x,-2.787909,2.304135,0.009299,542
BELPRINTO01GYSAM,regime-changey,eta4x,-2.788346,2.304830,0.009668,542
BELPRMNTO01GPSAM,stationary,eta1.0x,-2.863171,2.384821,0.007544,517
BELPRMNTO01GPSAM,stationary,eta0.25x,-2.853678,2.363858,0.007930,517
BELPRMNTO01GPSAM,stationary,eta0.5x,-2.859509,2.375600,0.006499,517
BELPRMNTO01GPSAM,stationary,eta2x,-2.865614,2.391424,0.007930,517
BELPRMNTO01GPSAM,stationary,eta4x,-2.867417,2.396253,0.008317,517
BELPRMNTO01GYSAM,stationary,eta1.0x,-2.929341,2.581884,0.012411,506
BELPRMNTO01GYSAM,stationary,eta0.25x,-2.926626,2.580266,0.012648,506
BELPRMNTO01GYSAM,stationary,eta0.5x,-2.929236,2.582174,0.012016,506
BELPRMNTO01GYSAM,stationary,eta2x,-2.929926,2.580583,0.012411,506
BELPRMNTO01GYSAM,stationary,eta4x,-2.929757,2.580212,0.012016,506
BELPROINDMISMEI,stationary,eta1.0x,2.314751,0.013609,0.016226,530
BELPROINDMISMEI,stationary,eta0.25x,2.313084,0.013649,0.012830,530
BELPROINDMISMEI,stationary,eta0.5x,2.315440,0.013619,0.016226,530
BELPROINDMISMEI,stationary,eta2x,2.315607,0.013600,0.015472,530
BELPROINDMISMEI,stationary,eta4x,2.316245,0.013594,0.015094,530
BELSACRMISMEI,stationary,eta1.0x,0.927716,0.062283,0.012827,527
BELSACRMISMEI,stationary,eta0.25x,0.923596,0.062699,0.012713,527
BELSACRMISMEI,stationary,eta0.5x,0.925466,0.062483,0.011954,527
BELSACRMISMEI,stationary,eta2x,0.928891,0.062224,0.012713,527
BELSACRMISMEI,stationary,eta4x,0.928900,0.062221,0.012713,527
BELSLRTCR03GPSAM,regime-changey,eta1.0x,-4.013311,11.118972,0.011407,526
BELSLRTCR03GPSAM,regime-changey,eta0.25x,-4.008575,11.085304,0.010875,526
BELSLRTCR03GPSAM,regime-changey,eta0.5x,-4.011756,11.107129,0.010875,526
BELSLRTCR03GPSAM,regime-changey,eta2x,-4.014286,11.128793,0.011255,526
BELSLRTCR03GPSAM,regime-changey,eta4x,-4.014941,11.134180,0.011255,526
BELXTEXVA01CXMLM,stationary,eta1.0x,1.174718,0.041865,0.010827,532
BELXTEXVA01CXMLM,stationary,eta0.25x,1.174594,0.041862,0.010827,532
BELXTEXVA01CXMLM,stationary,eta0.5x,1.174395,0.041866,0.010827,532
BELXTEXVA01CXMLM,stationary,eta2x,1.174422,0.041863,0.010827,532
BELXTEXVA01CXMLM,stationary,eta4x,1.174597,0.041862,0.010827,532
BELSLRTCR03GYSAM,regime-changey,eta1.0x,-4.237334,13.612604,0.016893,515
BELSLRTCR03GYSAM,regime-changey,eta0.25x,-4.239967,13.545000,0.016505,515
BELSLRTCR03GYSAM,regime-changey,eta0.5x,-4.238142,13.591827,0.016893,515
BELSLRTCR03GYSAM,regime-changey,eta2x,-4.236824,13.617804,0.015340,515
BELSLRTCR03GYSAM,regime-changey,eta4x,-4.237294,13.641698,0.015728,515
BELXTIMVA01CXMLM,stationary,eta1.0x,1.235464,0.039154,0.006165,532
BELXTIMVA01CXMLM,stationary,eta0.25x,1.235471,0.039180,0.007293,532
BELXTIMVA01CXMLM,stationary,eta0.5x,1.235008,0.039164,0.006842,532
BELXTIMVA01CXMLM,stationary,eta2x,1.234962,0.039157,0.006767,532
BELXTIMVA01CXMLM,stationary,eta4x,1.235124,0.039159,0.006767,532
BFOACBW027NBOG,stationary,eta1.0x,2.647601,0.020157,0.009271,809
BFOACBW027NBOG,stationary,eta0.25x,2.645876,0.020146,0.010012,809
BFOACBW027NBOG,stationary,eta0.5x,2.649076,0.020136,0.008282,809
BFOACBW027NBOG,stationary,eta2x,2.647356,0.020170,0.009988,809
BFOACBW027NBOG,stationary,eta4x,2.646749,0.020156,0.008999,809
BFODCBW027NBOG,regime-changey,eta1.0x,-4.276476,11.458344,0.011520,809
BFODCBW027NBOG,regime-changey,eta0.25x,-4.271539,11.377387,0.009048,809
BFODCBW027NBOG,regime-changey,eta0.5x,-4.273598,11.424200,0.010556,809
BFODCBW027NBOG,regime-changey,eta2x,-4.278581,11.471563,0.010284,809
BFODCBW027NBOG,regime-changey,eta4x,-4.280014,11.486589,0.011273,809
BFODCBW027SBOG,regime-changey,eta1.0x,-4.069306,9.680267,0.009518,809
BFODCBW027SBOG,regime-changey,eta0.25x,-4.065776,9.600577,0.006279,809
BFODCBW027SBOG,regime-changey,eta0.5x,-4.066467,9.623359,0.008529,809
BFODCBW027SBOG,regime-changey,eta2x,-4.074908,9.775258,0.010507,809
BFODCBW027SBOG,regime-changey,eta4x,-4.075895,9.789388,0.009518,809
BELXTNTVA01CXMLM,regime-changey,eta1.0x,-20.000000,649944346.374199,0.030526,532
BELXTNTVA01CXMLM,regime-changey,eta0.25x,-20.000000,653053464.658574,0.034211,532
BELXTNTVA01CXMLM,regime-changey,eta0.5x,-20.000000,645891774.220708,0.031278,532
BELXTNTVA01CXMLM,regime-changey,eta2x,-20.000000,629128652.446860,0.030827,532
BELXTNTVA01CXMLM,regime-changey,eta4x,-20.000000,568797729.488978,0.028195,532
BFOLCBW027NBOG,regime-changey,eta1.0x,-4.092127,9.157481,0.008776,809
BFOLCBW027NBOG,regime-changey,eta0.25x,-4.086640,9.115569,0.012732,809
BFOLCBW027NBOG,regime-changey,eta0.5x,-4.090305,9.145282,0.009271,809
BFOLCBW027NBOG,regime-changey,eta2x,-4.092447,9.163692,0.009023,809
BFOLCBW027NBOG,regime-changey,eta4x,-4.092420,9.174007,0.009271,809
BFOLCBW027SBOG,regime-changey,eta1.0x,-3.884341,7.798287,0.007046,809
BFOLCBW027SBOG,regime-changey,eta0.25x,-3.883773,7.781522,0.004598,809
BFOLCBW027SBOG,regime-changey,eta0.5x,-3.883501,7.786165,0.004351,809
BFOLCBW027SBOG,regime-changey,eta2x,-3.886586,7.807261,0.006304,809
BFOLCBW027SBOG,regime-changey,eta4x,-3.887281,7.812827,0.006329,809
BOGMBASE,regime-changey,eta1.0x,2.948915,0.010373,0.012992,508
BOGMBASE,regime-changey,eta0.25x,2.948455,0.010337,0.013386,508
BOGMBASE,regime-changey,eta0.5x,2.949752,0.010355,0.012598,508
BOGMBASE,regime-changey,eta2x,2.948737,0.010390,0.012992,508
BOGMBASE,regime-changey,eta4x,2.948317,0.010413,0.012992,508
BFOFRIW027NBOG,regime-changey,eta1.0x,2.130279,0.023920,0.010200,1000
BFOFRIW027NBOG,regime-changey,eta0.25x,2.130500,0.023924,0.010800,1000
BFOFRIW027NBOG,regime-changey,eta0.5x,2.131134,0.023922,0.010600,1000
BFOFRIW027NBOG,regime-changey,eta2x,2.130845,0.023922,0.010200,1000
BFOFRIW027NBOG,regime-changey,eta4x,2.130399,0.023921,0.010400,1000
BFOSCBW027NBOG,stationary,eta1.0x,-2.979215,3.080930,0.011965,809
BFOSCBW027NBOG,stationary,eta0.25x,-2.983748,3.095066,0.010507,809
BFOSCBW027NBOG,stationary,eta0.5x,-2.981576,3.089880,0.010729,809
BFOSCBW027NBOG,stationary,eta2x,-2.978191,3.077738,0.010037,809
BFOSCBW027NBOG,stationary,eta4x,-2.978488,3.075181,0.010754,809
BFOFRIW027SBOG,regime-changey,eta1.0x,2.284643,0.021515,0.011000,1000
BFOFRIW027SBOG,regime-changey,eta0.25x,2.282766,0.021527,0.011200,1000
BFOFRIW027SBOG,regime-changey,eta0.5x,2.278849,0.021564,0.010800,1000
BFOFRIW027SBOG,regime-changey,eta2x,2.284592,0.021514,0.010200,1000
BFOFRIW027SBOG,regime-changey,eta4x,2.284150,0.021513,0.010400,1000
BOGMBBM,regime-changey,eta1.0x,1.478363,0.037806,0.026693,508
BOGMBBM,regime-changey,eta0.25x,1.498550,0.036302,0.024724,508
BOGMBBM,regime-changey,eta0.5x,1.488935,0.036973,0.025118,508
BOGMBBM,regime-changey,eta2x,1.465671,0.038557,0.028661,508
BOGMBBM,regime-changey,eta4x,1.458948,0.038766,0.029843,508
BFOSCBW027SBOG,regime-changey,eta1.0x,-2.759013,2.573468,0.010235,809
BFOSCBW027SBOG,regime-changey,eta0.25x,-2.759530,2.568513,0.010260,809
BFOSCBW027SBOG,regime-changey,eta0.5x,-2.758201,2.569271,0.010235,809
BFOSCBW027SBOG,regime-changey,eta2x,-2.758121,2.574825,0.009295,809
BFOSCBW027SBOG,regime-changey,eta4x,-2.759177,2.575686,0.011743,809
BORROW,stationary,eta1.0x,-0.725915,0.297236,0.023150,508
BORROW,stationary,eta0.25x,-0.724581,0.297191,0.023150,508
BORROW,stationary,eta0.5x,-0.726737,0.297336,0.023150,508
BORROW,stationary,eta2x,-0.724673,0.296999,0.023150,508
BORROW,stationary,eta4x,-0.723588,0.296833,0.023543,508
BOGMBASEW,regime-changey,eta1.0x,4.992241,0.006337,0.066200,1000
BOGMBASEW,regime-changey,eta0.25x,4.995555,0.006325,0.067200,1000
BOGMBASEW,regime-changey,eta0.5x,4.997562,0.006352,0.066200,1000
BOGMBASEW,regime-changey,eta2x,4.989820,0.006330,0.065200,1000
BOGMBASEW,regime-changey,eta4x,4.997836,0.006255,0.064600,1000
BOGMBBMW,regime-changey,eta1.0x,3.555145,0.024928,0.072000,1000
BOGMBBMW,regime-changey,eta0.25x,3.562322,0.025742,0.073400,1000
BOGMBBMW,regime-changey,eta0.5x,3.566768,0.025083,0.072400,1000
BOGMBBMW,regime-changey,eta2x,3.551781,0.024945,0.072000,1000
BOGMBBMW,regime-changey,eta4x,3.551397,0.024947,0.071800,1000
BOWACBW027NBOG,stationary,eta1.0x,2.702600,0.009070,0.008000,1000
BOWACBW027NBOG,stationary,eta0.25x,2.700500,0.009065,0.006600,1000
BOWACBW027NBOG,stationary,eta0.5x,2.701464,0.009069,0.006800,1000
BOWACBW027NBOG,stationary,eta2x,2.702039,0.009070,0.007600,1000
BOWACBW027NBOG,stationary,eta4x,2.700918,0.009069,0.007600,1000
BOWACBW027SBOG,stationary,eta1.0x,2.919180,0.007312,0.006200,1000
BOWACBW027SBOG,stationary,eta0.25x,2.923810,0.007297,0.007200,1000
BOWACBW027SBOG,stationary,eta0.5x,2.920225,0.007304,0.006400,1000
BOWACBW027SBOG,stationary,eta2x,2.918648,0.007316,0.006600,1000
BOWACBW027SBOG,stationary,eta4x,2.919895,0.007316,0.007000,1000
BORROWW,regime-changey,eta1.0x,1.878878,0.146371,0.053000,1000
BORROWW,regime-changey,eta0.25x,1.885778,0.147031,0.053400,1000
BORROWW,regime-changey,eta0.5x,1.879834,0.146359,0.052800,1000
BORROWW,regime-changey,eta2x,1.878164,0.146383,0.052600,1000
BORROWW,regime-changey,eta4x,1.877896,0.146389,0.052600,1000
BOWDCBW027NBOG,stationary,eta1.0x,2.663961,0.009495,0.006200,1000
BOWDCBW027NBOG,stationary,eta0.25x,2.665172,0.009494,0.006800,1000
BOWDCBW027NBOG,stationary,eta0.5x,2.664466,0.009496,0.006600,1000
BOWDCBW027NBOG,stationary,eta2x,2.662604,0.009496,0.005800,1000
BOWDCBW027NBOG,stationary,eta4x,2.664175,0.009496,0.005800,1000
BOWDCBW027SBOG,stationary,eta1.0x,2.867597,0.007842,0.003600,1000
BOWDCBW027SBOG,stationary,eta0.25x,2.864952,0.007836,0.005000,1000
BOWDCBW027SBOG,stationary,eta0.5x,2.866787,0.007838,0.005200,1000
BOWDCBW027SBOG,stationary,eta2x,2.866426,0.007845,0.004200,1000
BOWDCBW027SBOG,stationary,eta4x,2.866428,0.007845,0.004600,1000
BOWFRIW027NBOG,stationary,eta1.0x,2.065433,0.017314,0.011600,1000
BOWFRIW027NBOG,stationary,eta0.25x,2.066611,0.017298,0.011200,1000
BOWFRIW027NBOG,stationary,eta0.5x,2.065393,0.017313,0.011800,1000
BOWFRIW027NBOG,stationary,eta2x,2.065594,0.017314,0.011600,1000
BOWFRIW027NBOG,stationary,eta4x,2.065456,0.017315,0.011600,1000
BOWFRIW027SBOG,stationary,eta1.0x,2.238533,0.014487,0.012800,1000
BOWFRIW027SBOG,stationary,eta0.25x,2.240922,0.014468,0.013000,1000
BOWFRIW027SBOG,stationary,eta0.5x,2.239172,0.014481,0.013000,1000
BOWFRIW027SBOG,stationary,eta2x,2.239342,0.014489,0.012600,1000
BOWFRIW027SBOG,stationary,eta4x,2.239544,0.014489,0.012600,1000
BRMALR0101,stationary,eta1.0x,4.564863,0.004018,0.045603,721
BRMALR0101,stationary,eta0.25x,4.565286,0.004016,0.045326,721
BRMALR0101,stationary,eta0.5x,4.565179,0.004017,0.045326,721
BRMALR0101,stationary,eta2x,4.565611,0.004013,0.044771,721
BRMALR0101,stationary,eta4x,4.563468,0.004016,0.045326,721
BOWLCBW027NBOG,stationary,eta1.0x,2.589833,0.010292,0.007400,1000
BOWLCBW027NBOG,stationary,eta0.25x,2.592032,0.010259,0.006200,1000
BOWLCBW027NBOG,stationary,eta0.5x,2.590595,0.010291,0.007200,1000
BOWLCBW027NBOG,stationary,eta2x,2.590672,0.010292,0.007000,1000
BOWLCBW027NBOG,stationary,eta4x,2.590652,0.010292,0.007000,1000
BOWLCBW027SBOG,stationary,eta1.0x,2.749933,0.008705,0.006600,1000
BOWLCBW027SBOG,stationary,eta0.25x,2.750338,0.008642,0.004400,1000
BOWLCBW027SBOG,stationary,eta0.5x,2.753140,0.008640,0.006000,1000
BOWLCBW027SBOG,stationary,eta2x,2.749285,0.008723,0.006000,1000
BOWLCBW027SBOG,stationary,eta4x,2.748774,0.008723,0.005800,1000
BOWSCBW027NBOG,stationary,eta1.0x,2.508612,0.011180,0.006400,1000
BOWSCBW027NBOG,stationary,eta0.25x,2.515059,0.011126,0.006400,1000
BOWSCBW027NBOG,stationary,eta0.5x,2.510273,0.011162,0.005800,1000
BOWSCBW027NBOG,stationary,eta2x,2.507110,0.011197,0.006000,1000
BOWSCBW027NBOG,stationary,eta4x,2.506560,0.011205,0.006600,1000
BOWSCBW027SBOG,regime-changey,eta1.0x,2.714693,0.009223,0.007200,1000
BOWSCBW027SBOG,regime-changey,eta0.25x,2.715435,0.009223,0.007200,1000
BOWSCBW027SBOG,regime-changey,eta0.5x,2.711626,0.009223,0.007400,1000
BOWSCBW027SBOG,regime-changey,eta2x,2.712345,0.009226,0.005800,1000
BOWSCBW027SBOG,regime-changey,eta4x,2.709511,0.009232,0.006200,1000
BRMALR0102,stationary,eta1.0x,4.497524,0.003872,0.049000,1000
BRMALR0102,stationary,eta0.25x,4.489146,0.003887,0.052200,1000
BRMALR0102,stationary,eta0.5x,4.495290,0.003877,0.053800,1000
BRMALR0102,stationary,eta2x,4.503837,0.003862,0.046600,1000
BRMALR0102,stationary,eta4x,4.509582,0.003855,0.047600,1000
BRMCC01,regime-changey,eta1.0x,6.367728,0.001402,0.036600,1000
BRMCC01,regime-changey,eta0.25x,6.360031,0.001393,0.041000,1000
BRMCC01,regime-changey,eta0.5x,6.362598,0.001399,0.037400,1000
BRMCC01,regime-changey,eta2x,6.368240,0.001402,0.036000,1000
BRMCC01,regime-changey,eta4x,6.364633,0.001402,0.036400,1000
BSCICP03USM665S,stationary,eta1.0x,5.078969,0.000855,0.008027,588
BSCICP03USM665S,stationary,eta0.25x,5.080459,0.000854,0.006463,588
BSCICP03USM665S,stationary,eta0.5x,5.081039,0.000854,0.006463,588
BSCICP03USM665S,stationary,eta2x,5.078362,0.000856,0.008095,588
BSCICP03USM665S,stationary,eta4x,5.078278,0.000856,0.008776,588
BSOITE02USM460S,stationary,eta1.0x,-3.361937,3.850754,0.009725,545
BSOITE02USM460S,stationary,eta0.25x,-3.361564,3.851306,0.009541,545
BSOITE02USM460S,stationary,eta0.5x,-3.362682,3.851226,0.010092,545
BSOITE02USM460S,stationary,eta2x,-3.362276,3.850198,0.009725,545
BSOITE02USM460S,stationary,eta4x,-3.361907,3.849735,0.008991,545
BSCICP02USM460S,stationary,eta1.0x,-2.851618,2.341584,0.013031,617
BSCICP02USM460S,stationary,eta0.25x,-2.850837,2.341243,0.013355,617
BSCICP02USM460S,stationary,eta0.5x,-2.851053,2.340672,0.012707,617
BSCICP02USM460S,stationary,eta2x,-2.851476,2.343823,0.012058,617
BSCICP02USM460S,stationary,eta4x,-2.851186,2.346196,0.011183,617
BSPRTE02USM460S,stationary,eta1.0x,-3.277032,3.523927,0.010275,545
BSPRTE02USM460S,stationary,eta0.25x,-3.277541,3.524073,0.009908,545
BSPRTE02USM460S,stationary,eta0.5x,-3.277135,3.523762,0.009908,545
BSPRTE02USM460S,stationary,eta2x,-3.276732,3.523992,0.010642,545
BSPRTE02USM460S,stationary,eta4x,-3.275980,3.523465,0.009908,545
BRMCDS0101,stationary,eta1.0x,4.742349,0.010224,0.045600,1000
BRMCDS0101,stationary,eta0.25x,4.742012,0.010242,0.045800,1000
BRMCDS0101,stationary,eta0.5x,4.748467,0.010225,0.046000,1000
BRMCDS0101,stationary,eta2x,4.737257,0.010229,0.046200,1000
BRMCDS0101,stationary,eta4x,4.732981,0.010224,0.045600,1000
BRMCDS0102,stationary,eta1.0x,4.751221,0.007421,0.031800,1000
BRMCDS0102,stationary,eta0.25x,4.757870,0.007393,0.032600,1000
BRMCDS0102,stationary,eta0.5x,4.751853,0.007420,0.032000,1000
BRMCDS0102,stationary,eta2x,4.749224,0.007420,0.032400,1000
BRMCDS0102,stationary,eta4x,4.748167,0.007417,0.032600,1000
BRMTG0101,stationary,eta1.0x,2.542715,0.010977,0.006000,1000
BRMTG0101,stationary,eta0.25x,2.542665,0.011006,0.009600,1000
BRMTG0101,stationary,eta0.5x,2.541835,0.010984,0.008000,1000
BRMTG0101,stationary,eta2x,2.542988,0.010972,0.005800,1000
BRMTG0101,stationary,eta4x,2.542885,0.010974,0.006000,1000
BRMTG0102,stationary,eta1.0x,2.629440,0.010045,0.009400,1000
BRMTG0102,stationary,eta0.25x,2.633973,0.009998,0.012200,1000
BRMTG0102,stationary,eta0.5x,2.630949,0.010041,0.012200,1000
BRMTG0102,stationary,eta2x,2.629191,0.010046,0.009200,1000
BRMTG0102,stationary,eta4x,2.629864,0.010043,0.009200,1000
BUSAPPWNSAAK,stationary,eta1.0x,0.530142,0.124356,0.008396,767
BUSAPPWNSAAK,stationary,eta0.25x,0.524490,0.125052,0.007093,767
BUSAPPWNSAAK,stationary,eta0.5x,0.528527,0.124408,0.008396,767
BUSAPPWNSAAK,stationary,eta2x,0.529371,0.124388,0.008918,767
BUSAPPWNSAAK,stationary,eta4x,0.528237,0.124408,0.008918,767
BUSAPPWNSAAL,stationary,eta1.0x,0.094482,0.137191,0.022555,767
BUSAPPWNSAAL,stationary,eta0.25x,0.098263,0.136562,0.020209,767
BUSAPPWNSAAL,stationary,eta0.5x,0.095477,0.137278,0.020130,767
BUSAPPWNSAAL,stationary,eta2x,0.097509,0.136659,0.022477,767
BUSAPPWNSAAL,stationary,eta4x,0.099976,0.136270,0.022738,767
BUSAPPWNSAAKYY,regime-changey,eta1.0x,-4.831694,20.713981,0.009944,712
BUSAPPWNSAAKYY,regime-changey,eta0.25x,-4.891339,21.261628,0.010169,712
BUSAPPWNSAAKYY,regime-changey,eta0.5x,-4.836983,20.799359,0.009045,712
BUSAPPWNSAAKYY,regime-changey,eta2x,-4.831423,20.716107,0.009944,712
BUSAPPWNSAAKYY,regime-changey,eta4x,-4.831316,20.709674,0.009382,712
BUSAPPWNSAALYY,regime-changey,eta1.0x,-4.858268,29.866299,0.019775,712
BUSAPPWNSAALYY,regime-changey,eta0.25x,-4.856321,29.696353,0.022022,712
BUSAPPWNSAALYY,regime-changey,eta0.5x,-4.859251,29.842939,0.020337,712
BUSAPPWNSAALYY,regime-changey,eta2x,-4.858700,29.852099,0.020056,712
BUSAPPWNSAALYY,regime-changey,eta4x,-4.858440,29.852261,0.019775,712
BUSAPPWNSAAR,stationary,eta1.0x,0.118439,0.133251,0.015332,767
BUSAPPWNSAAR,stationary,eta0.25x,0.125373,0.132574,0.013168,767
BUSAPPWNSAAR,stationary,eta0.5x,0.119769,0.133040,0.015254,767
BUSAPPWNSAAR,stationary,eta2x,0.124389,0.132880,0.014993,767
BUSAPPWNSAAR,stationary,eta4x,0.131450,0.132449,0.014211,767
BUSAPPWNSAARYY,regime-changey,eta1.0x,-4.882743,28.830496,0.022640,712
BUSAPPWNSAARYY,regime-changey,eta0.25x,-4.863608,25.365919,0.023708,712
BUSAPPWNSAARYY,regime-changey,eta0.5x,-4.880348,27.672379,0.022584,712
BUSAPPWNSAARYY,regime-changey,eta2x,-4.887215,28.931418,0.023371,712
BUSAPPWNSAARYY,regime-changey,eta4x,-4.887212,28.944853,0.023371,712
BUSAPPWNSAAZ,stationary,eta1.0x,0.319369,0.111757,0.025945,767
BUSAPPWNSAAZ,stationary,eta0.25x,0.316138,0.112111,0.024980,767
BUSAPPWNSAAZ,stationary,eta0.5x,0.317610,0.112010,0.025424,767
BUSAPPWNSAAZ,stationary,eta2x,0.320841,0.111473,0.025684,767
BUSAPPWNSAAZ,stationary,eta4x,0.321454,0.111348,0.025945,767
BUSAPPWNSAAZYY,regime-changey,eta1.0x,-4.580881,19.202996,0.026798,712
BUSAPPWNSAAZYY,regime-changey,eta0.25x,-4.586095,18.888700,0.027022,712
BUSAPPWNSAAZYY,regime-changey,eta0.5x,-4.585202,19.219388,0.027865,712
BUSAPPWNSAAZYY,regime-changey,eta2x,-4.575766,19.232030,0.027921,712
BUSAPPWNSAAZYY,regime-changey,eta4x,-4.569818,19.212879,0.027022,712
BUSAPPWNSACA,stationary,eta1.0x,0.303712,0.112362,0.022477,767
BUSAPPWNSACA,stationary,eta0.25x,0.301580,0.112822,0.023859,767
BUSAPPWNSACA,stationary,eta0.5x,0.302291,0.112518,0.021956,767
BUSAPPWNSACA,stationary,eta2x,0.303743,0.112253,0.022477,767
BUSAPPWNSACA,stationary,eta4x,0.303626,0.112247,0.022477,767
BUSAPPWNSACO,stationary,eta1.0x,0.290668,0.120116,0.023259,767
BUSAPPWNSACO,stationary,eta0.25x,0.307703,0.116765,0.021956,767
BUSAPPWNSACO,stationary,eta0.5x,0.299094,0.118525,0.021956,767
BUSAPPWNSACO,stationary,eta2x,0.286457,0.120644,0.023259,767
BUSAPPWNSACO,stationary,eta4x,0.287669,0.120544,0.023520,767
BUSAPPWNSACAYY,regime-changey,eta1.0x,-4.504004,20.075173,0.020618,712
BUSAPPWNSACAYY,regime-changey,eta0.25x,-4.503748,18.535033,0.025618,712
BUSAPPWNSACAYY,regime-changey,eta0.5x,-4.493981,18.851870,0.021180,712
BUSAPPWNSACAYY,regime-changey,eta2x,-4.504173,20.117154,0.020618,712
BUSAPPWNSACAYY,regime-changey,eta4x,-4.504168,20.117104,0.020618,712
BUSAPPWNSACT,stationary,eta1.0x,0.218525,0.118605,0.018123,767
BUSAPPWNSACT,stationary,eta0.25x,0.216171,0.119211,0.018644,767
BUSAPPWNSACT,stationary,eta0.5x,0.218614,0.118646,0.017862,767
BUSAPPWNSACT,stationary,eta2x,0.218420,0.118608,0.018123,767
BUSAPPWNSACT,stationary,eta4x,0.218415,0.118608,0.018123,767
BUSAPPWNSACOYY,regime-changey,eta1.0x,-4.691686,24.844933,0.032640,712
BUSAPPWNSACOYY,regime-changey,eta0.25x,-4.678020,24.573859,0.031854,712
BUSAPPWNSACOYY,regime-changey,eta0.5x,-4.688989,24.826696,0.032640,712
BUSAPPWNSACOYY,regime-changey,eta2x,-4.690732,24.842875,0.032640,712
BUSAPPWNSACOYY,regime-changey,eta4x,-4.687951,24.826666,0.032640,712
BUSAPPWNSACTYY,regime-changey,eta1.0x,-4.594022,20.951754,0.014157,712
BUSAPPWNSACTYY,regime-changey,eta0.25x,-4.604434,19.705149,0.018876,712
BUSAPPWNSACTYY,regime-changey,eta0.5x,-4.582977,20.142840,0.014719,712
BUSAPPWNSACTYY,regime-changey,eta2x,-4.595878,21.023474,0.013596,712
BUSAPPWNSACTYY,regime-changey,eta4x,-4.596190,21.024626,0.013596,712
BUSAPPWNSADC,stationary,eta1.0x,0.313636,0.119281,0.008396,767
BUSAPPWNSADC,stationary,eta0.25x,0.313796,0.119393,0.008396,767
BUSAPPWNSADC,stationary,eta0.5x,0.313573,0.119286,0.008396,767
BUSAPPWNSADC,stationary,eta2x,0.313652,0.119283,0.008396,767
BUSAPPWNSADC,stationary,eta4x,0.313631,0.119282,0.008396,767
BUSAPPWNSADCYY,regime-changey,eta1.0x,-4.769136,22.004451,0.013258,712
BUSAPPWNSADCYY,regime-changey,eta0.25x,-4.839457,22.258945,0.014101,712
BUSAPPWNSADCYY,regime-changey,eta0.5x,-4.784501,21.865227,0.015169,712
BUSAPPWNSADCYY,regime-changey,eta2x,-4.774022,22.431447,0.012978,712
BUSAPPWNSADCYY,regime-changey,eta4x,-4.780189,23.007812,0.012697,712
BUSAPPWNSADE,stationary,eta1.0x,0.244621,0.113006,0.011421,767
BUSAPPWNSADE,stationary,eta0.25x,0.245250,0.113020,0.011160,767
BUSAPPWNSADE,stationary,eta0.5x,0.245072,0.112975,0.011682,767
BUSAPPWNSADE,stationary,eta2x,0.244265,0.113032,0.010978,767
BUSAPPWNSADE,stationary,eta4x,0.244436,0.113035,0.011239,767
BUSAPPWNSAFL,stationary,eta1.0x,0.082975,0.135061,0.022216,767
BUSAPPWNSAFL,stationary,eta0.25x,0.087596,0.133681,0.026206,767
BUSAPPWNSAFL,stationary,eta0.5x,0.085573,0.134412,0.021695,767
BUSAPPWNSAFL,stationary,eta2x,0.085702,0.134590,0.020652,767
BUSAPPWNSAFL,stationary,eta4x,0.083935,0.134977,0.020652,767
BUSAPPWNSADEYY,regime-changey,eta1.0x,-4.652930,16.587638,0.012135,712
BUSAPPWNSADEYY,regime-changey,eta0.25x,-4.652818,16.601637,0.012697,712
BUSAPPWNSADEYY,regime-changey,eta0.5x,-4.652988,16.589005,0.012135,712
BUSAPPWNSADEYY,regime-changey,eta2x,-4.651536,16.584901,0.012135,712
BUSAPPWNSADEYY,regime-changey,eta4x,-4.651639,16.585340,0.012135,712
BUSAPPWNSAGA,stationary,eta1.0x,0.206975,0.123502,0.017966,767
BUSAPPWNSAGA,stationary,eta0.25x,0.219523,0.121092,0.019348,767
BUSAPPWNSAGA,stationary,eta0.5x,0.217569,0.122409,0.019348,767
BUSAPPWNSAGA,stationary,eta2x,0.205200,0.123871,0.018409,767
BUSAPPWNSAGA,stationary,eta4x,0.211370,0.123451,0.018409,767
BUSAPPWNSAFLYY,regime-changey,eta1.0x,-4.868240,23.439146,0.027022,712
BUSAPPWNSAFLYY,regime-changey,eta0.25x,-4.866284,23.387738,0.027303,712
BUSAPPWNSAFLYY,regime-changey,eta0.5x,-4.868236,23.427030,0.027022,712
BUSAPPWNSAFLYY,regime-changey,eta2x,-4.867932,23.435784,0.026742,712
BUSAPPWNSAFLYY,regime-changey,eta4x,-4.867595,23.432179,0.026742,712
BUSAPPWNSAGAYY,regime-changey,eta1.0x,-4.654880,22.579207,0.029888,712
BUSAPPWNSAGAYY,regime-changey,eta0.25x,-4.650245,22.344739,0.030169,712
BUSAPPWNSAGAYY,regime-changey,eta0.5x,-4.651554,22.554943,0.029326,712
BUSAPPWNSAGAYY,regime-changey,eta2x,-4.654529,22.593630,0.030449,712
BUSAPPWNSAGAYY,regime-changey,eta4x,-4.656703,22.651179,0.030730,712
BUSAPPWNSAHI,stationary,eta1.0x,0.210972,0.118343,0.008031,767
BUSAPPWNSAHI,stationary,eta0.25x,0.208931,0.118852,0.008553,767
BUSAPPWNSAHI,stationary,eta0.5x,0.210443,0.118486,0.008031,767
BUSAPPWNSAHI,stationary,eta2x,0.212140,0.118282,0.007510,767
BUSAPPWNSAHI,stationary,eta4x,0.212110,0.118259,0.007249,767
BUSAPPWNSAIA,stationary,eta1.0x,0.231650,0.121556,0.010143,767
BUSAPPWNSAIA,stationary,eta0.25x,0.231109,0.121642,0.010222,767
BUSAPPWNSAIA,stationary,eta0.5x,0.231640,0.121563,0.010143,767
BUSAPPWNSAIA,stationary,eta2x,0.231899,0.121574,0.010143,767
BUSAPPWNSAIA,stationary,eta4x,0.232040,0.121577,0.010143,767
BUSAPPWNSAHIYY,regime-changey,eta1.0x,-4.629578,16.727641,0.009045,712
BUSAPPWNSAHIYY,regime-changey,eta0.25x,-4.641968,17.293599,0.008427,712
BUSAPPWNSAHIYY,regime-changey,eta0.5x,-4.636389,17.152903,0.008764,712
BUSAPPWNSAHIYY,regime-changey,eta2x,-4.624882,16.498961,0.008483,712
BUSAPPWNSAHIYY,regime-changey,eta4x,-4.625058,16.503829,0.008202,712
BUSAPPWNSAID,stationary,eta1.0x,0.195742,0.121455,0.009361,767
BUSAPPWNSAID,stationary,eta0.25x,0.184150,0.122563,0.010665,767
BUSAPPWNSAID,stationary,eta0.5x,0.189865,0.122334,0.008657,767
BUSAPPWNSAID,stationary,eta2x,0.198685,0.120786,0.009257,767
BUSAPPWNSAID,stationary,eta4x,0.197458,0.120941,0.010821,767
BUSAPPWNSAIAYY,regime-changey,eta1.0x,-4.868127,28.979382,0.020225,712
BUSAPPWNSAIAYY,regime-changey,eta0.25x,-4.876312,27.257448,0.020618,712
BUSAPPWNSAIAYY,regime-changey,eta0.5x,-4.867898,28.920998,0.022247,712
BUSAPPWNSAIAYY,regime-changey,eta2x,-4.868745,29.015593,0.019157,712
BUSAPPWNSAIAYY,regime-changey,eta4x,-4.866501,28.995564,0.018596,712
BUSAPPWNSAIL,stationary,eta1.0x,0.215241,0.123019,0.020391,767
BUSAPPWNSAIL,stationary,eta0.25x,0.221403,0.121278,0.020130,767
BUSAPPWNSAIL,stationary,eta0.5x,0.216116,0.122574,0.020913,767
BUSAPPWNSAIL,stationary,eta2x,0.217288,0.122751,0.020391,767
BUSAPPWNSAIL,stationary,eta4x,0.218055,0.122631,0.021173,767
BUSAPPWNSAIDYY,regime-changey,eta1.0x,-4.840285,23.723780,0.022247,712
BUSAPPWNSAIDYY,regime-changey,eta0.25x,-4.822228,22.407110,0.022303,712
BUSAPPWNSAIDYY,regime-changey,eta0.5x,-4.825238,22.586658,0.021966,712
BUSAPPWNSAIDYY,regime-changey,eta2x,-4.828798,22.993261,0.021685,712
BUSAPPWNSAIDYY,regime-changey,eta4x,-4.823695,22.825563,0.020562,712
BUSAPPWNSAILYY,regime-changey,eta1.0x,-4.705062,23.122096,0.026236,712
BUSAPPWNSAILYY,regime-changey,eta0.25x,-4.694051,22.233365,0.028764,712
BUSAPPWNSAILYY,regime-changey,eta0.5x,-4.703035,23.090613,0.027640,712
BUSAPPWNSAILYY,regime-changey,eta2x,-4.706650,23.169707,0.026461,712
BUSAPPWNSAILYY,regime-changey,eta4x,-4.707318,23.200546,0.026180,712
BUSAPPWNSAIN,stationary,eta1.0x,0.239771,0.119672,0.018123,767
BUSAPPWNSAIN,stationary,eta0.25x,0.238892,0.119601,0.016819,767
BUSAPPWNSAIN,stationary,eta0.5x,0.234384,0.120317,0.017601,767
BUSAPPWNSAIN,stationary,eta2x,0.246595,0.119152,0.016819,767
BUSAPPWNSAIN,stationary,eta4x,0.248555,0.119017,0.016819,767
BUSAPPWNSAKS,stationary,eta1.0x,0.191875,0.123727,0.012725,767
BUSAPPWNSAKS,stationary,eta0.25x,0.193381,0.123682,0.011943,767
BUSAPPWNSAKS,stationary,eta0.5x,0.191874,0.123709,0.013064,767
BUSAPPWNSAKS,stationary,eta2x,0.191963,0.123825,0.012725,767
BUSAPPWNSAKS,stationary,eta4x,0.192125,0.123831,0.012647,767
BUSAPPWNSAINYY,regime-changey,eta1.0x,-4.754726,24.574116,0.032472,712
BUSAPPWNSAINYY,regime-changey,eta0.25x,-4.742083,23.602296,0.033034,712
BUSAPPWNSAINYY,regime-changey,eta0.5x,-4.742909,23.632525,0.032472,712
BUSAPPWNSAINYY,regime-changey,eta2x,-4.757668,24.932980,0.032191,712
BUSAPPWNSAINYY,regime-changey,eta4x,-4.757528,24.916627,0.032191,712
BUSAPPWNSAKY,stationary,eta1.0x,0.157583,0.129156,0.021512,767
BUSAPPWNSAKY,stationary,eta0.25x,0.161056,0.128489,0.021512,767
BUSAPPWNSAKY,stationary,eta0.5x,0.155639,0.129426,0.021252,767
BUSAPPWNSAKY,stationary,eta2x,0.159567,0.128896,0.021773,767
BUSAPPWNSAKY,stationary,eta4x,0.159976,0.128788,0.022216,767
BUSAPPWNSAKSYY,regime-changey,eta1.0x,-4.888198,26.921246,0.023146,712
BUSAPPWNSAKSYY,regime-changey,eta0.25x,-4.881837,26.501670,0.023090,712
BUSAPPWNSAKSYY,regime-changey,eta0.5x,-4.881946,26.469005,0.023090,712
BUSAPPWNSAKSYY,regime-changey,eta2x,-4.892762,27.420504,0.023146,712
BUSAPPWNSAKSYY,regime-changey,eta4x,-4.893064,27.435143,0.022809,712
BUSAPPWNSALA,stationary,eta1.0x,0.084392,0.133621,0.013690,767
BUSAPPWNSALA,stationary,eta0.25x,0.086846,0.132743,0.015254,767
BUSAPPWNSALA,stationary,eta0.5x,0.081937,0.133624,0.012907,767
BUSAPPWNSALA,stationary,eta2x,0.079831,0.134277,0.012464,767
BUSAPPWNSALA,stationary,eta4x,0.078000,0.134512,0.012647,767
BUSAPPWNSAKYYY,regime-changey,eta1.0x,-4.838555,32.245096,0.021124,712
BUSAPPWNSAKYYY,regime-changey,eta0.25x,-4.820187,27.064169,0.022247,712
BUSAPPWNSAKYYY,regime-changey,eta0.5x,-4.836890,32.150936,0.021124,712
BUSAPPWNSAKYYY,regime-changey,eta2x,-4.837463,32.279655,0.021404,712
BUSAPPWNSAKYYY,regime-changey,eta4x,-4.835211,32.250652,0.021685,712
BUSAPPWNSALAYY,regime-changey,eta1.0x,-4.837275,23.213790,0.019213,712
BUSAPPWNSALAYY,regime-changey,eta0.25x,-4.837553,23.202364,0.020056,712
BUSAPPWNSALAYY,regime-changey,eta0.5x,-4.836003,23.210338,0.020056,712
BUSAPPWNSALAYY,regime-changey,eta2x,-4.837491,23.214049,0.019719,712
BUSAPPWNSALAYY,regime-changey,eta4x,-4.844720,23.759620,0.019438,712
BUSAPPWNSAMA,stationary,eta1.0x,0.267796,0.116065,0.021851,767
BUSAPPWNSAMA,stationary,eta0.25x,0.258452,0.118018,0.021173,767
BUSAPPWNSAMA,stationary,eta0.5x,0.265079,0.116738,0.021330,767
BUSAPPWNSAMA,stationary,eta2x,0.267440,0.115967,0.021069,767
BUSAPPWNSAMA,stationary,eta4x,0.267137,0.116026,0.021069,767
BUSAPPWNSAMD,stationary,eta1.0x,0.252287,0.116470,0.016558,767
BUSAPPWNSAMD,stationary,eta0.25x,0.238720,0.117717,0.016037,767
BUSAPPWNSAMD,stationary,eta0.5x,0.247811,0.116895,0.016297,767
BUSAPPWNSAMD,stationary,eta2x,0.254845,0.116223,0.016819,767
BUSAPPWNSAMD,stationary,eta4x,0.253711,0.116475,0.017080,767
BUSAPPWNSAMAYY,regime-changey,eta1.0x,-4.669921,26.241613,0.027303,712
BUSAPPWNSAMAYY,regime-changey,eta0.25x,-4.650960,25.692131,0.026180,712
BUSAPPWNSAMAYY,regime-changey,eta0.5x,-4.656499,25.914744,0.026517,712
BUSAPPWNSAMAYY,regime-changey,eta2x,-4.675690,26.401116,0.028708,712
BUSAPPWNSAMAYY,regime-changey,eta4x,-4.677621,26.422195,0.028708,712
BUSAPPWNSAMDYY,regime-changey,eta1.0x,-4.690083,22.058624,0.020899,712
BUSAPPWNSAMDYY,regime-changey,eta0.25x,-4.681141,21.768545,0.019494,712
BUSAPPWNSAMDYY,regime-changey,eta0.5x,-4.685223,21.975960,0.020056,712
BUSAPPWNSAMDYY,regime-changey,eta2x,-4.688049,22.027794,0.020899,712
BUSAPPWNSAMDYY,regime-changey,eta4x,-4.687888,22.015567,0.020056,712
BUSAPPWNSAME,stationary,eta1.0x,0.381866,0.120959,0.009596,767
BUSAPPWNSAME,stationary,eta0.25x,0.381639,0.121035,0.007510,767
BUSAPPWNSAME,stationary,eta0.5x,0.382193,0.120966,0.009596,767
BUSAPPWNSAME,stationary,eta2x,0.381810,0.120958,0.009335,767
BUSAPPWNSAME,stationary,eta4x,0.381778,0.120958,0.009335,767
BUSAPPWNSAMI,stationary,eta1.0x,0.153789,0.128431,0.014915,767
BUSAPPWNSAMI,stationary,eta0.25x,0.164059,0.126235,0.017340,767
BUSAPPWNSAMI,stationary,eta0.5x,0.159283,0.127287,0.014993,767
BUSAPPWNSAMI,stationary,eta2x,0.148581,0.129397,0.015776,767
BUSAPPWNSAMI,stationary,eta4x,0.150903,0.129367,0.016741,767
BUSAPPWNSAMEYY,regime-changey,eta1.0x,-4.769339,19.951438,0.011236,712
BUSAPPWNSAMEYY,regime-changey,eta0.25x,-4.771419,19.988766,0.011798,712
BUSAPPWNSAMEYY,regime-changey,eta0.5x,-4.769556,19.954395,0.010955,712
BUSAPPWNSAMEYY,regime-changey,eta2x,-4.769441,19.951602,0.011236,712
BUSAPPWNSAMEYY,regime-changey,eta4x,-4.769544,19.952009,0.011517,712
BUSAPPWNSAMIYY,regime-changey,eta1.0x,-4.730570,22.689668,0.023427,712
BUSAPPWNSAMIYY,regime-changey,eta0.25x,-4.705712,21.150946,0.025674,712
BUSAPPWNSAMIYY,regime-changey,eta0.5x,-4.722994,22.327412,0.023989,712
BUSAPPWNSAMIYY,regime-changey,eta2x,-4.728746,22.704518,0.023371,712
BUSAPPWNSAMIYY,regime-changey,eta4x,-4.729766,22.723736,0.023146,712
BUSAPPWNSAMN,stationary,eta1.0x,0.281507,0.115368,0.014394,767
BUSAPPWNSAMN,stationary,eta0.25x,0.285910,0.114786,0.015854,767
BUSAPPWNSAMN,stationary,eta0.5x,0.284107,0.115204,0.014811,767
BUSAPPWNSAMN,stationary,eta2x,0.278666,0.115579,0.014133,767
BUSAPPWNSAMN,stationary,eta4x,0.279260,0.115711,0.014133,767
BUSAPPWNSAMO,stationary,eta1.0x,0.276027,0.116823,0.013690,767
BUSAPPWNSAMO,stationary,eta0.25x,0.268724,0.118588,0.014993,767
BUSAPPWNSAMO,stationary,eta0.5x,0.274116,0.117202,0.014472,767
BUSAPPWNSAMO,stationary,eta2x,0.276151,0.116738,0.014133,767
BUSAPPWNSAMO,stationary,eta4x,0.275980,0.116759,0.013950,767
BUSAPPWNSAMNYY,regime-changey,eta1.0x,-4.647299,21.354996,0.021461,712
BUSAPPWNSAMNYY,regime-changey,eta0.25x,-4.649151,21.206706,0.022303,712
BUSAPPWNSAMNYY,regime-changey,eta0.5x,-4.645330,21.259866,0.020843,712
BUSAPPWNSAMNYY,regime-changey,eta2x,-4.652329,21.479704,0.022247,712
BUSAPPWNSAMNYY,regime-changey,eta4x,-4.653384,21.500245,0.022247,712
BUSAPPWNSAMS,stationary,eta1.0x,0.094507,0.134788,0.014915,767
BUSAPPWNSAMS,stationary,eta0.25x,0.098279,0.134568,0.015437,767
BUSAPPWNSAMS,stationary,eta0.5x,0.092538,0.135382,0.015176,767
BUSAPPWNSAMS,stationary,eta2x,0.097284,0.134191,0.013872,767
BUSAPPWNSAMS,stationary,eta4x,0.097052,0.134207,0.014133,767
BUSAPPWNSAMOYY,regime-changey,eta1.0x,-4.713305,22.950103,0.029551,712
BUSAPPWNSAMOYY,regime-changey,eta0.25x,-4.708502,22.746244,0.029551,712
BUSAPPWNSAMOYY,regime-changey,eta0.5x,-4.709759,22.806175,0.029551,712
BUSAPPWNSAMOYY,regime-changey,eta2x,-4.728500,23.984123,0.028989,712
BUSAPPWNSAMOYY,regime-changey,eta4x,-4.739869,24.685792,0.029831,712
BUSAPPWNSAMSYY,regime-changey,eta1.0x,-4.833124,24.503965,0.022303,712
BUSAPPWNSAMSYY,regime-changey,eta0.25x,-4.826650,23.443321,0.022022,712
BUSAPPWNSAMSYY,regime-changey,eta0.5x,-4.826220,23.480616,0.021461,712
BUSAPPWNSAMSYY,regime-changey,eta2x,-4.832942,24.884996,0.022022,712
BUSAPPWNSAMSYY,regime-changey,eta4x,-4.836972,24.985737,0.021180,712
BUSAPPWNSAMT,stationary,eta1.0x,0.371804,0.119562,0.009857,767
BUSAPPWNSAMT,stationary,eta0.25x,0.368976,0.120027,0.010300,767
BUSAPPWNSAMT,stationary,eta0.5x,0.370721,0.119660,0.010117,767
BUSAPPWNSAMT,stationary,eta2x,0.371835,0.119556,0.009857,767
BUSAPPWNSAMT,stationary,eta4x,0.371892,0.119551,0.009857,767
BUSAPPWNSAMW,stationary,eta1.0x,0.300930,0.114900,0.028735,767
BUSAPPWNSAMW,stationary,eta0.25x,0.298685,0.115184,0.028735,767
BUSAPPWNSAMW,stationary,eta0.5x,0.298996,0.115035,0.030561,767
BUSAPPWNSAMW,stationary,eta2x,0.302600,0.114808,0.027692,767
BUSAPPWNSAMW,stationary,eta4x,0.302855,0.114799,0.027432,767
BUSAPPWNSAMTYY,regime-changey,eta1.0x,-4.909093,23.977734,0.016629,712
BUSAPPWNSAMTYY,regime-changey,eta0.25x,-4.911296,23.849923,0.016910,712
BUSAPPWNSAMTYY,regime-changey,eta0.5x,-4.911358,23.896072,0.016629,712
BUSAPPWNSAMTYY,regime-changey,eta2x,-4.906671,23.947154,0.016629,712
BUSAPPWNSAMTYY,regime-changey,eta4x,-4.906506,23.927055,0.016910,712
BUSAPPWNSANC,stationary,eta1.0x,0.237410,0.123419,0.021773,767
BUSAPPWNSANC,stationary,eta0.25x,0.233175,0.123247,0.021512,767
BUSAPPWNSANC,stationary,eta0.5x,0.238813,0.123076,0.023859,767
BUSAPPWNSANC,stationary,eta2x,0.235341,0.124192,0.022295,767
BUSAPPWNSANC,stationary,eta4x,0.235860,0.124411,0.022295,767
BUSAPPWNSAMWYY,regime-changey,eta1.0x,-4.577731,22.424545,0.035281,712
BUSAPPWNSAMWYY,regime-changey,eta0.25x,-4.570575,21.918201,0.037753,712
BUSAPPWNSAMWYY,regime-changey,eta0.5x,-4.576134,22.391154,0.035843,712
BUSAPPWNSAMWYY,regime-changey,eta2x,-4.578658,22.450830,0.035000,712
BUSAPPWNSAMWYY,regime-changey,eta4x,-4.580190,22.464647,0.034944,712
BUSAPPWNSANCYY,regime-changey,eta1.0x,-4.697174,27.236459,0.025955,712
BUSAPPWNSANCYY,regime-changey,eta0.25x,-4.692944,27.044197,0.025674,712
BUSAPPWNSANCYY,regime-changey,eta0.5x,-4.694981,27.209352,0.025955,712
BUSAPPWNSANCYY,regime-changey,eta2x,-4.697529,27.249008,0.026236,712
BUSAPPWNSANCYY,regime-changey,eta4x,-4.697070,27.247961,0.025674,712
BUSAPPWNSAND,stationary,eta1.0x,0.294255,0.129834,0.010900,767
BUSAPPWNSAND,stationary,eta0.25x,0.286865,0.129837,0.010561,767
BUSAPPWNSAND,stationary,eta0.5x,0.291864,0.129819,0.011082,767
BUSAPPWNSAND,stationary,eta2x,0.293878,0.129850,0.010900,767
BUSAPPWNSAND,stationary,eta4x,0.293728,0.129857,0.010900,767
BUSAPPWNSANE,stationary,eta1.0x,0.287978,0.117857,0.012647,767
BUSAPPWNSANE,stationary,eta0.25x,0.287942,0.117995,0.012386,767
BUSAPPWNSANE,stationary,eta0.5x,0.287997,0.117863,0.012647,767
BUSAPPWNSANE,stationary,eta2x,0.287947,0.117862,0.012907,767
BUSAPPWNSANE,stationary,eta4x,0.287881,0.117871,0.012907,767
BUSAPPWNSANDYY,regime-changey,eta1.0x,-4.818350,20.542211,0.010449,712
BUSAPPWNSANDYY,regime-changey,eta0.25x,-4.823255,20.576147,0.011292,712
BUSAPPWNSANDYY,regime-changey,eta0.5x,-4.818859,20.550575,0.011011,712
BUSAPPWNSANDYY,regime-changey,eta2x,-4.818115,20.538683,0.010449,712
BUSAPPWNSANDYY,regime-changey,eta4x,-4.817950,20.535841,0.010449,712
BUSAPPWNSANER,stationary,eta1.0x,0.335677,0.112152,0.026728,767
BUSAPPWNSANER,stationary,eta0.25x,0.323920,0.113800,0.028814,767
BUSAPPWNSANER,stationary,eta0.5x,0.331276,0.112765,0.027510,767
BUSAPPWNSANER,stationary,eta2x,0.336794,0.111930,0.026206,767
BUSAPPWNSANER,stationary,eta4x,0.337510,0.111817,0.025945,767
BUSAPPWNSANERYY,regime-changey,eta1.0x,-4.504978,22.630267,0.031798,712
BUSAPPWNSANERYY,regime-changey,eta0.25x,-4.488617,22.289168,0.031798,712
BUSAPPWNSANERYY,regime-changey,eta0.5x,-4.500133,22.542251,0.031798,712
BUSAPPWNSANERYY,regime-changey,eta2x,-4.497173,22.512666,0.031517,712
BUSAPPWNSANERYY,regime-changey,eta4x,-4.486978,22.316305,0.031236,712
BUSAPPWNSANH,stationary,eta1.0x,0.240432,0.126128,0.008814,767
BUSAPPWNSANH,stationary,eta0.25x,0.240267,0.126268,0.009778,767
BUSAPPWNSANH,stationary,eta0.5x,0.240244,0.126171,0.008292,767
BUSAPPWNSANH,stationary,eta2x,0.240439,0.126123,0.008996,767
BUSAPPWNSANH,stationary,eta4x,0.240410,0.126124,0.008996,767
BUSAPPWNSANEYY,regime-changey,eta1.0x,-4.752227,23.477454,0.014944,712
BUSAPPWNSANEYY,regime-changey,eta0.25x,-4.782899,23.837908,0.014663,712
BUSAPPWNSANEYY,regime-changey,eta0.5x,-4.766032,23.632207,0.014663,712
BUSAPPWNSANEYY,regime-changey,eta2x,-4.744584,23.357006,0.012416,712
BUSAPPWNSANEYY,regime-changey,eta4x,-4.739879,23.291222,0.012978,712
BUSAPPWNSANJ,stationary,eta1.0x,0.285541,0.118438,0.024381,767
BUSAPPWNSANJ,stationary,eta0.25x,0.279091,0.118859,0.025163,767
BUSAPPWNSANJ,stationary,eta0.5x,0.283504,0.118579,0.025424,767
BUSAPPWNSANJ,stationary,eta2x,0.284749,0.118560,0.024120,767
BUSAPPWNSANJ,stationary,eta4x,0.284332,0.118577,0.024120,767
BUSAPPWNSANHYY,regime-changey,eta1.0x,-4.817487,20.305671,0.011236,712
BUSAPPWNSANHYY,regime-changey,eta0.25x,-4.818530,20.318492,0.010618,712
BUSAPPWNSANHYY,regime-changey,eta0.5x,-4.817448,20.306275,0.011236,712
BUSAPPWNSANHYY,regime-changey,eta2x,-4.817558,20.305796,0.011236,712
BUSAPPWNSANHYY,regime-changey,eta4x,-4.817649,20.305986,0.011236,712
BUSAPPWNSANM,stationary,eta1.0x,0.170068,0.126899,0.006988,767
BUSAPPWNSANM,stationary,eta0.25x,0.172519,0.126607,0.009518,767
BUSAPPWNSANM,stationary,eta0.5x,0.169303,0.126951,0.009074,767
BUSAPPWNSANM,stationary,eta2x,0.169359,0.126895,0.006545,767
BUSAPPWNSANM,stationary,eta4x,0.169293,0.126816,0.006284,767
BUSAPPWNSANJYY,regime-changey,eta1.0x,-4.573224,24.922742,0.026461,712
BUSAPPWNSANJYY,regime-changey,eta0.25x,-4.577157,24.994186,0.027303,712
BUSAPPWNSANJYY,regime-changey,eta0.5x,-4.580035,25.099306,0.027584,712
BUSAPPWNSANJYY,regime-changey,eta2x,-4.570754,24.849549,0.027022,712
BUSAPPWNSANJYY,regime-changey,eta4x,-4.569733,24.835016,0.027303,712
BUSAPPWNSANMYY,regime-changey,eta1.0x,-4.883933,25.796617,0.017191,712
BUSAPPWNSANMYY,regime-changey,eta0.25x,-4.878241,23.112417,0.018820,712
BUSAPPWNSANMYY,regime-changey,eta0.5x,-4.890775,24.150162,0.018034,712
BUSAPPWNSANMYY,regime-changey,eta2x,-4.867020,25.599052,0.015169,712
BUSAPPWNSANMYY,regime-changey,eta4x,-4.850662,25.367654,0.016854,712
BUSAPPWNSANV,stationary,eta1.0x,0.294213,0.113207,0.016115,767
BUSAPPWNSANV,stationary,eta0.25x,0.292632,0.113619,0.016636,767
BUSAPPWNSANV,stationary,eta0.5x,0.294127,0.113191,0.016375,767
BUSAPPWNSANV,stationary,eta2x,0.294012,0.113202,0.016115,767
BUSAPPWNSANV,stationary,eta4x,0.293928,0.113201,0.016115,767
BUSAPPWNSANY,stationary,eta1.0x,0.300169,0.115323,0.022894,767
BUSAPPWNSANY,stationary,eta0.25x,0.292796,0.116224,0.024459,767
BUSAPPWNSANY,stationary,eta0.5x,0.298770,0.115350,0.021851,767
BUSAPPWNSANY,stationary,eta2x,0.298575,0.115631,0.022634,767
BUSAPPWNSANY,stationary,eta4x,0.298486,0.115662,0.022373,767
BUSAPPWNSANVYY,regime-changey,eta1.0x,-4.668722,21.628991,0.022640,712
BUSAPPWNSANVYY,regime-changey,eta0.25x,-4.679897,21.805863,0.022079,712
BUSAPPWNSANVYY,regime-changey,eta0.5x,-4.673661,21.697286,0.023202,712
BUSAPPWNSANVYY,regime-changey,eta2x,-4.666614,21.621586,0.023483,712
BUSAPPWNSANVYY,regime-changey,eta4x,-4.662109,21.595687,0.024607,712
BUSAPPWNSAOH,stationary,eta1.0x,0.214796,0.120932,0.018305,767
BUSAPPWNSAOH,stationary,eta0.25x,0.207966,0.121976,0.019348,767
BUSAPPWNSAOH,stationary,eta0.5x,0.206038,0.122211,0.019531,767
BUSAPPWNSAOH,stationary,eta2x,0.217876,0.120365,0.018305,767
BUSAPPWNSAOH,stationary,eta4x,0.218916,0.120227,0.018305,767
BUSAPPWNSANYYY,regime-changey,eta1.0x,-4.572309,23.135748,0.029326,712
BUSAPPWNSANYYY,regime-changey,eta0.25x,-4.556935,22.665787,0.029607,712
BUSAPPWNSANYYY,regime-changey,eta0.5x,-4.561320,22.904872,0.029045,712
BUSAPPWNSANYYY,regime-changey,eta2x,-4.574849,23.197638,0.029045,712
BUSAPPWNSANYYY,regime-changey,eta4x,-4.575479,23.207209,0.029045,712
BUSAPPWNSAOK,stationary,eta1.0x,0.167621,0.126732,0.013507,767
BUSAPPWNSAOK,stationary,eta0.25x,0.158531,0.127224,0.015072,767
BUSAPPWNSAOK,stationary,eta0.5x,0.163150,0.127056,0.013507,767
BUSAPPWNSAOK,stationary,eta2x,0.166951,0.126929,0.013246,767
BUSAPPWNSAOK,stationary,eta4x,0.165647,0.127127,0.012907,767
BUSAPPWNSAOHYY,regime-changey,eta1.0x,-4.692403,21.718384,0.022809,712
BUSAPPWNSAOHYY,regime-changey,eta0.25x,-4.692221,21.751133,0.023933,712
BUSAPPWNSAOHYY,regime-changey,eta0.5x,-4.700133,21.881363,0.023652,712
BUSAPPWNSAOHYY,regime-changey,eta2x,-4.687890,21.575325,0.022528,712
BUSAPPWNSAOHYY,regime-changey,eta4x,-4.687252,21.557204,0.022809,712
BUSAPPWNSAOR,stationary,eta1.0x,0.200805,0.116406,0.010117,767
BUSAPPWNSAOR,stationary,eta0.25x,0.196110,0.117009,0.011082,767
BUSAPPWNSAOR,stationary,eta0.5x,0.198149,0.116854,0.009857,767
BUSAPPWNSAOR,stationary,eta2x,0.202809,0.115775,0.009596,767
BUSAPPWNSAOR,stationary,eta4x,0.205455,0.115265,0.010117,767
BUSAPPWNSAOKYY,regime-changey,eta1.0x,-4.791706,24.326878,0.017472,712
BUSAPPWNSAOKYY,regime-changey,eta0.25x,-4.780984,22.988181,0.019157,712
BUSAPPWNSAOKYY,regime-changey,eta0.5x,-4.786087,24.269903,0.018034,712
BUSAPPWNSAOKYY,regime-changey,eta2x,-4.793848,24.375635,0.017753,712
BUSAPPWNSAOKYY,regime-changey,eta4x,-4.796306,24.463836,0.017528,712
BUSAPPWNSAPA,stationary,eta1.0x,0.230993,0.120148,0.017940,767
BUSAPPWNSAPA,stationary,eta0.25x,0.228126,0.120494,0.020209,767
BUSAPPWNSAPA,stationary,eta0.5x,0.229601,0.120366,0.019426,767
BUSAPPWNSAPA,stationary,eta2x,0.234801,0.119622,0.017419,767
BUSAPPWNSAPA,stationary,eta4x,0.236236,0.119368,0.017679,767
BUSAPPWNSAORYY,regime-changey,eta1.0x,-4.687067,17.933218,0.017247,712
BUSAPPWNSAORYY,regime-changey,eta0.25x,-4.682917,17.858974,0.018876,712
BUSAPPWNSAORYY,regime-changey,eta0.5x,-4.681786,17.786216,0.017753,712
BUSAPPWNSAORYY,regime-changey,eta2x,-4.690113,17.970209,0.016404,712
BUSAPPWNSAORYY,regime-changey,eta4x,-4.696564,18.175214,0.017528,712
BUSAPPWNSAPAYY,regime-changey,eta1.0x,-4.688344,23.865228,0.024551,712
BUSAPPWNSAPAYY,regime-changey,eta0.25x,-4.681735,22.485123,0.024270,712
BUSAPPWNSAPAYY,regime-changey,eta0.5x,-4.688876,23.821346,0.024831,712
BUSAPPWNSAPAYY,regime-changey,eta2x,-4.689380,23.923040,0.024831,712
BUSAPPWNSAPAYY,regime-changey,eta4x,-4.695179,23.999712,0.025112,712
BUSAPPWNSARI,stationary,eta1.0x,0.397365,0.123484,0.009518,767
BUSAPPWNSARI,stationary,eta0.25x,0.396402,0.123533,0.008136,767
BUSAPPWNSARI,stationary,eta0.5x,0.396676,0.123522,0.009179,767
BUSAPPWNSARI,stationary,eta2x,0.397126,0.123493,0.010039,767
BUSAPPWNSARI,stationary,eta4x,0.397109,0.123494,0.010039,767
BUSAPPWNSAS,stationary,eta1.0x,0.240912,0.122338,0.030378,767
BUSAPPWNSAS,stationary,eta0.25x,0.262390,0.119625,0.029257,767
BUSAPPWNSAS,stationary,eta0.5x,0.251938,0.120862,0.030117,767
BUSAPPWNSAS,stationary,eta2x,0.238257,0.122999,0.030300,767
BUSAPPWNSAS,stationary,eta4x,0.238184,0.123031,0.030561,767
BUSAPPWNSARIYY,regime-changey,eta1.0x,-4.913738,23.809237,0.012978,712
BUSAPPWNSARIYY,regime-changey,eta0.25x,-4.932010,23.947384,0.011854,712
BUSAPPWNSARIYY,regime-changey,eta0.5x,-4.917960,23.834890,0.011573,712
BUSAPPWNSARIYY,regime-changey,eta2x,-4.909579,23.786573,0.013539,712
BUSAPPWNSARIYY,regime-changey,eta4x,-4.909609,23.786111,0.013820,712
BUSAPPWNSASC,stationary,eta1.0x,0.149353,0.131599,0.021330,767
BUSAPPWNSASC,stationary,eta0.25x,0.143805,0.132085,0.020991,767
BUSAPPWNSASC,stationary,eta0.5x,0.144667,0.132231,0.020808,767
BUSAPPWNSASC,stationary,eta2x,0.150618,0.131448,0.021069,767
BUSAPPWNSASC,stationary,eta4x,0.151106,0.131404,0.021069,767
BUSAPPWNSASCYY,regime-changey,eta1.0x,-4.846625,27.421122,0.028764,712
BUSAPPWNSASCYY,regime-changey,eta0.25x,-4.848790,26.042536,0.028708,712
BUSAPPWNSASCYY,regime-changey,eta0.5x,-4.846869,27.418974,0.028708,712
BUSAPPWNSASCYY,regime-changey,eta2x,-4.846384,27.426906,0.028764,712
BUSAPPWNSASCYY,regime-changey,eta4x,-4.844237,27.416678,0.028202,712
BUSAPPWNSASD,stationary,eta1.0x,0.295674,0.124186,0.008214,767
BUSAPPWNSASD,stationary,eta0.25x,0.299621,0.124088,0.007171,767
BUSAPPWNSASD,stationary,eta0.5x,0.296870,0.124145,0.008214,767
BUSAPPWNSASD,stationary,eta2x,0.295362,0.124193,0.007953,767
BUSAPPWNSASD,stationary,eta4x,0.295143,0.124201,0.008214,767
BUSAPPWNSASDYY,regime-changey,eta1.0x,-4.811884,21.325942,0.012135,712
BUSAPPWNSASDYY,regime-changey,eta0.25x,-4.812793,21.347776,0.012135,712
BUSAPPWNSASDYY,regime-changey,eta0.5x,-4.811786,21.326654,0.012135,712
BUSAPPWNSASDYY,regime-changey,eta2x,-4.811817,21.324603,0.012135,712
BUSAPPWNSASDYY,regime-changey,eta4x,-4.811787,21.324051,0.012135,712
BUSAPPWNSASYY,regime-changey,eta1.0x,-4.607020,23.633430,0.032697,712
BUSAPPWNSASYY,regime-changey,eta0.25x,-4.605393,23.502026,0.034045,712
BUSAPPWNSASYY,regime-changey,eta0.5x,-4.607377,23.620333,0.033539,712
BUSAPPWNSASYY,regime-changey,eta2x,-4.604692,23.621251,0.032697,712
BUSAPPWNSASYY,regime-changey,eta4x,-4.603659,23.611564,0.033202,712
BUSAPPWNSATN,stationary,eta1.0x,0.150566,0.129170,0.018827,767
BUSAPPWNSATN,stationary,eta0.25x,0.162384,0.126803,0.022816,767
BUSAPPWNSATN,stationary,eta0.5x,0.147202,0.129536,0.019870,767
BUSAPPWNSATN,stationary,eta2x,0.148185,0.129398,0.018644,767
BUSAPPWNSATN,stationary,eta4x,0.147689,0.129458,0.019166,767
BUSAPPWNSATX,stationary,eta1.0x,0.210816,0.123096,0.024824,767
BUSAPPWNSATX,stationary,eta0.25x,0.199774,0.124690,0.025085,767
BUSAPPWNSATX,stationary,eta0.5x,0.206005,0.123761,0.025085,767
BUSAPPWNSATX,stationary,eta2x,0.212288,0.122861,0.025606,767
BUSAPPWNSATX,stationary,eta4x,0.212795,0.122747,0.025867,767
BUSAPPWNSATNYY,regime-changey,eta1.0x,-4.801924,25.578046,0.028539,712
BUSAPPWNSATNYY,regime-changey,eta0.25x,-4.799124,25.325788,0.027978,712
BUSAPPWNSATNYY,regime-changey,eta0.5x,-4.798988,25.329862,0.028539,712
BUSAPPWNSATNYY,regime-changey,eta2x,-4.816923,28.247690,0.029607,712
BUSAPPWNSATNYY,regime-changey,eta4x,-4.821600,28.832467,0.029607,712
BUSAPPWNSATXYY,regime-changey,eta1.0x,-4.732237,25.379791,0.024775,712
BUSAPPWNSATXYY,regime-changey,eta0.25x,-4.724551,24.914110,0.025337,712
BUSAPPWNSATXYY,regime-changey,eta0.5x,-4.738582,25.448765,0.025618,712
BUSAPPWNSATXYY,regime-changey,eta2x,-4.725704,25.163107,0.025618,712
BUSAPPWNSATXYY,regime-changey,eta4x,-4.724839,25.135822,0.025056,712
BUSAPPWNSAUS,stationary,eta1.0x,0.319179,0.115112,0.032907,767
BUSAPPWNSAUS,stationary,eta0.25x,0.329012,0.113315,0.032647,767
BUSAPPWNSAUS,stationary,eta0.5x,0.323755,0.114343,0.033168,767
BUSAPPWNSAUS,stationary,eta2x,0.320390,0.115096,0.032125,767
BUSAPPWNSAUS,stationary,eta4x,0.319725,0.115148,0.031604,767
BUSAPPWNSAUSYY,regime-changey,eta1.0x,-4.502927,21.563239,0.036685,712
BUSAPPWNSAUSYY,regime-changey,eta0.25x,-4.502944,21.373137,0.036685,712
BUSAPPWNSAUSYY,regime-changey,eta0.5x,-4.501540,21.432723,0.035562,712
BUSAPPWNSAUSYY,regime-changey,eta2x,-4.512804,21.765638,0.036685,712
BUSAPPWNSAUSYY,regime-changey,eta4x,-4.515265,21.813650,0.037528,712
BUSAPPWNSAUT,stationary,eta1.0x,0.278505,0.111472,0.017080,767
BUSAPPWNSAUT,stationary,eta0.25x,0.269927,0.112924,0.017080,767
BUSAPPWNSAUT,stationary,eta0.5x,0.276941,0.111742,0.016558,767
BUSAPPWNSAUT,stationary,eta2x,0.278554,0.111449,0.017080,767
BUSAPPWNSAUT,stationary,eta4x,0.279353,0.111400,0.017080,767
BUSAPPWNSAVA,stationary,eta1.0x,0.216718,0.123482,0.022738,767
BUSAPPWNSAVA,stationary,eta0.25x,0.222708,0.121713,0.021956,767
BUSAPPWNSAVA,stationary,eta0.5x,0.220641,0.122502,0.023259,767
BUSAPPWNSAVA,stationary,eta2x,0.214535,0.123819,0.022738,767
BUSAPPWNSAVA,stationary,eta4x,0.212364,0.123976,0.022477,767
BUSAPPWNSAUTYY,regime-changey,eta1.0x,-4.670917,23.300717,0.021124,712
BUSAPPWNSAUTYY,regime-changey,eta0.25x,-4.671146,23.146192,0.021404,712
BUSAPPWNSAUTYY,regime-changey,eta0.5x,-4.671206,23.303004,0.020562,712
BUSAPPWNSAUTYY,regime-changey,eta2x,-4.669942,23.301058,0.021124,712
BUSAPPWNSAUTYY,regime-changey,eta4x,-4.669249,23.300406,0.021180,712
BUSAPPWNSAVAYY,regime-changey,eta1.0x,-4.733884,27.068674,0.029888,712
BUSAPPWNSAVAYY,regime-changey,eta0.25x,-4.729594,25.348872,0.032978,712
BUSAPPWNSAVAYY,regime-changey,eta0.5x,-4.732544,26.981507,0.031573,712
BUSAPPWNSAVAYY,regime-changey,eta2x,-4.729023,27.050729,0.030449,712
BUSAPPWNSAVAYY,regime-changey,eta4x,-4.726137,27.045481,0.029888,712
BUSAPPWNSAVT,stationary,eta1.0x,0.414124,0.130599,0.005007,767
BUSAPPWNSAVT,stationary,eta0.25x,0.411848,0.130660,0.005606,767
BUSAPPWNSAVT,stationary,eta0.5x,0.413822,0.130605,0.005267,767
BUSAPPWNSAVT,stationary,eta2x,0.413948,0.130586,0.005267,767
BUSAPPWNSAVT,stationary,eta4x,0.413971,0.130586,0.005267,767
BUSAPPWNSAW,stationary,eta1.0x,0.399521,0.104540,0.027692,767
BUSAPPWNSAW,stationary,eta0.25x,0.389468,0.105989,0.030039,767
BUSAPPWNSAW,stationary,eta0.5x,0.397511,0.104767,0.028475,767
BUSAPPWNSAW,stationary,eta2x,0.399728,0.104506,0.027692,767
BUSAPPWNSAW,stationary,eta4x,0.399888,0.104521,0.027692,767
BUSAPPWNSAVTYY,regime-changey,eta1.0x,-4.802230,19.331276,0.011517,712
BUSAPPWNSAVTYY,regime-changey,eta0.25x,-4.801852,19.347044,0.010955,712
BUSAPPWNSAVTYY,regime-changey,eta0.5x,-4.801249,19.331526,0.011517,712
BUSAPPWNSAVTYY,regime-changey,eta2x,-4.801774,19.331804,0.011517,712
BUSAPPWNSAVTYY,regime-changey,eta4x,-4.801345,19.327236,0.011236,712
BUSAPPWNSAWA,stationary,eta1.0x,0.236744,0.116122,0.013507,767
BUSAPPWNSAWA,stationary,eta0.25x,0.233823,0.116726,0.014550,767
BUSAPPWNSAWA,stationary,eta0.5x,0.236445,0.116319,0.014029,767
BUSAPPWNSAWA,stationary,eta2x,0.236738,0.116089,0.013585,767
BUSAPPWNSAWA,stationary,eta4x,0.236746,0.116086,0.013585,767
BUSAPPWNSAWAYY,regime-changey,eta1.0x,-4.606195,17.285970,0.018034,712
BUSAPPWNSAWAYY,regime-changey,eta0.25x,-4.636117,17.587631,0.017247,712
BUSAPPWNSAWAYY,regime-changey,eta0.5x,-4.620366,17.403533,0.018539,712
BUSAPPWNSAWAYY,regime-changey,eta2x,-4.589448,17.100627,0.016966,712
BUSAPPWNSAWAYY,regime-changey,eta4x,-4.579764,16.947345,0.017303,712
BUSAPPWNSAWI,stationary,eta1.0x,0.237169,0.121905,0.018123,767
BUSAPPWNSAWI,stationary,eta0.25x,0.230441,0.122874,0.015854,767
BUSAPPWNSAWI,stationary,eta0.5x,0.231448,0.122788,0.016819,767
BUSAPPWNSAWI,stationary,eta2x,0.237474,0.121760,0.017340,767
BUSAPPWNSAWI,stationary,eta4x,0.237435,0.121797,0.016297,767
BUSAPPWNSAWIYY,regime-changey,eta1.0x,-4.788248,26.657935,0.026798,712
BUSAPPWNSAWIYY,regime-changey,eta0.25x,-4.778548,24.433257,0.027528,712
BUSAPPWNSAWIYY,regime-changey,eta0.5x,-4.780842,24.928780,0.027809,712
BUSAPPWNSAWIYY,regime-changey,eta2x,-4.787070,26.700827,0.027303,712
BUSAPPWNSAWIYY,regime-changey,eta4x,-4.787907,26.717541,0.026742,712
BUSAPPWNSAWV,stationary,eta1.0x,0.335332,0.124398,0.014368,767
BUSAPPWNSAWV,stationary,eta0.25x,0.336033,0.124595,0.015411,767
BUSAPPWNSAWV,stationary,eta0.5x,0.336790,0.124436,0.014368,767
BUSAPPWNSAWV,stationary,eta2x,0.335270,0.124405,0.014368,767
BUSAPPWNSAWV,stationary,eta4x,0.335267,0.124408,0.014107,767
BUSAPPWNSAWY,regime-changey,eta1.0x,0.351377,0.107396,0.011004,767
BUSAPPWNSAWY,regime-changey,eta0.25x,0.350862,0.107680,0.011265,767
BUSAPPWNSAWY,regime-changey,eta0.5x,0.350557,0.107496,0.011265,767
BUSAPPWNSAWY,regime-changey,eta2x,0.351576,0.107377,0.011004,767
BUSAPPWNSAWY,regime-changey,eta4x,0.351543,0.107385,0.010743,767
BUSAPPWNSAWVYY,regime-changey,eta1.0x,-4.738265,20.997218,0.012921,712
BUSAPPWNSAWVYY,regime-changey,eta0.25x,-4.738833,20.988651,0.013202,712
BUSAPPWNSAWVYY,regime-changey,eta0.5x,-4.736742,20.992756,0.013483,712
BUSAPPWNSAWVYY,regime-changey,eta2x,-4.738807,21.010057,0.013764,712
BUSAPPWNSAWVYY,regime-changey,eta4x,-4.738855,21.009565,0.013764,712
BUSAPPWNSAWYY,regime-changey,eta1.0x,-4.473614,18.759089,0.035225,712
BUSAPPWNSAWYY,regime-changey,eta0.25x,-4.477908,18.705324,0.037472,712
BUSAPPWNSAWYY,regime-changey,eta0.5x,-4.477985,18.795547,0.036011,712
BUSAPPWNSAWYY,regime-changey,eta2x,-4.470738,18.746285,0.036348,712
BUSAPPWNSAWYY,regime-changey,eta4x,-4.471326,18.749997,0.035506,712
BUSLOANS,regime-changey,eta1.0x,3.655553,0.003801,0.006891,653
BUSLOANS,regime-changey,eta0.25x,3.654702,0.003814,0.005972,653
BUSLOANS,regime-changey,eta0.5x,3.655552,0.003812,0.005360,653
BUSLOANS,regime-changey,eta2x,3.654885,0.003801,0.006891,653
BUSLOANS,regime-changey,eta4x,3.654680,0.003801,0.007198,653
BUSLOANSNSA,stationary,eta1.0x,3.376076,0.004847,0.009342,653
BUSLOANSNSA,stationary,eta0.25x,3.419319,0.004661,0.010352,653
BUSLOANSNSA,stationary,eta0.5x,3.395381,0.004767,0.010260,653
BUSLOANSNSA,stationary,eta2x,3.363219,0.004894,0.011485,653
BUSLOANSNSA,stationary,eta4x,3.355283,0.004913,0.010873,653
BUSAPPWNSAWYYY,regime-changey,eta1.0x,-4.779671,21.220092,0.012753,712
BUSAPPWNSAWYYY,regime-changey,eta0.25x,-4.805088,21.678817,0.014157,712
BUSAPPWNSAWYYY,regime-changey,eta0.5x,-4.798632,21.457225,0.013820,712
BUSAPPWNSAWYYY,regime-changey,eta2x,-4.768688,21.082340,0.013876,712
BUSAPPWNSAWYYY,regime-changey,eta4x,-4.766637,21.056239,0.013371,712
CANCP040100GYM,regime-changey,eta1.0x,0.446166,0.115555,0.020000,602
CANCP040100GYM,regime-changey,eta0.25x,0.447964,0.115252,0.023987,602
CANCP040100GYM,regime-changey,eta0.5x,0.446897,0.115466,0.021196,602
CANCP040100GYM,regime-changey,eta2x,0.446573,0.115557,0.020000,602
CANCP040100GYM,regime-changey,eta4x,0.446533,0.115557,0.020000,602
CANAN,stationary,eta1.0x,4.263075,0.002270,0.007370,749
CANAN,stationary,eta0.25x,4.263162,0.002271,0.007637,749
CANAN,stationary,eta0.5x,4.264021,0.002270,0.006569,749
CANAN,stationary,eta2x,4.263088,0.002270,0.007370,749
CANAN,stationary,eta4x,4.263074,0.002270,0.007103,749
CANCP040100IXOBM,regime-changey,eta1.0x,5.359082,0.001117,0.018893,614
CANCP040100IXOBM,regime-changey,eta0.25x,5.357418,0.001112,0.019088,614
CANCP040100IXOBM,regime-changey,eta0.5x,5.361635,0.001114,0.018762,614
CANCP040100IXOBM,regime-changey,eta2x,5.357351,0.001117,0.018762,614
CANCP040100IXOBM,regime-changey,eta4x,5.357367,0.001116,0.018436,614
CANCP040200IXOBM,regime-changey,eta1.0x,4.554134,0.001864,0.026059,614
CANCP040200IXOBM,regime-changey,eta0.25x,4.585526,0.001793,0.024951,614
CANCP040200IXOBM,regime-changey,eta0.5x,4.565352,0.001835,0.024430,614
CANCP040200IXOBM,regime-changey,eta2x,4.547238,0.001876,0.025733,614
CANCP040200IXOBM,regime-changey,eta4x,4.541345,0.001888,0.026384,614
CANCP040200GYM,stationary,eta1.0x,-0.282190,0.189217,0.020266,602
CANCP040200GYM,stationary,eta0.25x,-0.276449,0.187389,0.020332,602
CANCP040200GYM,stationary,eta0.5x,-0.279024,0.188352,0.018671,602
CANCP040200GYM,stationary,eta2x,-0.283912,0.189600,0.020930,602
CANCP040200GYM,stationary,eta4x,-0.286677,0.190007,0.020266,602
CANCPGRHO01IXOBM,regime-changey,eta1.0x,4.638195,0.001392,0.011726,614
CANCPGRHO01IXOBM,regime-changey,eta0.25x,4.644242,0.001373,0.011726,614
CANCPGRHO01IXOBM,regime-changey,eta0.5x,4.643575,0.001381,0.013550,614
CANCPGRHO01IXOBM,regime-changey,eta2x,4.637052,0.001395,0.012378,614
CANCPGRHO01IXOBM,regime-changey,eta4x,4.635815,0.001397,0.012248,614
CANCPGRHO01GYM,stationary,eta1.0x,-0.060753,0.150513,0.006844,602
CANCPGRHO01GYM,stationary,eta0.25x,-0.052095,0.148811,0.007110,602
CANCPGRHO01GYM,stationary,eta0.5x,-0.060530,0.150351,0.006379,602
CANCPGRHO01GYM,stationary,eta2x,-0.060792,0.150392,0.006910,602
CANCPGRHO01GYM,stationary,eta4x,-0.060520,0.150297,0.006844,602
CACCLAIMS,stationary,eta1.0x,1.322379,0.038964,0.009800,1000
CACCLAIMS,stationary,eta0.25x,1.330653,0.038680,0.010400,1000
CACCLAIMS,stationary,eta0.5x,1.326539,0.038797,0.009600,1000
CACCLAIMS,stationary,eta2x,1.317954,0.039090,0.009800,1000
CACCLAIMS,stationary,eta4x,1.313682,0.039310,0.010200,1000
CAINSUREDUR,stationary,eta1.0x,1.320373,0.039006,0.010600,1000
CAINSUREDUR,stationary,eta0.25x,1.327543,0.038731,0.010200,1000
CAINSUREDUR,stationary,eta0.5x,1.324379,0.038837,0.010000,1000
CAINSUREDUR,stationary,eta2x,1.317493,0.039049,0.009600,1000
CAINSUREDUR,stationary,eta4x,1.312552,0.039293,0.009800,1000
CAICLAIMS,stationary,eta1.0x,0.561394,0.080624,0.008600,1000
CAICLAIMS,stationary,eta0.25x,0.561779,0.080619,0.008600,1000
CAICLAIMS,stationary,eta0.5x,0.561461,0.080619,0.008200,1000
CAICLAIMS,stationary,eta2x,0.561296,0.080621,0.008200,1000
CAICLAIMS,stationary,eta4x,0.561284,0.080621,0.008000,1000
CANLOLITOAASTSAM,stationary,eta1.0x,5.969403,0.000473,0.016697,545
CANLOLITOAASTSAM,stationary,eta0.25x,5.970069,0.000473,0.017064,545
CANLOLITOAASTSAM,stationary,eta0.5x,5.969598,0.000473,0.016697,545
CANLOLITOAASTSAM,stationary,eta2x,5.969222,0.000473,0.016697,545
CANLOLITOAASTSAM,stationary,eta4x,5.969184,0.000473,0.016697,545
CANHOUREAMISMEI,regime-changey,eta1.0x,2.974934,0.007718,0.010450,555
CANHOUREAMISMEI,regime-changey,eta0.25x,2.980216,0.007706,0.011171,555
CANHOUREAMISMEI,regime-changey,eta0.5x,2.977858,0.007709,0.010450,555
CANHOUREAMISMEI,regime-changey,eta2x,2.974113,0.007723,0.010811,555
CANHOUREAMISMEI,regime-changey,eta4x,2.974044,0.007724,0.010811,555
CANLOLITONOSTSAM,stationary,eta1.0x,6.144024,0.000410,0.012791,516
CANLOLITONOSTSAM,stationary,eta0.25x,6.144974,0.000410,0.013566,516
CANLOLITONOSTSAM,stationary,eta0.5x,6.145344,0.000410,0.013566,516
CANLOLITONOSTSAM,stationary,eta2x,6.144085,0.000410,0.012791,516
CANLOLITONOSTSAM,stationary,eta4x,6.143993,0.000410,0.012791,516
CANCPIALLMINMEI,stationary,eta1.0x,5.109724,0.002360,0.019600,1000
CANCPIALLMINMEI,stationary,eta0.25x,5.097443,0.002368,0.021000,1000
CANCPIALLMINMEI,stationary,eta0.5x,5.102328,0.002364,0.020200,1000
CANCPIALLMINMEI,stationary,eta2x,5.113200,0.002360,0.020600,1000
CANCPIALLMINMEI,stationary,eta4x,5.113208,0.002361,0.021000,1000
CANPIEAMP01GPM,stationary,eta1.0x,-1.090554,0.420783,0.009163,502
CANPIEAMP01GPM,stationary,eta0.25x,-1.090264,0.420775,0.009562,502
CANPIEAMP01GPM,stationary,eta0.5x,-1.090468,0.420789,0.009163,502
CANPIEAMP01GPM,stationary,eta2x,-1.090643,0.420782,0.009163,502
CANPIEAMP01GPM,stationary,eta4x,-1.090675,0.420785,0.009562,502
CANODCNPI03GPSAM,stationary,eta1.0x,-3.791770,5.850827,0.012019,639
CANODCNPI03GPSAM,stationary,eta0.25x,-3.791439,5.849808,0.011987,639
CANODCNPI03GPSAM,stationary,eta0.5x,-3.790780,5.850935,0.011674,639
CANODCNPI03GPSAM,stationary,eta2x,-3.792062,5.850887,0.012332,639
CANODCNPI03GPSAM,stationary,eta4x,-3.791992,5.850731,0.012332,639
CANODCNPI03GYSAM,stationary,eta1.0x,-4.121152,8.310493,0.006943,628
CANODCNPI03GYSAM,stationary,eta0.25x,-4.128240,8.349699,0.006624,628
CANODCNPI03GYSAM,stationary,eta0.5x,-4.122544,8.315508,0.006624,628
CANODCNPI03GYSAM,stationary,eta2x,-4.121763,8.310855,0.006624,628
CANODCNPI03GYSAM,stationary,eta4x,-4.121815,8.311146,0.006624,628
CANPERMITMISMEI,stationary,eta1.0x,0.996562,0.049083,0.011661,614
CANPERMITMISMEI,stationary,eta0.25x,0.990785,0.049310,0.009772,614
CANPERMITMISMEI,stationary,eta0.5x,0.996332,0.049119,0.011987,614
CANPERMITMISMEI,stationary,eta2x,0.994967,0.049119,0.011336,614
CANPERMITMISMEI,stationary,eta4x,0.994785,0.049133,0.012182,614
CANSACRMISMEI,regime-changey,eta1.0x,1.223048,0.048667,0.008925,623
CANSACRMISMEI,regime-changey,eta0.25x,1.228433,0.047137,0.008186,623
CANSACRMISMEI,regime-changey,eta0.5x,1.223243,0.048571,0.007961,623
CANSACRMISMEI,regime-changey,eta2x,1.223197,0.048637,0.008925,623
CANSACRMISMEI,regime-changey,eta4x,1.223083,0.048627,0.008925,623
CANSLRTCR03GPSAM,regime-changey,eta1.0x,-3.702923,8.998296,0.012699,652
CANSLRTCR03GPSAM,regime-changey,eta0.25x,-3.703595,9.006891,0.012086,652
CANSLRTCR03GPSAM,regime-changey,eta0.5x,-3.703322,9.001083,0.013006,652
CANSLRTCR03GPSAM,regime-changey,eta2x,-3.703042,8.998963,0.012699,652
CANSLRTCR03GPSAM,regime-changey,eta4x,-3.703109,8.999441,0.012699,652
CANSLRTCR03GYSAM,regime-changey,eta1.0x,-3.916944,15.609505,0.013604,641
CANSLRTCR03GYSAM,regime-changey,eta0.25x,-3.897304,12.364357,0.014789,641
CANSLRTCR03GYSAM,regime-changey,eta0.5x,-3.918962,15.464853,0.013292,641
CANSLRTCR03GYSAM,regime-changey,eta2x,-3.913802,15.607207,0.014228,641
CANSLRTCR03GYSAM,regime-changey,eta4x,-3.912275,15.594577,0.013916,641
CANSPASTT01GYM,stationary,eta1.0x,-3.239766,3.481015,0.015835,533
CANSPASTT01GYM,stationary,eta0.25x,-3.236771,3.481087,0.014334,533
CANSPASTT01GYM,stationary,eta0.5x,-3.239321,3.481316,0.015084,533
CANSPASTT01GYM,stationary,eta2x,-3.241635,3.485813,0.014334,533
CANSPASTT01GYM,stationary,eta4x,-3.245248,3.489747,0.014822,533
CANWSCNDW01IXOBSAM,stationary,eta1.0x,0.916424,0.053898,0.007900,519
CANWSCNDW01IXOBSAM,stationary,eta0.25x,0.901064,0.054819,0.002890,519
CANWSCNDW01IXOBSAM,stationary,eta0.5x,0.912210,0.054165,0.007900,519
CANWSCNDW01IXOBSAM,stationary,eta2x,0.918637,0.053803,0.007900,519
CANWSCNDW01IXOBSAM,stationary,eta4x,0.919987,0.053731,0.009403,519
CANXTEXVA01CXMLM,stationary,eta1.0x,1.444681,0.031746,0.010206,533
CANXTEXVA01CXMLM,stationary,eta0.25x,1.441943,0.031771,0.010807,533
CANXTEXVA01CXMLM,stationary,eta0.5x,1.447731,0.031645,0.011069,533
CANXTEXVA01CXMLM,stationary,eta2x,1.441585,0.031829,0.010582,533
CANXTEXVA01CXMLM,stationary,eta4x,1.440133,0.031881,0.011445,533
CANXTIMVA01CXMLM,stationary,eta1.0x,1.400694,0.033214,0.013321,533
CANXTIMVA01CXMLM,stationary,eta0.25x,1.402600,0.033155,0.012946,533
CANXTIMVA01CXMLM,stationary,eta0.5x,1.400917,0.033212,0.012946,533
CANXTIMVA01CXMLM,stationary,eta2x,1.400597,0.033214,0.013321,533
CANXTIMVA01CXMLM,stationary,eta4x,1.400435,0.033216,0.013321,533
CAPB00004S,regime-changey,eta1.0x,8.140038,0.000043,0.007676,641
CAPB00004S,regime-changey,eta0.25x,8.121134,0.000043,0.011732,641
CAPB00004S,regime-changey,eta0.5x,8.133647,0.000043,0.008331,641
CAPB00004S,regime-changey,eta2x,8.146007,0.000042,0.009173,641
CAPB00004S,regime-changey,eta4x,8.147707,0.000042,0.008580,641
CAPB562A3CS,stationary,eta1.0x,7.959796,0.000052,0.010903,642
CAPB562A3CS,stationary,eta0.25x,7.948264,0.000052,0.011838,642
CAPB562A3CS,stationary,eta0.5x,7.955282,0.000052,0.009657,642
CAPB562A3CS,stationary,eta2x,7.963377,0.000052,0.014330,642
CAPB562A3CS,stationary,eta4x,7.964551,0.000052,0.012461,642
CAPB5640CS,stationary,eta1.0x,7.572836,0.000072,0.014642,642
CAPB5640CS,stationary,eta0.25x,7.562940,0.000073,0.015639,642
CAPB5640CS,stationary,eta0.5x,7.569707,0.000073,0.015265,642
CAPB5640CS,stationary,eta2x,7.572106,0.000072,0.014330,642
CAPB5640CS,stationary,eta4x,7.574664,0.000072,0.014953,642
CAPG322S,stationary,eta1.0x,7.638424,0.000066,0.015476,641
CAPG322S,stationary,eta0.25x,7.653762,0.000065,0.018284,641
CAPG322S,stationary,eta0.5x,7.646094,0.000065,0.017972,641
CAPG322S,stationary,eta2x,7.635283,0.000066,0.013947,641
CAPG322S,stationary,eta4x,7.631892,0.000066,0.013916,641
CAPG325S,stationary,eta1.0x,7.495450,0.000080,0.015164,641
CAPG325S,stationary,eta0.25x,7.488541,0.000080,0.015788,641
CAPG325S,stationary,eta0.5x,7.499465,0.000079,0.015788,641
CAPG325S,stationary,eta2x,7.499810,0.000079,0.014540,641
CAPG325S,stationary,eta4x,7.504783,0.000079,0.015164,641
CAPG324S,stationary,eta1.0x,6.773754,0.000169,0.009097,642
CAPG324S,stationary,eta0.25x,6.767132,0.000170,0.008100,642
CAPG324S,stationary,eta0.5x,6.772501,0.000169,0.009034,642
CAPG324S,stationary,eta2x,6.773995,0.000169,0.009097,642
CAPG324S,stationary,eta4x,6.774151,0.000169,0.009097,642
CAPG326S,stationary,eta1.0x,7.067229,0.000125,0.016573,642
CAPG326S,stationary,eta0.25x,6.957134,0.000137,0.018692,642
CAPG326S,stationary,eta0.5x,7.018875,0.000130,0.017508,642
CAPG326S,stationary,eta2x,7.105005,0.000123,0.016137,642
CAPG326S,stationary,eta4x,7.121989,0.000122,0.015888,642
CANXTNTVA01CXMLM,regime-changey,eta1.0x,-20.000000,604576128.811812,0.022289,533
CANXTNTVA01CXMLM,regime-changey,eta0.25x,-20.000000,636030862.291038,0.023189,533
CANXTNTVA01CXMLM,regime-changey,eta0.5x,-20.000000,618071890.748042,0.026304,533
CANXTNTVA01CXMLM,regime-changey,eta2x,-20.000000,599829514.007538,0.020675,533
CANXTNTVA01CXMLM,regime-changey,eta4x,-19.997935,593573633.729148,0.007317,533
CAPG327S,regime-changey,eta1.0x,7.508497,0.000079,0.020249,642
CAPG327S,regime-changey,eta0.25x,7.495720,0.000079,0.018692,642
CAPG327S,regime-changey,eta0.5x,7.499370,0.000079,0.019938,642
CAPG327S,regime-changey,eta2x,7.513951,0.000078,0.021807,642
CAPG327S,regime-changey,eta4x,7.519282,0.000078,0.021495,642
CAPG332S,stationary,eta1.0x,7.491221,0.000075,0.012336,642
CAPG332S,stationary,eta0.25x,7.507286,0.000075,0.012025,642
CAPG332S,stationary,eta0.5x,7.489175,0.000075,0.012710,642
CAPG332S,stationary,eta2x,7.493327,0.000075,0.012648,642
CAPG332S,stationary,eta4x,7.494032,0.000075,0.012648,642
CAPG3361T3S,stationary,eta1.0x,6.976271,0.000133,0.014330,642
CAPG3361T3S,stationary,eta0.25x,6.954264,0.000136,0.013084,642
CAPG3361T3S,stationary,eta0.5x,6.970389,0.000134,0.014019,642
CAPG3361T3S,stationary,eta2x,6.980664,0.000132,0.014019,642
CAPG3361T3S,stationary,eta4x,6.980846,0.000132,0.013769,642
CAPG3364T9S,stationary,eta1.0x,7.318865,0.000106,0.010218,642
CAPG3364T9S,stationary,eta0.25x,7.304198,0.000107,0.013022,642
CAPG3364T9S,stationary,eta0.5x,7.314143,0.000106,0.013333,642
CAPG3364T9S,stationary,eta2x,7.319190,0.000106,0.008910,642
CAPG3364T9S,stationary,eta4x,7.319746,0.000106,0.008287,642
CAPUTLB562A3CS,stationary,eta1.0x,3.404585,0.004680,0.008224,642
CAPUTLB562A3CS,stationary,eta0.25x,3.395252,0.004733,0.008723,642
CAPUTLB562A3CS,stationary,eta0.5x,3.399662,0.004706,0.009720,642
CAPUTLB562A3CS,stationary,eta2x,3.407270,0.004667,0.007539,642
CAPUTLB562A3CS,stationary,eta4x,3.407451,0.004667,0.007539,642
CAOCARC,stationary,eta1.0x,-4.103875,149.111020,0.069400,1000
CAOCARC,stationary,eta0.25x,-4.103305,149.065857,0.069400,1000
CAOCARC,stationary,eta0.5x,-4.103719,149.102014,0.069400,1000
CAOCARC,stationary,eta2x,-4.103942,149.114756,0.069400,1000
CAOCARC,stationary,eta4x,-4.103930,149.114081,0.069400,1000
CAPUTLB5640CS,regime-changey,eta1.0x,3.345924,0.005141,0.006916,642
CAPUTLB5640CS,regime-changey,eta0.25x,3.361771,0.004930,0.006604,642
CAPUTLB5640CS,regime-changey,eta0.5x,3.355578,0.004995,0.006916,642
CAPUTLB5640CS,regime-changey,eta2x,3.334451,0.005298,0.011464,642
CAPUTLB5640CS,regime-changey,eta4x,3.335399,0.005295,0.009657,642
CAPUTLG322S,stationary,eta1.0x,2.825422,0.008042,0.008986,641
CAPUTLG322S,stationary,eta0.25x,2.816328,0.008110,0.010764,641
CAPUTLG322S,stationary,eta0.5x,2.821182,0.008074,0.011700,641
CAPUTLG322S,stationary,eta2x,2.826815,0.008028,0.008643,641
CAPUTLG322S,stationary,eta4x,2.827177,0.008023,0.009891,641
CAPUTLG324S,stationary,eta1.0x,2.626561,0.010142,0.007863,641
CAPUTLG324S,stationary,eta0.25x,2.634788,0.010070,0.008580,641
CAPUTLG324S,stationary,eta0.5x,2.635823,0.010068,0.008580,641
CAPUTLG324S,stationary,eta2x,2.622079,0.010194,0.005741,641
CAPUTLG324S,stationary,eta4x,2.622008,0.010204,0.005398,641
CAPUTLG325S,stationary,eta1.0x,3.106471,0.006128,0.007676,641
CAPUTLG325S,stationary,eta0.25x,3.112872,0.006105,0.008050,641
CAPUTLG325S,stationary,eta0.5x,3.110897,0.006114,0.007426,641
CAPUTLG325S,stationary,eta2x,3.103616,0.006140,0.008892,641
CAPUTLG325S,stationary,eta4x,3.103601,0.006136,0.009516,641
CAPUTLG326S,regime-changey,eta1.0x,2.936598,0.008115,0.006022,641
CAPUTLG326S,regime-changey,eta0.25x,2.950493,0.007826,0.008612,641
CAPUTLG326S,regime-changey,eta0.5x,2.932176,0.008159,0.012637,641
CAPUTLG326S,regime-changey,eta2x,2.939076,0.008106,0.006053,641
CAPUTLG326S,regime-changey,eta4x,2.936046,0.008127,0.005741,641
CAPUTLG327S,stationary,eta1.0x,2.767192,0.008573,0.009034,642
CAPUTLG327S,stationary,eta0.25x,2.765000,0.008539,0.007726,642
CAPUTLG327S,stationary,eta0.5x,2.768298,0.008536,0.008100,642
CAPUTLG327S,stationary,eta2x,2.767844,0.008557,0.007788,642
CAPUTLG327S,stationary,eta4x,2.769066,0.008542,0.008100,642
CAPUTLG332S,stationary,eta1.0x,3.293573,0.005027,0.005772,641
CAPUTLG332S,stationary,eta0.25x,3.289188,0.005074,0.007707,641
CAPUTLG332S,stationary,eta0.5x,3.289968,0.005051,0.008300,641
CAPUTLG332S,stationary,eta2x,3.295378,0.005016,0.007020,641
CAPUTLG332S,stationary,eta4x,3.295862,0.005011,0.007925,641
CAPUTLG3364T9S,stationary,eta1.0x,2.736218,0.009534,0.008300,641
CAPUTLG3364T9S,stationary,eta0.25x,2.733235,0.009388,0.008580,641
CAPUTLG3364T9S,stationary,eta0.5x,2.737491,0.009450,0.008300,641
CAPUTLG3364T9S,stationary,eta2x,2.724866,0.009672,0.006147,641
CAPUTLG3364T9S,stationary,eta4x,2.724813,0.009670,0.006708,641
CAPUTLG3361T3S,regime-changey,eta1.0x,1.695306,0.028813,0.015101,641
CAPUTLG3361T3S,regime-changey,eta0.25x,1.696947,0.028688,0.015413,641
CAPUTLG3361T3S,regime-changey,eta0.5x,1.696623,0.028707,0.015101,641
CAPUTLG3361T3S,regime-changey,eta2x,1.688827,0.029384,0.014477,641
CAPUTLG3361T3S,regime-changey,eta4x,1.686332,0.029588,0.015101,641
CASACBW027NBOG,stationary,eta1.0x,2.035323,0.018489,0.009400,1000
CASACBW027NBOG,stationary,eta0.25x,2.023765,0.018461,0.009400,1000
CASACBW027NBOG,stationary,eta0.5x,2.032400,0.018478,0.009000,1000
CASACBW027NBOG,stationary,eta2x,2.034840,0.018509,0.009000,1000
CASACBW027NBOG,stationary,eta4x,2.025722,0.018536,0.009600,1000
CASACBW027SBOG,regime-changey,eta1.0x,2.339382,0.014335,0.007000,1000
CASACBW027SBOG,regime-changey,eta0.25x,2.335341,0.014343,0.005800,1000
CASACBW027SBOG,regime-changey,eta0.5x,2.334377,0.014342,0.006000,1000
CASACBW027SBOG,regime-changey,eta2x,2.341526,0.014307,0.006200,1000
CASACBW027SBOG,regime-changey,eta4x,2.340143,0.014295,0.005800,1000
CASDCBW027NBOG,stationary,eta1.0x,1.773930,0.023531,0.014800,1000
CASDCBW027NBOG,stationary,eta0.25x,1.777548,0.023464,0.015600,1000
CASDCBW027NBOG,stationary,eta0.5x,1.775597,0.023495,0.015000,1000
CASDCBW027NBOG,stationary,eta2x,1.772945,0.023540,0.015200,1000
CASDCBW027NBOG,stationary,eta4x,1.772773,0.023542,0.015400,1000
CASDCBW027SBOG,stationary,eta1.0x,2.191036,0.016178,0.009000,1000
CASDCBW027SBOG,stationary,eta0.25x,2.197019,0.016091,0.004600,1000
CASDCBW027SBOG,stationary,eta0.5x,2.192997,0.016163,0.008800,1000
CASDCBW027SBOG,stationary,eta2x,2.190782,0.016180,0.009200,1000
CASDCBW027SBOG,stationary,eta4x,2.190860,0.016179,0.009400,1000
CASFRIW027NBOG,stationary,eta1.0x,1.367525,0.037265,0.006200,1000
CASFRIW027NBOG,stationary,eta0.25x,1.368107,0.037288,0.006600,1000
CASFRIW027NBOG,stationary,eta0.5x,1.368162,0.037259,0.006200,1000
CASFRIW027NBOG,stationary,eta2x,1.367600,0.037275,0.006400,1000
CASFRIW027NBOG,stationary,eta4x,1.367644,0.037293,0.006800,1000
CASFRIW027SBOG,regime-changey,eta1.0x,1.595449,0.030486,0.010000,1000
CASFRIW027SBOG,regime-changey,eta0.25x,1.595676,0.030480,0.010600,1000
CASFRIW027SBOG,regime-changey,eta0.5x,1.595745,0.030476,0.009800,1000
CASFRIW027SBOG,regime-changey,eta2x,1.596006,0.030486,0.009800,1000
CASFRIW027SBOG,regime-changey,eta4x,1.596027,0.030489,0.009800,1000
CASLCBW027SBOG,stationary,eta1.0x,2.036494,0.018736,0.007000,1000
CASLCBW027SBOG,stationary,eta0.25x,2.044860,0.018631,0.008600,1000
CASLCBW027SBOG,stationary,eta0.5x,2.037415,0.018730,0.006600,1000
CASLCBW027SBOG,stationary,eta2x,2.036175,0.018737,0.007200,1000
CASLCBW027SBOG,stationary,eta4x,2.035978,0.018737,0.007000,1000
CASLCBW027NBOG,stationary,eta1.0x,1.667464,0.026334,0.013600,1000
CASLCBW027NBOG,stationary,eta0.25x,1.674844,0.026290,0.014200,1000
CASLCBW027NBOG,stationary,eta0.5x,1.668521,0.026302,0.013600,1000
CASLCBW027NBOG,stationary,eta2x,1.667372,0.026343,0.013800,1000
CASLCBW027NBOG,stationary,eta4x,1.667445,0.026353,0.013600,1000
CASSCBW027NBOG,stationary,eta1.0x,1.965464,0.018835,0.009800,1000
CASSCBW027NBOG,stationary,eta0.25x,1.964614,0.018843,0.009800,1000
CASSCBW027NBOG,stationary,eta0.5x,1.964949,0.018840,0.010200,1000
CASSCBW027NBOG,stationary,eta2x,1.965649,0.018834,0.009600,1000
CASSCBW027NBOG,stationary,eta4x,1.964702,0.018849,0.009000,1000
CATOTCA,stationary,eta1.0x,3.404301,0.006866,0.041400,1000
CATOTCA,stationary,eta0.25x,3.403628,0.006865,0.041400,1000
CATOTCA,stationary,eta0.5x,3.404837,0.006866,0.041400,1000
CATOTCA,stationary,eta2x,3.404258,0.006866,0.041400,1000
CATOTCA,stationary,eta4x,3.404238,0.006867,0.041400,1000
CASSCBW027SBOG,stationary,eta1.0x,2.205917,0.014851,0.009000,1000
CASSCBW027SBOG,stationary,eta0.25x,2.210266,0.014852,0.009000,1000
CASSCBW027SBOG,stationary,eta0.5x,2.205747,0.014852,0.008800,1000
CASSCBW027SBOG,stationary,eta2x,2.206034,0.014849,0.009000,1000
CASSCBW027SBOG,stationary,eta4x,2.205717,0.014849,0.009000,1000
CBBCHUSD,stationary,eta1.0x,1.872730,0.021264,0.003800,1000
CBBCHUSD,stationary,eta0.25x,1.877254,0.021153,0.005000,1000
CBBCHUSD,stationary,eta0.5x,1.877214,0.021152,0.005600,1000
CBBCHUSD,stationary,eta2x,1.864635,0.021436,0.005400,1000
CBBCHUSD,stationary,eta4x,1.854535,0.021620,0.006400,1000
CBBTCUSD,stationary,eta1.0x,2.337131,0.013164,0.005800,1000
CBBTCUSD,stationary,eta0.25x,2.336978,0.013164,0.005800,1000
CBBTCUSD,stationary,eta0.5x,2.337144,0.013164,0.005800,1000
CBBTCUSD,stationary,eta2x,2.337062,0.013164,0.005800,1000
CBBTCUSD,stationary,eta4x,2.336973,0.013164,0.005800,1000
CBCCIND,stationary,eta1.0x,1.790601,0.024007,0.007600,1000
CBCCIND,stationary,eta0.25x,1.804809,0.023584,0.006000,1000
CBCCIND,stationary,eta0.5x,1.796689,0.023819,0.007200,1000
CBCCIND,stationary,eta2x,1.776887,0.024203,0.006200,1000
CBCCIND,stationary,eta4x,1.775316,0.024228,0.007200,1000
CBLTCUSD,stationary,eta1.0x,1.997627,0.018966,0.002800,1000
CBLTCUSD,stationary,eta0.25x,1.998083,0.018964,0.002800,1000
CBLTCUSD,stationary,eta0.5x,1.998042,0.018965,0.002800,1000
CBLTCUSD,stationary,eta2x,1.996083,0.018983,0.003000,1000
CBLTCUSD,stationary,eta4x,1.994612,0.018994,0.003400,1000
CBETHUSD,stationary,eta1.0x,1.970406,0.018868,0.007000,1000
CBETHUSD,stationary,eta0.25x,1.983954,0.018659,0.007000,1000
CBETHUSD,stationary,eta0.5x,1.971429,0.018868,0.007800,1000
CBETHUSD,stationary,eta2x,1.969995,0.018868,0.007400,1000
CBETHUSD,stationary,eta4x,1.970447,0.018868,0.007400,1000
CBUSAPPWNSAAL,stationary,eta1.0x,0.957000,0.142696,0.023416,767
CBUSAPPWNSAAL,stationary,eta0.25x,0.956983,0.142962,0.022634,767
CBUSAPPWNSAAL,stationary,eta0.5x,0.956899,0.142709,0.023155,767
CBUSAPPWNSAAL,stationary,eta2x,0.957063,0.142701,0.023416,767
CBUSAPPWNSAAL,stationary,eta4x,0.956782,0.142689,0.023155,767
CBUSAPPWNSAALYY,stationary,eta1.0x,-4.659130,20.229436,0.013764,712
CBUSAPPWNSAALYY,stationary,eta0.25x,-4.661837,20.315715,0.014045,712
CBUSAPPWNSAALYY,stationary,eta0.5x,-4.659423,20.241954,0.013764,712
CBUSAPPWNSAALYY,stationary,eta2x,-4.659284,20.229290,0.013764,712
CBUSAPPWNSAALYY,stationary,eta4x,-4.659418,20.229534,0.013483,712
CBUSAPPWNSAAKYY,stationary,eta1.0x,-3.524544,35.306430,0.039578,711
CBUSAPPWNSAAKYY,stationary,eta0.25x,-3.518388,35.297441,0.039297,711
CBUSAPPWNSAAKYY,stationary,eta0.5x,-3.524470,35.309145,0.039578,711
CBUSAPPWNSAAKYY,stationary,eta2x,-3.524395,35.308424,0.039578,711
CBUSAPPWNSAAKYY,stationary,eta4x,-3.524433,35.309109,0.039578,711
CBUSAPPWNSAAR,stationary,eta1.0x,0.913294,0.159646,0.022634,767
CBUSAPPWNSAAR,stationary,eta0.25x,0.913785,0.159680,0.022634,767
CBUSAPPWNSAAR,stationary,eta0.5x,0.913326,0.159649,0.022634,767
CBUSAPPWNSAAR,stationary,eta2x,0.913283,0.159645,0.022634,767
CBUSAPPWNSAAR,stationary,eta4x,0.913266,0.159646,0.022634,767
CBUSAPPWNSAARYY,stationary,eta1.0x,-4.749805,21.252487,0.013427,712
CBUSAPPWNSAARYY,stationary,eta0.25x,-4.751832,21.270064,0.012865,712
CBUSAPPWNSAARYY,stationary,eta0.5x,-4.751385,21.254080,0.013427,712
CBUSAPPWNSAARYY,stationary,eta2x,-4.749946,21.253231,0.013427,712
CBUSAPPWNSAARYY,stationary,eta4x,-4.749956,21.253281,0.013427,712
CBSD678FRBCLE,stationary,eta1.0x,4.511497,0.002849,0.011600,1000
CBSD678FRBCLE,stationary,eta0.25x,4.510317,0.002844,0.013200,1000
CBSD678FRBCLE,stationary,eta0.5x,4.512660,0.002848,0.012000,1000
CBSD678FRBCLE,stationary,eta2x,4.510675,0.002850,0.012400,1000
CBSD678FRBCLE,stationary,eta4x,4.511188,0.002850,0.012000,1000
CBUSAPPWNSAAZ,stationary,eta1.0x,0.604728,0.127960,0.013794,767
CBUSAPPWNSAAZ,stationary,eta0.25x,0.603474,0.127987,0.013533,767
CBUSAPPWNSAAZ,stationary,eta0.5x,0.604379,0.127976,0.013533,767
CBUSAPPWNSAAZ,stationary,eta2x,0.605049,0.127944,0.013533,767
CBUSAPPWNSAAZ,stationary,eta4x,0.605169,0.127940,0.013794,767
CBUSAPPWNSAAZYY,stationary,eta1.0x,-4.735187,20.756580,0.010618,712
CBUSAPPWNSAAZYY,stationary,eta0.25x,-4.742919,20.905818,0.010056,712
CBUSAPPWNSAAZYY,stationary,eta0.5x,-4.735654,20.767710,0.010618,712
CBUSAPPWNSAAZYY,stationary,eta2x,-4.735182,20.756449,0.010618,712
CBUSAPPWNSAAZYY,stationary,eta4x,-4.735173,20.756302,0.010618,712
CBUSAPPWNSACA,stationary,eta1.0x,0.208280,0.119371,0.013611,767
CBUSAPPWNSACA,stationary,eta0.25x,0.208239,0.119386,0.015437,767
CBUSAPPWNSACA,stationary,eta0.5x,0.208595,0.119483,0.014576,767
CBUSAPPWNSACA,stationary,eta2x,0.209076,0.119269,0.014472,767
CBUSAPPWNSACA,stationary,eta4x,0.209132,0.119284,0.014993,767
CBUSAPPWNSACAYY,regime-changey,eta1.0x,-4.590770,19.808572,0.016404,712
CBUSAPPWNSACAYY,regime-changey,eta0.25x,-4.587467,19.596012,0.014101,712
CBUSAPPWNSACAYY,regime-changey,eta0.5x,-4.589853,19.830422,0.016404,712
CBUSAPPWNSACAYY,regime-changey,eta2x,-4.590166,19.810175,0.016124,712
CBUSAPPWNSACAYY,regime-changey,eta4x,-4.590178,19.810566,0.016124,712
CBUSAPPWNSACO,stationary,eta1.0x,0.298523,0.131809,0.005346,767
CBUSAPPWNSACO,stationary,eta0.25x,0.302166,0.131768,0.007432,767
CBUSAPPWNSACO,stationary,eta0.5x,0.300183,0.131822,0.007510,767
CBUSAPPWNSACO,stationary,eta2x,0.297165,0.131976,0.005424,767
CBUSAPPWNSACO,stationary,eta4x,0.296195,0.132124,0.005606,767
CBUSAPPWNSACOYY,regime-changey,eta1.0x,-5.002424,28.278821,0.019270,712
CBUSAPPWNSACOYY,regime-changey,eta0.25x,-5.008211,28.590107,0.018090,712
CBUSAPPWNSACOYY,regime-changey,eta0.5x,-5.002883,28.306240,0.019270,712
CBUSAPPWNSACOYY,regime-changey,eta2x,-5.002304,28.270951,0.018989,712
CBUSAPPWNSACOYY,regime-changey,eta4x,-5.002749,28.275328,0.018427,712
CBUSAPPWNSACT,stationary,eta1.0x,1.010696,0.152799,0.023937,767
CBUSAPPWNSACT,stationary,eta0.25x,1.011900,0.152797,0.023937,767
CBUSAPPWNSACT,stationary,eta0.5x,1.010452,0.152801,0.023937,767
CBUSAPPWNSACT,stationary,eta2x,1.010691,0.152801,0.023937,767
CBUSAPPWNSACT,stationary,eta4x,1.010628,0.152802,0.023937,767
CBUSAPPWNSACTYY,stationary,eta1.0x,-4.722793,23.531085,0.008708,712
CBUSAPPWNSACTYY,stationary,eta0.25x,-4.721938,23.534342,0.008090,712
CBUSAPPWNSACTYY,stationary,eta0.5x,-4.722438,23.532839,0.008090,712
CBUSAPPWNSACTYY,stationary,eta2x,-4.722622,23.532178,0.008371,712
CBUSAPPWNSACTYY,stationary,eta4x,-4.722553,23.531786,0.008652,712
CBUSAPPWNSADCYY,stationary,eta1.0x,-3.962055,27.746845,0.026197,710
CBUSAPPWNSADCYY,stationary,eta0.25x,-3.963241,27.736256,0.027042,710
CBUSAPPWNSADCYY,stationary,eta0.5x,-3.961502,27.744084,0.026479,710
CBUSAPPWNSADCYY,stationary,eta2x,-3.963196,27.747025,0.026479,710
CBUSAPPWNSADCYY,stationary,eta4x,-3.962304,27.748223,0.026479,710
CBUSAPPWNSADC,stationary,eta1.0x,-0.424027,5.043274,0.068709,767
CBUSAPPWNSADC,stationary,eta0.25x,-0.426136,5.042983,0.068709,767
CBUSAPPWNSADC,stationary,eta0.5x,-0.424941,5.043243,0.068709,767
CBUSAPPWNSADC,stationary,eta2x,-0.426220,5.048136,0.068970,767
CBUSAPPWNSADC,stationary,eta4x,-0.425527,5.047450,0.068970,767
CBUSAPPWNSADE,stationary,eta1.0x,0.441081,0.129851,0.009622,767
CBUSAPPWNSADE,stationary,eta0.25x,0.441650,0.129861,0.009622,767
CBUSAPPWNSADE,stationary,eta0.5x,0.441546,0.129851,0.009361,767
CBUSAPPWNSADE,stationary,eta2x,0.441329,0.129849,0.010143,767
CBUSAPPWNSADE,stationary,eta4x,0.441499,0.129847,0.009622,767
CBUSAPPWNSADEYY,stationary,eta1.0x,-4.807774,19.164388,0.006854,712
CBUSAPPWNSADEYY,stationary,eta0.25x,-4.808363,19.185774,0.006854,712
CBUSAPPWNSADEYY,stationary,eta0.5x,-4.807520,19.166560,0.006854,712
CBUSAPPWNSADEYY,stationary,eta2x,-4.807092,19.162854,0.006629,712
CBUSAPPWNSADEYY,stationary,eta4x,-4.807040,19.162764,0.006854,712
CBUSAPPWNSAFL,stationary,eta1.0x,-0.027217,0.143970,0.015072,767
CBUSAPPWNSAFL,stationary,eta0.25x,-0.035248,0.144019,0.015437,767
CBUSAPPWNSAFL,stationary,eta0.5x,-0.027295,0.143584,0.014915,767
CBUSAPPWNSAFL,stationary,eta2x,-0.032495,0.145337,0.017523,767
CBUSAPPWNSAFL,stationary,eta4x,-0.037989,0.146567,0.018044,767
CBUSAPPWNSAFLYY,regime-changey,eta1.0x,-4.870486,21.701120,0.017191,712
CBUSAPPWNSAFLYY,regime-changey,eta0.25x,-4.867848,21.428328,0.016685,712
CBUSAPPWNSAFLYY,regime-changey,eta0.5x,-4.869625,21.515820,0.016348,712
CBUSAPPWNSAFLYY,regime-changey,eta2x,-4.880198,21.962677,0.016966,712
CBUSAPPWNSAFLYY,regime-changey,eta4x,-4.882641,22.054403,0.017247,712
CBUSAPPWNSAGA,stationary,eta1.0x,0.193611,0.121316,0.010821,767
CBUSAPPWNSAGA,stationary,eta0.25x,0.188258,0.122093,0.011082,767
CBUSAPPWNSAGA,stationary,eta0.5x,0.192644,0.121473,0.011604,767
CBUSAPPWNSAGA,stationary,eta2x,0.193694,0.121304,0.011343,767
CBUSAPPWNSAGA,stationary,eta4x,0.193678,0.121305,0.011343,767
CBUSAPPWNSAGAYY,regime-changey,eta1.0x,-4.698250,18.582294,0.010730,712
CBUSAPPWNSAGAYY,regime-changey,eta0.25x,-4.738500,18.434682,0.013539,712
CBUSAPPWNSAGAYY,regime-changey,eta0.5x,-4.738560,19.255836,0.012697,712
CBUSAPPWNSAGAYY,regime-changey,eta2x,-4.657788,18.133874,0.008146,712
CBUSAPPWNSAGAYY,regime-changey,eta4x,-4.635356,17.881245,0.009663,712
CBUSAPPWNSAHI,stationary,eta1.0x,1.068301,0.186909,0.028814,767
CBUSAPPWNSAHI,stationary,eta0.25x,1.067309,0.186649,0.028553,767
CBUSAPPWNSAHI,stationary,eta0.5x,1.066011,0.186873,0.028814,767
CBUSAPPWNSAHI,stationary,eta2x,1.070601,0.186923,0.028292,767
CBUSAPPWNSAHI,stationary,eta4x,1.071033,0.186965,0.028292,767
CBUSAPPWNSAHIYY,stationary,eta1.0x,-4.156070,23.140934,0.025281,712
CBUSAPPWNSAHIYY,stationary,eta0.25x,-4.156057,23.126724,0.025281,712
CBUSAPPWNSAHIYY,stationary,eta0.5x,-4.155768,23.139759,0.025562,712
CBUSAPPWNSAHIYY,stationary,eta2x,-4.156096,23.140273,0.025281,712
CBUSAPPWNSAHIYY,stationary,eta4x,-4.156139,23.140213,0.025281,712
CBUSAPPWNSAIAYY,stationary,eta1.0x,-4.554259,23.257621,0.013924,711
CBUSAPPWNSAIAYY,stationary,eta0.25x,-4.554349,23.268525,0.013643,711
CBUSAPPWNSAIAYY,stationary,eta0.5x,-4.554416,23.256471,0.013361,711
CBUSAPPWNSAIAYY,stationary,eta2x,-4.554367,23.259320,0.013924,711
CBUSAPPWNSAIAYY,stationary,eta4x,-4.554393,23.259679,0.013924,711
CBUSAPPWNSAID,stationary,eta1.0x,1.086976,0.183231,0.027771,767
CBUSAPPWNSAID,stationary,eta0.25x,1.094199,0.183141,0.027771,767
CBUSAPPWNSAID,stationary,eta0.5x,1.086890,0.183260,0.027771,767
CBUSAPPWNSAID,stationary,eta2x,1.086950,0.183225,0.027771,767
CBUSAPPWNSAID,stationary,eta4x,1.086919,0.183225,0.027771,767
CBUSAPPWNSAIA,stationary,eta1.0x,-1.656321,7.561176,0.039244,767
CBUSAPPWNSAIA,stationary,eta0.25x,-1.670863,7.602150,0.044016,767
CBUSAPPWNSAIA,stationary,eta0.5x,-1.660390,7.573974,0.041930,767
CBUSAPPWNSAIA,stationary,eta2x,-1.656324,7.561168,0.039244,767
CBUSAPPWNSAIA,stationary,eta4x,-1.656361,7.561160,0.039244,767
CBUSAPPWNSAIL,stationary,eta1.0x,0.201422,0.120420,0.018983,767
CBUSAPPWNSAIL,stationary,eta0.25x,0.201143,0.120164,0.020026,767
CBUSAPPWNSAIL,stationary,eta0.5x,0.201415,0.120322,0.018462,767
CBUSAPPWNSAIL,stationary,eta2x,0.201804,0.120426,0.018722,767
CBUSAPPWNSAIL,stationary,eta4x,0.202779,0.120337,0.018722,767
CBUSAPPWNSAILYY,regime-changey,eta1.0x,-4.691261,21.505424,0.025393,712
CBUSAPPWNSAILYY,regime-changey,eta0.25x,-4.692784,21.521904,0.025955,712
CBUSAPPWNSAILYY,regime-changey,eta0.5x,-4.692121,21.502015,0.025393,712
CBUSAPPWNSAILYY,regime-changey,eta2x,-4.690852,21.503959,0.025393,712
CBUSAPPWNSAILYY,regime-changey,eta4x,-4.690811,21.504418,0.025393,712
CBUSAPPWNSAIDYY,stationary,eta1.0x,-4.406941,24.315934,0.019719,712
CBUSAPPWNSAIDYY,stationary,eta0.25x,-4.405117,24.314842,0.019719,712
CBUSAPPWNSAIDYY,stationary,eta0.5x,-4.406161,24.319535,0.019438,712
CBUSAPPWNSAIDYY,stationary,eta2x,-4.406889,24.315766,0.019719,712
CBUSAPPWNSAIDYY,stationary,eta4x,-4.406929,24.312410,0.019719,712
CBUSAPPWNSAIN,stationary,eta1.0x,0.358294,0.127576,0.007953,767
CBUSAPPWNSAIN,stationary,eta0.25x,0.353644,0.129225,0.009778,767
CBUSAPPWNSAIN,stationary,eta0.5x,0.354635,0.128305,0.008475,767
CBUSAPPWNSAIN,stationary,eta2x,0.358168,0.127642,0.008396,767
CBUSAPPWNSAIN,stationary,eta4x,0.358155,0.127667,0.008136,767
CBUSAPPWNSAINYY,regime-changey,eta1.0x,-4.969656,24.377781,0.010562,712
CBUSAPPWNSAINYY,regime-changey,eta0.25x,-4.961199,23.947584,0.011011,712
CBUSAPPWNSAINYY,regime-changey,eta0.5x,-4.964681,23.972564,0.011124,712
CBUSAPPWNSAINYY,regime-changey,eta2x,-4.969486,24.441959,0.009494,712
CBUSAPPWNSAINYY,regime-changey,eta4x,-4.966215,24.356729,0.010000,712
CBUSAPPWNSAKS,stationary,eta1.0x,0.925280,0.172552,0.030378,767
CBUSAPPWNSAKS,stationary,eta0.25x,0.928653,0.172511,0.029596,767
CBUSAPPWNSAKS,stationary,eta0.5x,0.926620,0.172585,0.030378,767
CBUSAPPWNSAKS,stationary,eta2x,0.925325,0.172554,0.030378,767
CBUSAPPWNSAKS,stationary,eta4x,0.925340,0.172555,0.030378,767
CBUSAPPWNSAKY,stationary,eta1.0x,1.023181,0.153697,0.024459,767
CBUSAPPWNSAKY,stationary,eta0.25x,1.029727,0.153612,0.023937,767
CBUSAPPWNSAKY,stationary,eta0.5x,1.023708,0.153693,0.024720,767
CBUSAPPWNSAKY,stationary,eta2x,1.023162,0.153697,0.024459,767
CBUSAPPWNSAKY,stationary,eta4x,1.023086,0.153699,0.024459,767
CBUSAPPWNSAKSYY,stationary,eta1.0x,-4.555440,24.669460,0.016236,712
CBUSAPPWNSAKSYY,stationary,eta0.25x,-4.554892,24.677922,0.015730,712
CBUSAPPWNSAKSYY,stationary,eta0.5x,-4.555424,24.669521,0.016236,712
CBUSAPPWNSAKSYY,stationary,eta2x,-4.555563,24.669488,0.016236,712
CBUSAPPWNSAKSYY,stationary,eta4x,-4.555794,24.669536,0.016236,712
CBUSAPPWNSAKYYY,stationary,eta1.0x,-4.673001,22.748856,0.007921,712
CBUSAPPWNSAKYYY,stationary,eta0.25x,-4.669853,22.770301,0.009270,712
CBUSAPPWNSAKYYY,stationary,eta0.5x,-4.672244,22.758075,0.009326,712
CBUSAPPWNSAKYYY,stationary,eta2x,-4.672973,22.758090,0.009045,712
CBUSAPPWNSAKYYY,stationary,eta4x,-4.673051,22.758017,0.009045,712
CBUSAPPWNSALAYY,regime-changey,eta1.0x,-4.643955,21.594283,0.007640,712
CBUSAPPWNSALAYY,regime-changey,eta0.25x,-4.655867,21.802031,0.007416,712
CBUSAPPWNSALAYY,regime-changey,eta0.5x,-4.644625,21.675897,0.007640,712
CBUSAPPWNSALAYY,regime-changey,eta2x,-4.642677,21.561291,0.008427,712
CBUSAPPWNSALAYY,regime-changey,eta4x,-4.642275,21.547640,0.008427,712
CBUSAPPWNSALA,stationary,eta1.0x,1.143863,0.142414,0.022894,767
CBUSAPPWNSALA,stationary,eta0.25x,1.145376,0.142418,0.022894,767
CBUSAPPWNSALA,stationary,eta0.5x,1.144008,0.142413,0.022894,767
CBUSAPPWNSALA,stationary,eta2x,1.143001,0.142410,0.022634,767
CBUSAPPWNSALA,stationary,eta4x,1.142972,0.142412,0.022634,767
CBUSAPPWNSAMA,stationary,eta1.0x,0.204304,0.131034,0.009153,767
CBUSAPPWNSAMA,stationary,eta0.25x,0.203432,0.131116,0.009153,767
CBUSAPPWNSAMA,stationary,eta0.5x,0.204342,0.131065,0.008631,767
CBUSAPPWNSAMA,stationary,eta2x,0.203526,0.131071,0.009935,767
CBUSAPPWNSAMA,stationary,eta4x,0.202898,0.131081,0.009935,767
CBUSAPPWNSAMAYY,regime-changey,eta1.0x,-4.899734,31.492391,0.016966,712
CBUSAPPWNSAMAYY,regime-changey,eta0.25x,-4.889797,30.928202,0.015562,712
CBUSAPPWNSAMAYY,regime-changey,eta0.5x,-4.891348,31.274565,0.016966,712
CBUSAPPWNSAMAYY,regime-changey,eta2x,-4.898011,31.489008,0.017247,712
CBUSAPPWNSAMAYY,regime-changey,eta4x,-4.897914,31.487414,0.017247,712
CBUSAPPWNSAMD,stationary,eta1.0x,0.347213,0.125091,0.006988,767
CBUSAPPWNSAMD,stationary,eta0.25x,0.346540,0.125158,0.006206,767
CBUSAPPWNSAMD,stationary,eta0.5x,0.347169,0.125088,0.006728,767
CBUSAPPWNSAMD,stationary,eta2x,0.347171,0.125098,0.006988,767
CBUSAPPWNSAMD,stationary,eta4x,0.347065,0.125106,0.006988,767
CBUSAPPWNSAMDYY,regime-changey,eta1.0x,-4.726026,17.115063,0.010730,712
CBUSAPPWNSAMDYY,regime-changey,eta0.25x,-4.728092,17.129185,0.010730,712
CBUSAPPWNSAMDYY,regime-changey,eta0.5x,-4.727161,17.111623,0.011292,712
CBUSAPPWNSAMDYY,regime-changey,eta2x,-4.726168,17.111755,0.010449,712
CBUSAPPWNSAMDYY,regime-changey,eta4x,-4.726165,17.111723,0.010449,712
CBUSAPPWNSAMI,stationary,eta1.0x,0.238894,0.129922,0.009961,767
CBUSAPPWNSAMI,stationary,eta0.25x,0.241452,0.129865,0.008918,767
CBUSAPPWNSAMI,stationary,eta0.5x,0.239228,0.129920,0.009179,767
CBUSAPPWNSAMI,stationary,eta2x,0.238696,0.129916,0.009778,767
CBUSAPPWNSAMI,stationary,eta4x,0.238683,0.129891,0.009518,767
CBUSAPPWNSAMIYY,regime-changey,eta1.0x,-4.790892,20.676984,0.012472,712
CBUSAPPWNSAMIYY,regime-changey,eta0.25x,-4.808808,20.540700,0.013483,712
CBUSAPPWNSAMIYY,regime-changey,eta0.5x,-4.801959,20.795323,0.013483,712
CBUSAPPWNSAMIYY,regime-changey,eta2x,-4.797026,20.692042,0.011685,712
CBUSAPPWNSAMIYY,regime-changey,eta4x,-4.799207,20.674841,0.012247,712
CBUSAPPWNSAME,stationary,eta1.0x,1.570801,0.196381,0.044042,767
CBUSAPPWNSAME,stationary,eta0.25x,1.564877,0.196704,0.044302,767
CBUSAPPWNSAME,stationary,eta0.5x,1.568952,0.196527,0.044302,767
CBUSAPPWNSAME,stationary,eta2x,1.570302,0.196426,0.044042,767
CBUSAPPWNSAME,stationary,eta4x,1.569806,0.196473,0.044042,767
CBUSAPPWNSAMEYY,stationary,eta1.0x,-4.030292,26.540658,0.031517,712
CBUSAPPWNSAMEYY,stationary,eta0.25x,-4.030160,26.539758,0.031236,712
CBUSAPPWNSAMEYY,stationary,eta0.5x,-4.030195,26.541056,0.031517,712
CBUSAPPWNSAMEYY,stationary,eta2x,-4.027777,26.540739,0.031517,712
CBUSAPPWNSAMEYY,stationary,eta4x,-4.025280,26.541279,0.031517,712
CBUSAPPWNSAMN,stationary,eta1.0x,0.414695,0.125956,0.010639,767
CBUSAPPWNSAMN,stationary,eta0.25x,0.414500,0.125949,0.011343,767
CBUSAPPWNSAMN,stationary,eta0.5x,0.414502,0.125949,0.011160,767
CBUSAPPWNSAMN,stationary,eta2x,0.414845,0.125962,0.010821,767
CBUSAPPWNSAMN,stationary,eta4x,0.414890,0.125963,0.010821,767
CBUSAPPWNSAMNYY,stationary,eta1.0x,-4.784180,17.632998,0.011573,712
CBUSAPPWNSAMNYY,stationary,eta0.25x,-4.784133,17.632983,0.011854,712
CBUSAPPWNSAMNYY,stationary,eta0.5x,-4.784244,17.632627,0.011292,712
CBUSAPPWNSAMNYY,stationary,eta2x,-4.784120,17.633146,0.011573,712
CBUSAPPWNSAMNYY,stationary,eta4x,-4.784084,17.633225,0.011573,712
CBUSAPPWNSAMO,stationary,eta1.0x,0.773888,0.141037,0.020469,767
CBUSAPPWNSAMO,stationary,eta0.25x,0.776586,0.141105,0.019765,767
CBUSAPPWNSAMO,stationary,eta0.5x,0.774786,0.141069,0.020730,767
CBUSAPPWNSAMO,stationary,eta2x,0.773665,0.141038,0.020469,767
CBUSAPPWNSAMO,stationary,eta4x,0.773613,0.141039,0.020469,767
CBUSAPPWNSAMOYY,stationary,eta1.0x,-4.741301,18.681237,0.007584,712
CBUSAPPWNSAMOYY,stationary,eta0.25x,-4.742813,18.719937,0.006124,712
CBUSAPPWNSAMOYY,stationary,eta0.5x,-4.742289,18.696003,0.007303,712
CBUSAPPWNSAMOYY,stationary,eta2x,-4.740977,18.675433,0.007303,712
CBUSAPPWNSAMOYY,stationary,eta4x,-4.740847,18.673180,0.007022,712
CBUSAPPWNSAMSYY,stationary,eta1.0x,-4.422665,20.663603,0.017862,711
CBUSAPPWNSAMSYY,stationary,eta0.25x,-4.423030,20.663310,0.017862,711
CBUSAPPWNSAMSYY,stationary,eta0.5x,-4.422983,20.662879,0.017862,711
CBUSAPPWNSAMSYY,stationary,eta2x,-4.422728,20.663817,0.017862,711
CBUSAPPWNSAMSYY,stationary,eta4x,-4.422771,20.663782,0.017862,711
CBUSAPPWNSAMT,stationary,eta1.0x,1.364537,0.176185,0.032725,767
CBUSAPPWNSAMT,stationary,eta0.25x,1.369205,0.176073,0.032464,767
CBUSAPPWNSAMT,stationary,eta0.5x,1.364796,0.176187,0.032725,767
CBUSAPPWNSAMT,stationary,eta2x,1.364466,0.176195,0.032725,767
CBUSAPPWNSAMT,stationary,eta4x,1.364275,0.176194,0.032725,767
CBUSAPPWNSAMTYY,stationary,eta1.0x,-4.188007,22.925294,0.018483,712
CBUSAPPWNSAMTYY,stationary,eta0.25x,-4.187497,22.922874,0.019326,712
CBUSAPPWNSAMTYY,stationary,eta0.5x,-4.188092,22.923205,0.018483,712
CBUSAPPWNSAMTYY,stationary,eta2x,-4.187964,22.925984,0.018483,712
CBUSAPPWNSAMTYY,stationary,eta4x,-4.187953,22.926241,0.018483,712
CBUSAPPWNSAMS,stationary,eta1.0x,-1.362065,6.946757,0.045580,767
CBUSAPPWNSAMS,stationary,eta0.25x,-1.364938,6.969056,0.045319,767
CBUSAPPWNSAMS,stationary,eta0.5x,-1.366835,6.960314,0.045580,767
CBUSAPPWNSAMS,stationary,eta2x,-1.364191,6.951139,0.045841,767
CBUSAPPWNSAMS,stationary,eta4x,-1.364627,6.949848,0.045319,767
CBUSAPPWNSAMW,stationary,eta1.0x,0.329382,0.106405,0.019948,767
CBUSAPPWNSAMW,stationary,eta0.25x,0.327370,0.106742,0.019948,767
CBUSAPPWNSAMW,stationary,eta0.5x,0.328266,0.106537,0.020209,767
CBUSAPPWNSAMW,stationary,eta2x,0.329828,0.106359,0.019948,767
CBUSAPPWNSAMW,stationary,eta4x,0.330050,0.106339,0.019948,767
CBUSAPPWNSAMWYY,regime-changey,eta1.0x,-4.433630,16.369003,0.032697,712
CBUSAPPWNSAMWYY,regime-changey,eta0.25x,-4.442453,16.461502,0.031292,712
CBUSAPPWNSAMWYY,regime-changey,eta0.5x,-4.439450,16.407604,0.031573,712
CBUSAPPWNSAMWYY,regime-changey,eta2x,-4.429461,16.354364,0.031573,712
CBUSAPPWNSAMWYY,regime-changey,eta4x,-4.428185,16.350997,0.031854,712
CBUSAPPWNSANC,stationary,eta1.0x,0.225582,0.127870,0.005085,767
CBUSAPPWNSANC,stationary,eta0.25x,0.229309,0.126179,0.009439,767
CBUSAPPWNSANC,stationary,eta0.5x,0.226347,0.127590,0.007875,767
CBUSAPPWNSANC,stationary,eta2x,0.225768,0.127838,0.006728,767
CBUSAPPWNSANC,stationary,eta4x,0.226545,0.127753,0.006545,767
CBUSAPPWNSANCYY,regime-changey,eta1.0x,-4.965572,32.761116,0.022079,712
CBUSAPPWNSANCYY,regime-changey,eta0.25x,-4.963948,32.897066,0.021236,712
CBUSAPPWNSANCYY,regime-changey,eta0.5x,-4.965295,32.775400,0.022079,712
CBUSAPPWNSANCYY,regime-changey,eta2x,-4.965881,32.762809,0.022079,712
CBUSAPPWNSANCYY,regime-changey,eta4x,-4.965971,32.762709,0.022079,712
CBUSAPPWNSANER,stationary,eta1.0x,0.259195,0.117621,0.019765,767
CBUSAPPWNSANER,stationary,eta0.25x,0.255396,0.118130,0.019765,767
CBUSAPPWNSANER,stationary,eta0.5x,0.257491,0.117807,0.020026,767
CBUSAPPWNSANER,stationary,eta2x,0.259391,0.117310,0.020026,767
CBUSAPPWNSANER,stationary,eta4x,0.260035,0.117107,0.020026,767
CBUSAPPWNSANERYY,regime-changey,eta1.0x,-4.541858,21.990428,0.026461,712
CBUSAPPWNSANERYY,regime-changey,eta0.25x,-4.535283,21.835638,0.027022,712
CBUSAPPWNSANERYY,regime-changey,eta0.5x,-4.547245,22.049890,0.025899,712
CBUSAPPWNSANERYY,regime-changey,eta2x,-4.532312,21.789281,0.025562,712
CBUSAPPWNSANERYY,regime-changey,eta4x,-4.530609,21.735325,0.025562,712
CBUSAPPWNSANDYY,stationary,eta1.0x,-3.726327,34.571946,0.033671,711
CBUSAPPWNSANDYY,stationary,eta0.25x,-3.704998,34.569568,0.032827,711
CBUSAPPWNSANDYY,stationary,eta0.5x,-3.721555,34.573620,0.033108,711
CBUSAPPWNSANDYY,stationary,eta2x,-3.729777,34.590268,0.034233,711
CBUSAPPWNSANDYY,stationary,eta4x,-3.729796,34.589950,0.034233,711
CBUSAPPWNSANE,stationary,eta1.0x,1.304921,0.195754,0.037080,767
CBUSAPPWNSANE,stationary,eta0.25x,1.305701,0.195806,0.036819,767
CBUSAPPWNSANE,stationary,eta0.5x,1.305008,0.195755,0.036819,767
CBUSAPPWNSANE,stationary,eta2x,1.304818,0.195753,0.037080,767
CBUSAPPWNSANE,stationary,eta4x,1.304749,0.195754,0.037080,767
CBUSAPPWNSANEYY,stationary,eta1.0x,-4.307646,27.446936,0.023539,712
CBUSAPPWNSANEYY,stationary,eta0.25x,-4.306428,27.470945,0.023820,712
CBUSAPPWNSANEYY,stationary,eta0.5x,-4.308223,27.452704,0.022978,712
CBUSAPPWNSANEYY,stationary,eta2x,-4.307560,27.445840,0.023539,712
CBUSAPPWNSANEYY,stationary,eta4x,-4.307558,27.447211,0.023258,712
CBUSAPPWNSANHYY,stationary,eta1.0x,-3.952601,33.113724,0.032360,712
CBUSAPPWNSANHYY,stationary,eta0.25x,-3.949381,33.087882,0.032921,712
CBUSAPPWNSANHYY,stationary,eta0.5x,-3.952774,33.109254,0.033764,712
CBUSAPPWNSANHYY,stationary,eta2x,-3.951322,33.119880,0.032079,712
CBUSAPPWNSANHYY,stationary,eta4x,-3.953011,33.113943,0.032360,712
CBUSAPPWNSANJ,stationary,eta1.0x,0.238421,0.126774,0.007692,767
CBUSAPPWNSANJ,stationary,eta0.25x,0.235967,0.127167,0.007692,767
CBUSAPPWNSANJ,stationary,eta0.5x,0.236570,0.127069,0.007510,767
CBUSAPPWNSANJ,stationary,eta2x,0.238809,0.126566,0.007692,767
CBUSAPPWNSANJ,stationary,eta4x,0.239702,0.126260,0.008996,767
CBUSAPPWNSANJYY,regime-changey,eta1.0x,-4.794964,23.590041,0.018876,712
CBUSAPPWNSANJYY,regime-changey,eta0.25x,-4.804399,23.738863,0.017022,712
CBUSAPPWNSANJYY,regime-changey,eta0.5x,-4.798955,23.663501,0.017472,712
CBUSAPPWNSANJYY,regime-changey,eta2x,-4.794258,23.576871,0.018596,712
CBUSAPPWNSANJYY,regime-changey,eta4x,-4.794811,23.576585,0.018876,712
CBUSAPPWNSANM,stationary,eta1.0x,1.602846,0.202278,0.040313,767
CBUSAPPWNSANM,stationary,eta0.25x,1.610351,0.201971,0.039531,767
CBUSAPPWNSANM,stationary,eta0.5x,1.602248,0.202269,0.039791,767
CBUSAPPWNSANM,stationary,eta2x,1.603781,0.202246,0.040052,767
CBUSAPPWNSANM,stationary,eta4x,1.609427,0.202062,0.039270,767
CBUSAPPWNSANV,stationary,eta1.0x,0.477403,0.122896,0.009335,767
CBUSAPPWNSANV,stationary,eta0.25x,0.477726,0.122927,0.010039,767
CBUSAPPWNSANV,stationary,eta0.5x,0.477406,0.122897,0.009335,767
CBUSAPPWNSANV,stationary,eta2x,0.477421,0.122895,0.009335,767
CBUSAPPWNSANV,stationary,eta4x,0.477429,0.122894,0.009335,767
CBUSAPPWNSANVYY,stationary,eta1.0x,-4.740555,18.419350,0.007584,712
CBUSAPPWNSANVYY,stationary,eta0.25x,-4.741184,18.431507,0.007809,712
CBUSAPPWNSANVYY,stationary,eta0.5x,-4.740691,18.418312,0.007640,712
CBUSAPPWNSANVYY,stationary,eta2x,-4.740475,18.420137,0.007584,712
CBUSAPPWNSANVYY,stationary,eta4x,-4.740446,18.420326,0.007584,712
CBUSAPPWNSANMYY,stationary,eta1.0x,-3.990113,28.535699,0.028427,712
CBUSAPPWNSANMYY,stationary,eta0.25x,-3.990880,28.540038,0.028371,712
CBUSAPPWNSANMYY,stationary,eta0.5x,-3.988309,28.543651,0.028427,712
CBUSAPPWNSANMYY,stationary,eta2x,-3.990181,28.550428,0.028708,712
CBUSAPPWNSANMYY,stationary,eta4x,-3.989406,28.554482,0.028427,712
CBUSAPPWNSANY,stationary,eta1.0x,0.212137,0.124426,0.019505,767
CBUSAPPWNSANY,stationary,eta0.25x,0.212227,0.124278,0.018722,767
CBUSAPPWNSANY,stationary,eta0.5x,0.209279,0.124913,0.018722,767
CBUSAPPWNSANY,stationary,eta2x,0.212594,0.124285,0.019687,767
CBUSAPPWNSANY,stationary,eta4x,0.212162,0.124349,0.019426,767
CBUSAPPWNSANYYY,regime-changey,eta1.0x,-4.660209,24.405937,0.023427,712
CBUSAPPWNSANYYY,regime-changey,eta0.25x,-4.652913,24.025074,0.023146,712
CBUSAPPWNSANYYY,regime-changey,eta0.5x,-4.654930,24.144183,0.023371,712
CBUSAPPWNSANYYY,regime-changey,eta2x,-4.664970,24.558856,0.023708,712
CBUSAPPWNSANYYY,regime-changey,eta4x,-4.663712,24.552740,0.023989,712
CBUSAPPWNSAOH,stationary,eta1.0x,0.518133,0.119504,0.009778,767
CBUSAPPWNSAOH,stationary,eta0.25x,0.517281,0.119551,0.010039,767
CBUSAPPWNSAOH,stationary,eta0.5x,0.517071,0.119505,0.009778,767
CBUSAPPWNSAOH,stationary,eta2x,0.518197,0.119502,0.010300,767
CBUSAPPWNSAOH,stationary,eta4x,0.518360,0.119504,0.010300,767
CBUSAPPWNSAOHYY,stationary,eta1.0x,-4.704036,17.908986,0.008708,712
CBUSAPPWNSAOHYY,stationary,eta0.25x,-4.704034,17.922141,0.008427,712
CBUSAPPWNSAOHYY,stationary,eta0.5x,-4.703756,17.909035,0.008989,712
CBUSAPPWNSAOHYY,stationary,eta2x,-4.704270,17.909127,0.008708,712
CBUSAPPWNSAOHYY,stationary,eta4x,-4.704304,17.909140,0.008708,712
CBUSAPPWNSAOKYY,stationary,eta1.0x,-4.805270,20.862510,0.007640,712
CBUSAPPWNSAOKYY,stationary,eta0.25x,-4.805963,20.879446,0.007360,712
CBUSAPPWNSAOKYY,stationary,eta0.5x,-4.805275,20.863582,0.007640,712
CBUSAPPWNSAOKYY,stationary,eta2x,-4.805059,20.860826,0.007640,712
CBUSAPPWNSAOKYY,stationary,eta4x,-4.804923,20.859821,0.007640,712
CBUSAPPWNSAOK,stationary,eta1.0x,0.744538,0.157299,0.021512,767
CBUSAPPWNSAOK,stationary,eta0.25x,0.748446,0.157291,0.021252,767
CBUSAPPWNSAOK,stationary,eta0.5x,0.746175,0.157299,0.021512,767
CBUSAPPWNSAOK,stationary,eta2x,0.743760,0.157318,0.020991,767
CBUSAPPWNSAOK,stationary,eta4x,0.743336,0.157326,0.021252,767
CBUSAPPWNSAPA,stationary,eta1.0x,0.270463,0.125622,0.007353,767
CBUSAPPWNSAPA,stationary,eta0.25x,0.268890,0.125791,0.007353,767
CBUSAPPWNSAPA,stationary,eta0.5x,0.267852,0.125733,0.006832,767
CBUSAPPWNSAPA,stationary,eta2x,0.270269,0.125556,0.007875,767
CBUSAPPWNSAPA,stationary,eta4x,0.270392,0.125528,0.007875,767
CBUSAPPWNSAOR,stationary,eta1.0x,0.630947,0.139544,0.015593,767
CBUSAPPWNSAOR,stationary,eta0.25x,0.630435,0.139538,0.014211,767
CBUSAPPWNSAOR,stationary,eta0.5x,0.631735,0.139486,0.014811,767
CBUSAPPWNSAOR,stationary,eta2x,0.629508,0.139561,0.015593,767
CBUSAPPWNSAOR,stationary,eta4x,0.627985,0.139577,0.015593,767
CBUSAPPWNSAORYY,regime-changey,eta1.0x,-4.829279,20.858443,0.011854,712
CBUSAPPWNSAORYY,regime-changey,eta0.25x,-4.840475,20.899895,0.011854,712
CBUSAPPWNSAORYY,regime-changey,eta0.5x,-4.828640,20.874895,0.012135,712
CBUSAPPWNSAORYY,regime-changey,eta2x,-4.829441,20.858586,0.011854,712
CBUSAPPWNSAORYY,regime-changey,eta4x,-4.829641,20.858565,0.011854,712
CBUSAPPWNSAPAYY,regime-changey,eta1.0x,-4.997874,29.009185,0.015787,712
CBUSAPPWNSAPAYY,regime-changey,eta0.25x,-4.994395,28.847451,0.017528,712
CBUSAPPWNSAPAYY,regime-changey,eta0.5x,-4.994132,28.970849,0.016910,712
CBUSAPPWNSAPAYY,regime-changey,eta2x,-4.999509,29.022861,0.016629,712
CBUSAPPWNSAPAYY,regime-changey,eta4x,-4.999127,29.031494,0.015787,712
CBUSAPPWNSARIYY,stationary,eta1.0x,-3.853568,25.948716,0.026761,710
CBUSAPPWNSARIYY,stationary,eta0.25x,-3.853954,25.948245,0.027887,710
CBUSAPPWNSARIYY,stationary,eta0.5x,-3.853593,25.948791,0.026761,710
CBUSAPPWNSARIYY,stationary,eta2x,-3.853563,25.948659,0.027042,710
CBUSAPPWNSARIYY,stationary,eta4x,-3.853689,25.949283,0.027606,710
CBUSAPPWNSARI,stationary,eta1.0x,0.130449,4.712450,0.078540,767
CBUSAPPWNSARI,stationary,eta0.25x,0.132456,4.711441,0.078018,767
CBUSAPPWNSARI,stationary,eta0.5x,0.130220,4.712192,0.078279,767
CBUSAPPWNSARI,stationary,eta2x,0.128584,4.715251,0.079061,767
CBUSAPPWNSARI,stationary,eta4x,0.131640,4.712276,0.078279,767
CBUSAPPWNSAS,stationary,eta1.0x,0.215187,0.120160,0.025346,767
CBUSAPPWNSAS,stationary,eta0.25x,0.225486,0.118226,0.023781,767
CBUSAPPWNSAS,stationary,eta0.5x,0.215005,0.120025,0.025085,767
CBUSAPPWNSAS,stationary,eta2x,0.218909,0.119728,0.024563,767
CBUSAPPWNSAS,stationary,eta4x,0.223982,0.119184,0.024302,767
CBUSAPPWNSASCYY,stationary,eta1.0x,-4.693632,19.948336,0.011742,712
CBUSAPPWNSASCYY,stationary,eta0.25x,-4.692568,19.956766,0.011685,712
CBUSAPPWNSASCYY,stationary,eta0.5x,-4.693170,19.951525,0.011742,712
CBUSAPPWNSASCYY,stationary,eta2x,-4.693684,19.948168,0.011742,712
CBUSAPPWNSASCYY,stationary,eta4x,-4.693693,19.948140,0.011742,712
CBUSAPPWNSASC,stationary,eta1.0x,0.944670,0.151913,0.020548,767
CBUSAPPWNSASC,stationary,eta0.25x,0.945557,0.152025,0.020287,767
CBUSAPPWNSASC,stationary,eta0.5x,0.944627,0.151915,0.020548,767
CBUSAPPWNSASC,stationary,eta2x,0.944477,0.151920,0.020548,767
CBUSAPPWNSASC,stationary,eta4x,0.944385,0.151921,0.020548,767
CBUSAPPWNSASYY,regime-changey,eta1.0x,-4.595426,19.183182,0.025337,712
CBUSAPPWNSASYY,regime-changey,eta0.25x,-4.571821,17.824934,0.025618,712
CBUSAPPWNSASYY,regime-changey,eta0.5x,-4.585282,18.851063,0.025056,712
CBUSAPPWNSASYY,regime-changey,eta2x,-4.603607,19.362359,0.026124,712
CBUSAPPWNSASYY,regime-changey,eta4x,-4.603668,19.390374,0.026404,712
CBUSAPPWNSASD,stationary,eta1.0x,2.136815,0.268630,0.062295,767
CBUSAPPWNSASD,stationary,eta0.25x,2.138827,0.268580,0.062816,767
CBUSAPPWNSASD,stationary,eta0.5x,2.138022,0.268526,0.062295,767
CBUSAPPWNSASD,stationary,eta2x,2.136770,0.268637,0.062555,767
CBUSAPPWNSASD,stationary,eta4x,2.136765,0.268631,0.062816,767
CBUSAPPWNSASDYY,stationary,eta1.0x,-3.951562,39.374433,0.032921,712
CBUSAPPWNSASDYY,stationary,eta0.25x,-3.951985,39.387282,0.032640,712
CBUSAPPWNSASDYY,stationary,eta0.5x,-3.951052,39.378008,0.033202,712
CBUSAPPWNSASDYY,stationary,eta2x,-3.951717,39.374065,0.032921,712
CBUSAPPWNSASDYY,stationary,eta4x,-3.951805,39.372669,0.032921,712
CBUSAPPWNSATN,stationary,eta1.0x,0.452038,0.128760,0.016480,767
CBUSAPPWNSATN,stationary,eta0.25x,0.449624,0.129027,0.015958,767
CBUSAPPWNSATN,stationary,eta0.5x,0.451839,0.128787,0.016219,767
CBUSAPPWNSATN,stationary,eta2x,0.452300,0.128751,0.016219,767
CBUSAPPWNSATN,stationary,eta4x,0.452563,0.128741,0.016219,767
CBUSAPPWNSATNYY,regime-changey,eta1.0x,-4.956530,24.265870,0.007584,712
CBUSAPPWNSATNYY,regime-changey,eta0.25x,-4.968197,23.876183,0.009551,712
CBUSAPPWNSATNYY,regime-changey,eta0.5x,-4.968955,24.564249,0.014045,712
CBUSAPPWNSATNYY,regime-changey,eta2x,-4.949594,24.128258,0.009831,712
CBUSAPPWNSATNYY,regime-changey,eta4x,-4.947484,24.097155,0.010393,712
CBUSAPPWNSATX,stationary,eta1.0x,0.150313,0.123282,0.014733,767
CBUSAPPWNSATX,stationary,eta0.25x,0.147659,0.123816,0.014394,767
CBUSAPPWNSATX,stationary,eta0.5x,0.150227,0.123320,0.014394,767
CBUSAPPWNSATX,stationary,eta2x,0.150320,0.123280,0.014733,767
CBUSAPPWNSATX,stationary,eta4x,0.150320,0.123280,0.014733,767
CBUSAPPWNSAUS,stationary,eta1.0x,0.335004,0.109481,0.022738,767
CBUSAPPWNSAUS,stationary,eta0.25x,0.330762,0.109760,0.026128,767
CBUSAPPWNSAUS,stationary,eta0.5x,0.333410,0.109675,0.023598,767
CBUSAPPWNSAUS,stationary,eta2x,0.335291,0.109463,0.022738,767
CBUSAPPWNSAUS,stationary,eta4x,0.335233,0.109468,0.022738,767
CBUSAPPWNSATXYY,regime-changey,eta1.0x,-4.821870,21.189317,0.020337,712
CBUSAPPWNSATXYY,regime-changey,eta0.25x,-4.818317,21.143383,0.020899,712
CBUSAPPWNSATXYY,regime-changey,eta0.5x,-4.821426,21.176055,0.020899,712
CBUSAPPWNSATXYY,regime-changey,eta2x,-4.821883,21.194053,0.020618,712
CBUSAPPWNSATXYY,regime-changey,eta4x,-4.821964,21.195341,0.020337,712
CBUSAPPWNSAUSYY,regime-changey,eta1.0x,-4.409246,17.993102,0.030169,712
CBUSAPPWNSAUSYY,regime-changey,eta0.25x,-4.416214,18.036542,0.030730,712
CBUSAPPWNSAUSYY,regime-changey,eta0.5x,-4.416481,18.093541,0.030449,712
CBUSAPPWNSAUSYY,regime-changey,eta2x,-4.408908,17.981745,0.030730,712
CBUSAPPWNSAUSYY,regime-changey,eta4x,-4.409049,17.981275,0.030730,712
CBUSAPPWNSAUT,stationary,eta1.0x,0.565062,0.128982,0.011186,767
CBUSAPPWNSAUT,stationary,eta0.25x,0.566242,0.128935,0.010222,767
CBUSAPPWNSAUT,stationary,eta0.5x,0.565510,0.128964,0.010222,767
CBUSAPPWNSAUT,stationary,eta2x,0.564737,0.128993,0.011186,767
CBUSAPPWNSAUT,stationary,eta4x,0.564595,0.128998,0.011186,767
CBUSAPPWNSAUTYY,stationary,eta1.0x,-4.805316,17.966191,0.008146,712
CBUSAPPWNSAUTYY,stationary,eta0.25x,-4.805276,17.965823,0.008146,712
CBUSAPPWNSAUTYY,stationary,eta0.5x,-4.805549,17.964681,0.007865,712
CBUSAPPWNSAUTYY,stationary,eta2x,-4.805243,17.966157,0.007865,712
CBUSAPPWNSAUTYY,stationary,eta4x,-4.805280,17.966155,0.007865,712
CBUSAPPWNSAVA,stationary,eta1.0x,0.387012,0.121347,0.010561,767
CBUSAPPWNSAVA,stationary,eta0.25x,0.385684,0.121637,0.010300,767
CBUSAPPWNSAVA,stationary,eta0.5x,0.386826,0.121371,0.010482,767
CBUSAPPWNSAVA,stationary,eta2x,0.387105,0.121346,0.010561,767
CBUSAPPWNSAVA,stationary,eta4x,0.387194,0.121353,0.010561,767
CBUSAPPWNSAVAYY,regime-changey,eta1.0x,-4.713177,20.745971,0.011067,712
CBUSAPPWNSAVAYY,regime-changey,eta0.25x,-4.763523,20.054131,0.008708,712
CBUSAPPWNSAVAYY,regime-changey,eta0.5x,-4.725355,20.893755,0.010449,712
CBUSAPPWNSAVAYY,regime-changey,eta2x,-4.716635,20.775527,0.012135,712
CBUSAPPWNSAVAYY,regime-changey,eta4x,-4.718387,20.799182,0.011854,712
CBUSAPPWNSAW,stationary,eta1.0x,0.302196,0.108590,0.021434,767
CBUSAPPWNSAW,stationary,eta0.25x,0.300612,0.109018,0.020913,767
CBUSAPPWNSAW,stationary,eta0.5x,0.300973,0.108837,0.020652,767
CBUSAPPWNSAW,stationary,eta2x,0.302605,0.108599,0.021173,767
CBUSAPPWNSAW,stationary,eta4x,0.302421,0.108629,0.021173,767
CBUSAPPWNSAWA,stationary,eta1.0x,0.491640,0.118538,0.007093,767
CBUSAPPWNSAWA,stationary,eta0.25x,0.488515,0.118593,0.007014,767
CBUSAPPWNSAWA,stationary,eta0.5x,0.490203,0.118553,0.007014,767
CBUSAPPWNSAWA,stationary,eta2x,0.491643,0.118538,0.007093,767
CBUSAPPWNSAWA,stationary,eta4x,0.491637,0.118536,0.007093,767
CBUSAPPWNSAWAYY,regime-changey,eta1.0x,-4.749469,17.859076,0.011292,712
CBUSAPPWNSAWAYY,regime-changey,eta0.25x,-4.749930,17.855470,0.010730,712
CBUSAPPWNSAWAYY,regime-changey,eta0.5x,-4.749066,17.858058,0.011011,712
CBUSAPPWNSAWAYY,regime-changey,eta2x,-4.749678,17.859519,0.011292,712
CBUSAPPWNSAWAYY,regime-changey,eta4x,-4.749769,17.859657,0.011292,712
CBUSAPPWNSAVTYY,stationary,eta1.0x,-3.932292,40.013627,0.033399,709
CBUSAPPWNSAVTYY,stationary,eta0.25x,-3.927284,40.033268,0.033117,709
CBUSAPPWNSAVTYY,stationary,eta0.5x,-3.931026,40.029989,0.033399,709
CBUSAPPWNSAVTYY,stationary,eta2x,-3.932394,40.013842,0.033399,709
CBUSAPPWNSAVTYY,stationary,eta4x,-3.932413,40.013550,0.033399,709
CBUSAPPWNSAWI,stationary,eta1.0x,0.904349,0.139584,0.019166,767
CBUSAPPWNSAWI,stationary,eta0.25x,0.904063,0.139535,0.020469,767
CBUSAPPWNSAWI,stationary,eta0.5x,0.903971,0.139577,0.019426,767
CBUSAPPWNSAWI,stationary,eta2x,0.904448,0.139584,0.019166,767
CBUSAPPWNSAWI,stationary,eta4x,0.904557,0.139584,0.019166,767
CBUSAPPWNSAWIYY,regime-changey,eta1.0x,-4.754706,20.162834,0.008652,712
CBUSAPPWNSAWIYY,regime-changey,eta0.25x,-4.754559,20.161850,0.008876,712
CBUSAPPWNSAWIYY,regime-changey,eta0.5x,-4.754692,20.163195,0.008652,712
CBUSAPPWNSAWIYY,regime-changey,eta2x,-4.754711,20.162645,0.008652,712
CBUSAPPWNSAWIYY,regime-changey,eta4x,-4.754712,20.162481,0.008652,712
CBUSAPPWNSAWY,stationary,eta1.0x,0.903605,0.147916,0.022034,767
CBUSAPPWNSAWY,stationary,eta0.25x,0.908177,0.147859,0.022112,767
CBUSAPPWNSAWY,stationary,eta0.5x,0.904133,0.147914,0.022034,767
CBUSAPPWNSAWY,stationary,eta2x,0.903560,0.147920,0.022034,767
CBUSAPPWNSAWY,stationary,eta4x,0.903516,0.147919,0.022034,767
CBUSAPPWNSAWVYY,stationary,eta1.0x,-4.009701,31.997811,0.033615,711
CBUSAPPWNSAWVYY,stationary,eta0.25x,-4.008531,31.960204,0.034177,711
CBUSAPPWNSAWVYY,stationary,eta0.5x,-4.009373,31.990095,0.033333,711
CBUSAPPWNSAWVYY,stationary,eta2x,-4.009940,32.001379,0.033615,711
CBUSAPPWNSAWVYY,stationary,eta4x,-4.009845,31.998759,0.033615,711
CBUSAPPWNSAWYY,regime-changey,eta1.0x,-4.421282,16.587202,0.017528,712
CBUSAPPWNSAWYY,regime-changey,eta0.25x,-4.413193,15.906418,0.017528,712
CBUSAPPWNSAWYY,regime-changey,eta0.5x,-4.421245,16.592600,0.017472,712
CBUSAPPWNSAWYY,regime-changey,eta2x,-4.421276,16.586820,0.017528,712
CBUSAPPWNSAWYY,regime-changey,eta4x,-4.421282,16.587108,0.017528,712
CBUSAPPWNSAWYYY,regime-changey,eta1.0x,-4.650401,24.858783,0.010056,712
CBUSAPPWNSAWYYY,regime-changey,eta0.25x,-4.651375,24.851472,0.010899,712
CBUSAPPWNSAWYYY,regime-changey,eta0.5x,-4.651404,24.854586,0.010618,712
CBUSAPPWNSAWYYY,regime-changey,eta2x,-4.650600,24.857546,0.010056,712
CBUSAPPWNSAWYYY,regime-changey,eta4x,-4.651003,24.854932,0.010618,712
CCLACBW027NBOG,regime-changey,eta1.0x,3.281065,0.006105,0.017200,1000
CCLACBW027NBOG,regime-changey,eta0.25x,3.309878,0.005656,0.015800,1000
CCLACBW027NBOG,regime-changey,eta0.5x,3.300038,0.005806,0.015800,1000
CCLACBW027NBOG,regime-changey,eta2x,3.275834,0.006189,0.017000,1000
CCLACBW027NBOG,regime-changey,eta4x,3.275163,0.006190,0.017000,1000
CCLACBW027SBOG,regime-changey,eta1.0x,4.016594,0.003716,0.021800,1000
CCLACBW027SBOG,regime-changey,eta0.25x,4.011276,0.003651,0.021200,1000
CCLACBW027SBOG,regime-changey,eta0.5x,4.016841,0.003664,0.021200,1000
CCLACBW027SBOG,regime-changey,eta2x,4.002036,0.003922,0.022600,1000
CCLACBW027SBOG,regime-changey,eta4x,3.972214,0.004280,0.023600,1000
CC4WSA,regime-changey,eta1.0x,3.770235,0.004373,0.009400,1000
CC4WSA,regime-changey,eta0.25x,3.773639,0.004321,0.009400,1000
CC4WSA,regime-changey,eta0.5x,3.773624,0.004335,0.010200,1000
CC4WSA,regime-changey,eta2x,3.768511,0.004393,0.009600,1000
CC4WSA,regime-changey,eta4x,3.768062,0.004403,0.009600,1000
CCLDCBW027NBOG,regime-changey,eta1.0x,3.281167,0.006105,0.017000,1000
CCLDCBW027NBOG,regime-changey,eta0.25x,3.310002,0.005656,0.015400,1000
CCLDCBW027NBOG,regime-changey,eta0.5x,3.300153,0.005806,0.015600,1000
CCLDCBW027NBOG,regime-changey,eta2x,3.275917,0.006189,0.016800,1000
CCLDCBW027NBOG,regime-changey,eta4x,3.275235,0.006190,0.016800,1000
CCLDCBW027SBOG,regime-changey,eta1.0x,4.013125,0.003721,0.021800,1000
CCLDCBW027SBOG,regime-changey,eta0.25x,4.007810,0.003656,0.021400,1000
CCLDCBW027SBOG,regime-changey,eta0.5x,4.013375,0.003669,0.021400,1000
CCLDCBW027SBOG,regime-changey,eta2x,3.998566,0.003927,0.022600,1000
CCLDCBW027SBOG,regime-changey,eta4x,3.968746,0.004285,0.023600,1000
CCLLCBW027NBOG,regime-changey,eta1.0x,3.300182,0.005888,0.015400,1000
CCLLCBW027NBOG,regime-changey,eta0.25x,3.320677,0.005585,0.016400,1000
CCLLCBW027NBOG,regime-changey,eta0.5x,3.312266,0.005686,0.014800,1000
CCLLCBW027NBOG,regime-changey,eta2x,3.295991,0.005949,0.016200,1000
CCLLCBW027NBOG,regime-changey,eta4x,3.295836,0.005948,0.016000,1000
CCLLCBW027SBOG,regime-changey,eta1.0x,4.032930,0.003649,0.018600,1000
CCLLCBW027SBOG,regime-changey,eta0.25x,4.036523,0.003597,0.020600,1000
CCLLCBW027SBOG,regime-changey,eta0.5x,4.034551,0.003614,0.019000,1000
CCLLCBW027SBOG,regime-changey,eta2x,4.023328,0.003785,0.019200,1000
CCLLCBW027SBOG,regime-changey,eta4x,4.007092,0.004006,0.019400,1000
CE16OV,regime-changey,eta1.0x,4.274981,0.002508,0.015000,640
CE16OV,regime-changey,eta0.25x,4.276745,0.002461,0.020625,640
CE16OV,regime-changey,eta0.5x,4.270904,0.002491,0.018125,640
CE16OV,regime-changey,eta2x,4.278372,0.002526,0.012188,640
CE16OV,regime-changey,eta4x,4.281773,0.002540,0.011875,640
CCLSCBW027NBOG,regime-changey,eta1.0x,2.779360,0.009344,0.026000,1000
CCLSCBW027NBOG,regime-changey,eta0.25x,2.793652,0.009279,0.025400,1000
CCLSCBW027NBOG,regime-changey,eta0.5x,2.787137,0.009314,0.026200,1000
CCLSCBW027NBOG,regime-changey,eta2x,2.777246,0.009366,0.026400,1000
CCLSCBW027NBOG,regime-changey,eta4x,2.777485,0.009362,0.026400,1000
CCLSCBW027SBOG,regime-changey,eta1.0x,3.072941,0.007559,0.044200,1000
CCLSCBW027SBOG,regime-changey,eta0.25x,3.065078,0.007573,0.044600,1000
CCLSCBW027SBOG,regime-changey,eta0.5x,3.072477,0.007560,0.045200,1000
CCLSCBW027SBOG,regime-changey,eta2x,3.072562,0.007560,0.044400,1000
CCLSCBW027SBOG,regime-changey,eta4x,3.072895,0.007561,0.044600,1000
CES0600000006,regime-changey,eta1.0x,4.172747,0.002538,0.013150,654
CES0600000006,regime-changey,eta0.25x,4.153536,0.002586,0.014190,654
CES0600000006,regime-changey,eta0.5x,4.165721,0.002559,0.013761,654
CES0600000006,regime-changey,eta2x,4.177941,0.002525,0.013456,654
CES0600000006,regime-changey,eta4x,4.179827,0.002519,0.013456,654
CES0600000007,stationary,eta1.0x,4.593837,0.003242,0.022297,653
CES0600000007,stationary,eta0.25x,4.559949,0.003306,0.025176,653
CES0600000007,stationary,eta0.5x,4.580988,0.003263,0.023522,653
CES0600000007,stationary,eta2x,4.597896,0.003233,0.024135,653
CES0600000007,stationary,eta4x,4.598994,0.003230,0.024135,653
CES0600000008,stationary,eta1.0x,4.724619,0.001219,0.009648,653
CES0600000008,stationary,eta0.25x,4.726256,0.001217,0.009648,653
CES0600000008,stationary,eta0.5x,4.725341,0.001218,0.009342,653
CES0600000008,stationary,eta2x,4.724249,0.001220,0.010658,653
CES0600000008,stationary,eta4x,4.724288,0.001221,0.009035,653
CES0600000030,stationary,eta1.0x,3.553332,0.003833,0.011682,654
CES0600000030,stationary,eta0.25x,3.558604,0.003839,0.010153,654
CES0600000030,stationary,eta0.5x,3.556684,0.003834,0.009541,654
CES0600000030,stationary,eta2x,3.554666,0.003825,0.014128,654
CES0600000030,stationary,eta4x,3.555199,0.003823,0.012294,654
CES0600000034,stationary,eta1.0x,3.302464,0.005393,0.011315,654
CES0600000034,stationary,eta0.25x,3.307231,0.005299,0.012049,654
CES0600000034,stationary,eta0.5x,3.307732,0.005305,0.011927,654
CES0600000034,stationary,eta2x,3.295829,0.005452,0.012416,654
CES0600000034,stationary,eta4x,3.297233,0.005447,0.012110,654
CCSA,regime-changey,eta1.0x,2.609224,0.012517,0.006400,1000
CCSA,regime-changey,eta0.25x,2.676293,0.011757,0.007600,1000
CCSA,regime-changey,eta0.5x,2.611240,0.012470,0.006400,1000
CCSA,regime-changey,eta2x,2.607689,0.012532,0.007200,1000
CCSA,regime-changey,eta4x,2.607774,0.012538,0.008000,1000
CCNSA,stationary,eta1.0x,1.816120,0.023595,0.022800,1000
CCNSA,stationary,eta0.25x,1.821945,0.023466,0.024000,1000
CCNSA,stationary,eta0.5x,1.818316,0.023579,0.022600,1000
CCNSA,stationary,eta2x,1.818225,0.023597,0.022600,1000
CCNSA,stationary,eta4x,1.817386,0.023618,0.022800,1000
CES0600000035,regime-changey,eta1.0x,3.202233,0.005975,0.030887,654
CES0600000035,regime-changey,eta0.25x,3.188557,0.005965,0.033028,654
CES0600000035,regime-changey,eta0.5x,3.195162,0.005964,0.033028,654
CES0600000035,regime-changey,eta2x,3.210091,0.005931,0.029664,654
CES0600000035,regime-changey,eta4x,3.212074,0.005917,0.029052,654
CES0800000001,regime-changey,eta1.0x,5.076403,0.001350,0.015327,749
CES0800000001,regime-changey,eta0.25x,5.076852,0.001349,0.015861,749
CES0800000001,regime-changey,eta0.5x,5.076509,0.001349,0.015327,749
CES0800000001,regime-changey,eta2x,5.076941,0.001349,0.015060,749
CES0800000001,regime-changey,eta4x,5.077109,0.001349,0.015327,749
CES1000000006,regime-changey,eta1.0x,3.216144,0.006615,0.019878,654
CES1000000006,regime-changey,eta0.25x,3.130916,0.006975,0.025382,654
CES1000000006,regime-changey,eta0.5x,3.179898,0.006730,0.022324,654
CES1000000006,regime-changey,eta2x,3.215057,0.006649,0.019878,654
CES1000000006,regime-changey,eta4x,3.214757,0.006654,0.019878,654
CES1000000007,stationary,eta1.0x,3.286295,0.005948,0.014242,653
CES1000000007,stationary,eta0.25x,3.277529,0.005988,0.014855,653
CES1000000007,stationary,eta0.5x,3.281352,0.005975,0.015467,653
CES1000000007,stationary,eta2x,3.289193,0.005932,0.014242,653
CES1000000007,stationary,eta4x,3.289700,0.005929,0.013936,653
CES1000000008,stationary,eta1.0x,3.673383,0.003493,0.009969,654
CES1000000008,stationary,eta0.25x,3.691244,0.003451,0.018471,654
CES1000000008,stationary,eta0.5x,3.677085,0.003486,0.011437,654
CES1000000008,stationary,eta2x,3.674324,0.003493,0.009358,654
CES1000000008,stationary,eta4x,3.675512,0.003493,0.009786,654
CES1000000030,stationary,eta1.0x,2.927236,0.007198,0.025199,654
CES1000000030,stationary,eta0.25x,2.911114,0.007303,0.029786,654
CES1000000030,stationary,eta0.5x,2.920721,0.007232,0.026728,654
CES1000000030,stationary,eta2x,2.930050,0.007187,0.027217,654
CES1000000030,stationary,eta4x,2.930137,0.007191,0.026422,654
CES1000000034,regime-changey,eta1.0x,2.600070,0.010560,0.011009,654
CES1000000034,regime-changey,eta0.25x,2.606132,0.010492,0.011009,654
CES1000000034,regime-changey,eta0.5x,2.602438,0.010535,0.011009,654
CES1000000034,regime-changey,eta2x,2.597672,0.010585,0.010398,654
CES1000000034,regime-changey,eta4x,2.595356,0.010611,0.010703,654
CES1000000035,regime-changey,eta1.0x,2.490119,0.011582,0.019878,654
CES1000000035,regime-changey,eta0.25x,2.488520,0.011555,0.020000,654
CES1000000035,regime-changey,eta0.5x,2.492235,0.011550,0.020489,654
CES1000000035,regime-changey,eta2x,2.489417,0.011608,0.019694,654
CES1000000035,regime-changey,eta4x,2.488323,0.011638,0.020000,654
CES1011330001,stationary,eta1.0x,2.725165,0.008680,0.008515,653
CES1011330001,stationary,eta0.25x,2.726567,0.008669,0.009433,653
CES1011330001,stationary,eta0.5x,2.726143,0.008675,0.008208,653
CES1011330001,stationary,eta2x,2.724775,0.008683,0.008821,653
CES1011330001,stationary,eta4x,2.724346,0.008690,0.009127,653
CES2000000006,stationary,eta1.0x,3.351766,0.005904,0.020766,653
CES2000000006,stationary,eta0.25x,3.367815,0.005637,0.022297,653
CES2000000006,stationary,eta0.5x,3.352026,0.005817,0.021378,653
CES2000000006,stationary,eta2x,3.355629,0.005923,0.019541,653
CES2000000006,stationary,eta4x,3.359304,0.005917,0.018928,653
CES2000000008,stationary,eta1.0x,4.099762,0.002312,0.009342,653
CES2000000008,stationary,eta0.25x,4.106177,0.002304,0.010567,653
CES2000000008,stationary,eta0.5x,4.100216,0.002312,0.010567,653
CES2000000008,stationary,eta2x,4.099228,0.002313,0.009035,653
CES2000000008,stationary,eta4x,4.099077,0.002314,0.009648,653
CES2000000007,stationary,eta1.0x,3.207012,0.006207,0.012711,653
CES2000000007,stationary,eta0.25x,3.204837,0.006254,0.009648,653
CES2000000007,stationary,eta0.5x,3.208712,0.006205,0.010658,653
CES2000000007,stationary,eta2x,3.201106,0.006239,0.012711,653
CES2000000007,stationary,eta4x,3.198124,0.006259,0.012312,653
CES2000000030,stationary,eta1.0x,3.009886,0.006823,0.006728,654
CES2000000030,stationary,eta0.25x,3.003168,0.006855,0.009786,654
CES2000000030,stationary,eta0.5x,3.007808,0.006822,0.006116,654
CES2000000030,stationary,eta2x,3.010114,0.006823,0.006422,654
CES2000000030,stationary,eta4x,3.009502,0.006825,0.005933,654
CES2000000034,stationary,eta1.0x,2.642926,0.009974,0.016942,654
CES2000000034,stationary,eta0.25x,2.645310,0.009975,0.015107,654
CES2000000034,stationary,eta0.5x,2.644344,0.009966,0.017248,654
CES2000000034,stationary,eta2x,2.642509,0.009982,0.016514,654
CES2000000034,stationary,eta4x,2.642315,0.009986,0.016942,654
CES3000000010,regime-changey,eta1.0x,4.524470,0.001861,0.012549,510
CES3000000010,regime-changey,eta0.25x,4.529082,0.001856,0.013725,510
CES3000000010,regime-changey,eta0.5x,4.525365,0.001860,0.012941,510
CES3000000010,regime-changey,eta2x,4.524512,0.001861,0.012157,510
CES3000000010,regime-changey,eta4x,4.524597,0.001861,0.012157,510
CES2000000035,stationary,eta1.0x,2.576916,0.010405,0.031193,654
CES2000000035,stationary,eta0.25x,2.578450,0.010394,0.029969,654
CES2000000035,stationary,eta0.5x,2.576992,0.010407,0.030887,654
CES2000000035,stationary,eta2x,2.578349,0.010399,0.031804,654
CES2000000035,stationary,eta4x,2.578630,0.010398,0.032110,654
CES3000000006,stationary,eta1.0x,4.236065,0.002328,0.013458,749
CES3000000006,stationary,eta0.25x,4.239572,0.002325,0.016716,749
CES3000000006,stationary,eta0.5x,4.242476,0.002316,0.014553,749
CES3000000006,stationary,eta2x,4.230721,0.002330,0.013992,749
CES3000000006,stationary,eta4x,4.230657,0.002329,0.012951,749
CES3000000008,stationary,eta1.0x,4.597173,0.001545,0.011562,749
CES3000000008,stationary,eta0.25x,4.592999,0.001550,0.011322,749
CES3000000008,stationary,eta0.5x,4.595644,0.001547,0.012390,749
CES3000000008,stationary,eta2x,4.598676,0.001543,0.011028,749
CES3000000008,stationary,eta4x,4.599999,0.001542,0.010761,749
CES3000000030,stationary,eta1.0x,3.528318,0.003959,0.046569,749
CES3000000030,stationary,eta0.25x,3.519802,0.003993,0.048171,749
CES3000000030,stationary,eta0.5x,3.521634,0.003984,0.048171,749
CES3000000030,stationary,eta2x,3.527719,0.003936,0.044700,749
CES3000000030,stationary,eta4x,3.526376,0.003940,0.044459,749
CES3000000034,stationary,eta1.0x,3.467067,0.004856,0.014820,749
CES3000000034,stationary,eta0.25x,3.474770,0.004723,0.013778,749
CES3000000034,stationary,eta0.5x,3.462117,0.004857,0.014820,749
CES3000000034,stationary,eta2x,3.469662,0.004848,0.015915,749
CES3000000034,stationary,eta4x,3.469449,0.004846,0.015648,749
CES3000000035,stationary,eta1.0x,3.273309,0.006369,0.015200,750
CES3000000035,stationary,eta0.25x,3.289471,0.006183,0.012800,750
CES3000000035,stationary,eta0.5x,3.281046,0.006274,0.013333,750
CES3000000035,stationary,eta2x,3.267753,0.006417,0.013867,750
CES3000000035,stationary,eta4x,3.265180,0.006439,0.013333,750
CES3100000010,regime-changey,eta1.0x,4.299848,0.002215,0.015294,510
CES3100000010,regime-changey,eta0.25x,4.318099,0.002163,0.012549,510
CES3100000010,regime-changey,eta0.5x,4.308432,0.002205,0.012549,510
CES3100000010,regime-changey,eta2x,4.299245,0.002215,0.015294,510
CES3100000010,regime-changey,eta4x,4.298919,0.002215,0.015294,510
CES3100000009,stationary,eta1.0x,3.138314,0.019877,0.060952,546
CES3100000009,stationary,eta0.25x,3.136370,0.019871,0.064982,546
CES3100000009,stationary,eta0.5x,3.136586,0.019869,0.062051,546
CES3100000009,stationary,eta2x,3.140612,0.019898,0.054359,546
CES3100000009,stationary,eta4x,3.141572,0.019905,0.052527,546
CES3100000006,stationary,eta1.0x,3.845084,0.003527,0.013333,750
CES3100000006,stationary,eta0.25x,3.807623,0.003636,0.013600,750
CES3100000006,stationary,eta0.5x,3.828402,0.003585,0.013867,750
CES3100000006,stationary,eta2x,3.851600,0.003501,0.014400,750
CES3100000006,stationary,eta4x,3.853480,0.003495,0.014400,750
CES3100000008,stationary,eta1.0x,4.448206,0.001849,0.009479,749
CES3100000008,stationary,eta0.25x,4.445336,0.001852,0.008411,749
CES3100000008,stationary,eta0.5x,4.447462,0.001849,0.008945,749
CES3100000008,stationary,eta2x,4.449769,0.001850,0.010307,749
CES3100000008,stationary,eta4x,4.450921,0.001850,0.009479,749
CES3100000007,stationary,eta1.0x,4.414354,0.003330,0.023733,750
CES3100000007,stationary,eta0.25x,4.393676,0.003365,0.032267,750
CES3100000007,stationary,eta0.5x,4.409484,0.003341,0.027467,750
CES3100000007,stationary,eta2x,4.412964,0.003330,0.022933,750
CES3100000007,stationary,eta4x,4.413623,0.003328,0.022933,750
CES3100000030,stationary,eta1.0x,3.463676,0.004273,0.005333,750
CES3100000030,stationary,eta0.25x,3.459282,0.004287,0.005867,750
CES3100000030,stationary,eta0.5x,3.463570,0.004276,0.005600,750
CES3100000030,stationary,eta2x,3.464500,0.004272,0.006933,750
CES3100000030,stationary,eta4x,3.464544,0.004273,0.006667,750
CES3100000034,stationary,eta1.0x,3.191650,0.006460,0.013867,750
CES3100000034,stationary,eta0.25x,3.190358,0.006531,0.011733,750
CES3100000034,stationary,eta0.5x,3.190305,0.006492,0.011733,750
CES3100000034,stationary,eta2x,3.189419,0.006490,0.013333,750
CES3100000034,stationary,eta4x,3.186807,0.006537,0.012533,750
CES3132700001,regime-changey,eta1.0x,3.902452,0.003061,0.012871,606
CES3132700001,regime-changey,eta0.25x,3.910501,0.003063,0.010693,606
CES3132700001,regime-changey,eta0.5x,3.904220,0.003070,0.011551,606
CES3132700001,regime-changey,eta2x,3.904417,0.003052,0.013531,606
CES3132700001,regime-changey,eta4x,3.904643,0.003050,0.014059,606
CES3100000035,stationary,eta1.0x,3.043132,0.007461,0.009867,750
CES3100000035,stationary,eta0.25x,3.051621,0.007408,0.010667,750
CES3100000035,stationary,eta0.5x,3.048557,0.007418,0.009867,750
CES3100000035,stationary,eta2x,3.037855,0.007515,0.009067,750
CES3100000035,stationary,eta4x,3.033965,0.007566,0.010133,750
CES3200000006,stationary,eta1.0x,4.421880,0.001808,0.010400,750
CES3200000006,stationary,eta0.25x,4.429332,0.001808,0.012533,750
CES3200000006,stationary,eta0.5x,4.423693,0.001809,0.011733,750
CES3200000006,stationary,eta2x,4.422743,0.001806,0.010933,750
CES3200000006,stationary,eta4x,4.424859,0.001805,0.010933,750
CES3133660001,stationary,eta1.0x,3.003295,0.007495,0.010642,748
CES3133660001,stationary,eta0.25x,3.020731,0.007379,0.010963,748
CES3133660001,stationary,eta0.5x,3.009994,0.007446,0.010695,748
CES3133660001,stationary,eta2x,3.002336,0.007505,0.010107,748
CES3133660001,stationary,eta4x,3.002770,0.007505,0.009840,748
CES3200000008,stationary,eta1.0x,4.454067,0.001704,0.011733,750
CES3200000008,stationary,eta0.25x,4.452969,0.001702,0.007467,750
CES3200000008,stationary,eta0.5x,4.455277,0.001701,0.010933,750
CES3200000008,stationary,eta2x,4.452472,0.001708,0.011467,750
CES3200000008,stationary,eta4x,4.451839,0.001710,0.010133,750
CES3200000007,stationary,eta1.0x,5.107588,0.002778,0.028800,750
CES3200000007,stationary,eta0.25x,5.080085,0.002806,0.041333,750
CES3200000007,stationary,eta0.5x,5.103771,0.002786,0.032267,750
CES3200000007,stationary,eta2x,5.115306,0.002758,0.024800,750
CES3200000007,stationary,eta4x,5.115362,0.002756,0.023200,750
CES3200000010,regime-changey,eta1.0x,4.457998,0.002025,0.014118,510
CES3200000010,regime-changey,eta0.25x,4.471639,0.002017,0.014118,510
CES3200000010,regime-changey,eta0.5x,4.468177,0.002010,0.015686,510
CES3200000010,regime-changey,eta2x,4.451701,0.002034,0.013725,510
CES3200000010,regime-changey,eta4x,4.449097,0.002037,0.015686,510
CES3200000009,stationary,eta1.0x,3.743038,0.015355,0.029158,546
CES3200000009,stationary,eta0.25x,3.739724,0.015440,0.036996,546
CES3200000009,stationary,eta0.5x,3.743170,0.015369,0.029524,546
CES3200000009,stationary,eta2x,3.743319,0.015351,0.029158,546
CES3200000009,stationary,eta4x,3.742362,0.015350,0.029158,546
CES3200000030,stationary,eta1.0x,3.769086,0.003189,0.007733,750
CES3200000030,stationary,eta0.25x,3.762790,0.003192,0.007467,750
CES3200000030,stationary,eta0.5x,3.769085,0.003187,0.007733,750
CES3200000030,stationary,eta2x,3.766895,0.003193,0.006933,750
CES3200000030,stationary,eta4x,3.766837,0.003193,0.006933,750
CES4348200001,stationary,eta1.0x,3.540269,0.004000,0.007198,653
CES4348200001,stationary,eta0.25x,3.512399,0.004069,0.012006,653
CES4348200001,stationary,eta0.5x,3.533692,0.004015,0.013936,653
CES4348200001,stationary,eta2x,3.541161,0.004001,0.007289,653
CES4348200001,stationary,eta4x,3.540287,0.004000,0.006279,653
CES3200000034,stationary,eta1.0x,3.655759,0.003902,0.012800,750
CES3200000034,stationary,eta0.25x,3.657982,0.003895,0.012800,750
CES3200000034,stationary,eta0.5x,3.655821,0.003898,0.012800,750
CES3200000034,stationary,eta2x,3.656038,0.003904,0.012800,750
CES3200000034,stationary,eta4x,3.655407,0.003904,0.013867,750
CES3200000035,stationary,eta1.0x,3.713653,0.004086,0.007733,750
CES3200000035,stationary,eta0.25x,3.701436,0.004141,0.005867,750
CES3200000035,stationary,eta0.5x,3.708454,0.004107,0.006667,750
CES3200000035,stationary,eta2x,3.714482,0.004079,0.007733,750
CES3200000035,stationary,eta4x,3.713000,0.004078,0.006933,750
CES9092000001,stationary,eta1.0x,4.615587,0.001371,0.008330,557
CES9092000001,stationary,eta0.25x,4.614729,0.001373,0.009408,557
CES9092000001,stationary,eta0.5x,4.613864,0.001372,0.009048,557
CES9092000001,stationary,eta2x,4.616120,0.001371,0.008689,557
CES9092000001,stationary,eta4x,4.616486,0.001371,0.008689,557
CES9091000001,regime-changey,eta1.0x,3.696275,0.004879,0.028999,749
CES9091000001,regime-changey,eta0.25x,3.725288,0.004755,0.030040,749
CES9091000001,regime-changey,eta0.5x,3.705947,0.004839,0.029773,749
CES9091000001,regime-changey,eta2x,3.691943,0.004897,0.029266,749
CES9091000001,regime-changey,eta4x,3.690539,0.004904,0.029239,749
CES9091100001,regime-changey,eta1.0x,3.451766,0.005906,0.035594,749
CES9091100001,regime-changey,eta0.25x,3.477402,0.005768,0.040401,749
CES9091100001,regime-changey,eta0.5x,3.462410,0.005847,0.036929,749
CES9091100001,regime-changey,eta2x,3.451738,0.005903,0.034526,749
CES9091100001,regime-changey,eta4x,3.452992,0.005891,0.034259,749
CES9091912001,regime-changey,eta1.0x,3.153099,0.006501,0.015327,749
CES9091912001,regime-changey,eta0.25x,3.153690,0.006497,0.015594,749
CES9091912001,regime-changey,eta0.5x,3.153112,0.006501,0.015327,749
CES9091912001,regime-changey,eta2x,3.153686,0.006499,0.015327,749
CES9091912001,regime-changey,eta4x,3.154161,0.006497,0.015594,749
CES9092161101,stationary,eta1.0x,3.938806,0.002786,0.009659,557
CES9092161101,stationary,eta0.25x,3.945812,0.002758,0.012496,557
CES9092161101,stationary,eta0.5x,3.945267,0.002761,0.012029,557
CES9092161101,stationary,eta2x,3.928281,0.002819,0.010736,557
CES9092161101,stationary,eta4x,3.926797,0.002826,0.011813,557
CES9092200001,stationary,eta1.0x,5.009731,0.000893,0.011311,557
CES9092200001,stationary,eta0.25x,5.022146,0.000883,0.013106,557
CES9092200001,stationary,eta0.5x,5.016693,0.000890,0.012747,557
CES9092200001,stationary,eta2x,5.009662,0.000894,0.010592,557
CES9092200001,stationary,eta4x,5.008794,0.000895,0.010952,557
CES9093000001,regime-changey,eta1.0x,4.746714,0.001368,0.012998,557
CES9093000001,regime-changey,eta0.25x,4.738552,0.001412,0.013968,557
CES9093000001,regime-changey,eta0.5x,4.743213,0.001383,0.014434,557
CES9093000001,regime-changey,eta2x,4.746555,0.001368,0.012388,557
CES9093000001,regime-changey,eta4x,4.743388,0.001375,0.012029,557
CES9093161101,regime-changey,eta1.0x,4.420855,0.001872,0.016589,557
CES9093161101,regime-changey,eta0.25x,4.423364,0.001868,0.014542,557
CES9093161101,regime-changey,eta0.5x,4.422838,0.001867,0.015763,557
CES9093161101,regime-changey,eta2x,4.417740,0.001885,0.015871,557
CES9093161101,regime-changey,eta4x,4.416774,0.001889,0.015512,557
CES9093200001,regime-changey,eta1.0x,4.759213,0.001345,0.016122,557
CES9093200001,regime-changey,eta0.25x,4.757315,0.001378,0.010952,557
CES9093200001,regime-changey,eta0.5x,4.760359,0.001352,0.013609,557
CES9093200001,regime-changey,eta2x,4.753545,0.001349,0.013609,557
CES9093200001,regime-changey,eta4x,4.752846,0.001353,0.014327,557
CEU0500000001,stationary,eta1.0x,4.464868,0.002003,0.013485,749
CEU0500000001,stationary,eta0.25x,4.464433,0.002004,0.014019,749
CEU0500000001,stationary,eta0.5x,4.463953,0.002003,0.014019,749
CEU0500000001,stationary,eta2x,4.465630,0.002003,0.013752,749
CEU0500000001,stationary,eta4x,4.464247,0.002003,0.013485,749
CEU0600000001,stationary,eta1.0x,3.855186,0.003357,0.014019,749
CEU0600000001,stationary,eta0.25x,3.850097,0.003384,0.013218,749
CEU0600000001,stationary,eta0.5x,3.853786,0.003363,0.013218,749
CEU0600000001,stationary,eta2x,3.854902,0.003358,0.014286,749
CEU0600000001,stationary,eta4x,3.853888,0.003365,0.014286,749
CEU0600000006,stationary,eta1.0x,3.749671,0.003594,0.014679,654
CEU0600000006,stationary,eta0.25x,3.752196,0.003578,0.015596,654
CEU0600000006,stationary,eta0.5x,3.750366,0.003590,0.014679,654
CEU0600000006,stationary,eta2x,3.750085,0.003593,0.014373,654
CEU0600000006,stationary,eta4x,3.749770,0.003595,0.014679,654
CEU0600000007,stationary,eta1.0x,3.242028,0.005614,0.014373,654
CEU0600000007,stationary,eta0.25x,3.272013,0.005484,0.012538,654
CEU0600000007,stationary,eta0.5x,3.252574,0.005564,0.013150,654
CEU0600000007,stationary,eta2x,3.239147,0.005633,0.013578,654
CEU0600000007,stationary,eta4x,3.236895,0.005644,0.013884,654
CEU0600000008,stationary,eta1.0x,4.451801,0.001633,0.011621,654
CEU0600000008,stationary,eta0.25x,4.449550,0.001649,0.010520,654
CEU0600000008,stationary,eta0.5x,4.450985,0.001638,0.012661,654
CEU0600000008,stationary,eta2x,4.450854,0.001634,0.011131,654
CEU0600000008,stationary,eta4x,4.450436,0.001636,0.010275,654
CEU0600000030,stationary,eta1.0x,3.118500,0.005963,0.014801,654
CEU0600000030,stationary,eta0.25x,3.119472,0.005944,0.015719,654
CEU0600000030,stationary,eta0.5x,3.115862,0.005964,0.013884,654
CEU0600000030,stationary,eta2x,3.118929,0.005962,0.014801,654
CEU0600000030,stationary,eta4x,3.118439,0.005962,0.015107,654
CEU0600000034,stationary,eta1.0x,2.893508,0.007707,0.013028,654
CEU0600000034,stationary,eta0.25x,2.906366,0.007577,0.012110,654
CEU0600000034,stationary,eta0.5x,2.897610,0.007669,0.014557,654
CEU0600000034,stationary,eta2x,2.889236,0.007730,0.012110,654
CEU0600000034,stationary,eta4x,2.886513,0.007747,0.012416,654
CEU0600000035,stationary,eta1.0x,2.832982,0.008122,0.012966,654
CEU0600000035,stationary,eta0.25x,2.851377,0.007968,0.012538,654
CEU0600000035,stationary,eta0.5x,2.838360,0.008074,0.012232,654
CEU0600000035,stationary,eta2x,2.834055,0.008126,0.012049,654
CEU0600000035,stationary,eta4x,2.834582,0.008122,0.011743,654
CEU1000000006,stationary,eta1.0x,2.727260,0.008924,0.006116,654
CEU1000000006,stationary,eta0.25x,2.661989,0.009435,0.006544,654
CEU1000000006,stationary,eta0.5x,2.702724,0.009097,0.006300,654
CEU1000000006,stationary,eta2x,2.731234,0.008929,0.005810,654
CEU1000000006,stationary,eta4x,2.729672,0.008931,0.005810,654
CEU0800000001,stationary,eta1.0x,4.640287,0.001783,0.014933,750
CEU0800000001,stationary,eta0.25x,4.641185,0.001782,0.014667,750
CEU0800000001,stationary,eta0.5x,4.640432,0.001782,0.014667,750
CEU0800000001,stationary,eta2x,4.641806,0.001783,0.014400,750
CEU0800000001,stationary,eta4x,4.640278,0.001783,0.014667,750
CEU1000000007,stationary,eta1.0x,2.819597,0.008178,0.012355,654
CEU1000000007,stationary,eta0.25x,2.822090,0.008168,0.011927,654
CEU1000000007,stationary,eta0.5x,2.819527,0.008178,0.012355,654
CEU1000000007,stationary,eta2x,2.819637,0.008178,0.012355,654
CEU1000000007,stationary,eta4x,2.819633,0.008178,0.012355,654
CEU1000000001,stationary,eta1.0x,2.866646,0.008269,0.009506,749
CEU1000000001,stationary,eta0.25x,2.862776,0.008246,0.009212,749
CEU1000000001,stationary,eta0.5x,2.868960,0.008247,0.010841,749
CEU1000000001,stationary,eta2x,2.866232,0.008271,0.009239,749
CEU1000000001,stationary,eta4x,2.866078,0.008271,0.008972,749
CEU1000000008,stationary,eta1.0x,3.347494,0.004739,0.011865,654
CEU1000000008,stationary,eta0.25x,3.355801,0.004692,0.019083,654
CEU1000000008,stationary,eta0.5x,3.348557,0.004724,0.012722,654
CEU1000000008,stationary,eta2x,3.348505,0.004737,0.010948,654
CEU1000000008,stationary,eta4x,3.350936,0.004738,0.012171,654
CEU1000000030,stationary,eta1.0x,2.678076,0.009149,0.016024,654
CEU1000000030,stationary,eta0.25x,2.673506,0.009164,0.017859,654
CEU1000000030,stationary,eta0.5x,2.677559,0.009146,0.016820,654
CEU1000000030,stationary,eta2x,2.679264,0.009159,0.016024,654
CEU1000000030,stationary,eta4x,2.679383,0.009161,0.016820,654
CEU1000000034,stationary,eta1.0x,2.210779,0.014747,0.007156,654
CEU1000000034,stationary,eta0.25x,2.212642,0.014717,0.005138,654
CEU1000000034,stationary,eta0.5x,2.212606,0.014734,0.007034,654
CEU1000000034,stationary,eta2x,2.210477,0.014755,0.008073,654
CEU1000000034,stationary,eta4x,2.209715,0.014768,0.008869,654
CEU1000000035,stationary,eta1.0x,2.179493,0.015256,0.016391,654
CEU1000000035,stationary,eta0.25x,2.179882,0.015202,0.013456,654
CEU1000000035,stationary,eta0.5x,2.181508,0.015234,0.015596,654
CEU1000000035,stationary,eta2x,2.178230,0.015277,0.016391,654
CEU1000000035,stationary,eta4x,2.177034,0.015302,0.015902,654
CEU1011330001,stationary,eta1.0x,2.460362,0.011417,0.007156,654
CEU1011330001,stationary,eta0.25x,2.460933,0.011412,0.007462,654
CEU1011330001,stationary,eta0.5x,2.460543,0.011416,0.007156,654
CEU1011330001,stationary,eta2x,2.460499,0.011417,0.007156,654
CEU1011330001,stationary,eta4x,2.460724,0.011416,0.007156,654
CEU2000000006,stationary,eta1.0x,3.143227,0.006209,0.012110,654
CEU2000000006,stationary,eta0.25x,3.143190,0.006208,0.012110,654
CEU2000000006,stationary,eta0.5x,3.143253,0.006209,0.012110,654
CEU2000000006,stationary,eta2x,3.143213,0.006209,0.012110,654
CEU2000000006,stationary,eta4x,3.143201,0.006209,0.012110,654
CEU2000000007,stationary,eta1.0x,2.513093,0.010862,0.010703,654
CEU2000000007,stationary,eta0.25x,2.542602,0.010616,0.009297,654
CEU2000000007,stationary,eta0.5x,2.526172,0.010752,0.010153,654
CEU2000000007,stationary,eta2x,2.508671,0.010950,0.010092,654
CEU2000000007,stationary,eta4x,2.503333,0.011011,0.009969,654
CEU2000000030,stationary,eta1.0x,2.514831,0.010901,0.011131,654
CEU2000000030,stationary,eta0.25x,2.517886,0.010829,0.010826,654
CEU2000000030,stationary,eta0.5x,2.514202,0.010897,0.011131,654
CEU2000000030,stationary,eta2x,2.514906,0.010901,0.011131,654
CEU2000000030,stationary,eta4x,2.514808,0.010901,0.011437,654
CEU2000000001,stationary,eta1.0x,3.256152,0.005627,0.009746,749
CEU2000000001,stationary,eta0.25x,3.254426,0.005626,0.010013,749
CEU2000000001,stationary,eta0.5x,3.255372,0.005627,0.009533,749
CEU2000000001,stationary,eta2x,3.256110,0.005627,0.009746,749
CEU2000000001,stationary,eta4x,3.256716,0.005627,0.009746,749
CEU2000000034,stationary,eta1.0x,2.216625,0.014798,0.006544,654
CEU2000000034,stationary,eta0.25x,2.218408,0.014738,0.007278,654
CEU2000000034,stationary,eta0.5x,2.215964,0.014795,0.006544,654
CEU2000000034,stationary,eta2x,2.216576,0.014798,0.006239,654
CEU2000000034,stationary,eta4x,2.216504,0.014798,0.006239,654
CEU2000000035,stationary,eta1.0x,2.201607,0.014922,0.008257,654
CEU2000000035,stationary,eta0.25x,2.204267,0.014877,0.008502,654
CEU2000000035,stationary,eta0.5x,2.202861,0.014916,0.008563,654
CEU2000000035,stationary,eta2x,2.201463,0.014922,0.007645,654
CEU2000000035,stationary,eta4x,2.201928,0.014920,0.007339,654
CEU3000000001,stationary,eta1.0x,3.576087,0.003987,0.014312,749
CEU3000000001,stationary,eta0.25x,3.575705,0.003972,0.014579,749
CEU3000000001,stationary,eta0.5x,3.571965,0.003985,0.014019,749
CEU3000000001,stationary,eta2x,3.577848,0.003993,0.015381,749
CEU3000000001,stationary,eta4x,3.569578,0.004048,0.015354,749
CEU3000000010,stationary,eta1.0x,4.074364,0.002655,0.009020,510
CEU3000000010,stationary,eta0.25x,4.074230,0.002656,0.009020,510
CEU3000000010,stationary,eta0.5x,4.074662,0.002656,0.009020,510
CEU3000000010,stationary,eta2x,4.074376,0.002656,0.009020,510
CEU3000000010,stationary,eta4x,4.074376,0.002655,0.009020,510
CEU3000000009,stationary,eta1.0x,1.924548,0.026748,0.018716,545
CEU3000000009,stationary,eta0.25x,1.986074,0.025722,0.014862,545
CEU3000000009,stationary,eta0.5x,1.956240,0.026143,0.016330,545
CEU3000000009,stationary,eta2x,1.908589,0.027154,0.018716,545
CEU3000000009,stationary,eta4x,1.902473,0.027325,0.018349,545
CEU3000000006,stationary,eta1.0x,3.474670,0.004733,0.018667,750
CEU3000000006,stationary,eta0.25x,3.429272,0.004804,0.016267,750
CEU3000000006,stationary,eta0.5x,3.474298,0.004717,0.020000,750
CEU3000000006,stationary,eta2x,3.479365,0.004719,0.015733,750
CEU3000000006,stationary,eta4x,3.480146,0.004719,0.016533,750
CEU3000000007,stationary,eta1.0x,3.318791,0.005352,0.015567,749
CEU3000000007,stationary,eta0.25x,3.325150,0.005337,0.014499,749
CEU3000000007,stationary,eta0.5x,3.320733,0.005348,0.014499,749
CEU3000000007,stationary,eta2x,3.316148,0.005363,0.016929,749
CEU3000000007,stationary,eta4x,3.314142,0.005373,0.016395,749
CEU3000000030,stationary,eta1.0x,3.164044,0.005926,0.008800,750
CEU3000000030,stationary,eta0.25x,3.146857,0.005993,0.011200,750
CEU3000000030,stationary,eta0.5x,3.160089,0.005929,0.010133,750
CEU3000000030,stationary,eta2x,3.158992,0.005943,0.008267,750
CEU3000000030,stationary,eta4x,3.158814,0.005943,0.008533,750
CEU3000000034,stationary,eta1.0x,2.967536,0.007575,0.010400,750
CEU3000000034,stationary,eta0.25x,2.964804,0.007603,0.010133,750
CEU3000000034,stationary,eta0.5x,2.965612,0.007592,0.010667,750
CEU3000000034,stationary,eta2x,2.966638,0.007577,0.008533,750
CEU3000000034,stationary,eta4x,2.965466,0.007581,0.009333,750
CEU3000000035,stationary,eta1.0x,2.801351,0.008943,0.013867,750
CEU3000000035,stationary,eta0.25x,2.775248,0.009190,0.018133,750
CEU3000000035,stationary,eta0.5x,2.798498,0.008975,0.015200,750
CEU3000000035,stationary,eta2x,2.801155,0.008947,0.013333,750
CEU3000000035,stationary,eta4x,2.801243,0.008955,0.013600,750
CEU3100000001,stationary,eta1.0x,3.526285,0.004268,0.027733,750
CEU3100000001,stationary,eta0.25x,3.520848,0.004318,0.028000,750
CEU3100000001,stationary,eta0.5x,3.528316,0.004268,0.028000,750
CEU3100000001,stationary,eta2x,3.523708,0.004284,0.027200,750
CEU3100000001,stationary,eta4x,3.519102,0.004297,0.026933,750
CEU3100000006,stationary,eta1.0x,3.259244,0.005590,0.026133,750
CEU3100000006,stationary,eta0.25x,3.246107,0.005736,0.028267,750
CEU3100000006,stationary,eta0.5x,3.253948,0.005650,0.026133,750
CEU3100000006,stationary,eta2x,3.261268,0.005573,0.026667,750
CEU3100000006,stationary,eta4x,3.254942,0.005591,0.027200,750
CEU3100000010,stationary,eta1.0x,3.858388,0.003133,0.016863,510
CEU3100000010,stationary,eta0.25x,3.850427,0.003139,0.016078,510
CEU3100000010,stationary,eta0.5x,3.854963,0.003136,0.016863,510
CEU3100000010,stationary,eta2x,3.859264,0.003132,0.016863,510
CEU3100000010,stationary,eta4x,3.860721,0.003131,0.016863,510
CEU3100000009,stationary,eta1.0x,1.698428,0.033593,0.016264,546
CEU3100000009,stationary,eta0.25x,1.756599,0.032055,0.014652,546
CEU3100000009,stationary,eta0.5x,1.723330,0.032865,0.019048,546
CEU3100000009,stationary,eta2x,1.687651,0.033874,0.018681,546
CEU3100000009,stationary,eta4x,1.682828,0.034034,0.017949,546
CEU3100000007,stationary,eta1.0x,3.226439,0.006404,0.015200,750
CEU3100000007,stationary,eta0.25x,3.239647,0.006364,0.015467,750
CEU3100000007,stationary,eta0.5x,3.228878,0.006398,0.015733,750
CEU3100000007,stationary,eta2x,3.225230,0.006403,0.016000,750
CEU3100000007,stationary,eta4x,3.224616,0.006405,0.016000,750
CEU3100000008,stationary,eta1.0x,4.093965,0.002655,0.010307,749
CEU3100000008,stationary,eta0.25x,4.105576,0.002635,0.010307,749
CEU3100000008,stationary,eta0.5x,4.104533,0.002637,0.010040,749
CEU3100000008,stationary,eta2x,4.084513,0.002682,0.010307,749
CEU3100000008,stationary,eta4x,4.084144,0.002690,0.009800,749
CEU3100000030,stationary,eta1.0x,2.945724,0.007279,0.012533,750
CEU3100000030,stationary,eta0.25x,2.926014,0.007395,0.013600,750
CEU3100000030,stationary,eta0.5x,2.938659,0.007313,0.013600,750
CEU3100000030,stationary,eta2x,2.944472,0.007286,0.012800,750
CEU3100000030,stationary,eta4x,2.942341,0.007297,0.012800,750
CEU3100000034,stationary,eta1.0x,2.524650,0.011112,0.038133,750
CEU3100000034,stationary,eta0.25x,2.503948,0.011249,0.038400,750
CEU3100000034,stationary,eta0.5x,2.513162,0.011175,0.038933,750
CEU3100000034,stationary,eta2x,2.521284,0.011121,0.038667,750
CEU3100000034,stationary,eta4x,2.520515,0.011148,0.037867,750
CEU3132700001,stationary,eta1.0x,3.530458,0.004179,0.011881,606
CEU3132700001,stationary,eta0.25x,3.531613,0.004177,0.012871,606
CEU3132700001,stationary,eta0.5x,3.530742,0.004178,0.011881,606
CEU3132700001,stationary,eta2x,3.528288,0.004179,0.011881,606
CEU3132700001,stationary,eta4x,3.528337,0.004179,0.011551,606
CEU3100000035,stationary,eta1.0x,2.362073,0.012841,0.035733,750
CEU3100000035,stationary,eta0.25x,2.342096,0.013060,0.036000,750
CEU3100000035,stationary,eta0.5x,2.353496,0.012929,0.036533,750
CEU3100000035,stationary,eta2x,2.364931,0.012796,0.035733,750
CEU3100000035,stationary,eta4x,2.365366,0.012787,0.036000,750
CEU3133660001,stationary,eta1.0x,2.913403,0.007836,0.010307,749
CEU3133660001,stationary,eta0.25x,2.912610,0.007887,0.009746,749
CEU3133660001,stationary,eta0.5x,2.912694,0.007861,0.011108,749
CEU3133660001,stationary,eta2x,2.914206,0.007831,0.010814,749
CEU3133660001,stationary,eta4x,2.912768,0.007852,0.010547,749
CEU3200000001,stationary,eta1.0x,4.258564,0.002137,0.010933,750
CEU3200000001,stationary,eta0.25x,4.258013,0.002137,0.010933,750
CEU3200000001,stationary,eta0.5x,4.258659,0.002137,0.010933,750
CEU3200000001,stationary,eta2x,4.258605,0.002137,0.010933,750
CEU3200000001,stationary,eta4x,4.258589,0.002137,0.010933,750
CEU3200000006,stationary,eta1.0x,4.038503,0.002573,0.012533,750
CEU3200000006,stationary,eta0.25x,4.039219,0.002573,0.012267,750
CEU3200000006,stationary,eta0.5x,4.039083,0.002573,0.012267,750
CEU3200000006,stationary,eta2x,4.038460,0.002573,0.012533,750
CEU3200000006,stationary,eta4x,4.039099,0.002573,0.012533,750
CEU3200000007,stationary,eta1.0x,3.495516,0.004671,0.014400,750
CEU3200000007,stationary,eta0.25x,3.512450,0.004619,0.017600,750
CEU3200000007,stationary,eta0.5x,3.507303,0.004630,0.016267,750
CEU3200000007,stationary,eta2x,3.491992,0.004687,0.014933,750
CEU3200000007,stationary,eta4x,3.490872,0.004690,0.015467,750
CEU3200000010,stationary,eta1.0x,3.999166,0.002772,0.010588,510
CEU3200000010,stationary,eta0.25x,3.997791,0.002772,0.010588,510
CEU3200000010,stationary,eta0.5x,3.999164,0.002772,0.010588,510
CEU3200000010,stationary,eta2x,3.999174,0.002772,0.010588,510
CEU3200000010,stationary,eta4x,3.999173,0.002772,0.010588,510
CEU3200000009,stationary,eta1.0x,2.370395,0.023082,0.018901,546
CEU3200000009,stationary,eta0.25x,2.401872,0.022351,0.018681,546
CEU3200000009,stationary,eta0.5x,2.384264,0.022779,0.017436,546
CEU3200000009,stationary,eta2x,2.369136,0.023193,0.018535,546
CEU3200000009,stationary,eta4x,2.368511,0.023210,0.019634,546
CEU3200000008,stationary,eta1.0x,3.912917,0.002988,0.009333,750
CEU3200000008,stationary,eta0.25x,3.909032,0.002992,0.010400,750
CEU3200000008,stationary,eta0.5x,3.911159,0.002990,0.009067,750
CEU3200000008,stationary,eta2x,3.917107,0.002986,0.008533,750
CEU3200000008,stationary,eta4x,3.917642,0.002986,0.007467,750
CEU3200000030,stationary,eta1.0x,3.328589,0.004910,0.017067,750
CEU3200000030,stationary,eta0.25x,3.314417,0.004959,0.018400,750
CEU3200000030,stationary,eta0.5x,3.322775,0.004926,0.017600,750
CEU3200000030,stationary,eta2x,3.330766,0.004902,0.016800,750
CEU3200000030,stationary,eta4x,3.330965,0.004901,0.016800,750
CEU3200000034,stationary,eta1.0x,3.260037,0.005496,0.011733,750
CEU3200000034,stationary,eta0.25x,3.259337,0.005496,0.011200,750
CEU3200000034,stationary,eta0.5x,3.259351,0.005496,0.011733,750
CEU3200000034,stationary,eta2x,3.259807,0.005496,0.011733,750
CEU3200000034,stationary,eta4x,3.259669,0.005496,0.011733,750
CEU3200000035,stationary,eta1.0x,3.281258,0.005376,0.006400,750
CEU3200000035,stationary,eta0.25x,3.275587,0.005414,0.005600,750
CEU3200000035,stationary,eta0.5x,3.280646,0.005379,0.005867,750
CEU3200000035,stationary,eta2x,3.283547,0.005374,0.006133,750
CEU3200000035,stationary,eta4x,3.282058,0.005374,0.005867,750
CEU4000000001,stationary,eta1.0x,4.405752,0.001911,0.009067,750
CEU4000000001,stationary,eta0.25x,4.405940,0.001911,0.009067,750
CEU4000000001,stationary,eta0.5x,4.405934,0.001911,0.009067,750
CEU4000000001,stationary,eta2x,4.405792,0.001911,0.009067,750
CEU4000000001,stationary,eta4x,4.405824,0.001911,0.009067,750
CEU4142000001,stationary,eta1.0x,4.469395,0.001637,0.012533,750
CEU4142000001,stationary,eta0.25x,4.469527,0.001637,0.012800,750
CEU4142000001,stationary,eta0.5x,4.469417,0.001637,0.012267,750
CEU4142000001,stationary,eta2x,4.469401,0.001637,0.012533,750
CEU4142000001,stationary,eta4x,4.469392,0.001637,0.012533,750
CEU4348200001,stationary,eta1.0x,3.248979,0.005393,0.006300,654
CEU4348200001,stationary,eta0.25x,3.250819,0.005410,0.006606,654
CEU4348200001,stationary,eta0.5x,3.248042,0.005410,0.006300,654
CEU4348200001,stationary,eta2x,3.249024,0.005391,0.005688,654
CEU4348200001,stationary,eta4x,3.247542,0.005402,0.006483,654
CEU4200000001,stationary,eta1.0x,4.115368,0.002699,0.007637,749
CEU4200000001,stationary,eta0.25x,4.116961,0.002694,0.006275,749
CEU4200000001,stationary,eta0.5x,4.115823,0.002698,0.007370,749
CEU4200000001,stationary,eta2x,4.115317,0.002700,0.007637,749
CEU4200000001,stationary,eta4x,4.115093,0.002700,0.007904,749
CEU5000000001,regime-changey,eta1.0x,3.614997,0.005088,0.019893,749
CEU5000000001,regime-changey,eta0.25x,3.518362,0.005346,0.025260,749
CEU5000000001,regime-changey,eta0.5x,3.592408,0.005143,0.021762,749
CEU5000000001,regime-changey,eta2x,3.615710,0.005091,0.020160,749
CEU5000000001,regime-changey,eta4x,3.616877,0.005068,0.019893,749
CEU5500000001,stationary,eta1.0x,4.791231,0.001144,0.012443,749
CEU5500000001,stationary,eta0.25x,4.792508,0.001144,0.012951,749
CEU5500000001,stationary,eta0.5x,4.792424,0.001144,0.011642,749
CEU5500000001,stationary,eta2x,4.790525,0.001145,0.013244,749
CEU5500000001,stationary,eta4x,4.791707,0.001144,0.012710,749
CEU6500000001,stationary,eta1.0x,4.574748,0.001672,0.009186,749
CEU6500000001,stationary,eta0.25x,4.575241,0.001672,0.009186,749
CEU6500000001,stationary,eta0.5x,4.574776,0.001672,0.009186,749
CEU6500000001,stationary,eta2x,4.574865,0.001672,0.009186,749
CEU6500000001,stationary,eta4x,4.574956,0.001672,0.009186,749
CEU6000000001,stationary,eta1.0x,4.391857,0.001897,0.012710,749
CEU6000000001,stationary,eta0.25x,4.392255,0.001896,0.013218,749
CEU6000000001,stationary,eta0.5x,4.393415,0.001896,0.012443,749
CEU6000000001,stationary,eta2x,4.390734,0.001897,0.012951,749
CEU6000000001,stationary,eta4x,4.390703,0.001897,0.012951,749
CEU7000000001,regime-changey,eta1.0x,3.871637,0.005571,0.007637,749
CEU7000000001,regime-changey,eta0.25x,3.880495,0.005398,0.008678,749
CEU7000000001,regime-changey,eta0.5x,3.875033,0.005485,0.008171,749
CEU7000000001,regime-changey,eta2x,3.869844,0.005612,0.007637,749
CEU7000000001,regime-changey,eta4x,3.869300,0.005616,0.007877,749
CEU8000000001,regime-changey,eta1.0x,4.417951,0.002384,0.010133,750
CEU8000000001,regime-changey,eta0.25x,4.419649,0.002383,0.010133,750
CEU8000000001,regime-changey,eta0.5x,4.418104,0.002384,0.010133,750
CEU8000000001,regime-changey,eta2x,4.418133,0.002384,0.010133,750
CEU8000000001,regime-changey,eta4x,4.418313,0.002384,0.010133,750
CEU9000000001,stationary,eta1.0x,4.309180,0.001878,0.008625,749
CEU9000000001,stationary,eta0.25x,4.312898,0.001878,0.008358,749
CEU9000000001,stationary,eta0.5x,4.309821,0.001878,0.008625,749
CEU9000000001,stationary,eta2x,4.310203,0.001878,0.008625,749
CEU9000000001,stationary,eta4x,4.310518,0.001878,0.008625,749
CEU9091000001,stationary,eta1.0x,3.423872,0.005425,0.017223,749
CEU9091000001,stationary,eta0.25x,3.428284,0.005425,0.016956,749
CEU9091000001,stationary,eta0.5x,3.424570,0.005425,0.016956,749
CEU9091000001,stationary,eta2x,3.423908,0.005425,0.017223,749
CEU9091000001,stationary,eta4x,3.423905,0.005425,0.017223,749
CEU9091100001,stationary,eta1.0x,3.177761,0.006764,0.019200,750
CEU9091100001,stationary,eta0.25x,3.186485,0.006731,0.021067,750
CEU9091100001,stationary,eta0.5x,3.176177,0.006787,0.019733,750
CEU9091100001,stationary,eta2x,3.178845,0.006751,0.019200,750
CEU9091100001,stationary,eta4x,3.178882,0.006747,0.019200,750
CEU9092000001,stationary,eta1.0x,4.215662,0.002024,0.009264,557
CEU9092000001,stationary,eta0.25x,4.214053,0.002024,0.009264,557
CEU9092000001,stationary,eta0.5x,4.215763,0.002024,0.009264,557
CEU9092000001,stationary,eta2x,4.215701,0.002024,0.009264,557
CEU9092000001,stationary,eta4x,4.215729,0.002024,0.009264,557
CEU9092161101,stationary,eta1.0x,3.451044,0.004389,0.009677,558
CEU9092161101,stationary,eta0.25x,3.455533,0.004380,0.011470,558
CEU9092161101,stationary,eta0.5x,3.452330,0.004386,0.010036,558
CEU9092161101,stationary,eta2x,3.450379,0.004392,0.009319,558
CEU9092161101,stationary,eta4x,3.450124,0.004393,0.008961,558
CEU9092200001,regime-changey,eta1.0x,4.669522,0.001249,0.008689,557
CEU9092200001,regime-changey,eta0.25x,4.669555,0.001249,0.008941,557
CEU9092200001,regime-changey,eta0.5x,4.669568,0.001249,0.008689,557
CEU9092200001,regime-changey,eta2x,4.669486,0.001249,0.008689,557
CEU9092200001,regime-changey,eta4x,4.669476,0.001249,0.008689,557
CEU9091912001,regime-changey,eta1.0x,3.068452,0.006997,0.015200,750
CEU9091912001,regime-changey,eta0.25x,3.074219,0.006952,0.014667,750
CEU9091912001,regime-changey,eta0.5x,3.070697,0.006981,0.015200,750
CEU9091912001,regime-changey,eta2x,3.067868,0.006999,0.014933,750
CEU9091912001,regime-changey,eta4x,3.067676,0.006999,0.014933,750
CEU9093000001,stationary,eta1.0x,4.353920,0.001905,0.014624,558
CEU9093000001,stationary,eta0.25x,4.352123,0.001913,0.014265,558
CEU9093000001,stationary,eta0.5x,4.352337,0.001910,0.015341,558
CEU9093000001,stationary,eta2x,4.355260,0.001899,0.013907,558
CEU9093000001,stationary,eta4x,4.356188,0.001895,0.013907,558
CEU9093161101,stationary,eta1.0x,4.004857,0.002715,0.010466,558
CEU9093161101,stationary,eta0.25x,4.004025,0.002716,0.010824,558
CEU9093161101,stationary,eta0.5x,4.003586,0.002715,0.010466,558
CEU9093161101,stationary,eta2x,4.005080,0.002715,0.010466,558
CEU9093161101,stationary,eta4x,4.005081,0.002715,0.010466,558
CEU9093200001,stationary,eta1.0x,4.278856,0.002067,0.012545,558
CEU9093200001,stationary,eta0.25x,4.278726,0.002067,0.012545,558
CEU9093200001,stationary,eta0.5x,4.278714,0.002067,0.012545,558
CEU9093200001,stationary,eta2x,4.278680,0.002067,0.012545,558
CEU9093200001,stationary,eta4x,4.278536,0.002067,0.012545,558
CHECPIALLMINMEI,stationary,eta1.0x,4.512340,0.001504,0.009650,543
CHECPIALLMINMEI,stationary,eta0.25x,4.520837,0.001490,0.010497,543
CHECPIALLMINMEI,stationary,eta0.5x,4.512630,0.001503,0.009392,543
CHECPIALLMINMEI,stationary,eta2x,4.512388,0.001504,0.009282,543
CHECPIALLMINMEI,stationary,eta4x,4.512393,0.001504,0.009282,543
CHECP010000IXOBM,stationary,eta1.0x,3.655043,0.003598,0.012449,543
CHECP010000IXOBM,stationary,eta0.25x,3.659132,0.003583,0.011602,543
CHECP010000IXOBM,stationary,eta0.5x,3.656611,0.003591,0.010350,543
CHECP010000IXOBM,stationary,eta2x,3.655029,0.003605,0.010976,543
CHECP010000IXOBM,stationary,eta4x,3.653951,0.003611,0.011713,543
CHECP010000GYM,stationary,eta1.0x,-1.092658,0.409180,0.007345,531
CHECP010000GYM,stationary,eta0.25x,-1.090154,0.407644,0.008889,531
CHECP010000GYM,stationary,eta0.5x,-1.090288,0.408404,0.007797,531
CHECP010000GYM,stationary,eta2x,-1.092747,0.409231,0.007721,531
CHECP010000GYM,stationary,eta4x,-1.092788,0.409255,0.008098,531
CHECPICORMINMEI,stationary,eta1.0x,4.817864,0.001079,0.014180,543
CHECPICORMINMEI,stationary,eta0.25x,4.818135,0.001079,0.014180,543
CHECPICORMINMEI,stationary,eta0.5x,4.817732,0.001079,0.014180,543
CHECPICORMINMEI,stationary,eta2x,4.817776,0.001079,0.014180,543
CHECPICORMINMEI,stationary,eta4x,4.817690,0.001079,0.014180,543
CHECPIENGMINMEI,stationary,eta1.0x,2.453548,0.011833,0.010755,543
CHECPIENGMINMEI,stationary,eta0.25x,2.446315,0.011935,0.013186,543
CHECPIENGMINMEI,stationary,eta0.5x,2.450859,0.011869,0.010755,543
CHECPIENGMINMEI,stationary,eta2x,2.454698,0.011821,0.011123,543
CHECPIENGMINMEI,stationary,eta4x,2.454587,0.011819,0.011123,543
CHESARTMISMEI,stationary,eta1.0x,2.498476,0.012385,0.014717,530
CHESARTMISMEI,stationary,eta0.25x,2.496712,0.012386,0.013962,530
CHESARTMISMEI,stationary,eta0.5x,2.497645,0.012381,0.013585,530
CHESARTMISMEI,stationary,eta2x,2.499408,0.012389,0.013962,530
CHESARTMISMEI,stationary,eta4x,2.500111,0.012384,0.014340,530
CHESLRTTO01GPSAM,regime-changey,eta1.0x,-2.382647,1.593862,0.009910,555
CHESLRTTO01GPSAM,regime-changey,eta0.25x,-2.382074,1.593690,0.009910,555
CHESLRTTO01GPSAM,regime-changey,eta0.5x,-2.382289,1.593704,0.009910,555
CHESLRTTO01GPSAM,regime-changey,eta2x,-2.382804,1.593856,0.009369,555
CHESLRTTO01GPSAM,regime-changey,eta4x,-2.382867,1.593856,0.009369,555
CHEXTEXVA01CXMLM,stationary,eta1.0x,1.135303,0.043208,0.011182,533
CHEXTEXVA01CXMLM,stationary,eta0.25x,1.134973,0.043208,0.011557,533
CHEXTEXVA01CXMLM,stationary,eta0.5x,1.135063,0.043209,0.011182,533
CHEXTEXVA01CXMLM,stationary,eta2x,1.135405,0.043208,0.011182,533
CHEXTEXVA01CXMLM,stationary,eta4x,1.135422,0.043208,0.011182,533
CHEXTIMVA01CXMLM,stationary,eta1.0x,1.032110,0.048201,0.010319,533
CHEXTIMVA01CXMLM,stationary,eta0.25x,1.046188,0.047387,0.011069,533
CHEXTIMVA01CXMLM,stationary,eta0.5x,1.036632,0.047965,0.010694,533
CHEXTIMVA01CXMLM,stationary,eta2x,1.030164,0.048242,0.009944,533
CHEXTIMVA01CXMLM,stationary,eta4x,1.029616,0.048253,0.009831,533
CHESLRTTO01GYSAM,regime-changey,eta1.0x,-2.518532,1.832703,0.010294,544
CHESLRTTO01GYSAM,regime-changey,eta0.25x,-2.519213,1.832950,0.010662,544
CHESLRTTO01GYSAM,regime-changey,eta0.5x,-2.518891,1.832938,0.010662,544
CHESLRTTO01GYSAM,regime-changey,eta2x,-2.518580,1.832737,0.010294,544
CHESLRTTO01GYSAM,regime-changey,eta4x,-2.518845,1.832756,0.010294,544
CHESPASTT01GYM,stationary,eta1.0x,-3.180895,3.219574,0.009358,545
CHESPASTT01GYM,stationary,eta0.25x,-3.179209,3.214702,0.011927,545
CHESPASTT01GYM,stationary,eta0.5x,-3.180250,3.215174,0.012294,545
CHESPASTT01GYM,stationary,eta2x,-3.181258,3.225286,0.009908,545
CHESPASTT01GYM,stationary,eta4x,-3.179910,3.225347,0.011743,545
CHNMAINLANDEPU,regime-changey,eta1.0x,-5.280112,34.106821,0.019353,618
CHNMAINLANDEPU,regime-changey,eta0.25x,-5.275959,34.080488,0.020388,618
CHNMAINLANDEPU,regime-changey,eta0.5x,-5.279625,34.102327,0.021036,618
CHNMAINLANDEPU,regime-changey,eta2x,-5.280249,34.107217,0.019676,618
CHNMAINLANDEPU,regime-changey,eta4x,-5.280416,34.107447,0.018770,618
CFSI,stationary,eta1.0x,3.093570,0.015217,0.026000,1000
CFSI,stationary,eta0.25x,3.098280,0.015149,0.026800,1000
CFSI,stationary,eta0.5x,3.094118,0.015195,0.026200,1000
CFSI,stationary,eta2x,3.093013,0.015227,0.025400,1000
CFSI,stationary,eta4x,3.091565,0.015229,0.025400,1000
CHEXTNTVA01CXMLM,regime-changey,eta1.0x,-19.946589,376082314.398351,0.020675,533
CHEXTNTVA01CXMLM,regime-changey,eta0.25x,-19.977906,369489712.766116,0.023565,533
CHEXTNTVA01CXMLM,regime-changey,eta0.5x,-19.969655,366981922.652615,0.020188,533
CHEXTNTVA01CXMLM,regime-changey,eta2x,-19.976674,389448973.288187,0.013696,533
CHEXTNTVA01CXMLM,regime-changey,eta4x,-19.986980,399844549.194645,0.009831,533
CIBOARD,stationary,eta1.0x,4.093966,0.002405,0.005200,1000
CIBOARD,stationary,eta0.25x,4.097108,0.002399,0.004400,1000
CIBOARD,stationary,eta0.5x,4.094850,0.002404,0.004400,1000
CIBOARD,stationary,eta2x,4.093902,0.002405,0.005200,1000
CIBOARD,stationary,eta4x,4.093897,0.002405,0.005200,1000
CIBOARDNSA,stationary,eta1.0x,3.737202,0.003247,0.005800,1000
CIBOARDNSA,stationary,eta0.25x,3.758786,0.003201,0.005200,1000
CIBOARDNSA,stationary,eta0.5x,3.742553,0.003235,0.005600,1000
CIBOARDNSA,stationary,eta2x,3.735784,0.003250,0.007400,1000
CIBOARDNSA,stationary,eta4x,3.737049,0.003245,0.006200,1000
CILDCBW027NBOG,stationary,eta1.0x,3.906904,0.002748,0.006000,1000
CILDCBW027NBOG,stationary,eta0.25x,3.909567,0.002755,0.005400,1000
CILDCBW027NBOG,stationary,eta0.5x,3.905847,0.002761,0.005800,1000
CILDCBW027NBOG,stationary,eta2x,3.906306,0.002746,0.006200,1000
CILDCBW027NBOG,stationary,eta4x,3.904090,0.002750,0.007400,1000
CILDCBW027SBOG,regime-changey,eta1.0x,4.276284,0.002056,0.010200,1000
CILDCBW027SBOG,regime-changey,eta0.25x,4.281176,0.002044,0.009600,1000
CILDCBW027SBOG,regime-changey,eta0.5x,4.278013,0.002052,0.009800,1000
CILDCBW027SBOG,regime-changey,eta2x,4.274948,0.002059,0.009400,1000
CILDCBW027SBOG,regime-changey,eta4x,4.274490,0.002060,0.009400,1000
CILFRIW027NBOG,stationary,eta1.0x,3.225419,0.005422,0.006800,1000
CILFRIW027NBOG,stationary,eta0.25x,3.234127,0.005412,0.006400,1000
CILFRIW027NBOG,stationary,eta0.5x,3.238565,0.005366,0.005200,1000
CILFRIW027NBOG,stationary,eta2x,3.217157,0.005460,0.006800,1000
CILFRIW027NBOG,stationary,eta4x,3.215554,0.005462,0.006600,1000
CILFRIW027SBOG,stationary,eta1.0x,3.415214,0.004541,0.006600,1000
CILFRIW027SBOG,stationary,eta0.25x,3.429307,0.004541,0.008000,1000
CILFRIW027SBOG,stationary,eta0.5x,3.414869,0.004543,0.008000,1000
CILFRIW027SBOG,stationary,eta2x,3.414716,0.004541,0.006800,1000
CILFRIW027SBOG,stationary,eta4x,3.414752,0.004541,0.006600,1000
CILSCBW027NBOG,regime-changey,eta1.0x,4.203601,0.002272,0.010600,1000
CILSCBW027NBOG,regime-changey,eta0.25x,4.206128,0.002262,0.009600,1000
CILSCBW027NBOG,regime-changey,eta0.5x,4.205000,0.002269,0.010400,1000
CILSCBW027NBOG,regime-changey,eta2x,4.203303,0.002274,0.010600,1000
CILSCBW027NBOG,regime-changey,eta4x,4.203449,0.002274,0.010600,1000
CLF16OV,stationary,eta1.0x,4.484039,0.001538,0.016250,640
CLF16OV,stationary,eta0.25x,4.475243,0.001536,0.023438,640
CLF16OV,stationary,eta0.5x,4.478370,0.001539,0.016563,640
CLF16OV,stationary,eta2x,4.486419,0.001535,0.016250,640
CLF16OV,stationary,eta4x,4.489289,0.001534,0.016250,640
CIVPART,stationary,eta1.0x,5.795729,0.001407,0.041875,640
CIVPART,stationary,eta0.25x,5.809342,0.001391,0.048125,640
CIVPART,stationary,eta0.5x,5.796828,0.001407,0.042812,640
CIVPART,stationary,eta2x,5.796588,0.001407,0.041250,640
CIVPART,stationary,eta4x,5.797578,0.001406,0.041250,640
CILSCBW027SBOG,regime-changey,eta1.0x,4.363068,0.002092,0.015600,1000
CILSCBW027SBOG,regime-changey,eta0.25x,4.366487,0.002084,0.014800,1000
CILSCBW027SBOG,regime-changey,eta0.5x,4.363380,0.002090,0.016000,1000
CILSCBW027SBOG,regime-changey,eta2x,4.363119,0.002093,0.015600,1000
CILSCBW027SBOG,regime-changey,eta4x,4.363316,0.002093,0.015600,1000
CISD678FRBCLE,regime-changey,eta1.0x,3.350002,0.016390,0.013800,1000
CISD678FRBCLE,regime-changey,eta0.25x,3.357541,0.016311,0.013600,1000
CISD678FRBCLE,regime-changey,eta0.5x,3.349687,0.016373,0.014000,1000
CISD678FRBCLE,regime-changey,eta2x,3.349330,0.016393,0.013800,1000
CISD678FRBCLE,regime-changey,eta4x,3.349843,0.016390,0.013800,1000
CLSACBW027NBOG,regime-changey,eta1.0x,3.871004,0.003272,0.014400,1000
CLSACBW027NBOG,regime-changey,eta0.25x,3.886804,0.003072,0.018400,1000
CLSACBW027NBOG,regime-changey,eta0.5x,3.881381,0.003178,0.017000,1000
CLSACBW027NBOG,regime-changey,eta2x,3.861497,0.003387,0.014200,1000
CLSACBW027NBOG,regime-changey,eta4x,3.858732,0.003423,0.015400,1000
CLSACBW027SBOG,regime-changey,eta1.0x,4.511450,0.002280,0.019600,1000
CLSACBW027SBOG,regime-changey,eta0.25x,4.440716,0.002277,0.033800,1000
CLSACBW027SBOG,regime-changey,eta0.5x,4.511661,0.002276,0.021000,1000
CLSACBW027SBOG,regime-changey,eta2x,4.510255,0.002279,0.020400,1000
CLSACBW027SBOG,regime-changey,eta4x,4.510019,0.002281,0.020000,1000
CLSDCBW027SBOG,regime-changey,eta1.0x,4.587877,0.002023,0.019000,1000
CLSDCBW027SBOG,regime-changey,eta0.25x,4.456021,0.002084,0.044200,1000
CLSDCBW027SBOG,regime-changey,eta0.5x,4.560678,0.002039,0.023200,1000
CLSDCBW027SBOG,regime-changey,eta2x,4.587603,0.002024,0.018800,1000
CLSDCBW027SBOG,regime-changey,eta4x,4.587490,0.002023,0.019200,1000
CLSDCBW027NBOG,regime-changey,eta1.0x,3.871004,0.003272,0.014400,1000
CLSDCBW027NBOG,regime-changey,eta0.25x,3.886804,0.003072,0.018400,1000
CLSDCBW027NBOG,regime-changey,eta0.5x,3.881381,0.003178,0.017000,1000
CLSDCBW027NBOG,regime-changey,eta2x,3.861497,0.003387,0.014200,1000
CLSDCBW027NBOG,regime-changey,eta4x,3.858732,0.003423,0.015400,1000
CLSLCBW027SBOG,regime-changey,eta1.0x,4.472557,0.002420,0.020000,1000
CLSLCBW027SBOG,regime-changey,eta0.25x,4.447544,0.002420,0.024800,1000
CLSLCBW027SBOG,regime-changey,eta0.5x,4.458274,0.002428,0.021200,1000
CLSLCBW027SBOG,regime-changey,eta2x,4.473784,0.002419,0.018800,1000
CLSLCBW027SBOG,regime-changey,eta4x,4.473525,0.002419,0.018800,1000
CLSLCBW027NBOG,regime-changey,eta1.0x,3.803237,0.003497,0.016000,1000
CLSLCBW027NBOG,regime-changey,eta0.25x,3.824319,0.003269,0.016600,1000
CLSLCBW027NBOG,regime-changey,eta0.5x,3.807628,0.003467,0.017800,1000
CLSLCBW027NBOG,regime-changey,eta2x,3.801736,0.003499,0.015000,1000
CLSLCBW027NBOG,regime-changey,eta4x,3.802110,0.003500,0.014800,1000
CNP16OV,regime-changey,eta1.0x,6.603947,0.000258,0.043438,640
CNP16OV,regime-changey,eta0.25x,6.611270,0.000256,0.041563,640
CNP16OV,regime-changey,eta0.5x,6.603187,0.000257,0.042500,640
CNP16OV,regime-changey,eta2x,6.604258,0.000258,0.043438,640
CNP16OV,regime-changey,eta4x,6.604268,0.000258,0.043438,640
CLSSCBW027NBOG,stationary,eta1.0x,4.017558,0.002999,0.019600,1000
CLSSCBW027NBOG,stationary,eta0.25x,3.971994,0.003071,0.036400,1000
CLSSCBW027NBOG,stationary,eta0.5x,3.976379,0.003062,0.034600,1000
CLSSCBW027NBOG,stationary,eta2x,4.025347,0.002993,0.015600,1000
CLSSCBW027NBOG,stationary,eta4x,4.025066,0.002995,0.016200,1000
CLSSCBW027SBOG,stationary,eta1.0x,4.110534,0.002855,0.035000,1000
CLSSCBW027SBOG,stationary,eta0.25x,4.072843,0.002896,0.042600,1000
CLSSCBW027SBOG,stationary,eta0.5x,4.100444,0.002862,0.036200,1000
CLSSCBW027SBOG,stationary,eta2x,4.113471,0.002853,0.035600,1000
CLSSCBW027SBOG,stationary,eta4x,4.114661,0.002853,0.035600,1000
CMRKTSD678FRBCLE,stationary,eta1.0x,3.858088,0.003154,0.007600,1000
CMRKTSD678FRBCLE,stationary,eta0.25x,3.857369,0.003159,0.010000,1000
CMRKTSD678FRBCLE,stationary,eta0.5x,3.858532,0.003154,0.008200,1000
CMRKTSD678FRBCLE,stationary,eta2x,3.858148,0.003154,0.007800,1000
CMRKTSD678FRBCLE,stationary,eta4x,3.858352,0.003154,0.008000,1000
COMPOUT,stationary,eta1.0x,2.648482,0.009544,0.007200,1000
COMPOUT,stationary,eta0.25x,2.652296,0.009524,0.008200,1000
COMPOUT,stationary,eta0.5x,2.650323,0.009530,0.007600,1000
COMPOUT,stationary,eta2x,2.647386,0.009555,0.007000,1000
COMPOUT,stationary,eta4x,2.646951,0.009564,0.006000,1000
COMPAPER,stationary,eta1.0x,1.844886,0.021207,0.007200,1000
COMPAPER,stationary,eta0.25x,1.846658,0.021178,0.009200,1000
COMPAPER,stationary,eta0.5x,1.845934,0.021183,0.008800,1000
COMPAPER,stationary,eta2x,1.841463,0.021294,0.008200,1000
COMPAPER,stationary,eta4x,1.838301,0.021365,0.009000,1000
COMPUTN,stationary,eta1.0x,2.776076,0.008287,0.009800,1000
COMPUTN,stationary,eta0.25x,2.779031,0.008262,0.011400,1000
COMPUTN,stationary,eta0.5x,2.778723,0.008267,0.010800,1000
COMPUTN,stationary,eta2x,2.775749,0.008296,0.009800,1000
COMPUTN,stationary,eta4x,2.776373,0.008286,0.009000,1000
CONAN,stationary,eta1.0x,4.062589,0.002602,0.009867,750
CONAN,stationary,eta0.25x,4.062476,0.002603,0.009867,750
CONAN,stationary,eta0.5x,4.062623,0.002603,0.009867,750
CONAN,stationary,eta2x,4.062754,0.002603,0.010133,750
CONAN,stationary,eta4x,4.062765,0.002603,0.010133,750
CONSUMER,regime-changey,eta1.0x,3.754478,0.004054,0.015253,653
CONSUMER,regime-changey,eta0.25x,3.754173,0.004053,0.015161,653
CONSUMER,regime-changey,eta0.5x,3.754892,0.004054,0.015559,653
CONSUMER,regime-changey,eta2x,3.751748,0.004062,0.016478,653
CONSUMER,regime-changey,eta4x,3.751015,0.004064,0.016692,653
COINSUREDUR,regime-changey,eta1.0x,1.810504,0.057774,0.014400,1000
COINSUREDUR,regime-changey,eta0.25x,1.809881,0.057763,0.014600,1000
COINSUREDUR,regime-changey,eta0.5x,1.809813,0.057755,0.014400,1000
COINSUREDUR,regime-changey,eta2x,1.811104,0.057803,0.014400,1000
COINSUREDUR,regime-changey,eta4x,1.811227,0.057802,0.014200,1000
CPALTT01BEM657N,stationary,eta1.0x,-0.353639,0.196382,0.008922,529
CPALTT01BEM657N,stationary,eta0.25x,-0.354290,0.196582,0.008091,529
CPALTT01BEM657N,stationary,eta0.5x,-0.353737,0.196428,0.010057,529
CPALTT01BEM657N,stationary,eta2x,-0.353868,0.196370,0.008922,529
CPALTT01BEM657N,stationary,eta4x,-0.353960,0.196371,0.008922,529
COICLAIMS,regime-changey,eta1.0x,-7.882535,734.716445,0.030200,1000
COICLAIMS,regime-changey,eta0.25x,-7.888736,733.106478,0.030600,1000
COICLAIMS,regime-changey,eta0.5x,-7.885850,732.538005,0.030400,1000
COICLAIMS,regime-changey,eta2x,-7.880968,735.403164,0.030000,1000
COICLAIMS,regime-changey,eta4x,-7.883012,735.937475,0.030000,1000
COCCLAIMS,regime-changey,eta1.0x,-8.728581,1475.564264,0.017400,1000
COCCLAIMS,regime-changey,eta0.25x,-8.692173,1459.946559,0.019200,1000
COCCLAIMS,regime-changey,eta0.5x,-8.710111,1465.137512,0.018400,1000
COCCLAIMS,regime-changey,eta2x,-8.734233,1482.367099,0.015400,1000
COCCLAIMS,regime-changey,eta4x,-8.738134,1484.435941,0.015400,1000
CONSUMERNSA,regime-changey,eta1.0x,3.238534,0.006025,0.008423,653
CONSUMERNSA,regime-changey,eta0.25x,3.246572,0.006033,0.011302,653
CONSUMERNSA,regime-changey,eta0.5x,3.240894,0.006018,0.009862,653
CONSUMERNSA,regime-changey,eta2x,3.236640,0.006038,0.008637,653
CONSUMERNSA,regime-changey,eta4x,3.234732,0.006045,0.009862,653
CPALTT01BEM659N,stationary,eta1.0x,-0.468918,0.223683,0.010395,531
CPALTT01BEM659N,stationary,eta0.25x,-0.460681,0.221156,0.010734,531
CPALTT01BEM659N,stationary,eta0.5x,-0.465095,0.221949,0.010772,531
CPALTT01BEM659N,stationary,eta2x,-0.469081,0.223822,0.010772,531
CPALTT01BEM659N,stationary,eta4x,-0.469026,0.223833,0.011149,531
CPALTT01CHM657N,stationary,eta1.0x,-0.357312,0.197805,0.014556,529
CPALTT01CHM657N,stationary,eta0.25x,-0.337954,0.193650,0.013043,529
CPALTT01CHM657N,stationary,eta0.5x,-0.353621,0.196916,0.014556,529
CPALTT01CHM657N,stationary,eta2x,-0.358639,0.198135,0.014178,529
CPALTT01CHM657N,stationary,eta4x,-0.359313,0.198294,0.014140,529
CPALTT01CHM659N,stationary,eta1.0x,-0.194056,0.167807,0.005838,531
CPALTT01CHM659N,stationary,eta0.25x,-0.194377,0.168121,0.007759,531
CPALTT01CHM659N,stationary,eta0.5x,-0.193246,0.167810,0.005876,531
CPALTT01CHM659N,stationary,eta2x,-0.193272,0.167805,0.005876,531
CPALTT01CHM659N,stationary,eta4x,-0.193422,0.167798,0.006215,531
CPALTT01DEM657N,stationary,eta1.0x,-0.390982,0.208379,0.011493,529
CPALTT01DEM657N,stationary,eta0.25x,-0.396796,0.208485,0.011153,529
CPALTT01DEM657N,stationary,eta0.5x,-0.394864,0.208549,0.010775,529
CPALTT01DEM657N,stationary,eta2x,-0.390988,0.208380,0.011493,529
CPALTT01DEM657N,stationary,eta4x,-0.390927,0.208379,0.011493,529
CPALTT01DEM659N,stationary,eta1.0x,-0.280464,0.190757,0.022642,530
CPALTT01DEM659N,stationary,eta0.25x,-0.280209,0.190709,0.022264,530
CPALTT01DEM659N,stationary,eta0.5x,-0.280390,0.190755,0.023396,530
CPALTT01DEM659N,stationary,eta2x,-0.282144,0.190815,0.024151,530
CPALTT01DEM659N,stationary,eta4x,-0.282913,0.191020,0.023396,530
CPALTT01ESM657N,stationary,eta1.0x,-0.904905,0.350609,0.008720,539
CPALTT01ESM657N,stationary,eta0.25x,-0.905145,0.350752,0.009462,539
CPALTT01ESM657N,stationary,eta0.5x,-0.904776,0.350670,0.009833,539
CPALTT01ESM657N,stationary,eta2x,-0.904253,0.350589,0.008386,539
CPALTT01ESM657N,stationary,eta4x,-0.903858,0.350593,0.008386,539
CPALTT01ESM659N,stationary,eta1.0x,-0.608162,0.262694,0.010370,540
CPALTT01ESM659N,stationary,eta0.25x,-0.604783,0.261656,0.010370,540
CPALTT01ESM659N,stationary,eta0.5x,-0.606322,0.262258,0.010370,540
CPALTT01ESM659N,stationary,eta2x,-0.608426,0.262713,0.011111,540
CPALTT01ESM659N,stationary,eta4x,-0.608688,0.262744,0.011111,540
CPALTT01FIM657N,stationary,eta1.0x,-0.501625,0.224378,0.009091,528
CPALTT01FIM657N,stationary,eta0.25x,-0.497692,0.223518,0.009091,528
CPALTT01FIM657N,stationary,eta0.5x,-0.498584,0.223842,0.008409,528
CPALTT01FIM657N,stationary,eta2x,-0.502382,0.224402,0.009091,528
CPALTT01FIM657N,stationary,eta4x,-0.502151,0.224363,0.009848,528
CPALTT01CAM657N,stationary,eta1.0x,-0.099255,0.280627,0.010000,1000
CPALTT01CAM657N,stationary,eta0.25x,-0.091285,0.279391,0.009200,1000
CPALTT01CAM657N,stationary,eta0.5x,-0.098171,0.280386,0.009600,1000
CPALTT01CAM657N,stationary,eta2x,-0.099001,0.280904,0.010600,1000
CPALTT01CAM657N,stationary,eta4x,-0.101200,0.281379,0.011000,1000
CPALTT01CAM659N,stationary,eta1.0x,-0.314268,0.318861,0.017400,1000
CPALTT01CAM659N,stationary,eta0.25x,-0.308583,0.317303,0.018200,1000
CPALTT01CAM659N,stationary,eta0.5x,-0.313415,0.318296,0.016800,1000
CPALTT01CAM659N,stationary,eta2x,-0.313592,0.318751,0.016800,1000
CPALTT01CAM659N,stationary,eta4x,-0.313041,0.318615,0.016800,1000
CPALTT01FIM659N,stationary,eta1.0x,-0.437069,0.214000,0.015094,530
CPALTT01FIM659N,stationary,eta0.25x,-0.427998,0.212673,0.015472,530
CPALTT01FIM659N,stationary,eta0.5x,-0.430702,0.213074,0.013585,530
CPALTT01FIM659N,stationary,eta2x,-0.439482,0.214509,0.014717,530
CPALTT01FIM659N,stationary,eta4x,-0.438923,0.214404,0.015094,530
CPALTT01FRM657N,stationary,eta1.0x,-0.231397,0.176251,0.014394,528
CPALTT01FRM657N,stationary,eta0.25x,-0.234387,0.176406,0.013561,528
CPALTT01FRM657N,stationary,eta0.5x,-0.231713,0.176278,0.014015,528
CPALTT01FRM657N,stationary,eta2x,-0.231175,0.176253,0.014394,528
CPALTT01FRM657N,stationary,eta4x,-0.232684,0.176256,0.014394,528
CPALTT01FRM659N,stationary,eta1.0x,-0.131199,0.154503,0.007547,530
CPALTT01FRM659N,stationary,eta0.25x,-0.124584,0.153619,0.006792,530
CPALTT01FRM659N,stationary,eta0.5x,-0.128085,0.154101,0.006792,530
CPALTT01FRM659N,stationary,eta2x,-0.133329,0.154731,0.007925,530
CPALTT01FRM659N,stationary,eta4x,-0.133868,0.154834,0.007547,530
CPALTT01GBM657N,stationary,eta1.0x,-0.345727,0.238736,0.014773,528
CPALTT01GBM657N,stationary,eta0.25x,-0.235712,0.227382,0.015152,528
CPALTT01GBM657N,stationary,eta0.5x,-0.306093,0.234586,0.015909,528
CPALTT01GBM657N,stationary,eta2x,-0.361591,0.240781,0.015530,528
CPALTT01GBM657N,stationary,eta4x,-0.364354,0.241567,0.015909,528
CPALTT01GBM659N,stationary,eta1.0x,0.672108,0.167231,0.020000,530
CPALTT01GBM659N,stationary,eta0.25x,0.677481,0.165989,0.022264,530
CPALTT01GBM659N,stationary,eta0.5x,0.675632,0.166565,0.020755,530
CPALTT01GBM659N,stationary,eta2x,0.668421,0.167614,0.020000,530
CPALTT01GBM659N,stationary,eta4x,0.667395,0.167833,0.018868,530
CPALTT01GRM657N,stationary,eta1.0x,-1.164660,0.466884,0.006200,529
CPALTT01GRM657N,stationary,eta0.25x,-1.154290,0.458447,0.005482,529
CPALTT01GRM657N,stationary,eta0.5x,-1.161550,0.464585,0.007750,529
CPALTT01GRM657N,stationary,eta2x,-1.166000,0.467814,0.005860,529
CPALTT01GRM657N,stationary,eta4x,-1.166078,0.467886,0.006238,529
CPALTT01INM657N,stationary,eta1.0x,-1.195233,0.462574,0.009980,503
CPALTT01INM657N,stationary,eta0.25x,-1.201827,0.464358,0.009742,503
CPALTT01INM657N,stationary,eta0.5x,-1.196243,0.462800,0.010378,503
CPALTT01INM657N,stationary,eta2x,-1.195129,0.462512,0.009583,503
CPALTT01INM657N,stationary,eta4x,-1.195194,0.462507,0.009583,503
CPALTT01GRM659N,stationary,eta1.0x,-0.942530,0.368211,0.011864,531
CPALTT01GRM659N,stationary,eta0.25x,-0.947882,0.369057,0.011036,531
CPALTT01GRM659N,stationary,eta0.5x,-0.945167,0.368533,0.011450,531
CPALTT01GRM659N,stationary,eta2x,-0.944480,0.368541,0.010697,531
CPALTT01GRM659N,stationary,eta4x,-0.943948,0.368352,0.008023,531
CPALTT01INM659N,stationary,eta1.0x,-1.305315,0.491416,0.008458,506
CPALTT01INM659N,stationary,eta0.25x,-1.300952,0.489750,0.010672,506
CPALTT01INM659N,stationary,eta0.5x,-1.303481,0.490761,0.008696,506
CPALTT01INM659N,stationary,eta2x,-1.305195,0.491469,0.009091,506
CPALTT01INM659N,stationary,eta4x,-1.305351,0.491490,0.009091,506
CPALTT01ISM659N,regime-changey,eta1.0x,-1.268938,0.657774,0.013785,531
CPALTT01ISM659N,regime-changey,eta0.25x,-1.258810,0.652713,0.012618,531
CPALTT01ISM659N,regime-changey,eta0.5x,-1.272570,0.660208,0.012241,531
CPALTT01ISM659N,regime-changey,eta2x,-1.269374,0.657233,0.013785,531
CPALTT01ISM659N,regime-changey,eta4x,-1.272211,0.658117,0.012316,531
CPALTT01ISM657N,regime-changey,eta1.0x,-1.008574,0.419471,0.016446,529
CPALTT01ISM657N,regime-changey,eta0.25x,-1.004268,0.418918,0.014556,529
CPALTT01ISM657N,regime-changey,eta0.5x,-1.006762,0.419303,0.015690,529
CPALTT01ISM657N,regime-changey,eta2x,-1.011472,0.419476,0.015312,529
CPALTT01ISM657N,regime-changey,eta4x,-1.011436,0.419448,0.015312,529
CPALTT01ITM657N,regime-changey,eta1.0x,-0.044950,0.152941,0.010682,528
CPALTT01ITM657N,regime-changey,eta0.25x,-0.049105,0.153707,0.013182,528
CPALTT01ITM657N,regime-changey,eta0.5x,-0.045863,0.153111,0.010303,528
CPALTT01ITM657N,regime-changey,eta2x,-0.044013,0.152896,0.010303,528
CPALTT01ITM657N,regime-changey,eta4x,-0.044721,0.152881,0.010682,528
CPALTT01ITM659N,regime-changey,eta1.0x,-0.100142,0.168035,0.008302,530
CPALTT01ITM659N,regime-changey,eta0.25x,-0.093244,0.167142,0.009057,530
CPALTT01ITM659N,regime-changey,eta0.5x,-0.095514,0.167476,0.007547,530
CPALTT01ITM659N,regime-changey,eta2x,-0.099920,0.168434,0.007925,530
CPALTT01ITM659N,regime-changey,eta4x,-0.100297,0.168539,0.008302,530
CPALTT01LUM657N,regime-changey,eta1.0x,-0.688375,0.300809,0.016446,529
CPALTT01LUM657N,regime-changey,eta0.25x,-0.685931,0.296385,0.014896,529
CPALTT01LUM657N,regime-changey,eta0.5x,-0.684854,0.298267,0.016030,529
CPALTT01LUM657N,regime-changey,eta2x,-0.694543,0.302986,0.014594,529
CPALTT01LUM657N,regime-changey,eta4x,-0.700320,0.305082,0.014934,529
CPALTT01LUM659N,stationary,eta1.0x,-0.471767,0.222795,0.004746,531
CPALTT01LUM659N,stationary,eta0.25x,-0.448551,0.217669,0.005160,531
CPALTT01LUM659N,stationary,eta0.5x,-0.462285,0.221217,0.004369,531
CPALTT01LUM659N,stationary,eta2x,-0.474326,0.223075,0.003578,531
CPALTT01LUM659N,stationary,eta4x,-0.475459,0.223302,0.003616,531
CPALTT01NOM657N,stationary,eta1.0x,-0.707968,0.293172,0.017202,529
CPALTT01NOM657N,stationary,eta0.25x,-0.708103,0.293190,0.017580,529
CPALTT01NOM657N,stationary,eta0.5x,-0.707947,0.293175,0.017580,529
CPALTT01NOM657N,stationary,eta2x,-0.707985,0.293170,0.017202,529
CPALTT01NOM657N,stationary,eta4x,-0.708002,0.293168,0.017202,529
CPALTT01NOM659N,stationary,eta1.0x,-0.527637,0.248386,0.021695,531
CPALTT01NOM659N,stationary,eta0.25x,-0.518197,0.246526,0.016836,531
CPALTT01NOM659N,stationary,eta0.5x,-0.525564,0.248515,0.023540,531
CPALTT01NOM659N,stationary,eta2x,-0.527913,0.248274,0.021243,531
CPALTT01NOM659N,stationary,eta4x,-0.528601,0.248384,0.022787,531
CPALTT01PTM659N,regime-changey,eta1.0x,-0.762976,0.334332,0.011525,531
CPALTT01PTM659N,regime-changey,eta0.25x,-0.758908,0.333279,0.012957,531
CPALTT01PTM659N,regime-changey,eta0.5x,-0.760947,0.333980,0.011864,531
CPALTT01PTM659N,regime-changey,eta2x,-0.764527,0.334490,0.011488,531
CPALTT01PTM659N,regime-changey,eta4x,-0.764936,0.334531,0.010734,531
CPALTT01PTM657N,regime-changey,eta1.0x,-1.071791,0.420801,0.018374,529
CPALTT01PTM657N,regime-changey,eta0.25x,-1.065795,0.415310,0.018752,529
CPALTT01PTM657N,regime-changey,eta0.5x,-1.068088,0.417351,0.019130,529
CPALTT01PTM657N,regime-changey,eta2x,-1.072783,0.422264,0.018374,529
CPALTT01PTM657N,regime-changey,eta4x,-1.072789,0.422338,0.018374,529
CPALTT01SEM657N,stationary,eta1.0x,-0.862048,0.316443,0.015312,529
CPALTT01SEM657N,stationary,eta0.25x,-0.863152,0.316541,0.015652,529
CPALTT01SEM657N,stationary,eta0.5x,-0.862264,0.316466,0.015312,529
CPALTT01SEM657N,stationary,eta2x,-0.861293,0.316440,0.015312,529
CPALTT01SEM657N,stationary,eta4x,-0.860650,0.316422,0.015274,529
CPALTT01SEM659N,stationary,eta1.0x,-0.651102,0.269822,0.011698,530
CPALTT01SEM659N,stationary,eta0.25x,-0.654281,0.271092,0.012075,530
CPALTT01SEM659N,stationary,eta0.5x,-0.648820,0.269209,0.009434,530
CPALTT01SEM659N,stationary,eta2x,-0.655218,0.270203,0.009811,530
CPALTT01SEM659N,stationary,eta4x,-0.656494,0.270440,0.010566,530
CPALTT01TRM657N,regime-changey,eta1.0x,-1.924810,0.977397,0.010737,529
CPALTT01TRM657N,regime-changey,eta0.25x,-1.935296,0.980107,0.016408,529
CPALTT01TRM657N,regime-changey,eta0.5x,-1.927218,0.977643,0.012287,529
CPALTT01TRM657N,regime-changey,eta2x,-1.923069,0.977331,0.012250,529
CPALTT01TRM657N,regime-changey,eta4x,-1.921826,0.977335,0.010775,529
CPALTT01TRM659N,regime-changey,eta1.0x,-2.255271,1.460997,0.009944,531
CPALTT01TRM659N,regime-changey,eta0.25x,-2.256054,1.454307,0.007797,531
CPALTT01TRM659N,regime-changey,eta0.5x,-2.255860,1.457654,0.009944,531
CPALTT01TRM659N,regime-changey,eta2x,-2.254462,1.464405,0.009981,531
CPALTT01TRM659N,regime-changey,eta4x,-2.255039,1.466999,0.009981,531
CPALTT01USM657N,stationary,eta1.0x,-0.253711,0.175214,0.011191,529
CPALTT01USM657N,stationary,eta0.25x,-0.255181,0.175270,0.012325,529
CPALTT01USM657N,stationary,eta0.5x,-0.254971,0.175223,0.012287,529
CPALTT01USM657N,stationary,eta2x,-0.253950,0.175215,0.011191,529
CPALTT01USM657N,stationary,eta4x,-0.253707,0.175211,0.011191,529
CPALTT01USM659N,stationary,eta1.0x,-0.339609,0.190857,0.008475,531
CPALTT01USM659N,stationary,eta0.25x,-0.335249,0.190951,0.008136,531
CPALTT01USM659N,stationary,eta0.5x,-0.337418,0.190822,0.008512,531
CPALTT01USM659N,stationary,eta2x,-0.339426,0.190882,0.008475,531
CPALTT01USM659N,stationary,eta4x,-0.339867,0.190999,0.008851,531
CPALTT01USM661S,stationary,eta1.0x,4.683339,0.001285,0.009392,543
CPALTT01USM661S,stationary,eta0.25x,4.670164,0.001305,0.006335,543
CPALTT01USM661S,stationary,eta0.5x,4.677725,0.001295,0.008287,543
CPALTT01USM661S,stationary,eta2x,4.684696,0.001282,0.009024,543
CPALTT01USM661S,stationary,eta4x,4.685200,0.001281,0.009134,543
CPALTT01ZAM657N,stationary,eta1.0x,-0.757470,0.286788,0.009762,504
CPALTT01ZAM657N,stationary,eta0.25x,-0.756754,0.286553,0.011111,504
CPALTT01ZAM657N,stationary,eta0.5x,-0.757456,0.286773,0.009762,504
CPALTT01ZAM657N,stationary,eta2x,-0.757316,0.286844,0.009762,504
CPALTT01ZAM657N,stationary,eta4x,-0.757381,0.286860,0.009762,504
CPALTT01ZAM659N,stationary,eta1.0x,-0.984390,0.367653,0.010714,504
CPALTT01ZAM659N,stationary,eta0.25x,-0.942416,0.350512,0.011508,504
CPALTT01ZAM659N,stationary,eta0.5x,-0.972449,0.362823,0.013095,504
CPALTT01ZAM659N,stationary,eta2x,-0.985181,0.367987,0.010714,504
CPALTT01ZAM659N,stationary,eta4x,-0.985296,0.368029,0.011111,504
CPGREN01CHM659N,stationary,eta1.0x,-2.588519,1.839804,0.006215,531
CPGREN01CHM659N,stationary,eta0.25x,-2.587753,1.839794,0.005461,531
CPGREN01CHM659N,stationary,eta0.5x,-2.588767,1.839873,0.006215,531
CPGREN01CHM659N,stationary,eta2x,-2.588390,1.839770,0.005800,531
CPGREN01CHM659N,stationary,eta4x,-2.588406,1.839768,0.005800,531
CPGREN01FIM659N,stationary,eta1.0x,-2.301208,1.497254,0.011321,530
CPGREN01FIM659N,stationary,eta0.25x,-2.287148,1.485229,0.008679,530
CPGREN01FIM659N,stationary,eta0.5x,-2.289380,1.489186,0.009434,530
CPGREN01FIM659N,stationary,eta2x,-2.315827,1.506933,0.009811,530
CPGREN01FIM659N,stationary,eta4x,-2.316470,1.507044,0.010943,530
CPGRLE01CHM659N,stationary,eta1.0x,0.184959,0.112387,0.013785,531
CPGRLE01CHM659N,stationary,eta0.25x,0.193226,0.111226,0.014915,531
CPGRLE01CHM659N,stationary,eta0.5x,0.190531,0.111636,0.012693,531
CPGRLE01CHM659N,stationary,eta2x,0.181051,0.112808,0.014501,531
CPGRLE01CHM659N,stationary,eta4x,0.179240,0.113061,0.015254,531
CPGREN01USM659N,stationary,eta1.0x,-2.620859,1.990820,0.008205,507
CPGREN01USM659N,stationary,eta0.25x,-2.619446,1.987122,0.007929,507
CPGREN01USM659N,stationary,eta0.5x,-2.620407,1.989615,0.007022,507
CPGREN01USM659N,stationary,eta2x,-2.620689,1.990786,0.008205,507
CPGREN01USM659N,stationary,eta4x,-2.620257,1.990072,0.008205,507
CPGRLE01FIM659N,stationary,eta1.0x,-0.281203,0.193462,0.009811,530
CPGRLE01FIM659N,stationary,eta0.25x,-0.277235,0.193141,0.009434,530
CPGRLE01FIM659N,stationary,eta0.5x,-0.279952,0.193401,0.009434,530
CPGRLE01FIM659N,stationary,eta2x,-0.281883,0.193529,0.009811,530
CPGRLE01FIM659N,stationary,eta4x,-0.282159,0.193610,0.010189,530
CPGRLE01USM659N,stationary,eta1.0x,1.459775,0.032274,0.008876,507
CPGRLE01USM659N,stationary,eta0.25x,1.455917,0.032445,0.006351,507
CPGRLE01USM659N,stationary,eta0.5x,1.458115,0.032340,0.006903,507
CPGRLE01USM659N,stationary,eta2x,1.460510,0.032268,0.008481,507
CPGRLE01USM659N,stationary,eta4x,1.460643,0.032268,0.007298,507
CPGREN01PTM659N,regime-changey,eta1.0x,-2.274335,1.599483,0.010407,615
CPGREN01PTM659N,regime-changey,eta0.25x,-2.275903,1.596863,0.010569,615
CPGREN01PTM659N,regime-changey,eta0.5x,-2.275693,1.598156,0.010081,615
CPGREN01PTM659N,regime-changey,eta2x,-2.273406,1.600130,0.010569,615
CPGREN01PTM659N,regime-changey,eta4x,-2.274440,1.600080,0.010569,615
CPIENGNS,stationary,eta1.0x,2.257878,0.014575,0.011203,532
CPIENGNS,stationary,eta0.25x,2.245714,0.014634,0.012782,532
CPIENGNS,stationary,eta0.5x,2.254029,0.014589,0.012331,532
CPIENGNS,stationary,eta2x,2.255497,0.014579,0.012707,532
CPIENGNS,stationary,eta4x,2.254670,0.014584,0.011654,532
CPILEGNS,stationary,eta1.0x,4.931010,0.001011,0.010226,532
CPILEGNS,stationary,eta0.25x,4.914988,0.001029,0.009774,532
CPILEGNS,stationary,eta0.5x,4.921616,0.001018,0.009925,532
CPILEGNS,stationary,eta2x,4.930400,0.001011,0.010827,532
CPILEGNS,stationary,eta4x,4.932066,0.001010,0.010451,532
CPIENGSL,stationary,eta1.0x,2.430656,0.012746,0.009023,532
CPIENGSL,stationary,eta0.25x,2.421496,0.012789,0.011654,532
CPIENGSL,stationary,eta0.5x,2.427440,0.012753,0.009398,532
CPIENGSL,stationary,eta2x,2.429570,0.012766,0.009023,532
CPIENGSL,stationary,eta4x,2.428285,0.012786,0.008947,532
CPIAUCSL,stationary,eta1.0x,4.636964,0.001330,0.006135,652
CPIAUCSL,stationary,eta0.25x,4.644883,0.001319,0.007362,652
CPIAUCSL,stationary,eta0.5x,4.641621,0.001325,0.003681,652
CPIAUCSL,stationary,eta2x,4.633934,0.001333,0.005890,652
CPIAUCSL,stationary,eta4x,4.632534,0.001333,0.006135,652
CPIAPPSL,stationary,eta1.0x,4.049827,0.002598,0.008282,652
CPIAPPSL,stationary,eta0.25x,4.057363,0.002585,0.007301,652
CPIAPPSL,stationary,eta0.5x,4.054287,0.002589,0.007669,652
CPIAPPSL,stationary,eta2x,4.049127,0.002602,0.006748,652
CPIAPPSL,stationary,eta4x,4.048800,0.002603,0.009509,652
CPFF,regime-changey,eta1.0x,1.685753,0.050695,0.012400,1000
CPFF,regime-changey,eta0.25x,1.686827,0.050582,0.013000,1000
CPFF,regime-changey,eta0.5x,1.686312,0.050665,0.012600,1000
CPFF,regime-changey,eta2x,1.685576,0.050720,0.012000,1000
CPFF,regime-changey,eta4x,1.685267,0.050755,0.012200,1000
CPIAPPNS,regime-changey,eta1.0x,2.940305,0.008507,0.028967,794
CPIAPPNS,regime-changey,eta0.25x,2.940527,0.008514,0.028967,794
CPIAPPNS,regime-changey,eta0.5x,2.940196,0.008508,0.029219,794
CPIAPPNS,regime-changey,eta2x,2.940143,0.008508,0.028715,794
CPIAPPNS,regime-changey,eta4x,2.939928,0.008509,0.028715,794
CPILEGSL,stationary,eta1.0x,5.514134,0.000563,0.012782,532
CPILEGSL,stationary,eta0.25x,5.524060,0.000558,0.013609,532
CPILEGSL,stationary,eta0.5x,5.520575,0.000560,0.013534,532
CPILEGSL,stationary,eta2x,5.510640,0.000565,0.013985,532
CPILEGSL,stationary,eta4x,5.510531,0.000566,0.015714,532
CPILFENS,stationary,eta1.0x,4.810104,0.001108,0.010526,532
CPILFENS,stationary,eta0.25x,4.879809,0.001052,0.012406,532
CPILFENS,stationary,eta0.5x,4.827928,0.001089,0.010602,532
CPILFENS,stationary,eta2x,4.808566,0.001108,0.011203,532
CPILFENS,stationary,eta4x,4.809264,0.001107,0.010827,532
CPILFESL,stationary,eta1.0x,5.433962,0.000613,0.008647,532
CPILFESL,stationary,eta0.25x,5.430756,0.000614,0.010150,532
CPILFESL,stationary,eta0.5x,5.431801,0.000613,0.009023,532
CPILFESL,stationary,eta2x,5.433511,0.000612,0.009023,532
CPILFESL,stationary,eta4x,5.433835,0.000612,0.009398,532
CPIAUCNS,regime-changey,eta1.0x,4.920949,0.001887,0.014000,1000
CPIAUCNS,regime-changey,eta0.25x,4.928371,0.001870,0.016000,1000
CPIAUCNS,regime-changey,eta0.5x,4.922955,0.001881,0.015000,1000
CPIAUCNS,regime-changey,eta2x,4.917961,0.001888,0.014600,1000
CPIAUCNS,regime-changey,eta4x,4.918231,0.001888,0.014400,1000
CPIMEDSL,regime-changey,eta1.0x,4.942389,0.001014,0.013804,652
CPIMEDSL,regime-changey,eta0.25x,4.944827,0.001018,0.012883,652
CPIMEDSL,regime-changey,eta0.5x,4.937008,0.001016,0.012883,652
CPIMEDSL,regime-changey,eta2x,4.942078,0.001014,0.013804,652
CPIMEDSL,regime-changey,eta4x,4.942301,0.001014,0.014724,652
CPIMEDNS,stationary,eta1.0x,4.576659,0.001396,0.019429,700
CPIMEDNS,stationary,eta0.25x,4.582220,0.001385,0.017714,700
CPIMEDNS,stationary,eta0.5x,4.581612,0.001391,0.018000,700
CPIMEDNS,stationary,eta2x,4.569501,0.001401,0.019714,700
CPIMEDNS,stationary,eta4x,4.563578,0.001404,0.020571,700
CPITRNSL,regime-changey,eta1.0x,3.333866,0.005434,0.008650,652
CPITRNSL,regime-changey,eta0.25x,3.335526,0.005432,0.007730,652
CPITRNSL,regime-changey,eta0.5x,3.334978,0.005428,0.009877,652
CPITRNSL,regime-changey,eta2x,3.336100,0.005427,0.007423,652
CPITRNSL,regime-changey,eta4x,3.338570,0.005418,0.007423,652
CPITRNNS,regime-changey,eta1.0x,3.328971,0.005719,0.008857,700
CPITRNNS,regime-changey,eta0.25x,3.308973,0.005772,0.011429,700
CPITRNNS,regime-changey,eta0.5x,3.322436,0.005732,0.007714,700
CPITRNNS,regime-changey,eta2x,3.329382,0.005718,0.009429,700
CPITRNNS,regime-changey,eta4x,3.328488,0.005717,0.009143,700
CPIUFDSL,regime-changey,eta1.0x,4.413379,0.001848,0.010429,652
CPIUFDSL,regime-changey,eta0.25x,4.420403,0.001821,0.009755,652
CPIUFDSL,regime-changey,eta0.5x,4.416838,0.001836,0.009509,652
CPIUFDSL,regime-changey,eta2x,4.409953,0.001866,0.011656,652
CPIUFDSL,regime-changey,eta4x,4.404121,0.001880,0.012577,652
CPIULFSL,stationary,eta1.0x,4.572366,0.001471,0.008957,652
CPIULFSL,stationary,eta0.25x,4.570927,0.001467,0.009509,652
CPIULFSL,stationary,eta0.5x,4.574138,0.001469,0.010552,652
CPIULFSL,stationary,eta2x,4.571137,0.001472,0.008037,652
CPIULFSL,stationary,eta4x,4.571598,0.001473,0.007853,652
CPIULFNS,stationary,eta1.0x,4.496318,0.001746,0.008708,751
CPIULFNS,stationary,eta0.25x,4.510302,0.001733,0.011052,751
CPIULFNS,stationary,eta0.5x,4.501939,0.001736,0.011292,751
CPIULFNS,stationary,eta2x,4.494714,0.001750,0.010013,751
CPIULFNS,stationary,eta4x,4.493358,0.001752,0.009507,751
CPIUFDNS,regime-changey,eta1.0x,4.189657,0.003081,0.007800,1000
CPIUFDNS,regime-changey,eta0.25x,4.195999,0.003080,0.007600,1000
CPIUFDNS,regime-changey,eta0.5x,4.192116,0.003079,0.008200,1000
CPIUFDNS,regime-changey,eta2x,4.189284,0.003082,0.007800,1000
CPIUFDNS,regime-changey,eta4x,4.189145,0.003082,0.007800,1000
CUMFNS,regime-changey,eta1.0x,3.461318,0.004644,0.012668,641
CUMFNS,regime-changey,eta0.25x,3.475627,0.004565,0.011045,641
CUMFNS,regime-changey,eta0.5x,3.464804,0.004642,0.012917,641
CUMFNS,regime-changey,eta2x,3.461719,0.004642,0.012949,641
CUMFNS,regime-changey,eta4x,3.460958,0.004650,0.013261,641
CTNAN,stationary,eta1.0x,4.065989,0.002702,0.010667,750
CTNAN,stationary,eta0.25x,4.066056,0.002701,0.011467,750
CTNAN,stationary,eta0.5x,4.065913,0.002700,0.011200,750
CTNAN,stationary,eta2x,4.066033,0.002702,0.010933,750
CTNAN,stationary,eta4x,4.066166,0.002702,0.010933,750
CPTBSD678FRBCLE,regime-changey,eta1.0x,1.702078,0.042321,0.011200,1000
CPTBSD678FRBCLE,regime-changey,eta0.25x,1.702246,0.042323,0.011200,1000
CPTBSD678FRBCLE,regime-changey,eta0.5x,1.701838,0.042322,0.011400,1000
CPTBSD678FRBCLE,regime-changey,eta2x,1.703233,0.042325,0.011000,1000
CPTBSD678FRBCLE,regime-changey,eta4x,1.701595,0.042324,0.011000,1000
CUSR0000SA0L2,stationary,eta1.0x,4.407040,0.001747,0.007914,652
CUSR0000SA0L2,stationary,eta0.25x,4.413773,0.001739,0.009571,652
CUSR0000SA0L2,stationary,eta0.5x,4.411886,0.001742,0.009448,652
CUSR0000SA0L2,stationary,eta2x,4.403751,0.001750,0.007730,652
CUSR0000SA0L2,stationary,eta4x,4.400942,0.001752,0.006871,652
CUSR0000SA0L5,stationary,eta1.0x,4.588555,0.001451,0.011278,532
CUSR0000SA0L5,stationary,eta0.25x,4.598725,0.001437,0.012030,532
CUSR0000SA0L5,stationary,eta0.5x,4.593644,0.001444,0.012030,532
CUSR0000SA0L5,stationary,eta2x,4.584941,0.001456,0.011654,532
CUSR0000SA0L5,stationary,eta4x,4.583182,0.001458,0.011203,532
CTCCLAIMS,stationary,eta1.0x,1.319995,0.038887,0.016600,1000
CTCCLAIMS,stationary,eta0.25x,1.321545,0.038934,0.016600,1000
CTCCLAIMS,stationary,eta0.5x,1.320452,0.038884,0.016600,1000
CTCCLAIMS,stationary,eta2x,1.320136,0.038892,0.016600,1000
CTCCLAIMS,stationary,eta4x,1.320145,0.038892,0.016600,1000
CRESD678FRBCLE,regime-changey,eta1.0x,4.298540,0.008022,0.024800,1000
CRESD678FRBCLE,regime-changey,eta0.25x,4.299318,0.008024,0.024800,1000
CRESD678FRBCLE,regime-changey,eta0.5x,4.296944,0.008021,0.025000,1000
CRESD678FRBCLE,regime-changey,eta2x,4.298318,0.008026,0.025400,1000
CRESD678FRBCLE,regime-changey,eta4x,4.298248,0.008026,0.025400,1000
CTICLAIMS,stationary,eta1.0x,0.056595,0.128630,0.009600,1000
CTICLAIMS,stationary,eta0.25x,0.055881,0.128474,0.010400,1000
CTICLAIMS,stationary,eta0.5x,0.055752,0.128503,0.010200,1000
CTICLAIMS,stationary,eta2x,0.055939,0.128910,0.009600,1000
CTICLAIMS,stationary,eta4x,0.053693,0.129048,0.009600,1000
CUSR0000SA311,stationary,eta1.0x,3.887682,0.003030,0.008344,652
CUSR0000SA311,stationary,eta0.25x,3.887027,0.003043,0.007117,652
CUSR0000SA311,stationary,eta0.5x,3.885840,0.003037,0.008037,652
CUSR0000SA311,stationary,eta2x,3.888443,0.003028,0.006564,652
CUSR0000SA311,stationary,eta4x,3.891740,0.003028,0.007791,652
CTINSUREDUR,stationary,eta1.0x,1.323660,0.038967,0.014800,1000
CTINSUREDUR,stationary,eta0.25x,1.323954,0.038965,0.014600,1000
CTINSUREDUR,stationary,eta0.5x,1.323787,0.038967,0.014800,1000
CTINSUREDUR,stationary,eta2x,1.323549,0.038963,0.014800,1000
CTINSUREDUR,stationary,eta4x,1.323410,0.038960,0.014600,1000
CUSR0000SAA1,regime-changey,eta1.0x,3.775960,0.003436,0.006564,652
CUSR0000SAA1,regime-changey,eta0.25x,3.785908,0.003403,0.008712,652
CUSR0000SAA1,regime-changey,eta0.5x,3.781630,0.003419,0.006810,652
CUSR0000SAA1,regime-changey,eta2x,3.771434,0.003450,0.007485,652
CUSR0000SAA1,regime-changey,eta4x,3.771036,0.003451,0.008037,652
CUSR0000SAA2,stationary,eta1.0x,3.431119,0.004579,0.010982,652
CUSR0000SAA2,stationary,eta0.25x,3.442058,0.004518,0.008528,652
CUSR0000SAA2,stationary,eta0.5x,3.431893,0.004567,0.009080,652
CUSR0000SAA2,stationary,eta2x,3.430165,0.004584,0.009755,652
CUSR0000SAA2,stationary,eta4x,3.430162,0.004583,0.008650,652
CUSR0000SAC,stationary,eta1.0x,4.021392,0.002720,0.010294,544
CUSR0000SAC,stationary,eta0.25x,4.017986,0.002745,0.009779,544
CUSR0000SAC,stationary,eta0.5x,4.018958,0.002733,0.009559,544
CUSR0000SAC,stationary,eta2x,4.024322,0.002712,0.010000,544
CUSR0000SAC,stationary,eta4x,4.026523,0.002712,0.009265,544
CUSR0000SACE,stationary,eta1.0x,1.828237,0.022827,0.008271,532
CUSR0000SACE,stationary,eta0.25x,1.814674,0.022921,0.006842,532
CUSR0000SACE,stationary,eta0.5x,1.824505,0.022852,0.008647,532
CUSR0000SACE,stationary,eta2x,1.828544,0.022825,0.008647,532
CUSR0000SACE,stationary,eta4x,1.828937,0.022819,0.008947,532
CUSR0000SACL1E,regime-changey,eta1.0x,4.834016,0.001219,0.010526,532
CUSR0000SACL1E,regime-changey,eta0.25x,4.839215,0.001217,0.011278,532
CUSR0000SACL1E,regime-changey,eta0.5x,4.834219,0.001221,0.011278,532
CUSR0000SACL1E,regime-changey,eta2x,4.837862,0.001214,0.011278,532
CUSR0000SACL1E,regime-changey,eta4x,4.840605,0.001210,0.010526,532
CUSR0000SACL1,stationary,eta1.0x,3.532640,0.004362,0.008440,545
CUSR0000SACL1,stationary,eta0.25x,3.541127,0.004317,0.008440,545
CUSR0000SACL1,stationary,eta0.5x,3.535892,0.004348,0.008440,545
CUSR0000SACL1,stationary,eta2x,3.530761,0.004373,0.008440,545
CUSR0000SACL1,stationary,eta4x,3.528967,0.004381,0.009358,545
CUSR0000SAD,regime-changey,eta1.0x,4.731667,0.001520,0.010809,544
CUSR0000SAD,regime-changey,eta0.25x,4.716646,0.001537,0.011176,544
CUSR0000SAD,regime-changey,eta0.5x,4.722792,0.001525,0.009338,544
CUSR0000SAD,regime-changey,eta2x,4.732846,0.001521,0.011176,544
CUSR0000SAD,regime-changey,eta4x,4.732484,0.001523,0.011176,544
CUSR0000SAF11,stationary,eta1.0x,4.122202,0.002242,0.008446,592
CUSR0000SAF11,stationary,eta0.25x,4.127086,0.002224,0.007365,592
CUSR0000SAF11,stationary,eta0.5x,4.124167,0.002238,0.005473,592
CUSR0000SAF11,stationary,eta2x,4.122070,0.002245,0.008446,592
CUSR0000SAF11,stationary,eta4x,4.121975,0.002247,0.008784,592
CUSR0000SAH1,regime-changey,eta1.0x,5.035027,0.001040,0.010690,580
CUSR0000SAH1,regime-changey,eta0.25x,5.046477,0.001041,0.009310,580
CUSR0000SAH1,regime-changey,eta0.5x,5.035652,0.001040,0.009655,580
CUSR0000SAH1,regime-changey,eta2x,5.033445,0.001038,0.010690,580
CUSR0000SAH1,regime-changey,eta4x,5.033265,0.001039,0.010690,580
CUSR0000SAH2,stationary,eta1.0x,3.610686,0.003887,0.007586,580
CUSR0000SAH2,stationary,eta0.25x,3.615954,0.003857,0.006897,580
CUSR0000SAH2,stationary,eta0.5x,3.611551,0.003875,0.007586,580
CUSR0000SAH2,stationary,eta2x,3.608883,0.003892,0.006552,580
CUSR0000SAH2,stationary,eta4x,3.609149,0.003886,0.006897,580
CUSR0000SAM2,stationary,eta1.0x,4.965264,0.000982,0.013309,544
CUSR0000SAM2,stationary,eta0.25x,4.981252,0.000972,0.012868,544
CUSR0000SAM2,stationary,eta0.5x,4.976217,0.000976,0.012206,544
CUSR0000SAM2,stationary,eta2x,4.962391,0.000984,0.013676,544
CUSR0000SAM2,stationary,eta4x,4.960450,0.000985,0.013676,544
CUSR0000SAF114,regime-changey,eta1.0x,3.585677,0.003914,0.008589,652
CUSR0000SAF114,regime-changey,eta0.25x,3.628748,0.003905,0.008344,652
CUSR0000SAF114,regime-changey,eta0.5x,3.594289,0.003914,0.007914,652
CUSR0000SAF114,regime-changey,eta2x,3.585476,0.003914,0.008589,652
CUSR0000SAF114,regime-changey,eta4x,3.585457,0.003914,0.008589,652
CUSR0000SAN,regime-changey,eta1.0x,3.683243,0.003583,0.008235,544
CUSR0000SAN,regime-changey,eta0.25x,3.677545,0.003617,0.010074,544
CUSR0000SAN,regime-changey,eta0.5x,3.681955,0.003596,0.007500,544
CUSR0000SAN,regime-changey,eta2x,3.684491,0.003577,0.007721,544
CUSR0000SAN,regime-changey,eta4x,3.685560,0.003576,0.007721,544
CUSR0000SAF113,regime-changey,eta1.0x,2.907389,0.007996,0.015276,652
CUSR0000SAF113,regime-changey,eta0.25x,2.901072,0.008018,0.018098,652
CUSR0000SAF113,regime-changey,eta0.5x,2.907448,0.007995,0.015031,652
CUSR0000SAF113,regime-changey,eta2x,2.907870,0.007996,0.016810,652
CUSR0000SAF113,regime-changey,eta4x,2.909436,0.007991,0.016626,652
CUSR0000SAS,regime-changey,eta1.0x,5.240008,0.000754,0.013824,544
CUSR0000SAS,regime-changey,eta0.25x,5.243268,0.000754,0.012500,544
CUSR0000SAS,regime-changey,eta0.5x,5.241919,0.000754,0.012868,544
CUSR0000SAS,regime-changey,eta2x,5.240168,0.000754,0.013456,544
CUSR0000SAS,regime-changey,eta4x,5.240409,0.000754,0.013088,544
CUSR0000SAS4,regime-changey,eta1.0x,4.103012,0.002404,0.014191,544
CUSR0000SAS4,regime-changey,eta0.25x,4.102192,0.002418,0.011912,544
CUSR0000SAS4,regime-changey,eta0.5x,4.099498,0.002422,0.013235,544
CUSR0000SAS4,regime-changey,eta2x,4.106871,0.002393,0.014191,544
CUSR0000SAS4,regime-changey,eta4x,4.108092,0.002389,0.014706,544
CUSR0000SEFV,regime-changey,eta1.0x,5.282677,0.000685,0.009310,580
CUSR0000SEFV,regime-changey,eta0.25x,5.294550,0.000680,0.011379,580
CUSR0000SEFV,regime-changey,eta0.5x,5.287177,0.000683,0.010345,580
CUSR0000SEFV,regime-changey,eta2x,5.280484,0.000687,0.010690,580
CUSR0000SEFV,regime-changey,eta4x,5.278619,0.000687,0.011379,580
CUSR0000SAT1,regime-changey,eta1.0x,3.284913,0.005686,0.008515,653
CUSR0000SAT1,regime-changey,eta0.25x,3.283672,0.005688,0.011884,653
CUSR0000SAT1,regime-changey,eta0.5x,3.283661,0.005688,0.009342,653
CUSR0000SAT1,regime-changey,eta2x,3.287540,0.005678,0.009433,653
CUSR0000SAT1,regime-changey,eta4x,3.288560,0.005674,0.008208,653
CUSR0000SETA01,stationary,eta1.0x,4.529134,0.001731,0.011910,581
CUSR0000SETA01,stationary,eta0.25x,4.519405,0.001743,0.011188,581
CUSR0000SETA01,stationary,eta0.5x,4.528665,0.001732,0.009845,581
CUSR0000SETA01,stationary,eta2x,4.528966,0.001732,0.012255,581
CUSR0000SETA01,stationary,eta4x,4.529394,0.001730,0.011910,581
CUSR0000SEHF01,stationary,eta1.0x,3.561311,0.003930,0.012500,592
CUSR0000SEHF01,stationary,eta0.25x,3.565492,0.003911,0.013176,592
CUSR0000SEHF01,stationary,eta0.5x,3.563057,0.003924,0.012432,592
CUSR0000SEHF01,stationary,eta2x,3.560449,0.003932,0.013176,592
CUSR0000SEHF01,stationary,eta4x,3.559904,0.003935,0.013851,592
CUSR0000SEAE,stationary,eta1.0x,3.736401,0.003280,0.006380,652
CUSR0000SEAE,stationary,eta0.25x,3.740775,0.003265,0.007914,652
CUSR0000SEAE,stationary,eta0.5x,3.737951,0.003273,0.006994,652
CUSR0000SEAE,stationary,eta2x,3.735656,0.003283,0.006994,652
CUSR0000SEAE,stationary,eta4x,3.735104,0.003284,0.006748,652
CUSR0000SEHF,stationary,eta1.0x,3.412040,0.004862,0.011779,652
CUSR0000SEHF,stationary,eta0.25x,3.417597,0.004829,0.011718,652
CUSR0000SEHF,stationary,eta0.5x,3.413369,0.004854,0.011166,652
CUSR0000SEHF,stationary,eta2x,3.409841,0.004866,0.011718,652
CUSR0000SEHF,stationary,eta4x,3.408220,0.004867,0.012025,652
CUSR0000SETA02,stationary,eta1.0x,3.465715,0.004658,0.007780,581
CUSR0000SETA02,stationary,eta0.25x,3.450181,0.004716,0.009466,581
CUSR0000SETA02,stationary,eta0.5x,3.462172,0.004671,0.006059,581
CUSR0000SETA02,stationary,eta2x,3.468397,0.004649,0.008090,581
CUSR0000SETA02,stationary,eta4x,3.470030,0.004641,0.007057,581
CUUR0000SA0L2,stationary,eta1.0x,4.432215,0.001962,0.013067,750
CUUR0000SA0L2,stationary,eta0.25x,4.430854,0.001957,0.012267,750
CUUR0000SA0L2,stationary,eta0.5x,4.432070,0.001960,0.012000,750
CUUR0000SA0L2,stationary,eta2x,4.431846,0.001963,0.013333,750
CUUR0000SA0L2,stationary,eta4x,4.431797,0.001963,0.013333,750
CUUR0000SA0L5,stationary,eta1.0x,4.399258,0.001740,0.009474,532
CUUR0000SA0L5,stationary,eta0.25x,4.382281,0.001774,0.010301,532
CUUR0000SA0L5,stationary,eta0.5x,4.389468,0.001758,0.007820,532
CUUR0000SA0L5,stationary,eta2x,4.405312,0.001733,0.008722,532
CUUR0000SA0L5,stationary,eta4x,4.406889,0.001730,0.009098,532
CUUR0000SACE,stationary,eta1.0x,1.744333,0.024461,0.013233,532
CUUR0000SACE,stationary,eta0.25x,1.739499,0.024552,0.012105,532
CUUR0000SACE,stationary,eta0.5x,1.741755,0.024500,0.012105,532
CUUR0000SACE,stationary,eta2x,1.743614,0.024465,0.013233,532
CUUR0000SACE,stationary,eta4x,1.743299,0.024466,0.013233,532
CUUR0000SA311,stationary,eta1.0x,3.474891,0.004287,0.010567,653
CUUR0000SA311,stationary,eta0.25x,3.474818,0.004286,0.011179,653
CUUR0000SA311,stationary,eta0.5x,3.475288,0.004287,0.010873,653
CUUR0000SA311,stationary,eta2x,3.474676,0.004287,0.010873,653
CUUR0000SA311,stationary,eta4x,3.474561,0.004287,0.010567,653
CUUR0000SAA1,stationary,eta1.0x,3.468330,0.004534,0.010168,653
CUUR0000SAA1,stationary,eta0.25x,3.467835,0.004535,0.008637,653
CUUR0000SAA1,stationary,eta0.5x,3.468223,0.004534,0.009648,653
CUUR0000SAA1,stationary,eta2x,3.468392,0.004534,0.010168,653
CUUR0000SAA1,stationary,eta4x,3.468441,0.004534,0.010475,653
CUUR0000SAA2,stationary,eta1.0x,3.055893,0.006393,0.008423,653
CUUR0000SAA2,stationary,eta0.25x,3.055778,0.006393,0.008423,653
CUUR0000SAA2,stationary,eta0.5x,3.055842,0.006393,0.008423,653
CUUR0000SAA2,stationary,eta2x,3.056226,0.006392,0.009035,653
CUUR0000SAA2,stationary,eta4x,3.056196,0.006392,0.009035,653
CUUR0000SAC,stationary,eta1.0x,3.833249,0.003095,0.008471,628
CUUR0000SAC,stationary,eta0.25x,3.835824,0.003097,0.007834,628
CUUR0000SAC,stationary,eta0.5x,3.834377,0.003093,0.007898,628
CUUR0000SAC,stationary,eta2x,3.833405,0.003096,0.008471,628
CUUR0000SAC,stationary,eta4x,3.833402,0.003097,0.008726,628
CUUR0000SACL1E,stationary,eta1.0x,4.460415,0.001629,0.020301,532
CUUR0000SACL1E,stationary,eta0.25x,4.464615,0.001629,0.021805,532
CUUR0000SACL1E,stationary,eta0.5x,4.464807,0.001626,0.020226,532
CUUR0000SACL1E,stationary,eta2x,4.458157,0.001631,0.019850,532
CUUR0000SACL1E,stationary,eta4x,4.459469,0.001633,0.019850,532
CUUR0000SACL1,stationary,eta1.0x,3.461108,0.004627,0.007154,629
CUUR0000SACL1,stationary,eta0.25x,3.464848,0.004622,0.004579,629
CUUR0000SACL1,stationary,eta0.5x,3.461966,0.004623,0.006200,629
CUUR0000SACL1,stationary,eta2x,3.461366,0.004629,0.006836,629
CUUR0000SACL1,stationary,eta4x,3.460915,0.004630,0.006868,629
CUUR0000SA0R,regime-changey,eta1.0x,4.854364,0.001894,0.008000,1000
CUUR0000SA0R,regime-changey,eta0.25x,4.858935,0.001891,0.009000,1000
CUUR0000SA0R,regime-changey,eta0.5x,4.854021,0.001895,0.008200,1000
CUUR0000SA0R,regime-changey,eta2x,4.855941,0.001895,0.007800,1000
CUUR0000SA0R,regime-changey,eta4x,4.854860,0.001897,0.008200,1000
CUUR0000SAD,stationary,eta1.0x,4.305151,0.002024,0.011465,628
CUUR0000SAD,stationary,eta0.25x,4.266177,0.002115,0.008917,628
CUUR0000SAD,stationary,eta0.5x,4.288212,0.002061,0.012739,628
CUUR0000SAD,stationary,eta2x,4.307070,0.002017,0.009236,628
CUUR0000SAD,stationary,eta4x,4.306767,0.002016,0.009236,628
CUUR0000SAF11,stationary,eta1.0x,3.822261,0.003094,0.009877,652
CUUR0000SAF11,stationary,eta0.25x,3.819526,0.003107,0.009509,652
CUUR0000SAF11,stationary,eta0.5x,3.820222,0.003103,0.008957,652
CUUR0000SAF11,stationary,eta2x,3.822570,0.003092,0.010184,652
CUUR0000SAF11,stationary,eta4x,3.822789,0.003094,0.009877,652
CUUR0000SAF114,stationary,eta1.0x,3.294388,0.005154,0.006503,652
CUUR0000SAF114,stationary,eta0.25x,3.339687,0.005018,0.013804,652
CUUR0000SAF114,stationary,eta0.5x,3.321871,0.005063,0.012086,652
CUUR0000SAF114,stationary,eta2x,3.285571,0.005183,0.007362,652
CUUR0000SAF114,stationary,eta4x,3.285766,0.005172,0.007117,652
CUUR0000SAG1,stationary,eta1.0x,4.615989,0.001418,0.013323,653
CUUR0000SAG1,stationary,eta0.25x,4.623756,0.001406,0.014150,653
CUUR0000SAG1,stationary,eta0.5x,4.617171,0.001413,0.012006,653
CUUR0000SAG1,stationary,eta2x,4.613354,0.001419,0.013629,653
CUUR0000SAG1,stationary,eta4x,4.612190,0.001419,0.013629,653
CUUR0000SAH1,regime-changey,eta1.0x,4.639965,0.001491,0.015318,581
CUUR0000SAH1,regime-changey,eta0.25x,4.639836,0.001497,0.011566,581
CUUR0000SAH1,regime-changey,eta0.5x,4.640021,0.001494,0.011910,581
CUUR0000SAH1,regime-changey,eta2x,4.636987,0.001492,0.015318,581
CUUR0000SAH1,regime-changey,eta4x,4.635344,0.001492,0.014630,581
CUUR0000SAF113,regime-changey,eta1.0x,2.616899,0.010485,0.016734,796
CUUR0000SAF113,regime-changey,eta0.25x,2.640595,0.010267,0.016080,796
CUUR0000SAF113,regime-changey,eta0.5x,2.632934,0.010358,0.015075,796
CUUR0000SAF113,regime-changey,eta2x,2.611956,0.010535,0.017236,796
CUUR0000SAF113,regime-changey,eta4x,2.611277,0.010541,0.017739,796
CUUR0000SAH2,stationary,eta1.0x,3.221145,0.005631,0.013941,581
CUUR0000SAH2,stationary,eta0.25x,3.253394,0.005469,0.014286,581
CUUR0000SAH2,stationary,eta0.5x,3.229134,0.005597,0.012599,581
CUUR0000SAH2,stationary,eta2x,3.211506,0.005674,0.012909,581
CUUR0000SAH2,stationary,eta4x,3.198593,0.005728,0.015972,581
CUUR0000SAM2,stationary,eta1.0x,4.473763,0.001616,0.015860,628
CUUR0000SAM2,stationary,eta0.25x,4.483666,0.001601,0.014268,628
CUUR0000SAM2,stationary,eta0.5x,4.477179,0.001612,0.014968,628
CUUR0000SAM2,stationary,eta2x,4.472909,0.001617,0.015223,628
CUUR0000SAM2,stationary,eta4x,4.472282,0.001618,0.015223,628
CUUR0000SAN,stationary,eta1.0x,3.576503,0.004080,0.008776,629
CUUR0000SAN,stationary,eta0.25x,3.576178,0.004084,0.007854,629
CUUR0000SAN,stationary,eta0.5x,3.578799,0.004077,0.010016,629
CUUR0000SAN,stationary,eta2x,3.575415,0.004082,0.009730,629
CUUR0000SAN,stationary,eta4x,3.575604,0.004082,0.010366,629
CUUR0000SANL1,regime-changey,eta1.0x,2.966720,0.007541,0.007472,629
CUUR0000SANL1,regime-changey,eta0.25x,2.972153,0.007536,0.004897,629
CUUR0000SANL1,regime-changey,eta0.5x,2.969829,0.007535,0.006518,629
CUUR0000SANL1,regime-changey,eta2x,2.965482,0.007544,0.006486,629
CUUR0000SANL1,regime-changey,eta4x,2.966894,0.007547,0.006804,629
CUUR0000SAS,stationary,eta1.0x,4.643253,0.001315,0.012102,628
CUUR0000SAS,stationary,eta0.25x,4.649841,0.001302,0.011529,628
CUUR0000SAS,stationary,eta0.5x,4.645982,0.001312,0.010573,628
CUUR0000SAS,stationary,eta2x,4.642448,0.001316,0.011783,628
CUUR0000SAS,stationary,eta4x,4.642164,0.001316,0.011783,628
CUUR0000SANL13,regime-changey,eta1.0x,2.857747,0.008684,0.011351,629
CUUR0000SANL13,regime-changey,eta0.25x,2.859042,0.008727,0.010366,629
CUUR0000SANL13,regime-changey,eta0.5x,2.859294,0.008690,0.009730,629
CUUR0000SANL13,regime-changey,eta2x,2.856473,0.008685,0.011033,629
CUUR0000SANL13,regime-changey,eta4x,2.855473,0.008687,0.010715,629
CUUR0000SASLE,stationary,eta1.0x,4.904130,0.001041,0.013083,532
CUUR0000SASLE,stationary,eta0.25x,4.905603,0.001040,0.010150,532
CUUR0000SASLE,stationary,eta0.5x,4.902385,0.001042,0.013158,532
CUUR0000SASLE,stationary,eta2x,4.907706,0.001040,0.012481,532
CUUR0000SASLE,stationary,eta4x,4.908322,0.001039,0.012857,532
CUUR0000SAS4,regime-changey,eta1.0x,3.805123,0.003150,0.008599,628
CUUR0000SAS4,regime-changey,eta0.25x,3.818790,0.003123,0.008280,628
CUUR0000SAS4,regime-changey,eta0.5x,3.812806,0.003139,0.007643,628
CUUR0000SAS4,regime-changey,eta2x,3.803685,0.003154,0.007962,628
CUUR0000SAS4,regime-changey,eta4x,3.801928,0.003157,0.007580,628
CUUR0000SAT1,stationary,eta1.0x,3.261023,0.006020,0.010000,700
CUUR0000SAT1,stationary,eta0.25x,3.257237,0.006036,0.010000,700
CUUR0000SAT1,stationary,eta0.5x,3.260075,0.006025,0.010286,700
CUUR0000SAT1,stationary,eta2x,3.260333,0.006020,0.009714,700
CUUR0000SAT1,stationary,eta4x,3.259436,0.006022,0.009429,700
CUUR0000SEAE,stationary,eta1.0x,3.365926,0.004792,0.008896,652
CUUR0000SEAE,stationary,eta0.25x,3.393670,0.004653,0.004417,652
CUUR0000SEAE,stationary,eta0.5x,3.373899,0.004751,0.008650,652
CUUR0000SEAE,stationary,eta2x,3.363702,0.004804,0.010184,652
CUUR0000SEAE,stationary,eta4x,3.362723,0.004810,0.009877,652
CUUR0000SEFV,regime-changey,eta1.0x,5.256962,0.000716,0.010345,580
CUUR0000SEFV,regime-changey,eta0.25x,5.253373,0.000716,0.007931,580
CUUR0000SEFV,regime-changey,eta0.5x,5.253973,0.000716,0.009655,580
CUUR0000SEFV,regime-changey,eta2x,5.258897,0.000715,0.010345,580
CUUR0000SEFV,regime-changey,eta4x,5.259857,0.000714,0.010345,580
CUUR0000SEFJ,stationary,eta1.0x,3.813510,0.003666,0.006030,796
CUUR0000SEFJ,stationary,eta0.25x,3.819481,0.003648,0.007387,796
CUUR0000SEFJ,stationary,eta0.5x,3.815959,0.003660,0.006533,796
CUUR0000SEFJ,stationary,eta2x,3.812842,0.003667,0.006533,796
CUUR0000SEFJ,stationary,eta4x,3.812930,0.003665,0.006533,796
CUUR0000SEHA,stationary,eta1.0x,5.428215,0.000797,0.022320,776
CUUR0000SEHA,stationary,eta0.25x,5.418463,0.000799,0.023608,776
CUUR0000SEHA,stationary,eta0.5x,5.428165,0.000797,0.022062,776
CUUR0000SEHA,stationary,eta2x,5.427761,0.000797,0.022320,776
CUUR0000SEHA,stationary,eta4x,5.427754,0.000797,0.022320,776
CUUR0000SEHF,regime-changey,eta1.0x,3.567637,0.005587,0.011176,748
CUUR0000SEHF,regime-changey,eta0.25x,3.571366,0.005585,0.007754,748
CUUR0000SEHF,regime-changey,eta0.5x,3.570162,0.005582,0.008824,748
CUUR0000SEHF,regime-changey,eta2x,3.565948,0.005591,0.011711,748
CUUR0000SEHF,regime-changey,eta4x,3.564413,0.005596,0.011979,748
CUUR0000SEFR,regime-changey,eta1.0x,3.686947,0.004834,0.014221,796
CUUR0000SEFR,regime-changey,eta0.25x,3.671650,0.004976,0.019648,796
CUUR0000SEFR,regime-changey,eta0.5x,3.673227,0.004937,0.018894,796
CUUR0000SEFR,regime-changey,eta2x,3.701193,0.004767,0.011357,796
CUUR0000SEFR,regime-changey,eta4x,3.696529,0.004767,0.011608,796
CUUR0000SEHF01,regime-changey,eta1.0x,3.506398,0.006704,0.016359,758
CUUR0000SEHF01,regime-changey,eta0.25x,3.548453,0.006583,0.016623,758
CUUR0000SEHF01,regime-changey,eta0.5x,3.529216,0.006657,0.015831,758
CUUR0000SEHF01,regime-changey,eta2x,3.498730,0.006711,0.016306,758
CUUR0000SEHF01,regime-changey,eta4x,3.494036,0.006722,0.016887,758
CUUR0000SETA01,stationary,eta1.0x,4.131744,0.002411,0.023102,606
CUUR0000SETA01,stationary,eta0.25x,4.134286,0.002394,0.023102,606
CUUR0000SETA01,stationary,eta0.5x,4.135697,0.002402,0.023762,606
CUUR0000SETA01,stationary,eta2x,4.134409,0.002400,0.023234,606
CUUR0000SETA01,stationary,eta4x,4.135959,0.002395,0.022772,606
CUUR0000SETA02,stationary,eta1.0x,3.325538,0.005316,0.015972,576
CUUR0000SETA02,stationary,eta0.25x,3.348522,0.005262,0.014722,576
CUUR0000SETA02,stationary,eta0.5x,3.336173,0.005285,0.017361,576
CUUR0000SETA02,stationary,eta2x,3.320077,0.005330,0.016319,576
CUUR0000SETA02,stationary,eta4x,3.318072,0.005337,0.015625,576
CUUR0000SETB,regime-changey,eta1.0x,1.870835,0.022640,0.012868,645
CUUR0000SETB,regime-changey,eta0.25x,1.874193,0.022600,0.013178,645
CUUR0000SETB,regime-changey,eta0.5x,1.873896,0.022600,0.013798,645
CUUR0000SETB,regime-changey,eta2x,1.867672,0.022680,0.012248,645
CUUR0000SETB,regime-changey,eta4x,1.866527,0.022695,0.012248,645
CUURA101SAA,stationary,eta1.0x,2.527505,0.010915,0.009278,582
CUURA101SAA,stationary,eta0.25x,2.526913,0.010913,0.009278,582
CUURA101SAA,stationary,eta0.5x,2.527095,0.010915,0.009622,582
CUURA101SAA,stationary,eta2x,2.527205,0.010915,0.009278,582
CUURA101SAA,stationary,eta4x,2.527257,0.010915,0.009278,582
CUURA101SAF11,stationary,eta1.0x,3.446152,0.004251,0.022069,580
CUURA101SAF11,stationary,eta0.25x,3.448655,0.004239,0.021724,580
CUURA101SAF11,stationary,eta0.5x,3.446453,0.004249,0.022759,580
CUURA101SAF11,stationary,eta2x,3.445180,0.004253,0.021724,580
CUURA101SAF11,stationary,eta4x,3.445165,0.004254,0.022069,580
CUUR0000SETG,regime-changey,eta1.0x,2.780198,0.009777,0.008857,700
CUUR0000SETG,regime-changey,eta0.25x,2.807994,0.009609,0.008571,700
CUUR0000SETG,regime-changey,eta0.5x,2.793835,0.009719,0.006286,700
CUUR0000SETG,regime-changey,eta2x,2.769175,0.009907,0.011714,700
CUUR0000SETG,regime-changey,eta4x,2.764721,0.009962,0.011429,700
CUURA101SAH1,regime-changey,eta1.0x,3.885919,0.003155,0.003683,581
CUURA101SAH1,regime-changey,eta0.25x,3.886808,0.003153,0.007126,581
CUURA101SAH1,regime-changey,eta0.5x,3.887168,0.003153,0.005095,581
CUURA101SAH1,regime-changey,eta2x,3.884780,0.003158,0.003029,581
CUURA101SAH1,regime-changey,eta4x,3.883643,0.003161,0.003339,581
CUURA101SAH2,stationary,eta1.0x,2.445487,0.012373,0.007021,564
CUURA101SAH2,stationary,eta0.25x,2.459102,0.012300,0.008723,564
CUURA101SAH2,stationary,eta0.5x,2.451221,0.012332,0.008652,564
CUURA101SAH2,stationary,eta2x,2.441145,0.012404,0.007589,564
CUURA101SAH2,stationary,eta4x,2.441256,0.012422,0.007234,564
CUURA101SA0,stationary,eta1.0x,4.394473,0.002018,0.012796,794
CUURA101SA0,stationary,eta0.25x,4.405971,0.001993,0.009924,794
CUURA101SA0,stationary,eta0.5x,4.399625,0.002004,0.011184,794
CUURA101SA0,stationary,eta2x,4.393473,0.002024,0.012947,794
CUURA101SA0,stationary,eta4x,4.393830,0.002025,0.011436,794
CUURA101SAF1,stationary,eta1.0x,3.906143,0.003082,0.010063,795
CUURA101SAF1,stationary,eta0.25x,3.908517,0.003080,0.012956,795
CUURA101SAF1,stationary,eta0.5x,3.907611,0.003080,0.010818,795
CUURA101SAF1,stationary,eta2x,3.905690,0.003083,0.010692,795
CUURA101SAF1,stationary,eta4x,3.905444,0.003084,0.011321,795
CUURA101SAM,stationary,eta1.0x,3.947367,0.002723,0.024049,652
CUURA101SAM,stationary,eta0.25x,3.947107,0.002724,0.021595,652
CUURA101SAM,stationary,eta0.5x,3.947775,0.002723,0.023129,652
CUURA101SAM,stationary,eta2x,3.945674,0.002727,0.022822,652
CUURA101SAM,stationary,eta4x,3.948043,0.002730,0.023129,652
CUURA101SEHA,regime-changey,eta1.0x,4.386893,0.001866,0.010864,567
CUURA101SEHA,regime-changey,eta0.25x,4.395995,0.001850,0.013086,567
CUURA101SEHA,regime-changey,eta0.5x,4.390662,0.001861,0.012381,567
CUURA101SEHA,regime-changey,eta2x,4.385705,0.001869,0.010159,567
CUURA101SEHA,regime-changey,eta4x,4.385161,0.001870,0.010159,567
CUURA101SEFV,stationary,eta1.0x,4.268058,0.002014,0.015533,582
CUURA101SEFV,stationary,eta0.25x,4.272463,0.002010,0.015533,582
CUURA101SEFV,stationary,eta0.5x,4.269815,0.002013,0.015189,582
CUURA101SEFV,stationary,eta2x,4.266532,0.002016,0.016564,582
CUURA101SEFV,stationary,eta4x,4.266048,0.002016,0.015876,582
CUURA101SAT,stationary,eta1.0x,3.252283,0.005878,0.007014,653
CUURA101SAT,stationary,eta0.25x,3.271666,0.005760,0.010567,653
CUURA101SAT,stationary,eta0.5x,3.258408,0.005826,0.007014,653
CUURA101SAT,stationary,eta2x,3.245472,0.005937,0.008025,653
CUURA101SAT,stationary,eta4x,3.241687,0.005964,0.008637,653
CUURA101SAT1,stationary,eta1.0x,3.211998,0.006123,0.013323,653
CUURA101SAT1,stationary,eta0.25x,3.212179,0.006127,0.012098,653
CUURA101SAT1,stationary,eta0.5x,3.211231,0.006129,0.013323,653
CUURA101SAT1,stationary,eta2x,3.214225,0.006113,0.011485,653
CUURA101SAT1,stationary,eta4x,3.215023,0.006105,0.010475,653
CUURA102SA0,regime-changey,eta1.0x,4.123998,0.002874,0.009374,623
CUURA102SA0,regime-changey,eta0.25x,4.128670,0.002857,0.008507,623
CUURA102SA0,regime-changey,eta0.5x,4.124302,0.002871,0.009470,623
CUURA102SA0,regime-changey,eta2x,4.125406,0.002872,0.009695,623
CUURA102SA0,regime-changey,eta4x,4.125826,0.002872,0.009695,623
CUURA102SAF1,stationary,eta1.0x,3.572764,0.004177,0.012456,623
CUURA102SAF1,stationary,eta0.25x,3.573824,0.004173,0.010947,623
CUURA102SAF1,stationary,eta0.5x,3.573546,0.004175,0.012135,623
CUURA102SAF1,stationary,eta2x,3.572513,0.004177,0.012135,623
CUURA102SAF1,stationary,eta4x,3.571943,0.004177,0.012135,623
CUURA101SEHF,regime-changey,eta1.0x,2.768639,0.013255,0.019590,731
CUURA101SEHF,regime-changey,eta0.25x,2.773421,0.013182,0.020985,731
CUURA101SEHF,regime-changey,eta0.5x,2.770041,0.013223,0.019617,731
CUURA101SEHF,regime-changey,eta2x,2.770871,0.013267,0.017127,731
CUURA101SEHF,regime-changey,eta4x,2.772848,0.013264,0.016607,731
CUURA102SAF11,stationary,eta1.0x,3.189766,0.005600,0.021170,581
CUURA102SAF11,stationary,eta0.25x,3.183292,0.005648,0.018072,581
CUURA102SAF11,stationary,eta0.5x,3.186666,0.005622,0.018761,581
CUURA102SAF11,stationary,eta2x,3.191377,0.005590,0.021893,581
CUURA102SAF11,stationary,eta4x,3.191750,0.005588,0.021549,581
CUURA102SEHA,stationary,eta1.0x,4.040948,0.002783,0.011858,565
CUURA102SEHA,stationary,eta0.25x,4.019549,0.002843,0.012920,565
CUURA102SEHA,stationary,eta0.5x,4.034992,0.002808,0.012389,565
CUURA102SEHA,stationary,eta2x,4.042033,0.002778,0.011504,565
CUURA102SEHA,stationary,eta4x,4.041610,0.002780,0.011504,565
CUURA102SAH1,stationary,eta1.0x,3.481548,0.004525,0.010997,582
CUURA102SAH1,stationary,eta0.25x,3.514015,0.004409,0.007079,582
CUURA102SAH1,stationary,eta0.5x,3.491902,0.004472,0.010309,582
CUURA102SAH1,stationary,eta2x,3.476873,0.004545,0.011134,582
CUURA102SAH1,stationary,eta4x,3.479711,0.004534,0.009622,582
CUURA103SAF1,stationary,eta1.0x,3.521352,0.004812,0.011485,505
CUURA103SAF1,stationary,eta0.25x,3.526591,0.004789,0.009901,505
CUURA103SAF1,stationary,eta0.5x,3.525654,0.004803,0.011485,505
CUURA103SAF1,stationary,eta2x,3.520422,0.004817,0.011089,505
CUURA103SAF1,stationary,eta4x,3.519965,0.004819,0.011089,505
CUURA103SAF11,stationary,eta1.0x,3.138181,0.005803,0.014664,581
CUURA103SAF11,stationary,eta0.25x,3.156381,0.005727,0.016386,581
CUURA103SAF11,stationary,eta0.5x,3.148689,0.005737,0.016730,581
CUURA103SAF11,stationary,eta2x,3.129330,0.005862,0.011842,581
CUURA103SAF11,stationary,eta4x,3.127916,0.005870,0.011532,581
CUURA102SEHF,regime-changey,eta1.0x,2.951271,0.013043,0.035978,731
CUURA102SEHF,regime-changey,eta0.25x,2.977259,0.012630,0.032148,731
CUURA102SEHF,regime-changey,eta0.5x,2.964824,0.012868,0.034884,731
CUURA102SEHF,regime-changey,eta2x,2.949281,0.013098,0.036525,731
CUURA102SEHF,regime-changey,eta4x,2.940293,0.013201,0.036252,731
CUURA207SAA,stationary,eta1.0x,2.317677,0.013482,0.005223,582
CUURA207SAA,stationary,eta0.25x,2.318882,0.013443,0.005842,582
CUURA207SAA,stationary,eta0.5x,2.317982,0.013477,0.006323,582
CUURA207SAA,stationary,eta2x,2.317619,0.013482,0.005223,582
CUURA207SAA,stationary,eta4x,2.317732,0.013482,0.005223,582
CUURA103SEHF,regime-changey,eta1.0x,2.435780,0.018638,0.026183,731
CUURA103SEHF,regime-changey,eta0.25x,2.446118,0.018389,0.024542,731
CUURA103SEHF,regime-changey,eta0.5x,2.441470,0.018499,0.024815,731
CUURA103SEHF,regime-changey,eta2x,2.437218,0.018626,0.025363,731
CUURA103SEHF,regime-changey,eta4x,2.434764,0.018722,0.027278,731
CUURA207SAH1,regime-changey,eta1.0x,3.841795,0.003592,0.014683,583
CUURA207SAH1,regime-changey,eta0.25x,3.837983,0.003603,0.013894,583
CUURA207SAH1,regime-changey,eta0.5x,3.841044,0.003594,0.014923,583
CUURA207SAH1,regime-changey,eta2x,3.840537,0.003594,0.014580,583
CUURA207SAH1,regime-changey,eta4x,3.838413,0.003597,0.013997,583
CUURA207SAF11,stationary,eta1.0x,3.176547,0.005504,0.020516,581
CUURA207SAF11,stationary,eta0.25x,3.170079,0.005531,0.019793,581
CUURA207SAF11,stationary,eta0.5x,3.174615,0.005518,0.020138,581
CUURA207SAF11,stationary,eta2x,3.177466,0.005489,0.020172,581
CUURA207SAF11,stationary,eta4x,3.178683,0.005482,0.020792,581
CUURA207SA0,stationary,eta1.0x,4.138874,0.002710,0.011940,794
CUURA207SA0,stationary,eta0.25x,4.150892,0.002681,0.009169,794
CUURA207SA0,stationary,eta0.5x,4.146107,0.002692,0.011335,794
CUURA207SA0,stationary,eta2x,4.134794,0.002723,0.012443,794
CUURA207SA0,stationary,eta4x,4.133952,0.002729,0.013199,794
CUURA207SAH2,stationary,eta1.0x,1.993764,0.018831,0.013475,564
CUURA207SAH2,stationary,eta0.25x,1.990259,0.018699,0.013830,564
CUURA207SAH2,stationary,eta0.5x,1.993059,0.018772,0.014184,564
CUURA207SAH2,stationary,eta2x,1.994539,0.018843,0.013475,564
CUURA207SAH2,stationary,eta4x,1.994992,0.018842,0.013475,564
CUURA207SAF1,stationary,eta1.0x,3.557209,0.004054,0.009924,794
CUURA207SAF1,stationary,eta0.25x,3.554918,0.004062,0.009270,794
CUURA207SAF1,stationary,eta0.5x,3.558331,0.004055,0.010277,794
CUURA207SAF1,stationary,eta2x,3.558578,0.004054,0.010277,794
CUURA207SAF1,stationary,eta4x,3.558721,0.004053,0.010277,794
CUURA207SAM,stationary,eta1.0x,3.764394,0.003498,0.022888,651
CUURA207SAM,stationary,eta0.25x,3.761028,0.003503,0.021413,651
CUURA207SAM,stationary,eta0.5x,3.763858,0.003500,0.021720,651
CUURA207SAM,stationary,eta2x,3.764105,0.003498,0.023502,651
CUURA207SAM,stationary,eta4x,3.765276,0.003499,0.023195,651
CUURA207SAT,regime-changey,eta1.0x,2.916422,0.008138,0.007596,653
CUURA207SAT,regime-changey,eta0.25x,2.909430,0.008172,0.008116,653
CUURA207SAT,regime-changey,eta0.5x,2.915364,0.008150,0.007596,653
CUURA207SAT,regime-changey,eta2x,2.917906,0.008142,0.008515,653
CUURA207SAT,regime-changey,eta4x,2.915880,0.008150,0.008821,653
CUURA207SEHA,regime-changey,eta1.0x,4.267257,0.002042,0.008099,563
CUURA207SEHA,regime-changey,eta0.25x,4.275946,0.002033,0.008703,563
CUURA207SEHA,regime-changey,eta0.5x,4.271985,0.002040,0.008099,563
CUURA207SEHA,regime-changey,eta2x,4.269556,0.002042,0.008455,563
CUURA207SEHA,regime-changey,eta4x,4.266749,0.002043,0.007744,563
CUURA207SEFV,stationary,eta1.0x,4.180768,0.002692,0.022680,582
CUURA207SEFV,stationary,eta0.25x,4.187916,0.002687,0.025086,582
CUURA207SEFV,stationary,eta0.5x,4.184354,0.002688,0.023711,582
CUURA207SEFV,stationary,eta2x,4.178036,0.002697,0.023436,582
CUURA207SEFV,stationary,eta4x,4.175956,0.002703,0.022749,582
CUURA207SAT1,regime-changey,eta1.0x,2.810004,0.008656,0.006371,653
CUURA207SAT1,regime-changey,eta0.25x,2.806842,0.008691,0.005881,653
CUURA207SAT1,regime-changey,eta0.5x,2.807908,0.008671,0.006462,653
CUURA207SAT1,regime-changey,eta2x,2.811461,0.008650,0.006677,653
CUURA207SAT1,regime-changey,eta4x,2.809377,0.008655,0.007289,653
CUURA208SA0,regime-changey,eta1.0x,3.890585,0.003926,0.010341,557
CUURA208SA0,regime-changey,eta0.25x,3.887813,0.003930,0.012496,557
CUURA208SA0,regime-changey,eta0.5x,3.889378,0.003927,0.010449,557
CUURA208SA0,regime-changey,eta2x,3.890031,0.003929,0.010233,557
CUURA208SA0,regime-changey,eta4x,3.888063,0.003935,0.011670,557
CUURA208SAF1,stationary,eta1.0x,3.504694,0.004530,0.011311,557
CUURA208SAF1,stationary,eta0.25x,3.504485,0.004527,0.011418,557
CUURA208SAF1,stationary,eta0.5x,3.504739,0.004528,0.011418,557
CUURA208SAF1,stationary,eta2x,3.504199,0.004530,0.011311,557
CUURA208SAF1,stationary,eta4x,3.504214,0.004530,0.011311,557
CUURA207SEHF,regime-changey,eta1.0x,2.196945,0.024652,0.017921,731
CUURA207SEHF,regime-changey,eta0.25x,2.210752,0.024438,0.017921,731
CUURA207SEHF,regime-changey,eta0.5x,2.199870,0.024648,0.017921,731
CUURA207SEHF,regime-changey,eta2x,2.193563,0.024653,0.018194,731
CUURA207SEHF,regime-changey,eta4x,2.193407,0.024653,0.018468,731
CUURA208SAF11,stationary,eta1.0x,3.232715,0.005325,0.022582,581
CUURA208SAF11,stationary,eta0.25x,3.225598,0.005357,0.021136,581
CUURA208SAF11,stationary,eta0.5x,3.229456,0.005342,0.021136,581
CUURA208SAF11,stationary,eta2x,3.233626,0.005317,0.020861,581
CUURA208SAF11,stationary,eta4x,3.234378,0.005312,0.020172,581
CUURA208SAH1,regime-changey,eta1.0x,3.254195,0.006093,0.010853,516
CUURA208SAH1,regime-changey,eta0.25x,3.254499,0.006084,0.012248,516
CUURA208SAH1,regime-changey,eta0.5x,3.255496,0.006079,0.011085,516
CUURA208SAH1,regime-changey,eta2x,3.251584,0.006119,0.009767,516
CUURA208SAH1,regime-changey,eta4x,3.249761,0.006142,0.009380,516
CUURA208SEHA,stationary,eta1.0x,3.793485,0.003297,0.008496,565
CUURA208SEHA,stationary,eta0.25x,3.804129,0.003273,0.008673,565
CUURA208SEHA,stationary,eta0.5x,3.798163,0.003288,0.009558,565
CUURA208SEHA,stationary,eta2x,3.791841,0.003302,0.008673,565
CUURA208SEHA,stationary,eta4x,3.790968,0.003305,0.007788,565
CUURA318SAF1,stationary,eta1.0x,3.574306,0.004690,0.011881,505
CUURA318SAF1,stationary,eta0.25x,3.576045,0.004681,0.010693,505
CUURA318SAF1,stationary,eta0.5x,3.574567,0.004689,0.012277,505
CUURA318SAF1,stationary,eta2x,3.574096,0.004690,0.011881,505
CUURA318SAF1,stationary,eta4x,3.573499,0.004690,0.012277,505
CUURA210SEHF,regime-changey,eta1.0x,2.693496,0.018214,0.029737,647
CUURA210SEHF,regime-changey,eta0.25x,2.704873,0.018055,0.029119,647
CUURA210SEHF,regime-changey,eta0.5x,2.695072,0.018176,0.029737,647
CUURA210SEHF,regime-changey,eta2x,2.693360,0.018214,0.029737,647
CUURA210SEHF,regime-changey,eta4x,2.693250,0.018215,0.029737,647
CUURA208SEHF,regime-changey,eta1.0x,2.801087,0.016024,0.029492,729
CUURA208SEHF,regime-changey,eta0.25x,2.799378,0.016100,0.030837,729
CUURA208SEHF,regime-changey,eta0.5x,2.800629,0.016039,0.029218,729
CUURA208SEHF,regime-changey,eta2x,2.801710,0.016018,0.029492,729
CUURA208SEHF,regime-changey,eta4x,2.802202,0.016014,0.029492,729
CUURA318SAF11,stationary,eta1.0x,3.112713,0.006023,0.018107,581
CUURA318SAF11,stationary,eta0.25x,3.103536,0.006071,0.015697,581
CUURA318SAF11,stationary,eta0.5x,3.109531,0.006043,0.019105,581
CUURA318SAF11,stationary,eta2x,3.113757,0.006015,0.017762,581
CUURA318SAF11,stationary,eta4x,3.113885,0.006014,0.017762,581
CUURA319SEHF,regime-changey,eta1.0x,2.399188,0.016917,0.027206,544
CUURA319SEHF,regime-changey,eta0.25x,2.403176,0.016940,0.028309,544
CUURA319SEHF,regime-changey,eta0.5x,2.401972,0.016900,0.027941,544
CUURA319SEHF,regime-changey,eta2x,2.398678,0.016926,0.027206,544
CUURA319SEHF,regime-changey,eta4x,2.398487,0.016928,0.027206,544
CUURA318SEHF,stationary,eta1.0x,1.847137,0.029595,0.019748,634
CUURA318SEHF,stationary,eta0.25x,1.863861,0.029049,0.021451,634
CUURA318SEHF,stationary,eta0.5x,1.846386,0.029484,0.020063,634
CUURA318SEHF,stationary,eta2x,1.833508,0.030131,0.020379,634
CUURA318SEHF,stationary,eta4x,1.831949,0.030201,0.020063,634
CUURA421SA0,stationary,eta1.0x,4.179964,0.002575,0.010620,693
CUURA421SA0,stationary,eta0.25x,4.191725,0.002549,0.008427,693
CUURA421SA0,stationary,eta0.5x,4.186390,0.002560,0.009177,693
CUURA421SA0,stationary,eta2x,4.177884,0.002583,0.009755,693
CUURA421SA0,stationary,eta4x,4.177564,0.002586,0.009091,693
CUURA421SAM,stationary,eta1.0x,3.754939,0.003240,0.025263,551
CUURA421SAM,stationary,eta0.25x,3.758251,0.003245,0.024537,551
CUURA421SAM,stationary,eta0.5x,3.756286,0.003242,0.025263,551
CUURA421SAM,stationary,eta2x,3.754791,0.003239,0.025590,551
CUURA421SAM,stationary,eta4x,3.754923,0.003238,0.025227,551
CUURA421SAF1,stationary,eta1.0x,3.811765,0.003356,0.009755,693
CUURA421SAF1,stationary,eta0.25x,3.814203,0.003352,0.012266,693
CUURA421SAF1,stationary,eta0.5x,3.812682,0.003355,0.011400,693
CUURA421SAF1,stationary,eta2x,3.811782,0.003355,0.010332,693
CUURA421SAF1,stationary,eta4x,3.811960,0.003354,0.010332,693
CUURA421SAT,regime-changey,eta1.0x,2.879297,0.007908,0.020145,551
CUURA421SAT,regime-changey,eta0.25x,2.878873,0.007937,0.022323,551
CUURA421SAT,regime-changey,eta0.5x,2.880694,0.007918,0.020907,551
CUURA421SAT,regime-changey,eta2x,2.877568,0.007921,0.019819,551
CUURA421SAT,regime-changey,eta4x,2.877327,0.007923,0.020181,551
CUURA421SAT1,regime-changey,eta1.0x,2.864556,0.008226,0.018367,551
CUURA421SAT1,regime-changey,eta0.25x,2.859386,0.008259,0.019129,551
CUURA421SAT1,regime-changey,eta0.5x,2.865510,0.008232,0.018367,551
CUURA421SAT1,regime-changey,eta2x,2.864974,0.008221,0.018004,551
CUURA421SAT1,regime-changey,eta4x,2.865458,0.008216,0.018367,551
CUURA422SAF1,stationary,eta1.0x,3.538619,0.004564,0.011388,569
CUURA422SAF1,stationary,eta0.25x,3.541508,0.004559,0.009666,569
CUURA422SAF1,stationary,eta0.5x,3.541909,0.004560,0.010018,569
CUURA422SAF1,stationary,eta2x,3.537792,0.004566,0.010334,569
CUURA422SAF1,stationary,eta4x,3.537003,0.004569,0.010334,569
CUURA421SEHF,regime-changey,eta1.0x,2.894568,0.016388,0.032210,647
CUURA421SEHF,regime-changey,eta0.25x,2.894148,0.016397,0.032210,647
CUURA421SEHF,regime-changey,eta0.5x,2.894365,0.016392,0.032210,647
CUURA421SEHF,regime-changey,eta2x,2.894624,0.016387,0.032210,647
CUURA421SEHF,regime-changey,eta4x,2.894653,0.016387,0.032210,647
CUURA422SAF11,stationary,eta1.0x,3.100829,0.006052,0.009310,580
CUURA422SAF11,stationary,eta0.25x,3.111628,0.005986,0.014138,580
CUURA422SAF11,stationary,eta0.5x,3.108583,0.006011,0.012759,580
CUURA422SAF11,stationary,eta2x,3.095020,0.006079,0.009310,580
CUURA422SAF11,stationary,eta4x,3.092412,0.006089,0.008621,580
CWSR0000SA0E,stationary,eta1.0x,2.364043,0.013551,0.012195,533
CWSR0000SA0E,stationary,eta0.25x,2.349604,0.013651,0.011069,533
CWSR0000SA0E,stationary,eta0.5x,2.359106,0.013583,0.011445,533
CWSR0000SA0E,stationary,eta2x,2.365992,0.013539,0.012195,533
CWSR0000SA0E,stationary,eta4x,2.366511,0.013537,0.012195,533
CWSR0000SA0,stationary,eta1.0x,4.494887,0.001529,0.013497,652
CWSR0000SA0,stationary,eta0.25x,4.499920,0.001522,0.009877,652
CWSR0000SA0,stationary,eta0.5x,4.496775,0.001526,0.009571,652
CWSR0000SA0,stationary,eta2x,4.497496,0.001531,0.012822,652
CWSR0000SA0,stationary,eta4x,4.496842,0.001531,0.012209,652
CWSR0000SA0L1E,regime-changey,eta1.0x,5.354938,0.000673,0.007805,533
CWSR0000SA0L1E,regime-changey,eta0.25x,5.362874,0.000670,0.007054,533
CWSR0000SA0L1E,regime-changey,eta0.5x,5.360466,0.000672,0.007054,533
CWSR0000SA0L1E,regime-changey,eta2x,5.355449,0.000673,0.007805,533
CWSR0000SA0L1E,regime-changey,eta4x,5.358587,0.000672,0.007805,533
CWSR0000SA0L1,stationary,eta1.0x,4.427685,0.001727,0.008821,653
CWSR0000SA0L1,stationary,eta0.25x,4.417659,0.001742,0.011792,653
CWSR0000SA0L1,stationary,eta0.5x,4.421442,0.001737,0.010781,653
CWSR0000SA0L1,stationary,eta2x,4.428274,0.001723,0.007596,653
CWSR0000SA0L1,stationary,eta4x,4.429821,0.001722,0.007381,653
CUURA422SEHF,stationary,eta1.0x,2.751091,0.021971,0.051507,730
CUURA422SEHF,stationary,eta0.25x,2.753995,0.021947,0.053151,730
CUURA422SEHF,stationary,eta0.5x,2.753097,0.021948,0.052329,730
CUURA422SEHF,stationary,eta2x,2.747611,0.022118,0.047123,730
CUURA422SEHF,stationary,eta4x,2.744468,0.022230,0.044658,730
CWSR0000SA0L5,stationary,eta1.0x,4.469812,0.001653,0.011445,533
CWSR0000SA0L5,stationary,eta0.25x,4.468707,0.001651,0.008330,533
CWSR0000SA0L5,stationary,eta0.5x,4.468426,0.001653,0.009681,533
CWSR0000SA0L5,stationary,eta2x,4.472690,0.001651,0.011707,533
CWSR0000SA0L5,stationary,eta4x,4.475326,0.001650,0.011445,533
CWSR0000SA0LE,stationary,eta1.0x,5.452261,0.000610,0.015197,533
CWSR0000SA0LE,stationary,eta0.25x,5.453654,0.000606,0.012083,533
CWSR0000SA0LE,stationary,eta0.5x,5.455428,0.000607,0.015460,533
CWSR0000SA0LE,stationary,eta2x,5.451682,0.000613,0.012083,533
CWSR0000SA0LE,stationary,eta4x,5.450355,0.000615,0.012833,533
CWSR0000SA0L2,stationary,eta1.0x,4.261145,0.002000,0.007075,653
CWSR0000SA0L2,stationary,eta0.25x,4.270083,0.001994,0.009832,653
CWSR0000SA0L2,stationary,eta0.5x,4.264893,0.001997,0.007902,653
CWSR0000SA0L2,stationary,eta2x,4.259047,0.002002,0.007596,653
CWSR0000SA0L2,stationary,eta4x,4.257850,0.002004,0.008208,653
CWSR0000SAA,stationary,eta1.0x,4.024407,0.002621,0.007810,653
CWSR0000SAA,stationary,eta0.25x,4.024860,0.002622,0.008025,653
CWSR0000SAA,stationary,eta0.5x,4.023997,0.002624,0.007718,653
CWSR0000SAA,stationary,eta2x,4.024133,0.002621,0.008729,653
CWSR0000SAA,stationary,eta4x,4.023960,0.002621,0.008116,653
CWSR0000SAA1,regime-changey,eta1.0x,3.774624,0.003375,0.009648,653
CWSR0000SAA1,regime-changey,eta0.25x,3.779597,0.003368,0.009342,653
CWSR0000SAA1,regime-changey,eta0.5x,3.777980,0.003371,0.009035,653
CWSR0000SAA1,regime-changey,eta2x,3.770665,0.003382,0.010260,653
CWSR0000SAA1,regime-changey,eta4x,3.768648,0.003387,0.010658,653
CWSR0000SAC,stationary,eta1.0x,3.866755,0.003055,0.006972,545
CWSR0000SAC,stationary,eta0.25x,3.856791,0.003088,0.008073,545
CWSR0000SAC,stationary,eta0.5x,3.861115,0.003071,0.008624,545
CWSR0000SAC,stationary,eta2x,3.871165,0.003042,0.007890,545
CWSR0000SAC,stationary,eta4x,3.872587,0.003037,0.007890,545
CWSR0000SAA2,stationary,eta1.0x,3.367152,0.004695,0.010658,653
CWSR0000SAA2,stationary,eta0.25x,3.379096,0.004616,0.013017,653
CWSR0000SAA2,stationary,eta0.5x,3.369479,0.004682,0.009525,653
CWSR0000SAA2,stationary,eta2x,3.366123,0.004701,0.010352,653
CWSR0000SAA2,stationary,eta4x,3.367259,0.004701,0.010965,653
CWSR0000SACE,stationary,eta1.0x,1.809854,0.023249,0.008818,533
CWSR0000SACE,stationary,eta0.25x,1.799890,0.023351,0.008555,533
CWSR0000SACE,stationary,eta0.5x,1.805059,0.023280,0.009456,533
CWSR0000SACE,stationary,eta2x,1.811735,0.023228,0.008443,533
CWSR0000SACE,stationary,eta4x,1.812709,0.023211,0.008443,533
CWSR0000SACL1,regime-changey,eta1.0x,3.462258,0.004795,0.009358,545
CWSR0000SACL1,regime-changey,eta0.25x,3.458149,0.004789,0.011927,545
CWSR0000SACL1,regime-changey,eta0.5x,3.463612,0.004789,0.011193,545
CWSR0000SACL1,regime-changey,eta2x,3.463042,0.004797,0.008257,545
CWSR0000SACL1,regime-changey,eta4x,3.464416,0.004794,0.008991,545
CWSR0000SACL1E,regime-changey,eta1.0x,4.759056,0.001370,0.015197,533
CWSR0000SACL1E,regime-changey,eta0.25x,4.752798,0.001375,0.014709,533
CWSR0000SACL1E,regime-changey,eta0.5x,4.750901,0.001376,0.014709,533
CWSR0000SACL1E,regime-changey,eta2x,4.762045,0.001368,0.016811,533
CWSR0000SACL1E,regime-changey,eta4x,4.761498,0.001367,0.016435,533
CWSR0000SAD,regime-changey,eta1.0x,4.612967,0.001645,0.010642,545
CWSR0000SAD,regime-changey,eta0.25x,4.587851,0.001684,0.011743,545
CWSR0000SAD,regime-changey,eta0.5x,4.607202,0.001652,0.012844,545
CWSR0000SAD,regime-changey,eta2x,4.614150,0.001644,0.009174,545
CWSR0000SAD,regime-changey,eta4x,4.612347,0.001645,0.008807,545
CWSR0000SAF11,stationary,eta1.0x,4.144051,0.002194,0.008938,593
CWSR0000SAF11,stationary,eta0.25x,4.145329,0.002184,0.004789,593
CWSR0000SAF11,stationary,eta0.5x,4.144275,0.002193,0.007926,593
CWSR0000SAF11,stationary,eta2x,4.145215,0.002194,0.008364,593
CWSR0000SAF11,stationary,eta4x,4.145808,0.002196,0.009039,593
CWSR0000SAH1,regime-changey,eta1.0x,5.164002,0.001019,0.009122,581
CWSR0000SAH1,regime-changey,eta0.25x,5.178361,0.001023,0.009535,581
CWSR0000SAH1,regime-changey,eta0.5x,5.163887,0.001023,0.009776,581
CWSR0000SAH1,regime-changey,eta2x,5.163695,0.001017,0.007814,581
CWSR0000SAH1,regime-changey,eta4x,5.163004,0.001017,0.007126,581
CWSR0000SAF1,regime-changey,eta1.0x,4.387156,0.001854,0.008637,653
CWSR0000SAF1,regime-changey,eta0.25x,4.396832,0.001829,0.006279,653
CWSR0000SAF1,regime-changey,eta0.5x,4.392584,0.001843,0.009127,653
CWSR0000SAF1,regime-changey,eta2x,4.380396,0.001869,0.010965,653
CWSR0000SAF1,regime-changey,eta4x,4.378311,0.001882,0.010750,653
CWSR0000SAH2,stationary,eta1.0x,3.626453,0.003899,0.011153,581
CWSR0000SAH2,stationary,eta0.25x,3.632533,0.003881,0.010534,581
CWSR0000SAH2,stationary,eta0.5x,3.627096,0.003900,0.011188,581
CWSR0000SAH2,stationary,eta2x,3.629618,0.003883,0.009776,581
CWSR0000SAH2,stationary,eta4x,3.630966,0.003878,0.010155,581
CWSR0000SAF114,regime-changey,eta1.0x,3.600327,0.003955,0.009127,653
CWSR0000SAF114,regime-changey,eta0.25x,3.650505,0.003924,0.008423,653
CWSR0000SAF114,regime-changey,eta0.5x,3.611802,0.003945,0.007381,653
CWSR0000SAF114,regime-changey,eta2x,3.599803,0.003955,0.009127,653
CWSR0000SAF114,regime-changey,eta4x,3.599794,0.003955,0.009127,653
CWSR0000SAM2,stationary,eta1.0x,4.923832,0.001032,0.010092,545
CWSR0000SAM2,stationary,eta0.25x,4.925406,0.001028,0.010275,545
CWSR0000SAM2,stationary,eta0.5x,4.924132,0.001030,0.010642,545
CWSR0000SAM2,stationary,eta2x,4.923150,0.001033,0.009908,545
CWSR0000SAM2,stationary,eta4x,4.922721,0.001033,0.008991,545
CWSR0000SAF113,regime-changey,eta1.0x,2.894581,0.008084,0.013844,653
CWSR0000SAF113,regime-changey,eta0.25x,2.894700,0.008076,0.014548,653
CWSR0000SAF113,regime-changey,eta0.5x,2.895455,0.008079,0.013844,653
CWSR0000SAF113,regime-changey,eta2x,2.895886,0.008083,0.013844,653
CWSR0000SAF113,regime-changey,eta4x,2.896637,0.008084,0.014456,653
CWSR0000SAM,stationary,eta1.0x,4.919865,0.001023,0.007994,653
CWSR0000SAM,stationary,eta0.25x,4.924694,0.001020,0.008423,653
CWSR0000SAM,stationary,eta0.5x,4.919186,0.001023,0.008515,653
CWSR0000SAM,stationary,eta2x,4.918661,0.001023,0.006983,653
CWSR0000SAM,stationary,eta4x,4.918938,0.001023,0.005054,653
CWSR0000SAS,regime-changey,eta1.0x,5.202862,0.000803,0.006606,545
CWSR0000SAS,regime-changey,eta0.25x,5.210607,0.000800,0.010459,545
CWSR0000SAS,regime-changey,eta0.5x,5.204895,0.000802,0.008440,545
CWSR0000SAS,regime-changey,eta2x,5.201813,0.000804,0.006606,545
CWSR0000SAS,regime-changey,eta4x,5.200765,0.000805,0.006239,545
CWSR0000SAN,regime-changey,eta1.0x,3.639246,0.004016,0.009908,545
CWSR0000SAN,regime-changey,eta0.25x,3.633450,0.004052,0.012477,545
CWSR0000SAN,regime-changey,eta0.5x,3.635543,0.004028,0.010092,545
CWSR0000SAN,regime-changey,eta2x,3.643376,0.004010,0.009358,545
CWSR0000SAN,regime-changey,eta4x,3.643941,0.004008,0.010275,545
CWSR0000SAS4,regime-changey,eta1.0x,4.296686,0.002212,0.009174,545
CWSR0000SAS4,regime-changey,eta0.25x,4.301713,0.002151,0.008624,545
CWSR0000SAS4,regime-changey,eta0.5x,4.293944,0.002195,0.007523,545
CWSR0000SAS4,regime-changey,eta2x,4.300491,0.002215,0.009358,545
CWSR0000SAS4,regime-changey,eta4x,4.301244,0.002217,0.010092,545
CWSR0000SEFV,regime-changey,eta1.0x,5.252356,0.000707,0.010878,581
CWSR0000SEFV,regime-changey,eta0.25x,5.262151,0.000704,0.009122,581
CWSR0000SEFV,regime-changey,eta0.5x,5.256095,0.000706,0.010120,581
CWSR0000SEFV,regime-changey,eta2x,5.252625,0.000706,0.009845,581
CWSR0000SEFV,regime-changey,eta4x,5.253893,0.000706,0.011532,581
CWSR0000SAT,regime-changey,eta1.0x,3.248292,0.005920,0.006983,653
CWSR0000SAT,regime-changey,eta0.25x,3.245647,0.005927,0.006983,653
CWSR0000SAT,regime-changey,eta0.5x,3.245251,0.005928,0.006983,653
CWSR0000SAT,regime-changey,eta2x,3.251363,0.005913,0.004655,653
CWSR0000SAT,regime-changey,eta4x,3.251958,0.005910,0.004655,653
CWSR0000SEAE,stationary,eta1.0x,3.707966,0.003341,0.009219,653
CWSR0000SEAE,stationary,eta0.25x,3.715608,0.003321,0.009127,653
CWSR0000SEAE,stationary,eta0.5x,3.711004,0.003334,0.010046,653
CWSR0000SEAE,stationary,eta2x,3.707065,0.003343,0.008913,653
CWSR0000SEAE,stationary,eta4x,3.706923,0.003342,0.008300,653
CWSR0000SAT1,regime-changey,eta1.0x,3.215447,0.006162,0.009433,653
CWSR0000SAT1,regime-changey,eta0.25x,3.210941,0.006170,0.008515,653
CWSR0000SAT1,regime-changey,eta0.5x,3.212402,0.006170,0.009433,653
CWSR0000SAT1,regime-changey,eta2x,3.217681,0.006154,0.009127,653
CWSR0000SAT1,regime-changey,eta4x,3.217966,0.006152,0.008821,653
CWSR0000SEHF,stationary,eta1.0x,3.382457,0.004898,0.006891,653
CWSR0000SEHF,stationary,eta0.25x,3.388754,0.004860,0.006891,653
CWSR0000SEHF,stationary,eta0.5x,3.383827,0.004889,0.006677,653
CWSR0000SEHF,stationary,eta2x,3.382039,0.004897,0.009250,653
CWSR0000SEHF,stationary,eta4x,3.382862,0.004895,0.009648,653
CWSR0000SETA01,stationary,eta1.0x,4.500631,0.001749,0.010378,582
CWSR0000SETA01,stationary,eta0.25x,4.492082,0.001766,0.011753,582
CWSR0000SETA01,stationary,eta0.5x,4.497526,0.001753,0.008454,582
CWSR0000SETA01,stationary,eta2x,4.499732,0.001750,0.009072,582
CWSR0000SETA01,stationary,eta4x,4.498757,0.001751,0.008660,582
CWSR0000SETA02,stationary,eta1.0x,3.464262,0.004685,0.008866,582
CWSR0000SETA02,stationary,eta0.25x,3.449317,0.004743,0.007835,582
CWSR0000SETA02,stationary,eta0.5x,3.460548,0.004698,0.008591,582
CWSR0000SETA02,stationary,eta2x,3.466804,0.004676,0.008866,582
CWSR0000SETA02,stationary,eta4x,3.468410,0.004669,0.008179,582
CWUR0000SA0E,stationary,eta1.0x,2.204550,0.015348,0.009831,533
CWUR0000SA0E,stationary,eta0.25x,2.200318,0.015414,0.010694,533
CWUR0000SA0E,stationary,eta0.5x,2.203444,0.015372,0.011332,533
CWUR0000SA0E,stationary,eta2x,2.204082,0.015346,0.011707,533
CWUR0000SA0E,stationary,eta4x,2.203134,0.015351,0.011332,533
CWUR0000SA0L1E,stationary,eta1.0x,4.839528,0.001109,0.009774,532
CWUR0000SA0L1E,stationary,eta0.25x,4.823666,0.001125,0.012030,532
CWUR0000SA0L1E,stationary,eta0.5x,4.831065,0.001116,0.009774,532
CWUR0000SA0L1E,stationary,eta2x,4.837906,0.001106,0.009774,532
CWUR0000SA0L1E,stationary,eta4x,4.836468,0.001106,0.009774,532
CWUR0000SA0L5,stationary,eta1.0x,4.301303,0.002023,0.009398,532
CWUR0000SA0L5,stationary,eta0.25x,4.303823,0.002022,0.006466,532
CWUR0000SA0L5,stationary,eta0.5x,4.301529,0.002022,0.008722,532
CWUR0000SA0L5,stationary,eta2x,4.302198,0.002021,0.009774,532
CWUR0000SA0L5,stationary,eta4x,4.302529,0.002019,0.010150,532
CWUR0000SA0LE,stationary,eta1.0x,4.941381,0.000991,0.008668,533
CWUR0000SA0LE,stationary,eta0.25x,4.937126,0.001002,0.012683,533
CWUR0000SA0LE,stationary,eta0.5x,4.940501,0.000998,0.011182,533
CWUR0000SA0LE,stationary,eta2x,4.940792,0.000988,0.012946,533
CWUR0000SA0LE,stationary,eta4x,4.939954,0.000988,0.013696,533
CWUR0000SA0L1,stationary,eta1.0x,4.461912,0.001915,0.009720,751
CWUR0000SA0L1,stationary,eta0.25x,4.458550,0.001930,0.012357,751
CWUR0000SA0L1,stationary,eta0.5x,4.459835,0.001919,0.010786,751
CWUR0000SA0L1,stationary,eta2x,4.460705,0.001914,0.011292,751
CWUR0000SA0L1,stationary,eta4x,4.462043,0.001914,0.011558,751
CWUR0000SA0L2,stationary,eta1.0x,4.347295,0.002191,0.013449,751
CWUR0000SA0L2,stationary,eta0.25x,4.344377,0.002188,0.010013,751
CWUR0000SA0L2,stationary,eta0.5x,4.345169,0.002190,0.012117,751
CWUR0000SA0L2,stationary,eta2x,4.347006,0.002192,0.012676,751
CWUR0000SA0L2,stationary,eta4x,4.347036,0.002192,0.012676,751
CWUR0000SA0,stationary,eta1.0x,4.886530,0.002009,0.013400,1000
CWUR0000SA0,stationary,eta0.25x,4.901657,0.001992,0.012400,1000
CWUR0000SA0,stationary,eta0.5x,4.890297,0.002004,0.013200,1000
CWUR0000SA0,stationary,eta2x,4.885460,0.002010,0.012600,1000
CWUR0000SA0,stationary,eta4x,4.885105,0.002011,0.012600,1000
CWUR0000SAA1,stationary,eta1.0x,3.476589,0.004497,0.010046,653
CWUR0000SAA1,stationary,eta0.25x,3.476344,0.004496,0.010352,653
CWUR0000SAA1,stationary,eta0.5x,3.476358,0.004497,0.010046,653
CWUR0000SAA1,stationary,eta2x,3.476693,0.004497,0.010352,653
CWUR0000SAA1,stationary,eta4x,3.476752,0.004497,0.010046,653
CWUR0000SAA2,stationary,eta1.0x,3.044074,0.006499,0.006677,653
CWUR0000SAA2,stationary,eta0.25x,3.044720,0.006499,0.006677,653
CWUR0000SAA2,stationary,eta0.5x,3.044220,0.006499,0.006677,653
CWUR0000SAA2,stationary,eta2x,3.044082,0.006499,0.006677,653
CWUR0000SAA2,stationary,eta4x,3.044093,0.006499,0.006677,653
CWUR0000SAA,regime-changey,eta1.0x,2.964651,0.008345,0.031195,795
CWUR0000SAA,regime-changey,eta0.25x,2.966272,0.008351,0.030440,795
CWUR0000SAA,regime-changey,eta0.5x,2.965482,0.008345,0.030943,795
CWUR0000SAA,regime-changey,eta2x,2.964464,0.008346,0.031195,795
CWUR0000SAA,regime-changey,eta4x,2.964356,0.008346,0.030692,795
CWUR0000SACE,stationary,eta1.0x,1.762995,0.024035,0.011932,533
CWUR0000SACE,stationary,eta0.25x,1.757852,0.024063,0.010056,533
CWUR0000SACE,stationary,eta0.5x,1.762422,0.024035,0.010432,533
CWUR0000SACE,stationary,eta2x,1.762564,0.024053,0.012195,533
CWUR0000SACE,stationary,eta4x,1.762132,0.024064,0.012195,533
CWUR0000SAC,regime-changey,eta1.0x,3.783599,0.003397,0.005564,629
CWUR0000SAC,regime-changey,eta0.25x,3.786021,0.003401,0.005501,629
CWUR0000SAC,regime-changey,eta0.5x,3.784232,0.003396,0.005882,629
CWUR0000SAC,regime-changey,eta2x,3.783402,0.003398,0.006200,629
CWUR0000SAC,regime-changey,eta4x,3.783158,0.003398,0.006518,629
CWUR0000SACL1E,stationary,eta1.0x,4.384600,0.001795,0.022702,533
CWUR0000SACL1E,stationary,eta0.25x,4.387947,0.001790,0.022439,533
CWUR0000SACL1E,stationary,eta0.5x,4.383941,0.001795,0.022439,533
CWUR0000SACL1E,stationary,eta2x,4.385638,0.001795,0.022326,533
CWUR0000SACL1E,stationary,eta4x,4.385465,0.001795,0.022326,533
CWUR0000SACL1,regime-changey,eta1.0x,3.367135,0.005087,0.007758,629
CWUR0000SACL1,regime-changey,eta0.25x,3.368115,0.005093,0.008712,629
CWUR0000SACL1,regime-changey,eta0.5x,3.367285,0.005089,0.008394,629
CWUR0000SACL1,regime-changey,eta2x,3.367434,0.005086,0.007758,629
CWUR0000SACL1,regime-changey,eta4x,3.367541,0.005086,0.007440,629
CWUR0000SA0R,stationary,eta1.0x,4.719457,0.002039,0.008400,1000
CWUR0000SA0R,stationary,eta0.25x,4.726004,0.002030,0.009800,1000
CWUR0000SA0R,stationary,eta0.5x,4.720408,0.002037,0.010400,1000
CWUR0000SA0R,stationary,eta2x,4.720468,0.002040,0.008800,1000
CWUR0000SA0R,stationary,eta4x,4.718501,0.002042,0.009200,1000
CWUR0000SAD,regime-changey,eta1.0x,4.319165,0.002091,0.010366,629
CWUR0000SAD,regime-changey,eta0.25x,4.325025,0.002077,0.009730,629
CWUR0000SAD,regime-changey,eta0.5x,4.322774,0.002083,0.009730,629
CWUR0000SAD,regime-changey,eta2x,4.316762,0.002094,0.011002,629
CWUR0000SAD,regime-changey,eta4x,4.315416,0.002095,0.011002,629
CWUR0000SAF11,stationary,eta1.0x,3.870617,0.003033,0.008943,653
CWUR0000SAF11,stationary,eta0.25x,3.863469,0.003059,0.011884,653
CWUR0000SAF11,stationary,eta0.5x,3.868859,0.003048,0.008821,653
CWUR0000SAF11,stationary,eta2x,3.870318,0.003030,0.009556,653
CWUR0000SAF11,stationary,eta4x,3.869893,0.003032,0.009556,653
CWUR0000SAH1,regime-changey,eta1.0x,4.809466,0.001347,0.009966,582
CWUR0000SAH1,regime-changey,eta0.25x,4.813650,0.001338,0.011753,582
CWUR0000SAH1,regime-changey,eta0.5x,4.814007,0.001342,0.013058,582
CWUR0000SAH1,regime-changey,eta2x,4.806108,0.001350,0.012990,582
CWUR0000SAH1,regime-changey,eta4x,4.803726,0.001352,0.012646,582
CWUR0000SAF114,stationary,eta1.0x,3.342566,0.005063,0.012404,653
CWUR0000SAF114,stationary,eta0.25x,3.334027,0.005128,0.013323,653
CWUR0000SAF114,stationary,eta0.5x,3.340402,0.005083,0.012711,653
CWUR0000SAF114,stationary,eta2x,3.343483,0.005058,0.012098,653
CWUR0000SAF114,stationary,eta4x,3.344558,0.005056,0.012711,653
CWUR0000SAG1,stationary,eta1.0x,4.580082,0.001437,0.011179,653
CWUR0000SAG1,stationary,eta0.25x,4.581129,0.001433,0.012711,653
CWUR0000SAG1,stationary,eta0.5x,4.580106,0.001434,0.011394,653
CWUR0000SAG1,stationary,eta2x,4.579610,0.001438,0.010873,653
CWUR0000SAG1,stationary,eta4x,4.579839,0.001438,0.010260,653
CWUR0000SAH2,stationary,eta1.0x,3.271936,0.005463,0.011340,582
CWUR0000SAH2,stationary,eta0.25x,3.310690,0.005241,0.011959,582
CWUR0000SAH2,stationary,eta0.5x,3.286990,0.005383,0.011959,582
CWUR0000SAH2,stationary,eta2x,3.259770,0.005534,0.010653,582
CWUR0000SAH2,stationary,eta4x,3.252936,0.005582,0.011340,582
CWUR0000SAF113,regime-changey,eta1.0x,2.609729,0.010536,0.015935,797
CWUR0000SAF113,regime-changey,eta0.25x,2.621302,0.010433,0.014504,797
CWUR0000SAF113,regime-changey,eta0.5x,2.613348,0.010507,0.015257,797
CWUR0000SAF113,regime-changey,eta2x,2.609487,0.010539,0.015182,797
CWUR0000SAF113,regime-changey,eta4x,2.609602,0.010536,0.014931,797
CWUR0000SAF1,regime-changey,eta1.0x,4.201901,0.003077,0.009200,1000
CWUR0000SAF1,regime-changey,eta0.25x,4.205720,0.003081,0.011800,1000
CWUR0000SAF1,regime-changey,eta0.5x,4.202160,0.003077,0.009200,1000
CWUR0000SAF1,regime-changey,eta2x,4.201979,0.003076,0.009200,1000
CWUR0000SAF1,regime-changey,eta4x,4.201885,0.003077,0.009200,1000
CWUR0000SAM,stationary,eta1.0x,4.523337,0.001479,0.017518,701
CWUR0000SAM,stationary,eta0.25x,4.548310,0.001445,0.018944,701
CWUR0000SAM,stationary,eta0.5x,4.531457,0.001470,0.018688,701
CWUR0000SAM,stationary,eta2x,4.519436,0.001484,0.018088,701
CWUR0000SAM,stationary,eta4x,4.519945,0.001485,0.018659,701
CWUR0000SAM2,stationary,eta1.0x,4.418592,0.001686,0.013248,628
CWUR0000SAM2,stationary,eta0.25x,4.434012,0.001662,0.014904,628
CWUR0000SAM2,stationary,eta0.5x,4.423233,0.001679,0.013949,628
CWUR0000SAM2,stationary,eta2x,4.418657,0.001689,0.012739,628
CWUR0000SAM2,stationary,eta4x,4.417043,0.001689,0.013057,628
CWUR0000SAN,regime-changey,eta1.0x,3.532972,0.004464,0.006804,629
CWUR0000SAN,regime-changey,eta0.25x,3.532159,0.004470,0.006836,629
CWUR0000SAN,regime-changey,eta0.5x,3.533473,0.004463,0.006518,629
CWUR0000SAN,regime-changey,eta2x,3.530984,0.004467,0.007472,629
CWUR0000SAN,regime-changey,eta4x,3.529952,0.004469,0.009348,629
CWUR0000SAS,stationary,eta1.0x,4.679859,0.001281,0.013800,629
CWUR0000SAS,stationary,eta0.25x,4.692598,0.001266,0.017933,629
CWUR0000SAS,stationary,eta0.5x,4.686599,0.001274,0.015390,629
CWUR0000SAS,stationary,eta2x,4.674306,0.001285,0.014118,629
CWUR0000SAS,stationary,eta4x,4.670902,0.001287,0.013800,629
CWUR0000SANL1,regime-changey,eta1.0x,2.892352,0.008302,0.006200,629
CWUR0000SANL1,regime-changey,eta0.25x,2.894204,0.008310,0.007409,629
CWUR0000SANL1,regime-changey,eta0.5x,2.893713,0.008298,0.006455,629
CWUR0000SANL1,regime-changey,eta2x,2.890940,0.008306,0.005596,629
CWUR0000SANL1,regime-changey,eta4x,2.890513,0.008306,0.004960,629
CWUR0000SANL13,regime-changey,eta1.0x,2.731742,0.009729,0.011606,629
CWUR0000SANL13,regime-changey,eta0.25x,2.741960,0.009717,0.010970,629
CWUR0000SANL13,regime-changey,eta0.5x,2.738532,0.009711,0.012242,629
CWUR0000SANL13,regime-changey,eta2x,2.728516,0.009742,0.012560,629
CWUR0000SANL13,regime-changey,eta4x,2.727792,0.009746,0.012878,629
CWUR0000SAS4,regime-changey,eta1.0x,3.960951,0.002698,0.012846,629
CWUR0000SAS4,regime-changey,eta0.25x,3.981280,0.002668,0.011955,629
CWUR0000SAS4,regime-changey,eta0.5x,3.969567,0.002686,0.012242,629
CWUR0000SAS4,regime-changey,eta2x,3.959224,0.002699,0.013132,629
CWUR0000SAS4,regime-changey,eta4x,3.957865,0.002698,0.012846,629
CWUR0000SASLE,regime-changey,eta1.0x,5.041974,0.000930,0.005553,533
CWUR0000SASLE,regime-changey,eta0.25x,5.038944,0.000934,0.005929,533
CWUR0000SASLE,regime-changey,eta0.5x,5.040606,0.000931,0.006567,533
CWUR0000SASLE,regime-changey,eta2x,5.048005,0.000929,0.008180,533
CWUR0000SASLE,regime-changey,eta4x,5.048443,0.000927,0.007317,533
CWUR0000SAT,regime-changey,eta1.0x,3.209963,0.006301,0.012981,701
CWUR0000SAT,regime-changey,eta0.25x,3.197551,0.006355,0.012668,701
CWUR0000SAT,regime-changey,eta0.5x,3.204563,0.006322,0.014693,701
CWUR0000SAT,regime-changey,eta2x,3.215525,0.006282,0.013581,701
CWUR0000SAT,regime-changey,eta4x,3.219446,0.006268,0.013581,701
CWUR0000SEFV,regime-changey,eta1.0x,5.229962,0.000733,0.009845,581
CWUR0000SEFV,regime-changey,eta0.25x,5.233194,0.000735,0.010534,581
CWUR0000SEFV,regime-changey,eta0.5x,5.229860,0.000734,0.009811,581
CWUR0000SEFV,regime-changey,eta2x,5.229882,0.000733,0.009845,581
CWUR0000SEFV,regime-changey,eta4x,5.230857,0.000733,0.009157,581
CWUR0000SEAE,stationary,eta1.0x,3.423483,0.004568,0.009433,653
CWUR0000SEAE,stationary,eta0.25x,3.425451,0.004553,0.007289,653
CWUR0000SEAE,stationary,eta0.5x,3.423567,0.004568,0.008606,653
CWUR0000SEAE,stationary,eta2x,3.423375,0.004568,0.009433,653
CWUR0000SEAE,stationary,eta4x,3.423045,0.004570,0.009740,653
CWUR0000SAT1,regime-changey,eta1.0x,3.201723,0.006499,0.008987,701
CWUR0000SAT1,regime-changey,eta0.25x,3.197592,0.006516,0.009558,701
CWUR0000SAT1,regime-changey,eta0.5x,3.200359,0.006505,0.009301,701
CWUR0000SAT1,regime-changey,eta2x,3.202336,0.006496,0.008702,701
CWUR0000SAT1,regime-changey,eta4x,3.202615,0.006495,0.008417,701
CWUR0000SEFJ,stationary,eta1.0x,3.848693,0.003720,0.006399,797
CWUR0000SEFJ,stationary,eta0.25x,3.856783,0.003689,0.008256,797
CWUR0000SEFJ,stationary,eta0.5x,3.851606,0.003707,0.007905,797
CWUR0000SEFJ,stationary,eta2x,3.847179,0.003728,0.006650,797
CWUR0000SEFJ,stationary,eta4x,3.847571,0.003733,0.006499,797
CWUR0000SEFR,regime-changey,eta1.0x,3.680311,0.004855,0.015609,797
CWUR0000SEFR,regime-changey,eta0.25x,3.663261,0.004991,0.016863,797
CWUR0000SEFR,regime-changey,eta0.5x,3.664201,0.004943,0.018871,797
CWUR0000SEFR,regime-changey,eta2x,3.699767,0.004810,0.012171,797
CWUR0000SEFR,regime-changey,eta4x,3.694959,0.004826,0.008833,797
CWUR0000SEHA,stationary,eta1.0x,5.462796,0.000778,0.011789,777
CWUR0000SEHA,stationary,eta0.25x,5.467553,0.000775,0.011197,777
CWUR0000SEHA,stationary,eta0.5x,5.463755,0.000778,0.011609,777
CWUR0000SEHA,stationary,eta2x,5.462802,0.000778,0.012046,777
CWUR0000SEHA,stationary,eta4x,5.462833,0.000778,0.012046,777
CWUR0000SEHF,regime-changey,eta1.0x,3.281787,0.007238,0.017971,749
CWUR0000SEHF,regime-changey,eta0.25x,3.344040,0.006760,0.017997,749
CWUR0000SEHF,regime-changey,eta0.5x,3.310326,0.007019,0.019092,749
CWUR0000SEHF,regime-changey,eta2x,3.277477,0.007266,0.019065,749
CWUR0000SEHF,regime-changey,eta4x,3.274451,0.007294,0.019306,749
CWUR0000SETA01,stationary,eta1.0x,4.171943,0.002442,0.021911,607
CWUR0000SETA01,stationary,eta0.25x,4.182150,0.002414,0.019605,607
CWUR0000SETA01,stationary,eta0.5x,4.176897,0.002430,0.022570,607
CWUR0000SETA01,stationary,eta2x,4.174770,0.002433,0.021582,607
CWUR0000SETA01,stationary,eta4x,4.179959,0.002416,0.020692,607
CWUR0000SETA02,stationary,eta1.0x,3.326205,0.005310,0.016118,577
CWUR0000SETA02,stationary,eta0.25x,3.348975,0.005257,0.014489,577
CWUR0000SETA02,stationary,eta0.5x,3.336827,0.005281,0.016811,577
CWUR0000SETA02,stationary,eta2x,3.322123,0.005321,0.014835,577
CWUR0000SETA02,stationary,eta4x,3.321088,0.005325,0.015529,577
CWUR0000SETB,regime-changey,eta1.0x,1.862082,0.022824,0.012384,646
CWUR0000SETB,regime-changey,eta0.25x,1.863073,0.022795,0.012570,646
CWUR0000SETB,regime-changey,eta0.5x,1.864378,0.022797,0.013313,646
CWUR0000SETB,regime-changey,eta2x,1.858314,0.022869,0.012074,646
CWUR0000SETB,regime-changey,eta4x,1.855239,0.022904,0.012384,646
CWUR0000SETG,regime-changey,eta1.0x,2.834886,0.009161,0.008730,701
CWUR0000SETG,regime-changey,eta0.25x,2.868317,0.008975,0.009558,701
CWUR0000SETG,regime-changey,eta0.5x,2.847157,0.009136,0.008730,701
CWUR0000SETG,regime-changey,eta2x,2.827328,0.009188,0.010157,701
CWUR0000SETG,regime-changey,eta4x,2.825165,0.009203,0.010728,701
D10WAOAL,stationary,eta1.0x,0.727257,0.069973,0.051886,599
D10WAOAL,stationary,eta0.25x,0.777266,0.069010,0.050184,599
D10WAOAL,stationary,eta0.5x,0.744895,0.069561,0.050551,599
D10WAOAL,stationary,eta2x,0.724497,0.070028,0.051553,599
D10WAOAL,stationary,eta4x,0.722001,0.070090,0.051553,599
D10WLAD,regime-changey,eta1.0x,0.907331,0.069598,0.007880,599
D10WLAD,regime-changey,eta0.25x,0.919621,0.069021,0.006144,599
D10WLAD,regime-changey,eta0.5x,0.911006,0.069349,0.006244,599
D10WLAD,regime-changey,eta2x,0.903104,0.069773,0.009549,599
D10WLAD,regime-changey,eta4x,0.890641,0.070318,0.009850,599
D10WLDACI,regime-changey,eta1.0x,0.580180,7.012817,0.099566,599
D10WLDACI,regime-changey,eta0.25x,0.585395,6.935356,0.106210,599
D10WLDACI,regime-changey,eta0.5x,0.581195,6.999564,0.099566,599
D10WLDACI,regime-changey,eta2x,0.581003,6.994644,0.099566,599
D10WLDACI,regime-changey,eta4x,0.582387,6.979040,0.099566,599
D10WLFRNOL,stationary,eta1.0x,4.136754,0.002271,0.031519,599
D10WLFRNOL,stationary,eta0.25x,4.128746,0.002299,0.034825,599
D10WLFRNOL,stationary,eta0.5x,4.133987,0.002280,0.032821,599
D10WLFRNOL,stationary,eta2x,4.136665,0.002264,0.031853,599
D10WLFRNOL,stationary,eta4x,4.136878,0.002260,0.031519,599
D10WACL,stationary,eta1.0x,4.019691,0.006837,0.024516,930
D10WACL,stationary,eta0.25x,4.011749,0.006862,0.026882,930
D10WACL,stationary,eta0.5x,4.015634,0.006848,0.025376,930
D10WACL,stationary,eta2x,4.021126,0.006828,0.023441,930
D10WACL,stationary,eta4x,4.019703,0.006825,0.023441,930
D10WATAL,stationary,eta1.0x,2.154293,0.015889,0.007957,930
D10WATAL,stationary,eta0.25x,2.153270,0.015926,0.009032,930
D10WATAL,stationary,eta0.5x,2.153532,0.015896,0.008602,930
D10WATAL,stationary,eta2x,2.154535,0.015886,0.008387,930
D10WATAL,stationary,eta4x,2.154674,0.015884,0.008387,930
D10WAISAL,stationary,eta1.0x,-9.117017,1276.103190,0.010538,930
D10WAISAL,stationary,eta0.25x,-9.113672,1270.512969,0.011398,930
D10WAISAL,stationary,eta0.5x,-9.115523,1273.632561,0.011183,930
D10WAISAL,stationary,eta2x,-9.117146,1276.526191,0.010323,930
D10WAISAL,stationary,eta4x,-9.117377,1277.067142,0.010108,930
D10WLDEP,regime-changey,eta1.0x,1.169378,0.045283,0.006237,930
D10WLDEP,regime-changey,eta0.25x,1.172073,0.045203,0.006022,930
D10WLDEP,regime-changey,eta0.5x,1.171487,0.045249,0.006022,930
D10WLDEP,regime-changey,eta2x,1.168825,0.045287,0.005806,930
D10WLDEP,regime-changey,eta4x,1.168903,0.045287,0.005806,930
D10WLNOLNHL,stationary,eta1.0x,2.006266,0.018354,0.015793,599
D10WLNOLNHL,stationary,eta0.25x,1.999115,0.018422,0.014825,599
D10WLNOLNHL,stationary,eta0.5x,2.004127,0.018375,0.014491,599
D10WLNOLNHL,stationary,eta2x,2.007068,0.018337,0.015125,599
D10WLNOLNHL,stationary,eta4x,2.007637,0.018325,0.015459,599
D10WLODL,regime-changey,eta1.0x,0.956833,0.055172,0.007245,599
D10WLODL,regime-changey,eta0.25x,0.959526,0.055061,0.005843,599
D10WLODL,regime-changey,eta0.5x,0.958322,0.055127,0.007212,599
D10WLODL,regime-changey,eta2x,0.956138,0.055187,0.007245,599
D10WLODL,regime-changey,eta4x,0.956138,0.055191,0.007245,599
D10WLNNBH,stationary,eta1.0x,3.560333,0.003849,0.007312,930
D10WLNNBH,stationary,eta0.25x,3.554442,0.003874,0.008172,930
D10WLNNBH,stationary,eta0.5x,3.558237,0.003857,0.007527,930
D10WLNNBH,stationary,eta2x,3.561150,0.003846,0.007312,930
D10WLNNBH,stationary,eta4x,3.561642,0.003844,0.007527,930
D10WLINT,stationary,eta1.0x,-4.275079,6.483157,0.016917,810
D10WLINT,stationary,eta0.25x,-4.254802,6.485513,0.016917,810
D10WLINT,stationary,eta0.5x,-4.269895,6.485281,0.016917,810
D10WLINT,stationary,eta2x,-4.266997,6.486592,0.016917,810
D10WLINT,stationary,eta4x,-4.266705,6.485065,0.016917,810
D10WSHOL,regime-changey,eta1.0x,3.433633,0.007851,0.035860,599
D10WSHOL,regime-changey,eta0.25x,3.451148,0.007632,0.039199,599
D10WSHOL,regime-changey,eta0.5x,3.439839,0.007782,0.035192,599
D10WSHOL,regime-changey,eta2x,3.429797,0.007887,0.036861,599
D10WSHOL,regime-changey,eta4x,3.427265,0.007914,0.036861,599
D10WPCL,stationary,eta1.0x,2.345962,4.870357,0.116260,599
D10WPCL,stationary,eta0.25x,2.340629,4.869790,0.116928,599
D10WPCL,stationary,eta0.5x,2.343099,4.874969,0.116260,599
D10WPCL,stationary,eta2x,2.345233,4.866782,0.116260,599
D10WPCL,stationary,eta4x,2.344399,4.863944,0.116260,599
D10WSHOTSL,regime-changey,eta1.0x,4.355749,0.005807,0.082237,599
D10WSHOTSL,regime-changey,eta0.25x,4.356109,0.005803,0.081235,599
D10WSHOTSL,regime-changey,eta0.5x,4.355913,0.005805,0.081569,599
D10WSHOTSL,regime-changey,eta2x,4.355571,0.005809,0.082237,599
D10WSHOTSL,regime-changey,eta4x,4.355621,0.005808,0.082237,599
D10WLRRA,stationary,eta1.0x,1.035794,0.052555,0.009462,930
D10WLRRA,stationary,eta0.25x,1.034467,0.052411,0.010753,930
D10WLRRA,stationary,eta0.5x,1.034896,0.052494,0.009677,930
D10WLRRA,stationary,eta2x,1.037909,0.052558,0.009032,930
D10WLRRA,stationary,eta4x,1.038878,0.052552,0.008817,930
D10WLTOTL,stationary,eta1.0x,2.147196,0.016013,0.009032,930
D10WLTOTL,stationary,eta0.25x,2.146382,0.016053,0.009462,930
D10WLTOTL,stationary,eta0.5x,2.146429,0.016022,0.008817,930
D10WLTOTL,stationary,eta2x,2.147445,0.016010,0.009032,930
D10WLTOTL,stationary,eta4x,2.147589,0.016009,0.009247,930
D10WUPSHO,regime-changey,eta1.0x,3.283387,0.008464,0.043205,599
D10WUPSHO,regime-changey,eta0.25x,3.279822,0.008435,0.043907,599
D10WUPSHO,regime-changey,eta0.5x,3.284903,0.008455,0.042905,599
D10WUPSHO,regime-changey,eta2x,3.278367,0.008481,0.043539,599
D10WUPSHO,regime-changey,eta4x,3.275595,0.008486,0.042237,599
D10WSRLL,stationary,eta1.0x,3.216101,0.008603,0.061290,930
D10WSRLL,stationary,eta0.25x,3.239859,0.008445,0.064731,930
D10WSRLL,stationary,eta0.5x,3.240074,0.008485,0.062581,930
D10WSRLL,stationary,eta2x,3.198061,0.008746,0.053548,930
D10WSRLL,stationary,eta4x,3.191599,0.008812,0.051828,930
D11WAOAL,stationary,eta1.0x,0.559844,0.075269,0.044841,599
D11WAOAL,stationary,eta0.25x,0.566817,0.075076,0.040835,599
D11WAOAL,stationary,eta0.5x,0.559818,0.075250,0.045175,599
D11WAOAL,stationary,eta2x,0.563407,0.075289,0.044508,599
D11WAOAL,stationary,eta4x,0.563661,0.075289,0.044174,599
D10WUDSHO,regime-changey,eta1.0x,0.169732,1.604390,0.038898,599
D10WUDSHO,regime-changey,eta0.25x,0.284267,1.586018,0.037229,599
D10WUDSHO,regime-changey,eta0.5x,0.189904,1.599339,0.038230,599
D10WUDSHO,regime-changey,eta2x,0.167785,1.604619,0.038564,599
D10WUDSHO,regime-changey,eta4x,0.167301,1.604667,0.038564,599
D10WTLAC,stationary,eta1.0x,2.154293,0.015889,0.007957,930
D10WTLAC,stationary,eta0.25x,2.153270,0.015926,0.009032,930
D10WTLAC,stationary,eta0.5x,2.153532,0.015896,0.008602,930
D10WTLAC,stationary,eta2x,2.154535,0.015886,0.008387,930
D10WTLAC,stationary,eta4x,2.154674,0.015884,0.008387,930
D11WACL,stationary,eta1.0x,3.083749,0.008521,0.010968,930
D11WACL,stationary,eta0.25x,3.082894,0.008546,0.012473,930
D11WACL,stationary,eta0.5x,3.081440,0.008526,0.011398,930
D11WACL,stationary,eta2x,3.083489,0.008522,0.010968,930
D11WACL,stationary,eta4x,3.083537,0.008523,0.011183,930
D11WLAD,regime-changey,eta1.0x,1.010918,0.063756,0.009850,599
D11WLAD,regime-changey,eta0.25x,1.010141,0.063805,0.011486,599
D11WLAD,regime-changey,eta0.5x,1.010700,0.063782,0.009182,599
D11WLAD,regime-changey,eta2x,1.011311,0.063736,0.010150,599
D11WLAD,regime-changey,eta4x,1.011068,0.063762,0.009816,599
D11WATAL,stationary,eta1.0x,2.369966,0.012504,0.009032,930
D11WATAL,stationary,eta0.25x,2.369452,0.012492,0.010753,930
D11WATAL,stationary,eta0.5x,2.370262,0.012495,0.009247,930
D11WATAL,stationary,eta2x,2.369509,0.012501,0.007742,930
D11WATAL,stationary,eta4x,2.369823,0.012497,0.008172,930
D11WLDACI,stationary,eta1.0x,0.881018,10.433561,0.106578,599
D11WLDACI,stationary,eta0.25x,0.883976,10.416068,0.103573,599
D11WLDACI,stationary,eta0.5x,0.881492,10.435401,0.106578,599
D11WLDACI,stationary,eta2x,0.881125,10.434232,0.106912,599
D11WLDACI,stationary,eta4x,0.881011,10.436822,0.106912,599
D11WLFRNOL,stationary,eta1.0x,4.357835,0.001925,0.018831,599
D11WLFRNOL,stationary,eta0.25x,4.352656,0.001927,0.018497,599
D11WLFRNOL,stationary,eta0.5x,4.357864,0.001925,0.018831,599
D11WLFRNOL,stationary,eta2x,4.357645,0.001924,0.018831,599
D11WLFRNOL,stationary,eta4x,4.357329,0.001923,0.019165,599
D11WAISAL,regime-changey,eta1.0x,-9.882752,2850.006847,0.009892,930
D11WAISAL,regime-changey,eta0.25x,-9.882595,2850.007941,0.009892,930
D11WAISAL,regime-changey,eta0.5x,-9.882855,2850.009866,0.009892,930
D11WAISAL,regime-changey,eta2x,-9.882800,2850.003958,0.009892,930
D11WAISAL,regime-changey,eta4x,-9.882912,2850.003247,0.009892,930
D11WLNOLNHL,stationary,eta1.0x,2.236141,0.014207,0.006878,599
D11WLNOLNHL,stationary,eta0.25x,2.236098,0.014219,0.007212,599
D11WLNOLNHL,stationary,eta0.5x,2.236590,0.014200,0.007179,599
D11WLNOLNHL,stationary,eta2x,2.235539,0.014216,0.007212,599
D11WLNOLNHL,stationary,eta4x,2.235114,0.014223,0.007913,599
D11WLDEP,stationary,eta1.0x,1.149521,0.046920,0.006452,930
D11WLDEP,stationary,eta0.25x,1.151640,0.046813,0.005806,930
D11WLDEP,stationary,eta0.5x,1.149744,0.046898,0.006452,930
D11WLDEP,stationary,eta2x,1.149511,0.046918,0.006452,930
D11WLDEP,stationary,eta4x,1.149629,0.046919,0.006452,930
D11WLODL,regime-changey,eta1.0x,1.082699,0.051792,0.007546,599
D11WLODL,regime-changey,eta0.25x,1.085608,0.051642,0.007546,599
D11WLODL,regime-changey,eta0.5x,1.082866,0.051784,0.008481,599
D11WLODL,regime-changey,eta2x,1.082779,0.051785,0.007546,599
D11WLODL,regime-changey,eta4x,1.082893,0.051785,0.007846,599
D11WLNNBH,regime-changey,eta1.0x,3.840464,0.003273,0.006882,930
D11WLNNBH,regime-changey,eta0.25x,3.840882,0.003276,0.006237,930
D11WLNNBH,regime-changey,eta0.5x,3.840528,0.003274,0.006237,930
D11WLNNBH,regime-changey,eta2x,3.839589,0.003278,0.004731,930
D11WLNNBH,regime-changey,eta4x,3.836848,0.003289,0.004301,930
D11WLINT,regime-changey,eta1.0x,-5.035338,13.807538,0.017904,810
D11WLINT,regime-changey,eta0.25x,-5.026927,13.763285,0.017707,810
D11WLINT,regime-changey,eta0.5x,-5.030665,13.786940,0.017682,810
D11WLINT,regime-changey,eta2x,-5.048088,13.797488,0.018644,810
D11WLINT,regime-changey,eta4x,-5.053135,13.809307,0.018397,810
D11WPCL,stationary,eta1.0x,2.085250,7.180694,0.108915,599
D11WPCL,stationary,eta0.25x,2.082727,7.178311,0.108915,599
D11WPCL,stationary,eta0.5x,2.089448,7.180384,0.108581,599
D11WPCL,stationary,eta2x,2.088136,7.181467,0.108581,599
D11WPCL,stationary,eta4x,2.086801,7.186100,0.109549,599
D11WLRRA,stationary,eta1.0x,1.066589,0.051119,0.009462,930
D11WLRRA,stationary,eta0.25x,1.064084,0.051102,0.008387,930
D11WLRRA,stationary,eta0.5x,1.064978,0.051107,0.009677,930
D11WLRRA,stationary,eta2x,1.066533,0.051150,0.009892,930
D11WLRRA,stationary,eta4x,1.066580,0.051162,0.009892,930
D11WLTOTL,stationary,eta1.0x,2.364322,0.012576,0.009032,930
D11WLTOTL,stationary,eta0.25x,2.363433,0.012565,0.009892,930
D11WLTOTL,stationary,eta0.5x,2.364706,0.012567,0.008387,930
D11WLTOTL,stationary,eta2x,2.363997,0.012581,0.008387,930
D11WLTOTL,stationary,eta4x,2.364621,0.012572,0.007742,930
D11WSHOL,regime-changey,eta1.0x,3.435168,0.005903,0.027513,599
D11WSHOL,regime-changey,eta0.25x,3.449705,0.005897,0.029516,599
D11WSHOL,regime-changey,eta0.5x,3.440820,0.005896,0.027513,599
D11WSHOL,regime-changey,eta2x,3.439600,0.005899,0.027846,599
D11WSHOL,regime-changey,eta4x,3.449335,0.005896,0.029516,599
D11WSRLL,stationary,eta1.0x,3.484823,0.006059,0.035699,930
D11WSRLL,stationary,eta0.25x,3.498425,0.006002,0.034839,930
D11WSRLL,stationary,eta0.5x,3.486709,0.006042,0.035699,930
D11WSRLL,stationary,eta2x,3.484819,0.006059,0.035699,930
D11WSRLL,stationary,eta4x,3.484819,0.006059,0.035699,930
D11WTLAC,stationary,eta1.0x,2.369966,0.012504,0.009032,930
D11WTLAC,stationary,eta0.25x,2.369452,0.012492,0.010753,930
D11WTLAC,stationary,eta0.5x,2.370262,0.012495,0.009247,930
D11WTLAC,stationary,eta2x,2.369509,0.012501,0.007742,930
D11WTLAC,stationary,eta4x,2.369823,0.012497,0.008172,930
A038RC1,regime-changey,forget1.0,4.529198,0.001690,0.017402,508
A038RC1,regime-changey,forget0.999,4.540029,0.001677,0.013858,508
A038RC1,regime-changey,forget0.99,4.592976,0.001601,0.013071,508
A038RC1,regime-changey,forget0.97,4.597717,0.001582,0.006220,508
A132RC1,regime-changey,forget1.0,3.622180,0.003949,0.017717,508
A132RC1,regime-changey,forget0.999,3.621832,0.003966,0.017323,508
A132RC1,regime-changey,forget0.99,3.614636,0.004041,0.016142,508
A132RC1,regime-changey,forget0.97,3.615443,0.004049,0.021102,508
A068RC1,regime-changey,forget1.0,3.910846,0.003111,0.018425,508
A068RC1,regime-changey,forget0.999,3.910121,0.003114,0.016929,508
A068RC1,regime-changey,forget0.99,3.849358,0.003577,0.014961,508
A068RC1,regime-changey,forget0.97,3.835030,0.003580,0.016457,508
A048RC1,regime-changey,forget1.0,3.410108,0.006187,0.015591,508
A048RC1,regime-changey,forget0.999,3.411855,0.006182,0.014409,508
A048RC1,regime-changey,forget0.99,3.418770,0.006034,0.011496,508
A048RC1,regime-changey,forget0.97,3.395882,0.006080,0.013701,508
A061RC1,regime-changey,forget1.0,3.823667,0.003261,0.020551,508
A061RC1,regime-changey,forget0.999,3.819052,0.003268,0.022520,508
A061RC1,regime-changey,forget0.99,3.782613,0.003453,0.016929,508
A061RC1,regime-changey,forget0.97,3.767383,0.003513,0.018583,508
A045RC1,stationary,forget1.0,3.167863,0.006226,0.022756,508
A045RC1,stationary,forget0.999,3.169869,0.006256,0.023150,508
A045RC1,stationary,forget0.99,3.172383,0.006329,0.020000,508
A045RC1,stationary,forget0.97,3.163281,0.006376,0.019291,508
A041RC1,regime-changey,forget1.0,2.999966,0.007298,0.014803,508
A041RC1,regime-changey,forget0.999,3.000248,0.007315,0.014016,508
A041RC1,regime-changey,forget0.99,2.998160,0.007431,0.013386,508
A041RC1,regime-changey,forget0.97,2.987657,0.007501,0.015748,508
A063RC1,regime-changey,forget1.0,3.009798,0.017716,0.038031,508
A063RC1,regime-changey,forget0.999,2.959859,0.020999,0.035276,508
A063RC1,regime-changey,forget0.99,3.011537,0.016809,0.037717,508
A063RC1,regime-changey,forget0.97,3.032532,0.016452,0.039213,508
A229RC0,regime-changey,forget1.0,3.679421,0.004663,0.028268,508
A229RC0,regime-changey,forget0.999,3.665028,0.004856,0.027953,508
A229RC0,regime-changey,forget0.99,3.666520,0.004814,0.027874,508
A229RC0,regime-changey,forget0.97,3.639408,0.005017,0.030236,508
A576RC1,regime-changey,forget1.0,3.806384,0.003285,0.017323,508
A576RC1,regime-changey,forget0.999,3.804957,0.003300,0.016535,508
A576RC1,regime-changey,forget0.99,3.798535,0.003364,0.015827,508
A576RC1,regime-changey,forget0.97,3.795168,0.003372,0.019685,508
AAAFFM,regime-changey,forget1.0,-0.266462,0.203957,0.011439,563
AAAFFM,regime-changey,forget0.999,-0.258759,0.202557,0.010835,563
AAAFFM,regime-changey,forget0.99,-0.226056,0.196410,0.012860,563
AAAFFM,regime-changey,forget0.97,-0.219598,0.195149,0.008703,563
AAA10YM,stationary,forget1.0,0.706385,0.066863,0.011073,578
AAA10YM,stationary,forget0.999,0.707010,0.066829,0.012111,578
AAA10YM,stationary,forget0.99,0.679067,0.068347,0.011419,578
AAA10YM,stationary,forget0.97,0.658082,0.069974,0.012111,578
AAA,regime-changey,forget1.0,2.416439,0.014496,0.009788,989
AAA,regime-changey,forget0.999,2.416453,0.014499,0.010374,989
AAA,regime-changey,forget0.99,2.412768,0.014622,0.010617,989
AAA,regime-changey,forget0.97,2.401210,0.014861,0.006552,989
AAA10Y,stationary,forget1.0,2.422631,0.018224,0.019800,1000
AAA10Y,stationary,forget0.999,2.424356,0.018198,0.020600,1000
AAA10Y,stationary,forget0.99,2.417018,0.018322,0.021800,1000
AAA10Y,stationary,forget0.97,2.383076,0.018826,0.016200,1000
AAAFF,stationary,forget1.0,1.528684,0.036286,0.012400,1000
AAAFF,stationary,forget0.999,1.529926,0.036278,0.012400,1000
AAAFF,stationary,forget0.99,1.497531,0.036964,0.011000,1000
AAAFF,stationary,forget0.97,1.444321,0.038416,0.008600,1000
AB1020AAAMT,stationary,forget1.0,-7.534170,256.191450,0.015200,1000
AB1020AAAMT,stationary,forget0.999,-7.534309,256.222827,0.015200,1000
AB1020AAAMT,stationary,forget0.99,-7.578608,265.546109,0.011600,1000
AB1020AAAMT,stationary,forget0.97,-7.671617,289.050369,0.006400,1000
AB1020AAVOL,stationary,forget1.0,-3.943506,6.871309,0.016800,1000
AB1020AAVOL,stationary,forget0.999,-3.943875,6.871205,0.017000,1000
AB1020AAVOL,stationary,forget0.99,-3.977825,7.111666,0.013800,1000
AB1020AAVOL,stationary,forget0.97,-4.070958,7.748197,0.008600,1000
AB14AAVOL,stationary,forget1.0,-5.055110,21.815208,0.009400,1000
AB14AAVOL,stationary,forget0.999,-5.050307,21.693912,0.008800,1000
AB14AAVOL,stationary,forget0.99,-5.064919,22.109041,0.007800,1000
AB14AAVOL,stationary,forget0.97,-5.132886,23.602960,0.008000,1000
AB14AAAMT,stationary,forget1.0,-8.672705,842.206553,0.004800,1000
AB14AAAMT,stationary,forget0.999,-8.660949,832.297279,0.006200,1000
AB14AAAMT,stationary,forget0.99,-8.655313,827.318033,0.007600,1000
AB14AAAMT,stationary,forget0.97,-8.705965,870.462973,0.003400,1000
AB2140AAAMT,stationary,forget1.0,-7.607663,275.420496,0.013200,1000
AB2140AAAMT,stationary,forget0.999,-7.607926,275.460123,0.013000,1000
AB2140AAAMT,stationary,forget0.99,-7.629963,282.260533,0.012800,1000
AB2140AAAMT,stationary,forget0.97,-7.747055,316.820373,0.007600,1000
AB2140AAVOL,stationary,forget1.0,-4.172402,8.585184,0.015400,1000
AB2140AAVOL,stationary,forget0.999,-4.166445,8.585003,0.015400,1000
AB2140AAVOL,stationary,forget0.99,-4.183095,8.775593,0.015200,1000
AB2140AAVOL,stationary,forget0.97,-4.313398,9.966766,0.005400,1000
AB4180AAVOL,stationary,forget1.0,-3.833711,6.236876,0.013800,1000
AB4180AAVOL,stationary,forget0.999,-3.833091,6.235932,0.013600,1000
AB4180AAVOL,stationary,forget0.99,-3.847051,6.366368,0.014000,1000
AB4180AAVOL,stationary,forget0.97,-3.944849,7.009344,0.007200,1000
AB4180AAAMT,stationary,forget1.0,-7.285342,200.457926,0.012400,1000
AB4180AAAMT,stationary,forget0.999,-7.285287,200.470319,0.012600,1000
AB4180AAAMT,stationary,forget0.99,-7.300701,203.563512,0.009800,1000
AB4180AAAMT,stationary,forget0.97,-7.400101,223.389518,0.007800,1000
ABCOMPN,stationary,forget1.0,3.020315,0.006457,0.010000,1000
ABCOMPN,stationary,forget0.999,3.025563,0.006418,0.007400,1000
ABCOMPN,stationary,forget0.99,3.021166,0.006453,0.008400,1000
ABCOMPN,stationary,forget0.97,3.004747,0.006597,0.005800,1000
ABCOMP,stationary,forget1.0,2.673622,0.009022,0.011800,1000
ABCOMP,stationary,forget0.999,2.694766,0.008846,0.009200,1000
ABCOMP,stationary,forget0.99,2.727590,0.008575,0.011400,1000
ABCOMP,stationary,forget0.97,2.714985,0.008658,0.012000,1000
AB59AAAMT,stationary,forget1.0,-9.119112,1261.092599,0.008800,1000
AB59AAAMT,stationary,forget0.999,-9.119129,1261.083758,0.008800,1000
AB59AAAMT,stationary,forget0.99,-9.163691,1305.448330,0.008800,1000
AB59AAAMT,stationary,forget0.97,-9.238323,1407.452186,0.009400,1000
ADPWCDENCNERNSA,stationary,forget1.0,5.308125,0.000664,0.015226,553
ADPWCDENCNERNSA,stationary,forget0.999,5.307338,0.000665,0.016311,553
ADPWCDENCNERNSA,stationary,forget0.99,5.304117,0.000664,0.017288,553
ADPWCDENCNERNSA,stationary,forget0.97,5.310790,0.000661,0.011863,553
AB59AAVOL,stationary,forget1.0,-5.447438,31.568657,0.010800,1000
AB59AAVOL,stationary,forget0.999,-5.447419,31.568475,0.010800,1000
AB59AAVOL,stationary,forget0.99,-5.476622,32.386424,0.008600,1000
AB59AAVOL,stationary,forget0.97,-5.554830,35.136777,0.012600,1000
ADPWCDENCNERSA,regime-changey,forget1.0,7.710888,0.000069,0.026221,553
ADPWCDENCNERSA,regime-changey,forget0.999,7.707841,0.000069,0.021519,553
ADPWCDENCNERSA,regime-changey,forget0.99,7.696075,0.000069,0.018011,553
ADPWCDENCNERSA,regime-changey,forget0.97,7.707958,0.000069,0.017541,553
ADJRESNS,regime-changey,forget1.0,2.261467,0.016900,0.009544,922
ADJRESNS,regime-changey,forget0.999,2.254327,0.016799,0.009284,922
ADJRESNS,regime-changey,forget0.99,2.262203,0.017288,0.008850,922
ADJRESNS,regime-changey,forget0.97,2.259552,0.016766,0.012711,922
ADPWCDESCNERNSA,stationary,forget1.0,4.976668,0.000946,0.024774,553
ADPWCDESCNERNSA,stationary,forget0.999,5.004421,0.000909,0.021266,553
ADPWCDESCNERNSA,stationary,forget0.99,5.013510,0.000900,0.017649,553
ADPWCDESCNERNSA,stationary,forget0.97,5.021122,0.000888,0.015986,553
ADJRESSL,regime-changey,forget1.0,2.613167,0.014263,0.007679,922
ADJRESSL,regime-changey,forget0.999,2.606271,0.014767,0.006161,922
ADJRESSL,regime-changey,forget0.99,2.583339,0.015502,0.006508,922
ADJRESSL,regime-changey,forget0.97,2.566873,0.014941,0.004555,922
ABGT80AAAMT,stationary,forget1.0,-7.961651,389.502842,0.008200,1000
ABGT80AAAMT,stationary,forget0.999,-7.961847,389.578014,0.008000,1000
ABGT80AAAMT,stationary,forget0.99,-7.986689,398.899571,0.009600,1000
ABGT80AAAMT,stationary,forget0.97,-8.095432,442.555106,0.009800,1000
ADPWCDESCNERSA,stationary,forget1.0,7.202399,0.000118,0.031899,553
ADPWCDESCNERSA,stationary,forget0.999,7.202013,0.000118,0.032260,553
ADPWCDESCNERSA,stationary,forget0.99,7.212775,0.000117,0.024051,553
ADPWCDESCNERSA,stationary,forget0.97,7.241289,0.000117,0.020434,553
ABGT80AAVOL,stationary,forget1.0,-4.657461,14.086137,0.009400,1000
ABGT80AAVOL,stationary,forget0.999,-4.657464,14.086924,0.009600,1000
ABGT80AAVOL,stationary,forget0.99,-4.683824,14.478153,0.010000,1000
ABGT80AAVOL,stationary,forget0.97,-4.789701,16.006001,0.008200,1000
ADPWCDMANERSA,regime-changey,forget1.0,7.222244,0.000112,0.013562,553
ADPWCDMANERSA,regime-changey,forget0.999,7.220645,0.000113,0.012948,553
ADPWCDMANERSA,regime-changey,forget0.99,7.210228,0.000114,0.012333,553
ADPWCDMANERSA,regime-changey,forget0.97,7.205761,0.000116,0.011248,553
ADPWCDMANERNSA,stationary,forget1.0,4.822127,0.001080,0.010669,553
ADPWCDMANERNSA,stationary,forget0.999,4.825909,0.001077,0.010307,553
ADPWCDMANERNSA,stationary,forget0.99,4.829415,0.001076,0.013201,553
ADPWCDMANERNSA,stationary,forget0.97,4.828357,0.001070,0.012839,553
ABSSD678FRBCLE,regime-changey,forget1.0,2.560804,0.014721,0.012400,1000
ABSSD678FRBCLE,regime-changey,forget0.999,2.554190,0.014777,0.014600,1000
ABSSD678FRBCLE,regime-changey,forget0.99,2.547267,0.014814,0.017400,1000
ABSSD678FRBCLE,regime-changey,forget0.97,2.547274,0.014808,0.012600,1000
ADPWCDMTNERSA,regime-changey,forget1.0,7.157015,0.000120,0.024304,553
ADPWCDMTNERSA,regime-changey,forget0.999,7.146872,0.000121,0.018879,553
ADPWCDMTNERSA,regime-changey,forget0.99,7.131116,0.000122,0.012984,553
ADPWCDMTNERSA,regime-changey,forget0.97,7.151270,0.000122,0.014286,553
ADPWCDNENERSA,regime-changey,forget1.0,7.287055,0.000121,0.039711,553
ADPWCDNENERSA,regime-changey,forget0.999,7.285155,0.000121,0.038987,553
ADPWCDNENERSA,regime-changey,forget0.99,7.258189,0.000123,0.038879,553
ADPWCDNENERSA,regime-changey,forget0.97,7.270826,0.000123,0.038517,553
ADPWCDMTNERNSA,stationary,forget1.0,4.924029,0.000982,0.020181,553
ADPWCDMTNERNSA,stationary,forget0.999,4.932551,0.000965,0.014647,553
ADPWCDMTNERNSA,stationary,forget0.99,4.937512,0.000950,0.012224,553
ADPWCDMTNERNSA,stationary,forget0.97,4.966649,0.000919,0.011863,553
ADPWCDNENERNSA,stationary,forget1.0,4.999206,0.000908,0.018734,553
ADPWCDNENERNSA,stationary,forget0.999,4.994251,0.000909,0.018373,553
ADPWCDNENERNSA,stationary,forget0.99,4.993266,0.000908,0.013309,553
ADPWCDNENERNSA,stationary,forget0.97,4.996516,0.000911,0.011139,553
ADPWCDPCNERNSA,regime-changey,forget1.0,4.582961,0.001478,0.018011,553
ADPWCDPCNERNSA,regime-changey,forget0.999,4.584149,0.001478,0.017902,553
ADPWCDPCNERNSA,regime-changey,forget0.99,4.586424,0.001474,0.015732,553
ADPWCDPCNERNSA,regime-changey,forget0.97,4.605286,0.001451,0.018119,553
ADPWCDSANERSA,regime-changey,forget1.0,7.564595,0.000088,0.013562,553
ADPWCDSANERSA,regime-changey,forget0.999,7.563561,0.000088,0.012477,553
ADPWCDSANERSA,regime-changey,forget0.99,7.570345,0.000088,0.013454,553
ADPWCDSANERSA,regime-changey,forget0.97,7.555009,0.000089,0.006076,553
ADPWCDPCNERSA,regime-changey,forget1.0,6.790358,0.000181,0.009801,553
ADPWCDPCNERSA,regime-changey,forget0.999,6.786785,0.000182,0.009801,553
ADPWCDPCNERSA,regime-changey,forget0.99,6.775628,0.000183,0.010778,553
ADPWCDPCNERSA,regime-changey,forget0.97,6.766786,0.000181,0.010307,553
ADPWCDSANERNSA,stationary,forget1.0,5.317633,0.000681,0.018264,553
ADPWCDSANERNSA,stationary,forget0.999,5.320219,0.000677,0.019349,553
ADPWCDSANERNSA,stationary,forget0.99,5.339137,0.000654,0.014647,553
ADPWCDSANERNSA,stationary,forget0.97,5.363517,0.000639,0.013671,553
ADPWCDWNCNERSA,regime-changey,forget1.0,7.729255,0.000092,0.038626,553
ADPWCDWNCNERSA,regime-changey,forget0.999,7.723905,0.000092,0.037902,553
ADPWCDWNCNERSA,regime-changey,forget0.99,7.691764,0.000093,0.031646,553
ADPWCDWNCNERSA,regime-changey,forget0.97,7.717775,0.000093,0.031646,553
ADPWCDWNCNERNSA,stationary,forget1.0,5.188460,0.000745,0.011971,553
ADPWCDWNCNERNSA,stationary,forget0.999,5.197481,0.000740,0.013671,553
ADPWCDWNCNERNSA,stationary,forget0.99,5.211216,0.000733,0.009693,553
ADPWCDWNCNERNSA,stationary,forget0.97,5.211493,0.000737,0.011863,553
ADPWCDWSCNERSA,regime-changey,forget1.0,7.505869,0.000088,0.029005,553
ADPWCDWSCNERSA,regime-changey,forget0.999,7.507548,0.000087,0.027920,553
ADPWCDWSCNERSA,regime-changey,forget0.99,7.499551,0.000088,0.021049,553
ADPWCDWSCNERSA,regime-changey,forget0.97,7.500351,0.000088,0.022966,553
ADPWCDWSCNERNSA,regime-changey,forget1.0,5.261204,0.000724,0.010778,553
ADPWCDWSCNERNSA,regime-changey,forget0.999,5.280426,0.000706,0.008246,553
ADPWCDWSCNERNSA,regime-changey,forget0.99,5.279653,0.000694,0.005714,553
ADPWCDWSCNERNSA,regime-changey,forget0.97,5.293095,0.000680,0.007993,553
ADPWES1T19ENERNSA,regime-changey,forget1.0,5.369803,0.000771,0.010886,553
ADPWES1T19ENERNSA,regime-changey,forget0.999,5.370483,0.000771,0.010163,553
ADPWES1T19ENERNSA,regime-changey,forget0.99,5.356509,0.000776,0.009693,553
ADPWES1T19ENERNSA,regime-changey,forget0.97,5.339860,0.000776,0.011031,553
ADPWES1T19ENERSA,regime-changey,forget1.0,7.281299,0.000127,0.019349,553
ADPWES1T19ENERSA,regime-changey,forget0.999,7.282753,0.000127,0.018626,553
ADPWES1T19ENERSA,regime-changey,forget0.99,7.271970,0.000127,0.020796,553
ADPWES1T19ENERSA,regime-changey,forget0.97,7.220195,0.000134,0.025497,553
ADPWES20T49ENERSA,regime-changey,forget1.0,7.446242,0.000106,0.022604,553
ADPWES20T49ENERSA,regime-changey,forget0.999,7.440634,0.000106,0.022966,553
ADPWES20T49ENERSA,regime-changey,forget0.99,7.426715,0.000108,0.026329,553
ADPWES20T49ENERSA,regime-changey,forget0.97,7.408350,0.000110,0.013562,553
ADPWES20T49ENERNSA,regime-changey,forget1.0,5.363115,0.000815,0.012477,553
ADPWES20T49ENERNSA,regime-changey,forget0.999,5.361665,0.000817,0.012477,553
ADPWES20T49ENERNSA,regime-changey,forget0.99,5.372329,0.000799,0.011754,553
ADPWES20T49ENERNSA,regime-changey,forget0.97,5.372416,0.000775,0.011501,553
ADPWES250T499ENERSA,regime-changey,forget1.0,7.347451,0.000107,0.042604,553
ADPWES250T499ENERSA,regime-changey,forget0.999,7.337807,0.000109,0.044774,553
ADPWES250T499ENERSA,regime-changey,forget0.99,7.336549,0.000108,0.045497,553
ADPWES250T499ENERSA,regime-changey,forget0.97,7.335968,0.000109,0.037179,553
ADPWES500PENERSA,regime-changey,forget1.0,7.062844,0.000128,0.006799,553
ADPWES500PENERSA,regime-changey,forget0.999,7.059091,0.000128,0.006184,553
ADPWES500PENERSA,regime-changey,forget0.99,7.051302,0.000129,0.006438,553
ADPWES500PENERSA,regime-changey,forget0.97,7.067721,0.000126,0.013562,553
ADPWES250T499ENERNSA,regime-changey,forget1.0,5.249162,0.000761,0.010524,553
ADPWES250T499ENERNSA,regime-changey,forget0.999,5.249231,0.000762,0.012694,553
ADPWES250T499ENERNSA,regime-changey,forget0.99,5.262139,0.000758,0.010307,553
ADPWES250T499ENERNSA,regime-changey,forget0.97,5.276679,0.000754,0.011031,553
ADPWES500PENERNSA,stationary,forget1.0,4.629838,0.001322,0.021881,553
ADPWES500PENERNSA,stationary,forget0.999,4.639407,0.001314,0.020181,553
ADPWES500PENERNSA,stationary,forget0.99,4.657198,0.001282,0.010416,553
ADPWES500PENERNSA,stationary,forget0.97,4.664909,0.001276,0.009476,553
ADPWES50T249ENERNSA,stationary,forget1.0,5.485724,0.000571,0.009078,553
ADPWES50T249ENERNSA,stationary,forget0.999,5.477590,0.000576,0.008608,553
ADPWES50T249ENERNSA,stationary,forget0.99,5.473244,0.000579,0.010199,553
ADPWES50T249ENERNSA,stationary,forget0.97,5.469623,0.000583,0.015732,553
ADPWES50T249ENERSA,regime-changey,forget1.0,7.741302,0.000074,0.015732,553
ADPWES50T249ENERSA,regime-changey,forget0.999,7.742619,0.000073,0.015732,553
ADPWES50T249ENERSA,regime-changey,forget0.99,7.742557,0.000074,0.016456,553
ADPWES50T249ENERSA,regime-changey,forget0.97,7.729564,0.000079,0.019711,553
ADPWINDCONNERSA,regime-changey,forget1.0,7.151909,0.000118,0.049729,553
ADPWINDCONNERSA,regime-changey,forget0.999,7.144189,0.000119,0.049367,553
ADPWINDCONNERSA,regime-changey,forget0.99,7.169211,0.000114,0.039855,553
ADPWINDCONNERSA,regime-changey,forget0.97,7.190999,0.000112,0.036962,553
ADPWINDCONNERNSA,stationary,forget1.0,5.010713,0.000884,0.011609,553
ADPWINDCONNERNSA,stationary,forget0.999,5.022851,0.000875,0.012224,553
ADPWINDCONNERNSA,stationary,forget0.99,5.042823,0.000866,0.008608,553
ADPWINDCONNERNSA,stationary,forget0.97,5.041120,0.000862,0.012224,553
ADPWINDEDHLTNERSA,regime-changey,forget1.0,7.759266,0.000067,0.041157,553
ADPWINDEDHLTNERSA,regime-changey,forget0.999,7.750670,0.000068,0.031139,553
ADPWINDEDHLTNERSA,regime-changey,forget0.99,7.753266,0.000067,0.029693,553
ADPWINDEDHLTNERSA,regime-changey,forget0.97,7.767398,0.000064,0.028499,553
ADPWINDEDHLTNERNSA,stationary,forget1.0,5.481668,0.000559,0.006799,553
ADPWINDEDHLTNERNSA,stationary,forget0.999,5.500440,0.000550,0.006112,553
ADPWINDEDHLTNERNSA,stationary,forget0.99,5.540545,0.000528,0.008282,553
ADPWINDEDHLTNERNSA,stationary,forget0.97,5.554317,0.000519,0.011392,553
ADPWINDFINNERNSA,regime-changey,forget1.0,5.238150,0.000805,0.010778,553
ADPWINDFINNERNSA,regime-changey,forget0.999,5.240963,0.000802,0.010669,553
ADPWINDFINNERNSA,regime-changey,forget0.99,5.248643,0.000797,0.012477,553
ADPWINDFINNERNSA,regime-changey,forget0.97,5.249384,0.000792,0.009801,553
ADPWINDFINNERSA,regime-changey,forget1.0,7.184623,0.000201,0.033924,553
ADPWINDFINNERSA,regime-changey,forget0.999,7.178252,0.000204,0.036094,553
ADPWINDFINNERSA,regime-changey,forget0.99,7.152303,0.000211,0.039349,553
ADPWINDFINNERSA,regime-changey,forget0.97,7.036144,0.000280,0.037649,553
ADPWINDINFONERNSA,stationary,forget1.0,4.764448,0.001364,0.028752,553
ADPWINDINFONERNSA,stationary,forget0.999,4.771661,0.001357,0.028608,553
ADPWINDINFONERNSA,stationary,forget0.99,4.774750,0.001379,0.018734,553
ADPWINDINFONERNSA,stationary,forget0.97,4.737513,0.001434,0.017649,553
ADPWINDINFONERSA,regime-changey,forget1.0,6.591729,0.000287,0.029584,553
ADPWINDINFONERSA,regime-changey,forget0.999,6.583876,0.000288,0.031284,553
ADPWINDINFONERSA,regime-changey,forget0.99,6.525977,0.000297,0.039241,553
ADPWINDINFONERSA,regime-changey,forget0.97,6.532494,0.000297,0.035624,553
ADPWINDLSHPNERSA,regime-changey,forget1.0,7.374616,0.000089,0.024521,553
ADPWINDLSHPNERSA,regime-changey,forget0.999,7.364379,0.000090,0.030307,553
ADPWINDLSHPNERSA,regime-changey,forget0.99,7.361701,0.000091,0.021989,553
ADPWINDLSHPNERSA,regime-changey,forget0.97,7.355478,0.000092,0.027052,553
ADPWINDLSHPNERNSA,stationary,forget1.0,4.964800,0.000930,0.005967,553
ADPWINDLSHPNERNSA,stationary,forget0.999,4.965567,0.000931,0.006944,553
ADPWINDLSHPNERNSA,stationary,forget0.99,4.957186,0.000942,0.007631,553
ADPWINDLSHPNERNSA,stationary,forget0.97,4.951888,0.000953,0.009801,553
ADPWINDMANNERSA,regime-changey,forget1.0,7.772500,0.000089,0.026691,553
ADPWINDMANNERSA,regime-changey,forget0.999,7.783344,0.000088,0.027776,553
ADPWINDMANNERSA,regime-changey,forget0.99,7.859574,0.000072,0.023074,553
ADPWINDMANNERSA,regime-changey,forget0.97,7.861205,0.000075,0.029584,553
ADPWINDMANNERNSA,stationary,forget1.0,5.575034,0.000515,0.010199,553
ADPWINDMANNERNSA,stationary,forget0.999,5.582781,0.000509,0.010199,553
ADPWINDMANNERNSA,stationary,forget0.99,5.597550,0.000502,0.007523,553
ADPWINDMANNERNSA,stationary,forget0.97,5.621705,0.000491,0.008354,553
ADPWINDNRMINNERSA,stationary,forget1.0,6.381677,0.000398,0.031031,553
ADPWINDNRMINNERSA,stationary,forget0.999,6.387467,0.000397,0.028861,553
ADPWINDNRMINNERSA,stationary,forget0.99,6.380542,0.000401,0.028861,553
ADPWINDNRMINNERSA,stationary,forget0.97,6.393282,0.000402,0.026329,553
ADPWINDNRMINNERNSA,stationary,forget1.0,4.199972,0.001990,0.008029,553
ADPWINDNRMINNERNSA,stationary,forget0.999,4.200246,0.001990,0.007667,553
ADPWINDNRMINNERNSA,stationary,forget0.99,4.214508,0.001956,0.009476,553
ADPWINDNRMINNERNSA,stationary,forget0.97,4.206788,0.001972,0.005823,553
ADPWINDOTHSRVNERNSA,stationary,forget1.0,5.010968,0.001028,0.013816,553
ADPWINDOTHSRVNERNSA,stationary,forget0.999,5.001034,0.001051,0.011031,553
ADPWINDOTHSRVNERNSA,stationary,forget0.99,4.994180,0.001044,0.012224,553
ADPWINDOTHSRVNERNSA,stationary,forget0.97,5.008412,0.001028,0.011284,553
ADPWINDOTHSRVNERSA,regime-changey,forget1.0,6.912182,0.000240,0.020289,553
ADPWINDOTHSRVNERSA,regime-changey,forget0.999,6.933305,0.000237,0.030416,553
ADPWINDOTHSRVNERSA,regime-changey,forget0.99,6.981398,0.000221,0.034647,553
ADPWINDOTHSRVNERSA,regime-changey,forget0.97,6.992187,0.000222,0.036817,553
ADPWINDPROBUSNERSA,regime-changey,forget1.0,7.293499,0.000108,0.012839,553
ADPWINDPROBUSNERSA,regime-changey,forget0.999,7.311611,0.000107,0.017432,553
ADPWINDPROBUSNERSA,regime-changey,forget0.99,7.327884,0.000104,0.015262,553
ADPWINDPROBUSNERSA,regime-changey,forget0.97,7.321683,0.000103,0.015479,553
ADPWINDPROBUSNERNSA,stationary,forget1.0,5.080690,0.000840,0.009693,553
ADPWINDPROBUSNERNSA,stationary,forget0.999,5.081713,0.000839,0.010416,553
ADPWINDPROBUSNERNSA,stationary,forget0.99,5.105540,0.000820,0.012586,553
ADPWINDPROBUSNERNSA,stationary,forget0.97,5.113828,0.000812,0.013309,553
ADPWINDTTUNERSA,regime-changey,forget1.0,6.743950,0.000180,0.007559,553
ADPWINDTTUNERSA,regime-changey,forget0.999,6.742346,0.000180,0.010561,553
ADPWINDTTUNERSA,regime-changey,forget0.99,6.737205,0.000181,0.010452,553
ADPWINDTTUNERSA,regime-changey,forget0.97,6.741976,0.000178,0.009693,553
ADPWINDTTUNERNSA,stationary,forget1.0,4.399598,0.001688,0.021157,553
ADPWINDTTUNERNSA,stationary,forget0.999,4.409972,0.001671,0.018626,553
ADPWINDTTUNERNSA,stationary,forget0.99,4.445444,0.001611,0.014539,553
ADPWINDTTUNERNSA,stationary,forget0.97,4.446612,0.001607,0.016094,553
ADPWNUSNERSA,regime-changey,forget1.0,7.920170,0.000061,0.009584,553
ADPWNUSNERSA,regime-changey,forget0.999,7.914858,0.000061,0.010416,553
ADPWNUSNERSA,regime-changey,forget0.99,7.913541,0.000061,0.013309,553
ADPWNUSNERSA,regime-changey,forget0.97,7.918016,0.000062,0.008246,553
ADPWNUSNERNSA,stationary,forget1.0,5.586382,0.000503,0.007052,553
ADPWNUSNERNSA,stationary,forget0.999,5.585749,0.000504,0.007052,553
ADPWNUSNERNSA,stationary,forget0.99,5.574692,0.000511,0.007414,553
ADPWNUSNERNSA,stationary,forget0.97,5.570971,0.000516,0.013201,553
AHECONS,stationary,forget1.0,3.854032,0.002895,0.011884,653
AHECONS,stationary,forget0.999,3.855129,0.002887,0.012894,653
AHECONS,stationary,forget0.99,3.870534,0.002833,0.010260,653
AHECONS,stationary,forget0.97,3.761879,0.003163,0.008515,653
AHEMAN,stationary,forget1.0,4.044720,0.002762,0.006862,749
AHEMAN,stationary,forget0.999,4.047768,0.002755,0.007904,749
AHEMAN,stationary,forget0.99,4.097318,0.002627,0.006836,749
AHEMAN,stationary,forget0.97,4.089809,0.002628,0.006035,749
ALLACBW027NBOG,regime-changey,forget1.0,3.660138,0.004596,0.043537,588
ALLACBW027NBOG,regime-changey,forget0.999,3.655635,0.004633,0.042517,588
ALLACBW027NBOG,regime-changey,forget0.99,3.639989,0.004808,0.041497,588
ALLACBW027NBOG,regime-changey,forget0.97,3.613440,0.004835,0.047959,588
ALLACBW027SBOG,regime-changey,forget1.0,4.029896,0.003961,0.007325,587
ALLACBW027SBOG,regime-changey,forget0.999,4.028792,0.003975,0.007666,587
ALLACBW027SBOG,regime-changey,forget0.99,4.020537,0.004036,0.007905,587
ALLACBW027SBOG,regime-changey,forget0.97,4.005564,0.003966,0.012675,587
AKCCLAIMS,stationary,forget1.0,1.740439,0.024869,0.018000,1000
AKCCLAIMS,stationary,forget0.999,1.740418,0.024870,0.018000,1000
AKCCLAIMS,stationary,forget0.99,1.726932,0.025270,0.017600,1000
AKCCLAIMS,stationary,forget0.97,1.606249,0.028300,0.014800,1000
AKINSUREDUR,stationary,forget1.0,1.390568,0.035365,0.007600,1000
AKINSUREDUR,stationary,forget0.999,1.470075,0.032930,0.019600,1000
AKINSUREDUR,stationary,forget0.99,1.537486,0.030791,0.016000,1000
AKINSUREDUR,stationary,forget0.97,1.495931,0.031979,0.013400,1000
ALCCLAIMS,stationary,forget1.0,1.448510,0.037662,0.025000,1000
ALCCLAIMS,stationary,forget0.999,1.450450,0.037599,0.024200,1000
ALCCLAIMS,stationary,forget0.99,1.435856,0.038598,0.018600,1000
ALCCLAIMS,stationary,forget0.97,1.436959,0.039168,0.015800,1000
AKICLAIMS,stationary,forget1.0,0.477049,0.086932,0.020600,1000
AKICLAIMS,stationary,forget0.999,0.478578,0.086834,0.021200,1000
AKICLAIMS,stationary,forget0.99,0.468992,0.088016,0.022600,1000
AKICLAIMS,stationary,forget0.97,0.403905,0.094188,0.016000,1000
ALLDCBW027NBOG,regime-changey,forget1.0,3.665387,0.004578,0.044218,588
ALLDCBW027NBOG,regime-changey,forget0.999,3.660888,0.004615,0.043878,588
ALLDCBW027NBOG,regime-changey,forget0.99,3.642729,0.004799,0.042517,588
ALLDCBW027NBOG,regime-changey,forget0.97,3.616262,0.004823,0.046599,588
ALINSUREDUR,stationary,forget1.0,1.589725,0.037945,0.033200,1000
ALINSUREDUR,stationary,forget0.999,1.590905,0.037851,0.031400,1000
ALINSUREDUR,stationary,forget0.99,1.575113,0.038813,0.019400,1000
ALINSUREDUR,stationary,forget0.97,1.581243,0.039351,0.014800,1000
ALICLAIMS,stationary,forget1.0,0.101225,0.125422,0.008000,1000
ALICLAIMS,stationary,forget0.999,0.110991,0.124680,0.008800,1000
ALICLAIMS,stationary,forget0.99,0.090065,0.127695,0.009600,1000
ALICLAIMS,stationary,forget0.97,0.038298,0.133177,0.008600,1000
ALLDCBW027SBOG,regime-changey,forget1.0,4.033866,0.003938,0.005170,588
ALLDCBW027SBOG,regime-changey,forget0.999,4.033308,0.003949,0.005170,588
ALLDCBW027SBOG,regime-changey,forget0.99,4.023663,0.004011,0.010884,588
ALLDCBW027SBOG,regime-changey,forget0.97,4.012545,0.003928,0.012245,588
ALLFRIW027SBOG,regime-changey,forget1.0,1.942051,0.022621,0.028776,588
ALLFRIW027SBOG,regime-changey,forget0.999,1.929323,0.022813,0.029864,588
ALLFRIW027SBOG,regime-changey,forget0.99,1.900714,0.023360,0.027755,588
ALLFRIW027SBOG,regime-changey,forget0.97,1.877834,0.024313,0.024014,588
ALLSCBW027NBOG,regime-changey,forget1.0,3.683327,0.003966,0.039048,588
ALLSCBW027NBOG,regime-changey,forget0.999,3.670771,0.004066,0.040068,588
ALLSCBW027NBOG,regime-changey,forget0.99,3.601854,0.004540,0.040884,588
ALLSCBW027NBOG,regime-changey,forget0.97,3.547298,0.004748,0.041565,588
ALLSCBW027SBOG,regime-changey,forget1.0,3.716049,0.004084,0.020816,588
ALLSCBW027SBOG,regime-changey,forget0.999,3.691822,0.004305,0.019388,588
ALLSCBW027SBOG,regime-changey,forget0.99,3.678819,0.004423,0.018707,588
ALLSCBW027SBOG,regime-changey,forget0.97,3.641589,0.004633,0.018299,588
ALTO042NAN,stationary,forget1.0,3.396610,0.005760,0.018282,582
ALTO042NAN,stationary,forget0.999,3.416080,0.005609,0.016907,582
ALTO042NAN,stationary,forget0.99,3.462621,0.005266,0.014433,582
ALTO042NAN,stationary,forget0.97,3.401254,0.005633,0.008866,582
ALNAN,stationary,forget1.0,3.752538,0.003645,0.028075,748
ALNAN,stationary,forget0.999,3.857330,0.003331,0.022674,748
ALNAN,stationary,forget0.99,3.920271,0.003060,0.018182,748
ALNAN,stationary,forget0.97,3.720873,0.003489,0.023209,748
AMBNS,regime-changey,forget1.0,3.390059,0.005926,0.011236,922
AMBNS,regime-changey,forget0.999,3.408175,0.005795,0.010195,922
AMBNS,regime-changey,forget0.99,3.356582,0.006009,0.009978,922
AMBNS,regime-changey,forget0.97,3.259542,0.006310,0.011453,922
ALLLCBW027SBOG,regime-changey,forget1.0,3.678240,0.004930,0.011200,1000
ALLLCBW027SBOG,regime-changey,forget0.999,3.660032,0.005077,0.011600,1000
ALLLCBW027SBOG,regime-changey,forget0.99,3.651152,0.005164,0.010000,1000
ALLLCBW027SBOG,regime-changey,forget0.97,3.628544,0.005190,0.012200,1000
ALLLCBW027NBOG,regime-changey,forget1.0,3.473293,0.005821,0.030400,1000
ALLLCBW027NBOG,regime-changey,forget0.999,3.468216,0.005890,0.032000,1000
ALLLCBW027NBOG,regime-changey,forget0.99,3.442218,0.006067,0.031200,1000
ALLLCBW027NBOG,regime-changey,forget0.97,3.414137,0.006178,0.033000,1000
AMBSL,regime-changey,forget1.0,3.729023,0.005448,0.006334,922
AMBSL,regime-changey,forget0.999,3.724148,0.005475,0.006117,922
AMBSL,regime-changey,forget0.99,3.734540,0.005219,0.005380,922
AMBSL,regime-changey,forget0.97,3.731804,0.005019,0.007636,922
ANFCI,regime-changey,forget1.0,3.004741,0.009742,0.012600,1000
ANFCI,regime-changey,forget0.999,3.002620,0.009753,0.011800,1000
ANFCI,regime-changey,forget0.99,3.270035,0.007257,0.012200,1000
ANFCI,regime-changey,forget0.97,3.222560,0.007133,0.009000,1000
AOLACBW027NBOG,stationary,forget1.0,3.395197,0.004699,0.012200,1000
AOLACBW027NBOG,stationary,forget0.999,3.388133,0.004732,0.011800,1000
AOLACBW027NBOG,stationary,forget0.99,3.369641,0.004806,0.013000,1000
AOLACBW027NBOG,stationary,forget0.97,3.330538,0.004994,0.009800,1000
AOLACBW027SBOG,regime-changey,forget1.0,3.754156,0.003414,0.011800,1000
AOLACBW027SBOG,regime-changey,forget0.999,3.758752,0.003416,0.009200,1000
AOLACBW027SBOG,regime-changey,forget0.99,3.747988,0.003492,0.010400,1000
AOLACBW027SBOG,regime-changey,forget0.97,3.717044,0.003608,0.007400,1000
AOLDCBW027NBOG,stationary,forget1.0,3.295125,0.005316,0.016200,1000
AOLDCBW027NBOG,stationary,forget0.999,3.288068,0.005352,0.011600,1000
AOLDCBW027NBOG,stationary,forget0.99,3.274216,0.005455,0.009600,1000
AOLDCBW027NBOG,stationary,forget0.97,3.229661,0.005727,0.006200,1000
AOLDCBW027SBOG,regime-changey,forget1.0,3.651804,0.003899,0.015800,1000
AOLDCBW027SBOG,regime-changey,forget0.999,3.661401,0.003878,0.012000,1000
AOLDCBW027SBOG,regime-changey,forget0.99,3.655961,0.003964,0.009000,1000
AOLDCBW027SBOG,regime-changey,forget0.97,3.617344,0.004167,0.007000,1000
AOLFRIW027NBOG,stationary,forget1.0,3.095024,0.006151,0.008400,1000
AOLFRIW027NBOG,stationary,forget0.999,3.092013,0.006162,0.008200,1000
AOLFRIW027NBOG,stationary,forget0.99,3.087765,0.006229,0.008200,1000
AOLFRIW027NBOG,stationary,forget0.97,3.055045,0.006410,0.008200,1000
AOLFRIW027SBOG,stationary,forget1.0,3.229488,0.005509,0.009200,1000
AOLFRIW027SBOG,stationary,forget0.999,3.227001,0.005516,0.008400,1000
AOLFRIW027SBOG,stationary,forget0.99,3.215848,0.005577,0.007200,1000
AOLFRIW027SBOG,stationary,forget0.97,3.180615,0.005751,0.006200,1000
AOLLCBW027NBOG,regime-changey,forget1.0,3.272487,0.005613,0.015000,1000
AOLLCBW027NBOG,regime-changey,forget0.999,3.264728,0.005650,0.012200,1000
AOLLCBW027NBOG,regime-changey,forget0.99,3.243420,0.005780,0.009800,1000
AOLLCBW027NBOG,regime-changey,forget0.97,3.195894,0.006122,0.008400,1000
AOLLCBW027SBOG,regime-changey,forget1.0,3.542250,0.004468,0.014200,1000
AOLLCBW027SBOG,regime-changey,forget0.999,3.541189,0.004453,0.011000,1000
AOLLCBW027SBOG,regime-changey,forget0.99,3.530354,0.004538,0.009200,1000
AOLLCBW027SBOG,regime-changey,forget0.97,3.498367,0.004794,0.007800,1000
AOLSCBW027NBOG,stationary,forget1.0,3.027625,0.006630,0.013600,1000
AOLSCBW027NBOG,stationary,forget0.999,3.029649,0.006616,0.013600,1000
AOLSCBW027NBOG,stationary,forget0.99,3.009843,0.006715,0.015000,1000
AOLSCBW027NBOG,stationary,forget0.97,2.977503,0.006936,0.016200,1000
AOLSCBW027SBOG,stationary,forget1.0,3.473126,0.004344,0.020200,1000
AOLSCBW027SBOG,stationary,forget0.999,3.478817,0.004364,0.007600,1000
AOLSCBW027SBOG,stationary,forget0.99,3.463367,0.004471,0.005400,1000
AOLSCBW027SBOG,stationary,forget0.97,3.437174,0.004591,0.004200,1000
ASBORR,stationary,forget1.0,-0.958436,0.359231,0.012879,587
ASBORR,stationary,forget0.999,-0.960038,0.359737,0.012879,587
ASBORR,stationary,forget0.99,-0.966070,0.362168,0.011857,587
ASBORR,stationary,forget0.97,-1.038017,0.393981,0.019932,587
ARNAN,stationary,forget1.0,4.018685,0.002691,0.008800,750
ARNAN,stationary,forget0.999,4.018668,0.002691,0.008533,750
ARNAN,stationary,forget0.99,4.001313,0.002770,0.008800,750
ARNAN,stationary,forget0.97,3.939817,0.002927,0.011467,750
ARCCLAIMS,stationary,forget1.0,1.349075,0.037232,0.019400,1000
ARCCLAIMS,stationary,forget0.999,1.332930,0.038136,0.017600,1000
ARCCLAIMS,stationary,forget0.99,1.321129,0.038447,0.017600,1000
ARCCLAIMS,stationary,forget0.97,1.308265,0.039040,0.015200,1000
AUSPERMITMISMEI,stationary,forget1.0,1.337216,0.036004,0.009434,530
AUSPERMITMISMEI,stationary,forget0.999,1.337021,0.036018,0.009811,530
AUSPERMITMISMEI,stationary,forget0.99,1.318918,0.036748,0.008302,530
AUSPERMITMISMEI,stationary,forget0.97,1.269068,0.038666,0.014717,530
AUSODCNPI03GPSAM,stationary,forget1.0,-3.414805,4.230976,0.008829,555
AUSODCNPI03GPSAM,stationary,forget0.999,-3.414820,4.231020,0.008829,555
AUSODCNPI03GPSAM,stationary,forget0.99,-3.429676,4.294533,0.010991,555
AUSODCNPI03GPSAM,stationary,forget0.97,-3.562068,4.925831,0.009910,555
AUSODCNPI03GYSAM,stationary,forget1.0,-3.721643,5.659789,0.013382,544
AUSODCNPI03GYSAM,stationary,forget0.999,-3.721786,5.661230,0.012500,544
AUSODCNPI03GYSAM,stationary,forget0.99,-3.741583,5.792748,0.008971,544
AUSODCNPI03GYSAM,stationary,forget0.97,-3.791394,6.098599,0.009559,544
ARICLAIMS,stationary,forget1.0,0.132271,0.119675,0.011600,1000
ARICLAIMS,stationary,forget0.999,0.131014,0.120158,0.012400,1000
ARICLAIMS,stationary,forget0.99,0.101464,0.124028,0.010200,1000
ARICLAIMS,stationary,forget0.97,0.051764,0.129684,0.009000,1000
ARINSUREDUR,stationary,forget1.0,1.395920,0.037650,0.024000,1000
ARINSUREDUR,stationary,forget0.999,1.379065,0.038389,0.019800,1000
ARINSUREDUR,stationary,forget0.99,1.372569,0.038795,0.019400,1000
ARINSUREDUR,stationary,forget0.97,1.350477,0.039348,0.018200,1000
AUSSPASTT01GYM,regime-changey,forget1.0,-3.162223,3.313000,0.009234,509
AUSSPASTT01GYM,regime-changey,forget0.999,-3.162973,3.314193,0.009234,509
AUSSPASTT01GYM,regime-changey,forget0.99,-3.185255,3.358383,0.012377,509
AUSSPASTT01GYM,regime-changey,forget0.97,-3.184736,3.368065,0.012809,509
AUSXTEXVA01CXMLM,stationary,forget1.0,1.173574,0.041104,0.016923,533
AUSXTEXVA01CXMLM,stationary,forget0.999,1.217951,0.039503,0.015422,533
AUSXTEXVA01CXMLM,stationary,forget0.99,1.329182,0.035622,0.009081,533
AUSXTEXVA01CXMLM,stationary,forget0.97,1.253477,0.038330,0.013058,533
AUSXTIMVA01CXMLM,stationary,forget1.0,1.018237,0.049185,0.016698,533
AUSXTIMVA01CXMLM,stationary,forget0.999,1.018044,0.049189,0.017448,533
AUSXTIMVA01CXMLM,stationary,forget0.99,1.023631,0.049086,0.010056,533
AUSXTIMVA01CXMLM,stationary,forget0.97,0.960869,0.052519,0.013959,533
AUTCP010000IXOBM,stationary,forget1.0,3.671418,0.003531,0.013676,506
AUTCP010000IXOBM,stationary,forget0.999,3.670099,0.003531,0.012885,506
AUTCP010000IXOBM,stationary,forget0.99,3.724334,0.003381,0.009328,506
AUTCP010000IXOBM,stationary,forget0.97,3.694994,0.003535,0.008458,506
AUTCPIALLMINMEI,stationary,forget1.0,4.509954,0.001625,0.012253,506
AUTCPIALLMINMEI,stationary,forget0.999,4.508841,0.001624,0.011462,506
AUTCPIALLMINMEI,stationary,forget0.99,4.454362,0.001703,0.008300,506
AUTCPIALLMINMEI,stationary,forget0.97,4.439203,0.001714,0.007431,506
AURUKM,regime-changey,forget1.0,3.366444,0.018534,0.017400,1000
AURUKM,regime-changey,forget0.999,3.364028,0.018448,0.018000,1000
AURUKM,regime-changey,forget0.99,3.360013,0.018380,0.021000,1000
AURUKM,regime-changey,forget0.97,3.355827,0.018287,0.021000,1000
AUTLCEAMN01GPSAM,regime-changey,forget1.0,-1.559791,1.298838,0.007138,538
AUTLCEAMN01GPSAM,regime-changey,forget0.999,-1.543048,1.290466,0.010037,538
AUTLCEAMN01GPSAM,regime-changey,forget0.99,-1.542488,1.287397,0.011227,538
AUTLCEAMN01GPSAM,regime-changey,forget0.97,-1.586758,1.330641,0.006989,538
AUTPRINTO01IXOBM,stationary,forget1.0,2.249558,0.014392,0.010476,525
AUTPRINTO01IXOBM,stationary,forget0.999,2.249561,0.014392,0.010476,525
AUTPRINTO01IXOBM,stationary,forget0.99,2.241755,0.014543,0.013143,525
AUTPRINTO01IXOBM,stationary,forget0.97,2.218787,0.014898,0.010857,525
AUTPRINTO01GPSAM,stationary,forget1.0,-2.179513,1.225806,0.011171,555
AUTPRINTO01GPSAM,stationary,forget0.999,-2.179281,1.225778,0.011532,555
AUTPRINTO01GPSAM,stationary,forget0.99,-2.188924,1.233771,0.010450,555
AUTPRINTO01GPSAM,stationary,forget0.97,-2.296002,1.345203,0.008108,555
AUTPRINTO01GYSAM,stationary,forget1.0,-2.397269,1.496089,0.011029,544
AUTPRINTO01GYSAM,stationary,forget0.999,-2.397341,1.496007,0.010809,544
AUTPRINTO01GYSAM,stationary,forget0.99,-2.409354,1.517172,0.009191,544
AUTPRINTO01GYSAM,stationary,forget0.97,-2.490799,1.659774,0.009044,544
AUINTDGT,regime-changey,forget1.0,-4.009871,13.852903,0.010000,1000
AUINTDGT,regime-changey,forget0.999,-4.030372,14.084950,0.009200,1000
AUINTDGT,regime-changey,forget0.99,-4.018253,14.217460,0.007800,1000
AUINTDGT,regime-changey,forget0.97,-4.096919,15.278159,0.014200,1000
AUTPRMNTO01GPSAM,stationary,forget1.0,-2.291259,1.387910,0.012192,543
AUTPRMNTO01GPSAM,stationary,forget0.999,-2.291205,1.387902,0.012192,543
AUTPRMNTO01GPSAM,stationary,forget0.99,-2.316753,1.402121,0.008913,543
AUTPRMNTO01GPSAM,stationary,forget0.97,-2.420037,1.547964,0.011087,543
AUTPRMNTO01GYSAM,stationary,forget1.0,-2.540487,1.745347,0.010977,532
AUTPRMNTO01GYSAM,stationary,forget0.999,-2.539343,1.744797,0.010226,532
AUTPRMNTO01GYSAM,stationary,forget0.99,-2.558863,1.787118,0.013308,532
AUTPRMNTO01GYSAM,stationary,forget0.97,-2.622959,1.913537,0.010075,532
AUTPRMNTO01IXOBM,stationary,forget1.0,2.107061,0.016665,0.009279,513
AUTPRMNTO01IXOBM,stationary,forget0.999,2.105998,0.016666,0.008889,513
AUTPRMNTO01IXOBM,stationary,forget0.99,2.099270,0.016794,0.006823,513
AUTPRMNTO01IXOBM,stationary,forget0.97,2.075228,0.017284,0.011501,513
AUSXTNTVA01CXMLM,regime-changey,forget1.0,-19.999368,723641697.736174,0.043452,533
AUSXTNTVA01CXMLM,regime-changey,forget0.999,-19.999749,725584493.480309,0.043077,533
AUSXTNTVA01CXMLM,regime-changey,forget0.99,-20.000000,903160282.458679,0.042702,533
AUSXTNTVA01CXMLM,regime-changey,forget0.97,-20.000000,932146015.337915,0.036698,533
AUTPROINDMISMEI,stationary,forget1.0,2.589123,0.010224,0.019619,525
AUTPROINDMISMEI,stationary,forget0.999,2.590247,0.010212,0.019619,525
AUTPROINDMISMEI,stationary,forget0.99,2.590915,0.010339,0.012571,525
AUTPROINDMISMEI,stationary,forget0.97,2.540466,0.010979,0.010095,525
AUTPROMANMISMEI,stationary,forget1.0,2.461890,0.011704,0.025926,513
AUTPROMANMISMEI,stationary,forget0.999,2.462538,0.011695,0.025146,513
AUTPROMANMISMEI,stationary,forget0.99,2.461597,0.011828,0.015400,513
AUTPROMANMISMEI,stationary,forget0.97,2.405840,0.012536,0.012398,513
AUTXTEXVA01CXMLM,stationary,forget1.0,1.133514,0.043285,0.009850,532
AUTXTEXVA01CXMLM,stationary,forget0.999,1.133533,0.043284,0.009850,532
AUTXTEXVA01CXMLM,stationary,forget0.99,1.126292,0.043571,0.008271,532
AUTXTEXVA01CXMLM,stationary,forget0.97,1.061580,0.046668,0.012030,532
AUTSPASTT01GYM,stationary,forget1.0,-3.617436,5.040311,0.013589,521
AUTSPASTT01GYM,stationary,forget0.999,-3.617582,5.040290,0.013589,521
AUTSPASTT01GYM,stationary,forget0.99,-3.563491,4.745359,0.009405,521
AUTSPASTT01GYM,stationary,forget0.97,-3.556327,4.685740,0.011324,521
AUTXTIMVA01CXMLM,stationary,forget1.0,1.087753,0.045505,0.013910,532
AUTXTIMVA01CXMLM,stationary,forget0.999,1.098957,0.044838,0.011278,532
AUTXTIMVA01CXMLM,stationary,forget0.99,1.115633,0.044136,0.010075,532
AUTXTIMVA01CXMLM,stationary,forget0.97,1.003483,0.049833,0.012406,532
AWOTMAN,stationary,forget1.0,3.603831,0.017007,0.073211,545
AWOTMAN,stationary,forget0.999,3.608330,0.016984,0.072477,545
AWOTMAN,stationary,forget0.99,3.582476,0.017143,0.072844,545
AWOTMAN,stationary,forget0.97,3.531977,0.017592,0.061651,545
AWHMAN,stationary,forget1.0,4.861609,0.002900,0.045020,749
AWHMAN,stationary,forget0.999,4.872611,0.002885,0.042350,749
AWHMAN,stationary,forget0.99,4.849113,0.002935,0.043151,749
AWHMAN,stationary,forget0.97,4.779835,0.003069,0.035140,749
B039RC1M027SBEA,stationary,forget1.0,3.836829,0.003170,0.007843,510
B039RC1M027SBEA,stationary,forget0.999,3.831111,0.003185,0.010196,510
B039RC1M027SBEA,stationary,forget0.99,3.827417,0.003180,0.010980,510
B039RC1M027SBEA,stationary,forget0.97,3.815960,0.003222,0.019608,510
B040RC1M027SBEA,regime-changey,forget1.0,5.101548,0.001063,0.011024,508
B040RC1M027SBEA,regime-changey,forget0.999,5.121682,0.001062,0.009055,508
B040RC1M027SBEA,regime-changey,forget0.99,5.218234,0.001061,0.015276,508
B040RC1M027SBEA,regime-changey,forget0.97,5.191672,0.001050,0.016457,508
AZNAN,stationary,forget1.0,3.891596,0.002978,0.013102,748
AZNAN,stationary,forget0.999,3.891530,0.002978,0.013102,748
AZNAN,stationary,forget0.99,3.882224,0.003063,0.007540,748
AZNAN,stationary,forget0.97,3.838986,0.003200,0.007754,748
AUTXTNTVA01CXMLM,stationary,forget1.0,-19.928690,196213019.195475,0.015038,532
AUTXTNTVA01CXMLM,stationary,forget0.999,-19.926068,194465385.466651,0.012180,532
AUTXTNTVA01CXMLM,stationary,forget0.99,-19.923611,228295248.521207,0.010602,532
AUTXTNTVA01CXMLM,stationary,forget0.97,-19.940674,252328313.658759,0.010150,532
B042RC1,regime-changey,forget1.0,-2.797066,3.466223,0.009134,508
B042RC1,regime-changey,forget0.999,-2.772502,3.440848,0.009055,508
B042RC1,regime-changey,forget0.99,-2.759017,3.486297,0.009843,508
B042RC1,regime-changey,forget0.97,-2.788488,3.596642,0.009528,508
B069RC1,regime-changey,forget1.0,3.277502,0.006022,0.014173,508
B069RC1,regime-changey,forget0.999,3.299637,0.005874,0.014961,508
B069RC1,regime-changey,forget0.99,3.371610,0.005588,0.009134,508
B069RC1,regime-changey,forget0.97,3.369442,0.005673,0.010945,508
B202RC1,regime-changey,forget1.0,4.748792,0.001241,0.004724,508
B202RC1,regime-changey,forget0.999,4.746017,0.001243,0.003543,508
B202RC1,regime-changey,forget0.99,4.749341,0.001247,0.007480,508
B202RC1,regime-changey,forget0.97,4.753809,0.001245,0.013386,508
B931RC1,regime-changey,forget1.0,2.604746,0.015738,0.014510,510
B931RC1,regime-changey,forget0.999,2.711227,0.014749,0.014510,510
B931RC1,regime-changey,forget0.99,3.026596,0.013279,0.011765,510
B931RC1,regime-changey,forget0.97,3.023477,0.013374,0.012941,510
AZCCLAIMS,regime-changey,forget1.0,1.935656,0.021504,0.014000,1000
AZCCLAIMS,regime-changey,forget0.999,1.941610,0.021283,0.014400,1000
AZCCLAIMS,regime-changey,forget0.99,1.978839,0.020884,0.016400,1000
AZCCLAIMS,regime-changey,forget0.97,1.976805,0.020692,0.016600,1000
AZICLAIMS,stationary,forget1.0,0.459025,0.088491,0.018600,1000
AZICLAIMS,stationary,forget0.999,0.459352,0.088479,0.018600,1000
AZICLAIMS,stationary,forget0.99,0.446798,0.090496,0.020200,1000
AZICLAIMS,stationary,forget0.97,0.398089,0.094799,0.017400,1000
AZINSUREDUR,regime-changey,forget1.0,2.068459,0.022061,0.009000,1000
AZINSUREDUR,regime-changey,forget0.999,2.075910,0.021784,0.010800,1000
AZINSUREDUR,regime-changey,forget0.99,2.115657,0.021302,0.013000,1000
AZINSUREDUR,regime-changey,forget0.97,2.108477,0.021149,0.014200,1000
BAA10YM,stationary,forget1.0,1.251345,0.040462,0.011765,578
BAA10YM,stationary,forget0.999,1.251571,0.040347,0.010727,578
BAA10YM,stationary,forget0.99,1.240412,0.041144,0.010381,578
BAA10YM,stationary,forget0.97,1.237870,0.041581,0.010381,578
BAKE506NAN,stationary,forget1.0,3.631107,0.003710,0.014981,534
BAKE506NAN,stationary,forget0.999,3.631131,0.003710,0.014981,534
BAKE506NAN,stationary,forget0.99,3.612026,0.003840,0.013858,534
BAKE506NAN,stationary,forget0.97,3.572771,0.003961,0.011985,534
BAAFFM,regime-changey,forget1.0,-0.312836,0.209634,0.009165,563
BAAFFM,regime-changey,forget0.999,-0.300456,0.207878,0.010835,563
BAAFFM,regime-changey,forget0.99,-0.262794,0.200377,0.007993,563
BAAFFM,regime-changey,forget0.97,-0.252424,0.197299,0.004902,563
BAA,regime-changey,forget1.0,2.586723,0.012070,0.006411,989
BAA,regime-changey,forget0.999,2.586128,0.012074,0.006208,989
BAA,regime-changey,forget0.99,2.576647,0.012125,0.010212,989
BAA,regime-changey,forget0.97,2.570124,0.012207,0.008999,989
BALT524NAN,stationary,forget1.0,3.923120,0.002991,0.008889,630
BALT524NAN,stationary,forget0.999,3.922127,0.003004,0.008571,630
BALT524NAN,stationary,forget0.99,3.889975,0.003170,0.012381,630
BALT524NAN,stationary,forget0.97,3.872834,0.003206,0.010159,630
BBUACBW027NBOG,stationary,forget1.0,1.731697,0.031889,0.014190,809
BBUACBW027NBOG,stationary,forget0.999,1.731866,0.031891,0.012954,809
BBUACBW027NBOG,stationary,forget0.99,1.708718,0.032496,0.009246,809
BBUACBW027NBOG,stationary,forget0.97,1.658349,0.033824,0.008752,809
BAA10Y,stationary,forget1.0,3.170824,0.008870,0.027000,1000
BAA10Y,stationary,forget0.999,3.168761,0.008885,0.026000,1000
BAA10Y,stationary,forget0.99,3.158086,0.008966,0.021200,1000
BAA10Y,stationary,forget0.97,3.128834,0.009169,0.018600,1000
BBUACBW027SBOG,stationary,forget1.0,1.880769,0.028720,0.007021,809
BBUACBW027SBOG,stationary,forget0.999,1.880047,0.028733,0.007021,809
BBUACBW027SBOG,stationary,forget0.99,1.858845,0.029128,0.008974,809
BBUACBW027SBOG,stationary,forget0.97,1.811245,0.030164,0.006799,809
BAAFF,stationary,forget1.0,1.628600,0.035376,0.012400,1000
BAAFF,stationary,forget0.999,1.629136,0.035352,0.012000,1000
BAAFF,stationary,forget0.99,1.603151,0.035879,0.012200,1000
BAAFF,stationary,forget0.97,1.548948,0.037171,0.012000,1000
BBUDCBW027NBOG,regime-changey,forget1.0,-3.519423,5.085139,0.009543,809
BBUDCBW027NBOG,regime-changey,forget0.999,-3.519123,5.080747,0.009295,809
BBUDCBW027NBOG,regime-changey,forget0.99,-3.538748,5.162498,0.006848,809
BBUDCBW027NBOG,regime-changey,forget0.97,-3.584493,5.377828,0.008059,809
BBUDCBW027SBOG,regime-changey,forget1.0,-3.416410,4.559803,0.012509,809
BBUDCBW027SBOG,regime-changey,forget0.999,-3.417039,4.553658,0.010779,809
BBUDCBW027SBOG,regime-changey,forget0.99,-3.430740,4.623833,0.010012,809
BBUDCBW027SBOG,regime-changey,forget0.97,-3.473832,4.807154,0.008529,809
BBUSCBW027NBOG,regime-changey,forget1.0,-2.308754,1.632982,0.011743,809
BBUSCBW027NBOG,regime-changey,forget0.999,-2.307506,1.628315,0.010260,809
BBUSCBW027NBOG,regime-changey,forget0.99,-2.328602,1.658482,0.009023,809
BBUSCBW027NBOG,regime-changey,forget0.97,-2.372681,1.729638,0.008554,809
BBULCBW027NBOG,regime-changey,forget1.0,-3.340851,4.108047,0.008010,809
BBULCBW027NBOG,regime-changey,forget0.999,-3.342319,4.110056,0.007293,809
BBULCBW027NBOG,regime-changey,forget0.99,-3.362578,4.181965,0.005266,809
BBULCBW027NBOG,regime-changey,forget0.97,-3.409735,4.386733,0.009048,809
BBULCBW027SBOG,regime-changey,forget1.0,-3.246450,3.723577,0.006551,809
BBULCBW027SBOG,regime-changey,forget0.999,-3.254326,3.742177,0.010012,809
BBULCBW027SBOG,regime-changey,forget0.99,-3.256631,3.766288,0.008480,809
BBULCBW027SBOG,regime-changey,forget0.97,-3.299327,3.930964,0.006057,809
BBUFRIW027NBOG,regime-changey,forget1.0,0.772286,0.072187,0.008600,1000
BBUFRIW027NBOG,regime-changey,forget0.999,0.748632,0.073767,0.006600,1000
BBUFRIW027NBOG,regime-changey,forget0.99,0.760877,0.073082,0.008600,1000
BBUFRIW027NBOG,regime-changey,forget0.97,0.706998,0.077292,0.007200,1000
BBUFRIW027SBOG,regime-changey,forget1.0,0.900534,0.065771,0.008000,1000
BBUFRIW027SBOG,regime-changey,forget0.999,0.900975,0.065739,0.007800,1000
BBUFRIW027SBOG,regime-changey,forget0.99,0.906599,0.065287,0.008200,1000
BBUFRIW027SBOG,regime-changey,forget0.97,0.849633,0.069023,0.007800,1000
BBUSCBW027SBOG,regime-changey,forget1.0,-2.237315,1.461847,0.011446,809
BBUSCBW027SBOG,regime-changey,forget0.999,-2.238182,1.462686,0.011718,809
BBUSCBW027SBOG,regime-changey,forget0.99,-2.257034,1.492088,0.008282,809
BBUSCBW027SBOG,regime-changey,forget0.97,-2.294277,1.552130,0.011001,809
BC0DCBW027SBOG,regime-changey,forget1.0,5.008524,0.001011,0.007600,1000
BC0DCBW027SBOG,regime-changey,forget0.999,4.996074,0.001025,0.006600,1000
BC0DCBW027SBOG,regime-changey,forget0.99,4.990348,0.001030,0.004000,1000
BC0DCBW027SBOG,regime-changey,forget0.97,4.964701,0.001069,0.004000,1000
BC0DCBW027NBOG,regime-changey,forget1.0,4.596572,0.001420,0.013200,1000
BC0DCBW027NBOG,regime-changey,forget0.999,4.590917,0.001425,0.012000,1000
BC0DCBW027NBOG,regime-changey,forget0.99,4.577069,0.001438,0.009400,1000
BC0DCBW027NBOG,regime-changey,forget0.97,4.548549,0.001493,0.009800,1000
BELCPIALLMINMEI,stationary,forget1.0,4.343148,0.001804,0.011344,543
BELCPIALLMINMEI,stationary,forget0.999,4.344145,0.001802,0.011713,543
BELCPIALLMINMEI,stationary,forget0.99,4.355061,0.001797,0.007182,543
BELCPIALLMINMEI,stationary,forget0.97,4.362728,0.001781,0.008766,543
BC0LCBW027NBOG,regime-changey,forget1.0,4.417466,0.001700,0.008400,1000
BC0LCBW027NBOG,regime-changey,forget0.999,4.411390,0.001709,0.007800,1000
BC0LCBW027NBOG,regime-changey,forget0.99,4.406419,0.001718,0.008200,1000
BC0LCBW027NBOG,regime-changey,forget0.97,4.376894,0.001784,0.006800,1000
BC0LCBW027SBOG,regime-changey,forget1.0,4.752007,0.001292,0.010200,1000
BC0LCBW027SBOG,regime-changey,forget0.999,4.759255,0.001286,0.008000,1000
BC0LCBW027SBOG,regime-changey,forget0.99,4.761760,0.001292,0.008200,1000
BC0LCBW027SBOG,regime-changey,forget0.97,4.732080,0.001342,0.008400,1000
BC0FRIW027NBOG,stationary,forget1.0,3.523998,0.003953,0.009400,1000
BC0FRIW027NBOG,stationary,forget0.999,3.529880,0.003927,0.009000,1000
BC0FRIW027NBOG,stationary,forget0.99,3.524629,0.003940,0.011000,1000
BC0FRIW027NBOG,stationary,forget0.97,3.502451,0.004012,0.006800,1000
BC0FRIW027SBOG,stationary,forget1.0,3.618330,0.003605,0.012400,1000
BC0FRIW027SBOG,stationary,forget0.999,3.628864,0.003567,0.010600,1000
BC0FRIW027SBOG,stationary,forget0.99,3.636457,0.003566,0.007000,1000
BC0FRIW027SBOG,stationary,forget0.97,3.617320,0.003627,0.006400,1000
BC0SCBW027NBOG,stationary,forget1.0,4.697358,0.001311,0.013800,1000
BC0SCBW027NBOG,stationary,forget0.999,4.699824,0.001309,0.012600,1000
BC0SCBW027NBOG,stationary,forget0.99,4.687272,0.001328,0.009200,1000
BC0SCBW027NBOG,stationary,forget0.97,4.656092,0.001371,0.008600,1000
BC0SCBW027SBOG,stationary,forget1.0,4.952059,0.001064,0.012400,1000
BC0SCBW027SBOG,stationary,forget0.999,4.952746,0.001062,0.010400,1000
BC0SCBW027SBOG,stationary,forget0.99,4.921310,0.001094,0.009800,1000
BC0SCBW027SBOG,stationary,forget0.97,4.903549,0.001118,0.006800,1000
BCPSUKM,stationary,forget1.0,3.364797,0.005138,0.008789,842
BCPSUKM,stationary,forget0.999,3.372478,0.005105,0.009549,842
BCPSUKM,stationary,forget0.99,3.371582,0.005107,0.009359,842
BCPSUKM,stationary,forget0.97,3.347951,0.005232,0.009786,842
BELPRINTO01GPSAM,regime-changey,forget1.0,-2.682465,2.001980,0.009584,553
BELPRINTO01GPSAM,regime-changey,forget0.999,-2.680374,1.997683,0.008861,553
BELPRINTO01GPSAM,regime-changey,forget0.99,-2.638492,1.918870,0.015009,553
BELPRINTO01GPSAM,regime-changey,forget0.97,-2.718929,2.082203,0.013779,553
BELPRINTO01IXOBM,stationary,forget1.0,1.589340,0.028029,0.007170,530
BELPRINTO01IXOBM,stationary,forget0.999,1.590762,0.028026,0.007170,530
BELPRINTO01IXOBM,stationary,forget0.99,1.561843,0.028905,0.007170,530
BELPRINTO01IXOBM,stationary,forget0.97,1.554142,0.029354,0.006792,530
BELPROINDMISMEI,stationary,forget1.0,2.313084,0.013649,0.012830,530
BELPROINDMISMEI,stationary,forget0.999,2.312016,0.013659,0.012830,530
BELPROINDMISMEI,stationary,forget0.99,2.270417,0.014163,0.012453,530
BELPROINDMISMEI,stationary,forget0.97,2.200687,0.015215,0.010943,530
BELPRMNTO01GYSAM,stationary,forget1.0,-2.926626,2.580266,0.012648,506
BELPRMNTO01GYSAM,stationary,forget0.999,-2.921335,2.572989,0.011621,506
BELPRMNTO01GYSAM,stationary,forget0.99,-2.937768,2.612534,0.012253,506
BELPRMNTO01GYSAM,stationary,forget0.97,-3.021599,2.846764,0.007510,506
BELPRMNTO01GPSAM,stationary,forget1.0,-2.853678,2.363858,0.007930,517
BELPRMNTO01GPSAM,stationary,forget0.999,-2.824674,2.303819,0.007544,517
BELPRMNTO01GPSAM,stationary,forget0.99,-2.756437,2.163775,0.014120,517
BELPRMNTO01GPSAM,stationary,forget0.97,-2.894661,2.459926,0.011799,517
BELPRINTO01GYSAM,regime-changey,forget1.0,-2.766174,2.254757,0.005461,542
BELPRINTO01GYSAM,regime-changey,forget0.999,-2.777692,2.279251,0.009668,542
BELPRINTO01GYSAM,regime-changey,forget0.99,-2.795864,2.316461,0.007085,542
BELPRINTO01GYSAM,regime-changey,forget0.97,-2.862777,2.476209,0.007749,542
BELSACRMISMEI,stationary,forget1.0,0.923596,0.062699,0.012713,527
BELSACRMISMEI,stationary,forget0.999,0.926091,0.062616,0.012334,527
BELSACRMISMEI,stationary,forget0.99,0.940461,0.060182,0.013852,527
BELSACRMISMEI,stationary,forget0.97,0.869353,0.063973,0.013852,527
BELSLRTCR03GPSAM,regime-changey,forget1.0,-4.008575,11.085304,0.010875,526
BELSLRTCR03GPSAM,regime-changey,forget0.999,-4.005726,11.044377,0.010875,526
BELSLRTCR03GPSAM,regime-changey,forget0.99,-3.994239,10.055067,0.014144,526
BELSLRTCR03GPSAM,regime-changey,forget0.97,-4.115989,11.369607,0.013156,526
BELXTEXVA01CXMLM,stationary,forget1.0,1.174594,0.041862,0.010827,532
BELXTEXVA01CXMLM,stationary,forget0.999,1.174122,0.041863,0.010451,532
BELXTEXVA01CXMLM,stationary,forget0.99,1.169470,0.042103,0.009774,532
BELXTEXVA01CXMLM,stationary,forget0.97,1.115851,0.044154,0.012481,532
BELSLRTCR03GYSAM,regime-changey,forget1.0,-4.239967,13.545000,0.016505,515
BELSLRTCR03GYSAM,regime-changey,forget0.999,-4.240297,13.547541,0.016505,515
BELSLRTCR03GYSAM,regime-changey,forget0.99,-4.214991,12.436264,0.011650,515
BELSLRTCR03GYSAM,regime-changey,forget0.97,-4.252401,12.088319,0.013398,515
BELXTIMVA01CXMLM,stationary,forget1.0,1.235471,0.039180,0.007293,532
BELXTIMVA01CXMLM,stationary,forget0.999,1.235978,0.039146,0.005789,532
BELXTIMVA01CXMLM,stationary,forget0.99,1.246268,0.038786,0.008722,532
BELXTIMVA01CXMLM,stationary,forget0.97,1.158872,0.042765,0.011353,532
BFOACBW027NBOG,stationary,forget1.0,2.645876,0.020146,0.010012,809
BFOACBW027NBOG,stationary,forget0.999,2.648947,0.020134,0.011001,809
BFOACBW027NBOG,stationary,forget0.99,2.635298,0.020287,0.008059,809
BFOACBW027NBOG,stationary,forget0.97,2.603727,0.020640,0.006329,809
BFODCBW027NBOG,regime-changey,forget1.0,-4.271539,11.377387,0.009048,809
BFODCBW027NBOG,regime-changey,forget0.999,-4.271958,11.384103,0.007812,809
BFODCBW027NBOG,regime-changey,forget0.99,-4.304766,11.705232,0.006106,809
BFODCBW027NBOG,regime-changey,forget0.97,-4.346593,12.127114,0.007787,809
BFODCBW027SBOG,regime-changey,forget1.0,-4.065776,9.600577,0.006279,809
BFODCBW027SBOG,regime-changey,forget0.999,-4.066901,9.634798,0.006823,809
BFODCBW027SBOG,regime-changey,forget0.99,-4.085117,9.813477,0.007268,809
BFODCBW027SBOG,regime-changey,forget0.97,-4.123682,10.113979,0.007787,809
BELXTNTVA01CXMLM,regime-changey,forget1.0,-20.000000,653053464.658574,0.034211,532
BELXTNTVA01CXMLM,regime-changey,forget0.999,-20.000000,648966489.408797,0.031654,532
BELXTNTVA01CXMLM,regime-changey,forget0.99,-20.000000,768579350.080603,0.025263,532
BELXTNTVA01CXMLM,regime-changey,forget0.97,-20.000000,799141653.014513,0.024135,532
BFOLCBW027NBOG,regime-changey,forget1.0,-4.086640,9.115569,0.012732,809
BFOLCBW027NBOG,regime-changey,forget0.999,-4.086074,9.107541,0.012485,809
BFOLCBW027NBOG,regime-changey,forget0.99,-4.119391,9.379302,0.007812,809
BFOLCBW027NBOG,regime-changey,forget0.97,-4.154641,9.690109,0.005290,809
BFOLCBW027SBOG,regime-changey,forget1.0,-3.883773,7.781522,0.004598,809
BFOLCBW027SBOG,regime-changey,forget0.999,-3.882969,7.786438,0.005810,809
BFOLCBW027SBOG,regime-changey,forget0.99,-3.906710,8.031342,0.009493,809
BFOLCBW027SBOG,regime-changey,forget0.97,-3.948023,8.277991,0.006774,809
BOGMBASE,regime-changey,forget1.0,2.948455,0.010337,0.013386,508
BOGMBASE,regime-changey,forget0.999,2.946398,0.010397,0.014173,508
BOGMBASE,regime-changey,forget0.99,3.045310,0.009009,0.010551,508
BOGMBASE,regime-changey,forget0.97,3.030533,0.009032,0.007559,508
BFOFRIW027NBOG,regime-changey,forget1.0,2.130500,0.023924,0.010800,1000
BFOFRIW027NBOG,regime-changey,forget0.999,2.130489,0.023924,0.010800,1000
BFOFRIW027NBOG,regime-changey,forget0.99,2.113828,0.024259,0.009200,1000
BFOFRIW027NBOG,regime-changey,forget0.97,2.084427,0.024792,0.009800,1000
BFOSCBW027NBOG,stationary,forget1.0,-2.983748,3.095066,0.010507,809
BFOSCBW027NBOG,stationary,forget0.999,-2.983658,3.091339,0.009518,809
BFOSCBW027NBOG,stationary,forget0.99,-3.003671,3.138710,0.006551,809
BFOSCBW027NBOG,stationary,forget0.97,-3.045058,3.251189,0.006799,809
BFOFRIW027SBOG,regime-changey,forget1.0,2.282766,0.021527,0.011200,1000
BFOFRIW027SBOG,regime-changey,forget0.999,2.283644,0.021526,0.010600,1000
BFOFRIW027SBOG,regime-changey,forget0.99,2.269693,0.021750,0.010400,1000
BFOFRIW027SBOG,regime-changey,forget0.97,2.233209,0.022331,0.007800,1000
BOGMBBM,regime-changey,forget1.0,1.498550,0.036302,0.024724,508
BOGMBBM,regime-changey,forget0.999,1.510740,0.036141,0.026693,508
BOGMBBM,regime-changey,forget0.99,1.522667,0.034939,0.021969,508
BOGMBBM,regime-changey,forget0.97,1.463905,0.036688,0.025118,508
BFOSCBW027SBOG,regime-changey,forget1.0,-2.759530,2.568513,0.010260,809
BFOSCBW027SBOG,regime-changey,forget0.999,-2.758484,2.567816,0.010235,809
BFOSCBW027SBOG,regime-changey,forget0.99,-2.767262,2.580330,0.007293,809
BFOSCBW027SBOG,regime-changey,forget0.97,-2.806209,2.666583,0.008035,809
BORROW,stationary,forget1.0,-0.724581,0.297191,0.023150,508
BORROW,stationary,forget0.999,-0.721170,0.296505,0.023937,508
BORROW,stationary,forget0.99,-0.689800,0.292483,0.018268,508
BORROW,stationary,forget0.97,-0.671219,0.290288,0.020000,508
BOGMBASEW,regime-changey,forget1.0,4.995555,0.006325,0.067200,1000
BOGMBASEW,regime-changey,forget0.999,5.009877,0.006314,0.065800,1000
BOGMBASEW,regime-changey,forget0.99,5.088566,0.006380,0.050800,1000
BOGMBASEW,regime-changey,forget0.97,5.085214,0.006538,0.038800,1000
BOGMBBMW,regime-changey,forget1.0,3.562322,0.025742,0.073400,1000
BOGMBBMW,regime-changey,forget0.999,3.585464,0.025531,0.067200,1000
BOGMBBMW,regime-changey,forget0.99,3.612606,0.026035,0.051200,1000
BOGMBBMW,regime-changey,forget0.97,3.619446,0.028377,0.028200,1000
BOWACBW027NBOG,stationary,forget1.0,2.700500,0.009065,0.006600,1000
BOWACBW027NBOG,stationary,forget0.999,2.701014,0.009063,0.006800,1000
BOWACBW027NBOG,stationary,forget0.99,2.685306,0.009188,0.008400,1000
BOWACBW027NBOG,stationary,forget0.97,2.645234,0.009544,0.007800,1000
BORROWW,regime-changey,forget1.0,1.885778,0.147031,0.053400,1000
BORROWW,regime-changey,forget0.999,1.899735,0.146988,0.048200,1000
BORROWW,regime-changey,forget0.99,1.975178,0.150736,0.031600,1000
BORROWW,regime-changey,forget0.97,1.960073,0.158335,0.032800,1000
BOWACBW027SBOG,stationary,forget1.0,2.923810,0.007297,0.007200,1000
BOWACBW027SBOG,stationary,forget0.999,2.924711,0.007291,0.007200,1000
BOWACBW027SBOG,stationary,forget0.99,2.909800,0.007358,0.006000,1000
BOWACBW027SBOG,stationary,forget0.97,2.864194,0.007688,0.007800,1000
BOWDCBW027NBOG,stationary,forget1.0,2.665172,0.009494,0.006800,1000
BOWDCBW027NBOG,stationary,forget0.999,2.661850,0.009519,0.008400,1000
BOWDCBW027NBOG,stationary,forget0.99,2.636938,0.009727,0.007800,1000
BOWDCBW027NBOG,stationary,forget0.97,2.595178,0.010132,0.006000,1000
BOWDCBW027SBOG,stationary,forget1.0,2.864952,0.007836,0.005000,1000
BOWDCBW027SBOG,stationary,forget0.999,2.863990,0.007850,0.003800,1000
BOWDCBW027SBOG,stationary,forget0.99,2.855622,0.007883,0.007400,1000
BOWDCBW027SBOG,stationary,forget0.97,2.811235,0.008196,0.009800,1000
BOWFRIW027NBOG,stationary,forget1.0,2.066611,0.017298,0.011200,1000
BOWFRIW027NBOG,stationary,forget0.999,2.067383,0.017282,0.010000,1000
BOWFRIW027NBOG,stationary,forget0.99,2.059353,0.017494,0.004800,1000
BOWFRIW027NBOG,stationary,forget0.97,2.018641,0.018405,0.005000,1000
BOWFRIW027SBOG,stationary,forget1.0,2.240922,0.014468,0.013000,1000
BOWFRIW027SBOG,stationary,forget0.999,2.244065,0.014430,0.011200,1000
BOWFRIW027SBOG,stationary,forget0.99,2.230678,0.014653,0.008600,1000
BOWFRIW027SBOG,stationary,forget0.97,2.188921,0.015437,0.006800,1000
BRMALR0101,stationary,forget1.0,4.565286,0.004016,0.045326,721
BRMALR0101,stationary,forget0.999,4.569775,0.003999,0.045603,721
BRMALR0101,stationary,forget0.99,4.564599,0.003964,0.024577,721
BRMALR0101,stationary,forget0.97,4.538564,0.004108,0.025687,721
BOWLCBW027NBOG,stationary,forget1.0,2.592032,0.010259,0.006200,1000
BOWLCBW027NBOG,stationary,forget0.999,2.592399,0.010257,0.006600,1000
BOWLCBW027NBOG,stationary,forget0.99,2.561272,0.010545,0.005000,1000
BOWLCBW027NBOG,stationary,forget0.97,2.515272,0.011016,0.008200,1000
BOWLCBW027SBOG,stationary,forget1.0,2.750338,0.008642,0.004400,1000
BOWLCBW027SBOG,stationary,forget0.999,2.750742,0.008641,0.004200,1000
BOWLCBW027SBOG,stationary,forget0.99,2.732697,0.008800,0.006000,1000
BOWLCBW027SBOG,stationary,forget0.97,2.690603,0.009177,0.007200,1000
BOWSCBW027NBOG,stationary,forget1.0,2.515059,0.011126,0.006400,1000
BOWSCBW027NBOG,stationary,forget0.999,2.501719,0.011242,0.006200,1000
BOWSCBW027NBOG,stationary,forget0.99,2.490859,0.011389,0.006600,1000
BOWSCBW027NBOG,stationary,forget0.97,2.452919,0.011812,0.005400,1000
BOWSCBW027SBOG,regime-changey,forget1.0,2.715435,0.009223,0.007200,1000
BOWSCBW027SBOG,regime-changey,forget0.999,2.713106,0.009229,0.007200,1000
BOWSCBW027SBOG,regime-changey,forget0.99,2.686087,0.009427,0.010000,1000
BOWSCBW027SBOG,regime-changey,forget0.97,2.669248,0.009626,0.010000,1000
BRMALR0102,stationary,forget1.0,4.489146,0.003887,0.052200,1000
BRMALR0102,stationary,forget0.999,4.504632,0.003835,0.037600,1000
BRMALR0102,stationary,forget0.99,4.503876,0.003853,0.023000,1000
BRMALR0102,stationary,forget0.97,4.468545,0.004000,0.017600,1000
BRMCC01,regime-changey,forget1.0,6.360031,0.001393,0.041000,1000
BRMCC01,regime-changey,forget0.999,6.368971,0.001385,0.041400,1000
BRMCC01,regime-changey,forget0.99,6.311124,0.001397,0.034800,1000
BRMCC01,regime-changey,forget0.97,6.299608,0.001402,0.037400,1000
BSCICP03USM665S,stationary,forget1.0,5.080459,0.000854,0.006463,588
BSCICP03USM665S,stationary,forget0.999,5.076237,0.000858,0.009184,588
BSCICP03USM665S,stationary,forget0.99,5.066966,0.000867,0.007755,588
BSCICP03USM665S,stationary,forget0.97,5.062048,0.000871,0.007483,588
BSCICP02USM460S,stationary,forget1.0,-2.850837,2.341243,0.013355,617
BSCICP02USM460S,stationary,forget0.999,-2.850782,2.341189,0.012058,617
BSCICP02USM460S,stationary,forget0.99,-2.865205,2.373428,0.013874,617
BSCICP02USM460S,stationary,forget0.97,-2.885294,2.423711,0.013776,617
BSOITE02USM460S,stationary,forget1.0,-3.361564,3.851306,0.009541,545
BSOITE02USM460S,stationary,forget0.999,-3.361573,3.851777,0.009541,545
BSOITE02USM460S,stationary,forget0.99,-3.380432,3.928051,0.010459,545
BSOITE02USM460S,stationary,forget0.97,-3.422301,4.082818,0.016514,545
BSPRTE02USM460S,stationary,forget1.0,-3.277541,3.524073,0.009908,545
BSPRTE02USM460S,stationary,forget0.999,-3.277919,3.524890,0.009908,545
BSPRTE02USM460S,stationary,forget0.99,-3.293862,3.584902,0.009174,545
BSPRTE02USM460S,stationary,forget0.97,-3.327595,3.706228,0.008991,545
BRMCDS0101,stationary,forget1.0,4.742012,0.010242,0.045800,1000
BRMCDS0101,stationary,forget0.999,4.770962,0.010137,0.045800,1000
BRMCDS0101,stationary,forget0.99,4.859430,0.009829,0.042400,1000
BRMCDS0101,stationary,forget0.97,4.814771,0.009918,0.042400,1000
BRMCDS0102,stationary,forget1.0,4.757870,0.007393,0.032600,1000
BRMCDS0102,stationary,forget0.999,4.807152,0.007243,0.030600,1000
BRMCDS0102,stationary,forget0.99,4.891546,0.007062,0.029800,1000
BRMCDS0102,stationary,forget0.97,4.884646,0.007101,0.030000,1000
BRMTG0101,stationary,forget1.0,2.542665,0.011006,0.009600,1000
BRMTG0101,stationary,forget0.999,2.541112,0.010992,0.007600,1000
BRMTG0101,stationary,forget0.99,2.536234,0.011095,0.007200,1000
BRMTG0101,stationary,forget0.97,2.518422,0.011286,0.006400,1000
BRMTG0102,stationary,forget1.0,2.633973,0.009998,0.012200,1000
BRMTG0102,stationary,forget0.999,2.631674,0.010041,0.010600,1000
BRMTG0102,stationary,forget0.99,2.626047,0.010108,0.006600,1000
BRMTG0102,stationary,forget0.97,2.609576,0.010296,0.004400,1000
BUSAPPWNSAAK,stationary,forget1.0,0.524490,0.125052,0.007093,767
BUSAPPWNSAAK,stationary,forget0.999,0.522504,0.125623,0.009257,767
BUSAPPWNSAAK,stationary,forget0.99,0.466803,0.131011,0.012386,767
BUSAPPWNSAAK,stationary,forget0.97,0.367812,0.141288,0.018018,767
BUSAPPWNSAAL,stationary,forget1.0,0.098263,0.136562,0.020209,767
BUSAPPWNSAAL,stationary,forget0.999,0.098384,0.136475,0.020209,767
BUSAPPWNSAAL,stationary,forget0.99,0.074924,0.139562,0.019948,767
BUSAPPWNSAAL,stationary,forget0.97,0.018739,0.146436,0.019870,767
BUSAPPWNSAAKYY,regime-changey,forget1.0,-4.891339,21.261628,0.010169,712
BUSAPPWNSAAKYY,regime-changey,forget0.999,-4.918266,21.988260,0.012416,712
BUSAPPWNSAAKYY,regime-changey,forget0.99,-4.922006,21.965477,0.011573,712
BUSAPPWNSAAKYY,regime-changey,forget0.97,-4.966389,22.139261,0.008876,712
BUSAPPWNSAALYY,regime-changey,forget1.0,-4.856321,29.696353,0.022022,712
BUSAPPWNSAALYY,regime-changey,forget0.999,-4.858602,29.884675,0.021404,712
BUSAPPWNSAALYY,regime-changey,forget0.99,-4.843386,29.104650,0.019719,712
BUSAPPWNSAALYY,regime-changey,forget0.97,-4.855362,27.537680,0.018876,712
BUSAPPWNSAAR,stationary,forget1.0,0.125373,0.132574,0.013168,767
BUSAPPWNSAAR,stationary,forget0.999,0.125348,0.132596,0.012907,767
BUSAPPWNSAAR,stationary,forget0.99,0.102648,0.135451,0.013690,767
BUSAPPWNSAAR,stationary,forget0.97,0.031568,0.143924,0.012907,767
BUSAPPWNSAARYY,regime-changey,forget1.0,-4.863608,25.365919,0.023708,712
BUSAPPWNSAARYY,regime-changey,forget0.999,-4.871934,28.512651,0.023933,712
BUSAPPWNSAARYY,regime-changey,forget0.99,-4.827930,27.546753,0.024494,712
BUSAPPWNSAARYY,regime-changey,forget0.97,-4.848612,25.368771,0.020000,712
BUSAPPWNSAAZ,stationary,forget1.0,0.316138,0.112111,0.024980,767
BUSAPPWNSAAZ,stationary,forget0.999,0.315835,0.112037,0.024902,767
BUSAPPWNSAAZ,stationary,forget0.99,0.291424,0.113841,0.028631,767
BUSAPPWNSAAZ,stationary,forget0.97,0.210229,0.122592,0.027588,767
BUSAPPWNSAAZYY,regime-changey,forget1.0,-4.586095,18.888700,0.027022,712
BUSAPPWNSAAZYY,regime-changey,forget0.999,-4.586850,19.337999,0.026742,712
BUSAPPWNSAAZYY,regime-changey,forget0.99,-4.580676,18.948098,0.026742,712
BUSAPPWNSAAZYY,regime-changey,forget0.97,-4.587470,18.339252,0.025843,712
BUSAPPWNSACA,stationary,forget1.0,0.301580,0.112822,0.023859,767
BUSAPPWNSACA,stationary,forget0.999,0.301920,0.112864,0.023781,767
BUSAPPWNSACA,stationary,forget0.99,0.292192,0.114099,0.018044,767
BUSAPPWNSACA,stationary,forget0.97,0.227177,0.120801,0.021695,767
BUSAPPWNSACO,stationary,forget1.0,0.307703,0.116765,0.021956,767
BUSAPPWNSACO,stationary,forget0.999,0.309342,0.116471,0.021252,767
BUSAPPWNSACO,stationary,forget0.99,0.278957,0.119645,0.024563,767
BUSAPPWNSACO,stationary,forget0.97,0.205257,0.127153,0.025763,767
BUSAPPWNSACAYY,regime-changey,forget1.0,-4.503748,18.535033,0.025618,712
BUSAPPWNSACAYY,regime-changey,forget0.999,-4.530863,18.928090,0.024551,712
BUSAPPWNSACAYY,regime-changey,forget0.99,-4.584333,21.168854,0.025618,712
BUSAPPWNSACAYY,regime-changey,forget0.97,-4.594624,20.723125,0.027022,712
BUSAPPWNSACOYY,regime-changey,forget1.0,-4.678020,24.573859,0.031854,712
BUSAPPWNSACOYY,regime-changey,forget0.999,-4.686356,24.814272,0.032360,712
BUSAPPWNSACOYY,regime-changey,forget0.99,-4.659692,24.564099,0.032697,712
BUSAPPWNSACOYY,regime-changey,forget0.97,-4.656082,23.068717,0.030112,712
BUSAPPWNSACT,stationary,forget1.0,0.216171,0.119211,0.018644,767
BUSAPPWNSACT,stationary,forget0.999,0.214602,0.119509,0.019166,767
BUSAPPWNSACT,stationary,forget0.99,0.190471,0.121439,0.013246,767
BUSAPPWNSACT,stationary,forget0.97,0.113489,0.129569,0.014211,767
BUSAPPWNSACTYY,regime-changey,forget1.0,-4.604434,19.705149,0.018876,712
BUSAPPWNSACTYY,regime-changey,forget0.999,-4.671757,21.933612,0.015337,712
BUSAPPWNSACTYY,regime-changey,forget0.99,-4.669410,21.675500,0.014663,712
BUSAPPWNSACTYY,regime-changey,forget0.97,-4.703489,21.314964,0.015449,712
BUSAPPWNSADC,stationary,forget1.0,0.313796,0.119393,0.008396,767
BUSAPPWNSADC,stationary,forget0.999,0.313688,0.119484,0.008396,767
BUSAPPWNSADC,stationary,forget0.99,0.293611,0.123717,0.007066,767
BUSAPPWNSADC,stationary,forget0.97,0.162339,0.136747,0.008475,767
BUSAPPWNSADCYY,regime-changey,forget1.0,-4.839457,22.258945,0.014101,712
BUSAPPWNSADCYY,regime-changey,forget0.999,-4.894216,24.634266,0.011011,712
BUSAPPWNSADCYY,regime-changey,forget0.99,-4.949196,26.009867,0.012921,712
BUSAPPWNSADCYY,regime-changey,forget0.97,-4.957049,24.450461,0.013539,712
BUSAPPWNSADE,stationary,forget1.0,0.245250,0.113020,0.011160,767
BUSAPPWNSADE,stationary,forget0.999,0.245306,0.113067,0.011421,767
BUSAPPWNSADE,stationary,forget0.99,0.226088,0.115778,0.011186,767
BUSAPPWNSADE,stationary,forget0.97,0.131298,0.126519,0.013168,767
BUSAPPWNSAFL,stationary,forget1.0,0.087596,0.133681,0.026206,767
BUSAPPWNSAFL,stationary,forget0.999,0.095725,0.132955,0.022555,767
BUSAPPWNSAFL,stationary,forget0.99,0.070574,0.136464,0.025241,767
BUSAPPWNSAFL,stationary,forget0.97,0.011715,0.144364,0.024902,767
BUSAPPWNSADEYY,regime-changey,forget1.0,-4.652818,16.601637,0.012697,712
BUSAPPWNSADEYY,regime-changey,forget0.999,-4.650592,16.406514,0.011854,712
BUSAPPWNSADEYY,regime-changey,forget0.99,-4.707082,17.254573,0.007584,712
BUSAPPWNSADEYY,regime-changey,forget0.97,-4.772481,18.030456,0.005674,712
BUSAPPWNSAGA,stationary,forget1.0,0.219523,0.121092,0.019348,767
BUSAPPWNSAGA,stationary,forget0.999,0.220516,0.120949,0.019531,767
BUSAPPWNSAGA,stationary,forget0.99,0.210009,0.123260,0.024641,767
BUSAPPWNSAGA,stationary,forget0.97,0.160493,0.129681,0.026649,767
BUSAPPWNSAFLYY,regime-changey,forget1.0,-4.866284,23.387738,0.027303,712
BUSAPPWNSAFLYY,regime-changey,forget0.999,-4.867378,23.422895,0.027584,712
BUSAPPWNSAFLYY,regime-changey,forget0.99,-4.882805,24.606322,0.026798,712
BUSAPPWNSAFLYY,regime-changey,forget0.97,-4.882342,23.276154,0.024719,712
BUSAPPWNSAGAYY,regime-changey,forget1.0,-4.650245,22.344739,0.030169,712
BUSAPPWNSAGAYY,regime-changey,forget0.999,-4.648576,22.554057,0.031573,712
BUSAPPWNSAGAYY,regime-changey,forget0.99,-4.629568,21.803496,0.027079,712
BUSAPPWNSAGAYY,regime-changey,forget0.97,-4.624223,20.893099,0.029607,712
BUSAPPWNSAHI,stationary,forget1.0,0.208931,0.118852,0.008553,767
BUSAPPWNSAHI,stationary,forget0.999,0.207819,0.119060,0.008735,767
BUSAPPWNSAHI,stationary,forget0.99,0.176778,0.122934,0.006649,767
BUSAPPWNSAHI,stationary,forget0.97,0.084960,0.132726,0.008475,767
BUSAPPWNSAIA,stationary,forget1.0,0.231109,0.121642,0.010222,767
BUSAPPWNSAIA,stationary,forget0.999,0.230060,0.121712,0.009883,767
BUSAPPWNSAIA,stationary,forget0.99,0.213706,0.123144,0.012568,767
BUSAPPWNSAIA,stationary,forget0.97,0.102379,0.136298,0.010039,767
BUSAPPWNSAHIYY,regime-changey,forget1.0,-4.641968,17.293599,0.008427,712
BUSAPPWNSAHIYY,regime-changey,forget0.999,-4.660461,17.387083,0.008427,712
BUSAPPWNSAHIYY,regime-changey,forget0.99,-4.732084,18.095860,0.011629,712
BUSAPPWNSAHIYY,regime-changey,forget0.97,-4.780722,18.849638,0.008764,712
BUSAPPWNSAID,stationary,forget1.0,0.184150,0.122563,0.010665,767
BUSAPPWNSAID,stationary,forget0.999,0.182927,0.122374,0.009283,767
BUSAPPWNSAID,stationary,forget0.99,0.153268,0.125763,0.013429,767
BUSAPPWNSAID,stationary,forget0.97,0.077143,0.134262,0.014733,767
BUSAPPWNSAIAYY,regime-changey,forget1.0,-4.876312,27.257448,0.020618,712
BUSAPPWNSAIAYY,regime-changey,forget0.999,-4.876961,29.307987,0.018371,712
BUSAPPWNSAIAYY,regime-changey,forget0.99,-4.868624,29.153473,0.018315,712
BUSAPPWNSAIAYY,regime-changey,forget0.97,-4.879678,26.415916,0.013202,712
BUSAPPWNSAIL,stationary,forget1.0,0.221403,0.121278,0.020130,767
BUSAPPWNSAIL,stationary,forget0.999,0.222499,0.120947,0.019791,767
BUSAPPWNSAIL,stationary,forget0.99,0.199901,0.123768,0.022112,767
BUSAPPWNSAIL,stationary,forget0.97,0.135505,0.130913,0.023077,767
BUSAPPWNSAIDYY,regime-changey,forget1.0,-4.822228,22.407110,0.022303,712
BUSAPPWNSAIDYY,regime-changey,forget0.999,-4.822099,23.058757,0.021966,712
BUSAPPWNSAIDYY,regime-changey,forget0.99,-4.812519,22.912769,0.018820,712
BUSAPPWNSAIDYY,regime-changey,forget0.97,-4.826938,22.510033,0.019719,712
BUSAPPWNSAILYY,regime-changey,forget1.0,-4.694051,22.233365,0.028764,712
BUSAPPWNSAILYY,regime-changey,forget0.999,-4.704084,23.117816,0.027921,712
BUSAPPWNSAILYY,regime-changey,forget0.99,-4.699400,22.748203,0.027360,712
BUSAPPWNSAILYY,regime-changey,forget0.97,-4.679243,21.120345,0.026236,712
BUSAPPWNSAIN,stationary,forget1.0,0.238892,0.119601,0.016819,767
BUSAPPWNSAIN,stationary,forget0.999,0.239855,0.119299,0.015776,767
BUSAPPWNSAIN,stationary,forget0.99,0.218055,0.122349,0.016558,767
BUSAPPWNSAIN,stationary,forget0.97,0.154690,0.129235,0.018827,767
BUSAPPWNSAINYY,regime-changey,forget1.0,-4.742083,23.602296,0.033034,712
BUSAPPWNSAINYY,regime-changey,forget0.999,-4.746950,24.715824,0.032472,712
BUSAPPWNSAINYY,regime-changey,forget0.99,-4.746739,24.254960,0.030506,712
BUSAPPWNSAINYY,regime-changey,forget0.97,-4.741292,23.001447,0.026798,712
BUSAPPWNSAKS,stationary,forget1.0,0.193381,0.123682,0.011943,767
BUSAPPWNSAKS,stationary,forget0.999,0.194020,0.123736,0.012568,767
BUSAPPWNSAKS,stationary,forget0.99,0.166856,0.126660,0.009961,767
BUSAPPWNSAKS,stationary,forget0.97,0.083590,0.135816,0.009335,767
BUSAPPWNSAKY,stationary,forget1.0,0.161056,0.128489,0.021512,767
BUSAPPWNSAKY,stationary,forget0.999,0.157590,0.128733,0.022295,767
BUSAPPWNSAKY,stationary,forget0.99,0.142203,0.130456,0.022634,767
BUSAPPWNSAKY,stationary,forget0.97,0.066421,0.138648,0.018383,767
BUSAPPWNSAKSYY,regime-changey,forget1.0,-4.881837,26.501670,0.023090,712
BUSAPPWNSAKSYY,regime-changey,forget0.999,-4.879351,27.314166,0.021798,712
BUSAPPWNSAKSYY,regime-changey,forget0.99,-4.834419,25.932248,0.021461,712
BUSAPPWNSAKSYY,regime-changey,forget0.97,-4.859847,24.703987,0.019775,712
BUSAPPWNSALA,stationary,forget1.0,0.086846,0.132743,0.015254,767
BUSAPPWNSALA,stationary,forget0.999,0.088318,0.132535,0.015515,767
BUSAPPWNSALA,stationary,forget0.99,0.064725,0.136450,0.017940,767
BUSAPPWNSALA,stationary,forget0.97,-0.001332,0.143817,0.013950,767
BUSAPPWNSAKYYY,regime-changey,forget1.0,-4.820187,27.064169,0.022247,712
BUSAPPWNSAKYYY,regime-changey,forget0.999,-4.834023,32.334667,0.021124,712
BUSAPPWNSAKYYY,regime-changey,forget0.99,-4.819955,30.837701,0.021461,712
BUSAPPWNSAKYYY,regime-changey,forget0.97,-4.816410,27.548198,0.018371,712
BUSAPPWNSALAYY,regime-changey,forget1.0,-4.837553,23.202364,0.020056,712
BUSAPPWNSALAYY,regime-changey,forget0.999,-4.843857,24.381952,0.019494,712
BUSAPPWNSALAYY,regime-changey,forget0.99,-4.813411,23.373610,0.016404,712
BUSAPPWNSALAYY,regime-changey,forget0.97,-4.827576,22.363697,0.019382,712
BUSAPPWNSAMA,stationary,forget1.0,0.258452,0.118018,0.021173,767
BUSAPPWNSAMA,stationary,forget0.999,0.256324,0.118189,0.022738,767
BUSAPPWNSAMA,stationary,forget0.99,0.225792,0.120507,0.020652,767
BUSAPPWNSAMA,stationary,forget0.97,0.145066,0.129747,0.018905,767
BUSAPPWNSAMD,stationary,forget1.0,0.238720,0.117717,0.016037,767
BUSAPPWNSAMD,stationary,forget0.999,0.237619,0.117769,0.016037,767
BUSAPPWNSAMD,stationary,forget0.99,0.209440,0.120318,0.013950,767
BUSAPPWNSAMD,stationary,forget0.97,0.151554,0.125870,0.014394,767
BUSAPPWNSAMAYY,regime-changey,forget1.0,-4.650960,25.692131,0.026180,712
BUSAPPWNSAMAYY,regime-changey,forget0.999,-4.651179,25.743625,0.028146,712
BUSAPPWNSAMAYY,regime-changey,forget0.99,-4.620087,25.134147,0.024607,712
BUSAPPWNSAMAYY,regime-changey,forget0.97,-4.634466,23.675080,0.022022,712
BUSAPPWNSAME,stationary,forget1.0,0.381639,0.121035,0.007510,767
BUSAPPWNSAME,stationary,forget0.999,0.382126,0.121054,0.007249,767
BUSAPPWNSAME,stationary,forget0.99,0.373199,0.123502,0.005606,767
BUSAPPWNSAME,stationary,forget0.97,0.257275,0.136573,0.011186,767
BUSAPPWNSAMDYY,regime-changey,forget1.0,-4.681141,21.768545,0.019494,712
BUSAPPWNSAMDYY,regime-changey,forget0.999,-4.684870,21.934963,0.019775,712
BUSAPPWNSAMDYY,regime-changey,forget0.99,-4.662700,21.228082,0.016348,712
BUSAPPWNSAMDYY,regime-changey,forget0.97,-4.678599,20.788395,0.015843,712
BUSAPPWNSAMI,stationary,forget1.0,0.164059,0.126235,0.017340,767
BUSAPPWNSAMI,stationary,forget0.999,0.165157,0.126023,0.017705,767
BUSAPPWNSAMI,stationary,forget0.99,0.145565,0.128344,0.018488,767
BUSAPPWNSAMI,stationary,forget0.97,0.089813,0.135681,0.023598,767
BUSAPPWNSAMEYY,regime-changey,forget1.0,-4.771419,19.988766,0.011798,712
BUSAPPWNSAMEYY,regime-changey,forget0.999,-4.776996,20.090561,0.013708,712
BUSAPPWNSAMEYY,regime-changey,forget0.99,-4.853643,20.749353,0.009045,712
BUSAPPWNSAMEYY,regime-changey,forget0.97,-4.910959,21.499299,0.007303,712
BUSAPPWNSAMIYY,regime-changey,forget1.0,-4.705712,21.150946,0.025674,712
BUSAPPWNSAMIYY,regime-changey,forget0.999,-4.715028,22.375599,0.021966,712
BUSAPPWNSAMIYY,regime-changey,forget0.99,-4.673770,21.643211,0.021685,712
BUSAPPWNSAMIYY,regime-changey,forget0.97,-4.671205,20.254886,0.023315,712
BUSAPPWNSAMN,stationary,forget1.0,0.285910,0.114786,0.015854,767
BUSAPPWNSAMN,stationary,forget0.999,0.285538,0.114546,0.014993,767
BUSAPPWNSAMN,stationary,forget0.99,0.267226,0.116702,0.017601,767
BUSAPPWNSAMN,stationary,forget0.97,0.202308,0.124274,0.016219,767
BUSAPPWNSAMNYY,regime-changey,forget1.0,-4.649151,21.206706,0.022303,712
BUSAPPWNSAMNYY,regime-changey,forget0.999,-4.637488,21.236496,0.022809,712
BUSAPPWNSAMNYY,regime-changey,forget0.99,-4.590545,20.443233,0.021180,712
BUSAPPWNSAMNYY,regime-changey,forget0.97,-4.609224,19.555708,0.017528,712
BUSAPPWNSAMO,stationary,forget1.0,0.268724,0.118588,0.014993,767
BUSAPPWNSAMO,stationary,forget0.999,0.265989,0.118906,0.016037,767
BUSAPPWNSAMO,stationary,forget0.99,0.241469,0.122083,0.017340,767
BUSAPPWNSAMO,stationary,forget0.97,0.174983,0.129607,0.019609,767
BUSAPPWNSAMS,stationary,forget1.0,0.098279,0.134568,0.015437,767
BUSAPPWNSAMS,stationary,forget0.999,0.097339,0.134302,0.014654,767
BUSAPPWNSAMS,stationary,forget0.99,0.080077,0.137026,0.013950,767
BUSAPPWNSAMS,stationary,forget0.97,0.022399,0.143691,0.012725,767
BUSAPPWNSAMOYY,regime-changey,forget1.0,-4.708502,22.746244,0.029551,712
BUSAPPWNSAMOYY,regime-changey,forget0.999,-4.725146,24.744451,0.028989,712
BUSAPPWNSAMOYY,regime-changey,forget0.99,-4.706432,24.395656,0.032360,712
BUSAPPWNSAMOYY,regime-changey,forget0.97,-4.707684,22.790489,0.026180,712
BUSAPPWNSAMSYY,regime-changey,forget1.0,-4.826650,23.443321,0.022022,712
BUSAPPWNSAMSYY,regime-changey,forget0.999,-4.831161,24.845013,0.021124,712
BUSAPPWNSAMSYY,regime-changey,forget0.99,-4.817467,24.365698,0.020337,712
BUSAPPWNSAMSYY,regime-changey,forget0.97,-4.842178,23.387550,0.022472,712
BUSAPPWNSAMT,stationary,forget1.0,0.368976,0.120027,0.010300,767
BUSAPPWNSAMT,stationary,forget0.999,0.367839,0.120276,0.009700,767
BUSAPPWNSAMT,stationary,forget0.99,0.339643,0.122161,0.006310,767
BUSAPPWNSAMT,stationary,forget0.97,0.234591,0.133337,0.007353,767
BUSAPPWNSAMW,stationary,forget1.0,0.298685,0.115184,0.028735,767
BUSAPPWNSAMW,stationary,forget0.999,0.299020,0.115094,0.028996,767
BUSAPPWNSAMW,stationary,forget0.99,0.286272,0.117207,0.030300,767
BUSAPPWNSAMW,stationary,forget0.97,0.228851,0.124252,0.035932,767
BUSAPPWNSAMTYY,regime-changey,forget1.0,-4.911296,23.849923,0.016910,712
BUSAPPWNSAMTYY,regime-changey,forget0.999,-4.897081,23.778366,0.016629,712
BUSAPPWNSAMTYY,regime-changey,forget0.99,-4.852445,23.044101,0.012640,712
BUSAPPWNSAMTYY,regime-changey,forget0.97,-4.880241,22.017472,0.009831,712
BUSAPPWNSANC,stationary,forget1.0,0.233175,0.123247,0.021512,767
BUSAPPWNSANC,stationary,forget0.999,0.236492,0.122978,0.022034,767
BUSAPPWNSANC,stationary,forget0.99,0.223858,0.124961,0.025163,767
BUSAPPWNSANC,stationary,forget0.97,0.166829,0.132607,0.024042,767
BUSAPPWNSAMWYY,regime-changey,forget1.0,-4.570575,21.918201,0.037753,712
BUSAPPWNSAMWYY,regime-changey,forget0.999,-4.574089,22.410440,0.035281,712
BUSAPPWNSAMWYY,regime-changey,forget0.99,-4.556450,21.908293,0.036067,712
BUSAPPWNSAMWYY,regime-changey,forget0.97,-4.535786,20.173102,0.034663,712
BUSAPPWNSANCYY,regime-changey,forget1.0,-4.692944,27.044197,0.025674,712
BUSAPPWNSANCYY,regime-changey,forget0.999,-4.697451,27.262173,0.025674,712
BUSAPPWNSANCYY,regime-changey,forget0.99,-4.668014,26.006471,0.027921,712
BUSAPPWNSANCYY,regime-changey,forget0.97,-4.650219,23.605621,0.024551,712
BUSAPPWNSAND,stationary,forget1.0,0.286865,0.129837,0.010561,767
BUSAPPWNSAND,stationary,forget0.999,0.286796,0.129860,0.010300,767
BUSAPPWNSAND,stationary,forget0.99,0.276599,0.134083,0.009335,767
BUSAPPWNSAND,stationary,forget0.97,0.167485,0.147703,0.015854,767
BUSAPPWNSANE,stationary,forget1.0,0.287942,0.117995,0.012386,767
BUSAPPWNSANE,stationary,forget0.999,0.288816,0.118098,0.013690,767
BUSAPPWNSANE,stationary,forget0.99,0.273419,0.120869,0.010743,767
BUSAPPWNSANE,stationary,forget0.97,0.184454,0.131884,0.006232,767
BUSAPPWNSANDYY,regime-changey,forget1.0,-4.823255,20.576147,0.011292,712
BUSAPPWNSANDYY,regime-changey,forget0.999,-4.823358,20.582930,0.011011,712
BUSAPPWNSANDYY,regime-changey,forget0.99,-4.881836,21.537873,0.008483,712
BUSAPPWNSANDYY,regime-changey,forget0.97,-4.959972,22.388756,0.008258,712
BUSAPPWNSANER,stationary,forget1.0,0.323920,0.113800,0.028814,767
BUSAPPWNSANER,stationary,forget0.999,0.323067,0.113995,0.029335,767
BUSAPPWNSANER,stationary,forget0.99,0.309934,0.115715,0.029074,767
BUSAPPWNSANER,stationary,forget0.97,0.240903,0.122885,0.033168,767
BUSAPPWNSANERYY,regime-changey,forget1.0,-4.488617,22.289168,0.031798,712
BUSAPPWNSANERYY,regime-changey,forget0.999,-4.488347,22.251105,0.031517,712
BUSAPPWNSANERYY,regime-changey,forget0.99,-4.461345,21.769526,0.032079,712
BUSAPPWNSANERYY,regime-changey,forget0.97,-4.468259,20.773779,0.033764,712
BUSAPPWNSANEYY,regime-changey,forget1.0,-4.782899,23.837908,0.014663,712
BUSAPPWNSANEYY,regime-changey,forget0.999,-4.792092,23.966375,0.013258,712
BUSAPPWNSANEYY,regime-changey,forget0.99,-4.813258,24.259527,0.016011,712
BUSAPPWNSANEYY,regime-changey,forget0.97,-4.864588,24.036195,0.017416,712
BUSAPPWNSANH,stationary,forget1.0,0.240267,0.126268,0.009778,767
BUSAPPWNSANH,stationary,forget0.999,0.240223,0.126324,0.009518,767
BUSAPPWNSANH,stationary,forget0.99,0.217660,0.129873,0.006128,767
BUSAPPWNSANH,stationary,forget0.97,0.101639,0.142861,0.008735,767
BUSAPPWNSANJ,stationary,forget1.0,0.279091,0.118859,0.025163,767
BUSAPPWNSANJ,stationary,forget0.999,0.279374,0.118791,0.026728,767
BUSAPPWNSANJ,stationary,forget0.99,0.263170,0.120367,0.024120,767
BUSAPPWNSANJ,stationary,forget0.97,0.193873,0.127261,0.024381,767
BUSAPPWNSANHYY,regime-changey,forget1.0,-4.818530,20.318492,0.010618,712
BUSAPPWNSANHYY,regime-changey,forget0.999,-4.819563,20.331308,0.010112,712
BUSAPPWNSANHYY,regime-changey,forget0.99,-4.898102,20.713246,0.008427,712
BUSAPPWNSANHYY,regime-changey,forget0.97,-4.967299,21.434973,0.007022,712
BUSAPPWNSANJYY,regime-changey,forget1.0,-4.577157,24.994186,0.027303,712
BUSAPPWNSANJYY,regime-changey,forget0.999,-4.568553,24.877390,0.028146,712
BUSAPPWNSANJYY,regime-changey,forget0.99,-4.558527,24.343876,0.026742,712
BUSAPPWNSANJYY,regime-changey,forget0.97,-4.569127,23.535596,0.027865,712
BUSAPPWNSANM,stationary,forget1.0,0.172519,0.126607,0.009518,767
BUSAPPWNSANM,stationary,forget0.999,0.171465,0.126659,0.007771,767
BUSAPPWNSANM,stationary,forget0.99,0.139348,0.130159,0.007692,767
BUSAPPWNSANM,stationary,forget0.97,0.063275,0.138473,0.009335,767
BUSAPPWNSANV,stationary,forget1.0,0.292632,0.113619,0.016636,767
BUSAPPWNSANV,stationary,forget0.999,0.290774,0.113867,0.017158,767
BUSAPPWNSANV,stationary,forget0.99,0.265048,0.116258,0.016037,767
BUSAPPWNSANV,stationary,forget0.97,0.190263,0.125232,0.021512,767
BUSAPPWNSANMYY,regime-changey,forget1.0,-4.878241,23.112417,0.018820,712
BUSAPPWNSANMYY,regime-changey,forget0.999,-4.882432,25.733839,0.017135,712
BUSAPPWNSANMYY,regime-changey,forget0.99,-4.854360,25.121994,0.014888,712
BUSAPPWNSANMYY,regime-changey,forget0.97,-4.895505,24.200008,0.013820,712
BUSAPPWNSANY,stationary,forget1.0,0.292796,0.116224,0.024459,767
BUSAPPWNSANY,stationary,forget0.999,0.290592,0.116609,0.023937,767
BUSAPPWNSANY,stationary,forget0.99,0.273630,0.118980,0.023781,767
BUSAPPWNSANY,stationary,forget0.97,0.208000,0.126010,0.030639,767
BUSAPPWNSANVYY,regime-changey,forget1.0,-4.679897,21.805863,0.022079,712
BUSAPPWNSANVYY,regime-changey,forget0.999,-4.675306,21.892659,0.022079,712
BUSAPPWNSANVYY,regime-changey,forget0.99,-4.668019,21.791304,0.022303,712
BUSAPPWNSANVYY,regime-changey,forget0.97,-4.692182,21.257193,0.019775,712
BUSAPPWNSAOH,stationary,forget1.0,0.207966,0.121976,0.019348,767
BUSAPPWNSAOH,stationary,forget0.999,0.211680,0.121432,0.018044,767
BUSAPPWNSAOH,stationary,forget0.99,0.196068,0.123451,0.021512,767
BUSAPPWNSAOH,stationary,forget0.97,0.132968,0.131267,0.021773,767
BUSAPPWNSANYYY,regime-changey,forget1.0,-4.556935,22.665787,0.029607,712
BUSAPPWNSANYYY,regime-changey,forget0.999,-4.553259,22.640938,0.029326,712
BUSAPPWNSANYYY,regime-changey,forget0.99,-4.532236,22.216483,0.028202,712
BUSAPPWNSANYYY,regime-changey,forget0.97,-4.544894,21.231847,0.030730,712
BUSAPPWNSAOK,stationary,forget1.0,0.158531,0.127224,0.015072,767
BUSAPPWNSAOK,stationary,forget0.999,0.155682,0.127582,0.013585,767
BUSAPPWNSAOK,stationary,forget0.99,0.133067,0.130160,0.015593,767
BUSAPPWNSAOK,stationary,forget0.97,0.064154,0.137846,0.015332,767
BUSAPPWNSAOHYY,regime-changey,forget1.0,-4.692221,21.751133,0.023933,712
BUSAPPWNSAOHYY,regime-changey,forget0.999,-4.695606,22.077330,0.023933,712
BUSAPPWNSAOHYY,regime-changey,forget0.99,-4.685462,22.972619,0.023146,712
BUSAPPWNSAOHYY,regime-changey,forget0.97,-4.681920,21.496156,0.020843,712
BUSAPPWNSAOR,stationary,forget1.0,0.196110,0.117009,0.011082,767
BUSAPPWNSAOR,stationary,forget0.999,0.196293,0.116836,0.011160,767
BUSAPPWNSAOR,stationary,forget0.99,0.182458,0.119736,0.016480,767
BUSAPPWNSAOR,stationary,forget0.97,0.103251,0.128824,0.015515,767
BUSAPPWNSAOKYY,regime-changey,forget1.0,-4.780984,22.988181,0.019157,712
BUSAPPWNSAOKYY,regime-changey,forget0.999,-4.792367,24.393086,0.018596,712
BUSAPPWNSAOKYY,regime-changey,forget0.99,-4.758144,23.477093,0.018034,712
BUSAPPWNSAOKYY,regime-changey,forget0.97,-4.766693,22.705352,0.017809,712
BUSAPPWNSAPA,stationary,forget1.0,0.228126,0.120494,0.020209,767
BUSAPPWNSAPA,stationary,forget0.999,0.226577,0.120702,0.020391,767
BUSAPPWNSAPA,stationary,forget0.99,0.206394,0.123016,0.019166,767
BUSAPPWNSAPA,stationary,forget0.97,0.132295,0.131144,0.022034,767
BUSAPPWNSAORYY,regime-changey,forget1.0,-4.682917,17.858974,0.018876,712
BUSAPPWNSAORYY,regime-changey,forget0.999,-4.703860,18.226648,0.014663,712
BUSAPPWNSAORYY,regime-changey,forget0.99,-4.673789,17.711248,0.013202,712
BUSAPPWNSAORYY,regime-changey,forget0.97,-4.682774,17.507292,0.014326,712
BUSAPPWNSAPAYY,regime-changey,forget1.0,-4.681735,22.485123,0.024270,712
BUSAPPWNSAPAYY,regime-changey,forget0.999,-4.691599,23.916030,0.023989,712
BUSAPPWNSAPAYY,regime-changey,forget0.99,-4.674731,23.205436,0.020899,712
BUSAPPWNSAPAYY,regime-changey,forget0.97,-4.682217,22.332004,0.021180,712
BUSAPPWNSARI,stationary,forget1.0,0.396402,0.123533,0.008136,767
BUSAPPWNSARI,stationary,forget0.999,0.396026,0.123625,0.009518,767
BUSAPPWNSARI,stationary,forget0.99,0.365078,0.127401,0.017862,767
BUSAPPWNSARI,stationary,forget0.97,0.278792,0.137205,0.016819,767
BUSAPPWNSAS,stationary,forget1.0,0.262390,0.119625,0.029257,767
BUSAPPWNSAS,stationary,forget0.999,0.263306,0.119586,0.028553,767
BUSAPPWNSAS,stationary,forget0.99,0.247252,0.121671,0.030821,767
BUSAPPWNSAS,stationary,forget0.97,0.189217,0.128907,0.032386,767
BUSAPPWNSARIYY,regime-changey,forget1.0,-4.932010,23.947384,0.011854,712
BUSAPPWNSARIYY,regime-changey,forget0.999,-4.937218,24.177843,0.011011,712
BUSAPPWNSARIYY,regime-changey,forget0.99,-4.922260,23.647184,0.012528,712
BUSAPPWNSARIYY,regime-changey,forget0.97,-4.951653,22.934681,0.009775,712
BUSAPPWNSASC,stationary,forget1.0,0.143805,0.132085,0.020991,767
BUSAPPWNSASC,stationary,forget0.999,0.143347,0.132035,0.020730,767
BUSAPPWNSASC,stationary,forget0.99,0.119748,0.134658,0.022295,767
BUSAPPWNSASC,stationary,forget0.97,0.049242,0.143920,0.021173,767
BUSAPPWNSASCYY,regime-changey,forget1.0,-4.848790,26.042536,0.028708,712
BUSAPPWNSASCYY,regime-changey,forget0.999,-4.836110,27.408431,0.029045,712
BUSAPPWNSASCYY,regime-changey,forget0.99,-4.812227,26.597266,0.024719,712
BUSAPPWNSASCYY,regime-changey,forget0.97,-4.824716,25.523374,0.023876,712
BUSAPPWNSASD,stationary,forget1.0,0.299621,0.124088,0.007171,767
BUSAPPWNSASD,stationary,forget0.999,0.299533,0.124101,0.007953,767
BUSAPPWNSASD,stationary,forget0.99,0.271629,0.128922,0.011239,767
BUSAPPWNSASD,stationary,forget0.97,0.149068,0.142806,0.015515,767
BUSAPPWNSASDYY,regime-changey,forget1.0,-4.812793,21.347776,0.012135,712
BUSAPPWNSASDYY,regime-changey,forget0.999,-4.817033,21.358027,0.010169,712
BUSAPPWNSASDYY,regime-changey,forget0.99,-4.894790,22.923599,0.008483,712
BUSAPPWNSASDYY,regime-changey,forget0.97,-4.947299,23.239400,0.010169,712
BUSAPPWNSATN,stationary,forget1.0,0.162384,0.126803,0.022816,767
BUSAPPWNSATN,stationary,forget0.999,0.163318,0.127206,0.019687,767
BUSAPPWNSATN,stationary,forget0.99,0.150119,0.129470,0.021069,767
BUSAPPWNSATN,stationary,forget0.97,0.093843,0.136097,0.021512,767
BUSAPPWNSASYY,regime-changey,forget1.0,-4.605393,23.502026,0.034045,712
BUSAPPWNSASYY,regime-changey,forget0.999,-4.603819,23.629787,0.033820,712
BUSAPPWNSASYY,regime-changey,forget0.99,-4.594602,23.103851,0.030787,712
BUSAPPWNSASYY,regime-changey,forget0.97,-4.580297,21.464000,0.032865,712
BUSAPPWNSATX,stationary,forget1.0,0.199774,0.124690,0.025085,767
BUSAPPWNSATX,stationary,forget0.999,0.197526,0.125040,0.024563,767
BUSAPPWNSATX,stationary,forget0.99,0.178525,0.127939,0.022112,767
BUSAPPWNSATX,stationary,forget0.97,0.115402,0.136355,0.021330,767
BUSAPPWNSATNYY,regime-changey,forget1.0,-4.799124,25.325788,0.027978,712
BUSAPPWNSATNYY,regime-changey,forget0.999,-4.818636,28.843308,0.027640,712
BUSAPPWNSATNYY,regime-changey,forget0.99,-4.785722,27.456534,0.024551,712
BUSAPPWNSATNYY,regime-changey,forget0.97,-4.791619,25.148523,0.023427,712
BUSAPPWNSATXYY,regime-changey,forget1.0,-4.724551,24.914110,0.025337,712
BUSAPPWNSATXYY,regime-changey,forget0.999,-4.730103,25.181756,0.024494,712
BUSAPPWNSATXYY,regime-changey,forget0.99,-4.711097,24.687370,0.020843,712
BUSAPPWNSATXYY,regime-changey,forget0.97,-4.715525,23.536199,0.023090,712
BUSAPPWNSAUS,stationary,forget1.0,0.329012,0.113315,0.032647,767
BUSAPPWNSAUS,stationary,forget0.999,0.328441,0.113475,0.031343,767
BUSAPPWNSAUS,stationary,forget0.99,0.316096,0.115124,0.034289,767
BUSAPPWNSAUS,stationary,forget0.97,0.254709,0.122170,0.039687,767
BUSAPPWNSAUT,stationary,forget1.0,0.269927,0.112924,0.017080,767
BUSAPPWNSAUT,stationary,forget0.999,0.267980,0.113055,0.017340,767
BUSAPPWNSAUT,stationary,forget0.99,0.233456,0.116774,0.021851,767
BUSAPPWNSAUT,stationary,forget0.97,0.133430,0.128407,0.021512,767
BUSAPPWNSAUSYY,regime-changey,forget1.0,-4.502944,21.373137,0.036685,712
BUSAPPWNSAUSYY,regime-changey,forget0.999,-4.498671,21.393852,0.035562,712
BUSAPPWNSAUSYY,regime-changey,forget0.99,-4.477930,21.022707,0.035506,712
BUSAPPWNSAUSYY,regime-changey,forget0.97,-4.477619,19.679437,0.036573,712
BUSAPPWNSAVA,stationary,forget1.0,0.222708,0.121713,0.021956,767
BUSAPPWNSAVA,stationary,forget0.999,0.224099,0.121643,0.021434,767
BUSAPPWNSAVA,stationary,forget0.99,0.211661,0.123713,0.023781,767
BUSAPPWNSAVA,stationary,forget0.97,0.154971,0.130489,0.027692,767
BUSAPPWNSAUTYY,regime-changey,forget1.0,-4.671146,23.146192,0.021404,712
BUSAPPWNSAUTYY,regime-changey,forget0.999,-4.675745,23.484192,0.020281,712
BUSAPPWNSAUTYY,regime-changey,forget0.99,-4.646205,22.476375,0.021742,712
BUSAPPWNSAUTYY,regime-changey,forget0.97,-4.645901,20.815115,0.020899,712
BUSAPPWNSAVAYY,regime-changey,forget1.0,-4.729594,25.348872,0.032978,712
BUSAPPWNSAVAYY,regime-changey,forget0.999,-4.723020,27.001476,0.029551,712
BUSAPPWNSAVAYY,regime-changey,forget0.99,-4.712101,26.362947,0.030169,712
BUSAPPWNSAVAYY,regime-changey,forget0.97,-4.718634,24.143986,0.030112,712
BUSAPPWNSAVT,stationary,forget1.0,0.411848,0.130660,0.005606,767
BUSAPPWNSAVT,stationary,forget0.999,0.411979,0.130655,0.005606,767
BUSAPPWNSAVT,stationary,forget0.99,0.395347,0.134997,0.012907,767
BUSAPPWNSAVT,stationary,forget0.97,0.280836,0.147504,0.019583,767
BUSAPPWNSAW,stationary,forget1.0,0.389468,0.105989,0.030039,767
BUSAPPWNSAW,stationary,forget0.999,0.387717,0.106211,0.029257,767
BUSAPPWNSAW,stationary,forget0.99,0.373934,0.108742,0.030561,767
BUSAPPWNSAW,stationary,forget0.97,0.298916,0.115848,0.036297,767
BUSAPPWNSAVTYY,regime-changey,forget1.0,-4.801852,19.347044,0.010955,712
BUSAPPWNSAVTYY,regime-changey,forget0.999,-4.797154,18.980714,0.010674,712
BUSAPPWNSAVTYY,regime-changey,forget0.99,-4.841394,19.938473,0.007472,712
BUSAPPWNSAVTYY,regime-changey,forget0.97,-4.942941,21.645583,0.006798,712
BUSAPPWNSAWA,stationary,forget1.0,0.233823,0.116726,0.014550,767
BUSAPPWNSAWA,stationary,forget0.999,0.233380,0.116759,0.015332,767
BUSAPPWNSAWA,stationary,forget0.99,0.215287,0.119724,0.014733,767
BUSAPPWNSAWA,stationary,forget0.97,0.137125,0.128184,0.020130,767
BUSAPPWNSAWAYY,regime-changey,forget1.0,-4.636117,17.587631,0.017247,712
BUSAPPWNSAWAYY,regime-changey,forget0.999,-4.659762,17.864327,0.018371,712
BUSAPPWNSAWAYY,regime-changey,forget0.99,-4.652381,17.727104,0.016348,712
BUSAPPWNSAWAYY,regime-changey,forget0.97,-4.668126,17.556224,0.017753,712
BUSAPPWNSAWI,stationary,forget1.0,0.230441,0.122874,0.015854,767
BUSAPPWNSAWI,stationary,forget0.999,0.229852,0.122810,0.015593,767
BUSAPPWNSAWI,stationary,forget0.99,0.207208,0.125970,0.018201,767
BUSAPPWNSAWI,stationary,forget0.97,0.128410,0.134549,0.016480,767
BUSAPPWNSAWIYY,regime-changey,forget1.0,-4.778548,24.433257,0.027528,712
BUSAPPWNSAWIYY,regime-changey,forget0.999,-4.786726,26.739839,0.026798,712
BUSAPPWNSAWIYY,regime-changey,forget0.99,-4.747447,25.815875,0.024157,712
BUSAPPWNSAWIYY,regime-changey,forget0.97,-4.750373,24.133533,0.023146,712
BUSAPPWNSAWV,stationary,forget1.0,0.336033,0.124595,0.015411,767
BUSAPPWNSAWV,stationary,forget0.999,0.336677,0.124744,0.016454,767
BUSAPPWNSAWV,stationary,forget0.99,0.306820,0.128952,0.010900,767
BUSAPPWNSAWV,stationary,forget0.97,0.198657,0.140056,0.010900,767
BUSAPPWNSAWVYY,regime-changey,forget1.0,-4.738833,20.988651,0.013202,712
BUSAPPWNSAWVYY,regime-changey,forget0.999,-4.748422,20.863017,0.012921,712
BUSAPPWNSAWVYY,regime-changey,forget0.99,-4.861582,22.282976,0.011180,712
BUSAPPWNSAWVYY,regime-changey,forget0.97,-4.898982,22.169650,0.009831,712
BUSAPPWNSAWY,regime-changey,forget1.0,0.350862,0.107680,0.011265,767
BUSAPPWNSAWY,regime-changey,forget0.999,0.351252,0.107748,0.011265,767
BUSAPPWNSAWY,regime-changey,forget0.99,0.337717,0.111406,0.006832,767
BUSAPPWNSAWY,regime-changey,forget0.97,0.242043,0.123115,0.006232,767
BUSAPPWNSAWYY,regime-changey,forget1.0,-4.477908,18.705324,0.037472,712
BUSAPPWNSAWYY,regime-changey,forget0.999,-4.480392,18.889855,0.035787,712
BUSAPPWNSAWYY,regime-changey,forget0.99,-4.467696,18.628995,0.033315,712
BUSAPPWNSAWYY,regime-changey,forget0.97,-4.474740,18.029587,0.034045,712
BUSLOANS,regime-changey,forget1.0,3.654702,0.003814,0.005972,653
BUSLOANS,regime-changey,forget0.999,3.663354,0.003766,0.006677,653
BUSLOANS,regime-changey,forget0.99,3.660801,0.003776,0.010260,653
BUSLOANS,regime-changey,forget0.97,3.661683,0.003762,0.007412,653
BUSAPPWNSAWYYY,regime-changey,forget1.0,-4.805088,21.678817,0.014157,712
BUSAPPWNSAWYYY,regime-changey,forget0.999,-4.823392,21.972721,0.013820,712
BUSAPPWNSAWYYY,regime-changey,forget0.99,-4.825558,22.106627,0.011854,712
BUSAPPWNSAWYYY,regime-changey,forget0.97,-4.875132,22.557440,0.012079,712
BUSLOANSNSA,stationary,forget1.0,3.419319,0.004661,0.010352,653
BUSLOANSNSA,stationary,forget0.999,3.412560,0.004685,0.010658,653
BUSLOANSNSA,stationary,forget0.99,3.417680,0.004633,0.010444,653
BUSLOANSNSA,stationary,forget0.97,3.433742,0.004581,0.008208,653
CANCP040100IXOBM,regime-changey,forget1.0,5.357418,0.001112,0.019088,614
CANCP040100IXOBM,regime-changey,forget0.999,5.354927,0.001113,0.020000,614
CANCP040100IXOBM,regime-changey,forget0.99,5.368861,0.001059,0.017134,614
CANCP040100IXOBM,regime-changey,forget0.97,5.356850,0.001054,0.014658,614
CANCP040100GYM,regime-changey,forget1.0,0.447964,0.115252,0.023987,602
CANCP040100GYM,regime-changey,forget0.999,0.447245,0.115200,0.023654,602
CANCP040100GYM,regime-changey,forget0.99,0.441753,0.115718,0.024585,602
CANCP040100GYM,regime-changey,forget0.97,0.410265,0.118994,0.020532,602
CANAN,stationary,forget1.0,4.263162,0.002271,0.007637,749
CANAN,stationary,forget0.999,4.263211,0.002271,0.007637,749
CANAN,stationary,forget0.99,4.242393,0.002463,0.009453,749
CANAN,stationary,forget0.97,4.246462,0.002376,0.010307,749
CANCP040200IXOBM,regime-changey,forget1.0,4.585526,0.001793,0.024951,614
CANCP040200IXOBM,regime-changey,forget0.999,4.593713,0.001776,0.023974,614
CANCP040200IXOBM,regime-changey,forget0.99,4.618500,0.001721,0.024300,614
CANCP040200IXOBM,regime-changey,forget0.97,4.608319,0.001733,0.022671,614
CANCP040200GYM,stationary,forget1.0,-0.276449,0.187389,0.020332,602
CANCP040200GYM,stationary,forget0.999,-0.274792,0.186845,0.014020,602
CANCP040200GYM,stationary,forget0.99,-0.267819,0.185114,0.011030,602
CANCP040200GYM,stationary,forget0.97,-0.271456,0.185469,0.011761,602
CANCPGRHO01IXOBM,regime-changey,forget1.0,4.644242,0.001373,0.011726,614
CANCPGRHO01IXOBM,regime-changey,forget0.999,4.662904,0.001344,0.014984,614
CANCPGRHO01IXOBM,regime-changey,forget0.99,4.656580,0.001331,0.023779,614
CANCPGRHO01IXOBM,regime-changey,forget0.97,4.657679,0.001338,0.017785,614
CACCLAIMS,stationary,forget1.0,1.330653,0.038680,0.010400,1000
CACCLAIMS,stationary,forget0.999,1.324324,0.039163,0.012400,1000
CACCLAIMS,stationary,forget0.99,1.312620,0.039843,0.011600,1000
CACCLAIMS,stationary,forget0.97,1.243788,0.042594,0.010000,1000
CANCPGRHO01GYM,stationary,forget1.0,-0.052095,0.148811,0.007110,602
CANCPGRHO01GYM,stationary,forget0.999,-0.047261,0.148112,0.008439,602
CANCPGRHO01GYM,stationary,forget0.99,-0.036025,0.145510,0.006047,602
CANCPGRHO01GYM,stationary,forget0.97,-0.040655,0.145893,0.005648,602
CANLOLITOAASTSAM,stationary,forget1.0,5.970069,0.000473,0.017064,545
CANLOLITOAASTSAM,stationary,forget0.999,5.972031,0.000471,0.017431,545
CANLOLITOAASTSAM,stationary,forget0.99,5.957848,0.000458,0.016514,545
CANLOLITOAASTSAM,stationary,forget0.97,5.870835,0.000484,0.016330,545
CANHOUREAMISMEI,regime-changey,forget1.0,2.980216,0.007706,0.011171,555
CANHOUREAMISMEI,regime-changey,forget0.999,2.990717,0.007639,0.010811,555
CANHOUREAMISMEI,regime-changey,forget0.99,3.002238,0.007584,0.009369,555
CANHOUREAMISMEI,regime-changey,forget0.97,2.962993,0.008043,0.011892,555
CAINSUREDUR,stationary,forget1.0,1.327543,0.038731,0.010200,1000
CAINSUREDUR,stationary,forget0.999,1.322647,0.039199,0.011200,1000
CAINSUREDUR,stationary,forget0.99,1.312460,0.039899,0.011000,1000
CAINSUREDUR,stationary,forget0.97,1.244068,0.042656,0.010800,1000
CAICLAIMS,stationary,forget1.0,0.561779,0.080619,0.008600,1000
CAICLAIMS,stationary,forget0.999,0.561414,0.080615,0.009200,1000
CAICLAIMS,stationary,forget0.99,0.535197,0.082255,0.010200,1000
CAICLAIMS,stationary,forget0.97,0.471638,0.088160,0.009400,1000
CANLOLITONOSTSAM,stationary,forget1.0,6.144974,0.000410,0.013566,516
CANLOLITONOSTSAM,stationary,forget0.999,6.146636,0.000408,0.014341,516
CANLOLITONOSTSAM,stationary,forget0.99,6.128161,0.000398,0.012171,516
CANLOLITONOSTSAM,stationary,forget0.97,6.035361,0.000421,0.015116,516
CANCPIALLMINMEI,stationary,forget1.0,5.097443,0.002368,0.021000,1000
CANCPIALLMINMEI,stationary,forget0.999,5.100160,0.002367,0.021800,1000
CANCPIALLMINMEI,stationary,forget0.99,5.098373,0.002372,0.023000,1000
CANCPIALLMINMEI,stationary,forget0.97,5.070115,0.002388,0.022600,1000
CANPIEAMP01GPM,stationary,forget1.0,-1.090264,0.420775,0.009562,502
CANPIEAMP01GPM,stationary,forget0.999,-1.090515,0.420931,0.009163,502
CANPIEAMP01GPM,stationary,forget0.99,-1.108592,0.429355,0.010040,502
CANPIEAMP01GPM,stationary,forget0.97,-1.189324,0.457867,0.011076,502
CANODCNPI03GPSAM,stationary,forget1.0,-3.791439,5.849808,0.011987,639
CANODCNPI03GPSAM,stationary,forget0.999,-3.791441,5.849366,0.012332,639
CANODCNPI03GPSAM,stationary,forget0.99,-3.796895,5.877984,0.011111,639
CANODCNPI03GPSAM,stationary,forget0.97,-3.932453,6.731086,0.010516,639
CANPERMITMISMEI,stationary,forget1.0,0.990785,0.049310,0.009772,614
CANPERMITMISMEI,stationary,forget0.999,0.991589,0.049222,0.010554,614
CANPERMITMISMEI,stationary,forget0.99,0.976193,0.049858,0.010228,614
CANPERMITMISMEI,stationary,forget0.97,0.935986,0.051760,0.011205,614
CANODCNPI03GYSAM,stationary,forget1.0,-4.128240,8.349699,0.006624,628
CANODCNPI03GYSAM,stationary,forget0.999,-4.127464,8.342569,0.005732,628
CANODCNPI03GYSAM,stationary,forget0.99,-4.139972,8.421821,0.006561,628
CANODCNPI03GYSAM,stationary,forget0.97,-4.183006,8.711404,0.007261,628
CANSACRMISMEI,regime-changey,forget1.0,1.228433,0.047137,0.008186,623
CANSACRMISMEI,regime-changey,forget0.999,1.231792,0.046469,0.009695,623
CANSACRMISMEI,regime-changey,forget0.99,1.214714,0.045869,0.011300,623
CANSACRMISMEI,regime-changey,forget0.97,1.149966,0.047526,0.012456,623
CANSLRTCR03GPSAM,regime-changey,forget1.0,-3.703595,9.006891,0.012086,652
CANSLRTCR03GPSAM,regime-changey,forget0.999,-3.703539,9.008057,0.012086,652
CANSLRTCR03GPSAM,regime-changey,forget0.99,-3.705932,8.931804,0.014417,652
CANSLRTCR03GPSAM,regime-changey,forget0.97,-3.880371,9.276395,0.013252,652
CANSLRTCR03GYSAM,regime-changey,forget1.0,-3.897304,12.364357,0.014789,641
CANSLRTCR03GYSAM,regime-changey,forget0.999,-3.917360,13.851267,0.015725,641
CANSLRTCR03GYSAM,regime-changey,forget0.99,-3.996972,17.248663,0.011357,641
CANSLRTCR03GYSAM,regime-changey,forget0.97,-4.003265,13.099949,0.011388,641
CANSPASTT01GYM,stationary,forget1.0,-3.236771,3.481087,0.014334,533
CANSPASTT01GYM,stationary,forget0.999,-3.234776,3.474745,0.015460,533
CANSPASTT01GYM,stationary,forget0.99,-3.253304,3.512148,0.010206,533
CANSPASTT01GYM,stationary,forget0.97,-3.264957,3.560879,0.011182,533
CANWSCNDW01IXOBSAM,stationary,forget1.0,0.901064,0.054819,0.002890,519
CANWSCNDW01IXOBSAM,stationary,forget0.999,0.907344,0.054459,0.003661,519
CANWSCNDW01IXOBSAM,stationary,forget0.99,0.887575,0.055574,0.005202,519
CANWSCNDW01IXOBSAM,stationary,forget0.97,0.825939,0.059011,0.005588,519
CANXTEXVA01CXMLM,stationary,forget1.0,1.441943,0.031771,0.010807,533
CANXTEXVA01CXMLM,stationary,forget0.999,1.456311,0.031186,0.011069,533
CANXTEXVA01CXMLM,stationary,forget0.99,1.466198,0.030668,0.007580,533
CANXTEXVA01CXMLM,stationary,forget0.97,1.332504,0.034957,0.008818,533
CANXTIMVA01CXMLM,stationary,forget1.0,1.402600,0.033155,0.012946,533
CANXTIMVA01CXMLM,stationary,forget0.999,1.403049,0.033128,0.012570,533
CANXTIMVA01CXMLM,stationary,forget0.99,1.394598,0.033369,0.012946,533
CANXTIMVA01CXMLM,stationary,forget0.97,1.274221,0.037545,0.016323,533
CAPB00004S,regime-changey,forget1.0,8.121134,0.000043,0.011732,641
CAPB00004S,regime-changey,forget0.999,8.118228,0.000044,0.009267,641
CAPB00004S,regime-changey,forget0.99,8.102149,0.000044,0.007363,641
CAPB00004S,regime-changey,forget0.97,7.928641,0.000052,0.010484,641
CAPB562A3CS,stationary,forget1.0,7.948264,0.000052,0.011838,642
CAPB562A3CS,stationary,forget0.999,7.950876,0.000052,0.012399,642
CAPB562A3CS,stationary,forget0.99,7.957673,0.000050,0.012150,642
CAPB562A3CS,stationary,forget0.97,7.835584,0.000056,0.011028,642
CAPB5640CS,stationary,forget1.0,7.562940,0.000073,0.015639,642
CAPB5640CS,stationary,forget0.999,7.571820,0.000072,0.015576,642
CAPB5640CS,stationary,forget0.99,7.603743,0.000070,0.015888,642
CAPB5640CS,stationary,forget0.97,7.608788,0.000070,0.019065,642
CAPG322S,stationary,forget1.0,7.653762,0.000065,0.018284,641
CAPG322S,stationary,forget0.999,7.640482,0.000066,0.019251,641
CAPG322S,stationary,forget0.99,7.661356,0.000064,0.017660,641
CAPG322S,stationary,forget0.97,7.579642,0.000070,0.017317,641
CAPG325S,stationary,forget1.0,7.488541,0.000080,0.015788,641
CAPG325S,stationary,forget0.999,7.502136,0.000079,0.015476,641
CAPG325S,stationary,forget0.99,7.538883,0.000075,0.015788,641
CAPG325S,stationary,forget0.97,7.476734,0.000079,0.014197,641
CAPG324S,stationary,forget1.0,6.767132,0.000170,0.008100,642
CAPG324S,stationary,forget0.999,6.765458,0.000170,0.008100,642
CAPG324S,stationary,forget0.99,6.730495,0.000174,0.009470,642
CAPG324S,stationary,forget0.97,6.598564,0.000195,0.011589,642
CAPG326S,stationary,forget1.0,6.957134,0.000137,0.018692,642
CAPG326S,stationary,forget0.999,6.993019,0.000133,0.015888,642
CAPG326S,stationary,forget0.99,6.947344,0.000138,0.017508,642
CAPG326S,stationary,forget0.97,6.875634,0.000147,0.016511,642
CANXTNTVA01CXMLM,regime-changey,forget1.0,-20.000000,636030862.291038,0.023189,533
CANXTNTVA01CXMLM,regime-changey,forget0.999,-20.000000,632320316.862044,0.022439,533
CANXTNTVA01CXMLM,regime-changey,forget0.99,-20.000000,702159989.843264,0.018574,533
CANXTNTVA01CXMLM,regime-changey,forget0.97,-20.000000,726938836.840622,0.018199,533
CAPG327S,regime-changey,forget1.0,7.495720,0.000079,0.018692,642
CAPG327S,regime-changey,forget0.999,7.495924,0.000079,0.018754,642
CAPG327S,regime-changey,forget0.99,7.547106,0.000075,0.017882,642
CAPG327S,regime-changey,forget0.97,7.529544,0.000076,0.021558,642
CAPG332S,stationary,forget1.0,7.507286,0.000075,0.012025,642
CAPG332S,stationary,forget0.999,7.508455,0.000075,0.012087,642
CAPG332S,stationary,forget0.99,7.512116,0.000074,0.012150,642
CAPG332S,stationary,forget0.97,7.526041,0.000073,0.011776,642
CAPG3361T3S,stationary,forget1.0,6.954264,0.000136,0.013084,642
CAPG3361T3S,stationary,forget0.999,6.961691,0.000135,0.013396,642
CAPG3361T3S,stationary,forget0.99,6.972802,0.000133,0.011526,642
CAPG3361T3S,stationary,forget0.97,6.824507,0.000153,0.009595,642
CAPG3364T9S,stationary,forget1.0,7.304198,0.000107,0.013022,642
CAPG3364T9S,stationary,forget0.999,7.311851,0.000106,0.013956,642
CAPG3364T9S,stationary,forget0.99,7.317591,0.000105,0.010280,642
CAPG3364T9S,stationary,forget0.97,7.323244,0.000104,0.012773,642
CAPUTLB562A3CS,stationary,forget1.0,3.395252,0.004733,0.008723,642
CAPUTLB562A3CS,stationary,forget0.999,3.398747,0.004725,0.007850,642
CAPUTLB562A3CS,stationary,forget0.99,3.426609,0.004633,0.005919,642
CAPUTLB562A3CS,stationary,forget0.97,3.427394,0.004629,0.006854,642
CAOCARC,stationary,forget1.0,-4.103305,149.065857,0.069400,1000
CAOCARC,stationary,forget0.999,-4.102888,149.391368,0.068800,1000
CAOCARC,stationary,forget0.99,-4.111636,150.572333,0.071800,1000
CAOCARC,stationary,forget0.97,-4.154489,158.703610,0.070600,1000
CAPUTLB5640CS,regime-changey,forget1.0,3.361771,0.004930,0.006604,642
CAPUTLB5640CS,regime-changey,forget0.999,3.359999,0.004972,0.005358,642
CAPUTLB5640CS,regime-changey,forget0.99,3.334572,0.005176,0.008723,642
CAPUTLB5640CS,regime-changey,forget0.97,3.313715,0.005217,0.007352,642
CAPUTLG322S,stationary,forget1.0,2.816328,0.008110,0.010764,641
CAPUTLG322S,stationary,forget0.999,2.819522,0.008088,0.011420,641
CAPUTLG322S,stationary,forget0.99,2.797166,0.008258,0.011732,641
CAPUTLG322S,stationary,forget0.97,2.756911,0.008559,0.009267,641
CAPUTLG324S,stationary,forget1.0,2.634788,0.010070,0.008580,641
CAPUTLG324S,stationary,forget0.999,2.637841,0.010061,0.008300,641
CAPUTLG324S,stationary,forget0.99,2.619547,0.010242,0.007051,641
CAPUTLG324S,stationary,forget0.97,2.575233,0.010741,0.008549,641
CAPUTLG325S,stationary,forget1.0,3.112872,0.006105,0.008050,641
CAPUTLG325S,stationary,forget0.999,3.115720,0.006102,0.008050,641
CAPUTLG325S,stationary,forget0.99,3.108388,0.006201,0.009548,641
CAPUTLG325S,stationary,forget0.97,3.081757,0.006397,0.007395,641
CAPUTLG326S,regime-changey,forget1.0,2.950493,0.007826,0.008612,641
CAPUTLG326S,regime-changey,forget0.999,2.925512,0.008198,0.007676,641
CAPUTLG326S,regime-changey,forget0.99,2.938860,0.008055,0.007332,641
CAPUTLG326S,regime-changey,forget0.97,2.941682,0.007996,0.005460,641
CAPUTLG327S,stationary,forget1.0,2.765000,0.008539,0.007726,642
CAPUTLG327S,stationary,forget0.999,2.768053,0.008522,0.008723,642
CAPUTLG327S,stationary,forget0.99,2.765845,0.008570,0.007539,642
CAPUTLG327S,stationary,forget0.97,2.747246,0.008841,0.007227,642
CAPUTLG332S,stationary,forget1.0,3.289188,0.005074,0.007707,641
CAPUTLG332S,stationary,forget0.999,3.288254,0.005082,0.006739,641
CAPUTLG332S,stationary,forget0.99,3.316833,0.004970,0.009860,641
CAPUTLG332S,stationary,forget0.97,3.325093,0.004913,0.017317,641
CAPUTLG3364T9S,stationary,forget1.0,2.733235,0.009388,0.008580,641
CAPUTLG3364T9S,stationary,forget0.999,2.733671,0.009414,0.011326,641
CAPUTLG3364T9S,stationary,forget0.99,2.721222,0.009643,0.007925,641
CAPUTLG3364T9S,stationary,forget0.97,2.714511,0.009766,0.006084,641
CAPUTLG3361T3S,regime-changey,forget1.0,1.696947,0.028688,0.015413,641
CAPUTLG3361T3S,regime-changey,forget0.999,1.694980,0.028861,0.015725,641
CAPUTLG3361T3S,regime-changey,forget0.99,1.647162,0.031355,0.014165,641
CAPUTLG3361T3S,regime-changey,forget0.97,1.643299,0.030977,0.009204,641
CASACBW027NBOG,stationary,forget1.0,2.023765,0.018461,0.009400,1000
CASACBW027NBOG,stationary,forget0.999,2.023748,0.018504,0.008800,1000
CASACBW027NBOG,stationary,forget0.99,2.019922,0.018682,0.012000,1000
CASACBW027NBOG,stationary,forget0.97,2.012195,0.019071,0.009400,1000
CASACBW027SBOG,regime-changey,forget1.0,2.335341,0.014343,0.005800,1000
CASACBW027SBOG,regime-changey,forget0.999,2.346235,0.014215,0.005400,1000
CASACBW027SBOG,regime-changey,forget0.99,2.339598,0.014470,0.007400,1000
CASACBW027SBOG,regime-changey,forget0.97,2.322402,0.014753,0.008400,1000
CASDCBW027NBOG,stationary,forget1.0,1.777548,0.023464,0.015600,1000
CASDCBW027NBOG,stationary,forget0.999,1.769023,0.023616,0.015400,1000
CASDCBW027NBOG,stationary,forget0.99,1.752402,0.023981,0.012400,1000
CASDCBW027NBOG,stationary,forget0.97,1.715884,0.025036,0.011000,1000
CASDCBW027SBOG,stationary,forget1.0,2.197019,0.016091,0.004600,1000
CASDCBW027SBOG,stationary,forget0.999,2.187877,0.016204,0.009400,1000
CASDCBW027SBOG,stationary,forget0.99,2.173563,0.016358,0.003000,1000
CASDCBW027SBOG,stationary,forget0.97,2.126831,0.017126,0.006200,1000
CASFRIW027NBOG,stationary,forget1.0,1.368107,0.037288,0.006600,1000
CASFRIW027NBOG,stationary,forget0.999,1.368402,0.037231,0.006400,1000
CASFRIW027NBOG,stationary,forget0.99,1.356974,0.037836,0.005400,1000
CASFRIW027NBOG,stationary,forget0.97,1.315078,0.039616,0.008400,1000
CASFRIW027SBOG,regime-changey,forget1.0,1.595676,0.030480,0.010600,1000
CASFRIW027SBOG,regime-changey,forget0.999,1.595237,0.030493,0.009800,1000
CASFRIW027SBOG,regime-changey,forget0.99,1.584472,0.030713,0.004200,1000
CASFRIW027SBOG,regime-changey,forget0.97,1.537988,0.031848,0.008200,1000
CASLCBW027SBOG,stationary,forget1.0,2.044860,0.018631,0.008600,1000
CASLCBW027SBOG,stationary,forget0.999,2.035245,0.018755,0.007400,1000
CASLCBW027SBOG,stationary,forget0.99,2.025923,0.018874,0.007800,1000
CASLCBW027SBOG,stationary,forget0.97,1.973539,0.019864,0.007200,1000
CASLCBW027NBOG,stationary,forget1.0,1.674844,0.026290,0.014200,1000
CASLCBW027NBOG,stationary,forget0.999,1.665437,0.026461,0.014000,1000
CASLCBW027NBOG,stationary,forget0.99,1.650605,0.026821,0.011200,1000
CASLCBW027NBOG,stationary,forget0.97,1.609550,0.028070,0.010200,1000
CASSCBW027NBOG,stationary,forget1.0,1.964614,0.018843,0.009800,1000
CASSCBW027NBOG,stationary,forget0.999,1.955206,0.019037,0.007000,1000
CASSCBW027NBOG,stationary,forget0.99,1.940369,0.019404,0.010600,1000
CASSCBW027NBOG,stationary,forget0.97,1.904243,0.020187,0.006000,1000
CASSCBW027SBOG,stationary,forget1.0,2.210266,0.014852,0.009000,1000
CASSCBW027SBOG,stationary,forget0.999,2.210190,0.014837,0.009800,1000
CASSCBW027SBOG,stationary,forget0.99,2.202725,0.014910,0.006600,1000
CASSCBW027SBOG,stationary,forget0.97,2.168616,0.015473,0.008800,1000
CATOTCA,stationary,forget1.0,3.403628,0.006865,0.041400,1000
CATOTCA,stationary,forget0.999,3.403676,0.006864,0.041600,1000
CATOTCA,stationary,forget0.99,3.433596,0.006723,0.040200,1000
CATOTCA,stationary,forget0.97,3.410316,0.006963,0.040800,1000
CBBCHUSD,stationary,forget1.0,1.877254,0.021153,0.005000,1000
CBBCHUSD,stationary,forget0.999,1.875204,0.021173,0.004800,1000
CBBCHUSD,stationary,forget0.99,1.849094,0.021699,0.005600,1000
CBBCHUSD,stationary,forget0.97,1.816201,0.022405,0.006200,1000
CBBTCUSD,stationary,forget1.0,2.336978,0.013164,0.005800,1000
CBBTCUSD,stationary,forget0.999,2.336846,0.013166,0.005400,1000
CBBTCUSD,stationary,forget0.99,2.319168,0.013411,0.008600,1000
CBBTCUSD,stationary,forget0.97,2.298129,0.013696,0.008600,1000
CBCCIND,stationary,forget1.0,1.804809,0.023584,0.006000,1000
CBCCIND,stationary,forget0.999,1.807134,0.023522,0.007200,1000
CBCCIND,stationary,forget0.99,1.794572,0.023834,0.009000,1000
CBCCIND,stationary,forget0.97,1.764558,0.024580,0.008400,1000
CBETHUSD,stationary,forget1.0,1.983954,0.018659,0.007000,1000
CBETHUSD,stationary,forget0.999,1.983518,0.018673,0.006000,1000
CBETHUSD,stationary,forget0.99,1.975089,0.018809,0.007000,1000
CBETHUSD,stationary,forget0.97,1.951893,0.019241,0.007600,1000
CBLTCUSD,stationary,forget1.0,1.998083,0.018964,0.002800,1000
CBLTCUSD,stationary,forget0.999,1.997130,0.018980,0.002600,1000
CBLTCUSD,stationary,forget0.99,1.962711,0.019537,0.005200,1000
CBLTCUSD,stationary,forget0.97,1.936728,0.019969,0.006400,1000
CBUSAPPWNSAAL,stationary,forget1.0,0.956983,0.142962,0.022634,767
CBUSAPPWNSAAL,stationary,forget0.999,0.956605,0.143188,0.022373,767
CBUSAPPWNSAAL,stationary,forget0.99,1.006138,0.147187,0.014915,767
CBUSAPPWNSAAL,stationary,forget0.97,0.936967,0.163829,0.034628,767
CBUSAPPWNSAALYY,stationary,forget1.0,-4.661837,20.315715,0.014045,712
CBUSAPPWNSAALYY,stationary,forget0.999,-4.664292,20.378450,0.014045,712
CBUSAPPWNSAALYY,stationary,forget0.99,-4.735708,21.334051,0.010730,712
CBUSAPPWNSAALYY,stationary,forget0.97,-4.818372,23.096118,0.011236,712
CBUSAPPWNSAAKYY,stationary,forget1.0,-3.518388,35.297441,0.039297,711
CBUSAPPWNSAAKYY,stationary,forget0.999,-3.514738,35.287679,0.039578,711
CBUSAPPWNSAAKYY,stationary,forget0.99,-3.227392,34.932910,0.041013,711
CBUSAPPWNSAAKYY,stationary,forget0.97,-2.830527,36.108093,0.058959,711
CBUSAPPWNSAAR,stationary,forget1.0,0.913785,0.159680,0.022634,767
CBUSAPPWNSAAR,stationary,forget0.999,0.914136,0.159702,0.022894,767
CBUSAPPWNSAAR,stationary,forget0.99,1.006569,0.160713,0.019687,767
CBUSAPPWNSAAR,stationary,forget0.97,0.970263,0.180032,0.034107,767
CBUSAPPWNSAARYY,stationary,forget1.0,-4.751832,21.270064,0.012865,712
CBUSAPPWNSAARYY,stationary,forget0.999,-4.751979,21.284061,0.013708,712
CBUSAPPWNSAARYY,stationary,forget0.99,-4.741992,21.714962,0.012079,712
CBUSAPPWNSAARYY,stationary,forget0.97,-4.870881,24.260460,0.015225,712
CBSD678FRBCLE,stationary,forget1.0,4.510317,0.002844,0.013200,1000
CBSD678FRBCLE,stationary,forget0.999,4.508358,0.002835,0.013400,1000
CBSD678FRBCLE,stationary,forget0.99,4.519851,0.002794,0.024400,1000
CBSD678FRBCLE,stationary,forget0.97,4.531972,0.002784,0.019000,1000
CBUSAPPWNSAAZ,stationary,forget1.0,0.603474,0.127987,0.013533,767
CBUSAPPWNSAAZ,stationary,forget0.999,0.603897,0.128004,0.013533,767
CBUSAPPWNSAAZ,stationary,forget0.99,0.625418,0.130931,0.011421,767
CBUSAPPWNSAAZ,stationary,forget0.97,0.503207,0.146225,0.018879,767
CBUSAPPWNSAAZYY,stationary,forget1.0,-4.742919,20.905818,0.010056,712
CBUSAPPWNSAAZYY,stationary,forget0.999,-4.748159,21.078242,0.008371,712
CBUSAPPWNSAAZYY,stationary,forget0.99,-4.800061,21.891785,0.010393,712
CBUSAPPWNSAAZYY,stationary,forget0.97,-4.843191,22.130638,0.007697,712
CBUSAPPWNSACA,stationary,forget1.0,0.208239,0.119386,0.015437,767
CBUSAPPWNSACA,stationary,forget0.999,0.207694,0.119297,0.015437,767
CBUSAPPWNSACA,stationary,forget0.99,0.194180,0.120599,0.014654,767
CBUSAPPWNSACA,stationary,forget0.97,0.139547,0.126698,0.014654,767
CBUSAPPWNSACAYY,regime-changey,forget1.0,-4.587467,19.596012,0.014101,712
CBUSAPPWNSACAYY,regime-changey,forget0.999,-4.596664,19.124974,0.014045,712
CBUSAPPWNSACAYY,regime-changey,forget0.99,-4.654447,19.930699,0.012416,712
CBUSAPPWNSACAYY,regime-changey,forget0.97,-4.686689,20.275355,0.012472,712
CBUSAPPWNSACO,stationary,forget1.0,0.302166,0.131768,0.007432,767
CBUSAPPWNSACO,stationary,forget0.999,0.302165,0.131902,0.007093,767
CBUSAPPWNSACO,stationary,forget0.99,0.290454,0.134613,0.006806,767
CBUSAPPWNSACO,stationary,forget0.97,0.197056,0.145850,0.012125,767
CBUSAPPWNSACOYY,regime-changey,forget1.0,-5.008211,28.590107,0.018090,712
CBUSAPPWNSACOYY,regime-changey,forget0.999,-4.998656,28.319862,0.019270,712
CBUSAPPWNSACOYY,regime-changey,forget0.99,-4.976607,27.854126,0.016124,712
CBUSAPPWNSACOYY,regime-changey,forget0.97,-4.985839,26.785936,0.014213,712
CBUSAPPWNSACT,stationary,forget1.0,1.011900,0.152797,0.023937,767
CBUSAPPWNSACT,stationary,forget0.999,1.012847,0.152797,0.023937,767
CBUSAPPWNSACT,stationary,forget0.99,1.157629,0.156607,0.014811,767
CBUSAPPWNSACT,stationary,forget0.97,1.100713,0.172669,0.035932,767
CBUSAPPWNSACTYY,stationary,forget1.0,-4.721938,23.534342,0.008090,712
CBUSAPPWNSACTYY,stationary,forget0.999,-4.722950,23.532195,0.008427,712
CBUSAPPWNSACTYY,stationary,forget0.99,-4.763991,24.384306,0.010955,712
CBUSAPPWNSACTYY,stationary,forget0.97,-4.840006,25.302877,0.014326,712
CBUSAPPWNSADCYY,stationary,forget1.0,-3.963241,27.736256,0.027042,710
CBUSAPPWNSADCYY,stationary,forget0.999,-3.963130,27.733744,0.027042,710
CBUSAPPWNSADCYY,stationary,forget0.99,-3.847923,27.568955,0.019718,710
CBUSAPPWNSADCYY,stationary,forget0.97,-3.834443,30.385440,0.030986,710
CBUSAPPWNSADC,stationary,forget1.0,-0.426136,5.042983,0.068709,767
CBUSAPPWNSADC,stationary,forget0.999,-0.425991,5.042593,0.068709,767
CBUSAPPWNSADC,stationary,forget0.99,-0.359725,4.981045,0.067405,767
CBUSAPPWNSADC,stationary,forget0.97,0.173491,5.008990,0.084537,767
CBUSAPPWNSADE,stationary,forget1.0,0.441650,0.129861,0.009622,767
CBUSAPPWNSADE,stationary,forget0.999,0.440986,0.129837,0.009179,767
CBUSAPPWNSADE,stationary,forget0.99,0.446758,0.132311,0.006728,767
CBUSAPPWNSADE,stationary,forget0.97,0.348302,0.146577,0.016714,767
CBUSAPPWNSADEYY,stationary,forget1.0,-4.808363,19.185774,0.006854,712
CBUSAPPWNSADEYY,stationary,forget0.999,-4.808358,19.195738,0.007360,712
CBUSAPPWNSADEYY,stationary,forget0.99,-4.819189,19.402639,0.008764,712
CBUSAPPWNSADEYY,stationary,forget0.97,-4.916017,20.720676,0.007640,712
CBUSAPPWNSAFL,stationary,forget1.0,-0.035248,0.144019,0.015437,767
CBUSAPPWNSAFL,stationary,forget0.999,-0.026859,0.143020,0.015698,767
CBUSAPPWNSAFL,stationary,forget0.99,-0.055757,0.147488,0.017340,767
CBUSAPPWNSAFL,stationary,forget0.97,-0.121079,0.156530,0.012907,767
CBUSAPPWNSAFLYY,regime-changey,forget1.0,-4.867848,21.428328,0.016685,712
CBUSAPPWNSAFLYY,regime-changey,forget0.999,-4.871484,21.479320,0.017247,712
CBUSAPPWNSAFLYY,regime-changey,forget0.99,-4.888512,22.316755,0.017809,712
CBUSAPPWNSAFLYY,regime-changey,forget0.97,-4.881596,21.352838,0.015225,712
CBUSAPPWNSAGA,stationary,forget1.0,0.188258,0.122093,0.011082,767
CBUSAPPWNSAGA,stationary,forget0.999,0.185319,0.122444,0.011082,767
CBUSAPPWNSAGA,stationary,forget0.99,0.150283,0.126399,0.010743,767
CBUSAPPWNSAGA,stationary,forget0.97,0.064782,0.136623,0.009518,767
CBUSAPPWNSAGAYY,regime-changey,forget1.0,-4.738500,18.434682,0.013539,712
CBUSAPPWNSAGAYY,regime-changey,forget0.999,-4.740690,19.062899,0.012753,712
CBUSAPPWNSAGAYY,regime-changey,forget0.99,-4.717274,18.745043,0.012191,712
CBUSAPPWNSAGAYY,regime-changey,forget0.97,-4.755892,18.907726,0.011854,712
CBUSAPPWNSAHI,stationary,forget1.0,1.067309,0.186649,0.028553,767
CBUSAPPWNSAHI,stationary,forget0.999,1.069221,0.186628,0.028553,767
CBUSAPPWNSAHI,stationary,forget0.99,1.345087,0.183923,0.027510,767
CBUSAPPWNSAHI,stationary,forget0.97,2.145003,0.187728,0.039348,767
CBUSAPPWNSAHIYY,stationary,forget1.0,-4.156057,23.126724,0.025281,712
CBUSAPPWNSAHIYY,stationary,forget0.999,-4.150724,23.116784,0.024719,712
CBUSAPPWNSAHIYY,stationary,forget0.99,-4.062614,23.255011,0.017416,712
CBUSAPPWNSAHIYY,stationary,forget0.97,-4.098395,25.753061,0.021573,712
CBUSAPPWNSAIAYY,stationary,forget1.0,-4.554349,23.268525,0.013643,711
CBUSAPPWNSAIAYY,stationary,forget0.999,-4.554050,23.294024,0.013924,711
CBUSAPPWNSAIAYY,stationary,forget0.99,-4.587748,24.377998,0.015049,711
CBUSAPPWNSAIAYY,stationary,forget0.97,-4.690590,26.164656,0.019241,711
CBUSAPPWNSAID,stationary,forget1.0,1.094199,0.183141,0.027771,767
CBUSAPPWNSAID,stationary,forget0.999,1.098432,0.183073,0.027510,767
CBUSAPPWNSAID,stationary,forget0.99,1.319414,0.181070,0.024720,767
CBUSAPPWNSAID,stationary,forget0.97,1.788728,0.190477,0.043677,767
CBUSAPPWNSAIA,stationary,forget1.0,-1.670863,7.602150,0.044016,767
CBUSAPPWNSAIA,stationary,forget0.999,-1.669208,7.601343,0.044016,767
CBUSAPPWNSAIA,stationary,forget0.99,-1.466585,7.530350,0.045059,767
CBUSAPPWNSAIA,stationary,forget0.97,-0.863028,7.537683,0.044720,767
CBUSAPPWNSAIDYY,stationary,forget1.0,-4.405117,24.314842,0.019719,712
CBUSAPPWNSAIDYY,stationary,forget0.999,-4.404100,24.319705,0.019719,712
CBUSAPPWNSAIDYY,stationary,forget0.99,-4.369854,24.651472,0.015674,712
CBUSAPPWNSAIDYY,stationary,forget0.97,-4.457264,27.606651,0.015730,712
CBUSAPPWNSAIL,stationary,forget1.0,0.201143,0.120164,0.020026,767
CBUSAPPWNSAIL,stationary,forget0.999,0.198693,0.120554,0.019765,767
CBUSAPPWNSAIL,stationary,forget0.99,0.169606,0.125541,0.016375,767
CBUSAPPWNSAIL,stationary,forget0.97,0.095893,0.134107,0.015332,767
CBUSAPPWNSAILYY,regime-changey,forget1.0,-4.692784,21.521904,0.025955,712
CBUSAPPWNSAILYY,regime-changey,forget0.999,-4.688652,21.507038,0.025955,712
CBUSAPPWNSAILYY,regime-changey,forget0.99,-4.666220,20.787656,0.025056,712
CBUSAPPWNSAILYY,regime-changey,forget0.97,-4.672308,19.782533,0.022528,712
CBUSAPPWNSAIN,stationary,forget1.0,0.353644,0.129225,0.009778,767
CBUSAPPWNSAIN,stationary,forget0.999,0.354257,0.129226,0.010300,767
CBUSAPPWNSAIN,stationary,forget0.99,0.336600,0.134532,0.011265,767
CBUSAPPWNSAIN,stationary,forget0.97,0.232619,0.149488,0.018201,767
CBUSAPPWNSAINYY,regime-changey,forget1.0,-4.961199,23.947584,0.011011,712
CBUSAPPWNSAINYY,regime-changey,forget0.999,-4.954943,24.187073,0.012472,712
CBUSAPPWNSAINYY,regime-changey,forget0.99,-4.923176,23.644920,0.012360,712
CBUSAPPWNSAINYY,regime-changey,forget0.97,-4.955512,23.219141,0.008202,712
CBUSAPPWNSAKS,stationary,forget1.0,0.928653,0.172511,0.029596,767
CBUSAPPWNSAKS,stationary,forget0.999,0.929501,0.172504,0.029335,767
CBUSAPPWNSAKS,stationary,forget0.99,1.126790,0.171204,0.022816,767
CBUSAPPWNSAKS,stationary,forget0.97,1.312260,0.188078,0.036975,767
CBUSAPPWNSAKSYY,stationary,forget1.0,-4.554892,24.677922,0.015730,712
CBUSAPPWNSAKSYY,stationary,forget0.999,-4.554352,24.685608,0.015674,712
CBUSAPPWNSAKSYY,stationary,forget0.99,-4.559029,25.184316,0.014326,712
CBUSAPPWNSAKSYY,stationary,forget0.97,-4.723980,28.279149,0.017640,712
CBUSAPPWNSAKY,stationary,forget1.0,1.029727,0.153612,0.023937,767
CBUSAPPWNSAKY,stationary,forget0.999,1.033188,0.153584,0.023937,767
CBUSAPPWNSAKY,stationary,forget0.99,1.167766,0.157271,0.017523,767
CBUSAPPWNSAKY,stationary,forget0.97,1.107425,0.175459,0.039844,767
CBUSAPPWNSAKYYY,stationary,forget1.0,-4.669853,22.770301,0.009270,712
CBUSAPPWNSAKYYY,stationary,forget0.999,-4.667413,22.801975,0.008708,712
CBUSAPPWNSAKYYY,stationary,forget0.99,-4.677647,23.234478,0.008202,712
CBUSAPPWNSAKYYY,stationary,forget0.97,-4.789101,25.420128,0.015674,712
CBUSAPPWNSALA,stationary,forget1.0,1.145376,0.142418,0.022894,767
CBUSAPPWNSALA,stationary,forget0.999,1.145487,0.142423,0.022894,767
CBUSAPPWNSALA,stationary,forget0.99,1.257992,0.144389,0.016375,767
CBUSAPPWNSALA,stationary,forget0.97,1.174282,0.160454,0.037497,767
CBUSAPPWNSALAYY,regime-changey,forget1.0,-4.655867,21.802031,0.007416,712
CBUSAPPWNSALAYY,regime-changey,forget0.999,-4.668559,21.884500,0.007584,712
CBUSAPPWNSALAYY,regime-changey,forget0.99,-4.739442,23.015942,0.009551,712
CBUSAPPWNSALAYY,regime-changey,forget0.97,-4.844956,24.639841,0.012865,712
CBUSAPPWNSAMA,stationary,forget1.0,0.203432,0.131116,0.009153,767
CBUSAPPWNSAMA,stationary,forget0.999,0.202886,0.131185,0.009074,767
CBUSAPPWNSAMA,stationary,forget0.99,0.188827,0.132613,0.006206,767
CBUSAPPWNSAMA,stationary,forget0.97,0.096094,0.145455,0.006728,767
CBUSAPPWNSAMAYY,regime-changey,forget1.0,-4.889797,30.928202,0.015562,712
CBUSAPPWNSAMAYY,regime-changey,forget0.999,-4.883639,31.028046,0.016292,712
CBUSAPPWNSAMAYY,regime-changey,forget0.99,-4.848132,29.400550,0.013483,712
CBUSAPPWNSAMAYY,regime-changey,forget0.97,-4.861792,26.862848,0.013933,712
CBUSAPPWNSAMD,stationary,forget1.0,0.346540,0.125158,0.006206,767
CBUSAPPWNSAMD,stationary,forget0.999,0.346937,0.125257,0.006206,767
CBUSAPPWNSAMD,stationary,forget0.99,0.317629,0.130124,0.005606,767
CBUSAPPWNSAMD,stationary,forget0.97,0.189091,0.144260,0.013690,767
CBUSAPPWNSAMDYY,regime-changey,forget1.0,-4.728092,17.129185,0.010730,712
CBUSAPPWNSAMDYY,regime-changey,forget0.999,-4.728499,17.147594,0.010449,712
CBUSAPPWNSAMDYY,regime-changey,forget0.99,-4.783888,17.705612,0.011798,712
CBUSAPPWNSAMDYY,regime-changey,forget0.97,-4.885452,19.205366,0.009494,712
CBUSAPPWNSAMI,stationary,forget1.0,0.241452,0.129865,0.008918,767
CBUSAPPWNSAMI,stationary,forget0.999,0.238781,0.129926,0.008996,767
CBUSAPPWNSAMI,stationary,forget0.99,0.211568,0.134532,0.009596,767
CBUSAPPWNSAMI,stationary,forget0.97,0.111094,0.147014,0.008475,767
CBUSAPPWNSAMIYY,regime-changey,forget1.0,-4.808808,20.540700,0.013483,712
CBUSAPPWNSAMIYY,regime-changey,forget0.999,-4.825710,21.187428,0.011854,712
CBUSAPPWNSAMIYY,regime-changey,forget0.99,-4.819781,20.735173,0.010787,712
CBUSAPPWNSAMIYY,regime-changey,forget0.97,-4.832120,20.517038,0.011854,712
CBUSAPPWNSAME,stationary,forget1.0,1.564877,0.196704,0.044302,767
CBUSAPPWNSAME,stationary,forget0.999,1.566325,0.196703,0.044042,767
CBUSAPPWNSAME,stationary,forget0.99,1.783978,0.193982,0.046728,767
CBUSAPPWNSAME,stationary,forget0.97,2.617875,0.196751,0.059765,767
CBUSAPPWNSAMEYY,stationary,forget1.0,-4.030160,26.539758,0.031236,712
CBUSAPPWNSAMEYY,stationary,forget0.999,-4.029578,26.539020,0.031236,712
CBUSAPPWNSAMEYY,stationary,forget0.99,-3.915269,26.649992,0.022247,712
CBUSAPPWNSAMEYY,stationary,forget0.97,-3.872233,28.912923,0.018483,712
CBUSAPPWNSAMN,stationary,forget1.0,0.414500,0.125949,0.011343,767
CBUSAPPWNSAMN,stationary,forget0.999,0.414511,0.125963,0.011160,767
CBUSAPPWNSAMN,stationary,forget0.99,0.409665,0.128671,0.009257,767
CBUSAPPWNSAMN,stationary,forget0.97,0.264605,0.146185,0.018983,767
CBUSAPPWNSAMNYY,stationary,forget1.0,-4.784133,17.632983,0.011854,712
CBUSAPPWNSAMNYY,stationary,forget0.999,-4.784254,17.647059,0.009944,712
CBUSAPPWNSAMNYY,stationary,forget0.99,-4.868660,18.805730,0.008708,712
CBUSAPPWNSAMNYY,stationary,forget0.97,-4.934408,20.061701,0.006180,712
CBUSAPPWNSAMO,stationary,forget1.0,0.776586,0.141105,0.019765,767
CBUSAPPWNSAMO,stationary,forget0.999,0.777531,0.141114,0.019166,767
CBUSAPPWNSAMO,stationary,forget0.99,0.878584,0.141005,0.015776,767
CBUSAPPWNSAMO,stationary,forget0.97,0.799983,0.160399,0.033325,767
CBUSAPPWNSAMOYY,stationary,forget1.0,-4.742813,18.719937,0.006124,712
CBUSAPPWNSAMOYY,stationary,forget0.999,-4.743520,18.737625,0.006685,712
CBUSAPPWNSAMOYY,stationary,forget0.99,-4.778605,19.212545,0.008652,712
CBUSAPPWNSAMOYY,stationary,forget0.97,-4.907979,21.487432,0.015449,712
CBUSAPPWNSAMSYY,stationary,forget1.0,-4.423030,20.663310,0.017862,711
CBUSAPPWNSAMSYY,stationary,forget0.999,-4.423006,20.663002,0.017581,711
CBUSAPPWNSAMSYY,stationary,forget0.99,-4.410482,20.942186,0.013671,711
CBUSAPPWNSAMSYY,stationary,forget0.97,-4.506264,23.392516,0.017862,711
CBUSAPPWNSAMT,stationary,forget1.0,1.369205,0.176073,0.032464,767
CBUSAPPWNSAMT,stationary,forget0.999,1.371903,0.176043,0.032464,767
CBUSAPPWNSAMT,stationary,forget0.99,1.660706,0.173223,0.030222,767
CBUSAPPWNSAMT,stationary,forget0.97,2.113093,0.182595,0.049674,767
CBUSAPPWNSAMS,stationary,forget1.0,-1.364938,6.969056,0.045319,767
CBUSAPPWNSAMS,stationary,forget0.999,-1.364015,6.969062,0.045580,767
CBUSAPPWNSAMS,stationary,forget0.99,-1.202553,6.915393,0.047405,767
CBUSAPPWNSAMS,stationary,forget0.97,-0.685914,6.946913,0.043755,767
CBUSAPPWNSAMW,stationary,forget1.0,0.327370,0.106742,0.019948,767
CBUSAPPWNSAMW,stationary,forget0.999,0.326405,0.106770,0.020991,767
CBUSAPPWNSAMW,stationary,forget0.99,0.309975,0.109546,0.025163,767
CBUSAPPWNSAMW,stationary,forget0.97,0.234722,0.119445,0.024381,767
CBUSAPPWNSAMTYY,stationary,forget1.0,-4.187497,22.922874,0.019326,712
CBUSAPPWNSAMTYY,stationary,forget0.999,-4.187296,22.925064,0.019326,712
CBUSAPPWNSAMTYY,stationary,forget0.99,-4.155614,23.371119,0.016067,712
CBUSAPPWNSAMTYY,stationary,forget0.97,-4.272343,26.491169,0.016854,712
CBUSAPPWNSAMWYY,regime-changey,forget1.0,-4.442453,16.461502,0.031292,712
CBUSAPPWNSAMWYY,regime-changey,forget0.999,-4.446763,16.565465,0.031854,712
CBUSAPPWNSAMWYY,regime-changey,forget0.99,-4.440723,16.405283,0.026180,712
CBUSAPPWNSAMWYY,regime-changey,forget0.97,-4.448587,15.873607,0.026180,712
CBUSAPPWNSANC,stationary,forget1.0,0.229309,0.126179,0.009439,767
CBUSAPPWNSANC,stationary,forget0.999,0.229258,0.125984,0.009961,767
CBUSAPPWNSANC,stationary,forget0.99,0.227010,0.127548,0.008814,767
CBUSAPPWNSANC,stationary,forget0.97,0.130435,0.137676,0.008110,767
CBUSAPPWNSANCYY,regime-changey,forget1.0,-4.963948,32.897066,0.021236,712
CBUSAPPWNSANCYY,regime-changey,forget0.999,-4.968752,33.014879,0.021798,712
CBUSAPPWNSANCYY,regime-changey,forget0.99,-4.936345,31.139524,0.023146,712
CBUSAPPWNSANCYY,regime-changey,forget0.97,-4.962565,29.252038,0.019831,712
CBUSAPPWNSANER,stationary,forget1.0,0.255396,0.118130,0.019765,767
CBUSAPPWNSANER,stationary,forget0.999,0.254749,0.118247,0.020026,767
CBUSAPPWNSANER,stationary,forget0.99,0.246187,0.119497,0.018827,767
CBUSAPPWNSANER,stationary,forget0.97,0.182992,0.127538,0.022738,767
CBUSAPPWNSANERYY,regime-changey,forget1.0,-4.535283,21.835638,0.027022,712
CBUSAPPWNSANERYY,regime-changey,forget0.999,-4.530998,21.735493,0.027303,712
CBUSAPPWNSANERYY,regime-changey,forget0.99,-4.526968,21.379158,0.025730,712
CBUSAPPWNSANERYY,regime-changey,forget0.97,-4.526447,20.349691,0.025618,712
CBUSAPPWNSANE,stationary,forget1.0,1.305701,0.195806,0.036819,767
CBUSAPPWNSANE,stationary,forget0.999,1.306420,0.195792,0.036819,767
CBUSAPPWNSANE,stationary,forget0.99,1.553182,0.193081,0.035254,767
CBUSAPPWNSANE,stationary,forget0.97,2.254642,0.199443,0.045684,767
CBUSAPPWNSANDYY,stationary,forget1.0,-3.704998,34.569568,0.032827,711
CBUSAPPWNSANDYY,stationary,forget0.999,-3.697923,34.556706,0.033390,711
CBUSAPPWNSANDYY,stationary,forget0.99,-3.508272,34.185581,0.037609,711
CBUSAPPWNSANDYY,stationary,forget0.97,-3.006137,34.962562,0.045176,711
CBUSAPPWNSANEYY,stationary,forget1.0,-4.306428,27.470945,0.023820,712
CBUSAPPWNSANEYY,stationary,forget0.999,-4.306205,27.474369,0.023539,712
CBUSAPPWNSANEYY,stationary,forget0.99,-4.233780,27.830437,0.019101,712
CBUSAPPWNSANEYY,stationary,forget0.97,-4.294275,31.038794,0.020225,712
CBUSAPPWNSANHYY,stationary,forget1.0,-3.949381,33.087882,0.032921,712
CBUSAPPWNSANHYY,stationary,forget0.999,-3.947816,33.085225,0.032921,712
CBUSAPPWNSANHYY,stationary,forget0.99,-3.824936,33.244580,0.027584,712
CBUSAPPWNSANHYY,stationary,forget0.97,-3.717928,36.250937,0.030112,712
CBUSAPPWNSANJ,stationary,forget1.0,0.235967,0.127167,0.007692,767
CBUSAPPWNSANJ,stationary,forget0.999,0.235774,0.127288,0.006649,767
CBUSAPPWNSANJ,stationary,forget0.99,0.214477,0.130536,0.008475,767
CBUSAPPWNSANJ,stationary,forget0.97,0.142165,0.138162,0.006910,767
CBUSAPPWNSANJYY,regime-changey,forget1.0,-4.804399,23.738863,0.017022,712
CBUSAPPWNSANJYY,regime-changey,forget0.999,-4.803274,23.857588,0.018315,712
CBUSAPPWNSANJYY,regime-changey,forget0.99,-4.797883,23.619392,0.016348,712
CBUSAPPWNSANJYY,regime-changey,forget0.97,-4.825525,23.167271,0.014382,712
CBUSAPPWNSANM,stationary,forget1.0,1.610351,0.201971,0.039531,767
CBUSAPPWNSANM,stationary,forget0.999,1.613898,0.201910,0.039531,767
CBUSAPPWNSANM,stationary,forget0.99,1.971022,0.198264,0.042660,767
CBUSAPPWNSANM,stationary,forget0.97,2.588887,0.205755,0.064720,767
CBUSAPPWNSANV,stationary,forget1.0,0.477726,0.122927,0.010039,767
CBUSAPPWNSANV,stationary,forget0.999,0.478301,0.122975,0.010039,767
CBUSAPPWNSANV,stationary,forget0.99,0.465461,0.127793,0.013168,767
CBUSAPPWNSANV,stationary,forget0.97,0.331648,0.141585,0.018462,767
CBUSAPPWNSANVYY,stationary,forget1.0,-4.741184,18.431507,0.007809,712
CBUSAPPWNSANVYY,stationary,forget0.999,-4.744253,18.472950,0.008202,712
CBUSAPPWNSANVYY,stationary,forget0.99,-4.820970,19.412425,0.010955,712
CBUSAPPWNSANVYY,stationary,forget0.97,-4.893059,20.198512,0.009831,712
CBUSAPPWNSANY,stationary,forget1.0,0.212227,0.124278,0.018722,767
CBUSAPPWNSANY,stationary,forget0.999,0.212296,0.124225,0.019426,767
CBUSAPPWNSANY,stationary,forget0.99,0.197832,0.126351,0.019166,767
CBUSAPPWNSANY,stationary,forget0.97,0.135961,0.133609,0.019609,767
CBUSAPPWNSANMYY,stationary,forget1.0,-3.990880,28.540038,0.028371,712
CBUSAPPWNSANMYY,stationary,forget0.999,-3.989914,28.539983,0.028371,712
CBUSAPPWNSANMYY,stationary,forget0.99,-3.810613,28.433970,0.024438,712
CBUSAPPWNSANMYY,stationary,forget0.97,-3.793256,30.737754,0.031461,712
CBUSAPPWNSANYYY,regime-changey,forget1.0,-4.652913,24.025074,0.023146,712
CBUSAPPWNSANYYY,regime-changey,forget0.999,-4.643049,23.979890,0.023708,712
CBUSAPPWNSANYYY,regime-changey,forget0.99,-4.632656,23.549093,0.021461,712
CBUSAPPWNSANYYY,regime-changey,forget0.97,-4.634251,22.646489,0.021966,712
CBUSAPPWNSAOH,stationary,forget1.0,0.517281,0.119551,0.010039,767
CBUSAPPWNSAOH,stationary,forget0.999,0.517193,0.119571,0.009778,767
CBUSAPPWNSAOH,stationary,forget0.99,0.521609,0.121772,0.015072,767
CBUSAPPWNSAOH,stationary,forget0.97,0.374266,0.138468,0.019166,767
CBUSAPPWNSAOHYY,stationary,forget1.0,-4.704034,17.922141,0.008427,712
CBUSAPPWNSAOHYY,stationary,forget0.999,-4.705444,17.942849,0.008652,712
CBUSAPPWNSAOHYY,stationary,forget0.99,-4.785354,19.004660,0.004775,712
CBUSAPPWNSAOHYY,stationary,forget0.97,-4.857874,19.933092,0.009270,712
CBUSAPPWNSAOK,stationary,forget1.0,0.748446,0.157291,0.021252,767
CBUSAPPWNSAOK,stationary,forget0.999,0.748585,0.157323,0.021252,767
CBUSAPPWNSAOK,stationary,forget0.99,0.819612,0.158785,0.015332,767
CBUSAPPWNSAOK,stationary,forget0.97,0.755163,0.177922,0.023416,767
CBUSAPPWNSAPA,stationary,forget1.0,0.268890,0.125791,0.007353,767
CBUSAPPWNSAPA,stationary,forget0.999,0.267655,0.125884,0.007536,767
CBUSAPPWNSAPA,stationary,forget0.99,0.259091,0.127675,0.009622,767
CBUSAPPWNSAPA,stationary,forget0.97,0.142748,0.142318,0.009257,767
CBUSAPPWNSAOR,stationary,forget1.0,0.630435,0.139538,0.014211,767
CBUSAPPWNSAOR,stationary,forget0.999,0.629970,0.139681,0.014993,767
CBUSAPPWNSAOR,stationary,forget0.99,0.642960,0.143358,0.013690,767
CBUSAPPWNSAOR,stationary,forget0.97,0.516048,0.161373,0.024980,767
CBUSAPPWNSAOKYY,stationary,forget1.0,-4.805963,20.879446,0.007360,712
CBUSAPPWNSAOKYY,stationary,forget0.999,-4.806430,20.907241,0.007697,712
CBUSAPPWNSAOKYY,stationary,forget0.99,-4.865246,21.680629,0.009213,712
CBUSAPPWNSAOKYY,stationary,forget0.97,-4.953827,23.679256,0.008146,712
CBUSAPPWNSAORYY,regime-changey,forget1.0,-4.840475,20.899895,0.011854,712
CBUSAPPWNSAORYY,regime-changey,forget0.999,-4.869195,21.451599,0.011854,712
CBUSAPPWNSAORYY,regime-changey,forget0.99,-4.927359,22.853532,0.008371,712
CBUSAPPWNSAORYY,regime-changey,forget0.97,-4.981708,23.404252,0.009719,712
CBUSAPPWNSAPAYY,regime-changey,forget1.0,-4.994395,28.847451,0.017528,712
CBUSAPPWNSAPAYY,regime-changey,forget0.999,-4.990267,28.891577,0.017247,712
CBUSAPPWNSAPAYY,regime-changey,forget0.99,-4.973450,27.571081,0.016011,712
CBUSAPPWNSAPAYY,regime-changey,forget0.97,-4.990710,26.306860,0.015506,712
CBUSAPPWNSARIYY,stationary,forget1.0,-3.853954,25.948245,0.027887,710
CBUSAPPWNSARIYY,stationary,forget0.999,-3.853802,25.948429,0.027887,710
CBUSAPPWNSARIYY,stationary,forget0.99,-3.695022,25.657058,0.024507,710
CBUSAPPWNSARIYY,stationary,forget0.97,-3.588548,27.932649,0.030704,710
CBUSAPPWNSARI,stationary,forget1.0,0.132456,4.711441,0.078018,767
CBUSAPPWNSARI,stationary,forget0.999,0.132648,4.711311,0.078018,767
CBUSAPPWNSARI,stationary,forget0.99,0.208620,4.680701,0.079322,767
CBUSAPPWNSARI,stationary,forget0.97,0.419504,4.738268,0.100704,767
CBUSAPPWNSAS,stationary,forget1.0,0.225486,0.118226,0.023781,767
CBUSAPPWNSAS,stationary,forget0.999,0.226323,0.118016,0.024563,767
CBUSAPPWNSAS,stationary,forget0.99,0.199822,0.121307,0.024042,767
CBUSAPPWNSAS,stationary,forget0.97,0.124391,0.130644,0.022034,767
CBUSAPPWNSASCYY,stationary,forget1.0,-4.692568,19.956766,0.011685,712
CBUSAPPWNSASCYY,stationary,forget0.999,-4.692546,19.958178,0.011685,712
CBUSAPPWNSASCYY,stationary,forget0.99,-4.709637,20.513492,0.011292,712
CBUSAPPWNSASCYY,stationary,forget0.97,-4.857657,23.155171,0.019551,712
CBUSAPPWNSASC,stationary,forget1.0,0.945557,0.152025,0.020287,767
CBUSAPPWNSASC,stationary,forget0.999,0.945517,0.152047,0.020026,767
CBUSAPPWNSASC,stationary,forget0.99,1.028748,0.152859,0.015776,767
CBUSAPPWNSASC,stationary,forget0.97,0.944734,0.173038,0.032803,767
CBUSAPPWNSASYY,regime-changey,forget1.0,-4.571821,17.824934,0.025618,712
CBUSAPPWNSASYY,regime-changey,forget0.999,-4.588426,18.963082,0.026685,712
CBUSAPPWNSASYY,regime-changey,forget0.99,-4.583670,18.667432,0.024213,712
CBUSAPPWNSASYY,regime-changey,forget0.97,-4.577471,17.668079,0.026461,712
CBUSAPPWNSASD,stationary,forget1.0,2.138827,0.268580,0.062816,767
CBUSAPPWNSASD,stationary,forget0.999,2.138702,0.268606,0.062295,767
CBUSAPPWNSASD,stationary,forget0.99,2.293564,0.267432,0.063077,767
CBUSAPPWNSASD,stationary,forget0.97,2.896540,0.264532,0.074368,767
CBUSAPPWNSASDYY,stationary,forget1.0,-3.951985,39.387282,0.032640,712
CBUSAPPWNSASDYY,stationary,forget0.999,-3.951859,39.413998,0.033764,712
CBUSAPPWNSASDYY,stationary,forget0.99,-3.824647,39.328346,0.028371,712
CBUSAPPWNSASDYY,stationary,forget0.97,-3.542406,40.833481,0.030112,712
CBUSAPPWNSATN,stationary,forget1.0,0.449624,0.129027,0.015958,767
CBUSAPPWNSATN,stationary,forget0.999,0.449501,0.129168,0.016297,767
CBUSAPPWNSATN,stationary,forget0.99,0.436360,0.134275,0.012647,767
CBUSAPPWNSATN,stationary,forget0.97,0.308634,0.149784,0.018462,767
CBUSAPPWNSATNYY,regime-changey,forget1.0,-4.968197,23.876183,0.009551,712
CBUSAPPWNSATNYY,regime-changey,forget0.999,-4.968968,24.630887,0.010787,712
CBUSAPPWNSATNYY,regime-changey,forget0.99,-4.924436,23.566168,0.010393,712
CBUSAPPWNSATNYY,regime-changey,forget0.97,-4.979448,23.662407,0.005618,712
CBUSAPPWNSATX,stationary,forget1.0,0.147659,0.123816,0.014394,767
CBUSAPPWNSATX,stationary,forget0.999,0.145801,0.124053,0.015254,767
CBUSAPPWNSATX,stationary,forget0.99,0.122177,0.127398,0.013090,767
CBUSAPPWNSATX,stationary,forget0.97,0.035470,0.139155,0.010300,767
CBUSAPPWNSAUS,stationary,forget1.0,0.330762,0.109760,0.026128,767
CBUSAPPWNSAUS,stationary,forget0.999,0.330863,0.109731,0.026389,767
CBUSAPPWNSAUS,stationary,forget0.99,0.317856,0.111496,0.027171,767
CBUSAPPWNSAUS,stationary,forget0.97,0.248485,0.119753,0.030900,767
CBUSAPPWNSATXYY,regime-changey,forget1.0,-4.818317,21.143383,0.020899,712
CBUSAPPWNSATXYY,regime-changey,forget0.999,-4.830173,21.914144,0.021742,712
CBUSAPPWNSATXYY,regime-changey,forget0.99,-4.797894,21.152847,0.017528,712
CBUSAPPWNSATXYY,regime-changey,forget0.97,-4.813026,20.658631,0.014944,712
CBUSAPPWNSAUSYY,regime-changey,forget1.0,-4.416214,18.036542,0.030730,712
CBUSAPPWNSAUSYY,regime-changey,forget0.999,-4.411822,18.020537,0.031011,712
CBUSAPPWNSAUSYY,regime-changey,forget0.99,-4.410100,17.818690,0.028483,712
CBUSAPPWNSAUSYY,regime-changey,forget0.97,-4.403622,16.955554,0.030337,712
CBUSAPPWNSAUT,stationary,forget1.0,0.566242,0.128935,0.010222,767
CBUSAPPWNSAUT,stationary,forget0.999,0.566337,0.128947,0.009961,767
CBUSAPPWNSAUT,stationary,forget0.99,0.586780,0.130270,0.013090,767
CBUSAPPWNSAUT,stationary,forget0.97,0.456192,0.150469,0.018357,767
CBUSAPPWNSAUTYY,stationary,forget1.0,-4.805276,17.965823,0.008146,712
CBUSAPPWNSAUTYY,stationary,forget0.999,-4.805197,17.966961,0.007865,712
CBUSAPPWNSAUTYY,stationary,forget0.99,-4.816499,18.174295,0.007584,712
CBUSAPPWNSAUTYY,stationary,forget0.97,-4.954454,20.455300,0.010674,712
CBUSAPPWNSAVA,stationary,forget1.0,0.385684,0.121637,0.010300,767
CBUSAPPWNSAVA,stationary,forget0.999,0.384642,0.121915,0.009257,767
CBUSAPPWNSAVA,stationary,forget0.99,0.344566,0.127247,0.005606,767
CBUSAPPWNSAVA,stationary,forget0.97,0.231014,0.139544,0.010900,767
CBUSAPPWNSAVAYY,regime-changey,forget1.0,-4.763523,20.054131,0.008708,712
CBUSAPPWNSAVAYY,regime-changey,forget0.999,-4.790775,21.683201,0.010393,712
CBUSAPPWNSAVAYY,regime-changey,forget0.99,-4.798286,21.578304,0.010730,712
CBUSAPPWNSAVAYY,regime-changey,forget0.97,-4.825995,20.963011,0.009607,712
CBUSAPPWNSAW,stationary,forget1.0,0.300612,0.109018,0.020913,767
CBUSAPPWNSAW,stationary,forget0.999,0.300607,0.109129,0.020130,767
CBUSAPPWNSAW,stationary,forget0.99,0.296281,0.110150,0.020730,767
CBUSAPPWNSAW,stationary,forget0.97,0.234450,0.117574,0.018905,767
CBUSAPPWNSAWA,stationary,forget1.0,0.488515,0.118593,0.007014,767
CBUSAPPWNSAWA,stationary,forget0.999,0.488430,0.118617,0.007014,767
CBUSAPPWNSAWA,stationary,forget0.99,0.482803,0.121442,0.007171,767
CBUSAPPWNSAWA,stationary,forget0.97,0.336996,0.137091,0.015593,767
CBUSAPPWNSAWAYY,regime-changey,forget1.0,-4.749930,17.855470,0.010730,712
CBUSAPPWNSAWAYY,regime-changey,forget0.999,-4.747810,17.807153,0.009888,712
CBUSAPPWNSAWAYY,regime-changey,forget0.99,-4.818205,18.536218,0.007809,712
CBUSAPPWNSAWAYY,regime-changey,forget0.97,-4.896527,19.579260,0.008090,712
CBUSAPPWNSAVTYY,stationary,forget1.0,-3.927284,40.033268,0.033117,709
CBUSAPPWNSAVTYY,stationary,forget0.999,-3.924449,40.027322,0.033117,709
CBUSAPPWNSAVTYY,stationary,forget0.99,-3.687354,39.597280,0.034499,709
CBUSAPPWNSAVTYY,stationary,forget0.97,-3.030729,39.650871,0.044965,709
CBUSAPPWNSAWI,stationary,forget1.0,0.904063,0.139535,0.020469,767
CBUSAPPWNSAWI,stationary,forget0.999,0.904204,0.139511,0.020469,767
CBUSAPPWNSAWI,stationary,forget0.99,0.963068,0.140503,0.018123,767
CBUSAPPWNSAWI,stationary,forget0.97,0.880545,0.159907,0.032021,767
CBUSAPPWNSAWIYY,regime-changey,forget1.0,-4.754559,20.161850,0.008876,712
CBUSAPPWNSAWIYY,regime-changey,forget0.999,-4.754173,20.163109,0.008933,712
CBUSAPPWNSAWIYY,regime-changey,forget0.99,-4.794270,20.723158,0.009719,712
CBUSAPPWNSAWIYY,regime-changey,forget0.97,-4.897765,22.842475,0.014607,712
CBUSAPPWNSAWY,stationary,forget1.0,0.908177,0.147859,0.022112,767
CBUSAPPWNSAWY,stationary,forget0.999,0.910760,0.147821,0.022034,767
CBUSAPPWNSAWY,stationary,forget0.99,1.045045,0.148442,0.018983,767
CBUSAPPWNSAWY,stationary,forget0.97,1.191042,0.161251,0.027771,767
CBUSAPPWNSAWVYY,stationary,forget1.0,-4.008531,31.960204,0.034177,711
CBUSAPPWNSAWVYY,stationary,forget0.999,-4.008041,31.958830,0.034177,711
CBUSAPPWNSAWVYY,stationary,forget0.99,-3.811970,31.768459,0.029958,711
CBUSAPPWNSAWVYY,stationary,forget0.97,-3.514909,33.927178,0.035893,711
CBUSAPPWNSAWYY,regime-changey,forget1.0,-4.413193,15.906418,0.017528,712
CBUSAPPWNSAWYY,regime-changey,forget0.999,-4.438976,16.278953,0.018034,712
CBUSAPPWNSAWYY,regime-changey,forget0.99,-4.506989,17.345616,0.017753,712
CBUSAPPWNSAWYY,regime-changey,forget0.97,-4.518343,17.318929,0.018596,712
CBUSAPPWNSAWYYY,regime-changey,forget1.0,-4.651375,24.851472,0.010899,712
CBUSAPPWNSAWYYY,regime-changey,forget0.999,-4.651104,24.851206,0.010899,712
CBUSAPPWNSAWYYY,regime-changey,forget0.99,-4.633136,24.134559,0.009831,712
CBUSAPPWNSAWYYY,regime-changey,forget0.97,-4.761898,27.165295,0.014270,712
CCLACBW027NBOG,regime-changey,forget1.0,3.309878,0.005656,0.015800,1000
CCLACBW027NBOG,regime-changey,forget0.999,3.304663,0.005715,0.015800,1000
CCLACBW027NBOG,regime-changey,forget0.99,3.294156,0.005803,0.015000,1000
CCLACBW027NBOG,regime-changey,forget0.97,3.278138,0.006041,0.015200,1000
CCLACBW027SBOG,regime-changey,forget1.0,4.011276,0.003651,0.021200,1000
CCLACBW027SBOG,regime-changey,forget0.999,4.014161,0.003692,0.020400,1000
CCLACBW027SBOG,regime-changey,forget0.99,4.002956,0.003813,0.021000,1000
CCLACBW027SBOG,regime-changey,forget0.97,3.971374,0.004111,0.019800,1000
CC4WSA,regime-changey,forget1.0,3.773639,0.004321,0.009400,1000
CC4WSA,regime-changey,forget0.999,3.813566,0.003976,0.009600,1000
CC4WSA,regime-changey,forget0.99,3.803741,0.004222,0.010000,1000
CC4WSA,regime-changey,forget0.97,3.799060,0.004375,0.011200,1000
CCLDCBW027NBOG,regime-changey,forget1.0,3.310002,0.005656,0.015400,1000
CCLDCBW027NBOG,regime-changey,forget0.999,3.304786,0.005715,0.015600,1000
CCLDCBW027NBOG,regime-changey,forget0.99,3.294159,0.005803,0.014600,1000
CCLDCBW027NBOG,regime-changey,forget0.97,3.278062,0.006042,0.014800,1000
CCLDCBW027SBOG,regime-changey,forget1.0,4.007810,0.003656,0.021400,1000
CCLDCBW027SBOG,regime-changey,forget0.999,4.010122,0.003697,0.020600,1000
CCLDCBW027SBOG,regime-changey,forget0.99,3.999155,0.003818,0.021200,1000
CCLDCBW027SBOG,regime-changey,forget0.97,3.967875,0.004116,0.020000,1000
CCLLCBW027NBOG,regime-changey,forget1.0,3.320677,0.005585,0.016400,1000
CCLLCBW027NBOG,regime-changey,forget0.999,3.313559,0.005640,0.014600,1000
CCLLCBW027NBOG,regime-changey,forget0.99,3.299245,0.005790,0.014000,1000
CCLLCBW027NBOG,regime-changey,forget0.97,3.278339,0.006074,0.012200,1000
CCLLCBW027SBOG,regime-changey,forget1.0,4.036523,0.003597,0.020600,1000
CCLLCBW027SBOG,regime-changey,forget0.999,4.039416,0.003615,0.019200,1000
CCLLCBW027SBOG,regime-changey,forget0.99,4.017534,0.003759,0.021400,1000
CCLLCBW027SBOG,regime-changey,forget0.97,3.993003,0.004057,0.021000,1000
CE16OV,regime-changey,forget1.0,4.276745,0.002461,0.020625,640
CE16OV,regime-changey,forget0.999,4.277411,0.002613,0.015938,640
CE16OV,regime-changey,forget0.99,4.345142,0.002252,0.013438,640
CE16OV,regime-changey,forget0.97,4.350886,0.002128,0.009687,640
CCLSCBW027NBOG,regime-changey,forget1.0,2.793652,0.009279,0.025400,1000
CCLSCBW027NBOG,regime-changey,forget0.999,2.802264,0.009232,0.023800,1000
CCLSCBW027NBOG,regime-changey,forget0.99,2.788104,0.010161,0.018200,1000
CCLSCBW027NBOG,regime-changey,forget0.97,2.750832,0.010847,0.019800,1000
CCLSCBW027SBOG,regime-changey,forget1.0,3.065078,0.007573,0.044600,1000
CCLSCBW027SBOG,regime-changey,forget0.999,3.071188,0.007557,0.045000,1000
CCLSCBW027SBOG,regime-changey,forget0.99,3.047468,0.008251,0.036800,1000
CCLSCBW027SBOG,regime-changey,forget0.97,3.019005,0.008753,0.035000,1000
CES0600000006,regime-changey,forget1.0,4.153536,0.002586,0.014190,654
CES0600000006,regime-changey,forget0.999,4.170868,0.002550,0.014190,654
CES0600000006,regime-changey,forget0.99,4.210997,0.002455,0.015535,654
CES0600000006,regime-changey,forget0.97,4.211820,0.002499,0.013089,654
CES0600000007,stationary,forget1.0,4.559949,0.003306,0.025176,653
CES0600000007,stationary,forget0.999,4.567882,0.003291,0.025482,653
CES0600000007,stationary,forget0.99,4.533395,0.003375,0.029250,653
CES0600000007,stationary,forget0.97,4.435251,0.003605,0.032925,653
CES0600000008,stationary,forget1.0,4.726256,0.001217,0.009648,653
CES0600000008,stationary,forget0.999,4.726521,0.001217,0.009342,653
CES0600000008,stationary,forget0.99,4.722368,0.001223,0.010965,653
CES0600000008,stationary,forget0.97,4.698557,0.001252,0.009954,653
CES0600000030,stationary,forget1.0,3.558604,0.003839,0.010153,654
CES0600000030,stationary,forget0.999,3.562074,0.003822,0.010459,654
CES0600000030,stationary,forget0.99,3.559350,0.003844,0.007645,654
CES0600000030,stationary,forget0.97,3.509152,0.004043,0.011009,654
CES0600000034,stationary,forget1.0,3.307231,0.005299,0.012049,654
CES0600000034,stationary,forget0.999,3.304382,0.005362,0.011009,654
CES0600000034,stationary,forget0.99,3.302839,0.005535,0.008440,654
CES0600000034,stationary,forget0.97,3.286546,0.005540,0.008685,654
CCSA,regime-changey,forget1.0,2.676293,0.011757,0.007600,1000
CCSA,regime-changey,forget0.999,2.644982,0.011666,0.006200,1000
CCSA,regime-changey,forget0.99,2.675792,0.011777,0.008200,1000
CCSA,regime-changey,forget0.97,2.641066,0.012134,0.007600,1000
CCNSA,stationary,forget1.0,1.821945,0.023466,0.024000,1000
CCNSA,stationary,forget0.999,1.826180,0.023373,0.025400,1000
CCNSA,stationary,forget0.99,1.794211,0.024100,0.020200,1000
CCNSA,stationary,forget0.97,1.764502,0.024758,0.016200,1000
CES0600000035,regime-changey,forget1.0,3.188557,0.005965,0.033028,654
CES0600000035,regime-changey,forget0.999,3.196782,0.005939,0.032722,654
CES0600000035,regime-changey,forget0.99,3.268718,0.005588,0.012477,654
CES0600000035,regime-changey,forget0.97,3.239654,0.005762,0.008440,654
CES0800000001,regime-changey,forget1.0,5.076852,0.001349,0.015861,749
CES0800000001,regime-changey,forget0.999,5.072436,0.001351,0.015861,749
CES0800000001,regime-changey,forget0.99,5.051801,0.001431,0.014232,749
CES0800000001,regime-changey,forget0.97,5.034908,0.001560,0.016636,749
CES1000000006,regime-changey,forget1.0,3.130916,0.006975,0.025382,654
CES1000000006,regime-changey,forget0.999,3.154345,0.006843,0.023853,654
CES1000000006,regime-changey,forget0.99,3.255665,0.006252,0.011743,654
CES1000000006,regime-changey,forget0.97,3.269151,0.006213,0.013456,654
CES1000000007,stationary,forget1.0,3.277529,0.005988,0.014855,653
CES1000000007,stationary,forget0.999,3.276837,0.005989,0.013936,653
CES1000000007,stationary,forget0.99,3.255390,0.006087,0.014334,653
CES1000000007,stationary,forget0.97,3.206294,0.006331,0.009954,653
CES1000000008,stationary,forget1.0,3.691244,0.003451,0.018471,654
CES1000000008,stationary,forget0.999,3.710306,0.003368,0.010398,654
CES1000000008,stationary,forget0.99,3.745284,0.003252,0.007034,654
CES1000000008,stationary,forget0.97,3.721022,0.003340,0.009786,654
CES1000000030,stationary,forget1.0,2.911114,0.007303,0.029786,654
CES1000000030,stationary,forget0.999,2.929185,0.007180,0.024893,654
CES1000000030,stationary,forget0.99,2.949364,0.007041,0.012477,654
CES1000000030,stationary,forget0.97,2.915930,0.007270,0.010642,654
CES1000000034,regime-changey,forget1.0,2.606132,0.010492,0.011009,654
CES1000000034,regime-changey,forget0.999,2.604780,0.010502,0.011804,654
CES1000000034,regime-changey,forget0.99,2.614900,0.010402,0.012416,654
CES1000000034,regime-changey,forget0.97,2.610031,0.010460,0.009908,654
CES1000000035,regime-changey,forget1.0,2.488520,0.011555,0.020000,654
CES1000000035,regime-changey,forget0.999,2.493807,0.011492,0.020183,654
CES1000000035,regime-changey,forget0.99,2.525500,0.011098,0.012661,654
CES1000000035,regime-changey,forget0.97,2.508824,0.011277,0.010948,654
CES1011330001,stationary,forget1.0,2.726567,0.008669,0.009433,653
CES1011330001,stationary,forget0.999,2.724226,0.008686,0.009433,653
CES1011330001,stationary,forget0.99,2.708150,0.008784,0.010352,653
CES1011330001,stationary,forget0.97,2.686072,0.008974,0.006891,653
CES2000000006,stationary,forget1.0,3.367815,0.005637,0.022297,653
CES2000000006,stationary,forget0.999,3.412780,0.005223,0.021286,653
CES2000000006,stationary,forget0.99,3.533702,0.004570,0.016784,653
CES2000000006,stationary,forget0.97,3.529281,0.004602,0.017795,653
CES2000000008,stationary,forget1.0,4.106177,0.002304,0.010567,653
CES2000000008,stationary,forget0.999,4.100425,0.002312,0.010873,653
CES2000000008,stationary,forget0.99,4.095748,0.002327,0.010352,653
CES2000000008,stationary,forget0.97,4.062995,0.002393,0.013109,653
CES2000000007,stationary,forget1.0,3.204837,0.006254,0.009648,653
CES2000000007,stationary,forget0.999,3.194689,0.006315,0.012619,653
CES2000000007,stationary,forget0.99,3.166938,0.006508,0.009433,653
CES2000000007,stationary,forget0.97,3.067482,0.007084,0.010168,653
CES2000000030,stationary,forget1.0,3.003168,0.006855,0.009786,654
CES2000000030,stationary,forget0.999,3.009481,0.006821,0.007951,654
CES2000000030,stationary,forget0.99,3.003977,0.006865,0.007645,654
CES2000000030,stationary,forget0.97,2.919184,0.007361,0.007339,654
CES2000000034,stationary,forget1.0,2.645310,0.009975,0.015107,654
CES2000000034,stationary,forget0.999,2.645034,0.009977,0.015719,654
CES2000000034,stationary,forget0.99,2.644518,0.010035,0.011437,654
CES2000000034,stationary,forget0.97,2.596968,0.010503,0.010214,654
CES2000000035,stationary,forget1.0,2.578450,0.010394,0.029969,654
CES2000000035,stationary,forget0.999,2.578085,0.010393,0.029847,654
CES2000000035,stationary,forget0.99,2.617398,0.010165,0.013761,654
CES2000000035,stationary,forget0.97,2.583002,0.010532,0.009174,654
CES3000000010,regime-changey,forget1.0,4.529082,0.001856,0.013725,510
CES3000000010,regime-changey,forget0.999,4.525952,0.001855,0.012157,510
CES3000000010,regime-changey,forget0.99,4.507227,0.001879,0.013725,510
CES3000000010,regime-changey,forget0.97,4.503794,0.001918,0.014902,510
CES3000000006,stationary,forget1.0,4.239572,0.002325,0.016716,749
CES3000000006,stationary,forget0.999,4.237375,0.002330,0.016716,749
CES3000000006,stationary,forget0.99,4.216219,0.002374,0.016716,749
CES3000000006,stationary,forget0.97,4.228178,0.002367,0.019359,749
CES3000000008,stationary,forget1.0,4.592999,0.001550,0.011322,749
CES3000000008,stationary,forget0.999,4.592598,0.001550,0.011055,749
CES3000000008,stationary,forget0.99,4.572354,0.001579,0.007343,749
CES3000000008,stationary,forget0.97,4.532898,0.001638,0.007637,749
CES3000000030,stationary,forget1.0,3.519802,0.003993,0.048171,749
CES3000000030,stationary,forget0.999,3.542402,0.003914,0.042296,749
CES3000000030,stationary,forget0.99,3.634276,0.003595,0.008678,749
CES3000000030,stationary,forget0.97,3.602287,0.003736,0.008411,749
CES3000000034,stationary,forget1.0,3.474770,0.004723,0.013778,749
CES3000000034,stationary,forget0.999,3.481933,0.004707,0.015087,749
CES3000000034,stationary,forget0.99,3.446864,0.005043,0.009479,749
CES3000000034,stationary,forget0.97,3.448301,0.004988,0.008171,749
CES3000000035,stationary,forget1.0,3.289471,0.006183,0.012800,750
CES3000000035,stationary,forget0.999,3.300842,0.006094,0.013600,750
CES3000000035,stationary,forget0.99,3.355051,0.005581,0.012000,750
CES3000000035,stationary,forget0.97,3.350710,0.005548,0.010133,750
CES3100000009,stationary,forget1.0,3.136370,0.019871,0.064982,546
CES3100000009,stationary,forget0.999,3.138031,0.019862,0.062784,546
CES3100000009,stationary,forget0.99,3.129337,0.019970,0.062051,546
CES3100000009,stationary,forget0.97,3.089760,0.020455,0.049451,546
CES3100000010,regime-changey,forget1.0,4.318099,0.002163,0.012549,510
CES3100000010,regime-changey,forget0.999,4.314040,0.002183,0.016078,510
CES3100000010,regime-changey,forget0.99,4.299170,0.002207,0.011765,510
CES3100000010,regime-changey,forget0.97,4.287867,0.002250,0.012157,510
CES3100000006,stationary,forget1.0,3.807623,0.003636,0.013600,750
CES3100000006,stationary,forget0.999,3.834948,0.003547,0.014667,750
CES3100000006,stationary,forget0.99,3.920203,0.003289,0.017067,750
CES3100000006,stationary,forget0.97,3.926048,0.003315,0.010933,750
CES3100000008,stationary,forget1.0,4.445336,0.001852,0.008411,749
CES3100000008,stationary,forget0.999,4.444290,0.001853,0.009773,749
CES3100000008,stationary,forget0.99,4.426982,0.001884,0.008411,749
CES3100000008,stationary,forget0.97,4.401105,0.001934,0.006569,749
CES3100000007,stationary,forget1.0,4.393676,0.003365,0.032267,750
CES3100000007,stationary,forget0.999,4.403234,0.003353,0.027467,750
CES3100000007,stationary,forget0.99,4.379274,0.003413,0.025067,750
CES3100000007,stationary,forget0.97,4.325216,0.003537,0.023200,750
CES3100000030,stationary,forget1.0,3.459282,0.004287,0.005867,750
CES3100000030,stationary,forget0.999,3.460541,0.004284,0.006667,750
CES3100000030,stationary,forget0.99,3.446435,0.004345,0.010133,750
CES3100000030,stationary,forget0.97,3.407219,0.004511,0.007467,750
CES3132700001,regime-changey,forget1.0,3.910501,0.003063,0.010693,606
CES3132700001,regime-changey,forget0.999,3.899445,0.003116,0.012013,606
CES3132700001,regime-changey,forget0.99,3.897615,0.003098,0.015842,606
CES3132700001,regime-changey,forget0.97,3.901164,0.003069,0.014653,606
CES3100000034,stationary,forget1.0,3.190358,0.006531,0.011733,750
CES3100000034,stationary,forget0.999,3.200386,0.006437,0.011467,750
CES3100000034,stationary,forget0.99,3.227847,0.006116,0.007467,750
CES3100000034,stationary,forget0.97,3.225394,0.006092,0.007733,750
CES3100000035,stationary,forget1.0,3.051621,0.007408,0.010667,750
CES3100000035,stationary,forget0.999,3.050438,0.007418,0.011200,750
CES3100000035,stationary,forget0.99,3.077900,0.007017,0.010667,750
CES3100000035,stationary,forget0.97,3.067919,0.006997,0.008000,750
CES3200000006,stationary,forget1.0,4.429332,0.001808,0.012533,750
CES3200000006,stationary,forget0.999,4.434846,0.001796,0.010667,750
CES3200000006,stationary,forget0.99,4.434288,0.001819,0.010933,750
CES3200000006,stationary,forget0.97,4.442035,0.001803,0.010933,750
CES3133660001,stationary,forget1.0,3.020731,0.007379,0.010963,748
CES3133660001,stationary,forget0.999,3.043229,0.007144,0.008021,748
CES3133660001,stationary,forget0.99,3.066291,0.006909,0.007807,748
CES3133660001,stationary,forget0.97,3.056077,0.007007,0.006631,748
CES3200000008,stationary,forget1.0,4.452969,0.001702,0.007467,750
CES3200000008,stationary,forget0.999,4.451887,0.001703,0.006933,750
CES3200000008,stationary,forget0.99,4.436335,0.001721,0.010667,750
CES3200000008,stationary,forget0.97,4.403805,0.001770,0.009600,750
CES3200000007,stationary,forget1.0,5.080085,0.002806,0.041333,750
CES3200000007,stationary,forget0.999,5.097454,0.002786,0.036800,750
CES3200000007,stationary,forget0.99,5.070596,0.002843,0.034667,750
CES3200000007,stationary,forget0.97,4.993348,0.002973,0.033867,750
CES3200000010,regime-changey,forget1.0,4.471639,0.002017,0.014118,510
CES3200000010,regime-changey,forget0.999,4.463311,0.002045,0.014118,510
CES3200000010,regime-changey,forget0.99,4.476234,0.002046,0.015294,510
CES3200000010,regime-changey,forget0.97,4.479123,0.002077,0.013725,510
CES3200000009,stationary,forget1.0,3.739724,0.015440,0.036996,546
CES3200000009,stationary,forget0.999,3.739522,0.015440,0.038095,546
CES3200000009,stationary,forget0.99,3.706279,0.015832,0.059341,546
CES3200000009,stationary,forget0.97,3.611615,0.016627,0.062784,546
CES3200000030,stationary,forget1.0,3.762790,0.003192,0.007467,750
CES3200000030,stationary,forget0.999,3.775816,0.003153,0.004800,750
CES3200000030,stationary,forget0.99,3.767952,0.003168,0.008267,750
CES3200000030,stationary,forget0.97,3.731479,0.003275,0.008267,750
CES4348200001,stationary,forget1.0,3.512399,0.004069,0.012006,653
CES4348200001,stationary,forget0.999,3.538575,0.003980,0.010260,653
CES4348200001,stationary,forget0.99,3.584132,0.003824,0.009342,653
CES4348200001,stationary,forget0.97,3.582744,0.003844,0.007688,653
CES3200000034,stationary,forget1.0,3.657982,0.003895,0.012800,750
CES3200000034,stationary,forget0.999,3.657908,0.003896,0.013067,750
CES3200000034,stationary,forget0.99,3.668324,0.004043,0.010933,750
CES3200000034,stationary,forget0.97,3.656432,0.004075,0.010933,750
CES3200000035,stationary,forget1.0,3.701436,0.004141,0.005867,750
CES3200000035,stationary,forget0.999,3.698829,0.004158,0.005600,750
CES3200000035,stationary,forget0.99,3.705664,0.004131,0.007733,750
CES3200000035,stationary,forget0.97,3.692416,0.004172,0.006933,750
CES9091000001,regime-changey,forget1.0,3.725288,0.004755,0.030040,749
CES9091000001,regime-changey,forget0.999,3.737370,0.004683,0.028705,749
CES9091000001,regime-changey,forget0.99,3.808207,0.004239,0.031883,749
CES9091000001,regime-changey,forget0.97,3.815088,0.004126,0.032684,749
CES9092000001,stationary,forget1.0,4.614729,0.001373,0.009408,557
CES9092000001,stationary,forget0.999,4.616324,0.001372,0.007971,557
CES9092000001,stationary,forget0.99,4.629407,0.001365,0.006643,557
CES9092000001,stationary,forget0.97,4.622364,0.001385,0.008689,557
CES9091100001,regime-changey,forget1.0,3.477402,0.005768,0.040401,749
CES9091100001,regime-changey,forget0.999,3.453934,0.006050,0.040668,749
CES9091100001,regime-changey,forget0.99,3.540054,0.005398,0.044700,749
CES9091100001,regime-changey,forget0.97,3.539294,0.005302,0.042804,749
CES9091912001,regime-changey,forget1.0,3.153690,0.006497,0.015594,749
CES9091912001,regime-changey,forget0.999,3.110519,0.006703,0.016395,749
CES9091912001,regime-changey,forget0.99,3.501284,0.004404,0.008171,749
CES9091912001,regime-changey,forget0.97,3.585763,0.004156,0.015648,749
CES9092161101,stationary,forget1.0,3.945812,0.002758,0.012496,557
CES9092161101,stationary,forget0.999,3.945609,0.002758,0.012496,557
CES9092161101,stationary,forget0.99,3.946280,0.002765,0.011203,557
CES9092161101,stationary,forget0.97,3.929971,0.002839,0.008330,557
CES9092200001,stationary,forget1.0,5.022146,0.000883,0.013106,557
CES9092200001,stationary,forget0.999,5.031965,0.000880,0.012029,557
CES9092200001,stationary,forget0.99,5.050297,0.000872,0.011670,557
CES9092200001,stationary,forget0.97,5.055996,0.000869,0.010126,557
CES9093000001,regime-changey,forget1.0,4.738552,0.001412,0.013968,557
CES9093000001,regime-changey,forget0.999,4.735608,0.001425,0.014327,557
CES9093000001,regime-changey,forget0.99,4.768700,0.001365,0.016481,557
CES9093000001,regime-changey,forget0.97,4.766271,0.001362,0.013357,557
CES9093161101,regime-changey,forget1.0,4.423364,0.001868,0.014542,557
CES9093161101,regime-changey,forget0.999,4.411286,0.001913,0.014183,557
CES9093161101,regime-changey,forget0.99,4.398026,0.001962,0.014794,557
CES9093161101,regime-changey,forget0.97,4.385907,0.001970,0.018276,557
CES9093200001,regime-changey,forget1.0,4.757315,0.001378,0.010952,557
CES9093200001,regime-changey,forget0.999,4.753892,0.001400,0.008689,557
CES9093200001,regime-changey,forget0.99,4.771453,0.001384,0.012998,557
CES9093200001,regime-changey,forget0.97,4.772862,0.001375,0.013357,557
CEU0500000001,stationary,forget1.0,4.464433,0.002004,0.014019,749
CEU0500000001,stationary,forget0.999,4.464348,0.002004,0.014019,749
CEU0500000001,stationary,forget0.99,4.453765,0.002139,0.012977,749
CEU0500000001,stationary,forget0.97,4.442032,0.002127,0.013511,749
CEU0600000001,stationary,forget1.0,3.850097,0.003384,0.013218,749
CEU0600000001,stationary,forget0.999,3.872740,0.003257,0.011883,749
CEU0600000001,stationary,forget0.99,3.926058,0.003003,0.012176,749
CEU0600000001,stationary,forget0.97,3.665966,0.003696,0.011375,749
CEU0600000006,stationary,forget1.0,3.752196,0.003578,0.015596,654
CEU0600000006,stationary,forget0.999,3.747843,0.003607,0.014985,654
CEU0600000006,stationary,forget0.99,3.745727,0.003622,0.013150,654
CEU0600000006,stationary,forget0.97,3.757588,0.003608,0.014557,654
CEU0600000007,stationary,forget1.0,3.272013,0.005484,0.012538,654
CEU0600000007,stationary,forget0.999,3.279296,0.005419,0.013272,654
CEU0600000007,stationary,forget0.99,3.344965,0.005159,0.011315,654
CEU0600000007,stationary,forget0.97,3.229820,0.005738,0.015719,654
CEU0600000008,stationary,forget1.0,4.449550,0.001649,0.010520,654
CEU0600000008,stationary,forget0.999,4.457980,0.001626,0.009297,654
CEU0600000008,stationary,forget0.99,4.484572,0.001570,0.009297,654
CEU0600000008,stationary,forget0.97,4.345357,0.001779,0.014862,654
CEU0600000030,stationary,forget1.0,3.119472,0.005944,0.015719,654
CEU0600000030,stationary,forget0.999,3.128099,0.005895,0.013884,654
CEU0600000030,stationary,forget0.99,3.154663,0.005721,0.011131,654
CEU0600000030,stationary,forget0.97,3.045413,0.006332,0.011315,654
CEU0600000034,stationary,forget1.0,2.906366,0.007577,0.012110,654
CEU0600000034,stationary,forget0.999,2.908981,0.007554,0.008746,654
CEU0600000034,stationary,forget0.99,2.911481,0.007493,0.011621,654
CEU0600000034,stationary,forget0.97,2.859976,0.007856,0.011437,654
CEU0600000035,stationary,forget1.0,2.851377,0.007968,0.012538,654
CEU0600000035,stationary,forget0.999,2.857532,0.007942,0.011621,654
CEU0600000035,stationary,forget0.99,2.862478,0.007858,0.009541,654
CEU0600000035,stationary,forget0.97,2.802277,0.008327,0.012049,654
CEU0800000001,stationary,forget1.0,4.641185,0.001782,0.014667,750
CEU0800000001,stationary,forget0.999,4.641182,0.001782,0.014667,750
CEU0800000001,stationary,forget0.99,4.578706,0.002096,0.010933,750
CEU0800000001,stationary,forget0.97,4.610800,0.001918,0.014933,750
CEU1000000006,stationary,forget1.0,2.661989,0.009435,0.006544,654
CEU1000000006,stationary,forget0.999,2.679425,0.009275,0.004465,654
CEU1000000006,stationary,forget0.99,2.688197,0.009140,0.006239,654
CEU1000000006,stationary,forget0.97,2.722839,0.008883,0.010887,654
CEU1000000001,stationary,forget1.0,2.862776,0.008246,0.009212,749
CEU1000000001,stationary,forget0.999,2.861151,0.008252,0.008438,749
CEU1000000001,stationary,forget0.99,2.862279,0.008223,0.010814,749
CEU1000000001,stationary,forget0.97,2.903241,0.007965,0.009720,749
CEU1000000008,stationary,forget1.0,3.355801,0.004692,0.019083,654
CEU1000000008,stationary,forget0.999,3.373572,0.004625,0.009786,654
CEU1000000008,stationary,forget0.99,3.400338,0.004490,0.011315,654
CEU1000000008,stationary,forget0.97,3.399102,0.004499,0.009602,654
CEU1000000007,stationary,forget1.0,2.822090,0.008168,0.011927,654
CEU1000000007,stationary,forget0.999,2.818997,0.008186,0.012049,654
CEU1000000007,stationary,forget0.99,2.811863,0.008236,0.010826,654
CEU1000000007,stationary,forget0.97,2.768636,0.008529,0.009052,654
CEU1000000030,stationary,forget1.0,2.673506,0.009164,0.017859,654
CEU1000000030,stationary,forget0.999,2.678161,0.009135,0.016024,654
CEU1000000030,stationary,forget0.99,2.681556,0.009062,0.013761,654
CEU1000000030,stationary,forget0.97,2.647330,0.009391,0.011131,654
CEU1000000034,stationary,forget1.0,2.212642,0.014717,0.005138,654
CEU1000000034,stationary,forget0.999,2.211768,0.014746,0.006116,654
CEU1000000034,stationary,forget0.99,2.206276,0.014842,0.007951,654
CEU1000000034,stationary,forget0.97,2.211502,0.014741,0.011437,654
CEU1000000035,stationary,forget1.0,2.179882,0.015202,0.013456,654
CEU1000000035,stationary,forget0.999,2.178175,0.015219,0.011560,654
CEU1000000035,stationary,forget0.99,2.184985,0.015084,0.009969,654
CEU1000000035,stationary,forget0.97,2.187603,0.015065,0.013150,654
CEU1011330001,stationary,forget1.0,2.460933,0.011412,0.007462,654
CEU1011330001,stationary,forget0.999,2.461445,0.011406,0.007768,654
CEU1011330001,stationary,forget0.99,2.500579,0.011003,0.007645,654
CEU1011330001,stationary,forget0.97,2.334116,0.012933,0.007523,654
CEU2000000006,stationary,forget1.0,3.143190,0.006208,0.012110,654
CEU2000000006,stationary,forget0.999,3.143106,0.006208,0.012110,654
CEU2000000006,stationary,forget0.99,3.130604,0.006307,0.010581,654
CEU2000000006,stationary,forget0.97,3.122686,0.006372,0.008807,654
CEU2000000030,stationary,forget1.0,2.517886,0.010829,0.010826,654
CEU2000000030,stationary,forget0.999,2.525565,0.010743,0.011743,654
CEU2000000030,stationary,forget0.99,2.548810,0.010453,0.011009,654
CEU2000000030,stationary,forget0.97,2.436719,0.011723,0.010520,654
CEU2000000001,stationary,forget1.0,3.254426,0.005626,0.010013,749
CEU2000000001,stationary,forget0.999,3.254057,0.005625,0.010280,749
CEU2000000001,stationary,forget0.99,3.257157,0.005619,0.006542,749
CEU2000000001,stationary,forget0.97,3.228360,0.005812,0.008919,749
CEU2000000007,stationary,forget1.0,2.542602,0.010616,0.009297,654
CEU2000000007,stationary,forget0.999,2.564043,0.010373,0.007951,654
CEU2000000007,stationary,forget0.99,2.594580,0.010155,0.010581,654
CEU2000000007,stationary,forget0.97,2.510918,0.011083,0.006728,654
CEU2000000034,stationary,forget1.0,2.218408,0.014738,0.007278,654
CEU2000000034,stationary,forget0.999,2.223064,0.014665,0.007951,654
CEU2000000034,stationary,forget0.99,2.227937,0.014542,0.012049,654
CEU2000000034,stationary,forget0.97,2.196623,0.015195,0.009480,654
CEU2000000035,stationary,forget1.0,2.204267,0.014877,0.008502,654
CEU2000000035,stationary,forget0.999,2.208331,0.014815,0.010031,654
CEU2000000035,stationary,forget0.99,2.219544,0.014655,0.006850,654
CEU2000000035,stationary,forget0.97,2.174923,0.015458,0.009786,654
CEU3000000001,stationary,forget1.0,3.575705,0.003972,0.014579,749
CEU3000000001,stationary,forget0.999,3.669311,0.003795,0.013218,749
CEU3000000001,stationary,forget0.99,3.703030,0.003591,0.015621,749
CEU3000000001,stationary,forget0.97,3.669878,0.003642,0.018264,749
CEU3000000010,stationary,forget1.0,4.074230,0.002656,0.009020,510
CEU3000000010,stationary,forget0.999,4.074245,0.002656,0.009020,510
CEU3000000010,stationary,forget0.99,4.061274,0.002803,0.011765,510
CEU3000000010,stationary,forget0.97,4.072171,0.002706,0.013725,510
CEU3000000009,stationary,forget1.0,1.986074,0.025722,0.014862,545
CEU3000000009,stationary,forget0.999,1.991443,0.025532,0.014312,545
CEU3000000009,stationary,forget0.99,2.008119,0.025396,0.015413,545
CEU3000000009,stationary,forget0.97,1.907316,0.028301,0.014679,545
CEU3000000006,stationary,forget1.0,3.429272,0.004804,0.016267,750
CEU3000000006,stationary,forget0.999,3.562498,0.004466,0.018667,750
CEU3000000006,stationary,forget0.99,3.608714,0.004082,0.016533,750
CEU3000000006,stationary,forget0.97,3.492670,0.004383,0.016267,750
CEU3000000007,stationary,forget1.0,3.325150,0.005337,0.014499,749
CEU3000000007,stationary,forget0.999,3.366210,0.005076,0.012417,749
CEU3000000007,stationary,forget0.99,3.472760,0.004575,0.007049,749
CEU3000000007,stationary,forget0.97,3.399905,0.004929,0.010788,749
CEU3000000030,stationary,forget1.0,3.146857,0.005993,0.011200,750
CEU3000000030,stationary,forget0.999,3.179907,0.005751,0.007467,750
CEU3000000030,stationary,forget0.99,3.246211,0.005240,0.007467,750
CEU3000000030,stationary,forget0.97,3.149143,0.005704,0.015200,750
CEU3000000034,stationary,forget1.0,2.964804,0.007603,0.010133,750
CEU3000000034,stationary,forget0.999,2.983822,0.007377,0.010133,750
CEU3000000034,stationary,forget0.99,3.058518,0.006738,0.009067,750
CEU3000000034,stationary,forget0.97,2.931306,0.007427,0.019200,750
CEU3000000035,stationary,forget1.0,2.775248,0.009190,0.018133,750
CEU3000000035,stationary,forget0.999,2.825560,0.008714,0.015467,750
CEU3000000035,stationary,forget0.99,2.870578,0.008084,0.018400,750
CEU3000000035,stationary,forget0.97,2.717565,0.009080,0.026400,750
CEU3100000001,stationary,forget1.0,3.520848,0.004318,0.028000,750
CEU3100000001,stationary,forget0.999,3.518075,0.004362,0.027467,750
CEU3100000001,stationary,forget0.99,3.520245,0.004326,0.027200,750
CEU3100000001,stationary,forget0.97,3.540671,0.004224,0.030667,750
CEU3100000006,stationary,forget1.0,3.246107,0.005736,0.028267,750
CEU3100000006,stationary,forget0.999,3.251289,0.005765,0.027200,750
CEU3100000006,stationary,forget0.99,3.260685,0.005689,0.026400,750
CEU3100000006,stationary,forget0.97,3.291585,0.005513,0.025867,750
CEU3100000010,stationary,forget1.0,3.850427,0.003139,0.016078,510
CEU3100000010,stationary,forget0.999,3.850777,0.003139,0.015686,510
CEU3100000010,stationary,forget0.99,3.826410,0.003248,0.018039,510
CEU3100000010,stationary,forget0.97,3.753016,0.003393,0.022745,510
CEU3100000009,stationary,forget1.0,1.756599,0.032055,0.014652,546
CEU3100000009,stationary,forget0.999,1.763202,0.031609,0.017582,546
CEU3100000009,stationary,forget0.99,1.794542,0.031009,0.018535,546
CEU3100000009,stationary,forget0.97,1.688915,0.034978,0.019267,546
CEU3100000007,stationary,forget1.0,3.239647,0.006364,0.015467,750
CEU3100000007,stationary,forget0.999,3.291022,0.005997,0.012800,750
CEU3100000007,stationary,forget0.99,3.408568,0.005298,0.009600,750
CEU3100000007,stationary,forget0.97,3.333013,0.005690,0.011467,750
CEU3100000008,stationary,forget1.0,4.105576,0.002635,0.010307,749
CEU3100000008,stationary,forget0.999,4.137313,0.002557,0.008945,749
CEU3100000008,stationary,forget0.99,4.129442,0.002550,0.004112,749
CEU3100000008,stationary,forget0.97,4.039959,0.002752,0.005180,749
CEU3100000030,stationary,forget1.0,2.926014,0.007395,0.013600,750
CEU3100000030,stationary,forget0.999,2.991621,0.006925,0.008000,750
CEU3100000030,stationary,forget0.99,3.067630,0.006297,0.011733,750
CEU3100000030,stationary,forget0.97,2.974898,0.006796,0.009067,750
CEU3100000034,stationary,forget1.0,2.503948,0.011249,0.038400,750
CEU3100000034,stationary,forget0.999,2.638164,0.010337,0.029333,750
CEU3100000034,stationary,forget0.99,2.746797,0.009072,0.022933,750
CEU3100000034,stationary,forget0.97,2.624334,0.009963,0.032267,750
CEU3132700001,stationary,forget1.0,3.531613,0.004177,0.012871,606
CEU3132700001,stationary,forget0.999,3.532321,0.004176,0.011881,606
CEU3132700001,stationary,forget0.99,3.532001,0.004189,0.006931,606
CEU3132700001,stationary,forget0.97,3.493075,0.004299,0.008119,606
CEU3100000035,stationary,forget1.0,2.342096,0.013060,0.036000,750
CEU3100000035,stationary,forget0.999,2.437975,0.012352,0.032800,750
CEU3100000035,stationary,forget0.99,2.652275,0.010115,0.014933,750
CEU3100000035,stationary,forget0.97,2.528926,0.011005,0.026933,750
CEU3133660001,stationary,forget1.0,2.912610,0.007887,0.009746,749
CEU3133660001,stationary,forget0.999,2.926166,0.007735,0.010040,749
CEU3133660001,stationary,forget0.99,2.934550,0.007640,0.006569,749
CEU3133660001,stationary,forget0.97,2.920983,0.007733,0.008678,749
CEU3200000001,stationary,forget1.0,4.258013,0.002137,0.010933,750
CEU3200000001,stationary,forget0.999,4.258751,0.002137,0.010933,750
CEU3200000001,stationary,forget0.99,4.257097,0.002201,0.009600,750
CEU3200000001,stationary,forget0.97,4.282810,0.002138,0.008267,750
CEU3200000006,stationary,forget1.0,4.039219,0.002573,0.012267,750
CEU3200000006,stationary,forget0.999,4.039269,0.002573,0.012267,750
CEU3200000006,stationary,forget0.99,4.041134,0.002606,0.011733,750
CEU3200000006,stationary,forget0.97,4.066172,0.002543,0.007467,750
CEU3200000007,stationary,forget1.0,3.512450,0.004619,0.017600,750
CEU3200000007,stationary,forget0.999,3.549152,0.004487,0.013867,750
CEU3200000007,stationary,forget0.99,3.638738,0.004129,0.010400,750
CEU3200000007,stationary,forget0.97,3.551974,0.004447,0.014667,750
CEU3200000010,stationary,forget1.0,3.997791,0.002772,0.010588,510
CEU3200000010,stationary,forget0.999,3.998323,0.002772,0.010588,510
CEU3200000010,stationary,forget0.99,3.966695,0.002983,0.013333,510
CEU3200000010,stationary,forget0.97,4.012736,0.002841,0.013333,510
CEU3200000009,stationary,forget1.0,2.401872,0.022351,0.018681,546
CEU3200000009,stationary,forget0.999,2.407129,0.022159,0.019267,546
CEU3200000009,stationary,forget0.99,2.432639,0.021844,0.017802,546
CEU3200000009,stationary,forget0.97,2.364175,0.024230,0.013040,546
CEU3200000008,stationary,forget1.0,3.909032,0.002992,0.010400,750
CEU3200000008,stationary,forget0.999,3.926017,0.002944,0.009600,750
CEU3200000008,stationary,forget0.99,4.106755,0.002498,0.012000,750
CEU3200000008,stationary,forget0.97,4.036818,0.002640,0.011467,750
CEU3200000030,stationary,forget1.0,3.314417,0.004959,0.018400,750
CEU3200000030,stationary,forget0.999,3.360525,0.004729,0.016800,750
CEU3200000030,stationary,forget0.99,3.447397,0.004306,0.012800,750
CEU3200000030,stationary,forget0.97,3.364177,0.004614,0.014133,750
CEU3200000034,stationary,forget1.0,3.259337,0.005496,0.011200,750
CEU3200000034,stationary,forget0.999,3.259352,0.005495,0.011200,750
CEU3200000034,stationary,forget0.99,3.264668,0.005439,0.009333,750
CEU3200000034,stationary,forget0.97,3.253912,0.005495,0.006133,750
CEU3200000035,stationary,forget1.0,3.275587,0.005414,0.005600,750
CEU3200000035,stationary,forget0.999,3.285229,0.005375,0.006933,750
CEU3200000035,stationary,forget0.99,3.302275,0.005311,0.008533,750
CEU3200000035,stationary,forget0.97,3.188277,0.005825,0.009867,750
CEU4000000001,stationary,forget1.0,4.405940,0.001911,0.009067,750
CEU4000000001,stationary,forget0.999,4.405924,0.001911,0.009067,750
CEU4000000001,stationary,forget0.99,4.352204,0.002152,0.010400,750
CEU4000000001,stationary,forget0.97,4.376161,0.002035,0.012000,750
CEU4348200001,stationary,forget1.0,3.250819,0.005410,0.006606,654
CEU4348200001,stationary,forget0.999,3.283761,0.005215,0.005688,654
CEU4348200001,stationary,forget0.99,3.371184,0.004779,0.009297,654
CEU4348200001,stationary,forget0.97,3.319430,0.005015,0.009358,654
CEU4142000001,stationary,forget1.0,4.469527,0.001637,0.012800,750
CEU4142000001,stationary,forget0.999,4.469544,0.001637,0.012533,750
CEU4142000001,stationary,forget0.99,4.467786,0.001683,0.009600,750
CEU4142000001,stationary,forget0.97,4.419115,0.001729,0.009867,750
CEU4200000001,stationary,forget1.0,4.116961,0.002694,0.006275,749
CEU4200000001,stationary,forget0.999,4.093490,0.002734,0.010013,749
CEU4200000001,stationary,forget0.99,4.129134,0.002776,0.011375,749
CEU4200000001,stationary,forget0.97,4.140455,0.002619,0.011081,749
CEU5000000001,regime-changey,forget1.0,3.518362,0.005346,0.025260,749
CEU5000000001,regime-changey,forget0.999,3.470115,0.005447,0.027664,749
CEU5000000001,regime-changey,forget0.99,3.488456,0.005162,0.028972,749
CEU5000000001,regime-changey,forget0.97,3.443180,0.005312,0.030040,749
CEU5500000001,stationary,forget1.0,4.792508,0.001144,0.012951,749
CEU5500000001,stationary,forget0.999,4.792912,0.001144,0.013218,749
CEU5500000001,stationary,forget0.99,4.807143,0.001139,0.010574,749
CEU5500000001,stationary,forget0.97,4.794918,0.001146,0.013458,749
CEU6000000001,stationary,forget1.0,4.392255,0.001896,0.013218,749
CEU6000000001,stationary,forget0.999,4.392269,0.001896,0.013244,749
CEU6000000001,stationary,forget0.99,4.376752,0.001973,0.013218,749
CEU6000000001,stationary,forget0.97,4.358886,0.002002,0.010547,749
CEU6500000001,stationary,forget1.0,4.575241,0.001672,0.009186,749
CEU6500000001,stationary,forget0.999,4.575287,0.001672,0.009186,749
CEU6500000001,stationary,forget0.99,4.577595,0.001778,0.011615,749
CEU6500000001,stationary,forget0.97,4.565810,0.001755,0.009720,749
CEU7000000001,regime-changey,forget1.0,3.880495,0.005398,0.008678,749
CEU7000000001,regime-changey,forget0.999,3.879284,0.005605,0.012150,749
CEU7000000001,regime-changey,forget0.99,3.906930,0.006217,0.014312,749
CEU7000000001,regime-changey,forget0.97,3.941524,0.005009,0.007343,749
CEU9000000001,stationary,forget1.0,4.312898,0.001878,0.008358,749
CEU9000000001,stationary,forget0.999,4.312671,0.001878,0.008358,749
CEU9000000001,stationary,forget0.99,4.315684,0.001894,0.011322,749
CEU9000000001,stationary,forget0.97,4.363374,0.001799,0.009453,749
CEU8000000001,regime-changey,forget1.0,4.419649,0.002383,0.010133,750
CEU8000000001,regime-changey,forget0.999,4.419907,0.002383,0.009867,750
CEU8000000001,regime-changey,forget0.99,4.402500,0.002547,0.009067,750
CEU8000000001,regime-changey,forget0.97,4.425545,0.002394,0.008533,750
CEU9091000001,stationary,forget1.0,3.428284,0.005425,0.016956,749
CEU9091000001,stationary,forget0.999,3.427889,0.005426,0.016956,749
CEU9091000001,stationary,forget0.99,3.395111,0.005474,0.018264,749
CEU9091000001,stationary,forget0.97,3.395314,0.005309,0.017730,749
CEU9091100001,stationary,forget1.0,3.186485,0.006731,0.021067,750
CEU9091100001,stationary,forget0.999,3.169885,0.006879,0.020267,750
CEU9091100001,stationary,forget0.99,3.202722,0.006711,0.022133,750
CEU9091100001,stationary,forget0.97,3.199152,0.006666,0.022667,750
CEU9092000001,stationary,forget1.0,4.214053,0.002024,0.009264,557
CEU9092000001,stationary,forget0.999,4.214076,0.002024,0.009264,557
CEU9092000001,stationary,forget0.99,4.191793,0.002052,0.007217,557
CEU9092000001,stationary,forget0.97,4.190214,0.002045,0.009623,557
CEU9092161101,stationary,forget1.0,3.455533,0.004380,0.011470,558
CEU9092161101,stationary,forget0.999,3.449073,0.004391,0.009319,558
CEU9092161101,stationary,forget0.99,3.456034,0.004351,0.009606,558
CEU9092161101,stationary,forget0.97,3.481133,0.004208,0.012545,558
CEU9092200001,regime-changey,forget1.0,4.669555,0.001249,0.008941,557
CEU9092200001,regime-changey,forget0.999,4.669558,0.001249,0.009048,557
CEU9092200001,regime-changey,forget0.99,4.674549,0.001246,0.012998,557
CEU9092200001,regime-changey,forget0.97,4.674962,0.001237,0.015871,557
CEU9091912001,regime-changey,forget1.0,3.074219,0.006952,0.014667,750
CEU9091912001,regime-changey,forget0.999,3.124938,0.006555,0.010933,750
CEU9091912001,regime-changey,forget0.99,3.205786,0.005661,0.006933,750
CEU9091912001,regime-changey,forget0.97,3.224155,0.005570,0.006133,750
CEU9093000001,stationary,forget1.0,4.352123,0.001913,0.014265,558
CEU9093000001,stationary,forget0.999,4.357906,0.001923,0.011111,558
CEU9093000001,stationary,forget0.99,4.364812,0.001970,0.008315,558
CEU9093000001,stationary,forget0.97,4.396034,0.001871,0.009319,558
CEU9093161101,stationary,forget1.0,4.004025,0.002716,0.010824,558
CEU9093161101,stationary,forget0.999,4.003782,0.002718,0.011183,558
CEU9093161101,stationary,forget0.99,3.979104,0.002802,0.011470,558
CEU9093161101,stationary,forget0.97,3.996011,0.002744,0.011326,558
CEU9093200001,stationary,forget1.0,4.278726,0.002067,0.012545,558
CEU9093200001,stationary,forget0.999,4.279509,0.002065,0.012545,558
CEU9093200001,stationary,forget0.99,4.333823,0.002002,0.011039,558
CEU9093200001,stationary,forget0.97,4.367447,0.001959,0.010036,558
CHECP010000IXOBM,stationary,forget1.0,3.659132,0.003583,0.011602,543
CHECP010000IXOBM,stationary,forget0.999,3.661840,0.003567,0.011234,543
CHECP010000IXOBM,stationary,forget0.99,3.656367,0.003623,0.009503,543
CHECP010000IXOBM,stationary,forget0.97,3.596704,0.003803,0.010387,543
CHECPIALLMINMEI,stationary,forget1.0,4.520837,0.001490,0.010497,543
CHECPIALLMINMEI,stationary,forget0.999,4.526624,0.001476,0.009503,543
CHECPIALLMINMEI,stationary,forget0.99,4.496673,0.001534,0.008029,543
CHECPIALLMINMEI,stationary,forget0.97,4.455926,0.001585,0.005672,543
CHECP010000GYM,stationary,forget1.0,-1.090154,0.407644,0.008889,531
CHECP010000GYM,stationary,forget0.999,-1.090376,0.407763,0.008889,531
CHECP010000GYM,stationary,forget0.99,-1.103470,0.414444,0.008437,531
CHECP010000GYM,stationary,forget0.97,-1.122991,0.421684,0.008889,531
CHECPICORMINMEI,stationary,forget1.0,4.818135,0.001079,0.014180,543
CHECPICORMINMEI,stationary,forget0.999,4.818382,0.001079,0.014180,543
CHECPICORMINMEI,stationary,forget0.99,4.830661,0.001075,0.014438,543
CHECPICORMINMEI,stationary,forget0.97,4.789798,0.001137,0.017495,543
CHESARTMISMEI,stationary,forget1.0,2.496712,0.012386,0.013962,530
CHESARTMISMEI,stationary,forget0.999,2.497678,0.012396,0.014340,530
CHESARTMISMEI,stationary,forget0.99,2.500005,0.012282,0.016604,530
CHESARTMISMEI,stationary,forget0.97,2.381450,0.013565,0.010943,530
CHECPIENGMINMEI,stationary,forget1.0,2.446315,0.011935,0.013186,543
CHECPIENGMINMEI,stationary,forget0.999,2.446108,0.011944,0.013186,543
CHECPIENGMINMEI,stationary,forget0.99,2.445931,0.011978,0.012081,543
CHECPIENGMINMEI,stationary,forget0.97,2.435601,0.012075,0.009282,543
CHESLRTTO01GPSAM,regime-changey,forget1.0,-2.382074,1.593690,0.009910,555
CHESLRTTO01GPSAM,regime-changey,forget0.999,-2.381951,1.593389,0.009910,555
CHESLRTTO01GPSAM,regime-changey,forget0.99,-2.415780,1.616775,0.010991,555
CHESLRTTO01GPSAM,regime-changey,forget0.97,-2.480368,1.763964,0.011532,555
CHEXTEXVA01CXMLM,stationary,forget1.0,1.134973,0.043208,0.011557,533
CHEXTEXVA01CXMLM,stationary,forget0.999,1.135009,0.043208,0.011557,533
CHEXTEXVA01CXMLM,stationary,forget0.99,1.137530,0.043155,0.008555,533
CHEXTEXVA01CXMLM,stationary,forget0.97,1.080318,0.045607,0.015197,533
CHESLRTTO01GYSAM,regime-changey,forget1.0,-2.519213,1.832950,0.010662,544
CHESLRTTO01GYSAM,regime-changey,forget0.999,-2.519233,1.832952,0.010662,544
CHESLRTTO01GYSAM,regime-changey,forget0.99,-2.560460,1.873485,0.005882,544
CHESLRTTO01GYSAM,regime-changey,forget0.97,-2.672741,2.079490,0.009779,544
CHESPASTT01GYM,stationary,forget1.0,-3.179209,3.214702,0.011927,545
CHESPASTT01GYM,stationary,forget0.999,-3.177899,3.209155,0.012844,545
CHESPASTT01GYM,stationary,forget0.99,-3.187512,3.232472,0.006789,545
CHESPASTT01GYM,stationary,forget0.97,-3.203906,3.275673,0.006972,545
CHEXTIMVA01CXMLM,stationary,forget1.0,1.046188,0.047387,0.011069,533
CHEXTIMVA01CXMLM,stationary,forget0.999,1.057601,0.046861,0.010957,533
CHEXTIMVA01CXMLM,stationary,forget0.99,1.081079,0.045804,0.014934,533
CHEXTIMVA01CXMLM,stationary,forget0.97,0.983951,0.050809,0.010807,533
CHNMAINLANDEPU,regime-changey,forget1.0,-5.275959,34.080488,0.020388,618
CHNMAINLANDEPU,regime-changey,forget0.999,-5.278631,34.110955,0.021359,618
CHNMAINLANDEPU,regime-changey,forget0.99,-5.263502,34.553905,0.020971,618
CHNMAINLANDEPU,regime-changey,forget0.97,-5.349285,37.071831,0.013981,618
CFSI,stationary,forget1.0,3.098280,0.015149,0.026800,1000
CFSI,stationary,forget0.999,3.127931,0.014911,0.026000,1000
CFSI,stationary,forget0.99,3.068561,0.015033,0.028600,1000
CFSI,stationary,forget0.97,3.081972,0.015124,0.027800,1000
CHEXTNTVA01CXMLM,regime-changey,forget1.0,-19.977906,369489712.766116,0.023565,533
CHEXTNTVA01CXMLM,regime-changey,forget0.999,-19.976694,374306423.101055,0.020188,533
CHEXTNTVA01CXMLM,regime-changey,forget0.99,-19.983933,481368673.808649,0.025816,533
CHEXTNTVA01CXMLM,regime-changey,forget0.97,-19.991101,515469991.033342,0.028555,533
CIBOARD,stationary,forget1.0,4.097108,0.002399,0.004400,1000
CIBOARD,stationary,forget0.999,4.103001,0.002389,0.007600,1000
CIBOARD,stationary,forget0.99,4.092209,0.002428,0.006000,1000
CIBOARD,stationary,forget0.97,4.072556,0.002462,0.006600,1000
CIBOARDNSA,stationary,forget1.0,3.758786,0.003201,0.005200,1000
CIBOARDNSA,stationary,forget0.999,3.759809,0.003175,0.008200,1000
CIBOARDNSA,stationary,forget0.99,3.752393,0.003219,0.005800,1000
CIBOARDNSA,stationary,forget0.97,3.728870,0.003281,0.005200,1000
CILDCBW027NBOG,stationary,forget1.0,3.909567,0.002755,0.005400,1000
CILDCBW027NBOG,stationary,forget0.999,3.910407,0.002730,0.005800,1000
CILDCBW027NBOG,stationary,forget0.99,3.908802,0.002752,0.005400,1000
CILDCBW027NBOG,stationary,forget0.97,3.891836,0.002786,0.007400,1000
CILDCBW027SBOG,regime-changey,forget1.0,4.281176,0.002044,0.009600,1000
CILDCBW027SBOG,regime-changey,forget0.999,4.284120,0.002039,0.008800,1000
CILDCBW027SBOG,regime-changey,forget0.99,4.274446,0.002056,0.007400,1000
CILDCBW027SBOG,regime-changey,forget0.97,4.261127,0.002066,0.007600,1000
CILFRIW027NBOG,stationary,forget1.0,3.234127,0.005412,0.006400,1000
CILFRIW027NBOG,stationary,forget0.999,3.240663,0.005389,0.007400,1000
CILFRIW027NBOG,stationary,forget0.99,3.230272,0.005467,0.007400,1000
CILFRIW027NBOG,stationary,forget0.97,3.207266,0.005573,0.010200,1000
CILSCBW027NBOG,regime-changey,forget1.0,4.206128,0.002262,0.009600,1000
CILSCBW027NBOG,regime-changey,forget0.999,4.199391,0.002261,0.009400,1000
CILSCBW027NBOG,regime-changey,forget0.99,4.200567,0.002240,0.006800,1000
CILSCBW027NBOG,regime-changey,forget0.97,4.188584,0.002256,0.007600,1000
CILFRIW027SBOG,stationary,forget1.0,3.429307,0.004541,0.008000,1000
CILFRIW027SBOG,stationary,forget0.999,3.436604,0.004492,0.006000,1000
CILFRIW027SBOG,stationary,forget0.99,3.428296,0.004536,0.005800,1000
CILFRIW027SBOG,stationary,forget0.97,3.410905,0.004605,0.006400,1000
CIVPART,stationary,forget1.0,5.809342,0.001391,0.048125,640
CIVPART,stationary,forget0.999,5.795172,0.001407,0.043438,640
CIVPART,stationary,forget0.99,5.786542,0.001411,0.040625,640
CIVPART,stationary,forget0.97,5.736660,0.001454,0.025625,640
CLF16OV,stationary,forget1.0,4.475243,0.001536,0.023438,640
CLF16OV,stationary,forget0.999,4.492377,0.001520,0.016875,640
CLF16OV,stationary,forget0.99,4.540228,0.001452,0.009687,640
CLF16OV,stationary,forget0.97,4.500355,0.001513,0.009375,640
CILSCBW027SBOG,regime-changey,forget1.0,4.366487,0.002084,0.014800,1000
CILSCBW027SBOG,regime-changey,forget0.999,4.371759,0.002072,0.014800,1000
CILSCBW027SBOG,regime-changey,forget0.99,4.384202,0.002019,0.013600,1000
CILSCBW027SBOG,regime-changey,forget0.97,4.362237,0.002045,0.014200,1000
CISD678FRBCLE,regime-changey,forget1.0,3.357541,0.016311,0.013600,1000
CISD678FRBCLE,regime-changey,forget0.999,3.437178,0.015604,0.009600,1000
CISD678FRBCLE,regime-changey,forget0.99,3.430819,0.015773,0.011600,1000
CISD678FRBCLE,regime-changey,forget0.97,3.436812,0.015619,0.012000,1000
CLSACBW027NBOG,regime-changey,forget1.0,3.886804,0.003072,0.018400,1000
CLSACBW027NBOG,regime-changey,forget0.999,3.883976,0.003139,0.019400,1000
CLSACBW027NBOG,regime-changey,forget0.99,3.884866,0.003111,0.013400,1000
CLSACBW027NBOG,regime-changey,forget0.97,3.866254,0.003231,0.011400,1000
CLSACBW027SBOG,regime-changey,forget1.0,4.440716,0.002277,0.033800,1000
CLSACBW027SBOG,regime-changey,forget0.999,4.463977,0.002224,0.027600,1000
CLSACBW027SBOG,regime-changey,forget0.99,4.532034,0.002175,0.021000,1000
CLSACBW027SBOG,regime-changey,forget0.97,4.505604,0.002322,0.019000,1000
CLSDCBW027SBOG,regime-changey,forget1.0,4.456021,0.002084,0.044200,1000
CLSDCBW027SBOG,regime-changey,forget0.999,4.484972,0.002046,0.043200,1000
CLSDCBW027SBOG,regime-changey,forget0.99,4.588100,0.002036,0.021000,1000
CLSDCBW027SBOG,regime-changey,forget0.97,4.560608,0.002193,0.020000,1000
CLSDCBW027NBOG,regime-changey,forget1.0,3.886804,0.003072,0.018400,1000
CLSDCBW027NBOG,regime-changey,forget0.999,3.883976,0.003139,0.019400,1000
CLSDCBW027NBOG,regime-changey,forget0.99,3.884866,0.003111,0.013400,1000
CLSDCBW027NBOG,regime-changey,forget0.97,3.866254,0.003231,0.011400,1000
CLSLCBW027SBOG,regime-changey,forget1.0,4.447544,0.002420,0.024800,1000
CLSLCBW027SBOG,regime-changey,forget0.999,4.442935,0.002491,0.020800,1000
CLSLCBW027SBOG,regime-changey,forget0.99,4.467585,0.002293,0.022000,1000
CLSLCBW027SBOG,regime-changey,forget0.97,4.441916,0.002441,0.020200,1000
CNP16OV,regime-changey,forget1.0,6.611270,0.000256,0.041563,640
CNP16OV,regime-changey,forget0.999,6.623451,0.000252,0.045312,640
CNP16OV,regime-changey,forget0.99,6.635063,0.000248,0.041875,640
CNP16OV,regime-changey,forget0.97,6.563582,0.000271,0.045937,640
CLSLCBW027NBOG,regime-changey,forget1.0,3.824319,0.003269,0.016600,1000
CLSLCBW027NBOG,regime-changey,forget0.999,3.819846,0.003319,0.016200,1000
CLSLCBW027NBOG,regime-changey,forget0.99,3.818261,0.003297,0.013800,1000
CLSLCBW027NBOG,regime-changey,forget0.97,3.800776,0.003424,0.010600,1000
CLSSCBW027NBOG,stationary,forget1.0,3.971994,0.003071,0.036400,1000
CLSSCBW027NBOG,stationary,forget0.999,4.001013,0.003021,0.027600,1000
CLSSCBW027NBOG,stationary,forget0.99,4.008349,0.003051,0.021400,1000
CLSSCBW027NBOG,stationary,forget0.97,3.970213,0.003178,0.018400,1000
CLSSCBW027SBOG,stationary,forget1.0,4.072843,0.002896,0.042600,1000
CLSSCBW027SBOG,stationary,forget0.999,4.123067,0.002833,0.033800,1000
CLSSCBW027SBOG,stationary,forget0.99,4.127384,0.002923,0.025600,1000
CLSSCBW027SBOG,stationary,forget0.97,4.092125,0.003054,0.023800,1000
CMRKTSD678FRBCLE,stationary,forget1.0,3.857369,0.003159,0.010000,1000
CMRKTSD678FRBCLE,stationary,forget0.999,3.885093,0.003069,0.008000,1000
CMRKTSD678FRBCLE,stationary,forget0.99,3.898345,0.003026,0.006000,1000
CMRKTSD678FRBCLE,stationary,forget0.97,3.897393,0.003026,0.008000,1000
COMPOUT,stationary,forget1.0,2.652296,0.009524,0.008200,1000
COMPOUT,stationary,forget0.999,2.650697,0.009526,0.008600,1000
COMPOUT,stationary,forget0.99,2.658251,0.009415,0.007800,1000
COMPOUT,stationary,forget0.97,2.643634,0.009564,0.006400,1000
COMPAPER,stationary,forget1.0,1.846658,0.021178,0.009200,1000
COMPAPER,stationary,forget0.999,1.846227,0.021173,0.008000,1000
COMPAPER,stationary,forget0.99,1.829871,0.021487,0.006600,1000
COMPAPER,stationary,forget0.97,1.795819,0.022211,0.006000,1000
COMPUTN,stationary,forget1.0,2.779031,0.008262,0.011400,1000
COMPUTN,stationary,forget0.999,2.779588,0.008260,0.011400,1000
COMPUTN,stationary,forget0.99,2.765035,0.008358,0.012200,1000
COMPUTN,stationary,forget0.97,2.738683,0.008606,0.009400,1000
CONAN,stationary,forget1.0,4.062476,0.002603,0.009867,750
CONAN,stationary,forget0.999,4.062464,0.002603,0.009867,750
CONAN,stationary,forget0.99,4.032227,0.002789,0.008267,750
CONAN,stationary,forget0.97,4.035926,0.002773,0.009600,750
CONSUMER,regime-changey,forget1.0,3.754173,0.004053,0.015161,653
CONSUMER,regime-changey,forget0.999,3.754250,0.004036,0.013415,653
CONSUMER,regime-changey,forget0.99,3.756022,0.004044,0.014334,653
CONSUMER,regime-changey,forget0.97,3.792382,0.003893,0.018315,653
COINSUREDUR,regime-changey,forget1.0,1.809881,0.057763,0.014600,1000
COINSUREDUR,regime-changey,forget0.999,1.808988,0.057764,0.014600,1000
COINSUREDUR,regime-changey,forget0.99,1.831442,0.057066,0.015000,1000
COINSUREDUR,regime-changey,forget0.97,1.803211,0.059583,0.014000,1000
COICLAIMS,regime-changey,forget1.0,-7.888736,733.106478,0.030600,1000
COICLAIMS,regime-changey,forget0.999,-7.890258,732.999086,0.030600,1000
COICLAIMS,regime-changey,forget0.99,-7.878948,630.871925,0.024200,1000
COICLAIMS,regime-changey,forget0.97,-7.924848,640.394169,0.024200,1000
CPALTT01BEM657N,stationary,forget1.0,-0.354290,0.196582,0.008091,529
CPALTT01BEM657N,stationary,forget0.999,-0.354660,0.196670,0.007750,529
CPALTT01BEM657N,stationary,forget0.99,-0.383230,0.201609,0.007372,529
CPALTT01BEM657N,stationary,forget0.97,-0.454961,0.216224,0.008129,529
COCCLAIMS,regime-changey,forget1.0,-8.692173,1459.946559,0.019200,1000
COCCLAIMS,regime-changey,forget0.999,-8.701486,1459.034960,0.018800,1000
COCCLAIMS,regime-changey,forget0.99,-8.684549,1444.338940,0.019200,1000
COCCLAIMS,regime-changey,forget0.97,-8.748474,1463.521687,0.016800,1000
CONSUMERNSA,regime-changey,forget1.0,3.246572,0.006033,0.011302,653
CONSUMERNSA,regime-changey,forget0.999,3.368447,0.005524,0.012098,653
CONSUMERNSA,regime-changey,forget0.99,3.400176,0.005169,0.012098,653
CONSUMERNSA,regime-changey,forget0.97,3.416286,0.005070,0.008821,653
CPALTT01BEM659N,stationary,forget1.0,-0.460681,0.221156,0.010734,531
CPALTT01BEM659N,stationary,forget0.999,-0.465683,0.223254,0.009605,531
CPALTT01BEM659N,stationary,forget0.99,-0.478225,0.225413,0.009228,531
CPALTT01BEM659N,stationary,forget0.97,-0.488714,0.227054,0.013333,531
CPALTT01CHM657N,stationary,forget1.0,-0.337954,0.193650,0.013043,529
CPALTT01CHM657N,stationary,forget0.999,-0.331627,0.192107,0.012212,529
CPALTT01CHM657N,stationary,forget0.99,-0.302813,0.186629,0.016786,529
CPALTT01CHM657N,stationary,forget0.97,-0.377325,0.199511,0.010775,529
CPALTT01CHM659N,stationary,forget1.0,-0.194377,0.168121,0.007759,531
CPALTT01CHM659N,stationary,forget0.999,-0.193764,0.168034,0.008889,531
CPALTT01CHM659N,stationary,forget0.99,-0.206525,0.170185,0.009266,531
CPALTT01CHM659N,stationary,forget0.97,-0.220768,0.172626,0.014124,531
CPALTT01DEM659N,stationary,forget1.0,-0.280209,0.190709,0.022264,530
CPALTT01DEM659N,stationary,forget0.999,-0.279430,0.190496,0.020000,530
CPALTT01DEM659N,stationary,forget0.99,-0.296973,0.193519,0.011321,530
CPALTT01DEM659N,stationary,forget0.97,-0.326844,0.198769,0.009434,530
CPALTT01DEM657N,stationary,forget1.0,-0.396796,0.208485,0.011153,529
CPALTT01DEM657N,stationary,forget0.999,-0.397199,0.208499,0.010775,529
CPALTT01DEM657N,stationary,forget0.99,-0.392622,0.205177,0.009338,529
CPALTT01DEM657N,stationary,forget0.97,-0.432717,0.213293,0.011871,529
CPALTT01ESM657N,stationary,forget1.0,-0.905145,0.350752,0.009462,539
CPALTT01ESM657N,stationary,forget0.999,-0.879060,0.338679,0.009833,539
CPALTT01ESM657N,stationary,forget0.99,-0.737414,0.295905,0.009833,539
CPALTT01ESM657N,stationary,forget0.97,-0.771882,0.304080,0.009128,539
CPALTT01ESM659N,stationary,forget1.0,-0.604783,0.261656,0.010370,540
CPALTT01ESM659N,stationary,forget0.999,-0.599317,0.260803,0.011111,540
CPALTT01ESM659N,stationary,forget0.99,-0.613226,0.263876,0.007407,540
CPALTT01ESM659N,stationary,forget0.97,-0.624653,0.267395,0.006296,540
CPALTT01FIM657N,stationary,forget1.0,-0.497692,0.223518,0.009091,528
CPALTT01FIM657N,stationary,forget0.999,-0.502071,0.224382,0.011364,528
CPALTT01FIM657N,stationary,forget0.99,-0.540003,0.231932,0.012273,528
CPALTT01FIM657N,stationary,forget0.97,-0.601106,0.247719,0.012500,528
CPALTT01CAM657N,stationary,forget1.0,-0.091285,0.279391,0.009200,1000
CPALTT01CAM657N,stationary,forget0.999,-0.103609,0.282166,0.008800,1000
CPALTT01CAM657N,stationary,forget0.99,-0.104165,0.286082,0.013000,1000
CPALTT01CAM657N,stationary,forget0.97,-0.162933,0.308563,0.021800,1000
CPALTT01CAM659N,stationary,forget1.0,-0.308583,0.317303,0.018200,1000
CPALTT01CAM659N,stationary,forget0.999,-0.303503,0.315759,0.018800,1000
CPALTT01CAM659N,stationary,forget0.99,-0.310269,0.317624,0.017400,1000
CPALTT01CAM659N,stationary,forget0.97,-0.328535,0.322015,0.013400,1000
CPALTT01FIM659N,stationary,forget1.0,-0.427998,0.212673,0.015472,530
CPALTT01FIM659N,stationary,forget0.999,-0.427263,0.212469,0.011698,530
CPALTT01FIM659N,stationary,forget0.99,-0.433840,0.213715,0.009057,530
CPALTT01FIM659N,stationary,forget0.97,-0.452477,0.217838,0.011321,530
CPALTT01FRM659N,stationary,forget1.0,-0.124584,0.153619,0.006792,530
CPALTT01FRM659N,stationary,forget0.999,-0.121906,0.153149,0.008302,530
CPALTT01FRM659N,stationary,forget0.99,-0.127288,0.154303,0.006415,530
CPALTT01FRM659N,stationary,forget0.97,-0.139530,0.156096,0.006415,530
CPALTT01FRM657N,stationary,forget1.0,-0.234387,0.176406,0.013561,528
CPALTT01FRM657N,stationary,forget0.999,-0.235807,0.176083,0.014773,528
CPALTT01FRM657N,stationary,forget0.99,-0.172755,0.162367,0.009091,528
CPALTT01FRM657N,stationary,forget0.97,-0.200101,0.166657,0.010606,528
CPALTT01GBM657N,stationary,forget1.0,-0.235712,0.227382,0.015152,528
CPALTT01GBM657N,stationary,forget0.999,-0.210705,0.213890,0.014394,528
CPALTT01GBM657N,stationary,forget0.99,-0.014805,0.185172,0.008712,528
CPALTT01GBM657N,stationary,forget0.97,-0.148109,0.213701,0.007652,528
CPALTT01GBM659N,stationary,forget1.0,0.677481,0.165989,0.022264,530
CPALTT01GBM659N,stationary,forget0.999,0.677687,0.166218,0.022264,530
CPALTT01GBM659N,stationary,forget0.99,0.668293,0.168057,0.021509,530
CPALTT01GBM659N,stationary,forget0.97,0.644553,0.169844,0.016981,530
CPALTT01GRM657N,stationary,forget1.0,-1.154290,0.458447,0.005482,529
CPALTT01GRM657N,stationary,forget0.999,-1.113773,0.426968,0.005860,529
CPALTT01GRM657N,stationary,forget0.99,-1.067939,0.399491,0.007335,529
CPALTT01GRM657N,stationary,forget0.97,-1.094572,0.408723,0.009641,529
CPALTT01GRM659N,stationary,forget1.0,-0.947882,0.369057,0.011036,531
CPALTT01GRM659N,stationary,forget0.999,-0.944820,0.368283,0.013296,531
CPALTT01GRM659N,stationary,forget0.99,-0.946332,0.369787,0.011902,531
CPALTT01GRM659N,stationary,forget0.97,-0.956792,0.372171,0.013748,531
CPALTT01INM657N,stationary,forget1.0,-1.201827,0.464358,0.009742,503
CPALTT01INM657N,stationary,forget0.999,-1.204040,0.465246,0.009742,503
CPALTT01INM657N,stationary,forget0.99,-1.221218,0.473764,0.016501,503
CPALTT01INM657N,stationary,forget0.97,-1.264000,0.494471,0.018091,503
CPALTT01INM659N,stationary,forget1.0,-1.300952,0.489750,0.010672,506
CPALTT01INM659N,stationary,forget0.999,-1.299907,0.489283,0.012253,506
CPALTT01INM659N,stationary,forget0.99,-1.331802,0.503271,0.008933,506
CPALTT01INM659N,stationary,forget0.97,-1.343744,0.511323,0.012095,506
CPALTT01ISM657N,regime-changey,forget1.0,-1.004268,0.418918,0.014556,529
CPALTT01ISM657N,regime-changey,forget0.999,-1.007567,0.419471,0.015312,529
CPALTT01ISM657N,regime-changey,forget0.99,-1.018352,0.423007,0.016862,529
CPALTT01ISM657N,regime-changey,forget0.97,-1.078196,0.452064,0.015690,529
CPALTT01ISM659N,regime-changey,forget1.0,-1.258810,0.652713,0.012618,531
CPALTT01ISM659N,regime-changey,forget0.999,-1.251815,0.647976,0.011525,531
CPALTT01ISM659N,regime-changey,forget0.99,-1.227787,0.620707,0.007759,531
CPALTT01ISM659N,regime-changey,forget0.97,-1.218904,0.597474,0.007006,531
CPALTT01ITM657N,regime-changey,forget1.0,-0.049105,0.153707,0.013182,528
CPALTT01ITM657N,regime-changey,forget0.999,-0.054988,0.153388,0.014318,528
CPALTT01ITM657N,regime-changey,forget0.99,-0.088639,0.157721,0.008030,528
CPALTT01ITM657N,regime-changey,forget0.97,-0.143055,0.167203,0.009545,528
CPALTT01ITM659N,regime-changey,forget1.0,-0.093244,0.167142,0.009057,530
CPALTT01ITM659N,regime-changey,forget0.999,-0.093090,0.166777,0.010943,530
CPALTT01ITM659N,regime-changey,forget0.99,-0.100158,0.169981,0.011698,530
CPALTT01ITM659N,regime-changey,forget0.97,-0.108058,0.168652,0.007170,530
CPALTT01LUM657N,regime-changey,forget1.0,-0.685931,0.296385,0.014896,529
CPALTT01LUM657N,regime-changey,forget0.999,-0.631877,0.278248,0.014594,529
CPALTT01LUM657N,regime-changey,forget0.99,-0.566712,0.250418,0.013043,529
CPALTT01LUM657N,regime-changey,forget0.97,-0.558476,0.248532,0.012665,529
CPALTT01LUM659N,stationary,forget1.0,-0.448551,0.217669,0.005160,531
CPALTT01LUM659N,stationary,forget0.999,-0.454775,0.219001,0.005876,531
CPALTT01LUM659N,stationary,forget0.99,-0.463137,0.221636,0.006629,531
CPALTT01LUM659N,stationary,forget0.97,-0.482119,0.226184,0.007382,531
CPALTT01NOM657N,stationary,forget1.0,-0.708103,0.293190,0.017580,529
CPALTT01NOM657N,stationary,forget0.999,-0.708498,0.293220,0.017580,529
CPALTT01NOM657N,stationary,forget0.99,-0.664304,0.280939,0.016106,529
CPALTT01NOM657N,stationary,forget0.97,-0.701880,0.294544,0.011569,529
CPALTT01NOM659N,stationary,forget1.0,-0.518197,0.246526,0.016836,531
CPALTT01NOM659N,stationary,forget0.999,-0.528595,0.249599,0.023578,531
CPALTT01NOM659N,stationary,forget0.99,-0.542130,0.252278,0.009944,531
CPALTT01NOM659N,stationary,forget0.97,-0.552631,0.255012,0.009228,531
CPALTT01PTM659N,regime-changey,forget1.0,-0.758908,0.333279,0.012957,531
CPALTT01PTM659N,regime-changey,forget0.999,-0.754747,0.332107,0.011450,531
CPALTT01PTM659N,regime-changey,forget0.99,-0.753090,0.331824,0.011111,531
CPALTT01PTM659N,regime-changey,forget0.97,-0.752082,0.330054,0.009303,531
CPALTT01PTM657N,regime-changey,forget1.0,-1.065795,0.415310,0.018752,529
CPALTT01PTM657N,regime-changey,forget0.999,-1.070294,0.418468,0.019471,529
CPALTT01PTM657N,regime-changey,forget0.99,-1.088609,0.428219,0.016446,529
CPALTT01PTM657N,regime-changey,forget0.97,-1.085314,0.421165,0.010851,529
CPALTT01SEM657N,stationary,forget1.0,-0.863152,0.316541,0.015652,529
CPALTT01SEM657N,stationary,forget0.999,-0.863468,0.316607,0.016030,529
CPALTT01SEM657N,stationary,forget0.99,-0.839411,0.311839,0.011909,529
CPALTT01SEM657N,stationary,forget0.97,-0.897341,0.331154,0.008166,529
CPALTT01SEM659N,stationary,forget1.0,-0.654281,0.271092,0.012075,530
CPALTT01SEM659N,stationary,forget0.999,-0.650567,0.269226,0.012830,530
CPALTT01SEM659N,stationary,forget0.99,-0.674042,0.274802,0.007925,530
CPALTT01SEM659N,stationary,forget0.97,-0.701690,0.282719,0.007170,530
CPALTT01TRM657N,regime-changey,forget1.0,-1.935296,0.980107,0.016408,529
CPALTT01TRM657N,regime-changey,forget0.999,-1.945815,0.985733,0.013043,529
CPALTT01TRM657N,regime-changey,forget0.99,-1.975312,1.012147,0.015312,529
CPALTT01TRM657N,regime-changey,forget0.97,-2.001733,1.040386,0.012287,529
CPALTT01USM657N,stationary,forget1.0,-0.255181,0.175270,0.012325,529
CPALTT01USM657N,stationary,forget0.999,-0.253719,0.175305,0.012325,529
CPALTT01USM657N,stationary,forget0.99,-0.263753,0.177767,0.008091,529
CPALTT01USM657N,stationary,forget0.97,-0.290492,0.183264,0.009981,529
CPALTT01TRM659N,regime-changey,forget1.0,-2.256054,1.454307,0.007797,531
CPALTT01TRM659N,regime-changey,forget0.999,-2.264412,1.468579,0.011488,531
CPALTT01TRM659N,regime-changey,forget0.99,-2.283362,1.502934,0.013070,531
CPALTT01TRM659N,regime-changey,forget0.97,-2.282610,1.504951,0.012994,531
CPALTT01USM661S,stationary,forget1.0,4.670164,0.001305,0.006335,543
CPALTT01USM661S,stationary,forget0.999,4.675908,0.001297,0.005967,543
CPALTT01USM661S,stationary,forget0.99,4.687157,0.001282,0.006924,543
CPALTT01USM661S,stationary,forget0.97,4.675366,0.001293,0.007293,543
CPALTT01USM659N,stationary,forget1.0,-0.335249,0.190951,0.008136,531
CPALTT01USM659N,stationary,forget0.999,-0.336129,0.191256,0.008512,531
CPALTT01USM659N,stationary,forget0.99,-0.363497,0.198697,0.012203,531
CPALTT01USM659N,stationary,forget0.97,-0.381389,0.201741,0.014162,531
CPALTT01ZAM657N,stationary,forget1.0,-0.756754,0.286553,0.011111,504
CPALTT01ZAM657N,stationary,forget0.999,-0.756245,0.286705,0.010714,504
CPALTT01ZAM657N,stationary,forget0.99,-0.785098,0.292845,0.010476,504
CPALTT01ZAM657N,stationary,forget0.97,-0.842931,0.313634,0.008571,504
CPALTT01ZAM659N,stationary,forget1.0,-0.942416,0.350512,0.011508,504
CPALTT01ZAM659N,stationary,forget0.999,-0.939373,0.349378,0.011111,504
CPALTT01ZAM659N,stationary,forget0.99,-0.929986,0.346573,0.012698,504
CPALTT01ZAM659N,stationary,forget0.97,-0.914051,0.342487,0.011111,504
CPGRLE01CHM659N,stationary,forget1.0,0.193226,0.111226,0.014915,531
CPGRLE01CHM659N,stationary,forget0.999,0.195397,0.111034,0.014576,531
CPGRLE01CHM659N,stationary,forget0.99,0.174218,0.113634,0.010019,531
CPGRLE01CHM659N,stationary,forget0.97,0.146105,0.116903,0.011525,531
CPGREN01CHM659N,stationary,forget1.0,-2.587753,1.839794,0.005461,531
CPGREN01CHM659N,stationary,forget0.999,-2.587804,1.839854,0.005461,531
CPGREN01CHM659N,stationary,forget0.99,-2.537412,1.764118,0.009266,531
CPGREN01CHM659N,stationary,forget0.97,-2.540349,1.759653,0.008136,531
CPGREN01USM659N,stationary,forget1.0,-2.619446,1.987122,0.007929,507
CPGREN01USM659N,stationary,forget0.999,-2.620788,1.989094,0.007022,507
CPGREN01USM659N,stationary,forget0.99,-2.653485,2.040324,0.012426,507
CPGREN01USM659N,stationary,forget0.97,-2.673171,2.083866,0.009665,507
CPGREN01FIM659N,stationary,forget1.0,-2.287148,1.485229,0.008679,530
CPGREN01FIM659N,stationary,forget0.999,-2.287591,1.486839,0.012453,530
CPGREN01FIM659N,stationary,forget0.99,-2.304011,1.507675,0.013962,530
CPGREN01FIM659N,stationary,forget0.97,-2.316022,1.529009,0.013962,530
CPGRLE01FIM659N,stationary,forget1.0,-0.277235,0.193141,0.009434,530
CPGRLE01FIM659N,stationary,forget0.999,-0.279812,0.193445,0.009811,530
CPGRLE01FIM659N,stationary,forget0.99,-0.277485,0.193900,0.012075,530
CPGRLE01FIM659N,stationary,forget0.97,-0.289227,0.196487,0.012453,530
CPGRLE01USM659N,stationary,forget1.0,1.455917,0.032445,0.006351,507
CPGRLE01USM659N,stationary,forget0.999,1.451075,0.032553,0.007574,507
CPGRLE01USM659N,stationary,forget0.99,1.446552,0.032667,0.007574,507
CPGRLE01USM659N,stationary,forget0.97,1.442577,0.032847,0.008639,507
CPGREN01PTM659N,regime-changey,forget1.0,-2.275903,1.596863,0.010569,615
CPGREN01PTM659N,regime-changey,forget0.999,-2.276560,1.597480,0.010081,615
CPGREN01PTM659N,regime-changey,forget0.99,-2.232071,1.529277,0.015285,615
CPGREN01PTM659N,regime-changey,forget0.97,-2.222249,1.534288,0.017073,615
CPIENGNS,stationary,forget1.0,2.245714,0.014634,0.012782,532
CPIENGNS,stationary,forget0.999,2.247605,0.014593,0.012030,532
CPIENGNS,stationary,forget0.99,2.233463,0.014838,0.011654,532
CPIENGNS,stationary,forget0.97,2.224599,0.015016,0.011729,532
CPIENGSL,stationary,forget1.0,2.421496,0.012789,0.011654,532
CPIENGSL,stationary,forget0.999,2.427828,0.012785,0.010226,532
CPIENGSL,stationary,forget0.99,2.417517,0.012968,0.010602,532
CPIENGSL,stationary,forget0.97,2.401146,0.013402,0.010301,532
CPILEGNS,stationary,forget1.0,4.914988,0.001029,0.009774,532
CPILEGNS,stationary,forget0.999,4.928972,0.001011,0.009850,532
CPILEGNS,stationary,forget0.99,5.001231,0.000942,0.009398,532
CPILEGNS,stationary,forget0.97,5.026473,0.000914,0.008722,532
CPIAUCSL,stationary,forget1.0,4.644883,0.001319,0.007362,652
CPIAUCSL,stationary,forget0.999,4.648766,0.001313,0.008344,652
CPIAUCSL,stationary,forget0.99,4.649074,0.001302,0.005521,652
CPIAUCSL,stationary,forget0.97,4.640561,0.001308,0.003742,652
CPIAPPSL,stationary,forget1.0,4.057363,0.002585,0.007301,652
CPIAPPSL,stationary,forget0.999,4.061164,0.002577,0.009387,652
CPIAPPSL,stationary,forget0.99,4.069567,0.002558,0.009877,652
CPIAPPSL,stationary,forget0.97,4.058975,0.002577,0.010429,652
CPFF,regime-changey,forget1.0,1.686827,0.050582,0.013000,1000
CPFF,regime-changey,forget0.999,1.670015,0.050767,0.010000,1000
CPFF,regime-changey,forget0.99,1.646054,0.050332,0.010600,1000
CPFF,regime-changey,forget0.97,1.578527,0.052965,0.010000,1000
CPIAPPNS,regime-changey,forget1.0,2.940527,0.008514,0.028967,794
CPIAPPNS,regime-changey,forget0.999,2.945992,0.008498,0.027456,794
CPIAPPNS,regime-changey,forget0.99,3.352970,0.005299,0.008111,794
CPIAPPNS,regime-changey,forget0.97,3.339038,0.005227,0.015869,794
CPILEGSL,stationary,forget1.0,5.524060,0.000558,0.013609,532
CPILEGSL,stationary,forget0.999,5.523460,0.000558,0.013233,532
CPILEGSL,stationary,forget0.99,5.528637,0.000558,0.010226,532
CPILEGSL,stationary,forget0.97,5.532043,0.000551,0.013985,532
CPILFESL,stationary,forget1.0,5.430756,0.000614,0.010150,532
CPILFESL,stationary,forget0.999,5.431374,0.000614,0.011278,532
CPILFESL,stationary,forget0.99,5.437281,0.000608,0.011278,532
CPILFESL,stationary,forget0.97,5.435673,0.000610,0.015038,532
CPILFENS,stationary,forget1.0,4.879809,0.001052,0.012406,532
CPILFENS,stationary,forget0.999,4.948386,0.001004,0.010075,532
CPILFENS,stationary,forget0.99,5.037461,0.000904,0.012030,532
CPILFENS,stationary,forget0.97,4.978164,0.000934,0.013233,532
CPIAUCNS,regime-changey,forget1.0,4.928371,0.001870,0.016000,1000
CPIAUCNS,regime-changey,forget0.999,4.936186,0.001857,0.017400,1000
CPIAUCNS,regime-changey,forget0.99,4.941682,0.001831,0.016600,1000
CPIAUCNS,regime-changey,forget0.97,4.930145,0.001835,0.014400,1000
CPIMEDSL,regime-changey,forget1.0,4.944827,0.001018,0.012883,652
CPIMEDSL,regime-changey,forget0.999,4.941153,0.001014,0.014417,652
CPIMEDSL,regime-changey,forget0.99,4.944463,0.000996,0.011902,652
CPIMEDSL,regime-changey,forget0.97,4.939873,0.000997,0.013190,652
CPIMEDNS,stationary,forget1.0,4.582220,0.001385,0.017714,700
CPIMEDNS,stationary,forget0.999,4.583062,0.001384,0.017714,700
CPIMEDNS,stationary,forget0.99,4.592117,0.001374,0.017429,700
CPIMEDNS,stationary,forget0.97,4.611823,0.001346,0.015143,700
CPITRNSL,regime-changey,forget1.0,3.335526,0.005432,0.007730,652
CPITRNSL,regime-changey,forget0.999,3.338327,0.005422,0.011718,652
CPITRNSL,regime-changey,forget0.99,3.343669,0.005456,0.009264,652
CPITRNSL,regime-changey,forget0.97,3.336626,0.005562,0.010429,652
CPITRNNS,regime-changey,forget1.0,3.308973,0.005772,0.011429,700
CPITRNNS,regime-changey,forget0.999,3.318254,0.005749,0.008286,700
CPITRNNS,regime-changey,forget0.99,3.318667,0.005799,0.006857,700
CPITRNNS,regime-changey,forget0.97,3.318397,0.005870,0.009143,700
CPIUFDSL,regime-changey,forget1.0,4.420403,0.001821,0.009755,652
CPIUFDSL,regime-changey,forget0.999,4.430719,0.001774,0.013742,652
CPIUFDSL,regime-changey,forget0.99,4.472985,0.001725,0.010429,652
CPIUFDSL,regime-changey,forget0.97,4.470577,0.001725,0.009571,652
CPIULFSL,stationary,forget1.0,4.570927,0.001467,0.009509,652
CPIULFSL,stationary,forget0.999,4.579387,0.001451,0.012147,652
CPIULFSL,stationary,forget0.99,4.589815,0.001436,0.009141,652
CPIULFSL,stationary,forget0.97,4.584437,0.001445,0.010368,652
CPIULFNS,stationary,forget1.0,4.510302,0.001733,0.011052,751
CPIULFNS,stationary,forget0.999,4.523004,0.001709,0.011345,751
CPIULFNS,stationary,forget0.99,4.548057,0.001683,0.010519,751
CPIULFNS,stationary,forget0.97,4.557087,0.001666,0.013236,751
CPIUFDNS,regime-changey,forget1.0,4.195999,0.003080,0.007600,1000
CPIUFDNS,regime-changey,forget0.999,4.199085,0.003076,0.006400,1000
CPIUFDNS,regime-changey,forget0.99,4.196530,0.003117,0.004600,1000
CPIUFDNS,regime-changey,forget0.97,4.179610,0.003143,0.006400,1000
CUMFNS,regime-changey,forget1.0,3.475627,0.004565,0.011045,641
CUMFNS,regime-changey,forget0.999,3.474195,0.004572,0.010796,641
CUMFNS,regime-changey,forget0.99,3.457372,0.004701,0.009516,641
CUMFNS,regime-changey,forget0.97,3.454802,0.004659,0.009516,641
CTNAN,stationary,forget1.0,4.066056,0.002701,0.011467,750
CTNAN,stationary,forget0.999,4.066235,0.002701,0.010933,750
CTNAN,stationary,forget0.99,4.059288,0.002800,0.012000,750
CTNAN,stationary,forget0.97,4.034969,0.002864,0.009867,750
CUSR0000SA0L2,stationary,forget1.0,4.413773,0.001739,0.009571,652
CUSR0000SA0L2,stationary,forget0.999,4.414475,0.001739,0.008037,652
CUSR0000SA0L2,stationary,forget0.99,4.410146,0.001746,0.010429,652
CUSR0000SA0L2,stationary,forget0.97,4.408669,0.001758,0.006442,652
CPTBSD678FRBCLE,regime-changey,forget1.0,1.702246,0.042323,0.011200,1000
CPTBSD678FRBCLE,regime-changey,forget0.999,1.703025,0.042312,0.010800,1000
CPTBSD678FRBCLE,regime-changey,forget0.99,1.713545,0.042102,0.006200,1000
CPTBSD678FRBCLE,regime-changey,forget0.97,1.711312,0.042288,0.006000,1000
CUSR0000SA0L5,stationary,forget1.0,4.598725,0.001437,0.012030,532
CUSR0000SA0L5,stationary,forget0.999,4.612302,0.001417,0.011278,532
CUSR0000SA0L5,stationary,forget0.99,4.634007,0.001385,0.006917,532
CUSR0000SA0L5,stationary,forget0.97,4.619316,0.001401,0.006466,532
CTCCLAIMS,stationary,forget1.0,1.321545,0.038934,0.016600,1000
CTCCLAIMS,stationary,forget0.999,1.321713,0.038932,0.016600,1000
CTCCLAIMS,stationary,forget0.99,1.294270,0.040281,0.013200,1000
CTCCLAIMS,stationary,forget0.97,1.279992,0.040914,0.012400,1000
CRESD678FRBCLE,regime-changey,forget1.0,4.299318,0.008024,0.024800,1000
CRESD678FRBCLE,regime-changey,forget0.999,4.301680,0.008026,0.025400,1000
CRESD678FRBCLE,regime-changey,forget0.99,4.366409,0.007921,0.026600,1000
CRESD678FRBCLE,regime-changey,forget0.97,4.394168,0.007893,0.027800,1000
CTICLAIMS,stationary,forget1.0,0.055881,0.128474,0.010400,1000
CTICLAIMS,stationary,forget0.999,0.056036,0.128460,0.010200,1000
CTICLAIMS,stationary,forget0.99,0.036603,0.130974,0.009600,1000
CTICLAIMS,stationary,forget0.97,0.011385,0.134942,0.007600,1000
CUSR0000SA311,stationary,forget1.0,3.887027,0.003043,0.007117,652
CUSR0000SA311,stationary,forget0.999,3.891849,0.003029,0.008650,652
CUSR0000SA311,stationary,forget0.99,3.904757,0.003008,0.007730,652
CUSR0000SA311,stationary,forget0.97,3.889718,0.003053,0.007055,652
CTINSUREDUR,stationary,forget1.0,1.323954,0.038965,0.014600,1000
CTINSUREDUR,stationary,forget0.999,1.323952,0.038963,0.014800,1000
CTINSUREDUR,stationary,forget0.99,1.292072,0.040215,0.011600,1000
CTINSUREDUR,stationary,forget0.97,1.279273,0.040925,0.012400,1000
CUSR0000SAA1,regime-changey,forget1.0,3.785908,0.003403,0.008712,652
CUSR0000SAA1,regime-changey,forget0.999,3.794265,0.003375,0.006748,652
CUSR0000SAA1,regime-changey,forget0.99,3.810311,0.003341,0.009571,652
CUSR0000SAA1,regime-changey,forget0.97,3.779034,0.003474,0.009571,652
CUSR0000SAC,stationary,forget1.0,4.017986,0.002745,0.009779,544
CUSR0000SAC,stationary,forget0.999,4.020659,0.002738,0.010882,544
CUSR0000SAC,stationary,forget0.99,4.024393,0.002736,0.009706,544
CUSR0000SAC,stationary,forget0.97,4.018735,0.002770,0.008235,544
CUSR0000SAA2,stationary,forget1.0,3.442058,0.004518,0.008528,652
CUSR0000SAA2,stationary,forget0.999,3.438238,0.004541,0.007301,652
CUSR0000SAA2,stationary,forget0.99,3.430401,0.004558,0.008282,652
CUSR0000SAA2,stationary,forget0.97,3.403702,0.004671,0.011595,652
CUSR0000SACE,stationary,forget1.0,1.814674,0.022921,0.006842,532
CUSR0000SACE,stationary,forget0.999,1.815482,0.022936,0.007895,532
CUSR0000SACE,stationary,forget0.99,1.802929,0.023407,0.007895,532
CUSR0000SACE,stationary,forget0.97,1.779287,0.024083,0.009850,532
CUSR0000SACL1,stationary,forget1.0,3.541127,0.004317,0.008440,545
CUSR0000SACL1,stationary,forget0.999,3.555998,0.004234,0.009174,545
CUSR0000SACL1,stationary,forget0.99,3.585342,0.004111,0.009358,545
CUSR0000SACL1,stationary,forget0.97,3.573958,0.004174,0.006789,545
CUSR0000SACL1E,regime-changey,forget1.0,4.839215,0.001217,0.011278,532
CUSR0000SACL1E,regime-changey,forget0.999,4.843964,0.001213,0.009248,532
CUSR0000SACL1E,regime-changey,forget0.99,4.871786,0.001171,0.010376,532
CUSR0000SACL1E,regime-changey,forget0.97,4.885724,0.001158,0.012481,532
CUSR0000SAD,regime-changey,forget1.0,4.716646,0.001537,0.011176,544
CUSR0000SAD,regime-changey,forget0.999,4.725862,0.001514,0.009118,544
CUSR0000SAD,regime-changey,forget0.99,4.750492,0.001477,0.010662,544
CUSR0000SAD,regime-changey,forget0.97,4.767239,0.001457,0.009191,544
CUSR0000SAF11,stationary,forget1.0,4.127086,0.002224,0.007365,592
CUSR0000SAF11,stationary,forget0.999,4.133575,0.002194,0.007230,592
CUSR0000SAF11,stationary,forget0.99,4.156968,0.002141,0.009257,592
CUSR0000SAF11,stationary,forget0.97,4.158275,0.002135,0.009122,592
CUSR0000SAH1,regime-changey,forget1.0,5.046477,0.001041,0.009310,580
CUSR0000SAH1,regime-changey,forget0.999,5.052054,0.001036,0.007931,580
CUSR0000SAH1,regime-changey,forget0.99,5.076026,0.001016,0.007931,580
CUSR0000SAH1,regime-changey,forget0.97,5.061678,0.001026,0.005862,580
CUSR0000SAM2,stationary,forget1.0,4.981252,0.000972,0.012868,544
CUSR0000SAM2,stationary,forget0.999,4.982519,0.000971,0.013309,544
CUSR0000SAM2,stationary,forget0.99,4.992110,0.000958,0.009044,544
CUSR0000SAM2,stationary,forget0.97,4.989566,0.000955,0.007574,544
CUSR0000SAH2,stationary,forget1.0,3.615954,0.003857,0.006897,580
CUSR0000SAH2,stationary,forget0.999,3.614673,0.003863,0.005862,580
CUSR0000SAH2,stationary,forget0.99,3.628764,0.003856,0.007241,580
CUSR0000SAH2,stationary,forget0.97,3.609565,0.003942,0.008276,580
CUSR0000SAF114,regime-changey,forget1.0,3.628748,0.003905,0.008344,652
CUSR0000SAF114,regime-changey,forget0.999,3.639790,0.003882,0.008098,652
CUSR0000SAF114,regime-changey,forget0.99,3.658513,0.003764,0.014110,652
CUSR0000SAF114,regime-changey,forget0.97,3.656249,0.003738,0.009448,652
CUSR0000SAF113,regime-changey,forget1.0,2.901072,0.008018,0.018098,652
CUSR0000SAF113,regime-changey,forget0.999,2.908640,0.007984,0.014417,652
CUSR0000SAF113,regime-changey,forget0.99,2.904809,0.007997,0.009202,652
CUSR0000SAF113,regime-changey,forget0.97,2.882366,0.008191,0.010429,652
CUSR0000SAN,regime-changey,forget1.0,3.677545,0.003617,0.010074,544
CUSR0000SAN,regime-changey,forget0.999,3.679526,0.003608,0.010074,544
CUSR0000SAN,regime-changey,forget0.99,3.682791,0.003613,0.007794,544
CUSR0000SAN,regime-changey,forget0.97,3.682471,0.003659,0.008676,544
CUSR0000SAS,regime-changey,forget1.0,5.243268,0.000754,0.012500,544
CUSR0000SAS,regime-changey,forget0.999,5.244845,0.000752,0.011985,544
CUSR0000SAS,regime-changey,forget0.99,5.249611,0.000752,0.011029,544
CUSR0000SAS,regime-changey,forget0.97,5.240926,0.000759,0.011544,544
CUSR0000SAS4,regime-changey,forget1.0,4.102192,0.002418,0.011912,544
CUSR0000SAS4,regime-changey,forget0.999,4.111520,0.002394,0.011544,544
CUSR0000SAS4,regime-changey,forget0.99,4.133135,0.002358,0.006838,544
CUSR0000SAS4,regime-changey,forget0.97,4.133180,0.002394,0.007868,544
CUSR0000SEFV,regime-changey,forget1.0,5.294550,0.000680,0.011379,580
CUSR0000SEFV,regime-changey,forget0.999,5.294641,0.000678,0.011724,580
CUSR0000SEFV,regime-changey,forget0.99,5.296225,0.000675,0.011034,580
CUSR0000SEFV,regime-changey,forget0.97,5.302450,0.000676,0.010690,580
CUSR0000SAT1,regime-changey,forget1.0,3.283672,0.005688,0.011884,653
CUSR0000SAT1,regime-changey,forget0.999,3.287094,0.005678,0.011884,653
CUSR0000SAT1,regime-changey,forget0.99,3.294956,0.005707,0.008606,653
CUSR0000SAT1,regime-changey,forget0.97,3.295239,0.005801,0.007075,653
CUSR0000SEHF01,stationary,forget1.0,3.565492,0.003911,0.013176,592
CUSR0000SEHF01,stationary,forget0.999,3.565025,0.003911,0.012905,592
CUSR0000SEHF01,stationary,forget0.99,3.567983,0.003883,0.014189,592
CUSR0000SEHF01,stationary,forget0.97,3.556650,0.003933,0.014122,592
CUSR0000SETA01,stationary,forget1.0,4.519405,0.001743,0.011188,581
CUSR0000SETA01,stationary,forget0.999,4.535262,0.001700,0.009845,581
CUSR0000SETA01,stationary,forget0.99,4.554926,0.001639,0.013253,581
CUSR0000SETA01,stationary,forget0.97,4.561152,0.001628,0.010189,581
CUSR0000SETA02,stationary,forget1.0,3.450181,0.004716,0.009466,581
CUSR0000SETA02,stationary,forget0.999,3.475272,0.004633,0.008021,581
CUSR0000SETA02,stationary,forget0.99,3.508700,0.004517,0.010499,581
CUSR0000SETA02,stationary,forget0.97,3.511558,0.004513,0.011910,581
CUSR0000SEAE,stationary,forget1.0,3.740775,0.003265,0.007914,652
CUSR0000SEAE,stationary,forget0.999,3.745180,0.003251,0.007055,652
CUSR0000SEAE,stationary,forget0.99,3.755039,0.003218,0.010982,652
CUSR0000SEAE,stationary,forget0.97,3.734323,0.003278,0.009755,652
CUSR0000SEHF,stationary,forget1.0,3.417597,0.004829,0.011718,652
CUSR0000SEHF,stationary,forget0.999,3.419258,0.004819,0.010491,652
CUSR0000SEHF,stationary,forget0.99,3.432140,0.004714,0.008650,652
CUSR0000SEHF,stationary,forget0.97,3.424453,0.004748,0.006810,652
CUUR0000SA0L2,stationary,forget1.0,4.430854,0.001957,0.012267,750
CUUR0000SA0L2,stationary,forget0.999,4.434084,0.001956,0.011467,750
CUUR0000SA0L2,stationary,forget0.99,4.416956,0.001984,0.009867,750
CUUR0000SA0L2,stationary,forget0.97,4.410402,0.001979,0.013600,750
CUUR0000SA0L5,stationary,forget1.0,4.382281,0.001774,0.010301,532
CUUR0000SA0L5,stationary,forget0.999,4.390059,0.001758,0.011805,532
CUUR0000SA0L5,stationary,forget0.99,4.416862,0.001714,0.010977,532
CUUR0000SA0L5,stationary,forget0.97,4.426136,0.001694,0.011278,532
CUUR0000SACE,stationary,forget1.0,1.739499,0.024552,0.012105,532
CUUR0000SACE,stationary,forget0.999,1.738313,0.024578,0.012857,532
CUUR0000SACE,stationary,forget0.99,1.713613,0.025111,0.013233,532
CUUR0000SACE,stationary,forget0.97,1.692064,0.025734,0.010526,532
CUUR0000SA311,stationary,forget1.0,3.474818,0.004286,0.011179,653
CUUR0000SA311,stationary,forget0.999,3.474389,0.004286,0.010260,653
CUUR0000SA311,stationary,forget0.99,3.466460,0.004312,0.008515,653
CUUR0000SA311,stationary,forget0.97,3.453226,0.004395,0.012711,653
CUUR0000SAA1,stationary,forget1.0,3.467835,0.004535,0.008637,653
CUUR0000SAA1,stationary,forget0.999,3.468495,0.004533,0.010658,653
CUUR0000SAA1,stationary,forget0.99,3.445958,0.004668,0.007810,653
CUUR0000SAA1,stationary,forget0.97,3.372651,0.005230,0.005360,653
CUUR0000SAC,stationary,forget1.0,3.835824,0.003097,0.007834,628
CUUR0000SAC,stationary,forget0.999,3.837353,0.003095,0.007898,628
CUUR0000SAC,stationary,forget0.99,3.832996,0.003117,0.007834,628
CUUR0000SAC,stationary,forget0.97,3.834921,0.003115,0.004586,628
CUUR0000SAA2,stationary,forget1.0,3.055778,0.006393,0.008423,653
CUUR0000SAA2,stationary,forget0.999,3.055832,0.006393,0.008423,653
CUUR0000SAA2,stationary,forget0.99,3.051278,0.006414,0.015253,653
CUUR0000SAA2,stationary,forget0.97,3.046810,0.006445,0.011577,653
CUUR0000SACL1E,stationary,forget1.0,4.464615,0.001629,0.021805,532
CUUR0000SACL1E,stationary,forget0.999,4.465525,0.001630,0.021504,532
CUUR0000SACL1E,stationary,forget0.99,4.471493,0.001598,0.019248,532
CUUR0000SACL1E,stationary,forget0.97,4.488627,0.001564,0.018797,532
CUUR0000SACL1,stationary,forget1.0,3.464848,0.004622,0.004579,629
CUUR0000SACL1,stationary,forget0.999,3.470430,0.004599,0.004610,629
CUUR0000SACL1,stationary,forget0.99,3.493343,0.004520,0.006868,629
CUUR0000SACL1,stationary,forget0.97,3.506518,0.004522,0.010652,629
CUUR0000SA0R,regime-changey,forget1.0,4.858935,0.001891,0.009000,1000
CUUR0000SA0R,regime-changey,forget0.999,4.876692,0.001871,0.009000,1000
CUUR0000SA0R,regime-changey,forget0.99,4.902036,0.001829,0.008800,1000
CUUR0000SA0R,regime-changey,forget0.97,4.898980,0.001818,0.009000,1000
CUUR0000SAD,stationary,forget1.0,4.266177,0.002115,0.008917,628
CUUR0000SAD,stationary,forget0.999,4.266531,0.002113,0.008917,628
CUUR0000SAD,stationary,forget0.99,4.299723,0.002038,0.007962,628
CUUR0000SAD,stationary,forget0.97,4.377462,0.001891,0.010255,628
CUUR0000SAF11,stationary,forget1.0,3.819526,0.003107,0.009509,652
CUUR0000SAF11,stationary,forget0.999,3.822043,0.003096,0.008650,652
CUUR0000SAF11,stationary,forget0.99,3.825565,0.003074,0.011288,652
CUUR0000SAF11,stationary,forget0.97,3.825414,0.003060,0.004969,652
CUUR0000SAG1,stationary,forget1.0,4.623756,0.001406,0.014150,653
CUUR0000SAG1,stationary,forget0.999,4.641848,0.001384,0.011485,653
CUUR0000SAG1,stationary,forget0.99,4.654862,0.001366,0.008515,653
CUUR0000SAG1,stationary,forget0.97,4.646768,0.001376,0.012404,653
CUUR0000SAF114,stationary,forget1.0,3.339687,0.005018,0.013804,652
CUUR0000SAF114,stationary,forget0.999,3.343569,0.004975,0.011656,652
CUUR0000SAF114,stationary,forget0.99,3.380932,0.004742,0.016871,652
CUUR0000SAF114,stationary,forget0.97,3.390665,0.004659,0.011902,652
CUUR0000SAH1,regime-changey,forget1.0,4.639836,0.001497,0.011566,581
CUUR0000SAH1,regime-changey,forget0.999,4.645881,0.001488,0.010843,581
CUUR0000SAH1,regime-changey,forget0.99,4.711890,0.001399,0.007711,581
CUUR0000SAH1,regime-changey,forget0.97,4.724219,0.001365,0.005714,581
CUUR0000SAF113,regime-changey,forget1.0,2.640595,0.010267,0.016080,796
CUUR0000SAF113,regime-changey,forget0.999,2.674797,0.009892,0.016080,796
CUUR0000SAF113,regime-changey,forget0.99,2.697509,0.009579,0.005477,796
CUUR0000SAF113,regime-changey,forget0.97,2.655231,0.010029,0.006131,796
CUUR0000SAH2,stationary,forget1.0,3.253394,0.005469,0.014286,581
CUUR0000SAH2,stationary,forget0.999,3.246859,0.005508,0.010843,581
CUUR0000SAH2,stationary,forget0.99,3.246780,0.005525,0.008399,581
CUUR0000SAH2,stationary,forget0.97,3.250238,0.005557,0.008124,581
CUUR0000SAM2,stationary,forget1.0,4.483666,0.001601,0.014268,628
CUUR0000SAM2,stationary,forget0.999,4.474919,0.001595,0.013057,628
CUUR0000SAM2,stationary,forget0.99,4.523528,0.001509,0.015860,628
CUUR0000SAM2,stationary,forget0.97,4.536706,0.001473,0.016242,628
CUUR0000SAN,stationary,forget1.0,3.576178,0.004084,0.007854,629
CUUR0000SAN,stationary,forget0.999,3.574600,0.004089,0.008458,629
CUUR0000SAN,stationary,forget0.99,3.567743,0.004114,0.008744,629
CUUR0000SAN,stationary,forget0.97,3.569577,0.004115,0.004960,629
CUUR0000SAS,stationary,forget1.0,4.649841,0.001302,0.011529,628
CUUR0000SAS,stationary,forget0.999,4.661716,0.001289,0.011847,628
CUUR0000SAS,stationary,forget0.99,4.680981,0.001266,0.014076,628
CUUR0000SAS,stationary,forget0.97,4.712246,0.001224,0.013057,628
CUUR0000SANL1,regime-changey,forget1.0,2.972153,0.007536,0.004897,629
CUUR0000SANL1,regime-changey,forget0.999,2.976284,0.007517,0.006486,629
CUUR0000SANL1,regime-changey,forget0.99,2.994021,0.007379,0.009316,629
CUUR0000SANL1,regime-changey,forget0.97,2.998477,0.007466,0.010588,629
CUUR0000SANL13,regime-changey,forget1.0,2.859042,0.008727,0.010366,629
CUUR0000SANL13,regime-changey,forget0.999,2.868211,0.008631,0.010334,629
CUUR0000SANL13,regime-changey,forget0.99,2.886924,0.008593,0.012242,629
CUUR0000SANL13,regime-changey,forget0.97,2.886210,0.008695,0.008744,629
CUUR0000SASLE,stationary,forget1.0,4.905603,0.001040,0.010150,532
CUUR0000SASLE,stationary,forget0.999,4.909498,0.001034,0.011278,532
CUUR0000SASLE,stationary,forget0.99,4.923756,0.001015,0.011579,532
CUUR0000SASLE,stationary,forget0.97,4.944877,0.000984,0.008346,532
CUUR0000SAS4,regime-changey,forget1.0,3.818790,0.003123,0.008280,628
CUUR0000SAS4,regime-changey,forget0.999,3.871268,0.002969,0.007389,628
CUUR0000SAS4,regime-changey,forget0.99,3.910466,0.002852,0.008854,628
CUUR0000SAS4,regime-changey,forget0.97,3.915493,0.002830,0.007006,628
CUUR0000SAT1,stationary,forget1.0,3.257237,0.006036,0.010000,700
CUUR0000SAT1,stationary,forget0.999,3.257812,0.006034,0.010000,700
CUUR0000SAT1,stationary,forget0.99,3.255631,0.006083,0.008857,700
CUUR0000SAT1,stationary,forget0.97,3.257097,0.006146,0.008571,700
CUUR0000SEAE,stationary,forget1.0,3.393670,0.004653,0.004417,652
CUUR0000SEAE,stationary,forget0.999,3.429808,0.004479,0.005644,652
CUUR0000SEAE,stationary,forget0.99,3.502648,0.004160,0.006994,652
CUUR0000SEAE,stationary,forget0.97,3.474713,0.004326,0.006135,652
CUUR0000SEFV,regime-changey,forget1.0,5.253373,0.000716,0.007931,580
CUUR0000SEFV,regime-changey,forget0.999,5.255734,0.000715,0.011034,580
CUUR0000SEFV,regime-changey,forget0.99,5.265256,0.000708,0.010345,580
CUUR0000SEFV,regime-changey,forget0.97,5.270739,0.000704,0.011379,580
CUUR0000SEFJ,stationary,forget1.0,3.819481,0.003648,0.007387,796
CUUR0000SEFJ,stationary,forget0.999,3.836308,0.003593,0.005980,796
CUUR0000SEFJ,stationary,forget0.99,3.847157,0.003569,0.005930,796
CUUR0000SEFJ,stationary,forget0.97,3.858790,0.003543,0.010452,796
CUUR0000SEHA,stationary,forget1.0,5.418463,0.000799,0.023608,776
CUUR0000SEHA,stationary,forget0.999,5.418871,0.000799,0.023608,776
CUUR0000SEHA,stationary,forget0.99,5.416667,0.000805,0.022835,776
CUUR0000SEHA,stationary,forget0.97,5.446403,0.000823,0.013144,776
CUUR0000SEHF,regime-changey,forget1.0,3.571366,0.005585,0.007754,748
CUUR0000SEHF,regime-changey,forget0.999,3.585961,0.005524,0.012834,748
CUUR0000SEHF,regime-changey,forget0.99,3.598175,0.005476,0.015508,748
CUUR0000SEHF,regime-changey,forget0.97,3.554106,0.005770,0.013583,748
CUUR0000SEFR,regime-changey,forget1.0,3.671650,0.004976,0.019648,796
CUUR0000SEFR,regime-changey,forget0.999,3.678645,0.004934,0.017588,796
CUUR0000SEFR,regime-changey,forget0.99,3.647304,0.004827,0.011055,796
CUUR0000SEFR,regime-changey,forget0.97,3.642197,0.004827,0.007387,796
CUUR0000SEHF01,regime-changey,forget1.0,3.548453,0.006583,0.016623,758
CUUR0000SEHF01,regime-changey,forget0.999,3.607760,0.006082,0.013456,758
CUUR0000SEHF01,regime-changey,forget0.99,3.786830,0.004715,0.013087,758
CUUR0000SEHF01,regime-changey,forget0.97,3.776362,0.004557,0.011346,758
CUUR0000SETA01,stationary,forget1.0,4.134286,0.002394,0.023102,606
CUUR0000SETA01,stationary,forget0.999,4.137750,0.002374,0.025083,606
CUUR0000SETA01,stationary,forget0.99,4.161611,0.002319,0.028053,606
CUUR0000SETA01,stationary,forget0.97,4.153079,0.002316,0.029703,606
CUUR0000SETA02,stationary,forget1.0,3.348522,0.005262,0.014722,576
CUUR0000SETA02,stationary,forget0.999,3.345499,0.005264,0.015278,576
CUUR0000SETA02,stationary,forget0.99,3.378103,0.005124,0.012500,576
CUUR0000SETA02,stationary,forget0.97,3.368784,0.005167,0.007153,576
CUUR0000SETB,regime-changey,forget1.0,1.874193,0.022600,0.013178,645
CUUR0000SETB,regime-changey,forget0.999,1.871148,0.022621,0.013798,645
CUUR0000SETB,regime-changey,forget0.99,1.861980,0.023064,0.014884,645
CUUR0000SETB,regime-changey,forget0.97,1.863544,0.023599,0.009612,645
CUURA101SAA,stationary,forget1.0,2.526913,0.010913,0.009278,582
CUURA101SAA,stationary,forget0.999,2.529895,0.010866,0.009347,582
CUURA101SAA,stationary,forget0.99,2.530679,0.010886,0.012371,582
CUURA101SAA,stationary,forget0.97,2.436056,0.011953,0.013058,582
CUURA101SAF11,stationary,forget1.0,3.448655,0.004239,0.021724,580
CUURA101SAF11,stationary,forget0.999,3.463131,0.004181,0.016552,580
CUURA101SAF11,stationary,forget0.99,3.480348,0.004099,0.005517,580
CUURA101SAF11,stationary,forget0.97,3.461934,0.004159,0.005517,580
CUUR0000SETG,regime-changey,forget1.0,2.807994,0.009609,0.008571,700
CUUR0000SETG,regime-changey,forget0.999,2.871382,0.009077,0.008000,700
CUUR0000SETG,regime-changey,forget0.99,3.098632,0.008227,0.010857,700
CUUR0000SETG,regime-changey,forget0.97,3.091651,0.008319,0.010857,700
CUURA101SAH1,regime-changey,forget1.0,3.886808,0.003153,0.007126,581
CUURA101SAH1,regime-changey,forget0.999,3.887128,0.003153,0.006403,581
CUURA101SAH1,regime-changey,forget0.99,3.918852,0.003083,0.006059,581
CUURA101SAH1,regime-changey,forget0.97,3.911514,0.003116,0.007780,581
CUURA101SA0,stationary,forget1.0,4.405971,0.001993,0.009924,794
CUURA101SA0,stationary,forget0.999,4.406465,0.001991,0.009924,794
CUURA101SA0,stationary,forget0.99,4.405388,0.001995,0.013098,794
CUURA101SA0,stationary,forget0.97,4.374558,0.002046,0.011083,794
CUURA101SAH2,stationary,forget1.0,2.459102,0.012300,0.008723,564
CUURA101SAH2,stationary,forget0.999,2.458030,0.012310,0.009433,564
CUURA101SAH2,stationary,forget0.99,2.467311,0.012277,0.009433,564
CUURA101SAH2,stationary,forget0.97,2.452378,0.012472,0.006312,564
CUURA101SAF1,stationary,forget1.0,3.908517,0.003080,0.012956,795
CUURA101SAF1,stationary,forget0.999,3.911070,0.003077,0.010314,795
CUURA101SAF1,stationary,forget0.99,3.898209,0.003121,0.007044,795
CUURA101SAF1,stationary,forget0.97,3.860093,0.003213,0.006289,795
CUURA101SAM,stationary,forget1.0,3.947107,0.002724,0.021595,652
CUURA101SAM,stationary,forget0.999,3.947108,0.002725,0.020982,652
CUURA101SAM,stationary,forget0.99,3.942984,0.002731,0.020613,652
CUURA101SAM,stationary,forget0.97,3.934351,0.002761,0.015951,652
CUURA101SEHA,regime-changey,forget1.0,4.395995,0.001850,0.013086,567
CUURA101SEHA,regime-changey,forget0.999,4.414822,0.001812,0.011922,567
CUURA101SEHA,regime-changey,forget0.99,4.447431,0.001722,0.012416,567
CUURA101SEHA,regime-changey,forget0.97,4.422044,0.001768,0.011464,567
CUURA101SEFV,stationary,forget1.0,4.272463,0.002010,0.015533,582
CUURA101SEFV,stationary,forget0.999,4.272154,0.002012,0.015876,582
CUURA101SEFV,stationary,forget0.99,4.264918,0.002027,0.014777,582
CUURA101SEFV,stationary,forget0.97,4.246621,0.002072,0.013402,582
CUURA101SAT,stationary,forget1.0,3.271666,0.005760,0.010567,653
CUURA101SAT,stationary,forget0.999,3.276279,0.005729,0.009954,653
CUURA101SAT,stationary,forget0.99,3.277350,0.005732,0.006799,653
CUURA101SAT,stationary,forget0.97,3.281374,0.005729,0.011792,653
CUURA101SAT1,stationary,forget1.0,3.212179,0.006127,0.012098,653
CUURA101SAT1,stationary,forget0.999,3.220381,0.006060,0.012404,653
CUURA101SAT1,stationary,forget0.99,3.229922,0.006075,0.013017,653
CUURA101SAT1,stationary,forget0.97,3.241736,0.006075,0.013629,653
CUURA102SA0,regime-changey,forget1.0,4.128670,0.002857,0.008507,623
CUURA102SA0,regime-changey,forget0.999,4.134047,0.002847,0.009053,623
CUURA102SA0,regime-changey,forget0.99,4.132812,0.002861,0.011300,623
CUURA102SA0,regime-changey,forget0.97,4.114842,0.002885,0.009149,623
CUURA102SAF1,stationary,forget1.0,3.573824,0.004173,0.010947,623
CUURA102SAF1,stationary,forget0.999,3.574628,0.004173,0.010851,623
CUURA102SAF1,stationary,forget0.99,3.564384,0.004216,0.013419,623
CUURA102SAF1,stationary,forget0.97,3.533151,0.004327,0.010209,623
CUURA101SEHF,regime-changey,forget1.0,2.773421,0.013182,0.020985,731
CUURA101SEHF,regime-changey,forget0.999,2.796648,0.012907,0.019617,731
CUURA101SEHF,regime-changey,forget0.99,2.825035,0.012536,0.015759,731
CUURA101SEHF,regime-changey,forget0.97,2.757734,0.013581,0.011382,731
CUURA102SAF11,stationary,forget1.0,3.183292,0.005648,0.018072,581
CUURA102SAF11,stationary,forget0.999,3.191166,0.005605,0.018107,581
CUURA102SAF11,stationary,forget0.99,3.202285,0.005567,0.006368,581
CUURA102SAF11,stationary,forget0.97,3.180662,0.005697,0.005404,581
CUURA102SEHA,stationary,forget1.0,4.019549,0.002843,0.012920,565
CUURA102SEHA,stationary,forget0.999,4.063545,0.002736,0.007257,565
CUURA102SEHA,stationary,forget0.99,4.147390,0.002434,0.011858,565
CUURA102SEHA,stationary,forget0.97,4.139920,0.002355,0.010442,565
CUURA103SAF1,stationary,forget1.0,3.526591,0.004789,0.009901,505
CUURA103SAF1,stationary,forget0.999,3.527571,0.004781,0.008713,505
CUURA103SAF1,stationary,forget0.99,3.515646,0.004814,0.009505,505
CUURA103SAF1,stationary,forget0.97,3.478409,0.004930,0.007525,505
CUURA102SAH1,stationary,forget1.0,3.514015,0.004409,0.007079,582
CUURA102SAH1,stationary,forget0.999,3.515613,0.004396,0.007148,582
CUURA102SAH1,stationary,forget0.99,3.536828,0.004306,0.007629,582
CUURA102SAH1,stationary,forget0.97,3.508410,0.004408,0.008729,582
CUURA103SAF11,stationary,forget1.0,3.156381,0.005727,0.016386,581
CUURA103SAF11,stationary,forget0.999,3.169693,0.005649,0.010189,581
CUURA103SAF11,stationary,forget0.99,3.170343,0.005698,0.008468,581
CUURA103SAF11,stationary,forget0.97,3.146950,0.005837,0.008090,581
CUURA102SEHF,regime-changey,forget1.0,2.977259,0.012630,0.032148,731
CUURA102SEHF,regime-changey,forget0.999,2.967463,0.012306,0.030506,731
CUURA102SEHF,regime-changey,forget0.99,3.040422,0.010729,0.023146,731
CUURA102SEHF,regime-changey,forget0.97,3.014591,0.010054,0.019015,731
CUURA207SAA,stationary,forget1.0,2.318882,0.013443,0.005842,582
CUURA207SAA,stationary,forget0.999,2.324002,0.013393,0.005773,582
CUURA207SAA,stationary,forget0.99,2.180069,0.015485,0.013677,582
CUURA207SAA,stationary,forget0.97,2.129555,0.016217,0.012096,582
CUURA103SEHF,regime-changey,forget1.0,2.446118,0.018389,0.024542,731
CUURA103SEHF,regime-changey,forget0.999,2.370795,0.021404,0.030260,731
CUURA103SEHF,regime-changey,forget0.99,2.667886,0.015893,0.025363,731
CUURA103SEHF,regime-changey,forget0.97,2.667592,0.015677,0.022298,731
CUURA207SAH1,regime-changey,forget1.0,3.837983,0.003603,0.013894,583
CUURA207SAH1,regime-changey,forget0.999,3.836253,0.003606,0.014923,583
CUURA207SAH1,regime-changey,forget0.99,3.826426,0.003648,0.012521,583
CUURA207SAH1,regime-changey,forget0.97,3.807929,0.003719,0.013894,583
CUURA207SAF11,stationary,forget1.0,3.170079,0.005531,0.019793,581
CUURA207SAF11,stationary,forget0.999,3.176230,0.005503,0.017728,581
CUURA207SAF11,stationary,forget0.99,3.193626,0.005433,0.010155,581
CUURA207SAF11,stationary,forget0.97,3.166133,0.005563,0.011497,581
CUURA207SA0,stationary,forget1.0,4.150892,0.002681,0.009169,794
CUURA207SA0,stationary,forget0.999,4.154630,0.002677,0.008564,794
CUURA207SA0,stationary,forget0.99,4.151779,0.002682,0.007909,794
CUURA207SA0,stationary,forget0.97,4.123670,0.002740,0.010579,794
CUURA207SAH2,stationary,forget1.0,1.990259,0.018699,0.013830,564
CUURA207SAH2,stationary,forget0.999,1.976214,0.019151,0.013475,564
CUURA207SAH2,stationary,forget0.99,1.945431,0.019963,0.014326,564
CUURA207SAH2,stationary,forget0.97,1.946693,0.019734,0.010071,564
CUURA207SAF1,stationary,forget1.0,3.554918,0.004062,0.009270,794
CUURA207SAF1,stationary,forget0.999,3.553741,0.004069,0.008463,794
CUURA207SAF1,stationary,forget0.99,3.544117,0.004114,0.008665,794
CUURA207SAF1,stationary,forget0.97,3.502562,0.004259,0.008212,794
CUURA207SAM,stationary,forget1.0,3.761028,0.003503,0.021413,651
CUURA207SAM,stationary,forget0.999,3.755836,0.003502,0.021690,651
CUURA207SAM,stationary,forget0.99,3.760809,0.003505,0.020461,651
CUURA207SAM,stationary,forget0.97,3.736903,0.003593,0.017389,651
CUURA207SAT,regime-changey,forget1.0,2.909430,0.008172,0.008116,653
CUURA207SAT,regime-changey,forget0.999,2.911952,0.008162,0.007596,653
CUURA207SAT,regime-changey,forget0.99,2.916804,0.008183,0.010046,653
CUURA207SAT,regime-changey,forget0.97,2.919329,0.008159,0.007504,653
CUURA207SEHA,regime-changey,forget1.0,4.275946,0.002033,0.008703,563
CUURA207SEHA,regime-changey,forget0.999,4.273429,0.002036,0.007034,563
CUURA207SEHA,regime-changey,forget0.99,4.282121,0.002016,0.007282,563
CUURA207SEHA,regime-changey,forget0.97,4.259829,0.002070,0.005861,563
CUURA207SEFV,stationary,forget1.0,4.187916,0.002687,0.025086,582
CUURA207SEFV,stationary,forget0.999,4.178122,0.002703,0.024399,582
CUURA207SEFV,stationary,forget0.99,4.164054,0.002723,0.023436,582
CUURA207SEFV,stationary,forget0.97,4.138768,0.002808,0.022749,582
CUURA207SAT1,regime-changey,forget1.0,2.806842,0.008691,0.005881,653
CUURA207SAT1,regime-changey,forget0.999,2.810920,0.008668,0.005758,653
CUURA207SAT1,regime-changey,forget0.99,2.808690,0.008732,0.005881,653
CUURA207SAT1,regime-changey,forget0.97,2.814992,0.008646,0.008515,653
CUURA208SA0,regime-changey,forget1.0,3.887813,0.003930,0.012496,557
CUURA208SA0,regime-changey,forget0.999,3.890120,0.003924,0.011418,557
CUURA208SA0,regime-changey,forget0.99,3.882073,0.003955,0.009156,557
CUURA208SA0,regime-changey,forget0.97,3.845869,0.004061,0.011670,557
CUURA208SAF1,stationary,forget1.0,3.504485,0.004527,0.011418,557
CUURA208SAF1,stationary,forget0.999,3.505181,0.004528,0.013106,557
CUURA208SAF1,stationary,forget0.99,3.492014,0.004565,0.011167,557
CUURA208SAF1,stationary,forget0.97,3.468832,0.004624,0.009623,557
CUURA207SEHF,regime-changey,forget1.0,2.210752,0.024438,0.017921,731
CUURA207SEHF,regime-changey,forget0.999,2.321916,0.021746,0.020958,731
CUURA207SEHF,regime-changey,forget0.99,2.336544,0.022721,0.017702,731
CUURA207SEHF,regime-changey,forget0.97,2.310274,0.022524,0.014938,731
CUURA208SAF11,stationary,forget1.0,3.225598,0.005357,0.021136,581
CUURA208SAF11,stationary,forget0.999,3.229178,0.005336,0.022857,581
CUURA208SAF11,stationary,forget0.99,3.246695,0.005231,0.013287,581
CUURA208SAF11,stationary,forget0.97,3.225846,0.005316,0.012943,581
CUURA208SAH1,regime-changey,forget1.0,3.254499,0.006084,0.012248,516
CUURA208SAH1,regime-changey,forget0.999,3.253972,0.006087,0.011860,516
CUURA208SAH1,regime-changey,forget0.99,3.248510,0.006106,0.008372,516
CUURA208SAH1,regime-changey,forget0.97,3.239966,0.006134,0.012016,516
CUURA208SEHA,stationary,forget1.0,3.804129,0.003273,0.008673,565
CUURA208SEHA,stationary,forget0.999,3.829307,0.003215,0.008673,565
CUURA208SEHA,stationary,forget0.99,3.853137,0.003124,0.012566,565
CUURA208SEHA,stationary,forget0.97,3.809421,0.003239,0.006549,565
CUURA318SAF1,stationary,forget1.0,3.576045,0.004681,0.010693,505
CUURA318SAF1,stationary,forget0.999,3.576325,0.004672,0.012079,505
CUURA318SAF1,stationary,forget0.99,3.574201,0.004676,0.013267,505
CUURA318SAF1,stationary,forget0.97,3.549407,0.004755,0.010693,505
CUURA210SEHF,regime-changey,forget1.0,2.704873,0.018055,0.029119,647
CUURA210SEHF,regime-changey,forget0.999,2.759901,0.016653,0.027883,647
CUURA210SEHF,regime-changey,forget0.99,2.900992,0.014678,0.030757,647
CUURA210SEHF,regime-changey,forget0.97,2.780913,0.015226,0.026430,647
CUURA208SEHF,regime-changey,forget1.0,2.799378,0.016100,0.030837,729
CUURA208SEHF,regime-changey,forget0.999,2.800488,0.016109,0.030837,729
CUURA208SEHF,regime-changey,forget0.99,2.835749,0.016045,0.026200,729
CUURA208SEHF,regime-changey,forget0.97,2.818132,0.016522,0.028395,729
CUURA318SAF11,stationary,forget1.0,3.103536,0.006071,0.015697,581
CUURA318SAF11,stationary,forget0.999,3.111506,0.006035,0.013941,581
CUURA318SAF11,stationary,forget0.99,3.121554,0.006018,0.010086,581
CUURA318SAF11,stationary,forget0.97,3.100313,0.006165,0.008434,581
CUURA319SEHF,regime-changey,forget1.0,2.403176,0.016940,0.028309,544
CUURA319SEHF,regime-changey,forget0.999,2.411513,0.016716,0.026103,544
CUURA319SEHF,regime-changey,forget0.99,2.401167,0.017130,0.025882,544
CUURA319SEHF,regime-changey,forget0.97,2.381327,0.017519,0.022059,544
CUURA318SEHF,stationary,forget1.0,1.863861,0.029049,0.021451,634
CUURA318SEHF,stationary,forget0.999,1.854355,0.029190,0.022587,634
CUURA318SEHF,stationary,forget0.99,1.877465,0.027584,0.018612,634
CUURA318SEHF,stationary,forget0.97,1.969458,0.027504,0.019369,634
CUURA421SA0,stationary,forget1.0,4.191725,0.002549,0.008427,693
CUURA421SA0,stationary,forget0.999,4.193523,0.002547,0.006782,693
CUURA421SA0,stationary,forget0.99,4.193870,0.002550,0.010245,693
CUURA421SA0,stationary,forget0.97,4.164115,0.002607,0.007359,693
CUURA421SAM,stationary,forget1.0,3.758251,0.003245,0.024537,551
CUURA421SAM,stationary,forget0.999,3.756337,0.003248,0.024174,551
CUURA421SAM,stationary,forget0.99,3.745819,0.003280,0.024537,551
CUURA421SAM,stationary,forget0.97,3.719731,0.003375,0.023775,551
CUURA421SAF1,stationary,forget1.0,3.814203,0.003352,0.012266,693
CUURA421SAF1,stationary,forget0.999,3.814556,0.003353,0.012554,693
CUURA421SAF1,stationary,forget0.99,3.802219,0.003389,0.013709,693
CUURA421SAF1,stationary,forget0.97,3.770137,0.003482,0.014084,693
CUURA421SAT,regime-changey,forget1.0,2.878873,0.007937,0.022323,551
CUURA421SAT,regime-changey,forget0.999,2.882045,0.007912,0.018730,551
CUURA421SAT,regime-changey,forget0.99,2.911057,0.007760,0.010635,551
CUURA421SAT,regime-changey,forget0.97,2.920319,0.007754,0.012523,551
CUURA421SAT1,regime-changey,forget1.0,2.859386,0.008259,0.019129,551
CUURA421SAT1,regime-changey,forget0.999,2.862184,0.008242,0.018730,551
CUURA421SAT1,regime-changey,forget0.99,2.890760,0.008114,0.010708,551
CUURA421SAT1,regime-changey,forget0.97,2.905164,0.008100,0.007804,551
CUURA422SAF1,stationary,forget1.0,3.541508,0.004559,0.009666,569
CUURA422SAF1,stationary,forget0.999,3.542897,0.004554,0.009666,569
CUURA422SAF1,stationary,forget0.99,3.526193,0.004610,0.010721,569
CUURA422SAF1,stationary,forget0.97,3.497175,0.004743,0.011388,569
CUURA421SEHF,regime-changey,forget1.0,2.894148,0.016397,0.032210,647
CUURA421SEHF,regime-changey,forget0.999,2.885194,0.016453,0.030046,647
CUURA421SEHF,regime-changey,forget0.99,2.855113,0.016598,0.025502,647
CUURA421SEHF,regime-changey,forget0.97,2.824944,0.016881,0.028192,647
CUURA422SAF11,stationary,forget1.0,3.111628,0.005986,0.014138,580
CUURA422SAF11,stationary,forget0.999,3.113610,0.005978,0.010345,580
CUURA422SAF11,stationary,forget0.99,3.111176,0.005983,0.009655,580
CUURA422SAF11,stationary,forget0.97,3.087722,0.006101,0.008621,580
CWSR0000SA0E,stationary,forget1.0,2.349604,0.013651,0.011069,533
CWSR0000SA0E,stationary,forget0.999,2.350888,0.013638,0.012045,533
CWSR0000SA0E,stationary,forget0.99,2.329586,0.013926,0.010807,533
CWSR0000SA0E,stationary,forget0.97,2.318577,0.014216,0.013809,533
CWSR0000SA0,stationary,forget1.0,4.499920,0.001522,0.009877,652
CWSR0000SA0,stationary,forget0.999,4.501310,0.001518,0.008957,652
CWSR0000SA0,stationary,forget0.99,4.505560,0.001510,0.006748,652
CWSR0000SA0,stationary,forget0.97,4.502081,0.001520,0.006380,652
CWSR0000SA0L1E,regime-changey,forget1.0,5.362874,0.000670,0.007054,533
CWSR0000SA0L1E,regime-changey,forget0.999,5.372348,0.000663,0.006792,533
CWSR0000SA0L1E,regime-changey,forget0.99,5.389775,0.000650,0.009681,533
CWSR0000SA0L1E,regime-changey,forget0.97,5.378722,0.000654,0.013208,533
CWSR0000SA0L1,stationary,forget1.0,4.417659,0.001742,0.011792,653
CWSR0000SA0L1,stationary,forget0.999,4.419649,0.001739,0.011792,653
CWSR0000SA0L1,stationary,forget0.99,4.433993,0.001696,0.009250,653
CWSR0000SA0L1,stationary,forget0.97,4.436958,0.001706,0.010475,653
CUURA422SEHF,stationary,forget1.0,2.753995,0.021947,0.053151,730
CUURA422SEHF,stationary,forget0.999,2.753229,0.021957,0.052877,730
CUURA422SEHF,stationary,forget0.99,2.822476,0.020773,0.040274,730
CUURA422SEHF,stationary,forget0.97,2.848614,0.020917,0.026849,730
CWSR0000SA0L5,stationary,forget1.0,4.468707,0.001651,0.008330,533
CWSR0000SA0L5,stationary,forget0.999,4.474601,0.001639,0.008443,533
CWSR0000SA0L5,stationary,forget0.99,4.480225,0.001626,0.008180,533
CWSR0000SA0L5,stationary,forget0.97,4.470667,0.001643,0.009306,533
CWSR0000SA0LE,stationary,forget1.0,5.453654,0.000606,0.012083,533
CWSR0000SA0LE,stationary,forget0.999,5.457104,0.000604,0.011332,533
CWSR0000SA0LE,stationary,forget0.99,5.463742,0.000598,0.011445,533
CWSR0000SA0LE,stationary,forget0.97,5.467427,0.000595,0.012946,533
CWSR0000SA0L2,stationary,forget1.0,4.270083,0.001994,0.009832,653
CWSR0000SA0L2,stationary,forget0.999,4.270611,0.001993,0.010352,653
CWSR0000SA0L2,stationary,forget0.99,4.268467,0.002001,0.008423,653
CWSR0000SA0L2,stationary,forget0.97,4.270365,0.002018,0.005666,653
CWSR0000SAA,stationary,forget1.0,4.024860,0.002622,0.008025,653
CWSR0000SAA,stationary,forget0.999,4.035806,0.002597,0.006187,653
CWSR0000SAA,stationary,forget0.99,4.052855,0.002557,0.006799,653
CWSR0000SAA,stationary,forget0.97,4.036748,0.002579,0.008116,653
CWSR0000SAA1,regime-changey,forget1.0,3.779597,0.003368,0.009342,653
CWSR0000SAA1,regime-changey,forget0.999,3.787003,0.003344,0.007504,653
CWSR0000SAA1,regime-changey,forget0.99,3.799977,0.003318,0.004839,653
CWSR0000SAA1,regime-changey,forget0.97,3.768609,0.003463,0.005452,653
CWSR0000SAC,stationary,forget1.0,3.856791,0.003088,0.008073,545
CWSR0000SAC,stationary,forget0.999,3.858212,0.003081,0.008807,545
CWSR0000SAC,stationary,forget0.99,3.860570,0.003079,0.008073,545
CWSR0000SAC,stationary,forget0.97,3.853353,0.003127,0.008440,545
CWSR0000SAA2,stationary,forget1.0,3.379096,0.004616,0.013017,653
CWSR0000SAA2,stationary,forget0.999,3.374358,0.004646,0.009250,653
CWSR0000SAA2,stationary,forget0.99,3.370824,0.004663,0.011271,653
CWSR0000SAA2,stationary,forget0.97,3.344026,0.004790,0.009740,653
CWSR0000SACL1E,regime-changey,forget1.0,4.752798,0.001375,0.014709,533
CWSR0000SACL1E,regime-changey,forget0.999,4.758938,0.001363,0.015460,533
CWSR0000SACL1E,regime-changey,forget0.99,4.777584,0.001334,0.015310,533
CWSR0000SACL1E,regime-changey,forget0.97,4.793652,0.001310,0.015685,533
CWSR0000SACE,stationary,forget1.0,1.799890,0.023351,0.008555,533
CWSR0000SACE,stationary,forget0.999,1.796004,0.023369,0.010056,533
CWSR0000SACE,stationary,forget0.99,1.784881,0.023771,0.009193,533
CWSR0000SACE,stationary,forget0.97,1.761575,0.024445,0.009456,533
CWSR0000SACL1,regime-changey,forget1.0,3.458149,0.004789,0.011927,545
CWSR0000SACL1,regime-changey,forget0.999,3.459132,0.004782,0.011193,545
CWSR0000SACL1,regime-changey,forget0.99,3.485526,0.004619,0.010459,545
CWSR0000SACL1,regime-changey,forget0.97,3.481352,0.004738,0.013211,545
CWSR0000SAD,regime-changey,forget1.0,4.587851,0.001684,0.011743,545
CWSR0000SAD,regime-changey,forget0.999,4.595250,0.001668,0.012477,545
CWSR0000SAD,regime-changey,forget0.99,4.640288,0.001600,0.012110,545
CWSR0000SAD,regime-changey,forget0.97,4.652154,0.001591,0.010275,545
CWSR0000SAF1,regime-changey,forget1.0,4.396832,0.001829,0.006279,653
CWSR0000SAF1,regime-changey,forget0.999,4.409328,0.001783,0.011087,653
CWSR0000SAF1,regime-changey,forget0.99,4.447309,0.001732,0.012711,653
CWSR0000SAF1,regime-changey,forget0.97,4.448695,0.001726,0.010352,653
CWSR0000SAF11,stationary,forget1.0,4.145329,0.002184,0.004789,593
CWSR0000SAF11,stationary,forget0.999,4.149806,0.002157,0.007690,593
CWSR0000SAF11,stationary,forget0.99,4.174291,0.002108,0.008364,593
CWSR0000SAF11,stationary,forget0.97,4.179708,0.002095,0.005329,593
CWSR0000SAH1,regime-changey,forget1.0,5.178361,0.001023,0.009535,581
CWSR0000SAH1,regime-changey,forget0.999,5.177852,0.001021,0.008812,581
CWSR0000SAH1,regime-changey,forget0.99,5.139066,0.001045,0.006713,581
CWSR0000SAH1,regime-changey,forget0.97,5.126360,0.001062,0.009811,581
CWSR0000SAH2,stationary,forget1.0,3.632533,0.003881,0.010534,581
CWSR0000SAH2,stationary,forget0.999,3.630643,0.003895,0.011188,581
CWSR0000SAH2,stationary,forget0.99,3.636842,0.003857,0.016351,581
CWSR0000SAH2,stationary,forget0.97,3.634827,0.003862,0.008090,581
CWSR0000SAM2,stationary,forget1.0,4.925406,0.001028,0.010275,545
CWSR0000SAM2,stationary,forget0.999,4.931461,0.001024,0.011009,545
CWSR0000SAM2,stationary,forget0.99,4.949717,0.001008,0.010826,545
CWSR0000SAM2,stationary,forget0.97,4.943707,0.001005,0.014128,545
CWSR0000SAF114,regime-changey,forget1.0,3.650505,0.003924,0.008423,653
CWSR0000SAF114,regime-changey,forget0.999,3.659882,0.003904,0.007688,653
CWSR0000SAF114,regime-changey,forget0.99,3.679733,0.003792,0.008208,653
CWSR0000SAF114,regime-changey,forget0.97,3.674691,0.003776,0.008423,653
CWSR0000SAF113,regime-changey,forget1.0,2.894700,0.008076,0.014548,653
CWSR0000SAF113,regime-changey,forget0.999,2.897894,0.008051,0.012711,653
CWSR0000SAF113,regime-changey,forget0.99,2.890945,0.008092,0.008729,653
CWSR0000SAF113,regime-changey,forget0.97,2.869800,0.008287,0.010658,653
CWSR0000SAM,stationary,forget1.0,4.924694,0.001020,0.008423,653
CWSR0000SAM,stationary,forget0.999,4.926798,0.001018,0.008913,653
CWSR0000SAM,stationary,forget0.99,4.941722,0.000998,0.008208,653
CWSR0000SAM,stationary,forget0.97,4.935716,0.001001,0.007596,653
CWSR0000SAS,regime-changey,forget1.0,5.210607,0.000800,0.010459,545
CWSR0000SAS,regime-changey,forget0.999,5.218324,0.000797,0.006055,545
CWSR0000SAS,regime-changey,forget0.99,5.232649,0.000790,0.009725,545
CWSR0000SAS,regime-changey,forget0.97,5.223474,0.000794,0.009725,545
CWSR0000SAN,regime-changey,forget1.0,3.633450,0.004052,0.012477,545
CWSR0000SAN,regime-changey,forget0.999,3.635313,0.004043,0.011743,545
CWSR0000SAN,regime-changey,forget0.99,3.632527,0.004059,0.011009,545
CWSR0000SAN,regime-changey,forget0.97,3.627427,0.004130,0.006972,545
CWSR0000SAS4,regime-changey,forget1.0,4.301713,0.002151,0.008624,545
CWSR0000SAS4,regime-changey,forget0.999,4.306754,0.002148,0.010275,545
CWSR0000SAS4,regime-changey,forget0.99,4.317859,0.002114,0.011376,545
CWSR0000SAS4,regime-changey,forget0.97,4.323746,0.002080,0.009725,545
CWSR0000SEFV,regime-changey,forget1.0,5.262151,0.000704,0.009122,581
CWSR0000SEFV,regime-changey,forget0.999,5.262336,0.000702,0.010120,581
CWSR0000SEFV,regime-changey,forget0.99,5.264203,0.000699,0.009845,581
CWSR0000SEFV,regime-changey,forget0.97,5.269597,0.000696,0.012599,581
CWSR0000SAT,regime-changey,forget1.0,3.245647,0.005927,0.006983,653
CWSR0000SAT,regime-changey,forget0.999,3.248137,0.005919,0.006156,653
CWSR0000SAT,regime-changey,forget0.99,3.253901,0.005962,0.007198,653
CWSR0000SAT,regime-changey,forget0.97,3.248191,0.006084,0.012711,653
CWSR0000SEAE,stationary,forget1.0,3.715608,0.003321,0.009127,653
CWSR0000SEAE,stationary,forget0.999,3.721414,0.003300,0.007810,653
CWSR0000SEAE,stationary,forget0.99,3.733507,0.003256,0.007198,653
CWSR0000SEAE,stationary,forget0.97,3.713797,0.003320,0.010781,653
CWSR0000SAT1,regime-changey,forget1.0,3.210941,0.006170,0.008515,653
CWSR0000SAT1,regime-changey,forget0.999,3.214323,0.006161,0.008913,653
CWSR0000SAT1,regime-changey,forget0.99,3.218040,0.006206,0.005329,653
CWSR0000SAT1,regime-changey,forget0.97,3.214341,0.006319,0.006064,653
CWSR0000SEHF,stationary,forget1.0,3.388754,0.004860,0.006891,653
CWSR0000SEHF,stationary,forget0.999,3.390284,0.004849,0.006279,653
CWSR0000SEHF,stationary,forget0.99,3.406403,0.004742,0.009740,653
CWSR0000SEHF,stationary,forget0.97,3.400320,0.004771,0.006891,653
CWSR0000SETA01,stationary,forget1.0,4.492082,0.001766,0.011753,582
CWSR0000SETA01,stationary,forget0.999,4.503612,0.001726,0.010172,582
CWSR0000SETA01,stationary,forget0.99,4.531034,0.001666,0.007010,582
CWSR0000SETA01,stationary,forget0.97,4.540582,0.001652,0.007973,582
CWSR0000SETA02,stationary,forget1.0,3.449317,0.004743,0.007835,582
CWSR0000SETA02,stationary,forget0.999,3.474963,0.004661,0.008247,582
CWSR0000SETA02,stationary,forget0.99,3.496881,0.004557,0.007629,582
CWSR0000SETA02,stationary,forget0.97,3.505749,0.004542,0.011409,582
CWUR0000SA0E,stationary,forget1.0,2.200318,0.015414,0.010694,533
CWUR0000SA0E,stationary,forget0.999,2.200639,0.015405,0.010206,533
CWUR0000SA0E,stationary,forget0.99,2.182743,0.015632,0.010319,533
CWUR0000SA0E,stationary,forget0.97,2.172013,0.015913,0.009306,533
CWUR0000SA0L1E,stationary,forget1.0,4.823666,0.001125,0.012030,532
CWUR0000SA0L1E,stationary,forget0.999,4.860271,0.001091,0.011729,532
CWUR0000SA0L1E,stationary,forget0.99,4.970807,0.000982,0.012105,532
CWUR0000SA0L1E,stationary,forget0.97,4.967882,0.000978,0.012707,532
CWUR0000SA0L5,stationary,forget1.0,4.303823,0.002022,0.006466,532
CWUR0000SA0L5,stationary,forget0.999,4.314146,0.001998,0.006842,532
CWUR0000SA0L5,stationary,forget0.99,4.330434,0.001963,0.007594,532
CWUR0000SA0L5,stationary,forget0.97,4.337195,0.001951,0.008271,532
CWUR0000SA0L1,stationary,forget1.0,4.458550,0.001930,0.012357,751
CWUR0000SA0L1,stationary,forget0.999,4.465030,0.001915,0.012357,751
CWUR0000SA0L1,stationary,forget0.99,4.475416,0.001902,0.013182,751
CWUR0000SA0L1,stationary,forget0.97,4.485827,0.001886,0.012117,751
CWUR0000SA0LE,stationary,forget1.0,4.937126,0.001002,0.012683,533
CWUR0000SA0LE,stationary,forget0.999,4.938059,0.001001,0.012420,533
CWUR0000SA0LE,stationary,forget0.99,5.007239,0.000934,0.010432,533
CWUR0000SA0LE,stationary,forget0.97,5.071854,0.000873,0.010432,533
CWUR0000SA0L2,stationary,forget1.0,4.344377,0.002188,0.010013,751
CWUR0000SA0L2,stationary,forget0.999,4.346021,0.002188,0.010253,751
CWUR0000SA0L2,stationary,forget0.99,4.331177,0.002218,0.007856,751
CWUR0000SA0L2,stationary,forget0.97,4.330686,0.002217,0.011824,751
CWUR0000SA0,stationary,forget1.0,4.901657,0.001992,0.012400,1000
CWUR0000SA0,stationary,forget0.999,4.919091,0.001963,0.015800,1000
CWUR0000SA0,stationary,forget0.99,4.934437,0.001938,0.018600,1000
CWUR0000SA0,stationary,forget0.97,4.922447,0.001935,0.018800,1000
CWUR0000SAA1,stationary,forget1.0,3.476344,0.004496,0.010352,653
CWUR0000SAA1,stationary,forget0.999,3.476172,0.004496,0.010965,653
CWUR0000SAA1,stationary,forget0.99,3.458312,0.004603,0.010567,653
CWUR0000SAA1,stationary,forget0.97,3.403629,0.004983,0.012190,653
CWUR0000SAA2,stationary,forget1.0,3.044720,0.006499,0.006677,653
CWUR0000SAA2,stationary,forget0.999,3.044114,0.006499,0.006677,653
CWUR0000SAA2,stationary,forget0.99,3.038575,0.006526,0.011179,653
CWUR0000SAA2,stationary,forget0.97,3.034630,0.006521,0.008729,653
CWUR0000SAA,regime-changey,forget1.0,2.966272,0.008351,0.030440,795
CWUR0000SAA,regime-changey,forget0.999,2.972821,0.008332,0.031195,795
CWUR0000SAA,regime-changey,forget0.99,3.366302,0.005298,0.016101,795
CWUR0000SAA,regime-changey,forget0.97,3.351342,0.005241,0.015597,795
CWUR0000SACE,stationary,forget1.0,1.757852,0.024063,0.010056,533
CWUR0000SACE,stationary,forget0.999,1.745875,0.024200,0.009681,533
CWUR0000SACE,stationary,forget0.99,1.695481,0.025688,0.008818,533
CWUR0000SACE,stationary,forget0.97,1.667307,0.026544,0.012683,533
CWUR0000SAC,regime-changey,forget1.0,3.786021,0.003401,0.005501,629
CWUR0000SAC,regime-changey,forget0.999,3.788448,0.003396,0.007377,629
CWUR0000SAC,regime-changey,forget0.99,3.786888,0.003415,0.004992,629
CWUR0000SAC,regime-changey,forget0.97,3.788158,0.003422,0.006804,629
CWUR0000SACL1E,stationary,forget1.0,4.387947,0.001790,0.022439,533
CWUR0000SACL1E,stationary,forget0.999,4.389962,0.001787,0.022439,533
CWUR0000SACL1E,stationary,forget0.99,4.396473,0.001726,0.021426,533
CWUR0000SACL1E,stationary,forget0.97,4.411651,0.001696,0.020450,533
CWUR0000SACL1,regime-changey,forget1.0,3.368115,0.005093,0.008712,629
CWUR0000SACL1,regime-changey,forget0.999,3.375432,0.005065,0.007472,629
CWUR0000SACL1,regime-changey,forget0.99,3.394770,0.005014,0.006518,629
CWUR0000SACL1,regime-changey,forget0.97,3.408256,0.005025,0.008458,629
CWUR0000SA0R,stationary,forget1.0,4.726004,0.002030,0.009800,1000
CWUR0000SA0R,stationary,forget0.999,4.744005,0.001998,0.008200,1000
CWUR0000SA0R,stationary,forget0.99,4.769429,0.001957,0.009600,1000
CWUR0000SA0R,stationary,forget0.97,4.767671,0.001943,0.008400,1000
CWUR0000SAD,regime-changey,forget1.0,4.325025,0.002077,0.009730,629
CWUR0000SAD,regime-changey,forget0.999,4.327422,0.002074,0.008776,629
CWUR0000SAD,regime-changey,forget0.99,4.345610,0.002035,0.006518,629
CWUR0000SAD,regime-changey,forget0.97,4.343016,0.002037,0.010938,629
CWUR0000SAF11,stationary,forget1.0,3.863469,0.003059,0.011884,653
CWUR0000SAF11,stationary,forget0.999,3.869429,0.003044,0.008239,653
CWUR0000SAF11,stationary,forget0.99,3.872323,0.003024,0.010475,653
CWUR0000SAF11,stationary,forget0.97,3.871351,0.003004,0.006891,653
CWUR0000SAH1,regime-changey,forget1.0,4.813650,0.001338,0.011753,582
CWUR0000SAH1,regime-changey,forget0.999,4.818085,0.001332,0.010722,582
CWUR0000SAH1,regime-changey,forget0.99,4.842487,0.001313,0.009278,582
CWUR0000SAH1,regime-changey,forget0.97,4.858786,0.001293,0.010309,582
CWUR0000SAF114,stationary,forget1.0,3.334027,0.005128,0.013323,653
CWUR0000SAF114,stationary,forget0.999,3.331366,0.005124,0.012190,653
CWUR0000SAF114,stationary,forget0.99,3.344461,0.004892,0.012190,653
CWUR0000SAF114,stationary,forget0.97,3.350314,0.004833,0.011057,653
CWUR0000SAG1,stationary,forget1.0,4.581129,0.001433,0.012711,653
CWUR0000SAG1,stationary,forget0.999,4.602683,0.001410,0.009740,653
CWUR0000SAG1,stationary,forget0.99,4.620409,0.001390,0.008423,653
CWUR0000SAG1,stationary,forget0.97,4.604780,0.001409,0.010260,653
CWUR0000SAH2,stationary,forget1.0,3.310690,0.005241,0.011959,582
CWUR0000SAH2,stationary,forget0.999,3.276562,0.005432,0.009278,582
CWUR0000SAH2,stationary,forget0.99,3.256386,0.005567,0.011340,582
CWUR0000SAH2,stationary,forget0.97,3.269106,0.005583,0.008660,582
CWUR0000SAF113,regime-changey,forget1.0,2.621302,0.010433,0.014504,797
CWUR0000SAF113,regime-changey,forget0.999,2.664765,0.010006,0.011819,797
CWUR0000SAF113,regime-changey,forget0.99,2.672911,0.009738,0.007654,797
CWUR0000SAF113,regime-changey,forget0.97,2.624410,0.010258,0.008331,797
CWUR0000SAF1,regime-changey,forget1.0,4.205720,0.003081,0.011800,1000
CWUR0000SAF1,regime-changey,forget0.999,4.210301,0.003074,0.010600,1000
CWUR0000SAF1,regime-changey,forget0.99,4.207303,0.003110,0.008000,1000
CWUR0000SAF1,regime-changey,forget0.97,4.190669,0.003134,0.005600,1000
CWUR0000SAM,stationary,forget1.0,4.548310,0.001445,0.018944,701
CWUR0000SAM,stationary,forget0.999,4.594360,0.001379,0.018944,701
CWUR0000SAM,stationary,forget0.99,4.601215,0.001360,0.020086,701
CWUR0000SAM,stationary,forget0.97,4.629469,0.001322,0.015492,701
CWUR0000SAM2,stationary,forget1.0,4.434012,0.001662,0.014904,628
CWUR0000SAM2,stationary,forget0.999,4.454793,0.001622,0.015605,628
CWUR0000SAM2,stationary,forget0.99,4.490711,0.001536,0.015605,628
CWUR0000SAM2,stationary,forget0.97,4.514278,0.001497,0.014331,628
CWUR0000SAN,regime-changey,forget1.0,3.532159,0.004470,0.006836,629
CWUR0000SAN,regime-changey,forget0.999,3.531022,0.004474,0.008076,629
CWUR0000SAN,regime-changey,forget0.99,3.520696,0.004507,0.004674,629
CWUR0000SAN,regime-changey,forget0.97,3.522786,0.004513,0.005215,629
CWUR0000SANL1,regime-changey,forget1.0,2.894204,0.008310,0.007409,629
CWUR0000SANL1,regime-changey,forget0.999,2.896503,0.008299,0.007758,629
CWUR0000SANL1,regime-changey,forget0.99,2.907198,0.008276,0.008108,629
CWUR0000SANL1,regime-changey,forget0.97,2.908029,0.008386,0.005882,629
CWUR0000SAS,stationary,forget1.0,4.692598,0.001266,0.017933,629
CWUR0000SAS,stationary,forget0.999,4.707060,0.001252,0.017933,629
CWUR0000SAS,stationary,forget0.99,4.721722,0.001230,0.017647,629
CWUR0000SAS,stationary,forget0.97,4.742139,0.001202,0.017965,629
CWUR0000SANL13,regime-changey,forget1.0,2.741960,0.009717,0.010970,629
CWUR0000SANL13,regime-changey,forget0.999,2.743673,0.009713,0.010970,629
CWUR0000SANL13,regime-changey,forget0.99,2.751589,0.009774,0.010684,629
CWUR0000SANL13,regime-changey,forget0.97,2.753967,0.009913,0.009094,629
CWUR0000SAS4,regime-changey,forget1.0,3.981280,0.002668,0.011955,629
CWUR0000SAS4,regime-changey,forget0.999,4.007380,0.002585,0.009030,629
CWUR0000SAS4,regime-changey,forget0.99,4.022311,0.002563,0.006137,629
CWUR0000SAS4,regime-changey,forget0.97,4.018039,0.002564,0.006804,629
CWUR0000SASLE,regime-changey,forget1.0,5.038944,0.000934,0.005929,533
CWUR0000SASLE,regime-changey,forget0.999,5.041222,0.000933,0.007805,533
CWUR0000SASLE,regime-changey,forget0.99,5.056054,0.000922,0.009418,533
CWUR0000SASLE,regime-changey,forget0.97,5.098552,0.000894,0.007692,533
CWUR0000SAT,regime-changey,forget1.0,3.197551,0.006355,0.012668,701
CWUR0000SAT,regime-changey,forget0.999,3.211870,0.006304,0.011840,701
CWUR0000SAT,regime-changey,forget0.99,3.225387,0.006330,0.010927,701
CWUR0000SAT,regime-changey,forget0.97,3.224936,0.006421,0.008388,701
CWUR0000SEFV,regime-changey,forget1.0,5.233194,0.000735,0.010534,581
CWUR0000SEFV,regime-changey,forget0.999,5.234697,0.000733,0.008090,581
CWUR0000SEFV,regime-changey,forget0.99,5.242771,0.000727,0.010843,581
CWUR0000SEFV,regime-changey,forget0.97,5.256619,0.000719,0.012186,581
CWUR0000SEAE,stationary,forget1.0,3.425451,0.004553,0.007289,653
CWUR0000SEAE,stationary,forget0.999,3.447746,0.004442,0.006983,653
CWUR0000SEAE,stationary,forget0.99,3.510187,0.004150,0.008025,653
CWUR0000SEAE,stationary,forget0.97,3.482202,0.004316,0.007994,653
CWUR0000SAT1,regime-changey,forget1.0,3.197592,0.006516,0.009558,701
CWUR0000SAT1,regime-changey,forget0.999,3.197685,0.006517,0.009558,701
CWUR0000SAT1,regime-changey,forget0.99,3.195848,0.006572,0.010414,701
CWUR0000SAT1,regime-changey,forget0.97,3.194738,0.006654,0.009529,701
CWUR0000SEFR,regime-changey,forget1.0,3.663261,0.004991,0.016863,797
CWUR0000SEFR,regime-changey,forget0.999,3.673593,0.004918,0.015859,797
CWUR0000SEFR,regime-changey,forget0.99,3.658790,0.004799,0.011669,797
CWUR0000SEFR,regime-changey,forget0.97,3.656852,0.004789,0.012422,797
CWUR0000SEFJ,stationary,forget1.0,3.856783,0.003689,0.008256,797
CWUR0000SEFJ,stationary,forget0.999,3.872492,0.003619,0.007729,797
CWUR0000SEFJ,stationary,forget0.99,3.890554,0.003581,0.008582,797
CWUR0000SEFJ,stationary,forget0.97,3.905578,0.003556,0.006474,797
CWUR0000SEHA,stationary,forget1.0,5.467553,0.000775,0.011197,777
CWUR0000SEHA,stationary,forget0.999,5.485678,0.000761,0.015753,777
CWUR0000SEHA,stationary,forget0.99,5.530538,0.000736,0.016268,777
CWUR0000SEHA,stationary,forget0.97,5.511648,0.000751,0.015315,777
CWUR0000SEHF,regime-changey,forget1.0,3.344040,0.006760,0.017997,749
CWUR0000SEHF,regime-changey,forget0.999,3.358186,0.006680,0.017704,749
CWUR0000SEHF,regime-changey,forget0.99,3.430609,0.006220,0.012897,749
CWUR0000SEHF,regime-changey,forget0.97,3.445183,0.006172,0.012363,749
CWUR0000SETA02,stationary,forget1.0,3.348975,0.005257,0.014489,577
CWUR0000SETA02,stationary,forget0.999,3.344871,0.005261,0.014835,577
CWUR0000SETA02,stationary,forget0.99,3.378351,0.005117,0.013692,577
CWUR0000SETA02,stationary,forget0.97,3.372605,0.005153,0.006759,577
CWUR0000SETA01,stationary,forget1.0,4.182150,0.002414,0.019605,607
CWUR0000SETA01,stationary,forget0.999,4.187002,0.002394,0.023888,607
CWUR0000SETA01,stationary,forget0.99,4.211015,0.002333,0.026194,607
CWUR0000SETA01,stationary,forget0.97,4.201620,0.002329,0.027084,607
CWUR0000SETB,regime-changey,forget1.0,1.863073,0.022795,0.012570,646
CWUR0000SETB,regime-changey,forget0.999,1.861645,0.022804,0.013622,646
CWUR0000SETB,regime-changey,forget0.99,1.850951,0.023221,0.013808,646
CWUR0000SETB,regime-changey,forget0.97,1.848236,0.023772,0.009598,646
CWUR0000SETG,regime-changey,forget1.0,2.868317,0.008975,0.009558,701
CWUR0000SETG,regime-changey,forget0.999,2.940954,0.008376,0.008388,701
CWUR0000SETG,regime-changey,forget0.99,3.151286,0.007575,0.011840,701
CWUR0000SETG,regime-changey,forget0.97,3.144034,0.007692,0.012126,701
D10WAOAL,stationary,forget1.0,0.777266,0.069010,0.050184,599
D10WAOAL,stationary,forget0.999,0.773325,0.069046,0.050184,599
D10WAOAL,stationary,forget0.99,0.756796,0.070303,0.051853,599
D10WAOAL,stationary,forget0.97,0.688589,0.073156,0.052187,599
D10WLAD,regime-changey,forget1.0,0.919621,0.069021,0.006144,599
D10WLAD,regime-changey,forget0.999,0.912211,0.069461,0.006477,599
D10WLAD,regime-changey,forget0.99,0.882569,0.072396,0.008881,599
D10WLAD,regime-changey,forget0.97,0.828108,0.076982,0.013890,599
D10WLDACI,regime-changey,forget1.0,0.585395,6.935356,0.106210,599
D10WLDACI,regime-changey,forget0.999,0.574605,6.936656,0.098564,599
D10WLDACI,regime-changey,forget0.99,0.536814,7.325348,0.098230,599
D10WLDACI,regime-changey,forget0.97,0.464956,8.073945,0.110217,599
D10WLFRNOL,stationary,forget1.0,4.128746,0.002299,0.034825,599
D10WLFRNOL,stationary,forget0.999,4.136005,0.002271,0.033155,599
D10WLFRNOL,stationary,forget0.99,4.126957,0.002270,0.019199,599
D10WLFRNOL,stationary,forget0.97,4.129495,0.002272,0.010918,599
D10WACL,stationary,forget1.0,4.011749,0.006862,0.026882,930
D10WACL,stationary,forget0.999,4.017378,0.006857,0.025161,930
D10WACL,stationary,forget0.99,4.022102,0.006868,0.016129,930
D10WACL,stationary,forget0.97,4.021368,0.006866,0.012903,930
D10WATAL,stationary,forget1.0,2.153270,0.015926,0.009032,930
D10WATAL,stationary,forget0.999,2.152918,0.015935,0.008817,930
D10WATAL,stationary,forget0.99,2.150233,0.016085,0.010968,930
D10WATAL,stationary,forget0.97,2.122732,0.016654,0.006022,930
D10WAISAL,stationary,forget1.0,-9.113672,1270.512969,0.011398,930
D10WAISAL,stationary,forget0.999,-9.118378,1281.120383,0.009462,930
D10WAISAL,stationary,forget0.99,-9.133182,1301.246336,0.007527,930
D10WAISAL,stationary,forget0.97,-9.168206,1341.206179,0.008387,930
D10WLDEP,regime-changey,forget1.0,1.172073,0.045203,0.006022,930
D10WLDEP,regime-changey,forget0.999,1.173124,0.045197,0.005591,930
D10WLDEP,regime-changey,forget0.99,1.163739,0.045699,0.007742,930
D10WLDEP,regime-changey,forget0.97,1.133566,0.047890,0.009462,930
D10WLNOLNHL,stationary,forget1.0,1.999115,0.018422,0.014825,599
D10WLNOLNHL,stationary,forget0.999,2.002672,0.018375,0.015526,599
D10WLNOLNHL,stationary,forget0.99,2.007007,0.018390,0.014791,599
D10WLNOLNHL,stationary,forget0.97,1.991177,0.018660,0.014157,599
D10WLODL,regime-changey,forget1.0,0.959526,0.055061,0.005843,599
D10WLODL,regime-changey,forget0.999,0.960530,0.055057,0.006544,599
D10WLODL,regime-changey,forget0.99,0.950667,0.055761,0.009850,599
D10WLODL,regime-changey,forget0.97,0.920320,0.058575,0.012888,599
D10WLNNBH,stationary,forget1.0,3.554442,0.003874,0.008172,930
D10WLNNBH,stationary,forget0.999,3.557616,0.003859,0.007312,930
D10WLNNBH,stationary,forget0.99,3.554819,0.003862,0.009892,930
D10WLNNBH,stationary,forget0.97,3.562209,0.003851,0.006237,930
D10WLINT,stationary,forget1.0,-4.254802,6.485513,0.016917,810
D10WLINT,stationary,forget0.999,-4.254621,6.484544,0.016917,810
D10WLINT,stationary,forget0.99,-4.221222,6.308180,0.015166,810
D10WLINT,stationary,forget0.97,-4.234892,6.520246,0.015216,810
D10WPCL,stationary,forget1.0,2.340629,4.869790,0.116928,599
D10WPCL,stationary,forget0.999,2.337709,4.874223,0.117596,599
D10WPCL,stationary,forget0.99,2.315862,4.958980,0.116260,599
D10WPCL,stationary,forget0.97,2.157705,5.663907,0.118598,599
D10WSHOL,regime-changey,forget1.0,3.451148,0.007632,0.039199,599
D10WSHOL,regime-changey,forget0.999,3.452215,0.007640,0.039866,599
D10WSHOL,regime-changey,forget0.99,3.446897,0.007633,0.040234,599
D10WSHOL,regime-changey,forget0.97,3.406361,0.008107,0.039566,599
D10WSHOTSL,regime-changey,forget1.0,4.356109,0.005803,0.081235,599
D10WSHOTSL,regime-changey,forget0.999,4.356251,0.005801,0.081569,599
D10WSHOTSL,regime-changey,forget0.99,4.358395,0.005864,0.076561,599
D10WSHOTSL,regime-changey,forget0.97,4.354041,0.006084,0.077896,599
D10WLRRA,stationary,forget1.0,1.034467,0.052411,0.010753,930
D10WLRRA,stationary,forget0.999,1.041359,0.052436,0.012043,930
D10WLRRA,stationary,forget0.99,1.009235,0.054647,0.010538,930
D10WLRRA,stationary,forget0.97,0.956492,0.057143,0.008387,930
D10WLTOTL,stationary,forget1.0,2.146382,0.016053,0.009462,930
D10WLTOTL,stationary,forget0.999,2.145969,0.016060,0.009677,930
D10WLTOTL,stationary,forget0.99,2.143663,0.016214,0.010753,930
D10WLTOTL,stationary,forget0.97,2.116152,0.016783,0.005806,930
D10WUPSHO,regime-changey,forget1.0,3.279822,0.008435,0.043907,599
D10WUPSHO,regime-changey,forget0.999,3.288639,0.008382,0.046578,599
D10WUPSHO,regime-changey,forget0.99,3.306386,0.008220,0.056194,599
D10WUPSHO,regime-changey,forget0.97,3.283741,0.008494,0.057529,599
D10WSRLL,stationary,forget1.0,3.239859,0.008445,0.064731,930
D10WSRLL,stationary,forget0.999,3.248472,0.008416,0.064301,930
D10WSRLL,stationary,forget0.99,3.206911,0.008706,0.053118,930
D10WSRLL,stationary,forget0.97,3.121412,0.009258,0.049247,930
D10WUDSHO,regime-changey,forget1.0,0.284267,1.586018,0.037229,599
D10WUDSHO,regime-changey,forget0.999,0.214525,1.621693,0.035893,599
D10WUDSHO,regime-changey,forget0.99,0.601988,1.373277,0.039900,599
D10WUDSHO,regime-changey,forget0.97,0.630994,1.378117,0.039533,599
D11WAOAL,stationary,forget1.0,0.566817,0.075076,0.040835,599
D11WAOAL,stationary,forget0.999,0.566983,0.075058,0.041503,599
D11WAOAL,stationary,forget0.99,0.567843,0.076434,0.040534,599
D11WAOAL,stationary,forget0.97,0.526262,0.080339,0.038197,599
D10WTLAC,stationary,forget1.0,2.153270,0.015926,0.009032,930
D10WTLAC,stationary,forget0.999,2.152918,0.015935,0.008817,930
D10WTLAC,stationary,forget0.99,2.150233,0.016085,0.010968,930
D10WTLAC,stationary,forget0.97,2.122732,0.016654,0.006022,930
D11WACL,stationary,forget1.0,3.082894,0.008546,0.012473,930
D11WACL,stationary,forget0.999,3.079261,0.008550,0.012043,930
D11WACL,stationary,forget0.99,3.079468,0.008566,0.009462,930
D11WACL,stationary,forget0.97,3.080052,0.008563,0.009247,930
D11WATAL,stationary,forget1.0,2.369452,0.012492,0.010753,930
D11WATAL,stationary,forget0.999,2.373784,0.012465,0.010323,930
D11WATAL,stationary,forget0.99,2.361335,0.012596,0.012258,930
D11WATAL,stationary,forget0.97,2.332147,0.012984,0.009892,930
D11WLAD,regime-changey,forget1.0,1.010141,0.063805,0.011486,599
D11WLAD,regime-changey,forget0.999,1.010126,0.063823,0.010851,599
D11WLAD,regime-changey,forget0.99,0.970355,0.066418,0.013189,599
D11WLAD,regime-changey,forget0.97,0.879468,0.073089,0.011185,599
D11WLDACI,stationary,forget1.0,0.883976,10.416068,0.103573,599
D11WLDACI,stationary,forget0.999,0.881312,10.442246,0.103907,599
D11WLDACI,stationary,forget0.99,0.866572,10.745644,0.102905,599
D11WLDACI,stationary,forget0.97,0.807611,11.533546,0.103205,599
D11WLFRNOL,stationary,forget1.0,4.352656,0.001927,0.018497,599
D11WLFRNOL,stationary,forget0.999,4.352393,0.001927,0.019165,599
D11WLFRNOL,stationary,forget0.99,4.353258,0.001918,0.015192,599
D11WLFRNOL,stationary,forget0.97,4.361169,0.001900,0.018230,599
D11WAISAL,regime-changey,forget1.0,-9.882595,2850.007941,0.009892,930
D11WAISAL,regime-changey,forget0.999,-9.882604,2850.232992,0.009247,930
D11WAISAL,regime-changey,forget0.99,-9.888441,2870.521102,0.007742,930
D11WAISAL,regime-changey,forget0.97,-9.923181,2969.052538,0.009247,930
D11WLDEP,stationary,forget1.0,1.151640,0.046813,0.005806,930
D11WLDEP,stationary,forget0.999,1.150030,0.046935,0.006452,930
D11WLDEP,stationary,forget0.99,1.148293,0.047000,0.007742,930
D11WLDEP,stationary,forget0.97,1.111426,0.048101,0.011828,930
D11WLNOLNHL,stationary,forget1.0,2.236098,0.014219,0.007212,599
D11WLNOLNHL,stationary,forget0.999,2.237192,0.014205,0.007579,599
D11WLNOLNHL,stationary,forget0.99,2.227853,0.014305,0.012487,599
D11WLNOLNHL,stationary,forget0.97,2.229480,0.014328,0.009549,599
D11WLODL,regime-changey,forget1.0,1.085608,0.051642,0.007546,599
D11WLODL,regime-changey,forget0.999,1.083544,0.051833,0.007179,599
D11WLODL,regime-changey,forget0.99,1.082639,0.051839,0.010851,599
D11WLODL,regime-changey,forget0.97,1.039146,0.052841,0.016895,599
D11WLNNBH,regime-changey,forget1.0,3.840882,0.003276,0.006237,930
D11WLNNBH,regime-changey,forget0.999,3.839533,0.003261,0.004516,930
D11WLNNBH,regime-changey,forget0.99,3.828396,0.003295,0.008602,930
D11WLNNBH,regime-changey,forget0.97,3.826795,0.003294,0.008387,930
D11WPCL,stationary,forget1.0,2.082727,7.178311,0.108915,599
D11WPCL,stationary,forget0.999,2.073783,7.207018,0.109917,599
D11WPCL,stationary,forget0.99,2.031220,7.566870,0.114925,599
D11WPCL,stationary,forget0.97,1.943640,8.173097,0.111920,599
D11WLINT,regime-changey,forget1.0,-5.026927,13.763285,0.017707,810
D11WLINT,regime-changey,forget0.999,-5.015812,13.643931,0.019408,810
D11WLINT,regime-changey,forget0.99,-4.933110,12.785967,0.017435,810
D11WLINT,regime-changey,forget0.97,-4.889099,12.795343,0.018668,810
D11WLRRA,stationary,forget1.0,1.064084,0.051102,0.008387,930
D11WLRRA,stationary,forget0.999,1.069583,0.051025,0.009032,930
D11WLRRA,stationary,forget0.99,1.039797,0.053253,0.012688,930
D11WLRRA,stationary,forget0.97,0.985795,0.055590,0.009462,930
D11WLTOTL,stationary,forget1.0,2.363433,0.012565,0.009892,930
D11WLTOTL,stationary,forget0.999,2.367351,0.012538,0.010108,930
D11WLTOTL,stationary,forget0.99,2.355725,0.012670,0.012043,930
D11WLTOTL,stationary,forget0.97,2.325445,0.013060,0.009892,930
D11WSHOL,regime-changey,forget1.0,3.449705,0.005897,0.029516,599
D11WSHOL,regime-changey,forget0.999,3.449018,0.005901,0.029516,599
D11WSHOL,regime-changey,forget0.99,3.463711,0.005977,0.031553,599
D11WSHOL,regime-changey,forget0.97,3.411837,0.006390,0.032855,599
D11WSRLL,stationary,forget1.0,3.498425,0.006002,0.034839,930
D11WSRLL,stationary,forget0.999,3.500329,0.005977,0.035484,930
D11WSRLL,stationary,forget0.99,3.519613,0.005871,0.044301,930
D11WSRLL,stationary,forget0.97,3.475354,0.006104,0.043441,930
D11WTLAC,stationary,forget1.0,2.369452,0.012492,0.010753,930
D11WTLAC,stationary,forget0.999,2.373784,0.012465,0.010323,930
D11WTLAC,stationary,forget0.99,2.361335,0.012596,0.012258,930
D11WTLAC,stationary,forget0.97,2.332147,0.012984,0.009892,930
A038RC1,regime-changey,adaptive,4.545715,0.001696,0.014173,508
A068RC1,regime-changey,adaptive,3.921903,0.003097,0.018425,508
A048RC1,regime-changey,adaptive,3.376582,0.006691,0.014882,508
A061RC1,regime-changey,adaptive,3.822922,0.003310,0.012283,508
A041RC1,regime-changey,adaptive,3.009548,0.007249,0.012992,508
A132RC1,regime-changey,adaptive,3.612659,0.004007,0.014567,508
A045RC1,stationary,adaptive,3.186928,0.006139,0.020000,508
A063RC1,regime-changey,adaptive,3.088819,0.014075,0.040000,508
A229RC0,regime-changey,adaptive,3.680042,0.004652,0.028268,508
A576RC1,regime-changey,adaptive,3.800549,0.003330,0.016535,508
AAAFFM,regime-changey,adaptive,-0.250508,0.201615,0.011652,563
AAA10YM,stationary,adaptive,0.708179,0.066780,0.010657,578
AAA,regime-changey,adaptive,2.422706,0.014470,0.010010,989
AAA10Y,stationary,adaptive,2.422169,0.018221,0.019200,1000
AAAFF,stationary,adaptive,1.491437,0.037342,0.009800,1000
AB1020AAAMT,stationary,adaptive,-7.532862,256.151478,0.015200,1000
AB1020AAVOL,stationary,adaptive,-3.943196,6.872008,0.016800,1000
AB14AAAMT,stationary,adaptive,-8.645197,820.787024,0.008000,1000
AB14AAVOL,stationary,adaptive,-5.035782,21.549176,0.008600,1000
AB2140AAAMT,stationary,adaptive,-7.607624,275.520832,0.012600,1000
AB2140AAVOL,stationary,adaptive,-4.164762,8.584839,0.015800,1000
AB4180AAAMT,stationary,adaptive,-7.285620,200.359568,0.012600,1000
AB4180AAVOL,stationary,adaptive,-3.832940,6.236270,0.014000,1000
ABCOMPN,stationary,adaptive,3.020977,0.006447,0.012200,1000
ABCOMP,stationary,adaptive,2.674808,0.009035,0.012600,1000
AB59AAAMT,stationary,adaptive,-9.119094,1261.099934,0.008800,1000
ADPWCDENCNERNSA,stationary,adaptive,5.316026,0.000660,0.016673,553
AB59AAVOL,stationary,adaptive,-5.447561,31.568718,0.010800,1000
ADPWCDENCNERSA,regime-changey,adaptive,7.709659,0.000069,0.026944,553
ADPWCDESCNERSA,stationary,adaptive,7.203300,0.000118,0.031899,553
ADJRESNS,regime-changey,adaptive,2.191815,0.017731,0.009718,922
ABGT80AAAMT,stationary,adaptive,-7.961475,389.458444,0.008000,1000
ADPWCDESCNERNSA,stationary,adaptive,5.037178,0.000884,0.010524,553
ADJRESSL,regime-changey,adaptive,2.630821,0.014170,0.005163,922
ABGT80AAVOL,stationary,adaptive,-4.657173,14.087271,0.009400,1000
ADPWCDMANERSA,regime-changey,adaptive,7.225571,0.000112,0.013201,553
ABSSD678FRBCLE,regime-changey,adaptive,2.568855,0.014669,0.012000,1000
ADPWCDMANERNSA,stationary,adaptive,4.817271,0.001082,0.010669,553
ADPWCDMTNERSA,regime-changey,adaptive,7.160859,0.000120,0.024665,553
ADPWCDMTNERNSA,stationary,adaptive,4.939550,0.000957,0.010669,553
ADPWCDNENERNSA,stationary,adaptive,4.995799,0.000913,0.018011,553
ADPWCDNENERSA,regime-changey,adaptive,7.290365,0.000121,0.040796,553
ADPWCDPCNERNSA,regime-changey,adaptive,4.565656,0.001494,0.020181,553
ADPWCDPCNERSA,regime-changey,adaptive,6.791932,0.000181,0.009801,553
ADPWCDSANERSA,regime-changey,adaptive,7.560873,0.000088,0.011754,553
ADPWCDSANERNSA,stationary,adaptive,5.315056,0.000680,0.018987,553
ADPWCDWNCNERSA,regime-changey,adaptive,7.734211,0.000091,0.037541,553
ADPWCDWNCNERNSA,stationary,adaptive,5.204120,0.000737,0.015118,553
ADPWCDWSCNERSA,regime-changey,adaptive,7.514203,0.000087,0.031284,553
ADPWCDWSCNERNSA,regime-changey,adaptive,5.265343,0.000720,0.012948,553
ADPWES1T19ENERNSA,regime-changey,adaptive,5.369213,0.000771,0.012224,553
ADPWES1T19ENERSA,regime-changey,adaptive,7.280685,0.000127,0.021881,553
ADPWES20T49ENERSA,regime-changey,adaptive,7.459256,0.000105,0.022604,553
ADPWES20T49ENERNSA,regime-changey,adaptive,5.365204,0.000812,0.013562,553
ADPWES250T499ENERSA,regime-changey,adaptive,7.355152,0.000106,0.041519,553
ADPWES250T499ENERNSA,regime-changey,adaptive,5.249489,0.000760,0.011609,553
ADPWES500PENERSA,regime-changey,adaptive,7.067376,0.000127,0.007884,553
ADPWES500PENERNSA,stationary,adaptive,4.653310,0.001293,0.016926,553
ADPWES50T249ENERNSA,stationary,adaptive,5.486877,0.000571,0.009331,553
ADPWES50T249ENERSA,regime-changey,adaptive,7.746684,0.000073,0.012224,553
ADPWINDCONNERNSA,stationary,adaptive,5.020343,0.000878,0.012477,553
ADPWINDCONNERSA,regime-changey,adaptive,7.108052,0.000126,0.043219,553
ADPWINDEDHLTNERSA,regime-changey,adaptive,7.764101,0.000067,0.037794,553
ADPWINDEDHLTNERNSA,stationary,adaptive,5.518519,0.000541,0.005967,553
ADPWINDFINNERSA,regime-changey,adaptive,7.183284,0.000203,0.026184,553
ADPWINDFINNERNSA,regime-changey,adaptive,5.238301,0.000799,0.010054,553
ADPWINDINFONERSA,regime-changey,adaptive,6.591530,0.000288,0.025244,553
ADPWINDINFONERNSA,stationary,adaptive,4.733108,0.001414,0.018734,553
ADPWINDLSHPNERSA,regime-changey,adaptive,7.359682,0.000092,0.030778,553
ADPWINDMANNERNSA,stationary,adaptive,5.614771,0.000496,0.010669,553
ADPWINDLSHPNERNSA,stationary,adaptive,4.966176,0.000929,0.006438,553
ADPWINDMANNERSA,regime-changey,adaptive,7.747039,0.000093,0.008246,553
ADPWINDNRMINNERSA,stationary,adaptive,6.404119,0.000398,0.020072,553
ADPWINDNRMINNERNSA,stationary,adaptive,4.200585,0.001990,0.008137,553
ADPWINDOTHSRVNERNSA,stationary,adaptive,5.017657,0.001020,0.014539,553
ADPWINDOTHSRVNERSA,regime-changey,adaptive,6.914742,0.000241,0.017902,553
ADPWINDPROBUSNERSA,regime-changey,adaptive,7.297868,0.000108,0.010307,553
ADPWINDPROBUSNERNSA,stationary,adaptive,5.091656,0.000832,0.010561,553
ADPWINDTTUNERSA,regime-changey,adaptive,6.750512,0.000177,0.009331,553
ADPWINDTTUNERNSA,stationary,adaptive,4.392187,0.001693,0.024051,553
ADPWNUSNERSA,regime-changey,adaptive,7.923088,0.000061,0.009693,553
ADPWNUSNERNSA,stationary,adaptive,5.586842,0.000503,0.008246,553
AHECONS,stationary,adaptive,3.850217,0.002914,0.011485,653
AHEMAN,stationary,adaptive,4.034758,0.002789,0.007637,749
ALLACBW027NBOG,regime-changey,adaptive,3.677717,0.004466,0.042109,588
ALLACBW027SBOG,regime-changey,adaptive,4.059584,0.003672,0.011073,587
AKCCLAIMS,stationary,adaptive,1.740760,0.024861,0.018000,1000
AKINSUREDUR,stationary,adaptive,1.388127,0.035448,0.007200,1000
ALCCLAIMS,stationary,adaptive,1.450682,0.037608,0.024800,1000
AKICLAIMS,stationary,adaptive,0.477138,0.086941,0.020600,1000
ALLDCBW027NBOG,regime-changey,adaptive,3.682025,0.004456,0.043197,588
ALINSUREDUR,stationary,adaptive,1.592317,0.037920,0.032200,1000
ALICLAIMS,stationary,adaptive,0.131500,0.123882,0.012000,1000
ALLDCBW027SBOG,regime-changey,adaptive,4.062486,0.003655,0.013333,588
ALLFRIW027SBOG,regime-changey,adaptive,1.911642,0.023407,0.023741,588
ALLSCBW027NBOG,regime-changey,adaptive,3.635384,0.004251,0.040816,588
ALLSCBW027SBOG,regime-changey,adaptive,3.704177,0.004218,0.018639,588
ALTO042NAN,stationary,adaptive,3.472331,0.005190,0.013333,582
ALNAN,stationary,adaptive,3.944491,0.003058,0.015455,748
AMBNS,regime-changey,adaptive,3.287604,0.006284,0.012104,922
ALLLCBW027NBOG,regime-changey,adaptive,3.466054,0.005851,0.032200,1000
ALLLCBW027SBOG,regime-changey,adaptive,3.677735,0.004904,0.015200,1000
AMBSL,regime-changey,adaptive,3.718524,0.005439,0.006074,922
AOLACBW027NBOG,stationary,adaptive,3.401291,0.004708,0.013800,1000
ANFCI,regime-changey,adaptive,3.000845,0.009736,0.011800,1000
AOLACBW027SBOG,regime-changey,adaptive,3.759885,0.003411,0.008600,1000
AOLDCBW027NBOG,stationary,adaptive,3.289333,0.005335,0.013600,1000
AOLDCBW027SBOG,regime-changey,adaptive,3.660821,0.003878,0.012200,1000
AOLFRIW027NBOG,stationary,adaptive,3.091230,0.006167,0.007800,1000
AOLFRIW027SBOG,stationary,adaptive,3.225099,0.005529,0.007600,1000
AOLLCBW027NBOG,regime-changey,adaptive,3.267752,0.005636,0.012800,1000
AOLLCBW027SBOG,regime-changey,adaptive,3.542429,0.004452,0.009800,1000
AOLSCBW027SBOG,stationary,adaptive,3.477099,0.004378,0.007600,1000
AOLSCBW027NBOG,stationary,adaptive,3.020760,0.006672,0.012800,1000
ASBORR,stationary,adaptive,-0.978437,0.366222,0.014242,587
ARNAN,stationary,adaptive,4.018158,0.002689,0.007200,750
ARCCLAIMS,stationary,adaptive,1.286975,0.039588,0.016000,1000
AUSPERMITMISMEI,stationary,adaptive,1.336525,0.036026,0.010566,530
AUSODCNPI03GYSAM,stationary,adaptive,-3.722957,5.666340,0.014706,544
ARICLAIMS,stationary,adaptive,0.134112,0.119721,0.011600,1000
AUSODCNPI03GPSAM,stationary,adaptive,-3.414583,4.231229,0.008829,555
AUSSPASTT01GYM,regime-changey,adaptive,-3.189583,3.395726,0.010491,509
ARINSUREDUR,stationary,adaptive,1.333444,0.039970,0.018600,1000
AUSXTEXVA01CXMLM,stationary,adaptive,1.168639,0.041333,0.017298,533
AUTCP010000IXOBM,stationary,adaptive,3.663364,0.003543,0.012648,506
AUSXTIMVA01CXMLM,stationary,adaptive,1.018182,0.049111,0.016435,533
AURUKM,regime-changey,adaptive,3.333292,0.018467,0.020000,1000
AUTCPIALLMINMEI,stationary,adaptive,4.509284,0.001625,0.012016,506
AUTLCEAMN01GPSAM,regime-changey,adaptive,-1.546866,1.293423,0.008996,538
AUTPRINTO01IXOBM,stationary,adaptive,2.249267,0.014393,0.010476,525
AUTPRINTO01GYSAM,stationary,adaptive,-2.397196,1.495125,0.010662,544
AUTPRINTO01GPSAM,stationary,adaptive,-2.180264,1.225892,0.011171,555
AUINTDGT,regime-changey,adaptive,-3.988518,13.689856,0.008400,1000
AUTPRMNTO01GPSAM,stationary,adaptive,-2.291322,1.387981,0.012081,543
AUTPRMNTO01GYSAM,stationary,adaptive,-2.540718,1.745621,0.008421,532
AUTPRMNTO01IXOBM,stationary,adaptive,2.108830,0.016660,0.009006,513
AUSXTNTVA01CXMLM,regime-changey,adaptive,-19.998928,730865058.594140,0.044578,533
AUTPROINDMISMEI,stationary,adaptive,2.589290,0.010210,0.019619,525
AUTPROMANMISMEI,stationary,adaptive,2.457695,0.011740,0.024483,513
AUTSPASTT01GYM,stationary,adaptive,-3.616193,5.039732,0.013589,521
AUTXTEXVA01CXMLM,stationary,adaptive,1.131288,0.043291,0.008722,532
AUTXTIMVA01CXMLM,stationary,adaptive,1.101934,0.044753,0.010226,532
AWOTMAN,stationary,adaptive,3.628403,0.016878,0.061835,545
AWHMAN,stationary,adaptive,4.885340,0.002878,0.035407,749
B039RC1M027SBEA,stationary,adaptive,3.819507,0.003236,0.014118,510
B040RC1M027SBEA,regime-changey,adaptive,5.183285,0.001052,0.016614,508
AZNAN,stationary,adaptive,3.891524,0.002978,0.013636,748
AUTXTNTVA01CXMLM,stationary,adaptive,-19.922619,191576485.946308,0.013985,532
B042RC1,regime-changey,adaptive,-2.775213,3.445641,0.010630,508
B069RC1,regime-changey,adaptive,3.292401,0.005944,0.012992,508
B202RC1,regime-changey,adaptive,4.743177,0.001241,0.007874,508
B931RC1,regime-changey,adaptive,2.827140,0.014920,0.016863,510
AZCCLAIMS,regime-changey,adaptive,1.932975,0.021553,0.013000,1000
AZICLAIMS,stationary,adaptive,0.459302,0.088490,0.018600,1000
AZINSUREDUR,regime-changey,adaptive,2.064739,0.022097,0.009800,1000
BAA10YM,stationary,adaptive,1.254403,0.040266,0.010035,578
BAAFFM,regime-changey,adaptive,-0.277706,0.206923,0.008348,563
BAKE506NAN,stationary,adaptive,3.627416,0.003709,0.015356,534
BAA,regime-changey,adaptive,2.586292,0.012063,0.006997,989
BALT524NAN,stationary,adaptive,3.921937,0.002995,0.009206,630
BAA10Y,stationary,adaptive,3.164671,0.008928,0.021200,1000
BBUACBW027SBOG,stationary,adaptive,1.882024,0.028692,0.008776,809
BBUACBW027NBOG,stationary,adaptive,1.733772,0.031861,0.014462,809
BAAFF,stationary,adaptive,1.621458,0.035462,0.013000,1000
BBUDCBW027NBOG,regime-changey,adaptive,-3.521672,5.078374,0.008529,809
BBUDCBW027SBOG,regime-changey,adaptive,-3.420762,4.567490,0.012015,809
BBULCBW027NBOG,regime-changey,adaptive,-3.350860,4.135553,0.005834,809
BBUSCBW027NBOG,regime-changey,adaptive,-2.303833,1.621658,0.007565,809
BBULCBW027SBOG,regime-changey,adaptive,-3.243407,3.707624,0.006082,809
BBUFRIW027NBOG,regime-changey,adaptive,0.779804,0.071575,0.006200,1000
BBUFRIW027SBOG,regime-changey,adaptive,0.901025,0.065759,0.008000,1000
BBUSCBW027SBOG,regime-changey,adaptive,-2.238393,1.463069,0.011965,809
BC0DCBW027NBOG,regime-changey,adaptive,4.575520,0.001440,0.009600,1000
BC0DCBW027SBOG,regime-changey,adaptive,4.987468,0.001031,0.007800,1000
BELCPIALLMINMEI,stationary,adaptive,4.346041,0.001796,0.008766,543
BC0LCBW027NBOG,regime-changey,adaptive,4.403601,0.001716,0.009600,1000
BC0FRIW027NBOG,stationary,adaptive,3.531663,0.003924,0.008800,1000
BC0FRIW027SBOG,stationary,adaptive,3.622194,0.003582,0.010600,1000
BC0LCBW027SBOG,regime-changey,adaptive,4.747580,0.001298,0.009200,1000
BC0SCBW027NBOG,stationary,adaptive,4.693277,0.001313,0.015600,1000
BC0SCBW027SBOG,stationary,adaptive,4.948832,0.001068,0.013200,1000
BCPSUKM,stationary,adaptive,3.374725,0.005092,0.008599,842
BELPRINTO01GPSAM,regime-changey,adaptive,-2.738094,2.144042,0.006908,553
BELPRINTO01IXOBM,stationary,adaptive,1.591565,0.028024,0.009811,530
BELPRMNTO01GYSAM,stationary,adaptive,-2.928882,2.580991,0.011621,506
BELPRMNTO01GPSAM,stationary,adaptive,-2.856542,2.372701,0.005222,517
BELPROINDMISMEI,stationary,adaptive,2.314498,0.013614,0.015472,530
BELPRINTO01GYSAM,regime-changey,adaptive,-2.796675,2.321626,0.007085,542
BELSACRMISMEI,stationary,adaptive,0.926495,0.062339,0.012448,527
BELSLRTCR03GPSAM,regime-changey,adaptive,-4.010602,11.088032,0.011255,526
BELXTEXVA01CXMLM,stationary,adaptive,1.173037,0.041866,0.010075,532
BELSLRTCR03GYSAM,regime-changey,adaptive,-4.249687,13.858138,0.013981,515
BELXTIMVA01CXMLM,stationary,adaptive,1.236603,0.039128,0.005865,532
BFOACBW027NBOG,stationary,adaptive,2.648445,0.020137,0.009271,809
BFODCBW027NBOG,regime-changey,adaptive,-4.280144,11.496712,0.011768,809
BFODCBW027SBOG,regime-changey,adaptive,-4.072689,9.728964,0.010507,809
BELXTNTVA01CXMLM,regime-changey,adaptive,-20.000000,651066699.885338,0.029850,532
BFOLCBW027SBOG,regime-changey,adaptive,-3.885798,7.809551,0.006057,809
BFOLCBW027NBOG,regime-changey,adaptive,-4.093692,9.204459,0.011248,809
BOGMBASE,regime-changey,adaptive,2.955998,0.010300,0.011496,508
BFOFRIW027NBOG,regime-changey,adaptive,2.130414,0.023931,0.010400,1000
BFOSCBW027NBOG,stationary,adaptive,-2.987104,3.094463,0.010507,809
BFOFRIW027SBOG,regime-changey,adaptive,2.283970,0.021534,0.011400,1000
BOGMBBM,regime-changey,adaptive,1.388344,0.042483,0.017008,508
BFOSCBW027SBOG,regime-changey,adaptive,-2.757283,2.569811,0.009518,809
BORROW,stationary,adaptive,-0.717572,0.297921,0.022677,508
BOGMBASEW,regime-changey,adaptive,5.004507,0.006318,0.066600,1000
BOGMBBMW,regime-changey,adaptive,3.558544,0.025509,0.072600,1000
BORROWW,regime-changey,adaptive,1.883563,0.146311,0.048800,1000
BOWACBW027NBOG,stationary,adaptive,2.702719,0.009070,0.007400,1000
BOWACBW027SBOG,stationary,adaptive,2.919299,0.007310,0.006200,1000
BOWDCBW027NBOG,stationary,adaptive,2.664331,0.009496,0.006600,1000
BOWDCBW027SBOG,stationary,adaptive,2.862275,0.007857,0.003600,1000
BOWFRIW027NBOG,stationary,adaptive,2.067341,0.017287,0.010400,1000
BOWFRIW027SBOG,stationary,adaptive,2.240228,0.014470,0.013400,1000
BRMALR0101,stationary,adaptive,4.565742,0.004016,0.045326,721
BOWLCBW027NBOG,stationary,adaptive,2.589673,0.010292,0.007200,1000
BOWLCBW027SBOG,stationary,adaptive,2.752275,0.008675,0.006000,1000
BOWSCBW027SBOG,regime-changey,adaptive,2.715627,0.009225,0.006600,1000
BOWSCBW027NBOG,stationary,adaptive,2.504382,0.011223,0.006000,1000
BRMALR0102,stationary,adaptive,4.515139,0.003851,0.025200,1000
BRMCC01,regime-changey,adaptive,6.353203,0.001406,0.035000,1000
BSCICP03USM665S,stationary,adaptive,5.075991,0.000859,0.008844,588
BSOITE02USM460S,stationary,adaptive,-3.361569,3.851259,0.010092,545
BSCICP02USM460S,stationary,adaptive,-2.851933,2.342394,0.014003,617
BSPRTE02USM460S,stationary,adaptive,-3.277677,3.524109,0.009908,545
BRMCDS0102,stationary,adaptive,4.828223,0.007207,0.030800,1000
BRMCDS0101,stationary,adaptive,4.703456,0.010367,0.045800,1000
BRMTG0101,stationary,adaptive,2.541749,0.011012,0.009800,1000
BRMTG0102,stationary,adaptive,2.633349,0.009999,0.012200,1000
BUSAPPWNSAAK,stationary,adaptive,0.528862,0.124362,0.008579,767
BUSAPPWNSAAL,stationary,adaptive,0.094669,0.137248,0.022034,767
BUSAPPWNSAAKYY,regime-changey,adaptive,-4.828572,20.678116,0.010169,712
BUSAPPWNSAALYY,regime-changey,adaptive,-4.858158,29.908270,0.021461,712
BUSAPPWNSAAR,stationary,adaptive,0.118661,0.133305,0.015854,767
BUSAPPWNSAARYY,regime-changey,adaptive,-4.881168,28.918440,0.023034,712
BUSAPPWNSAAZ,stationary,adaptive,0.321981,0.111235,0.025684,767
BUSAPPWNSACA,stationary,adaptive,0.304360,0.112159,0.021956,767
BUSAPPWNSAAZYY,regime-changey,adaptive,-4.562046,19.037867,0.026517,712
BUSAPPWNSACO,stationary,adaptive,0.301473,0.117240,0.021956,767
BUSAPPWNSACAYY,regime-changey,adaptive,-4.490024,18.431393,0.020337,712
BUSAPPWNSACOYY,regime-changey,adaptive,-4.682899,24.748596,0.033202,712
BUSAPPWNSACT,stationary,adaptive,0.218591,0.118640,0.017862,767
BUSAPPWNSACTYY,regime-changey,adaptive,-4.599856,21.079083,0.013315,712
BUSAPPWNSADC,stationary,adaptive,0.313608,0.119279,0.008396,767
BUSAPPWNSADE,stationary,adaptive,0.244571,0.112973,0.011160,767
BUSAPPWNSADCYY,regime-changey,adaptive,-4.772910,21.798164,0.013876,712
BUSAPPWNSAFL,stationary,adaptive,0.085591,0.134474,0.021956,767
BUSAPPWNSADEYY,regime-changey,adaptive,-4.648387,16.258693,0.011573,712
BUSAPPWNSAFLYY,regime-changey,adaptive,-4.864739,23.389130,0.026461,712
BUSAPPWNSAGA,stationary,adaptive,0.214487,0.122439,0.019009,767
BUSAPPWNSAGAYY,regime-changey,adaptive,-4.647723,22.709083,0.032697,712
BUSAPPWNSAHI,stationary,adaptive,0.210582,0.118413,0.007327,767
BUSAPPWNSAHIYY,regime-changey,adaptive,-4.636512,16.868674,0.008539,712
BUSAPPWNSAIA,stationary,adaptive,0.231832,0.121655,0.009883,767
BUSAPPWNSAIAYY,regime-changey,adaptive,-4.871904,27.630576,0.020506,712
BUSAPPWNSAID,stationary,adaptive,0.194138,0.121063,0.009257,767
BUSAPPWNSAIDYY,regime-changey,adaptive,-4.817265,22.834277,0.021966,712
BUSAPPWNSAIL,stationary,adaptive,0.234254,0.119393,0.020469,767
BUSAPPWNSAILYY,regime-changey,adaptive,-4.712904,23.332455,0.028708,712
BUSAPPWNSAIN,stationary,adaptive,0.241115,0.119337,0.017601,767
BUSAPPWNSAINYY,regime-changey,adaptive,-4.749726,24.757781,0.032191,712
BUSAPPWNSAKS,stationary,adaptive,0.198550,0.122674,0.012282,767
BUSAPPWNSAKY,stationary,adaptive,0.157761,0.129160,0.020991,767
BUSAPPWNSAKSYY,regime-changey,adaptive,-4.881319,26.447121,0.023371,712
BUSAPPWNSALA,stationary,adaptive,0.083884,0.133488,0.012647,767
BUSAPPWNSAKYYY,regime-changey,adaptive,-4.834967,32.360568,0.021404,712
BUSAPPWNSALAYY,regime-changey,adaptive,-4.841753,24.430474,0.018371,712
BUSAPPWNSAMA,stationary,adaptive,0.267756,0.116243,0.021851,767
BUSAPPWNSAMD,stationary,adaptive,0.253729,0.116149,0.016819,767
BUSAPPWNSAMAYY,regime-changey,adaptive,-4.664953,26.078988,0.027022,712
BUSAPPWNSAME,stationary,adaptive,0.382364,0.120962,0.009335,767
BUSAPPWNSAMDYY,regime-changey,adaptive,-4.678181,21.771227,0.018876,712
BUSAPPWNSAMI,stationary,adaptive,0.163387,0.126745,0.016558,767
BUSAPPWNSAMEYY,regime-changey,adaptive,-4.769467,19.951355,0.010674,712
BUSAPPWNSAMIYY,regime-changey,adaptive,-4.715236,22.357160,0.022584,712
BUSAPPWNSAMN,stationary,adaptive,0.293019,0.113123,0.014394,767
BUSAPPWNSAMO,stationary,adaptive,0.275569,0.117014,0.014211,767
BUSAPPWNSAMNYY,regime-changey,adaptive,-4.635335,21.316507,0.024213,712
BUSAPPWNSAMS,stationary,adaptive,0.097476,0.134331,0.015176,767
BUSAPPWNSAMOYY,regime-changey,adaptive,-4.723292,23.162701,0.030112,712
BUSAPPWNSAMSYY,regime-changey,adaptive,-4.827356,24.923406,0.022303,712
BUSAPPWNSAMT,stationary,adaptive,0.371868,0.119554,0.009857,767
BUSAPPWNSAMW,stationary,adaptive,0.300733,0.115038,0.027953,767
BUSAPPWNSAMTYY,regime-changey,adaptive,-4.918527,23.982653,0.017472,712
BUSAPPWNSANC,stationary,adaptive,0.238817,0.123342,0.022816,767
BUSAPPWNSAMWYY,regime-changey,adaptive,-4.576984,22.557735,0.035000,712
BUSAPPWNSANCYY,regime-changey,adaptive,-4.696622,27.231324,0.026798,712
BUSAPPWNSAND,stationary,adaptive,0.295082,0.129785,0.010821,767
BUSAPPWNSANE,stationary,adaptive,0.288462,0.117822,0.012647,767
BUSAPPWNSANDYY,regime-changey,adaptive,-4.818505,20.547188,0.011011,712
BUSAPPWNSANER,stationary,adaptive,0.334996,0.112277,0.026988,767
BUSAPPWNSANERYY,regime-changey,adaptive,-4.484707,22.280964,0.032079,712
BUSAPPWNSANEYY,regime-changey,adaptive,-4.732819,23.210219,0.013034,712
BUSAPPWNSANH,stationary,adaptive,0.240046,0.126148,0.008475,767
BUSAPPWNSANJ,stationary,adaptive,0.285387,0.118458,0.024641,767
BUSAPPWNSANHYY,regime-changey,adaptive,-4.817360,20.305568,0.011236,712
BUSAPPWNSANJYY,regime-changey,adaptive,-4.569541,24.824413,0.028146,712
BUSAPPWNSANM,stationary,adaptive,0.177928,0.125613,0.007066,767
BUSAPPWNSANV,stationary,adaptive,0.293094,0.113291,0.016115,767
BUSAPPWNSANMYY,regime-changey,adaptive,-4.846720,25.439657,0.013258,712
BUSAPPWNSANY,stationary,adaptive,0.302834,0.114834,0.021851,767
BUSAPPWNSANVYY,regime-changey,adaptive,-4.659227,21.549575,0.024607,712
BUSAPPWNSAOH,stationary,adaptive,0.212166,0.121156,0.018305,767
BUSAPPWNSANYYY,regime-changey,adaptive,-4.555389,22.829973,0.029888,712
BUSAPPWNSAOK,stationary,adaptive,0.166804,0.126703,0.013768,767
BUSAPPWNSAOHYY,regime-changey,adaptive,-4.696559,23.262172,0.022809,712
BUSAPPWNSAOR,stationary,adaptive,0.200411,0.116366,0.010900,767
BUSAPPWNSAOKYY,regime-changey,adaptive,-4.799977,24.589979,0.018315,712
BUSAPPWNSAPA,stationary,adaptive,0.227468,0.120793,0.018383,767
BUSAPPWNSAORYY,regime-changey,adaptive,-4.685121,17.921822,0.013483,712
BUSAPPWNSARI,stationary,adaptive,0.398078,0.123474,0.009518,767
BUSAPPWNSAPAYY,regime-changey,adaptive,-4.694715,24.090009,0.023989,712
BUSAPPWNSAS,stationary,adaptive,0.248761,0.121337,0.030117,767
BUSAPPWNSARIYY,regime-changey,adaptive,-4.911795,23.730405,0.012697,712
BUSAPPWNSASC,stationary,adaptive,0.152291,0.130909,0.021851,767
BUSAPPWNSASCYY,regime-changey,adaptive,-4.835184,27.361162,0.027584,712
BUSAPPWNSASD,stationary,adaptive,0.296762,0.124162,0.008214,767
BUSAPPWNSASDYY,regime-changey,adaptive,-4.812017,21.328392,0.012135,712
BUSAPPWNSATN,stationary,adaptive,0.148273,0.129428,0.019687,767
BUSAPPWNSASYY,regime-changey,adaptive,-4.603507,23.618210,0.032135,712
BUSAPPWNSATX,stationary,adaptive,0.209497,0.123104,0.024824,767
BUSAPPWNSATNYY,regime-changey,adaptive,-4.816874,28.081091,0.028764,712
BUSAPPWNSATXYY,regime-changey,adaptive,-4.725197,25.148568,0.025056,712
BUSAPPWNSAUS,stationary,adaptive,0.323424,0.114432,0.032907,767
BUSAPPWNSAUT,stationary,adaptive,0.277789,0.111554,0.017340,767
BUSAPPWNSAUSYY,regime-changey,adaptive,-4.512231,21.714910,0.035843,712
BUSAPPWNSAUTYY,regime-changey,adaptive,-4.663078,23.307873,0.021742,712
BUSAPPWNSAVA,stationary,adaptive,0.222315,0.122799,0.022477,767
BUSAPPWNSAVAYY,regime-changey,adaptive,-4.727051,27.057858,0.030393,712
BUSAPPWNSAVT,stationary,adaptive,0.413033,0.130605,0.005267,767
BUSAPPWNSAW,stationary,adaptive,0.398954,0.104616,0.028214,767
BUSAPPWNSAVTYY,regime-changey,adaptive,-4.799735,19.211487,0.011236,712
BUSAPPWNSAWA,stationary,adaptive,0.238766,0.115571,0.013585,767
BUSAPPWNSAWAYY,regime-changey,adaptive,-4.572390,16.914120,0.018090,712
BUSAPPWNSAWI,stationary,adaptive,0.233456,0.122572,0.017340,767
BUSAPPWNSAWIYY,regime-changey,adaptive,-4.784087,26.725597,0.027865,712
BUSAPPWNSAWV,stationary,adaptive,0.337182,0.124415,0.014368,767
BUSAPPWNSAWVYY,regime-changey,adaptive,-4.734033,20.273534,0.012640,712
BUSAPPWNSAWY,regime-changey,adaptive,0.350491,0.107485,0.011004,767
BUSAPPWNSAWYY,regime-changey,adaptive,-4.468206,18.732868,0.035506,712
BUSLOANS,regime-changey,adaptive,3.646141,0.003798,0.007504,653
BUSLOANSNSA,stationary,adaptive,3.337507,0.004995,0.009250,653
BUSAPPWNSAWYYY,regime-changey,adaptive,-4.758231,20.953015,0.013315,712
CANCP040100GYM,regime-changey,adaptive,0.447452,0.115521,0.020332,602
CANCP040100IXOBM,regime-changey,adaptive,5.344278,0.001122,0.023127,614
CANAN,stationary,adaptive,4.262214,0.002271,0.007637,749
CANCP040200IXOBM,regime-changey,adaptive,4.529421,0.001906,0.027231,614
CANCP040200GYM,stationary,adaptive,-0.282243,0.188577,0.024983,602
CACCLAIMS,stationary,adaptive,1.326729,0.038701,0.010200,1000
CANCPGRHO01IXOBM,regime-changey,adaptive,4.586520,0.001456,0.024104,614
CANCPGRHO01GYM,stationary,adaptive,-0.061699,0.150520,0.006312,602
CANLOLITOAASTSAM,stationary,adaptive,5.969489,0.000473,0.016697,545
CANHOUREAMISMEI,regime-changey,adaptive,2.905843,0.008729,0.010090,555
CAICLAIMS,stationary,adaptive,0.561168,0.080617,0.008200,1000
CAINSUREDUR,stationary,adaptive,1.323687,0.038761,0.009800,1000
CANLOLITONOSTSAM,stationary,adaptive,6.146033,0.000410,0.013178,516
CANCPIALLMINMEI,stationary,adaptive,5.120464,0.002349,0.019600,1000
CANPIEAMP01GPM,stationary,adaptive,-1.090357,0.420759,0.009562,502
CANPERMITMISMEI,stationary,adaptive,0.996291,0.049092,0.011661,614
CANODCNPI03GPSAM,stationary,adaptive,-3.791187,5.850685,0.011674,639
CANODCNPI03GYSAM,stationary,adaptive,-4.122313,8.313447,0.006624,628
CANSACRMISMEI,regime-changey,adaptive,1.223219,0.048644,0.007640,623
CANSLRTCR03GPSAM,regime-changey,adaptive,-3.703477,8.999941,0.012393,652
CANSLRTCR03GYSAM,regime-changey,adaptive,-3.916508,15.617818,0.014509,641
CANSPASTT01GYM,stationary,adaptive,-3.236100,3.478371,0.015835,533
CANWSCNDW01IXOBSAM,stationary,adaptive,0.915611,0.053969,0.006744,519
CANXTEXVA01CXMLM,stationary,adaptive,1.473437,0.030546,0.009944,533
CANXTIMVA01CXMLM,stationary,adaptive,1.407810,0.033204,0.012195,533
CAPB00004S,regime-changey,adaptive,8.032798,0.000049,0.014852,641
CAPB562A3CS,stationary,adaptive,7.767486,0.000060,0.011776,642
CAPG322S,stationary,adaptive,7.591266,0.000069,0.019875,641
CAPB5640CS,stationary,adaptive,7.541199,0.000074,0.016885,642
CAPG325S,stationary,adaptive,7.385672,0.000089,0.009485,641
CAPG324S,stationary,adaptive,6.771320,0.000169,0.008723,642
CAPG326S,stationary,adaptive,6.931525,0.000141,0.017445,642
CANXTNTVA01CXMLM,regime-changey,adaptive,-20.000000,631549819.668976,0.023452,533
CAPG327S,regime-changey,adaptive,7.479425,0.000080,0.015327,642
CAPG332S,stationary,adaptive,7.495709,0.000075,0.013333,642
CAPG3361T3S,stationary,adaptive,6.973000,0.000133,0.013396,642
CAPG3364T9S,stationary,adaptive,7.295830,0.000107,0.013333,642
CAPUTLB562A3CS,stationary,adaptive,3.402149,0.004696,0.007165,642
CAOCARC,stationary,adaptive,-4.103729,149.101471,0.069400,1000
CAPUTLB5640CS,regime-changey,adaptive,3.355419,0.005034,0.006231,642
CAPUTLG322S,stationary,adaptive,2.819860,0.008085,0.010484,641
CAPUTLG324S,stationary,adaptive,2.637315,0.010061,0.007613,641
CAPUTLG325S,stationary,adaptive,3.114364,0.006114,0.007083,641
CAPUTLG326S,regime-changey,adaptive,2.932414,0.008169,0.007676,641
CAPUTLG327S,stationary,adaptive,2.768777,0.008532,0.008411,642
CAPUTLG332S,stationary,adaptive,3.293832,0.005081,0.013885,641
CAPUTLG3364T9S,stationary,adaptive,2.719785,0.009728,0.005803,641
CAPUTLG3361T3S,regime-changey,adaptive,1.696761,0.028686,0.015101,641
CASACBW027NBOG,stationary,adaptive,2.031054,0.018571,0.009200,1000
CASACBW027SBOG,regime-changey,adaptive,2.337997,0.014329,0.006600,1000
CASDCBW027SBOG,stationary,adaptive,2.190265,0.016186,0.010000,1000
CASDCBW027NBOG,stationary,adaptive,1.772513,0.023570,0.014800,1000
CASFRIW027NBOG,stationary,adaptive,1.367551,0.037298,0.006200,1000
CASFRIW027SBOG,regime-changey,adaptive,1.597404,0.030347,0.009000,1000
CASLCBW027SBOG,stationary,adaptive,2.036197,0.018739,0.007400,1000
CASLCBW027NBOG,stationary,adaptive,1.663191,0.026442,0.014000,1000
CASSCBW027SBOG,stationary,adaptive,2.205850,0.014851,0.009000,1000
CASSCBW027NBOG,stationary,adaptive,1.962039,0.018877,0.011000,1000
CATOTCA,stationary,adaptive,3.402826,0.006866,0.041600,1000
CBBCHUSD,stationary,adaptive,1.850628,0.021691,0.007800,1000
CBBTCUSD,stationary,adaptive,2.336961,0.013164,0.005800,1000
CBCCIND,stationary,adaptive,1.770118,0.024329,0.007200,1000
CBETHUSD,stationary,adaptive,1.971499,0.018869,0.008000,1000
CBLTCUSD,stationary,adaptive,1.996779,0.018979,0.003400,1000
CBUSAPPWNSAAL,stationary,adaptive,0.958245,0.142686,0.023677,767
CBUSAPPWNSAALYY,stationary,adaptive,-4.659412,20.232636,0.013483,712
CBUSAPPWNSAAKYY,stationary,adaptive,-3.524919,35.305533,0.039578,711
CBUSAPPWNSAAR,stationary,adaptive,0.913690,0.159639,0.022634,767
CBUSAPPWNSAARYY,stationary,adaptive,-4.751489,21.252733,0.013427,712
CBSD678FRBCLE,stationary,adaptive,4.511842,0.002850,0.012200,1000
CBUSAPPWNSAAZ,stationary,adaptive,0.605441,0.127927,0.013272,767
CBUSAPPWNSAAZYY,stationary,adaptive,-4.735195,20.756843,0.010618,712
CBUSAPPWNSACA,stationary,adaptive,0.209217,0.119339,0.013872,767
CBUSAPPWNSACAYY,regime-changey,adaptive,-4.590737,19.807277,0.016404,712
CBUSAPPWNSACO,stationary,adaptive,0.301111,0.131496,0.007249,767
CBUSAPPWNSACOYY,regime-changey,adaptive,-5.011847,28.513107,0.019213,712
CBUSAPPWNSACT,stationary,adaptive,1.011636,0.152796,0.023937,767
CBUSAPPWNSACTYY,stationary,adaptive,-4.722227,23.527598,0.008371,712
CBUSAPPWNSADCYY,stationary,adaptive,-3.961196,27.742352,0.026479,710
CBUSAPPWNSADC,stationary,adaptive,-0.425452,5.043234,0.068709,767
CBUSAPPWNSADE,stationary,adaptive,0.441435,0.129849,0.009622,767
CBUSAPPWNSADEYY,stationary,adaptive,-4.808157,19.164493,0.006854,712
CBUSAPPWNSAFL,stationary,adaptive,-0.025767,0.143608,0.015776,767
CBUSAPPWNSAFLYY,regime-changey,adaptive,-4.871010,21.649503,0.017472,712
CBUSAPPWNSAGA,stationary,adaptive,0.193555,0.121317,0.010821,767
CBUSAPPWNSAGAYY,regime-changey,adaptive,-4.626476,17.792529,0.009831,712
CBUSAPPWNSAHI,stationary,adaptive,1.069988,0.186665,0.027771,767
CBUSAPPWNSAHIYY,stationary,adaptive,-4.155086,23.140436,0.025562,712
CBUSAPPWNSAIAYY,stationary,adaptive,-4.553525,23.247258,0.013643,711
CBUSAPPWNSAID,stationary,adaptive,1.088390,0.183285,0.028031,767
CBUSAPPWNSAIA,stationary,adaptive,-1.656386,7.561043,0.039244,767
CBUSAPPWNSAIL,stationary,adaptive,0.202497,0.120224,0.018462,767
CBUSAPPWNSAIDYY,stationary,adaptive,-4.406804,24.317617,0.019719,712
CBUSAPPWNSAILYY,regime-changey,adaptive,-4.690255,21.480195,0.025674,712
CBUSAPPWNSAIN,stationary,adaptive,0.358150,0.127576,0.007771,767
CBUSAPPWNSAINYY,regime-changey,adaptive,-4.950810,24.041819,0.011067,712
CBUSAPPWNSAKS,stationary,adaptive,0.926685,0.172553,0.030117,767
CBUSAPPWNSAKSYY,stationary,adaptive,-4.555809,24.669448,0.016236,712
CBUSAPPWNSAKY,stationary,adaptive,1.023935,0.153668,0.024720,767
CBUSAPPWNSAKYYY,stationary,adaptive,-4.672844,22.757305,0.009326,712
CBUSAPPWNSALA,stationary,adaptive,1.144612,0.142407,0.022894,767
CBUSAPPWNSALAYY,regime-changey,adaptive,-4.642254,21.550525,0.008427,712
CBUSAPPWNSAMA,stationary,adaptive,0.204088,0.131008,0.008892,767
CBUSAPPWNSAMAYY,regime-changey,adaptive,-4.898872,30.719351,0.018090,712
CBUSAPPWNSAMD,stationary,adaptive,0.347549,0.125072,0.006988,767
CBUSAPPWNSAMDYY,regime-changey,adaptive,-4.727429,17.110982,0.011292,712
CBUSAPPWNSAMIYY,regime-changey,adaptive,-4.774277,20.445167,0.013315,712
CBUSAPPWNSAMI,stationary,adaptive,0.244388,0.129001,0.009335,767
CBUSAPPWNSAME,stationary,adaptive,1.567973,0.196564,0.044563,767
CBUSAPPWNSAMEYY,stationary,adaptive,-4.027820,26.541197,0.031517,712
CBUSAPPWNSAMN,stationary,adaptive,0.414793,0.125943,0.011421,767
CBUSAPPWNSAMNYY,stationary,adaptive,-4.784605,17.632883,0.011292,712
CBUSAPPWNSAMO,stationary,adaptive,0.774123,0.141041,0.020469,767
CBUSAPPWNSAMOYY,stationary,adaptive,-4.741269,18.683204,0.007303,712
CBUSAPPWNSAMSYY,stationary,adaptive,-4.422856,20.662819,0.017862,711
CBUSAPPWNSAMT,stationary,adaptive,1.365820,0.176120,0.032464,767
CBUSAPPWNSAMW,stationary,adaptive,0.339091,0.104337,0.019687,767
CBUSAPPWNSAMTYY,stationary,adaptive,-4.187755,22.921451,0.019045,712
CBUSAPPWNSAMS,stationary,adaptive,-1.365328,6.967836,0.045841,767
CBUSAPPWNSAMWYY,regime-changey,adaptive,-4.413979,16.246080,0.028483,712
CBUSAPPWNSANC,stationary,adaptive,0.233317,0.126880,0.006467,767
CBUSAPPWNSANCYY,regime-changey,adaptive,-4.962980,32.720138,0.021798,712
CBUSAPPWNSANER,stationary,adaptive,0.259306,0.117710,0.020287,767
CBUSAPPWNSANERYY,regime-changey,adaptive,-4.528214,21.731587,0.025618,712
CBUSAPPWNSANE,stationary,adaptive,1.304997,0.195775,0.036819,767
CBUSAPPWNSANDYY,stationary,adaptive,-3.729739,34.599010,0.034515,711
CBUSAPPWNSANEYY,stationary,adaptive,-4.307841,27.447965,0.022978,712
CBUSAPPWNSANHYY,stationary,adaptive,-3.949338,33.122383,0.031517,712
CBUSAPPWNSANJ,stationary,adaptive,0.238668,0.126739,0.007249,767
CBUSAPPWNSANJYY,regime-changey,adaptive,-4.791936,23.538929,0.017753,712
CBUSAPPWNSANV,stationary,adaptive,0.477360,0.122892,0.009335,767
CBUSAPPWNSANM,stationary,adaptive,1.603529,0.202196,0.039791,767
CBUSAPPWNSANVYY,stationary,adaptive,-4.740925,18.418704,0.007584,712
CBUSAPPWNSANY,stationary,adaptive,0.217548,0.122931,0.018983,767
CBUSAPPWNSANMYY,stationary,adaptive,-3.988263,28.538844,0.028427,712
CBUSAPPWNSANYYY,regime-changey,adaptive,-4.657045,24.369570,0.023708,712
CBUSAPPWNSAOH,stationary,adaptive,0.517161,0.119531,0.010821,767
CBUSAPPWNSAOHYY,stationary,adaptive,-4.704174,17.909024,0.008708,712
CBUSAPPWNSAOKYY,stationary,adaptive,-4.805617,20.862407,0.007640,712
CBUSAPPWNSAPA,stationary,adaptive,0.267835,0.125710,0.007093,767
CBUSAPPWNSAOK,stationary,adaptive,0.746102,0.157288,0.021512,767
CBUSAPPWNSAORYY,regime-changey,adaptive,-4.829191,20.857275,0.011854,712
CBUSAPPWNSAOR,stationary,adaptive,0.631692,0.139394,0.014550,767
CBUSAPPWNSAPAYY,regime-changey,adaptive,-4.985512,28.178700,0.017191,712
CBUSAPPWNSARI,stationary,adaptive,0.131473,4.712669,0.078018,767
CBUSAPPWNSARIYY,stationary,adaptive,-3.855082,25.946989,0.027606,710
CBUSAPPWNSAS,stationary,adaptive,0.217214,0.119837,0.025085,767
CBUSAPPWNSASYY,regime-changey,adaptive,-4.601550,19.230133,0.024157,712
CBUSAPPWNSASCYY,stationary,adaptive,-4.693643,19.948233,0.011742,712
CBUSAPPWNSASC,stationary,adaptive,0.945911,0.151978,0.020730,767
CBUSAPPWNSASD,stationary,adaptive,2.137034,0.268609,0.062295,767
CBUSAPPWNSASDYY,stationary,adaptive,-3.951359,39.376975,0.033202,712
CBUSAPPWNSATN,stationary,adaptive,0.451807,0.128788,0.015437,767
CBUSAPPWNSATNYY,regime-changey,adaptive,-4.945515,23.407687,0.009213,712
CBUSAPPWNSATX,stationary,adaptive,0.150285,0.123279,0.014733,767
CBUSAPPWNSATXYY,regime-changey,adaptive,-4.821955,21.250526,0.020618,712
CBUSAPPWNSAUS,stationary,adaptive,0.335057,0.109439,0.022738,767
CBUSAPPWNSAUSYY,regime-changey,adaptive,-4.405581,17.950495,0.030169,712
CBUSAPPWNSAUT,stationary,adaptive,0.565611,0.128943,0.010404,767
CBUSAPPWNSAUTYY,stationary,adaptive,-4.804996,17.965578,0.007865,712
CBUSAPPWNSAVA,stationary,adaptive,0.386888,0.121341,0.010561,767
CBUSAPPWNSAVAYY,regime-changey,adaptive,-4.731144,20.917347,0.011292,712
CBUSAPPWNSAW,stationary,adaptive,0.302176,0.108725,0.021173,767
CBUSAPPWNSAWA,stationary,adaptive,0.488441,0.118548,0.007014,767
CBUSAPPWNSAWAYY,regime-changey,adaptive,-4.749270,17.856518,0.011011,712
CBUSAPPWNSAVTYY,stationary,adaptive,-3.930502,40.035589,0.033399,709
CBUSAPPWNSAWI,stationary,adaptive,0.904358,0.139572,0.019166,767
CBUSAPPWNSAWIYY,regime-changey,adaptive,-4.754610,20.162071,0.008652,712
CBUSAPPWNSAWY,stationary,adaptive,0.903980,0.147927,0.022034,767
CBUSAPPWNSAWVYY,stationary,adaptive,-4.009078,31.962956,0.034177,711
CBUSAPPWNSAWYY,regime-changey,adaptive,-4.417873,15.822395,0.017191,712
CBUSAPPWNSAWYYY,regime-changey,adaptive,-4.651423,24.851875,0.010899,712
CCLACBW027NBOG,regime-changey,adaptive,3.290927,0.005981,0.018200,1000
CCLACBW027SBOG,regime-changey,adaptive,4.020095,0.003682,0.021400,1000
CC4WSA,regime-changey,adaptive,3.780830,0.004246,0.010200,1000
CCLDCBW027NBOG,regime-changey,adaptive,3.291041,0.005981,0.018000,1000
CCLDCBW027SBOG,regime-changey,adaptive,4.016627,0.003687,0.021400,1000
CCLLCBW027NBOG,regime-changey,adaptive,3.303452,0.005807,0.016200,1000
CCLLCBW027SBOG,regime-changey,adaptive,4.034420,0.003615,0.018800,1000
CCLSCBW027NBOG,regime-changey,adaptive,2.806534,0.009213,0.025200,1000
CE16OV,regime-changey,adaptive,4.312723,0.002433,0.011250,640
CCLSCBW027SBOG,regime-changey,adaptive,3.073180,0.007558,0.045000,1000
CES0600000006,regime-changey,adaptive,4.191784,0.002483,0.011743,654
CES0600000007,stationary,adaptive,4.587284,0.003254,0.022603,653
CES0600000008,stationary,adaptive,4.724401,0.001220,0.009250,653
CES0600000030,stationary,adaptive,3.566895,0.003805,0.010153,654
CES0600000034,stationary,adaptive,3.302588,0.005398,0.010398,654
CCSA,regime-changey,adaptive,2.613179,0.012424,0.008200,1000
CCNSA,stationary,adaptive,1.818367,0.023605,0.022800,1000
CES0600000035,regime-changey,adaptive,3.206789,0.005942,0.029969,654
CES0800000001,regime-changey,adaptive,5.070558,0.001354,0.016155,749
CES1000000006,regime-changey,adaptive,3.151657,0.006886,0.022936,654
CES1000000007,stationary,adaptive,3.273556,0.006015,0.012711,653
CES1000000008,stationary,adaptive,3.721379,0.003314,0.010581,654
CES1000000030,stationary,adaptive,2.928522,0.007188,0.023976,654
CES1000000034,regime-changey,adaptive,2.600112,0.010558,0.012110,654
CES1000000035,regime-changey,adaptive,2.490058,0.011574,0.020183,654
CES1011330001,stationary,adaptive,2.724187,0.008689,0.009832,653
CES2000000006,stationary,adaptive,3.377902,0.005799,0.016692,653
CES2000000008,stationary,adaptive,4.099020,0.002312,0.009862,653
CES2000000007,stationary,adaptive,3.195859,0.006280,0.011087,653
CES2000000030,stationary,adaptive,3.011855,0.006810,0.005505,654
CES2000000034,stationary,adaptive,2.643930,0.009970,0.016636,654
CES3000000010,regime-changey,adaptive,4.525330,0.001863,0.012941,510
CES2000000035,stationary,adaptive,2.576132,0.010414,0.031498,654
CES3000000006,stationary,adaptive,4.237244,0.002327,0.018024,749
CES3000000008,stationary,adaptive,4.587512,0.001555,0.009720,749
CES3000000030,stationary,adaptive,3.578073,0.003794,0.016689,749
CES3000000034,stationary,adaptive,3.479787,0.004692,0.008945,749
CES3000000035,stationary,adaptive,3.290911,0.006337,0.014400,750
CES3100000009,stationary,adaptive,3.137462,0.019872,0.061685,546
CES3100000010,regime-changey,adaptive,4.296323,0.002218,0.017255,510
CES3100000006,stationary,adaptive,3.835476,0.003561,0.015467,750
CES3100000007,stationary,adaptive,4.412687,0.003334,0.023467,750
CES3100000008,stationary,adaptive,4.437660,0.001864,0.012417,749
CES3100000030,stationary,adaptive,3.464199,0.004269,0.005867,750
CES3100000034,stationary,adaptive,3.166225,0.006945,0.012533,750
CES3132700001,regime-changey,adaptive,3.893215,0.003151,0.015380,606
CES3100000035,stationary,adaptive,3.025416,0.007745,0.010400,750
CES3200000006,stationary,adaptive,4.454036,0.001744,0.009067,750
CES3133660001,stationary,adaptive,3.002069,0.007505,0.009358,748
CES3200000008,stationary,adaptive,4.448927,0.001706,0.006667,750
CES3200000007,stationary,adaptive,5.098134,0.002797,0.026933,750
CES3200000010,regime-changey,adaptive,4.463561,0.002025,0.012941,510
CES3200000009,stationary,adaptive,3.743080,0.015357,0.029158,546
CES3200000030,stationary,adaptive,3.779042,0.003141,0.010933,750
CES4348200001,stationary,adaptive,3.530648,0.004008,0.010567,653
CES9092000001,stationary,adaptive,4.625364,0.001369,0.009515,557
CES3200000034,stationary,adaptive,3.658025,0.003899,0.013067,750
CES3200000035,stationary,adaptive,3.709115,0.004094,0.006133,750
CES9091000001,regime-changey,adaptive,3.715548,0.004786,0.028465,749
CES9091100001,regime-changey,adaptive,3.460716,0.005880,0.036662,749
CES9091912001,regime-changey,adaptive,3.184054,0.006032,0.011028,749
CES9092161101,stationary,adaptive,3.943650,0.002767,0.010485,557
CES9092200001,stationary,adaptive,5.026587,0.000887,0.011311,557
CES9093000001,regime-changey,adaptive,4.766946,0.001352,0.013716,557
CES9093200001,regime-changey,adaptive,4.764348,0.001345,0.015404,557
CES9093161101,regime-changey,adaptive,4.414922,0.001901,0.016589,557
CEU0500000001,stationary,adaptive,4.464785,0.002003,0.013752,749
CEU0600000006,stationary,adaptive,3.758347,0.003565,0.014373,654
CEU0600000001,stationary,adaptive,3.910374,0.003055,0.014793,749
CEU0600000007,stationary,adaptive,3.260358,0.005536,0.009969,654
CEU0600000008,stationary,adaptive,4.463815,0.001604,0.010826,654
CEU0600000030,stationary,adaptive,3.116766,0.005967,0.014801,654
CEU0600000034,stationary,adaptive,2.893367,0.007693,0.010398,654
CEU0600000035,stationary,adaptive,2.841741,0.008033,0.012538,654
CEU0800000001,stationary,adaptive,4.640469,0.001783,0.014667,750
CEU1000000006,stationary,adaptive,2.711044,0.009017,0.007706,654
CEU1000000007,stationary,adaptive,2.819871,0.008178,0.012355,654
CEU1000000001,stationary,adaptive,2.868194,0.008258,0.010307,749
CEU1000000008,stationary,adaptive,3.367668,0.004654,0.007645,654
CEU1000000030,stationary,adaptive,2.697926,0.008942,0.010398,654
CEU1000000035,stationary,adaptive,2.186283,0.015151,0.014679,654
CEU1000000034,stationary,adaptive,2.210976,0.014786,0.008685,654
CEU1011330001,stationary,adaptive,2.460352,0.011416,0.007156,654
CEU2000000006,stationary,adaptive,3.143046,0.006209,0.012110,654
CEU2000000007,stationary,adaptive,2.540687,0.010556,0.011927,654
CEU2000000030,stationary,adaptive,2.514675,0.010900,0.010214,654
CEU2000000001,stationary,adaptive,3.254623,0.005628,0.010013,749
CEU2000000034,stationary,adaptive,2.212867,0.014836,0.006239,654
CEU2000000035,stationary,adaptive,2.202496,0.014919,0.008257,654
CEU3000000001,stationary,adaptive,3.711273,0.003743,0.014045,749
CEU3000000010,stationary,adaptive,4.074469,0.002656,0.009020,510
CEU3000000009,stationary,adaptive,1.949964,0.026333,0.017431,545
CEU3000000006,stationary,adaptive,3.615210,0.004318,0.017867,750
CEU3000000007,stationary,adaptive,3.320511,0.005319,0.013164,749
CEU3000000030,stationary,adaptive,3.122810,0.006109,0.012000,750
CEU3000000034,stationary,adaptive,2.992960,0.007251,0.008800,750
CEU3000000035,stationary,adaptive,2.805746,0.008887,0.014400,750
CEU3100000001,stationary,adaptive,3.519026,0.004344,0.026400,750
CEU3100000010,stationary,adaptive,3.858730,0.003134,0.016471,510
CEU3100000006,stationary,adaptive,3.254482,0.005658,0.027733,750
CEU3100000009,stationary,adaptive,1.723386,0.032409,0.019194,546
CEU3100000007,stationary,adaptive,3.246782,0.006296,0.016000,750
CEU3100000008,stationary,adaptive,3.949517,0.003009,0.011909,749
CEU3100000030,stationary,adaptive,2.920837,0.007465,0.013600,750
CEU3100000034,stationary,adaptive,2.628576,0.010412,0.025600,750
CEU3132700001,stationary,adaptive,3.530894,0.004177,0.012211,606
CEU3100000035,stationary,adaptive,2.434165,0.012444,0.034133,750
CEU3133660001,stationary,adaptive,2.914407,0.007834,0.009506,749
CEU3200000001,stationary,adaptive,4.259230,0.002136,0.009600,750
CEU3200000006,stationary,adaptive,4.039402,0.002573,0.012800,750
CEU3200000007,stationary,adaptive,3.584496,0.004387,0.012000,750
CEU3200000010,stationary,adaptive,3.998833,0.002772,0.010588,510
CEU3200000009,stationary,adaptive,2.396509,0.022586,0.016484,546
CEU3200000008,stationary,adaptive,3.907978,0.002996,0.011467,750
CEU3200000030,stationary,adaptive,3.379883,0.004660,0.013333,750
CEU3200000035,stationary,adaptive,3.290726,0.005368,0.005867,750
CEU3200000034,stationary,adaptive,3.255461,0.005496,0.012000,750
CEU4000000001,stationary,adaptive,4.406847,0.001912,0.009333,750
CEU4142000001,stationary,adaptive,4.471541,0.001637,0.010667,750
CEU4348200001,stationary,adaptive,3.259785,0.005237,0.008991,654
CEU4200000001,stationary,adaptive,4.111743,0.002686,0.010814,749
CEU5000000001,regime-changey,adaptive,3.618759,0.005054,0.019893,749
CEU5500000001,stationary,adaptive,4.791463,0.001144,0.011909,749
CEU6000000001,stationary,adaptive,4.392587,0.001897,0.013511,749
CEU6500000001,stationary,adaptive,4.574942,0.001672,0.009186,749
CEU7000000001,regime-changey,adaptive,3.914107,0.005504,0.013244,749
CEU8000000001,regime-changey,adaptive,4.418265,0.002384,0.010133,750
CEU9000000001,stationary,adaptive,4.313809,0.001878,0.008652,749
CEU9091000001,stationary,adaptive,3.437475,0.005421,0.016956,749
CEU9092000001,stationary,adaptive,4.214858,0.002024,0.009264,557
CEU9091100001,stationary,adaptive,3.185911,0.006745,0.020800,750
CEU9092200001,regime-changey,adaptive,4.668380,0.001249,0.008223,557
CEU9092161101,stationary,adaptive,3.453638,0.004389,0.011828,558
CEU9091912001,regime-changey,adaptive,3.211243,0.005620,0.005600,750
CEU9093000001,stationary,adaptive,4.329715,0.001978,0.012616,558
CEU9093161101,stationary,adaptive,4.005275,0.002715,0.010824,558
CEU9093200001,stationary,adaptive,4.279379,0.002068,0.012545,558
CHECPIALLMINMEI,stationary,adaptive,4.514408,0.001503,0.009392,543
CHECP010000IXOBM,stationary,adaptive,3.663538,0.003546,0.011344,543
CHECP010000GYM,stationary,adaptive,-1.093214,0.409169,0.006629,531
CHECPICORMINMEI,stationary,adaptive,4.819085,0.001079,0.014180,543
CHECPIENGMINMEI,stationary,adaptive,2.452383,0.011849,0.011123,543
CHESARTMISMEI,stationary,adaptive,2.497876,0.012372,0.012830,530
CHESLRTTO01GPSAM,regime-changey,adaptive,-2.382104,1.593658,0.009550,555
CHEXTEXVA01CXMLM,stationary,adaptive,1.138651,0.043207,0.011932,533
CHESLRTTO01GYSAM,regime-changey,adaptive,-2.518799,1.832696,0.010294,544
CHEXTIMVA01CXMLM,stationary,adaptive,1.060299,0.046886,0.013959,533
CHESPASTT01GYM,stationary,adaptive,-3.180279,3.213599,0.010275,545
CHNMAINLANDEPU,regime-changey,adaptive,-5.281374,34.123798,0.020971,618
CFSI,stationary,adaptive,3.084808,0.015316,0.026600,1000
CHEXTNTVA01CXMLM,regime-changey,adaptive,-19.968757,405691216.920552,0.020938,533
CIBOARD,stationary,adaptive,4.092705,0.002405,0.004600,1000
CIBOARDNSA,stationary,adaptive,3.760669,0.003199,0.005800,1000
CILDCBW027NBOG,stationary,adaptive,3.906215,0.002731,0.006000,1000
CILDCBW027SBOG,regime-changey,adaptive,4.273035,0.002062,0.009400,1000
CILFRIW027NBOG,stationary,adaptive,3.226228,0.005414,0.006800,1000
CILFRIW027SBOG,stationary,adaptive,3.414178,0.004536,0.008400,1000
CILSCBW027NBOG,regime-changey,adaptive,4.204690,0.002267,0.010000,1000
CIVPART,stationary,adaptive,5.794423,0.001408,0.040625,640
CLF16OV,stationary,adaptive,4.532918,0.001472,0.010625,640
CILSCBW027SBOG,regime-changey,adaptive,4.366967,0.002089,0.016200,1000
CISD678FRBCLE,regime-changey,adaptive,3.350043,0.016389,0.013800,1000
CLSACBW027NBOG,regime-changey,adaptive,3.881390,0.003094,0.012200,1000
CLSACBW027SBOG,regime-changey,adaptive,4.520605,0.002272,0.020200,1000
CLSDCBW027NBOG,regime-changey,adaptive,3.881390,0.003094,0.012200,1000
CLSDCBW027SBOG,regime-changey,adaptive,4.587486,0.002025,0.018400,1000
CLSLCBW027SBOG,regime-changey,adaptive,4.450763,0.002467,0.019200,1000
CNP16OV,regime-changey,adaptive,6.611784,0.000256,0.041563,640
CLSLCBW027NBOG,regime-changey,adaptive,3.809509,0.003310,0.013400,1000
CLSSCBW027NBOG,stationary,adaptive,4.020059,0.003030,0.015000,1000
CLSSCBW027SBOG,stationary,adaptive,4.126264,0.002843,0.033000,1000
CMRKTSD678FRBCLE,stationary,adaptive,3.858306,0.003154,0.007400,1000
COMPOUT,stationary,adaptive,2.648021,0.009543,0.008600,1000
COMPAPER,stationary,adaptive,1.846300,0.021182,0.009800,1000
COMPUTN,stationary,adaptive,2.762361,0.008399,0.009800,1000
CONSUMER,regime-changey,adaptive,3.755246,0.004054,0.015253,653
CONAN,stationary,adaptive,4.062529,0.002603,0.009867,750
COINSUREDUR,regime-changey,adaptive,1.809763,0.057753,0.014400,1000
CPALTT01BEM657N,stationary,adaptive,-0.353247,0.196392,0.009301,529
CONSUMERNSA,regime-changey,adaptive,3.305270,0.005585,0.011792,653
COCCLAIMS,regime-changey,adaptive,-8.741815,1489.179933,0.015400,1000
COICLAIMS,regime-changey,adaptive,-7.883450,733.799330,0.030800,1000
CPALTT01BEM659N,stationary,adaptive,-0.469927,0.224823,0.012279,531
CPALTT01CHM657N,stationary,adaptive,-0.318140,0.191154,0.008960,529
CPALTT01CHM659N,stationary,adaptive,-0.193014,0.167771,0.005461,531
CPALTT01DEM657N,stationary,adaptive,-0.395209,0.208541,0.010775,529
CPALTT01DEM659N,stationary,adaptive,-0.285144,0.191366,0.009811,530
CPALTT01ESM657N,stationary,adaptive,-0.904884,0.350599,0.008720,539
CPALTT01ESM659N,stationary,adaptive,-0.601410,0.260892,0.007407,540
CPALTT01FIM657N,stationary,adaptive,-0.503585,0.224556,0.010985,528
CPALTT01CAM657N,stationary,adaptive,-0.085099,0.277972,0.009800,1000
CPALTT01CAM659N,stationary,adaptive,-0.307426,0.318244,0.024600,1000
CPALTT01FIM659N,stationary,adaptive,-0.441032,0.214898,0.014340,530
CPALTT01FRM657N,stationary,adaptive,-0.232907,0.176273,0.014015,528
CPALTT01FRM659N,stationary,adaptive,-0.155955,0.159374,0.008679,530
CPALTT01GBM657N,stationary,adaptive,-0.309139,0.229773,0.011818,528
CPALTT01GBM659N,stationary,adaptive,0.666552,0.167820,0.020755,530
CPALTT01GRM657N,stationary,adaptive,-1.165485,0.467574,0.006238,529
CPALTT01INM657N,stationary,adaptive,-1.195469,0.462637,0.009583,503
CPALTT01GRM659N,stationary,adaptive,-0.944379,0.369185,0.012241,531
CPALTT01INM659N,stationary,adaptive,-1.301329,0.490041,0.009881,506
CPALTT01ISM657N,regime-changey,adaptive,-0.970287,0.409724,0.009225,529
CPALTT01ISM659N,regime-changey,adaptive,-1.267207,0.643713,0.011525,531
CPALTT01ITM657N,regime-changey,adaptive,-0.107696,0.161113,0.007197,528
CPALTT01ITM659N,regime-changey,adaptive,-0.105301,0.167471,0.008679,530
CPALTT01LUM657N,regime-changey,adaptive,-0.785509,0.329691,0.019130,529
CPALTT01LUM659N,stationary,adaptive,-0.472686,0.222807,0.003653,531
CPALTT01NOM659N,stationary,adaptive,-0.529730,0.248638,0.023202,531
CPALTT01NOM657N,stationary,adaptive,-0.715462,0.293420,0.016068,529
CPALTT01PTM657N,regime-changey,adaptive,-1.073383,0.422289,0.018752,529
CPALTT01PTM659N,regime-changey,adaptive,-0.743682,0.326529,0.012618,531
CPALTT01SEM657N,stationary,adaptive,-0.861945,0.316435,0.015312,529
CPALTT01SEM659N,stationary,adaptive,-0.650290,0.269670,0.011321,530
CPALTT01TRM657N,regime-changey,adaptive,-1.964193,1.001986,0.013384,529
CPALTT01USM657N,stationary,adaptive,-0.254360,0.175177,0.011153,529
CPALTT01USM659N,stationary,adaptive,-0.356334,0.196524,0.010734,531
CPALTT01TRM659N,regime-changey,adaptive,-2.253344,1.453486,0.009605,531
CPALTT01USM661S,stationary,adaptive,4.666234,0.001314,0.011492,543
CPALTT01ZAM657N,stationary,adaptive,-0.756857,0.286766,0.010714,504
CPALTT01ZAM659N,stationary,adaptive,-0.982166,0.366798,0.010714,504
CPGREN01CHM659N,stationary,adaptive,-2.585724,1.838245,0.005085,531
CPGRLE01CHM659N,stationary,adaptive,0.173254,0.113633,0.011488,531
CPGREN01FIM659N,stationary,adaptive,-2.327687,1.528366,0.009057,530
CPGREN01USM659N,stationary,adaptive,-2.626136,1.995289,0.010848,507
CPGRLE01FIM659N,stationary,adaptive,-0.283907,0.193902,0.008679,530
CPGRLE01USM659N,stationary,adaptive,1.457052,0.032350,0.007298,507
CPGREN01PTM659N,regime-changey,adaptive,-2.279279,1.599720,0.010569,615
CPIENGNS,stationary,adaptive,2.234671,0.014857,0.012406,532
CPILEGNS,stationary,adaptive,4.936371,0.000998,0.010602,532
CPIAUCSL,stationary,adaptive,4.625123,0.001342,0.006442,652
CPIAPPSL,stationary,adaptive,4.052153,0.002586,0.008896,652
CPIENGSL,stationary,adaptive,2.397593,0.013304,0.008346,532
CPFF,regime-changey,adaptive,1.676430,0.051098,0.010800,1000
CPIAPPNS,regime-changey,adaptive,2.937259,0.008520,0.029471,794
CPILEGSL,stationary,adaptive,5.517668,0.000561,0.012782,532
CPILFENS,stationary,adaptive,4.814482,0.001101,0.011579,532
CPILFESL,stationary,adaptive,5.424473,0.000617,0.012406,532
CPIAUCNS,regime-changey,adaptive,4.909094,0.001907,0.015600,1000
CPIMEDSL,regime-changey,adaptive,4.932251,0.001020,0.012883,652
CPIMEDNS,stationary,adaptive,4.589805,0.001378,0.017714,700
CPITRNSL,regime-changey,adaptive,3.343703,0.005404,0.006564,652
CPITRNNS,regime-changey,adaptive,3.328055,0.005720,0.009714,700
CPIUFDSL,regime-changey,adaptive,4.449433,0.001762,0.015276,652
CPIULFSL,stationary,adaptive,4.557016,0.001491,0.009509,652
CPIULFNS,stationary,adaptive,4.519378,0.001728,0.012383,751
CPIUFDNS,regime-changey,adaptive,4.186464,0.003089,0.008200,1000
CUMFNS,regime-changey,adaptive,3.464192,0.004646,0.014509,641
CTNAN,stationary,adaptive,4.065062,0.002701,0.010667,750
CPTBSD678FRBCLE,regime-changey,adaptive,1.703179,0.042220,0.010800,1000
CUSR0000SA0L2,stationary,adaptive,4.407495,0.001747,0.009755,652
CUSR0000SA0L5,stationary,adaptive,4.597972,0.001441,0.012030,532
CTCCLAIMS,stationary,adaptive,1.320121,0.038885,0.016600,1000
CTICLAIMS,stationary,adaptive,0.055762,0.128549,0.009600,1000
CRESD678FRBCLE,regime-changey,adaptive,4.465030,0.008071,0.024600,1000
CUSR0000SA311,stationary,adaptive,3.893213,0.003019,0.007117,652
CTINSUREDUR,stationary,adaptive,1.323801,0.038958,0.016000,1000
CUSR0000SAC,stationary,adaptive,4.006289,0.002794,0.006397,544
CUSR0000SAA1,regime-changey,adaptive,3.766180,0.003498,0.009018,652
CUSR0000SAA2,stationary,adaptive,3.429111,0.004562,0.009448,652
CUSR0000SACE,stationary,adaptive,1.831125,0.022790,0.009098,532
CUSR0000SACL1E,regime-changey,adaptive,4.836342,0.001217,0.010902,532
CUSR0000SACL1,stationary,adaptive,3.533681,0.004359,0.010275,545
CUSR0000SAD,regime-changey,adaptive,4.695553,0.001566,0.006985,544
CUSR0000SAF11,stationary,adaptive,4.127213,0.002192,0.010135,592
CUSR0000SAH1,regime-changey,adaptive,5.038972,0.001047,0.009655,580
CUSR0000SAM2,stationary,adaptive,4.973812,0.000977,0.011838,544
CUSR0000SAH2,stationary,adaptive,3.618699,0.003859,0.007931,580
CUSR0000SAN,regime-changey,adaptive,3.675299,0.003620,0.010809,544
CUSR0000SAF113,regime-changey,adaptive,2.907230,0.007996,0.014785,652
CUSR0000SAF114,regime-changey,adaptive,3.627152,0.003904,0.008896,652
CUSR0000SAS,regime-changey,adaptive,5.242759,0.000755,0.011471,544
CUSR0000SAS4,regime-changey,adaptive,4.115729,0.002386,0.013824,544
CUSR0000SEFV,regime-changey,adaptive,5.283445,0.000682,0.012069,580
CUSR0000SETA01,stationary,adaptive,4.562679,0.001622,0.013632,581
CUSR0000SETA02,stationary,adaptive,3.465760,0.004660,0.009811,581
CUSR0000SEHF01,stationary,adaptive,3.566657,0.003906,0.013446,592
CUSR0000SEAE,stationary,adaptive,3.729670,0.003295,0.008528,652
CUSR0000SAT1,regime-changey,adaptive,3.295397,0.005661,0.006279,653
CUSR0000SEHF,stationary,adaptive,3.411885,0.004838,0.010123,652
CUUR0000SA0L2,stationary,adaptive,4.423598,0.001962,0.010933,750
CUUR0000SA0L5,stationary,adaptive,4.359974,0.001826,0.012857,532
CUUR0000SACE,stationary,adaptive,1.742964,0.024468,0.012105,532
CUUR0000SAC,stationary,adaptive,3.840144,0.003083,0.008471,628
CUUR0000SA311,stationary,adaptive,3.472576,0.004287,0.010873,653
CUUR0000SAA1,stationary,adaptive,3.467400,0.004533,0.010873,653
CUUR0000SAA2,stationary,adaptive,3.051813,0.006394,0.008025,653
CUUR0000SACL1E,stationary,adaptive,4.463672,0.001633,0.019925,532
CUUR0000SACL1,stationary,adaptive,3.454620,0.004639,0.006518,629
CUUR0000SA0R,regime-changey,adaptive,4.857818,0.001888,0.010800,1000
CUUR0000SAD,stationary,adaptive,4.283411,0.002072,0.011783,628
CUUR0000SAF11,stationary,adaptive,3.825653,0.003086,0.008589,652
CUUR0000SAG1,stationary,adaptive,4.615723,0.001415,0.012711,653
CUUR0000SAF114,stationary,adaptive,3.323307,0.004977,0.008037,652
CUUR0000SAH1,regime-changey,adaptive,4.648872,0.001484,0.011842,581
CUUR0000SAF113,regime-changey,adaptive,2.625340,0.010292,0.009045,796
CUUR0000SAH2,stationary,adaptive,3.216271,0.005653,0.011910,581
CUUR0000SAM2,stationary,adaptive,4.500972,0.001540,0.018471,628
CUUR0000SAN,stationary,adaptive,3.573422,0.004099,0.008108,629
CUUR0000SANL1,regime-changey,adaptive,2.969912,0.007525,0.005819,629
CUUR0000SAS,stationary,adaptive,4.640823,0.001314,0.013758,628
CUUR0000SANL13,regime-changey,adaptive,2.779910,0.009491,0.008808,629
CUUR0000SASLE,stationary,adaptive,4.905401,0.001035,0.012331,532
CUUR0000SAS4,regime-changey,adaptive,3.896339,0.002895,0.008217,628
CUUR0000SAT1,stationary,adaptive,3.263601,0.006009,0.009429,700
CUUR0000SEAE,stationary,adaptive,3.115273,0.006305,0.009571,652
CUUR0000SEFV,regime-changey,adaptive,5.253105,0.000719,0.007931,580
CUUR0000SEFJ,stationary,adaptive,3.826243,0.003612,0.006734,796
CUUR0000SEHA,stationary,adaptive,5.420074,0.000799,0.022835,776
CUUR0000SEFR,regime-changey,adaptive,3.682573,0.004911,0.016482,796
CUUR0000SEHF,regime-changey,adaptive,3.334283,0.007399,0.017273,748
CUUR0000SEHF01,regime-changey,adaptive,3.200941,0.009277,0.022164,758
CUUR0000SETA01,stationary,adaptive,4.146923,0.002331,0.024092,606
CUUR0000SETA02,stationary,adaptive,3.326455,0.005302,0.016319,576
CUUR0000SETB,regime-changey,adaptive,1.867563,0.022705,0.014109,645
CUURA101SAA,stationary,adaptive,2.527535,0.010914,0.009966,582
CUURA101SAF11,stationary,adaptive,3.469377,0.004164,0.006897,580
CUUR0000SETG,regime-changey,adaptive,3.009396,0.009077,0.015429,700
CUURA101SAH1,regime-changey,adaptive,3.894190,0.003130,0.006403,581
CUURA101SAH2,stationary,adaptive,2.411783,0.012768,0.009362,564
CUURA101SA0,stationary,adaptive,4.398874,0.002010,0.010428,794
CUURA101SAF1,stationary,adaptive,3.906898,0.003080,0.009937,795
CUURA101SAM,stationary,adaptive,3.949291,0.002720,0.024049,652
CUURA101SEFV,stationary,adaptive,4.283271,0.001996,0.014158,582
CUURA101SEHA,regime-changey,adaptive,4.388649,0.001852,0.013333,567
CUURA101SAT,stationary,adaptive,3.266493,0.005816,0.012711,653
CUURA101SAT1,stationary,adaptive,3.197152,0.006262,0.012098,653
CUURA102SA0,regime-changey,adaptive,4.127622,0.002870,0.009791,623
CUURA102SAF1,stationary,adaptive,3.573544,0.004177,0.012681,623
CUURA101SEHF,regime-changey,adaptive,2.776328,0.013137,0.018796,731
CUURA102SAF11,stationary,adaptive,3.196158,0.005589,0.013287,581
CUURA102SAH1,stationary,adaptive,3.500204,0.004459,0.010309,582
CUURA102SEHA,stationary,adaptive,3.957701,0.002978,0.007434,565
CUURA103SAF1,stationary,adaptive,3.522883,0.004809,0.011287,505
CUURA103SAF11,stationary,adaptive,3.185622,0.005581,0.009570,581
CUURA102SEHF,regime-changey,adaptive,2.961806,0.012854,0.036252,731
CUURA207SAA,stationary,adaptive,2.319555,0.013477,0.005842,582
CUURA103SEHF,regime-changey,adaptive,2.471100,0.020500,0.043967,731
CUURA207SAF11,stationary,adaptive,3.168834,0.005537,0.020826,581
CUURA207SAH1,regime-changey,adaptive,3.837415,0.003596,0.013997,583
CUURA207SA0,stationary,adaptive,4.150763,0.002692,0.011839,794
CUURA207SAH2,stationary,adaptive,1.967082,0.019626,0.013475,564
CUURA207SAF1,stationary,adaptive,3.557109,0.004054,0.009924,794
CUURA207SAM,stationary,adaptive,3.765604,0.003501,0.023195,651
CUURA207SAT,regime-changey,adaptive,2.897682,0.008319,0.014334,653
CUURA207SEHA,regime-changey,adaptive,4.272701,0.002033,0.011652,563
CUURA207SEFV,stationary,adaptive,4.175198,0.002695,0.022749,582
CUURA207SAT1,regime-changey,adaptive,2.803408,0.008715,0.006064,653
CUURA208SA0,regime-changey,adaptive,3.892853,0.003921,0.011670,557
CUURA208SAF1,stationary,adaptive,3.503439,0.004529,0.010952,557
CUURA207SEHF,regime-changey,adaptive,2.331421,0.022481,0.022873,731
CUURA208SAF11,stationary,adaptive,3.233294,0.005312,0.018795,581
CUURA208SAH1,regime-changey,adaptive,3.254225,0.006070,0.011860,516
CUURA208SEHA,stationary,adaptive,3.790736,0.003319,0.008142,565
CUURA318SAF1,stationary,adaptive,3.574248,0.004688,0.011881,505
CUURA210SEHF,regime-changey,adaptive,2.704124,0.018019,0.035611,647
CUURA318SAF11,stationary,adaptive,3.113531,0.006065,0.009088,581
CUURA208SEHF,regime-changey,adaptive,2.834292,0.015878,0.036022,729
CUURA319SEHF,regime-changey,adaptive,2.112008,0.023951,0.043309,544
CUURA318SEHF,stationary,adaptive,1.887072,0.027445,0.017035,634
CUURA421SA0,stationary,adaptive,4.185587,0.002570,0.009668,693
CUURA421SAM,stationary,adaptive,3.758411,0.003247,0.025953,551
CUURA421SAF1,stationary,adaptive,3.810480,0.003356,0.010332,693
CUURA421SAT,regime-changey,adaptive,2.875050,0.007941,0.015463,551
CUURA421SAT1,regime-changey,adaptive,2.868023,0.008216,0.017641,551
CUURA422SAF1,stationary,adaptive,3.535991,0.004559,0.011072,569
CUURA421SEHF,regime-changey,adaptive,2.895499,0.016328,0.032519,647
CUURA422SAF11,stationary,adaptive,3.111955,0.005992,0.012069,580
CWSR0000SA0E,stationary,adaptive,2.353088,0.013617,0.010432,533
CWSR0000SA0,stationary,adaptive,4.475955,0.001563,0.005767,652
CWSR0000SA0L1E,regime-changey,adaptive,5.358517,0.000672,0.007317,533
CWSR0000SA0L1,stationary,adaptive,4.416005,0.001745,0.010168,653
CUURA422SEHF,stationary,adaptive,2.750165,0.021970,0.052329,730
CWSR0000SA0L5,stationary,adaptive,4.454247,0.001682,0.011069,533
CWSR0000SA0LE,stationary,adaptive,5.448868,0.000609,0.012570,533
CWSR0000SA0L2,stationary,adaptive,4.263265,0.001999,0.006462,653
CWSR0000SAA,stationary,adaptive,4.016171,0.002644,0.007810,653
CWSR0000SAA1,regime-changey,adaptive,3.772226,0.003397,0.007075,653
CWSR0000SAC,stationary,adaptive,3.840766,0.003155,0.008440,545
CWSR0000SAA2,stationary,adaptive,3.366655,0.004676,0.009219,653
CWSR0000SACL1E,regime-changey,adaptive,4.762919,0.001353,0.015947,533
CWSR0000SACE,stationary,adaptive,1.809551,0.023175,0.009456,533
CWSR0000SACL1,regime-changey,adaptive,3.468014,0.004741,0.011560,545
CWSR0000SAD,regime-changey,adaptive,4.613465,0.001651,0.009541,545
CWSR0000SAF11,stationary,adaptive,4.144836,0.002158,0.010287,593
CWSR0000SAF1,regime-changey,adaptive,4.422727,0.001766,0.013629,653
CWSR0000SAH1,regime-changey,adaptive,5.175681,0.001021,0.006403,581
CWSR0000SAH2,stationary,adaptive,3.620363,0.003924,0.009088,581
CWSR0000SAF113,regime-changey,adaptive,2.896534,0.008066,0.014028,653
CWSR0000SAF114,regime-changey,adaptive,3.652951,0.003914,0.006799,653
CWSR0000SAM2,stationary,adaptive,4.925517,0.001030,0.009358,545
CWSR0000SAM,stationary,adaptive,4.921755,0.001026,0.008515,653
CWSR0000SAS,regime-changey,adaptive,5.213239,0.000801,0.006972,545
CWSR0000SAN,regime-changey,adaptive,3.635908,0.004027,0.012110,545
CWSR0000SAS4,regime-changey,adaptive,4.305748,0.002087,0.009174,545
CWSR0000SEFV,regime-changey,adaptive,5.255666,0.000705,0.011842,581
CWSR0000SAT,regime-changey,adaptive,3.257362,0.005894,0.005758,653
CWSR0000SAT1,regime-changey,adaptive,3.223729,0.006136,0.008116,653
CWSR0000SEAE,stationary,adaptive,3.704407,0.003353,0.010138,653
CWSR0000SEHF,stationary,adaptive,3.385613,0.004873,0.007412,653
CWSR0000SETA01,stationary,adaptive,4.533764,0.001647,0.011409,582
CWSR0000SETA02,stationary,adaptive,3.464712,0.004687,0.009966,582
CWUR0000SA0E,stationary,adaptive,2.212127,0.015324,0.012683,533
CWUR0000SA0L1E,stationary,adaptive,4.849230,0.001100,0.010526,532
CWUR0000SA0L5,stationary,adaptive,4.272459,0.002103,0.008346,532
CWUR0000SA0L1,stationary,adaptive,4.472100,0.001915,0.012676,751
CWUR0000SA0LE,stationary,adaptive,4.940721,0.001000,0.011557,533
CWUR0000SA0L2,stationary,adaptive,4.339974,0.002199,0.009987,751
CWUR0000SA0,stationary,adaptive,4.889328,0.002022,0.011000,1000
CWUR0000SAA1,stationary,adaptive,3.476442,0.004495,0.012098,653
CWUR0000SAA2,stationary,adaptive,3.044196,0.006499,0.006279,653
CWUR0000SAA,regime-changey,adaptive,2.960656,0.008363,0.031321,795
CWUR0000SACE,stationary,adaptive,1.736496,0.024482,0.010807,533
CWUR0000SAC,regime-changey,adaptive,3.791020,0.003385,0.004960,629
CWUR0000SACL1E,stationary,adaptive,4.383938,0.001794,0.022702,533
CWUR0000SACL1,regime-changey,adaptive,3.372701,0.005090,0.006804,629
CWUR0000SA0R,stationary,adaptive,4.715243,0.002037,0.007600,1000
CWUR0000SAD,regime-changey,adaptive,4.327503,0.002079,0.009698,629
CWUR0000SAF11,stationary,adaptive,3.870050,0.003027,0.009250,653
CWUR0000SAH1,regime-changey,adaptive,4.814257,0.001341,0.010653,582
CWUR0000SAG1,stationary,adaptive,4.580798,0.001441,0.010168,653
CWUR0000SAF114,stationary,adaptive,3.342619,0.004992,0.014548,653
CWUR0000SAH2,stationary,adaptive,3.118574,0.006274,0.012715,582
CWUR0000SAF113,regime-changey,adaptive,2.670725,0.009934,0.009561,797
CWUR0000SAF1,regime-changey,adaptive,4.198445,0.003083,0.005800,1000
CWUR0000SAM,stationary,adaptive,4.591052,0.001379,0.019515,701
CWUR0000SAM2,stationary,adaptive,4.471446,0.001570,0.018408,628
CWUR0000SAN,regime-changey,adaptive,3.532808,0.004462,0.005882,629
CWUR0000SAS,stationary,adaptive,4.672880,0.001282,0.015739,629
CWUR0000SANL1,regime-changey,adaptive,2.889802,0.008325,0.008076,629
CWUR0000SANL13,regime-changey,adaptive,2.726934,0.009865,0.008490,629
CWUR0000SAS4,regime-changey,adaptive,3.999840,0.002612,0.013514,629
CWUR0000SASLE,regime-changey,adaptive,5.033618,0.000934,0.007054,533
CWUR0000SAT,regime-changey,adaptive,3.235897,0.006237,0.010442,701
CWUR0000SEFV,regime-changey,adaptive,5.230884,0.000736,0.009191,581
CWUR0000SAT1,regime-changey,adaptive,3.203050,0.006496,0.009016,701
CWUR0000SEAE,stationary,adaptive,3.358574,0.004898,0.010658,653
CWUR0000SEFJ,stationary,adaptive,3.843666,0.003743,0.008256,797
CWUR0000SEFR,regime-changey,adaptive,3.684559,0.004844,0.016863,797
CWUR0000SEHA,stationary,adaptive,5.474148,0.000771,0.016345,777
CWUR0000SEHF,regime-changey,adaptive,3.225332,0.007758,0.017730,749
CWUR0000SETA01,stationary,adaptive,4.190559,0.002367,0.021351,607
CWUR0000SETA02,stationary,adaptive,3.335684,0.005282,0.016811,577
CWUR0000SETB,regime-changey,adaptive,1.859553,0.022840,0.011579,646
CWUR0000SETG,regime-changey,adaptive,3.061839,0.008364,0.015264,701
D10WAOAL,stationary,adaptive,0.740852,0.069628,0.050885,599
D10WLAD,regime-changey,adaptive,0.912196,0.069191,0.007579,599
D10WLDACI,regime-changey,adaptive,0.583097,6.972363,0.099566,599
D10WLFRNOL,stationary,adaptive,4.117218,0.002315,0.021569,599
D10WACL,stationary,adaptive,4.020295,0.006847,0.023441,930
D10WATAL,stationary,adaptive,2.154681,0.015922,0.009247,930
D10WAISAL,stationary,adaptive,-9.113362,1270.059656,0.011613,930
D10WLDEP,regime-changey,adaptive,1.170511,0.045253,0.005591,930
D10WLNOLNHL,stationary,adaptive,2.005435,0.018366,0.014457,599
D10WLODL,regime-changey,adaptive,0.957370,0.055133,0.007579,599
D10WLNNBH,stationary,adaptive,3.559233,0.003851,0.006882,930
D10WLINT,stationary,adaptive,-4.273916,6.486526,0.016671,810
D10WPCL,stationary,adaptive,2.343101,4.864754,0.116928,599
D10WSHOL,regime-changey,adaptive,3.432388,0.007826,0.035860,599
D10WSHOTSL,regime-changey,adaptive,4.354087,0.005839,0.081569,599
D10WLRRA,stationary,adaptive,1.041994,0.052444,0.009247,930
D10WLTOTL,stationary,adaptive,2.147811,0.016044,0.009462,930
D10WUPSHO,regime-changey,adaptive,3.290915,0.008470,0.042170,599
D10WSRLL,stationary,adaptive,3.223820,0.008530,0.064516,930
D10WUDSHO,regime-changey,adaptive,0.139391,1.579520,0.036227,599
D11WAOAL,stationary,adaptive,0.561281,0.075330,0.044841,599
D10WTLAC,stationary,adaptive,2.154681,0.015922,0.009247,930
D11WACL,stationary,adaptive,3.083899,0.008538,0.010538,930
D11WLAD,regime-changey,adaptive,1.010303,0.063824,0.009482,599
D11WATAL,stationary,adaptive,2.363348,0.012586,0.009677,930
D11WLDACI,stationary,adaptive,0.879717,10.486156,0.104240,599
D11WLFRNOL,stationary,adaptive,4.358035,0.001925,0.018831,599
D11WAISAL,regime-changey,adaptive,-9.882599,2850.007955,0.009892,930
D11WLNOLNHL,stationary,adaptive,2.234551,0.014238,0.007579,599
D11WLDEP,stationary,adaptive,1.149507,0.046966,0.006667,930
D11WLODL,regime-changey,adaptive,1.083082,0.051850,0.007546,599
D11WLNNBH,regime-changey,adaptive,3.831790,0.003303,0.010108,930
D11WLINT,regime-changey,adaptive,-5.352786,18.694152,0.018890,810
D11WPCL,stationary,adaptive,2.068069,7.243188,0.113556,599
D11WLRRA,stationary,adaptive,1.065901,0.051087,0.009462,930
D11WSHOL,regime-changey,adaptive,3.449641,0.005902,0.028848,599
D11WLTOTL,stationary,adaptive,2.358534,0.012651,0.009247,930
D11WSRLL,stationary,adaptive,3.484874,0.006059,0.035699,930
D11WTLAC,stationary,adaptive,2.363348,0.012586,0.009677,930
A038RC1,regime-changey,adaptive+forget,4.588836,0.001622,0.017638,508
A045RC1,stationary,adaptive+forget,3.170756,0.006353,0.018425,508
A061RC1,regime-changey,adaptive+forget,3.803714,0.003388,0.017402,508
A048RC1,regime-changey,adaptive+forget,3.398077,0.006470,0.015748,508
A068RC1,regime-changey,adaptive+forget,3.823812,0.003882,0.015748,508
A132RC1,regime-changey,adaptive+forget,3.600927,0.004128,0.015354,508
A041RC1,regime-changey,adaptive+forget,2.999554,0.007393,0.013622,508
A063RC1,regime-changey,adaptive+forget,3.020899,0.016963,0.041181,508
A229RC0,regime-changey,adaptive+forget,3.657732,0.004767,0.025906,508
A576RC1,regime-changey,adaptive+forget,3.788935,0.003426,0.014646,508
AAAFFM,regime-changey,adaptive+forget,-0.227385,0.196421,0.012149,563
AAA10YM,stationary,adaptive+forget,0.679631,0.068522,0.012042,578
AAA,regime-changey,adaptive+forget,2.422006,0.014537,0.009606,989
AAA10Y,stationary,adaptive+forget,2.418701,0.018292,0.024000,1000
AAAFF,stationary,adaptive+forget,1.500375,0.036953,0.011400,1000
AB1020AAAMT,stationary,adaptive+forget,-7.598426,270.782491,0.009800,1000
AB1020AAVOL,stationary,adaptive+forget,-3.986168,7.152997,0.014400,1000
AB14AAVOL,stationary,adaptive+forget,-5.059675,22.104152,0.009200,1000
AB14AAAMT,stationary,adaptive+forget,-8.651851,827.482960,0.008000,1000
AB2140AAAMT,stationary,adaptive+forget,-7.624452,281.374425,0.012000,1000
AB2140AAVOL,stationary,adaptive+forget,-4.183285,8.712021,0.014800,1000
AB4180AAVOL,stationary,adaptive+forget,-3.842631,6.304051,0.013600,1000
AB4180AAAMT,stationary,adaptive+forget,-7.292081,201.861701,0.010800,1000
ABCOMP,stationary,adaptive+forget,2.732692,0.008541,0.009200,1000
ABCOMPN,stationary,adaptive+forget,3.023843,0.006422,0.006200,1000
AB59AAAMT,stationary,adaptive+forget,-9.165210,1307.550903,0.008000,1000
ADPWCDENCNERNSA,stationary,adaptive+forget,5.308368,0.000666,0.015841,553
AB59AAVOL,stationary,adaptive+forget,-5.460807,31.969643,0.013200,1000
ADPWCDENCNERSA,regime-changey,adaptive+forget,7.692143,0.000069,0.020072,553
ADJRESNS,regime-changey,adaptive+forget,2.252661,0.017910,0.009544,922
ADJRESSL,regime-changey,adaptive+forget,2.588067,0.015276,0.007983,922
ABGT80AAAMT,stationary,adaptive+forget,-7.996422,404.847394,0.007000,1000
ADPWCDESCNERNSA,stationary,adaptive+forget,5.016586,0.000902,0.015841,553
ADPWCDESCNERSA,stationary,adaptive+forget,7.224473,0.000117,0.028644,553
ABGT80AAVOL,stationary,adaptive+forget,-4.665841,14.229260,0.009200,1000
ADPWCDMANERNSA,stationary,adaptive+forget,4.841775,0.001060,0.011754,553
ADPWCDMANERSA,regime-changey,adaptive+forget,7.215159,0.000113,0.013671,553
ABSSD678FRBCLE,regime-changey,adaptive+forget,2.548831,0.014777,0.015200,1000
ADPWCDMTNERNSA,stationary,adaptive+forget,4.929448,0.000962,0.012224,553
ADPWCDMTNERSA,regime-changey,adaptive+forget,7.124064,0.000123,0.014430,553
ADPWCDNENERSA,regime-changey,adaptive+forget,7.255501,0.000124,0.035624,553
ADPWCDNENERNSA,stationary,adaptive+forget,4.992215,0.000908,0.016926,553
ADPWCDPCNERNSA,regime-changey,adaptive+forget,4.579607,0.001481,0.016709,553
ADPWCDPCNERSA,regime-changey,adaptive+forget,6.769931,0.000182,0.011139,553
ADPWCDSANERSA,regime-changey,adaptive+forget,7.560701,0.000088,0.011646,553
ADPWCDSANERNSA,stationary,adaptive+forget,5.325791,0.000663,0.009801,553
ADPWCDWNCNERSA,regime-changey,adaptive+forget,7.688722,0.000094,0.030561,553
ADPWCDWSCNERSA,regime-changey,adaptive+forget,7.502825,0.000087,0.022495,553
ADPWCDWNCNERNSA,stationary,adaptive+forget,5.211347,0.000732,0.014647,553
ADPWCDWSCNERNSA,regime-changey,adaptive+forget,5.282163,0.000695,0.006221,553
ADPWES1T19ENERNSA,regime-changey,adaptive+forget,5.357080,0.000782,0.012731,553
ADPWES1T19ENERSA,regime-changey,adaptive+forget,7.274970,0.000125,0.024412,553
ADPWES20T49ENERNSA,regime-changey,adaptive+forget,5.364058,0.000816,0.012477,553
ADPWES20T49ENERSA,regime-changey,adaptive+forget,7.425500,0.000107,0.021989,553
ADPWES250T499ENERSA,regime-changey,adaptive+forget,7.338819,0.000108,0.045136,553
ADPWES500PENERSA,regime-changey,adaptive+forget,7.055119,0.000128,0.006691,553
ADPWES250T499ENERNSA,regime-changey,adaptive+forget,5.244817,0.000769,0.011175,553
ADPWES500PENERNSA,stationary,adaptive+forget,4.642989,0.001296,0.011501,553
ADPWES50T249ENERNSA,stationary,adaptive+forget,5.472371,0.000579,0.009476,553
ADPWES50T249ENERSA,regime-changey,adaptive+forget,7.728365,0.000078,0.015479,553
ADPWINDCONNERSA,regime-changey,adaptive+forget,7.173327,0.000113,0.039602,553
ADPWINDEDHLTNERSA,regime-changey,adaptive+forget,7.751307,0.000067,0.031754,553
ADPWINDCONNERNSA,stationary,adaptive+forget,5.024638,0.000873,0.011646,553
ADPWINDEDHLTNERNSA,stationary,adaptive+forget,5.537093,0.000530,0.009005,553
ADPWINDFINNERSA,regime-changey,adaptive+forget,7.153814,0.000212,0.030778,553
ADPWINDFINNERNSA,regime-changey,adaptive+forget,5.240925,0.000801,0.009693,553
ADPWINDINFONERNSA,stationary,adaptive+forget,4.774741,0.001369,0.017396,553
ADPWINDINFONERSA,regime-changey,adaptive+forget,6.520231,0.000298,0.038517,553
ADPWINDLSHPNERSA,regime-changey,adaptive+forget,7.365376,0.000091,0.027052,553
ADPWINDMANNERSA,regime-changey,adaptive+forget,7.868943,0.000071,0.019711,553
ADPWINDLSHPNERNSA,stationary,adaptive+forget,4.960193,0.000941,0.008608,553
ADPWINDMANNERNSA,stationary,adaptive+forget,5.597939,0.000503,0.008137,553
ADPWINDNRMINNERNSA,stationary,adaptive+forget,4.208286,0.001969,0.007161,553
ADPWINDNRMINNERSA,stationary,adaptive+forget,6.402804,0.000398,0.017288,553
ADPWINDOTHSRVNERNSA,stationary,adaptive+forget,5.019914,0.001017,0.014286,553
ADPWINDOTHSRVNERSA,regime-changey,adaptive+forget,6.989973,0.000220,0.028246,553
ADPWINDPROBUSNERSA,regime-changey,adaptive+forget,7.323166,0.000104,0.016709,553
ADPWINDPROBUSNERNSA,stationary,adaptive+forget,5.099726,0.000825,0.011646,553
ADPWINDTTUNERSA,regime-changey,adaptive+forget,6.732973,0.000181,0.010307,553
ADPWINDTTUNERNSA,stationary,adaptive+forget,4.428050,0.001629,0.014286,553
ADPWNUSNERSA,regime-changey,adaptive+forget,7.914411,0.000061,0.011139,553
ADPWNUSNERNSA,stationary,adaptive+forget,5.574820,0.000510,0.009222,553
AHECONS,stationary,adaptive+forget,3.858722,0.002877,0.012496,653
AHEMAN,stationary,adaptive+forget,4.089684,0.002648,0.009773,749
ALLACBW027NBOG,regime-changey,adaptive+forget,3.649399,0.004726,0.041497,588
ALLACBW027SBOG,regime-changey,adaptive+forget,4.024706,0.004024,0.008927,587
AKCCLAIMS,stationary,adaptive+forget,1.736348,0.024913,0.018000,1000
AKINSUREDUR,stationary,adaptive+forget,1.507401,0.031725,0.019000,1000
ALCCLAIMS,stationary,adaptive+forget,1.430903,0.038481,0.020600,1000
AKICLAIMS,stationary,adaptive+forget,0.472688,0.087721,0.021800,1000
ALICLAIMS,stationary,adaptive+forget,0.105223,0.126100,0.011400,1000
ALLDCBW027NBOG,regime-changey,adaptive+forget,3.654682,0.004713,0.042857,588
ALINSUREDUR,stationary,adaptive+forget,1.569361,0.038809,0.020600,1000
ALLDCBW027SBOG,regime-changey,adaptive+forget,4.029534,0.003998,0.008844,588
ALLFRIW027SBOG,regime-changey,adaptive+forget,1.912174,0.023084,0.027075,588
ALLSCBW027NBOG,regime-changey,adaptive+forget,3.595002,0.004550,0.039864,588
ALLSCBW027SBOG,regime-changey,adaptive+forget,3.676524,0.004468,0.018707,588
ALTO042NAN,stationary,adaptive+forget,3.476207,0.005166,0.015533,582
ALNAN,stationary,adaptive+forget,3.999665,0.002818,0.013048,748
AMBNS,regime-changey,adaptive+forget,3.400695,0.006007,0.007592,922
ALLLCBW027SBOG,regime-changey,adaptive+forget,3.650079,0.005186,0.011200,1000
ALLLCBW027NBOG,regime-changey,adaptive+forget,3.448603,0.006063,0.031600,1000
AMBSL,regime-changey,adaptive+forget,3.729135,0.005383,0.007158,922
AOLACBW027NBOG,stationary,adaptive+forget,3.389841,0.004736,0.011800,1000
ANFCI,regime-changey,adaptive+forget,3.150124,0.008876,0.009000,1000
AOLACBW027SBOG,regime-changey,adaptive+forget,3.762577,0.003490,0.009400,1000
AOLDCBW027NBOG,stationary,adaptive+forget,3.290800,0.005375,0.011200,1000
AOLDCBW027SBOG,regime-changey,adaptive+forget,3.670490,0.003924,0.008000,1000
AOLFRIW027SBOG,stationary,adaptive+forget,3.225313,0.005539,0.008000,1000
AOLFRIW027NBOG,stationary,adaptive+forget,3.089402,0.006178,0.008200,1000
AOLLCBW027NBOG,regime-changey,adaptive+forget,3.259156,0.005707,0.010200,1000
AOLLCBW027SBOG,regime-changey,adaptive+forget,3.547734,0.004490,0.010800,1000
AOLSCBW027NBOG,stationary,adaptive+forget,3.013422,0.006701,0.016600,1000
AOLSCBW027SBOG,stationary,adaptive+forget,3.479582,0.004379,0.007200,1000
ASBORR,stationary,adaptive+forget,-0.964073,0.361239,0.013901,587
ARNAN,stationary,adaptive+forget,4.001373,0.002776,0.008000,750
ARCCLAIMS,stationary,adaptive+forget,1.335264,0.038269,0.019800,1000
AUSODCNPI03GPSAM,stationary,adaptive+forget,-3.417165,4.242779,0.009550,555
AUSPERMITMISMEI,stationary,adaptive+forget,1.327633,0.036459,0.009434,530
AUSODCNPI03GYSAM,stationary,adaptive+forget,-3.739128,5.792960,0.010882,544
ARICLAIMS,stationary,adaptive+forget,0.115764,0.122036,0.010400,1000
AUSSPASTT01GYM,regime-changey,adaptive+forget,-3.208365,3.427366,0.011631,509
ARINSUREDUR,stationary,adaptive+forget,1.383472,0.038544,0.021200,1000
AUSXTEXVA01CXMLM,stationary,adaptive+forget,1.351268,0.035259,0.010206,533
AUSXTIMVA01CXMLM,stationary,adaptive+forget,1.018088,0.049122,0.013959,533
AUTCP010000IXOBM,stationary,adaptive+forget,3.671306,0.003518,0.011858,506
AURUKM,regime-changey,adaptive+forget,3.354770,0.018309,0.017000,1000
AUTCPIALLMINMEI,stationary,adaptive+forget,4.402671,0.001805,0.012806,506
AUTLCEAMN01GPSAM,regime-changey,adaptive+forget,-1.550364,1.293164,0.008327,538
AUTPRINTO01IXOBM,stationary,adaptive+forget,2.247704,0.014411,0.010476,525
AUTPRINTO01GPSAM,stationary,adaptive+forget,-2.189054,1.232700,0.010811,555
AUTPRINTO01GYSAM,stationary,adaptive+forget,-2.403767,1.509958,0.008456,544
AUINTDGT,regime-changey,adaptive+forget,-4.023259,14.046179,0.010200,1000
AUTPRMNTO01GPSAM,stationary,adaptive+forget,-2.322274,1.411255,0.010387,543
AUTPRMNTO01GYSAM,stationary,adaptive+forget,-2.553192,1.771833,0.009549,532
AUTPRMNTO01IXOBM,stationary,adaptive+forget,2.106388,0.016671,0.009006,513
AUSXTNTVA01CXMLM,regime-changey,adaptive+forget,-19.999874,882835021.703070,0.042326,533
AUTPROMANMISMEI,stationary,adaptive+forget,2.459856,0.011849,0.016959,513
AUTPROINDMISMEI,stationary,adaptive+forget,2.593856,0.010253,0.019810,525
AUTSPASTT01GYM,stationary,adaptive+forget,-3.571474,4.810966,0.012476,521
AUTXTEXVA01CXMLM,stationary,adaptive+forget,1.131919,0.043289,0.010150,532
AUTXTIMVA01CXMLM,stationary,adaptive+forget,1.113848,0.044115,0.011654,532
AWOTMAN,stationary,adaptive+forget,3.608154,0.016991,0.066972,545
AWHMAN,stationary,adaptive+forget,4.872349,0.002900,0.037276,749
B039RC1M027SBEA,stationary,adaptive+forget,3.819998,0.003248,0.014902,510
B040RC1M027SBEA,regime-changey,adaptive+forget,5.246533,0.001038,0.015669,508
AZNAN,stationary,adaptive+forget,3.881375,0.003056,0.011551,748
AUTXTNTVA01CXMLM,stationary,adaptive+forget,-19.912760,224568639.827115,0.010752,532
B042RC1,regime-changey,adaptive+forget,-2.746972,3.438036,0.007087,508
B069RC1,regime-changey,adaptive+forget,3.365179,0.005532,0.009528,508
B202RC1,regime-changey,adaptive+forget,4.735947,0.001257,0.004803,508
B931RC1,regime-changey,adaptive+forget,3.012546,0.013204,0.008235,510
AZCCLAIMS,regime-changey,adaptive+forget,1.983618,0.020933,0.017600,1000
AZICLAIMS,stationary,adaptive+forget,0.455956,0.089015,0.018600,1000
BAA10YM,stationary,adaptive+forget,1.252030,0.040518,0.009689,578
AZINSUREDUR,regime-changey,adaptive+forget,2.114845,0.021371,0.014600,1000
BAAFFM,regime-changey,adaptive+forget,-0.263781,0.200868,0.006323,563
BAKE506NAN,stationary,adaptive+forget,3.610471,0.003843,0.014981,534
BAA,regime-changey,adaptive+forget,2.575556,0.012146,0.006997,989
BALT524NAN,stationary,adaptive+forget,3.878643,0.003242,0.010794,630
BBUACBW027SBOG,stationary,adaptive+forget,1.867395,0.029019,0.008059,809
BBUACBW027NBOG,stationary,adaptive+forget,1.717257,0.032367,0.009765,809
BAA10Y,stationary,adaptive+forget,3.157835,0.008969,0.022400,1000
BAAFF,stationary,adaptive+forget,1.608199,0.035827,0.012600,1000
BBUDCBW027NBOG,regime-changey,adaptive+forget,-3.530218,5.118066,0.007565,809
BBUDCBW027SBOG,regime-changey,adaptive+forget,-3.426208,4.601522,0.011743,809
BBUFRIW027NBOG,regime-changey,adaptive+forget,0.749833,0.074603,0.007200,1000
BBUSCBW027NBOG,regime-changey,adaptive+forget,-2.319922,1.638136,0.011001,809
BBULCBW027NBOG,regime-changey,adaptive+forget,-3.348458,4.124528,0.007763,809
BBULCBW027SBOG,regime-changey,adaptive+forget,-3.244876,3.721167,0.008035,809
BBUFRIW027SBOG,regime-changey,adaptive+forget,0.903659,0.066356,0.009000,1000
BBUSCBW027SBOG,regime-changey,adaptive+forget,-2.245391,1.474016,0.010754,809
BC0DCBW027NBOG,regime-changey,adaptive+forget,4.579325,0.001435,0.008400,1000
BC0DCBW027SBOG,regime-changey,adaptive+forget,4.994045,0.001031,0.007800,1000
BELCPIALLMINMEI,stationary,adaptive+forget,4.345770,0.001814,0.007808,543
BC0LCBW027SBOG,regime-changey,adaptive+forget,4.766258,0.001284,0.007000,1000
BC0LCBW027NBOG,regime-changey,adaptive+forget,4.410915,0.001710,0.008000,1000
BC0FRIW027NBOG,stationary,adaptive+forget,3.526133,0.003928,0.010400,1000
BC0FRIW027SBOG,stationary,adaptive+forget,3.641337,0.003545,0.009400,1000
BC0SCBW027NBOG,stationary,adaptive+forget,4.685996,0.001331,0.011200,1000
BC0SCBW027SBOG,stationary,adaptive+forget,4.915587,0.001097,0.012600,1000
BCPSUKM,stationary,adaptive+forget,3.374665,0.005107,0.009976,842
BELPRINTO01GPSAM,regime-changey,adaptive+forget,-2.642341,1.928795,0.012369,553
BELPRINTO01IXOBM,stationary,adaptive+forget,1.552518,0.029146,0.007547,530
BELPRINTO01GYSAM,regime-changey,adaptive+forget,-2.789391,2.300509,0.008561,542
BELPROINDMISMEI,stationary,adaptive+forget,2.309272,0.013684,0.012830,530
BELPRMNTO01GPSAM,stationary,adaptive+forget,-2.749790,2.156961,0.012843,517
BELPRMNTO01GYSAM,stationary,adaptive+forget,-2.916989,2.562333,0.011858,506
BELSACRMISMEI,stationary,adaptive+forget,0.928233,0.061979,0.014611,527
BELSLRTCR03GPSAM,regime-changey,adaptive+forget,-4.021730,10.604101,0.014981,526
BELSLRTCR03GYSAM,regime-changey,adaptive+forget,-4.226689,13.344771,0.015340,515
BELXTIMVA01CXMLM,stationary,adaptive+forget,1.237192,0.039127,0.007218,532
BELXTEXVA01CXMLM,stationary,adaptive+forget,1.172352,0.041866,0.010451,532
BFOACBW027NBOG,stationary,adaptive+forget,2.644601,0.020209,0.008035,809
BFODCBW027NBOG,regime-changey,adaptive+forget,-4.294236,11.635160,0.008059,809
BFODCBW027SBOG,regime-changey,adaptive+forget,-4.079899,9.789096,0.006576,809
BELXTNTVA01CXMLM,regime-changey,adaptive+forget,-20.000000,740705805.746526,0.026015,532
BFOLCBW027NBOG,regime-changey,adaptive+forget,-4.113548,9.337915,0.010235,809
BFOLCBW027SBOG,regime-changey,adaptive+forget,-3.899013,7.978509,0.009048,809
BOGMBASE,regime-changey,adaptive+forget,3.030267,0.009154,0.008661,508
BFOFRIW027NBOG,regime-changey,adaptive+forget,2.112237,0.024211,0.008200,1000
BFOSCBW027NBOG,stationary,adaptive+forget,-2.993750,3.107588,0.005315,809
BFOFRIW027SBOG,regime-changey,adaptive+forget,2.280108,0.021606,0.010600,1000
BOGMBBM,regime-changey,adaptive+forget,1.505154,0.035962,0.020394,508
BFOSCBW027SBOG,regime-changey,adaptive+forget,-2.756090,2.564563,0.006057,809
BORROW,stationary,adaptive+forget,-0.711795,0.300688,0.018976,508
BOGMBASEW,regime-changey,adaptive+forget,5.094571,0.006463,0.051000,1000
BOGMBBMW,regime-changey,adaptive+forget,3.611075,0.025446,0.053400,1000
BOWACBW027NBOG,stationary,adaptive+forget,2.695535,0.009126,0.011000,1000
BOWACBW027SBOG,stationary,adaptive+forget,2.915980,0.007323,0.006200,1000
BORROWW,regime-changey,adaptive+forget,1.966735,0.152420,0.033200,1000
BOWDCBW027NBOG,stationary,adaptive+forget,2.650725,0.009604,0.010800,1000
BOWDCBW027SBOG,stationary,adaptive+forget,2.860275,0.007846,0.008400,1000
BOWFRIW027NBOG,stationary,adaptive+forget,2.066528,0.017319,0.010600,1000
BRMALR0101,stationary,adaptive+forget,4.570574,0.003951,0.024577,721
BOWFRIW027SBOG,stationary,adaptive+forget,2.239087,0.014488,0.008200,1000
BOWLCBW027NBOG,stationary,adaptive+forget,2.579252,0.010371,0.007200,1000
BOWLCBW027SBOG,stationary,adaptive+forget,2.744851,0.008712,0.008000,1000
BOWSCBW027NBOG,stationary,adaptive+forget,2.499406,0.011322,0.005200,1000
BOWSCBW027SBOG,regime-changey,adaptive+forget,2.691974,0.009380,0.010200,1000
BRMALR0102,stationary,adaptive+forget,4.517525,0.003824,0.023000,1000
BRMCC01,regime-changey,adaptive+forget,6.262940,0.001427,0.036200,1000
BSCICP03USM665S,stationary,adaptive+forget,5.062363,0.000871,0.008435,588
BSCICP02USM460S,stationary,adaptive+forget,-2.863765,2.366769,0.016045,617
BSOITE02USM460S,stationary,adaptive+forget,-3.370200,3.887239,0.009174,545
BSPRTE02USM460S,stationary,adaptive+forget,-3.288446,3.560838,0.009908,545
BRMCDS0101,stationary,adaptive+forget,4.826278,0.009903,0.044000,1000
BRMCDS0102,stationary,adaptive+forget,4.925888,0.006964,0.031800,1000
BRMTG0101,stationary,adaptive+forget,2.536387,0.011093,0.006800,1000
BUSAPPWNSAAK,stationary,adaptive+forget,0.503482,0.127253,0.008553,767
BRMTG0102,stationary,adaptive+forget,2.627414,0.010091,0.008400,1000
BUSAPPWNSAAL,stationary,adaptive+forget,0.084551,0.139567,0.018566,767
BUSAPPWNSAAKYY,regime-changey,adaptive+forget,-4.930467,22.298093,0.010506,712
BUSAPPWNSAALYY,regime-changey,adaptive+forget,-4.849700,29.859083,0.019775,712
BUSAPPWNSAAR,stationary,adaptive+forget,0.103772,0.135154,0.016558,767
BUSAPPWNSAARYY,regime-changey,adaptive+forget,-4.834311,28.301122,0.025618,712
BUSAPPWNSAAZ,stationary,adaptive+forget,0.312371,0.111685,0.027327,767
BUSAPPWNSACA,stationary,adaptive+forget,0.300469,0.112732,0.021773,767
BUSAPPWNSAAZYY,regime-changey,adaptive+forget,-4.595386,19.525105,0.025618,712
BUSAPPWNSACAYY,regime-changey,adaptive+forget,-4.592314,21.549357,0.027528,712
BUSAPPWNSACO,stationary,adaptive+forget,0.281916,0.120231,0.024641,767
BUSAPPWNSACOYY,regime-changey,adaptive+forget,-4.658273,24.700424,0.033202,712
BUSAPPWNSACT,stationary,adaptive+forget,0.198956,0.120363,0.018123,767
BUSAPPWNSACTYY,regime-changey,adaptive+forget,-4.669661,21.857322,0.013034,712
BUSAPPWNSADC,stationary,adaptive+forget,0.311589,0.120485,0.007510,767
BUSAPPWNSADE,stationary,adaptive+forget,0.235218,0.113977,0.010039,767
BUSAPPWNSADCYY,regime-changey,adaptive+forget,-4.962635,27.305340,0.011798,712
BUSAPPWNSAFL,stationary,adaptive+forget,0.076806,0.136489,0.020391,767
BUSAPPWNSADEYY,regime-changey,adaptive+forget,-4.698208,17.156646,0.008146,712
BUSAPPWNSAGA,stationary,adaptive+forget,0.203863,0.124406,0.019270,767
BUSAPPWNSAFLYY,regime-changey,adaptive+forget,-4.886844,24.935373,0.026517,712
BUSAPPWNSAGAYY,regime-changey,adaptive+forget,-4.637819,22.445738,0.027921,712
BUSAPPWNSAHI,stationary,adaptive+forget,0.191430,0.120531,0.009257,767
BUSAPPWNSAIA,stationary,adaptive+forget,0.233222,0.119936,0.009518,767
BUSAPPWNSAHIYY,regime-changey,adaptive+forget,-4.743082,18.456796,0.010730,712
BUSAPPWNSAID,stationary,adaptive+forget,0.158900,0.125156,0.010300,767
BUSAPPWNSAIAYY,regime-changey,adaptive+forget,-4.865448,29.454645,0.017303,712
BUSAPPWNSAIL,stationary,adaptive+forget,0.207465,0.123280,0.020652,767
BUSAPPWNSAIDYY,regime-changey,adaptive+forget,-4.817633,23.142000,0.017809,712
BUSAPPWNSAIN,stationary,adaptive+forget,0.212007,0.122678,0.017340,767
BUSAPPWNSAILYY,regime-changey,adaptive+forget,-4.703970,23.179468,0.026854,712
BUSAPPWNSAINYY,regime-changey,adaptive+forget,-4.747297,24.697112,0.024326,712
BUSAPPWNSAKS,stationary,adaptive+forget,0.175933,0.125729,0.010482,767
BUSAPPWNSAKY,stationary,adaptive+forget,0.143653,0.130277,0.021512,767
BUSAPPWNSAKSYY,regime-changey,adaptive+forget,-4.849954,27.209575,0.022079,712
BUSAPPWNSALA,stationary,adaptive+forget,0.070836,0.136111,0.014472,767
BUSAPPWNSAKYYY,regime-changey,adaptive+forget,-4.832801,32.269262,0.021180,712
BUSAPPWNSALAYY,regime-changey,adaptive+forget,-4.815517,24.309994,0.017247,712
BUSAPPWNSAMA,stationary,adaptive+forget,0.237471,0.120284,0.021695,767
BUSAPPWNSAMD,stationary,adaptive+forget,0.226235,0.119915,0.016037,767
BUSAPPWNSAMAYY,regime-changey,adaptive+forget,-4.627033,25.626103,0.027921,712
BUSAPPWNSAMDYY,regime-changey,adaptive+forget,-4.666933,21.760395,0.016292,712
BUSAPPWNSAME,stationary,adaptive+forget,0.378839,0.121037,0.007797,767
BUSAPPWNSAMI,stationary,adaptive+forget,0.147362,0.128214,0.015254,767
BUSAPPWNSAMEYY,regime-changey,adaptive+forget,-4.839066,20.785452,0.009888,712
BUSAPPWNSAMN,stationary,adaptive+forget,0.271569,0.116144,0.015072,767
BUSAPPWNSAMIYY,regime-changey,adaptive+forget,-4.678149,22.129220,0.022022,712
BUSAPPWNSAMO,stationary,adaptive+forget,0.244069,0.121737,0.014733,767
BUSAPPWNSAMNYY,regime-changey,adaptive+forget,-4.594318,20.897613,0.021180,712
BUSAPPWNSAMOYY,regime-changey,adaptive+forget,-4.699802,24.694815,0.030169,712
BUSAPPWNSAMS,stationary,adaptive+forget,0.072570,0.137731,0.014915,767
BUSAPPWNSAMSYY,regime-changey,adaptive+forget,-4.811395,24.849233,0.019551,712
BUSAPPWNSAMT,stationary,adaptive+forget,0.371253,0.118730,0.007432,767
BUSAPPWNSAMW,stationary,adaptive+forget,0.280902,0.117367,0.027692,767
BUSAPPWNSAMTYY,regime-changey,adaptive+forget,-4.866831,23.531291,0.014663,712
BUSAPPWNSANC,stationary,adaptive+forget,0.225903,0.125486,0.023598,767
BUSAPPWNSAMWYY,regime-changey,adaptive+forget,-4.557510,22.304703,0.035506,712
BUSAPPWNSANCYY,regime-changey,adaptive+forget,-4.679576,27.018262,0.027584,712
BUSAPPWNSAND,stationary,adaptive+forget,0.286262,0.130425,0.010482,767
BUSAPPWNSANDYY,regime-changey,adaptive+forget,-4.855961,21.462061,0.011629,712
BUSAPPWNSANE,stationary,adaptive+forget,0.290717,0.117266,0.013090,767
BUSAPPWNSANER,stationary,adaptive+forget,0.306798,0.115986,0.026910,767
BUSAPPWNSANERYY,regime-changey,adaptive+forget,-4.466001,22.238463,0.031236,712
BUSAPPWNSANEYY,regime-changey,adaptive+forget,-4.816430,24.359309,0.016067,712
BUSAPPWNSANH,stationary,adaptive+forget,0.234519,0.126622,0.010300,767
BUSAPPWNSANJ,stationary,adaptive+forget,0.256914,0.120810,0.023338,767
BUSAPPWNSANHYY,regime-changey,adaptive+forget,-4.870403,20.667181,0.006461,712
BUSAPPWNSANM,stationary,adaptive+forget,0.150282,0.128856,0.009074,767
BUSAPPWNSANJYY,regime-changey,adaptive+forget,-4.560735,24.842599,0.027584,712
BUSAPPWNSANMYY,regime-changey,adaptive+forget,-4.869131,25.549892,0.016854,712
BUSAPPWNSANV,stationary,adaptive+forget,0.286826,0.113117,0.017158,767
BUSAPPWNSANY,stationary,adaptive+forget,0.272999,0.118983,0.021330,767
BUSAPPWNSANVYY,regime-changey,adaptive+forget,-4.664345,21.980161,0.025337,712
BUSAPPWNSAOH,stationary,adaptive+forget,0.191683,0.123161,0.019348,767
BUSAPPWNSANYYY,regime-changey,adaptive+forget,-4.534446,22.649619,0.025955,712
BUSAPPWNSAOK,stationary,adaptive+forget,0.140380,0.129635,0.014654,767
BUSAPPWNSAOHYY,regime-changey,adaptive+forget,-4.695249,23.540574,0.021742,712
BUSAPPWNSAOKYY,regime-changey,adaptive+forget,-4.766792,24.119105,0.018596,712
BUSAPPWNSAOR,stationary,adaptive+forget,0.182206,0.118521,0.010378,767
BUSAPPWNSAPA,stationary,adaptive+forget,0.214030,0.122429,0.019166,767
BUSAPPWNSAORYY,regime-changey,adaptive+forget,-4.684351,18.077039,0.014888,712
BUSAPPWNSAPAYY,regime-changey,adaptive+forget,-4.680497,23.876708,0.020899,712
BUSAPPWNSARI,stationary,adaptive+forget,0.381691,0.124995,0.011864,767
BUSAPPWNSAS,stationary,adaptive+forget,0.242519,0.122088,0.029074,767
BUSAPPWNSARIYY,regime-changey,adaptive+forget,-4.928121,24.199665,0.011067,712
BUSAPPWNSASC,stationary,adaptive+forget,0.124290,0.134067,0.020991,767
BUSAPPWNSASCYY,regime-changey,adaptive+forget,-4.814782,27.254321,0.024831,712
BUSAPPWNSASD,stationary,adaptive+forget,0.276918,0.125641,0.008031,767
BUSAPPWNSASDYY,regime-changey,adaptive+forget,-4.890593,23.073821,0.010674,712
BUSAPPWNSASYY,regime-changey,adaptive+forget,-4.600968,23.541601,0.030674,712
BUSAPPWNSATN,stationary,adaptive+forget,0.154630,0.129570,0.019348,767
BUSAPPWNSATX,stationary,adaptive+forget,0.180553,0.127331,0.024824,767
BUSAPPWNSATNYY,regime-changey,adaptive+forget,-4.788869,28.676406,0.026517,712
BUSAPPWNSATXYY,regime-changey,adaptive+forget,-4.718122,25.035663,0.019438,712
BUSAPPWNSAUS,stationary,adaptive+forget,0.313614,0.115504,0.030821,767
BUSAPPWNSAUT,stationary,adaptive+forget,0.256304,0.114252,0.020469,767
BUSAPPWNSAUSYY,regime-changey,adaptive+forget,-4.477249,21.342041,0.033764,712
BUSAPPWNSAVA,stationary,adaptive+forget,0.209927,0.124344,0.022216,767
BUSAPPWNSAUTYY,regime-changey,adaptive+forget,-4.651601,23.298593,0.018876,712
BUSAPPWNSAVAYY,regime-changey,adaptive+forget,-4.708290,26.890480,0.030112,712
BUSAPPWNSAVT,stationary,adaptive+forget,0.407144,0.131240,0.006728,767
BUSAPPWNSAW,stationary,adaptive+forget,0.377790,0.107869,0.029518,767
BUSAPPWNSAVTYY,regime-changey,adaptive+forget,-4.839264,19.970884,0.009045,712
BUSAPPWNSAWA,stationary,adaptive+forget,0.227600,0.117677,0.014029,767
BUSAPPWNSAWAYY,regime-changey,adaptive+forget,-4.659445,17.950024,0.016404,712
BUSAPPWNSAWI,stationary,adaptive+forget,0.213258,0.125312,0.016819,767
BUSAPPWNSAWIYY,regime-changey,adaptive+forget,-4.754402,26.544803,0.024270,712
BUSAPPWNSAWV,stationary,adaptive+forget,0.327293,0.125329,0.011760,767
BUSAPPWNSAWVYY,regime-changey,adaptive+forget,-4.867754,22.889751,0.010730,712
BUSAPPWNSAWY,regime-changey,adaptive+forget,0.339799,0.109068,0.008735,767
BUSAPPWNSAWYY,regime-changey,adaptive+forget,-4.470837,18.890667,0.029888,712
BUSLOANS,regime-changey,adaptive+forget,3.654755,0.003808,0.011179,653
BUSLOANSNSA,stationary,adaptive+forget,3.381585,0.004820,0.010383,653
BUSAPPWNSAWYYY,regime-changey,adaptive+forget,-4.824894,21.989350,0.013596,712
CANCP040100GYM,regime-changey,adaptive+forget,0.446179,0.115320,0.023920,602
CANAN,stationary,adaptive+forget,4.244299,0.002462,0.009479,749
CANCP040100IXOBM,regime-changey,adaptive+forget,5.344834,0.001106,0.019544,614
CANCP040200GYM,stationary,adaptive+forget,-0.271351,0.185190,0.013023,602
CANCP040200IXOBM,regime-changey,adaptive+forget,4.579339,0.001798,0.024625,614
CANCPGRHO01GYM,stationary,adaptive+forget,-0.050247,0.148241,0.007375,602
CANCPGRHO01IXOBM,regime-changey,adaptive+forget,4.628768,0.001393,0.020977,614
CACCLAIMS,stationary,adaptive+forget,1.315711,0.039764,0.011400,1000
CAICLAIMS,stationary,adaptive+forget,0.541266,0.082178,0.012000,1000
CAINSUREDUR,stationary,adaptive+forget,1.315183,0.039799,0.011200,1000
CANLOLITOAASTSAM,stationary,adaptive+forget,5.973843,0.000451,0.014495,545
CANHOUREAMISMEI,regime-changey,adaptive+forget,2.989724,0.007860,0.011351,555
CANLOLITONOSTSAM,stationary,adaptive+forget,6.140745,0.000393,0.013953,516
CANCPIALLMINMEI,stationary,adaptive+forget,5.099469,0.002368,0.022800,1000
CANPIEAMP01GPM,stationary,adaptive+forget,-1.105271,0.428108,0.013625,502
CANODCNPI03GYSAM,stationary,adaptive+forget,-4.133762,8.379012,0.008280,628
CANODCNPI03GPSAM,stationary,adaptive+forget,-3.791943,5.853654,0.011362,639
CANPERMITMISMEI,stationary,adaptive+forget,0.987090,0.049380,0.008143,614
CANSACRMISMEI,regime-changey,adaptive+forget,1.221497,0.048170,0.007865,623
CANSLRTCR03GPSAM,regime-changey,adaptive+forget,-3.738168,10.554799,0.010491,652
CANSLRTCR03GYSAM,regime-changey,adaptive+forget,-4.011976,22.279277,0.010484,641
CANWSCNDW01IXOBSAM,stationary,adaptive+forget,0.913580,0.054120,0.008671,519
CANSPASTT01GYM,stationary,adaptive+forget,-3.250708,3.511485,0.013208,533
CANXTEXVA01CXMLM,stationary,adaptive+forget,1.472405,0.030494,0.009944,533
CANXTIMVA01CXMLM,stationary,adaptive+forget,1.411416,0.033072,0.012570,533
CAPB00004S,regime-changey,adaptive+forget,8.053620,0.000047,0.012356,641
CAPB562A3CS,stationary,adaptive+forget,7.954295,0.000051,0.011838,642
CAPG322S,stationary,adaptive+forget,7.666838,0.000064,0.015164,641
CAPB5640CS,stationary,adaptive+forget,7.575448,0.000072,0.011589,642
CAPG324S,stationary,adaptive+forget,6.769598,0.000169,0.008349,642
CAPG325S,stationary,adaptive+forget,7.538307,0.000074,0.015164,641
CAPG326S,stationary,adaptive+forget,6.901170,0.000145,0.015639,642
CANXTNTVA01CXMLM,regime-changey,adaptive+forget,-20.000000,689300358.099125,0.019812,533
CAPG327S,regime-changey,adaptive+forget,7.507906,0.000078,0.020312,642
CAPG332S,stationary,adaptive+forget,7.522237,0.000073,0.014330,642
CAPG3361T3S,stationary,adaptive+forget,7.002235,0.000129,0.014704,642
CAPG3364T9S,stationary,adaptive+forget,7.316122,0.000106,0.009720,642
CAPUTLB562A3CS,stationary,adaptive+forget,3.414982,0.004684,0.004735,642
CAOCARC,stationary,adaptive+forget,-4.116807,150.945849,0.072800,1000
CAPUTLB5640CS,regime-changey,adaptive+forget,3.318413,0.005401,0.007850,642
CAPUTLG322S,stationary,adaptive+forget,2.792450,0.008309,0.011076,641
CAPUTLG324S,stationary,adaptive+forget,2.617180,0.010284,0.010109,641
CAPUTLG325S,stationary,adaptive+forget,3.103745,0.006230,0.006739,641
CAPUTLG326S,regime-changey,adaptive+forget,2.928606,0.008158,0.006147,641
CAPUTLG327S,stationary,adaptive+forget,2.768082,0.008582,0.007165,642
CAPUTLG332S,stationary,adaptive+forget,3.293563,0.005081,0.007676,641
CAPUTLG3361T3S,regime-changey,adaptive+forget,1.630532,0.033374,0.013604,641
CAPUTLG3364T9S,stationary,adaptive+forget,2.706911,0.009809,0.008892,641
CASACBW027NBOG,stationary,adaptive+forget,2.025280,0.018709,0.010200,1000
CASACBW027SBOG,regime-changey,adaptive+forget,2.340303,0.014389,0.006800,1000
CASDCBW027SBOG,stationary,adaptive+forget,2.177442,0.016330,0.005800,1000
CASDCBW027NBOG,stationary,adaptive+forget,1.757654,0.023915,0.013200,1000
CASFRIW027NBOG,stationary,adaptive+forget,1.362574,0.037669,0.007800,1000
CASFRIW027SBOG,regime-changey,adaptive+forget,1.592450,0.030563,0.008200,1000
CASLCBW027NBOG,stationary,adaptive+forget,1.655130,0.026751,0.012400,1000
CASLCBW027SBOG,stationary,adaptive+forget,2.031636,0.018764,0.007400,1000
CASSCBW027NBOG,stationary,adaptive+forget,1.936276,0.019465,0.010400,1000
CASSCBW027SBOG,stationary,adaptive+forget,2.207417,0.014889,0.005600,1000
CATOTCA,stationary,adaptive+forget,3.428732,0.006759,0.039000,1000
CBBCHUSD,stationary,adaptive+forget,1.850601,0.021653,0.007200,1000
CBBTCUSD,stationary,adaptive+forget,2.318502,0.013412,0.008800,1000
CBCCIND,stationary,adaptive+forget,1.794793,0.023870,0.008800,1000
CBETHUSD,stationary,adaptive+forget,1.977025,0.018796,0.008600,1000
CBLTCUSD,stationary,adaptive+forget,1.963720,0.019548,0.007000,1000
CBUSAPPWNSAAL,stationary,adaptive+forget,0.952171,0.144597,0.019244,767
CBUSAPPWNSAALYY,stationary,adaptive+forget,-4.723097,21.271832,0.011236,712
CBUSAPPWNSAAKYY,stationary,adaptive+forget,-3.457058,35.232647,0.039297,711
CBUSAPPWNSAAR,stationary,adaptive+forget,0.927656,0.159808,0.022634,767
CBUSAPPWNSAARYY,stationary,adaptive+forget,-4.735513,21.307316,0.013146,712
CBSD678FRBCLE,stationary,adaptive+forget,4.527867,0.002791,0.018800,1000
CBUSAPPWNSAAZ,stationary,adaptive+forget,0.609177,0.128909,0.013090,767
CBUSAPPWNSAAZYY,stationary,adaptive+forget,-4.812021,22.301416,0.012022,712
CBUSAPPWNSACA,stationary,adaptive+forget,0.206471,0.119274,0.014394,767
CBUSAPPWNSACAYY,regime-changey,adaptive+forget,-4.665810,20.355654,0.012640,712
CBUSAPPWNSACO,stationary,adaptive+forget,0.299769,0.132533,0.008553,767
CBUSAPPWNSACOYY,regime-changey,adaptive+forget,-4.977420,28.212184,0.016180,712
CBUSAPPWNSACT,stationary,adaptive+forget,1.026879,0.154231,0.019948,767
CBUSAPPWNSACTYY,stationary,adaptive+forget,-4.743393,24.308947,0.007247,712
CBUSAPPWNSADCYY,stationary,adaptive+forget,-3.957835,27.729431,0.025915,710
CBUSAPPWNSADC,stationary,adaptive+forget,-0.424946,5.040224,0.068449,767
CBUSAPPWNSADE,stationary,adaptive+forget,0.437128,0.131294,0.009179,767
CBUSAPPWNSAFL,stationary,adaptive+forget,-0.034358,0.145939,0.018827,767
CBUSAPPWNSADEYY,stationary,adaptive+forget,-4.811984,19.383683,0.008146,712
CBUSAPPWNSAFLYY,regime-changey,adaptive+forget,-4.886910,22.634618,0.019213,712
CBUSAPPWNSAGA,stationary,adaptive+forget,0.167208,0.124414,0.009596,767
CBUSAPPWNSAGAYY,regime-changey,adaptive+forget,-4.725177,19.040869,0.013764,712
CBUSAPPWNSAHI,stationary,adaptive+forget,1.084984,0.186538,0.028031,767
CBUSAPPWNSAHIYY,stationary,adaptive+forget,-4.128106,23.162965,0.023596,712
CBUSAPPWNSAIAYY,stationary,adaptive+forget,-4.572329,23.774153,0.012799,711
CBUSAPPWNSAID,stationary,adaptive+forget,1.107111,0.183046,0.026806,767
CBUSAPPWNSAIA,stationary,adaptive+forget,-1.592028,7.568350,0.042373,767
CBUSAPPWNSAIL,stationary,adaptive+forget,0.172193,0.124485,0.016897,767
CBUSAPPWNSAIDYY,stationary,adaptive+forget,-4.402215,24.439603,0.019326,712
CBUSAPPWNSAILYY,regime-changey,adaptive+forget,-4.668909,21.371120,0.025056,712
CBUSAPPWNSAIN,stationary,adaptive+forget,0.334393,0.131999,0.010300,767
CBUSAPPWNSAINYY,regime-changey,adaptive+forget,-4.924492,23.877574,0.014438,712
CBUSAPPWNSAKS,stationary,adaptive+forget,0.938138,0.172372,0.029596,767
CBUSAPPWNSAKSYY,stationary,adaptive+forget,-4.551806,24.601542,0.016011,712
CBUSAPPWNSAKY,stationary,adaptive+forget,1.046831,0.154391,0.022634,767
CBUSAPPWNSAKYYY,stationary,adaptive+forget,-4.676512,22.784191,0.004551,712
CBUSAPPWNSALA,stationary,adaptive+forget,1.155483,0.142363,0.022634,767
CBUSAPPWNSALAYY,regime-changey,adaptive+forget,-4.714577,22.618606,0.008090,712
CBUSAPPWNSAMA,stationary,adaptive+forget,0.194316,0.130948,0.009778,767
CBUSAPPWNSAMAYY,regime-changey,adaptive+forget,-4.859611,30.720891,0.014719,712
CBUSAPPWNSAMD,stationary,adaptive+forget,0.341337,0.125766,0.005346,767
CBUSAPPWNSAMDYY,regime-changey,adaptive+forget,-4.761631,17.398999,0.009831,712
CBUSAPPWNSAMI,stationary,adaptive+forget,0.230413,0.131162,0.010482,767
CBUSAPPWNSAMIYY,regime-changey,adaptive+forget,-4.825548,21.156722,0.011910,712
CBUSAPPWNSAME,stationary,adaptive+forget,1.593233,0.196387,0.044042,767
CBUSAPPWNSAMEYY,stationary,adaptive+forget,-3.995437,26.642643,0.028427,712
CBUSAPPWNSAMN,stationary,adaptive+forget,0.417851,0.125810,0.009857,767
CBUSAPPWNSAMNYY,stationary,adaptive+forget,-4.844700,18.538205,0.007303,712
CBUSAPPWNSAMO,stationary,adaptive+forget,0.802176,0.140310,0.018644,767
CBUSAPPWNSAMOYY,stationary,adaptive+forget,-4.753120,18.726583,0.008652,712
CBUSAPPWNSAMSYY,stationary,adaptive+forget,-4.429560,20.854049,0.017862,711
CBUSAPPWNSAMT,stationary,adaptive+forget,1.392160,0.175915,0.031682,767
CBUSAPPWNSAMS,stationary,adaptive+forget,-0.868264,6.856266,0.044537,767
CBUSAPPWNSAMW,stationary,adaptive+forget,0.311750,0.108169,0.020287,767
CBUSAPPWNSAMTYY,stationary,adaptive+forget,-4.185138,22.969285,0.021629,712
CBUSAPPWNSAMWYY,regime-changey,adaptive+forget,-4.443685,16.566408,0.025674,712
CBUSAPPWNSANC,stationary,adaptive+forget,0.227901,0.126251,0.009700,767
CBUSAPPWNSANCYY,regime-changey,adaptive+forget,-4.946182,31.978208,0.023202,712
CBUSAPPWNSANER,stationary,adaptive+forget,0.244469,0.118945,0.019166,767
CBUSAPPWNSANERYY,regime-changey,adaptive+forget,-4.533801,21.839168,0.026011,712
CBUSAPPWNSANE,stationary,adaptive+forget,1.329420,0.195316,0.036819,767
CBUSAPPWNSANDYY,stationary,adaptive+forget,-3.695070,34.454527,0.034233,711
CBUSAPPWNSANEYY,stationary,adaptive+forget,-4.293115,27.467045,0.022472,712
CBUSAPPWNSANHYY,stationary,adaptive+forget,-3.908226,33.103249,0.031517,712
CBUSAPPWNSANJ,stationary,adaptive+forget,0.219299,0.129706,0.008735,767
CBUSAPPWNSANJYY,regime-changey,adaptive+forget,-4.802457,24.080528,0.017416,712
CBUSAPPWNSANM,stationary,adaptive+forget,1.648050,0.201824,0.039791,767
CBUSAPPWNSANV,stationary,adaptive+forget,0.484062,0.122976,0.009335,767
CBUSAPPWNSANVYY,stationary,adaptive+forget,-4.815286,19.506068,0.007921,712
CBUSAPPWNSANMYY,stationary,adaptive+forget,-3.916539,28.590363,0.027191,712
CBUSAPPWNSANY,stationary,adaptive+forget,0.193887,0.126727,0.018201,767
CBUSAPPWNSANYYY,regime-changey,adaptive+forget,-4.636106,23.965233,0.019494,712
CBUSAPPWNSAOH,stationary,adaptive+forget,0.526988,0.118743,0.010743,767
CBUSAPPWNSAOHYY,stationary,adaptive+forget,-4.769643,18.924799,0.008427,712
CBUSAPPWNSAOK,stationary,adaptive+forget,0.748217,0.157424,0.021069,767
CBUSAPPWNSAPA,stationary,adaptive+forget,0.268410,0.124934,0.006389,767
CBUSAPPWNSAOKYY,stationary,adaptive+forget,-4.831077,21.128843,0.007584,712
CBUSAPPWNSAOR,stationary,adaptive+forget,0.627671,0.140064,0.013168,767
CBUSAPPWNSAORYY,regime-changey,adaptive+forget,-4.923408,23.098104,0.008652,712
CBUSAPPWNSAPAYY,regime-changey,adaptive+forget,-4.992807,28.543782,0.016573,712
CBUSAPPWNSARI,stationary,adaptive+forget,0.136132,4.709071,0.078018,767
CBUSAPPWNSARIYY,stationary,adaptive+forget,-3.826919,25.857785,0.027042,710
CBUSAPPWNSAS,stationary,adaptive+forget,0.197211,0.121450,0.025346,767
CBUSAPPWNSASYY,regime-changey,adaptive+forget,-4.594393,18.946646,0.024551,712
CBUSAPPWNSASCYY,stationary,adaptive+forget,-4.696165,20.089432,0.010056,712
CBUSAPPWNSASC,stationary,adaptive+forget,0.949645,0.152192,0.020730,767
CBUSAPPWNSASD,stationary,adaptive+forget,2.525448,0.265128,0.069335,767
CBUSAPPWNSASDYY,stationary,adaptive+forget,-3.950939,39.738188,0.030955,712
CBUSAPPWNSATN,stationary,adaptive+forget,0.439652,0.130777,0.017158,767
CBUSAPPWNSATNYY,regime-changey,adaptive+forget,-4.933859,24.285176,0.007921,712
CBUSAPPWNSATX,stationary,adaptive+forget,0.138940,0.124294,0.015437,767
CBUSAPPWNSAUS,stationary,adaptive+forget,0.315363,0.110998,0.026910,767
CBUSAPPWNSATXYY,regime-changey,adaptive+forget,-4.809067,21.650324,0.018933,712
CBUSAPPWNSAUSYY,regime-changey,adaptive+forget,-4.417315,18.044216,0.028708,712
CBUSAPPWNSAUT,stationary,adaptive+forget,0.569994,0.128697,0.009883,767
CBUSAPPWNSAUTYY,stationary,adaptive+forget,-4.815626,18.031247,0.008483,712
CBUSAPPWNSAVA,stationary,adaptive+forget,0.366341,0.123974,0.007249,767
CBUSAPPWNSAVAYY,regime-changey,adaptive+forget,-4.805744,21.983708,0.009101,712
CBUSAPPWNSAW,stationary,adaptive+forget,0.294743,0.109048,0.018305,767
CBUSAPPWNSAWA,stationary,adaptive+forget,0.476714,0.120020,0.005789,767
CBUSAPPWNSAVTYY,stationary,adaptive+forget,-3.896101,39.972832,0.033117,709
CBUSAPPWNSAWAYY,regime-changey,adaptive+forget,-4.786460,18.510148,0.010449,712
CBUSAPPWNSAWI,stationary,adaptive+forget,0.909001,0.139335,0.018905,767
CBUSAPPWNSAWIYY,regime-changey,adaptive+forget,-4.793613,20.472436,0.009551,712
CBUSAPPWNSAWY,stationary,adaptive+forget,0.932526,0.148014,0.021591,767
CBUSAPPWNSAWVYY,stationary,adaptive+forget,-3.936858,31.954577,0.030267,711
CBUSAPPWNSAWYY,regime-changey,adaptive+forget,-4.525172,17.741718,0.015730,712
CBUSAPPWNSAWYYY,regime-changey,adaptive+forget,-4.639725,23.922362,0.010337,712
CCLACBW027NBOG,regime-changey,adaptive+forget,3.287333,0.005902,0.016800,1000
CCLACBW027SBOG,regime-changey,adaptive+forget,4.012902,0.003772,0.018800,1000
CC4WSA,regime-changey,adaptive+forget,3.801095,0.004174,0.011000,1000
CCLDCBW027NBOG,regime-changey,adaptive+forget,3.287418,0.005902,0.016600,1000
CCLDCBW027SBOG,regime-changey,adaptive+forget,4.009137,0.003777,0.018600,1000
CCLLCBW027NBOG,regime-changey,adaptive+forget,3.301005,0.005780,0.015800,1000
CCLLCBW027SBOG,regime-changey,adaptive+forget,4.034671,0.003658,0.020000,1000
CE16OV,regime-changey,adaptive+forget,4.316497,0.002459,0.011563,640
CCLSCBW027NBOG,regime-changey,adaptive+forget,2.782244,0.009987,0.018800,1000
CES0600000006,regime-changey,adaptive+forget,4.214005,0.002433,0.014128,654
CCLSCBW027SBOG,regime-changey,adaptive+forget,3.024412,0.008331,0.038800,1000
CES0600000007,stationary,adaptive+forget,4.565431,0.003305,0.019449,653
CES0600000008,stationary,adaptive+forget,4.720241,0.001226,0.011792,653
CES0600000030,stationary,adaptive+forget,3.583147,0.003758,0.010581,654
CES0600000034,stationary,adaptive+forget,3.282949,0.005714,0.009847,654
CCSA,regime-changey,adaptive+forget,2.694915,0.011286,0.010600,1000
CCNSA,stationary,adaptive+forget,1.800753,0.024112,0.022200,1000
CES0600000035,regime-changey,adaptive+forget,3.268327,0.005582,0.012171,654
CES0800000001,regime-changey,adaptive+forget,5.057002,0.001365,0.014019,749
CES1000000006,regime-changey,adaptive+forget,3.251226,0.006304,0.012049,654
CES1000000007,stationary,adaptive+forget,3.270820,0.006021,0.012711,653
CES1000000008,stationary,adaptive+forget,3.744268,0.003242,0.005933,654
CES1000000030,stationary,adaptive+forget,2.957892,0.006993,0.016453,654
CES1000000034,regime-changey,adaptive+forget,2.606340,0.010506,0.012722,654
CES1000000035,regime-changey,adaptive+forget,2.518227,0.011215,0.015229,654
CES1011330001,stationary,adaptive+forget,2.717499,0.008729,0.007902,653
CES2000000006,stationary,adaptive+forget,3.523264,0.004577,0.016172,653
CES2000000008,stationary,adaptive+forget,4.097967,0.002319,0.010995,653
CES2000000007,stationary,adaptive+forget,3.189105,0.006332,0.011485,653
CES2000000030,stationary,adaptive+forget,3.023231,0.006737,0.007768,654
CES2000000034,stationary,adaptive+forget,2.648237,0.009969,0.013884,654
CES3000000010,regime-changey,adaptive+forget,4.516843,0.001842,0.011765,510
CES2000000035,stationary,adaptive+forget,2.607879,0.010198,0.023547,654
CES3000000006,stationary,adaptive+forget,4.230502,0.002340,0.015888,749
CES3000000008,stationary,adaptive+forget,4.566378,0.001583,0.007850,749
CES3000000030,stationary,adaptive+forget,3.640949,0.003579,0.007637,749
CES3000000034,stationary,adaptive+forget,3.429299,0.005189,0.006836,749
CES3000000035,stationary,adaptive+forget,3.342202,0.005765,0.013333,750
CES3100000010,regime-changey,adaptive+forget,4.307168,0.002161,0.017647,510
CES3100000009,stationary,adaptive+forget,3.136289,0.019894,0.062418,546
CES3100000006,stationary,adaptive+forget,3.909961,0.003322,0.017333,750
CES3100000008,stationary,adaptive+forget,4.426439,0.001883,0.009720,749
CES3100000007,stationary,adaptive+forget,4.398918,0.003367,0.024267,750
CES3100000030,stationary,adaptive+forget,3.460478,0.004282,0.007467,750
CES3100000034,stationary,adaptive+forget,3.211632,0.006263,0.008533,750
CES3132700001,regime-changey,adaptive+forget,3.888071,0.003180,0.013003,606
CES3100000035,stationary,adaptive+forget,3.059172,0.007260,0.009867,750
CES3133660001,stationary,adaptive+forget,3.071427,0.006866,0.005508,748
CES3200000006,stationary,adaptive+forget,4.430093,0.001826,0.007733,750
CES3200000008,stationary,adaptive+forget,4.423735,0.001738,0.008267,750
CES3200000007,stationary,adaptive+forget,5.090144,0.002821,0.022667,750
CES3200000010,regime-changey,adaptive+forget,4.464618,0.002068,0.014118,510
CES3200000009,stationary,adaptive+forget,3.736878,0.015450,0.033919,546
CES3200000030,stationary,adaptive+forget,3.778210,0.003144,0.011200,750
CES4348200001,stationary,adaptive+forget,3.575712,0.003852,0.008821,653
CES3200000034,stationary,adaptive+forget,3.667597,0.004028,0.010133,750
CES3200000035,stationary,adaptive+forget,3.702967,0.004134,0.007200,750
CES9091000001,regime-changey,adaptive+forget,3.784129,0.004411,0.030574,749
CES9092000001,stationary,adaptive+forget,4.627424,0.001367,0.010377,557
CES9091100001,regime-changey,adaptive+forget,3.482790,0.005846,0.039866,749
CES9091912001,regime-changey,adaptive+forget,3.475443,0.004479,0.004139,749
CES9092161101,stationary,adaptive+forget,3.942357,0.002775,0.012855,557
CES9092200001,stationary,adaptive+forget,5.039100,0.000882,0.010485,557
CES9093000001,regime-changey,adaptive+forget,4.764015,0.001369,0.015045,557
CES9093161101,regime-changey,adaptive+forget,4.402602,0.001950,0.016840,557
CES9093200001,regime-changey,adaptive+forget,4.757184,0.001406,0.011921,557
CEU0500000001,stationary,adaptive+forget,4.447611,0.002150,0.013778,749
CEU0600000001,stationary,adaptive+forget,3.923998,0.003022,0.014045,749
CEU0600000006,stationary,adaptive+forget,3.743663,0.003663,0.015291,654
CEU0600000007,stationary,adaptive+forget,3.311618,0.005304,0.010031,654
CEU0600000008,stationary,adaptive+forget,4.469329,0.001580,0.013150,654
CEU0600000030,stationary,adaptive+forget,3.133525,0.005842,0.012049,654
CEU0600000034,stationary,adaptive+forget,2.895483,0.007579,0.011927,654
CEU0600000035,stationary,adaptive+forget,2.852141,0.007970,0.018165,654
CEU0800000001,stationary,adaptive+forget,4.545697,0.002228,0.010400,750
CEU1000000006,stationary,adaptive+forget,2.705743,0.009028,0.006544,654
CEU1000000001,stationary,adaptive+forget,2.877015,0.008128,0.006489,749
CEU1000000007,stationary,adaptive+forget,2.820056,0.008155,0.012355,654
CEU1000000008,stationary,adaptive+forget,3.393362,0.004529,0.011009,654
CEU1000000030,stationary,adaptive+forget,2.694205,0.008961,0.010826,654
CEU1000000034,stationary,adaptive+forget,2.208127,0.014840,0.009786,654
CEU1000000035,stationary,adaptive+forget,2.187223,0.015092,0.009664,654
CEU1011330001,stationary,adaptive+forget,2.466780,0.011354,0.008807,654
CEU2000000006,stationary,adaptive+forget,3.128237,0.006321,0.012722,654
CEU2000000001,stationary,adaptive+forget,3.248224,0.005672,0.008678,749
CEU2000000007,stationary,adaptive+forget,2.570783,0.010333,0.010887,654
CEU2000000030,stationary,adaptive+forget,2.529360,0.010693,0.009786,654
CEU2000000034,stationary,adaptive+forget,2.216689,0.014740,0.009664,654
CEU2000000035,stationary,adaptive+forget,2.205050,0.014880,0.008257,654
CEU3000000001,stationary,adaptive+forget,3.812508,0.003396,0.011108,749
CEU3000000010,stationary,adaptive+forget,4.050166,0.002852,0.011373,510
CEU3000000009,stationary,adaptive+forget,1.939880,0.026592,0.016697,545
CEU3000000006,stationary,adaptive+forget,3.643713,0.003993,0.013867,750
CEU3000000007,stationary,adaptive+forget,3.453540,0.004608,0.009479,749
CEU3000000030,stationary,adaptive+forget,3.240837,0.005235,0.008800,750
CEU3000000034,stationary,adaptive+forget,3.058749,0.006674,0.008000,750
CEU3000000035,stationary,adaptive+forget,2.905021,0.007808,0.012000,750
CEU3100000001,stationary,adaptive+forget,3.503907,0.004425,0.027200,750
CEU3100000009,stationary,adaptive+forget,1.713770,0.032527,0.017582,546
CEU3100000006,stationary,adaptive+forget,3.240464,0.005837,0.026933,750
CEU3100000010,stationary,adaptive+forget,3.788555,0.003462,0.016078,510
CEU3100000007,stationary,adaptive+forget,3.383878,0.005349,0.008267,750
CEU3100000008,stationary,adaptive+forget,4.033187,0.002781,0.004139,749
CEU3100000030,stationary,adaptive+forget,3.071699,0.006244,0.005867,750
CEU3100000034,stationary,adaptive+forget,2.810586,0.008575,0.015200,750
CEU3132700001,stationary,adaptive+forget,3.515441,0.004266,0.011221,606
CEU3100000035,stationary,adaptive+forget,2.712751,0.009582,0.014400,750
CEU3200000001,stationary,adaptive+forget,4.239846,0.002229,0.009600,750
CEU3133660001,stationary,adaptive+forget,2.936807,0.007613,0.007103,749
CEU3200000006,stationary,adaptive+forget,4.029367,0.002637,0.011733,750
CEU3200000007,stationary,adaptive+forget,3.627191,0.004149,0.008800,750
CEU3200000010,stationary,adaptive+forget,3.954343,0.003016,0.012549,510
CEU3200000009,stationary,adaptive+forget,2.426983,0.022053,0.014066,546
CEU3200000008,stationary,adaptive+forget,4.019101,0.002692,0.012000,750
CEU3200000030,stationary,adaptive+forget,3.449915,0.004305,0.008800,750
CEU3200000034,stationary,adaptive+forget,3.251080,0.005513,0.010400,750
CEU3200000035,stationary,adaptive+forget,3.293462,0.005346,0.004267,750
CEU4000000001,stationary,adaptive+forget,4.315545,0.002265,0.008000,750
CEU4142000001,stationary,adaptive+forget,4.461742,0.001688,0.009067,750
CEU4348200001,stationary,adaptive+forget,3.346757,0.004863,0.008685,654
CEU4200000001,stationary,adaptive+forget,4.103772,0.002885,0.012951,749
CEU5000000001,regime-changey,adaptive+forget,3.479085,0.005280,0.028171,749
CEU5500000001,stationary,adaptive+forget,4.788581,0.001165,0.010013,749
CEU6000000001,stationary,adaptive+forget,4.372154,0.001988,0.014579,749
CEU6500000001,stationary,adaptive+forget,4.569927,0.001803,0.010280,749
CEU7000000001,regime-changey,adaptive+forget,3.879577,0.006592,0.012176,749
CEU9000000001,stationary,adaptive+forget,4.295767,0.001938,0.007610,749
CEU8000000001,regime-changey,adaptive+forget,4.406394,0.002553,0.010667,750
CEU9091000001,stationary,adaptive+forget,3.385999,0.005472,0.014553,749
CEU9091100001,stationary,adaptive+forget,3.167199,0.006981,0.021600,750
CEU9092000001,stationary,adaptive+forget,4.202526,0.002028,0.010844,557
CEU9092161101,stationary,adaptive+forget,3.449147,0.004401,0.008530,558
CEU9092200001,regime-changey,adaptive+forget,4.667464,0.001249,0.008689,557
CEU9091912001,regime-changey,adaptive+forget,3.207318,0.005649,0.005600,750
CEU9093000001,stationary,adaptive+forget,4.330122,0.002042,0.010179,558
CEU9093161101,stationary,adaptive+forget,3.974720,0.002834,0.012186,558
CEU9093200001,stationary,adaptive+forget,4.276442,0.002102,0.010108,558
CHECP010000IXOBM,stationary,adaptive+forget,3.647524,0.003639,0.011344,543
CHECPIALLMINMEI,stationary,adaptive+forget,4.512373,0.001507,0.010608,543
CHECP010000GYM,stationary,adaptive+forget,-1.111962,0.418649,0.011488,531
CHECPICORMINMEI,stationary,adaptive+forget,4.838410,0.001062,0.011860,543
CHESARTMISMEI,stationary,adaptive+forget,2.500053,0.012277,0.014717,530
CHECPIENGMINMEI,stationary,adaptive+forget,2.450831,0.011887,0.010129,543
CHESLRTTO01GPSAM,regime-changey,adaptive+forget,-2.427792,1.627433,0.008108,555
CHEXTEXVA01CXMLM,stationary,adaptive+forget,1.140028,0.043143,0.011557,533
CHESLRTTO01GYSAM,regime-changey,adaptive+forget,-2.579322,1.901457,0.009191,544
CHEXTIMVA01CXMLM,stationary,adaptive+forget,1.063971,0.046762,0.012345,533
CHESPASTT01GYM,stationary,adaptive+forget,-3.185895,3.231733,0.009174,545
CHNMAINLANDEPU,regime-changey,adaptive+forget,-5.293503,34.478422,0.021294,618
CFSI,stationary,adaptive+forget,3.090811,0.014992,0.028800,1000
CHEXTNTVA01CXMLM,regime-changey,adaptive+forget,-19.974856,458121802.531125,0.026679,533
CIBOARD,stationary,adaptive+forget,4.084875,0.002454,0.006000,1000
CIBOARDNSA,stationary,adaptive+forget,3.749675,0.003227,0.005800,1000
CILDCBW027NBOG,stationary,adaptive+forget,3.904873,0.002770,0.006200,1000
CILDCBW027SBOG,regime-changey,adaptive+forget,4.270228,0.002074,0.008000,1000
CILFRIW027NBOG,stationary,adaptive+forget,3.235934,0.005416,0.007600,1000
CILFRIW027SBOG,stationary,adaptive+forget,3.428857,0.004512,0.007000,1000
CILSCBW027NBOG,regime-changey,adaptive+forget,4.198837,0.002256,0.007600,1000
CIVPART,stationary,adaptive+forget,5.795311,0.001409,0.039375,640
CLF16OV,stationary,adaptive+forget,4.549813,0.001456,0.009062,640
CILSCBW027SBOG,regime-changey,adaptive+forget,4.372293,0.002064,0.013000,1000
CISD678FRBCLE,regime-changey,adaptive+forget,3.422235,0.015739,0.012800,1000
CLSACBW027SBOG,regime-changey,adaptive+forget,4.529457,0.002202,0.021000,1000
CLSACBW027NBOG,regime-changey,adaptive+forget,3.880690,0.003130,0.012400,1000
CLSDCBW027NBOG,regime-changey,adaptive+forget,3.880690,0.003130,0.012400,1000
CLSDCBW027SBOG,regime-changey,adaptive+forget,4.584619,0.002043,0.022800,1000
CLSLCBW027SBOG,regime-changey,adaptive+forget,4.476766,0.002264,0.023600,1000
CNP16OV,regime-changey,adaptive+forget,6.641194,0.000244,0.041875,640
CLSLCBW027NBOG,regime-changey,adaptive+forget,3.814716,0.003313,0.012400,1000
CLSSCBW027NBOG,stationary,adaptive+forget,4.003533,0.003076,0.022600,1000
CLSSCBW027SBOG,stationary,adaptive+forget,4.131985,0.002925,0.027200,1000
CMRKTSD678FRBCLE,stationary,adaptive+forget,3.897131,0.003029,0.006200,1000
COMPAPER,stationary,adaptive+forget,1.838481,0.021335,0.006600,1000
COMPOUT,stationary,adaptive+forget,2.658934,0.009410,0.007000,1000
CONAN,stationary,adaptive+forget,4.045370,0.002727,0.009600,750
COMPUTN,stationary,adaptive+forget,2.769265,0.008340,0.009200,1000
CONSUMER,regime-changey,adaptive+forget,3.770894,0.003921,0.014426,653
COINSUREDUR,regime-changey,adaptive+forget,1.823488,0.057568,0.014800,1000
CPALTT01BEM657N,stationary,adaptive+forget,-0.355831,0.196131,0.008091,529
COCCLAIMS,regime-changey,adaptive+forget,-8.699479,1449.960979,0.019000,1000
COICLAIMS,regime-changey,adaptive+forget,-7.872866,619.680818,0.023400,1000
CONSUMERNSA,regime-changey,adaptive+forget,3.445087,0.004929,0.013109,653
CPALTT01BEM659N,stationary,adaptive+forget,-0.487951,0.228421,0.012241,531
CPALTT01CHM657N,stationary,adaptive+forget,-0.309373,0.188011,0.016371,529
CPALTT01CHM659N,stationary,adaptive+forget,-0.212425,0.171333,0.008098,531
CPALTT01DEM657N,stationary,adaptive+forget,-0.385854,0.204535,0.010019,529
CPALTT01DEM659N,stationary,adaptive+forget,-0.302111,0.194661,0.009434,530
CPALTT01ESM657N,stationary,adaptive+forget,-0.848638,0.329406,0.008312,539
CPALTT01ESM659N,stationary,adaptive+forget,-0.606112,0.263125,0.007778,540
CPALTT01CAM657N,stationary,adaptive+forget,-0.127701,0.292303,0.015800,1000
CPALTT01CAM659N,stationary,adaptive+forget,-0.316859,0.319511,0.015800,1000
CPALTT01FIM657N,stationary,adaptive+forget,-0.538774,0.231959,0.011818,528
CPALTT01FIM659N,stationary,adaptive+forget,-0.434059,0.214057,0.008302,530
CPALTT01FRM657N,stationary,adaptive+forget,-0.203941,0.168734,0.013864,528
CPALTT01FRM659N,stationary,adaptive+forget,-0.121080,0.153306,0.006038,530
CPALTT01GBM657N,stationary,adaptive+forget,-0.120019,0.193358,0.014848,528
CPALTT01GBM659N,stationary,adaptive+forget,0.660551,0.168450,0.020377,530
CPALTT01GRM657N,stationary,adaptive+forget,-1.075652,0.403300,0.008469,529
CPALTT01GRM659N,stationary,adaptive+forget,-0.949777,0.371531,0.013409,531
CPALTT01INM657N,stationary,adaptive+forget,-1.202467,0.465322,0.011332,503
CPALTT01INM659N,stationary,adaptive+forget,-1.337584,0.506193,0.008854,506
CPALTT01ISM657N,regime-changey,adaptive+forget,-1.056764,0.443126,0.013800,529
CPALTT01ISM659N,regime-changey,adaptive+forget,-1.247709,0.634312,0.011525,531
CPALTT01ITM659N,regime-changey,adaptive+forget,-0.111225,0.171511,0.012075,530
CPALTT01ITM657N,regime-changey,adaptive+forget,-0.109731,0.162113,0.010606,528
CPALTT01LUM657N,regime-changey,adaptive+forget,-0.722197,0.303772,0.016862,529
CPALTT01LUM659N,stationary,adaptive+forget,-0.470593,0.223009,0.004369,531
CPALTT01NOM657N,stationary,adaptive+forget,-0.715987,0.293938,0.015690,529
CPALTT01NOM659N,stationary,adaptive+forget,-0.536464,0.250403,0.010019,531
CPALTT01PTM657N,regime-changey,adaptive+forget,-1.079748,0.425888,0.019093,529
CPALTT01PTM659N,regime-changey,adaptive+forget,-0.751284,0.330293,0.011864,531
CPALTT01SEM657N,stationary,adaptive+forget,-0.849391,0.313302,0.019811,529
CPALTT01SEM659N,stationary,adaptive+forget,-0.674953,0.274971,0.007170,530
CPALTT01TRM657N,regime-changey,adaptive+forget,-1.970627,1.012554,0.014556,529
CPALTT01TRM659N,regime-changey,adaptive+forget,-2.282733,1.505861,0.016083,531
CPALTT01USM657N,stationary,adaptive+forget,-0.271684,0.178590,0.009679,529
CPALTT01USM661S,stationary,adaptive+forget,4.682226,0.001291,0.005488,543
CPALTT01USM659N,stationary,adaptive+forget,-0.367584,0.199509,0.010358,531
CPALTT01ZAM657N,stationary,adaptive+forget,-0.792524,0.295158,0.011111,504
CPALTT01ZAM659N,stationary,adaptive+forget,-0.943808,0.350157,0.010317,504
CPGREN01CHM659N,stationary,adaptive+forget,-2.537486,1.761978,0.008512,531
CPGREN01USM659N,stationary,adaptive+forget,-2.636253,2.014151,0.010848,507
CPGREN01FIM659N,stationary,adaptive+forget,-2.322961,1.521284,0.007547,530
CPGRLE01CHM659N,stationary,adaptive+forget,0.158005,0.115711,0.010358,531
CPGRLE01FIM659N,stationary,adaptive+forget,-0.284454,0.194841,0.007170,530
CPGRLE01USM659N,stationary,adaptive+forget,1.449280,0.032634,0.007456,507
CPGREN01PTM659N,regime-changey,adaptive+forget,-2.225643,1.532967,0.014797,615
CPIENGSL,stationary,adaptive+forget,2.415325,0.012922,0.012857,532
CPILEGNS,stationary,adaptive+forget,4.996562,0.000944,0.010075,532
CPIENGNS,stationary,adaptive+forget,2.218021,0.015077,0.012857,532
CPIAPPSL,stationary,adaptive+forget,4.067054,0.002560,0.008098,652
CPIAUCSL,stationary,adaptive+forget,4.655702,0.001296,0.005460,652
CPFF,regime-changey,adaptive+forget,1.637680,0.050832,0.009200,1000
CPIAPPNS,regime-changey,adaptive+forget,3.305921,0.005607,0.005945,794
CPILEGSL,stationary,adaptive+forget,5.517670,0.000563,0.009699,532
CPILFENS,stationary,adaptive+forget,5.093131,0.000874,0.010451,532
CPILFESL,stationary,adaptive+forget,5.429111,0.000613,0.012030,532
CPIAUCNS,regime-changey,adaptive+forget,4.936208,0.001853,0.017400,1000
CPIMEDSL,regime-changey,adaptive+forget,4.943489,0.001000,0.009264,652
CPIMEDNS,stationary,adaptive+forget,4.599194,0.001360,0.017143,700
CPITRNSL,regime-changey,adaptive+forget,3.348441,0.005400,0.010000,652
CPITRNNS,regime-changey,adaptive+forget,3.317310,0.005773,0.008286,700
CPIUFDSL,regime-changey,adaptive+forget,4.457711,0.001766,0.012883,652
CPIULFSL,stationary,adaptive+forget,4.596100,0.001424,0.008650,652
CPIULFNS,stationary,adaptive+forget,4.551825,0.001676,0.012703,751
CPIUFDNS,regime-changey,adaptive+forget,4.197970,0.003113,0.005800,1000
CUMFNS,regime-changey,adaptive+forget,3.431474,0.004935,0.010484,641
CTNAN,stationary,adaptive+forget,4.049919,0.002834,0.012267,750
CUSR0000SA0L2,stationary,adaptive+forget,4.408725,0.001753,0.007301,652
CPTBSD678FRBCLE,regime-changey,adaptive+forget,1.707326,0.042305,0.008800,1000
CUSR0000SA0L5,stationary,adaptive+forget,4.635026,0.001386,0.005338,532
CTCCLAIMS,stationary,adaptive+forget,1.291518,0.040084,0.013800,1000
CRESD678FRBCLE,regime-changey,adaptive+forget,4.468245,0.007953,0.027000,1000
CTICLAIMS,stationary,adaptive+forget,0.041928,0.130433,0.008200,1000
CUSR0000SA311,stationary,adaptive+forget,3.906311,0.003006,0.006135,652
CTINSUREDUR,stationary,adaptive+forget,1.291176,0.040123,0.011600,1000
CUSR0000SAC,stationary,adaptive+forget,4.018284,0.002742,0.010074,544
CUSR0000SAA1,regime-changey,adaptive+forget,3.806879,0.003358,0.008650,652
CUSR0000SACE,stationary,adaptive+forget,1.797459,0.023595,0.010526,532
CUSR0000SAA2,stationary,adaptive+forget,3.435384,0.004533,0.008589,652
CUSR0000SACL1E,regime-changey,adaptive+forget,4.865113,0.001181,0.009850,532
CUSR0000SACL1,stationary,adaptive+forget,3.584880,0.004089,0.006606,545
CUSR0000SAD,regime-changey,adaptive+forget,4.735625,0.001484,0.010074,544
CUSR0000SAF11,stationary,adaptive+forget,4.150909,0.002154,0.007838,592
CUSR0000SAH1,regime-changey,adaptive+forget,5.062639,0.001033,0.009310,580
CUSR0000SAH2,stationary,adaptive+forget,3.629392,0.003834,0.009655,580
CUSR0000SAM2,stationary,adaptive+forget,4.994885,0.000957,0.006250,544
CUSR0000SAF113,regime-changey,adaptive+forget,2.908860,0.007956,0.008589,652
CUSR0000SAF114,regime-changey,adaptive+forget,3.649599,0.003844,0.010245,652
CUSR0000SAN,regime-changey,adaptive+forget,3.680122,0.003623,0.009044,544
CUSR0000SAS,regime-changey,adaptive+forget,5.252051,0.000752,0.012353,544
CUSR0000SAS4,regime-changey,adaptive+forget,4.141299,0.002338,0.015441,544
CUSR0000SEFV,regime-changey,adaptive+forget,5.293303,0.000678,0.008966,580
CUSR0000SEHF01,stationary,adaptive+forget,3.564840,0.003882,0.012500,592
CUSR0000SAT1,regime-changey,adaptive+forget,3.297426,0.005669,0.007167,653
CUSR0000SETA01,stationary,adaptive+forget,4.553498,0.001641,0.014664,581
CUSR0000SEAE,stationary,adaptive+forget,3.757848,0.003207,0.007975,652
CUSR0000SETA02,stationary,adaptive+forget,3.501143,0.004498,0.012599,581
CUSR0000SEHF,stationary,adaptive+forget,3.426385,0.004719,0.007975,652
CUUR0000SA0L2,stationary,adaptive+forget,4.415615,0.001979,0.011467,750
CUUR0000SA0L5,stationary,adaptive+forget,4.404426,0.001741,0.010602,532
CUUR0000SACE,stationary,adaptive+forget,1.719126,0.024945,0.010226,532
CUUR0000SAC,stationary,adaptive+forget,3.832543,0.003118,0.007325,628
CUUR0000SAA1,stationary,adaptive+forget,3.454632,0.004601,0.012711,653
CUUR0000SA311,stationary,adaptive+forget,3.458846,0.004337,0.013507,653
CUUR0000SAA2,stationary,adaptive+forget,3.035459,0.006518,0.014242,653
CUUR0000SACL1E,stationary,adaptive+forget,4.468504,0.001627,0.017293,532
CUUR0000SACL1,stationary,adaptive+forget,3.482642,0.004535,0.005628,629
CUUR0000SA0R,regime-changey,adaptive+forget,4.894424,0.001854,0.009400,1000
CUUR0000SAD,stationary,adaptive+forget,4.276545,0.002085,0.011465,628
CUUR0000SAF11,stationary,adaptive+forget,3.820143,0.003115,0.008650,652
CUUR0000SAG1,stationary,adaptive+forget,4.655556,0.001362,0.009219,653
CUUR0000SAF114,stationary,adaptive+forget,3.372686,0.004783,0.014049,652
CUUR0000SAH1,regime-changey,adaptive+forget,4.706634,0.001403,0.009811,581
CUUR0000SAF113,regime-changey,adaptive+forget,2.707524,0.009540,0.009095,796
CUUR0000SAH2,stationary,adaptive+forget,3.232648,0.005578,0.010843,581
CUUR0000SAM2,stationary,adaptive+forget,4.518818,0.001510,0.017134,628
CUUR0000SAN,stationary,adaptive+forget,3.560321,0.004147,0.006868,629
CUUR0000SAS,stationary,adaptive+forget,4.682375,0.001261,0.015287,628
CUUR0000SANL1,regime-changey,adaptive+forget,2.982234,0.007420,0.010938,629
CUUR0000SANL13,regime-changey,adaptive+forget,2.858180,0.008805,0.013164,629
CUUR0000SASLE,stationary,adaptive+forget,4.919320,0.001023,0.013459,532
CUUR0000SAS4,regime-changey,adaptive+forget,3.914362,0.002844,0.008535,628
CUUR0000SAT1,stationary,adaptive+forget,3.257605,0.006057,0.011714,700
CUUR0000SEAE,stationary,adaptive+forget,3.506018,0.004171,0.007423,652
CUUR0000SEFV,regime-changey,adaptive+forget,5.269461,0.000707,0.008621,580
CUUR0000SEFJ,stationary,adaptive+forget,3.839783,0.003579,0.007236,796
CUUR0000SEHA,stationary,adaptive+forget,5.413319,0.000800,0.022062,776
CUUR0000SEFR,regime-changey,adaptive+forget,3.634699,0.004924,0.010302,796
CUUR0000SEHF,regime-changey,adaptive+forget,3.589046,0.005513,0.012299,748
CUUR0000SEHF01,regime-changey,adaptive+forget,3.655022,0.005737,0.011873,758
CUUR0000SETA02,stationary,adaptive+forget,3.367561,0.005123,0.012153,576
CUUR0000SETA01,stationary,adaptive+forget,4.148945,0.002347,0.025743,606
CUUR0000SETB,regime-changey,adaptive+forget,1.863282,0.022966,0.013023,645
CUURA101SAA,stationary,adaptive+forget,2.538803,0.010804,0.011753,582
CUURA101SAF11,stationary,adaptive+forget,3.482086,0.004091,0.005517,580
CUUR0000SETG,regime-changey,adaptive+forget,3.075677,0.008386,0.012571,700
CUURA101SAH1,regime-changey,adaptive+forget,3.913450,0.003095,0.007401,581
CUURA101SAH2,stationary,adaptive+forget,2.396997,0.012930,0.011348,564
CUURA101SA0,stationary,adaptive+forget,4.412013,0.001991,0.010076,794
CUURA101SAF1,stationary,adaptive+forget,3.907610,0.003097,0.010314,795
CUURA101SAM,stationary,adaptive+forget,3.939860,0.002737,0.022515,652
CUURA101SAT,stationary,adaptive+forget,3.284708,0.005696,0.008729,653
CUURA101SEHA,regime-changey,adaptive+forget,4.437887,0.001724,0.012416,567
CUURA101SEFV,stationary,adaptive+forget,4.263483,0.002031,0.014364,582
CUURA101SAT1,stationary,adaptive+forget,3.239220,0.005999,0.013629,653
CUURA102SA0,regime-changey,adaptive+forget,4.141057,0.002843,0.009502,623
CUURA102SAF1,stationary,adaptive+forget,3.569402,0.004204,0.009695,623
CUURA101SEHF,regime-changey,adaptive+forget,2.845129,0.012232,0.014446,731
CUURA102SAF11,stationary,adaptive+forget,3.209308,0.005530,0.008778,581
CUURA102SEHA,stationary,adaptive+forget,4.123097,0.002549,0.014336,565
CUURA102SAH1,stationary,adaptive+forget,3.516906,0.004367,0.012096,582
CUURA103SAF1,stationary,adaptive+forget,3.524549,0.004783,0.008317,505
CUURA103SAF11,stationary,adaptive+forget,3.152807,0.005809,0.005680,581
CUURA102SEHF,regime-changey,adaptive+forget,3.019771,0.011254,0.025335,731
CUURA207SAA,stationary,adaptive+forget,2.243263,0.014584,0.015808,582
CUURA103SEHF,regime-changey,adaptive+forget,2.646637,0.016226,0.025609,731
CUURA207SAH1,regime-changey,adaptive+forget,3.833815,0.003622,0.012624,583
CUURA207SAF11,stationary,adaptive+forget,3.185895,0.005482,0.010534,581
CUURA207SA0,stationary,adaptive+forget,4.161610,0.002664,0.008413,794
CUURA207SAH2,stationary,adaptive+forget,1.968592,0.019191,0.010993,564
CUURA207SAF1,stationary,adaptive+forget,3.554581,0.004082,0.010277,794
CUURA207SAM,stationary,adaptive+forget,3.764418,0.003506,0.021720,651
CUURA207SAT,regime-changey,adaptive+forget,2.915520,0.008146,0.007289,653
CUURA207SEHA,regime-changey,adaptive+forget,4.277894,0.002025,0.008703,563
CUURA207SEFV,stationary,adaptive+forget,4.162541,0.002746,0.024467,582
CUURA207SAT1,regime-changey,adaptive+forget,2.808448,0.008716,0.008423,653
CUURA208SA0,regime-changey,adaptive+forget,3.892821,0.003912,0.008689,557
CUURA208SAF1,stationary,adaptive+forget,3.500505,0.004561,0.013932,557
CUURA207SEHF,regime-changey,adaptive+forget,2.379949,0.020602,0.017127,731
CUURA208SAF11,stationary,adaptive+forget,3.249998,0.005210,0.008778,581
CUURA208SAH1,regime-changey,adaptive+forget,3.246515,0.006116,0.010698,516
CUURA208SEHA,stationary,adaptive+forget,3.863501,0.003095,0.009381,565
CUURA318SAF1,stationary,adaptive+forget,3.576969,0.004652,0.011287,505
CUURA210SEHF,regime-changey,adaptive+forget,2.856468,0.015242,0.032828,647
CUURA318SAF11,stationary,adaptive+forget,3.126979,0.005981,0.008812,581
CUURA208SEHF,regime-changey,adaptive+forget,2.833013,0.016246,0.027572,729
CUURA319SEHF,regime-changey,adaptive+forget,2.366878,0.017717,0.023676,544
CUURA318SEHF,stationary,adaptive+forget,1.957561,0.026097,0.018612,634
CUURA421SA0,stationary,adaptive+forget,4.201753,0.002535,0.011111,693
CUURA421SAM,stationary,adaptive+forget,3.743268,0.003290,0.024501,551
CUURA421SAF1,stationary,adaptive+forget,3.812250,0.003365,0.012843,693
CUURA421SAT,regime-changey,adaptive+forget,2.916819,0.007724,0.009619,551
CUURA421SAT1,regime-changey,adaptive+forget,2.888811,0.008099,0.006025,551
CUURA422SAF1,stationary,adaptive+forget,3.537031,0.004560,0.012127,569
CUURA421SEHF,regime-changey,adaptive+forget,2.875045,0.016655,0.024575,647
CUURA422SAF11,stationary,adaptive+forget,3.119577,0.005954,0.009310,580
CWSR0000SA0E,stationary,adaptive+forget,2.329363,0.013887,0.012420,533
CWSR0000SA0,stationary,adaptive+forget,4.505599,0.001507,0.003129,652
CWSR0000SA0L1E,regime-changey,adaptive+forget,5.388464,0.000648,0.013321,533
CUURA422SEHF,stationary,adaptive+forget,2.830763,0.021666,0.046575,730
CWSR0000SA0L1,stationary,adaptive+forget,4.430141,0.001717,0.009740,653
CWSR0000SA0L5,stationary,adaptive+forget,4.480087,0.001634,0.006942,533
CWSR0000SA0LE,stationary,adaptive+forget,5.462059,0.000598,0.015084,533
CWSR0000SA0L2,stationary,adaptive+forget,4.267107,0.002004,0.007504,653
CWSR0000SAA,stationary,adaptive+forget,4.050632,0.002560,0.008729,653
CWSR0000SAA1,regime-changey,adaptive+forget,3.796843,0.003328,0.007810,653
CWSR0000SAC,stationary,adaptive+forget,3.842608,0.003124,0.007706,545
CWSR0000SAA2,stationary,adaptive+forget,3.375390,0.004635,0.009035,653
CWSR0000SACE,stationary,adaptive+forget,1.783902,0.023825,0.010807,533
CWSR0000SACL1,regime-changey,adaptive+forget,3.472176,0.004682,0.011376,545
CWSR0000SACL1E,regime-changey,adaptive+forget,4.778129,0.001331,0.016060,533
CWSR0000SAD,regime-changey,adaptive+forget,4.618672,0.001617,0.009908,545
CWSR0000SAH1,regime-changey,adaptive+forget,5.122595,0.001037,0.008778,581
CWSR0000SAF11,stationary,adaptive+forget,4.168649,0.002118,0.004553,593
CWSR0000SAF1,regime-changey,adaptive+forget,4.431379,0.001774,0.011975,653
CWSR0000SAH2,stationary,adaptive+forget,3.622439,0.003928,0.011566,581
CWSR0000SAF113,regime-changey,adaptive+forget,2.897397,0.008043,0.009954,653
CWSR0000SAM2,stationary,adaptive+forget,4.949372,0.001010,0.009725,545
CWSR0000SAF114,regime-changey,adaptive+forget,3.672188,0.003854,0.008208,653
CWSR0000SAM,stationary,adaptive+forget,4.940660,0.001003,0.010046,653
CWSR0000SAS,regime-changey,adaptive+forget,5.230921,0.000786,0.009908,545
CWSR0000SAN,regime-changey,adaptive+forget,3.627927,0.004060,0.010826,545
CWSR0000SAS4,regime-changey,adaptive+forget,4.324133,0.002056,0.009358,545
CWSR0000SEFV,regime-changey,adaptive+forget,5.253299,0.000704,0.012565,581
CWSR0000SAT,regime-changey,adaptive+forget,3.259545,0.005904,0.004747,653
CWSR0000SEAE,stationary,adaptive+forget,3.735461,0.003248,0.007810,653
CWSR0000SAT1,regime-changey,adaptive+forget,3.224189,0.006155,0.007289,653
CWSR0000SEHF,stationary,adaptive+forget,3.405043,0.004732,0.011577,653
CWSR0000SETA01,stationary,adaptive+forget,4.521680,0.001673,0.008454,582
CWSR0000SETA02,stationary,adaptive+forget,3.490967,0.004530,0.009691,582
CWUR0000SA0E,stationary,adaptive+forget,2.166628,0.015950,0.008668,533
CWUR0000SA0L1E,stationary,adaptive+forget,4.964362,0.000990,0.010977,532
CWUR0000SA0L5,stationary,adaptive+forget,4.322588,0.001989,0.008647,532
CWUR0000SA0LE,stationary,adaptive+forget,5.060402,0.000912,0.010957,533
CWUR0000SA0L1,stationary,adaptive+forget,4.472138,0.001912,0.009987,751
CWUR0000SA0L2,stationary,adaptive+forget,4.332941,0.002214,0.009960,751
CWUR0000SA0,stationary,adaptive+forget,4.923792,0.001964,0.016200,1000
CWUR0000SAA1,stationary,adaptive+forget,3.463892,0.004559,0.010567,653
CWUR0000SAA2,stationary,adaptive+forget,3.030434,0.006570,0.009433,653
CWUR0000SAA,regime-changey,adaptive+forget,3.322753,0.005590,0.012327,795
CWUR0000SACE,stationary,adaptive+forget,1.681728,0.025954,0.009043,533
CWUR0000SAC,regime-changey,adaptive+forget,3.783717,0.003422,0.006486,629
CWUR0000SACL1,regime-changey,adaptive+forget,3.382590,0.005085,0.012210,629
CWUR0000SACL1E,stationary,adaptive+forget,4.405164,0.001723,0.022326,533
CWUR0000SA0R,stationary,adaptive+forget,4.759350,0.001984,0.011000,1000
CWUR0000SAD,regime-changey,adaptive+forget,4.335098,0.002045,0.009030,629
CWUR0000SAF11,stationary,adaptive+forget,3.866901,0.003056,0.013936,653
CWUR0000SAH1,regime-changey,adaptive+forget,4.837079,0.001324,0.009278,582
CWUR0000SAF114,stationary,adaptive+forget,3.342158,0.004892,0.010138,653
CWUR0000SAG1,stationary,adaptive+forget,4.621593,0.001384,0.007106,653
CWUR0000SAH2,stationary,adaptive+forget,3.175893,0.005975,0.006804,582
CWUR0000SAF113,regime-changey,adaptive+forget,2.671914,0.009763,0.008833,797
CWUR0000SAF1,regime-changey,adaptive+forget,4.207339,0.003109,0.009200,1000
CWUR0000SAM,stationary,adaptive+forget,4.607420,0.001349,0.019829,701
CWUR0000SAM2,stationary,adaptive+forget,4.491858,0.001537,0.016242,628
CWUR0000SAN,regime-changey,adaptive+forget,3.522521,0.004514,0.006200,629
CWUR0000SAS,stationary,adaptive+forget,4.724106,0.001228,0.017933,629
CWUR0000SANL1,regime-changey,adaptive+forget,2.893418,0.008340,0.011860,629
CWUR0000SANL13,regime-changey,adaptive+forget,2.726718,0.010003,0.010938,629
CWUR0000SAS4,regime-changey,adaptive+forget,4.024266,0.002552,0.008076,629
CWUR0000SASLE,regime-changey,adaptive+forget,5.043386,0.000933,0.007955,533
CWUR0000SAT,regime-changey,adaptive+forget,3.228197,0.006300,0.009815,701
CWUR0000SAT1,regime-changey,adaptive+forget,3.197736,0.006542,0.010984,701
CWUR0000SEFV,regime-changey,adaptive+forget,5.244754,0.000724,0.010843,581
CWUR0000SEAE,stationary,adaptive+forget,3.513445,0.004156,0.008025,653
CWUR0000SEFJ,stationary,adaptive+forget,3.884892,0.003591,0.005646,797
CWUR0000SEHA,stationary,adaptive+forget,5.527436,0.000738,0.015933,777
CWUR0000SEFR,regime-changey,adaptive+forget,3.647652,0.004881,0.009737,797
CWUR0000SEHF,regime-changey,adaptive+forget,3.314665,0.007041,0.014766,749
CWUR0000SETA01,stationary,adaptive+forget,4.188662,0.002371,0.025865,607
CWUR0000SETA02,stationary,adaptive+forget,3.370252,0.005117,0.012305,577
CWUR0000SETB,regime-changey,adaptive+forget,1.853536,0.023076,0.013313,646
CWUR0000SETG,regime-changey,adaptive+forget,3.129135,0.007740,0.011840,701
D10WAOAL,stationary,adaptive+forget,0.772604,0.069291,0.049182,599
D10WLAD,regime-changey,adaptive+forget,0.864055,0.071735,0.010851,599
D10WLDACI,regime-changey,adaptive+forget,0.557606,7.064402,0.097229,599
D10WLFRNOL,stationary,adaptive+forget,4.113909,0.002302,0.019533,599
D10WACL,stationary,adaptive+forget,4.027341,0.006854,0.020215,930
D10WATAL,stationary,adaptive+forget,2.155825,0.015982,0.009462,930
D10WAISAL,stationary,adaptive+forget,-9.125957,1290.604251,0.008602,930
D10WLDEP,regime-changey,adaptive+forget,1.165404,0.045395,0.006667,930
D10WLNOLNHL,stationary,adaptive+forget,2.010958,0.018328,0.015793,599
D10WLODL,regime-changey,adaptive+forget,0.953838,0.055333,0.009549,599
D10WLNNBH,stationary,adaptive+forget,3.551245,0.003877,0.009462,930
D10WLINT,stationary,adaptive+forget,-4.261156,6.495086,0.015684,810
D10WSHOL,regime-changey,adaptive+forget,3.444806,0.007702,0.039866,599
D10WPCL,stationary,adaptive+forget,2.339320,4.878628,0.117596,599
D10WSHOTSL,regime-changey,adaptive+forget,4.359069,0.005872,0.076561,599
D10WLRRA,stationary,adaptive+forget,1.016862,0.054546,0.010108,930
D10WLTOTL,stationary,adaptive+forget,2.148717,0.016110,0.009462,930
D10WUPSHO,regime-changey,adaptive+forget,3.314148,0.008220,0.055192,599
D10WSRLL,stationary,adaptive+forget,3.221958,0.008509,0.060215,930
D10WUDSHO,regime-changey,adaptive+forget,0.481156,1.405020,0.036561,599
D11WAOAL,stationary,adaptive+forget,0.566854,0.075284,0.043205,599
D10WTLAC,stationary,adaptive+forget,2.155825,0.015982,0.009462,930
D11WACL,stationary,adaptive+forget,3.083305,0.008552,0.012258,930
D11WLAD,regime-changey,adaptive+forget,1.004339,0.064085,0.010518,599
D11WLDACI,stationary,adaptive+forget,0.868961,10.771467,0.104240,599
D11WATAL,stationary,adaptive+forget,2.365027,0.012547,0.010753,930
D11WLFRNOL,stationary,adaptive+forget,4.341199,0.001934,0.014858,599
D11WAISAL,regime-changey,adaptive+forget,-9.902249,2914.049205,0.009462,930
D11WLNOLNHL,stationary,adaptive+forget,2.230460,0.014286,0.010818,599
D11WLODL,regime-changey,adaptive+forget,1.084984,0.051780,0.008514,599
D11WLDEP,stationary,adaptive+forget,1.152149,0.046864,0.006882,930
D11WLNNBH,regime-changey,adaptive+forget,3.830979,0.003313,0.009462,930
D11WPCL,stationary,adaptive+forget,2.031962,7.582655,0.111920,599
D11WLINT,regime-changey,adaptive+forget,-5.063268,14.138196,0.017460,810
D11WSHOL,regime-changey,adaptive+forget,3.463421,0.005972,0.027212,599
D11WLRRA,stationary,adaptive+forget,1.043814,0.053212,0.011398,930
D11WLTOTL,stationary,adaptive+forget,2.359543,0.012621,0.010323,930
D11WSRLL,stationary,adaptive+forget,3.510242,0.005923,0.043441,930
D11WTLAC,stationary,adaptive+forget,2.365027,0.012547,0.010753,930
