study,series,method,step,y,mean,q10,q20,q30,q40,q50,q60,q70,q80,q90,raw_logpdf,reconstruction_multiplier
distill:fred-econ,BAMLH0A0HYM2,Laplace-q-fixed-bandwidth,722,0.0035149421074445186,-0.00045435893149296845,-0.029132163161012088,-0.018134921797315219,-0.010999162722265973,-0.0055362821973200752,-0.00071679003280192429,0.0041147765179044057,0.0096208480082946059,0.016856163752917902,0.028105659124372025,3.0489486721511754,2
distill:fred-econ,BAMLH0A0HYM2,TimesFM-zero-shot,722,0.0035149421074445186,-0.00056349183432757854,-0.00042556627886369824,-0.018957898020744324,-0.012046628631651402,-0.007641973439604044,-0.0040603242814540863,0.0029739495366811752,0.0064915665425360203,0.010998588055372238,0.018289629369974136,2.9446673261103702,2
distill:fred-econ,BAMLH0A0HYM2,TimesFM-laplace-qd,722,0.0035149421074445186,-0.001745157060213387,-0.001729737501591444,-0.022204531356692314,-0.014298554509878159,-0.0090891532599925995,-0.0046855304390192032,0.0011878750519827008,0.0054464261047542095,0.010628041811287403,0.018641067668795586,2.906513564432772,2
distill:fred-econ,BAMLH0A0HYM2,Laplace-q-fixed-bandwidth,723,-0.010582109330536937,-8.6042923980894783e-07,-0.027789004977179538,-0.016950131714252109,-0.010063005621580898,-0.00484911618815239,-0.00026146638885362597,0.004337837081652772,0.009594111490394814,0.016582422016154744,0.027677441061788079,2.8611324906213205,2
distill:fred-econ,BAMLH0A0HYM2,TimesFM-zero-shot,723,-0.010582109330536937,0.0022114540915936232,0.0023996941745281219,-0.015644442290067673,-0.0088711902499198914,-0.0046601463109254837,-0.0011921226978302002,0.0056002144701778889,0.009006774052977562,0.013402162119746208,0.02048904076218605,2.8725446096498457,2
distill:fred-econ,BAMLH0A0HYM2,TimesFM-laplace-qd,723,-0.010582109330536937,0.00020881707314401865,0.00073174654971808195,-0.019657112658023834,-0.011952534317970276,-0.0069204969331622124,-0.0025952388532459736,0.0030692387372255325,0.0072678485885262489,0.012294739484786987,0.020257003605365753,3.2219454523767475,2
distill:fred-econ,BAMLH0A0HYM2,Laplace-q-fixed-bandwidth,724,0.0035398267051240939,-0.00064564613655519569,-0.027855018737285367,-0.01715179315366356,-0.010425921648696247,-0.0053587004086365292,-0.00090392237122829044,0.0035622054430132339,0.0086710223346472652,0.015498062389723137,0.026458505648289398,3.1090187250311128,2
distill:fred-econ,BAMLH0A0HYM2,TimesFM-zero-shot,724,0.0035398267051240939,-0.00082709093112498522,-0.00043576824828051031,-0.0192861407995224,-0.012418211437761784,-0.0080461269244551659,-0.0044097937643527985,0.0028409596998244524,0.0065833013504743576,0.011331980116665363,0.018830802291631699,2.8931966502082034,2
distill:fred-econ,BAMLH0A0HYM2,TimesFM-laplace-qd,724,0.0035398267051240939,-0.00043801401625387371,2.4477893020957708e-05,-0.019554425030946732,-0.01231689564883709,-0.0074141873046755791,-0.0030979134608060122,0.0023166213650256395,0.0066158361732959747,0.011819329112768173,0.019806545227766037,2.9452745592473342,2
distill:fred-econ,BAMLH0A0HYM2,Laplace-q-fixed-bandwidth,725,-0.021429391455899172,2.4664096019533307e-05,-0.026250653852305895,-0.015733661257009868,-0.0092829469449931118,-0.0044640477430229909,-0.00023165877121194059,0.0040115233736550734,0.008870535385117357,0.015422721271475183,0.026202817750206577,2.1347995473042172,2
distill:fred-econ,BAMLH0A0HYM2,TimesFM-zero-shot,725,-0.021429391455899172,-0.00031985156238079071,-0.00030905060702934861,-0.020317433401942253,-0.012980051338672638,-0.008164319209754467,-0.0041605308651924133,0.0035255991388112307,0.007507014088332653,0.01239907369017601,0.019770011305809021,1.0793614589779406,2
distill:fred-econ,BAMLH0A0HYM2,TimesFM-laplace-qd,725,-0.021429391455899172,0.00011185530456714332,6.8938650656491518e-05,-0.019401883706450462,-0.012022626586258411,-0.0069132605567574501,-0.0025328584015369415,0.0028303340077400208,0.0071561452932655811,0.012265702709555626,0.019757732748985291,0.81174764093856433,2
distill:fred-econ,BAMLH0A0HYM2,Laplace-q-fixed-bandwidth,726,0.0036036075032983561,-0.0010489310682634222,-0.027718402983792252,-0.017182010798335475,-0.010599656026146825,-0.0056517792879655984,-0.001303258690988276,0.0030563383897026959,0.0080449600857119847,0.014727394311916185,0.025519104688210968,3.1156616080465689,2
distill:fred-econ,BAMLH0A0HYM2,TimesFM-zero-shot,726,0.0036036075032983561,-0.0021719282958656549,-0.0019857268780469894,-0.022879481315612793,-0.015219371765851974,-0.0101731326431036,-0.0060838987119495869,0.0018003571312874556,0.0059424950741231441,0.010984211228787899,0.018553100526332855,2.8190520025046002,2
distill:fred-econ,BAMLH0A0HYM2,TimesFM-laplace-qd,726,0.0036036075032983561,-0.00020615987887140363,-0.00040587750845588744,-0.020924467593431473,-0.01300848089158535,-0.0075851925648748875,-0.0030447111930698156,0.0026564286090433598,0.0071267862804234028,0.012349420227110386,0.02000802755355835,2.9268529571562096,2
distill:fred-econ,BAMLH0A0HYM2,Laplace-q-fixed-bandwidth,727,-0.0036036075032983561,-2.2079288923088782e-05,-0.02578370742963491,-0.015434658386638808,-0.009120874594880219,-0.0044110005583306473,-0.00027441762911079807,0.003872690360268263,0.0086217889769501614,0.015035645873193167,0.025645807982107454,3.2053881249431999,2
distill:fred-econ,BAMLH0A0HYM2,TimesFM-zero-shot,727,-0.0036036075032983561,-0.0022134426981210709,-0.0018560526659712195,-0.023304419592022896,-0.01553904265165329,-0.010473232716321945,-0.0062239724211394787,0.001812271773815155,0.0059835081920027733,0.011165371164679527,0.01891663484275341,2.7959789258679817,2
distill:fred-econ,BAMLH0A0HYM2,TimesFM-laplace-qd,727,-0.0036036075032983561,-0.0019340933067724109,-0.0013106180122122169,-0.022668616846203804,-0.014680419117212296,-0.0093701779842376709,-0.0047906152904033661,0.00093517987988889217,0.0054688528180122375,0.010853143408894539,0.018671637400984764,2.9252188463214033,2
distill:fred-econ,BAMLH0A0HYM2,Laplace-q-fixed-bandwidth,728,-0.0072464085207673001,-0.00069479932499654851,-0.025436469544149194,-0.015317731602235048,-0.0093125817477465525,-0.0048586115625797663,-0.00094508464201697594,0.0029783069692484168,0.0074694695259367103,0.013573461041987842,0.023961321603140448,3.1458078126082292,2
distill:fred-econ,BAMLH0A0HYM2,TimesFM-zero-shot,728,-0.0072464085207673001,-0.0014324686489999294,-0.0010972250020131469,-0.021958300843834877,-0.01448023971170187,-0.0094901276752352715,-0.0053451573476195335,0.0025932099670171738,0.0067862235009670258,0.011889270506799221,0.0196873489767313,2.9266993861823751,2
distill:fred-econ,BAMLH0A0HYM2,TimesFM-laplace-qd,728,-0.0072464085207673001,-0.00063769106054678559,-0.00011309236288070679,-0.020397435873746872,-0.012970550917088985,-0.0077848825603723526,-0.003334827721118927,0.0021413522772490978,0.0066847279667854309,0.012012023478746414,0.019911695271730423,3.1267676532777671,2
distill:fred-econ,BAMLH0A0HYM2,Laplace-q-fixed-bandwidth,729,0.014440684154794381,-0.00069863774582865047,-0.024563245679611358,-0.014677936935272369,-0.0089351582115060821,-0.0046851155558261378,-0.0009465349807012077,0.0028013486239211955,0.0070867023291980328,0.012926047078776089,0.023086566544406301,2.5002164605153254,2
distill:fred-econ,BAMLH0A0HYM2,TimesFM-zero-shot,729,0.014440684154794381,-0.0024422057904303074,-0.0019122078083455563,-0.022092739120125771,-0.014924696646630764,-0.010145659558475018,-0.006197664886713028,0.001426492934115231,0.0054555973038077354,0.010430612601339817,0.018161075189709663,2.4786864123510357,2
distill:fred-econ,BAMLH0A0HYM2,TimesFM-laplace-qd,729,0.014440684154794381,-0.0016327679622918367,-0.00077776156831532717,-0.020731594413518906,-0.013527044095098972,-0.0085700014606118202,-0.0042761657387018204,0.0010746603365987539,0.0054594287648797035,0.010654829442501068,0.018631715327501297,2.4350161519222091,2
distill:fred-econ,BAMLH0A0HYM2,Laplace-q-fixed-bandwidth,730,0.007142887512380236,1.5571433707803843e-05,-0.023907895538944013,-0.014048499231084645,-0.0082710940569494466,-0.0039921092857170045,-0.0002298592881381125,0.0035417951720478312,0.0078563863347550014,0.013730082301292088,0.023858627204119,3.1049632603112753,2
distill:fred-econ,BAMLH0A0HYM2,TimesFM-zero-shot,730,0.007142887512380236,-0.00092012516688555479,-0.0005359433707781136,-0.021797139197587967,-0.014180365018546581,-0.0090935705229640007,-0.0049032182432711124,0.0031002480536699295,0.0074061979539692402,0.012590338476002216,0.020613729953765869,2.7625468772813089,2
distill:fred-econ,BAMLH0A0HYM2,TimesFM-laplace-qd,730,0.007142887512380236,-0.0012090930249541998,-0.00044701260048896074,-0.021324168890714645,-0.013679364696145058,-0.0084428088739514351,-0.0039947456680238247,0.0016094534657895565,0.0062108547426760197,0.011567515321075916,0.019680613651871681,2.802858045418072,2
distill:fred-econ,BAMLH0A0HYM2,Laplace-q-fixed-bandwidth,731,-0.007142887512380236,-0.00038001532525687865,-0.023542651823300696,-0.013902604220871244,-0.0083493480966747823,-0.0042401961300754486,-0.0006229591725579823,0.0030032076560505341,0.0071463254708877856,0.012793462439994244,0.022707064798657937,3.1859082581996789,2
distill:fred-econ,BAMLH0A0HYM2,TimesFM-zero-shot,731,-0.007142887512380236,-0.0013442500494420528,-0.0016958130290731788,-0.023069389164447784,-0.014836488291621208,-0.0095830047503113747,-0.0053249197080731392,0.0026055881753563881,0.0067405835725367069,0.011576559394598007,0.018887737765908241,2.8822229840807547,2
distill:fred-econ,BAMLH0A0HYM2,TimesFM-laplace-qd,731,-0.007142887512380236,-0.0014024425763636827,-0.0018226153915748,-0.022711215540766716,-0.014265329577028751,-0.0088400691747665405,-0.0043002390302717686,0.0014439735095947981,0.0058943070471286774,0.010995791293680668,0.018515236675739288,2.9948687553068183,2
distill:fred-econ,BAMLH0A0HYM2,Laplace-q-fixed-bandwidth,732,0.010695289116747997,-0.00051684892748039195,-0.022837097397843755,-0.013457143258072155,-0.0081504923795556565,-0.0042217764921072759,-0.0007572257127961429,0.0027157338432623173,0.0066765508965805831,0.01207381221395362,0.021732420391931382,2.8230594008356968,2
distill:fred-econ,BAMLH0A0HYM2,TimesFM-zero-shot,732,0.010695289116747997,-0.001473300508223474,-0.0011554828379303217,-0.021935993805527687,-0.014386575669050217,-0.0094367042183876038,-0.0053528710268437862,0.0024785879068076611,0.0066651073284447193,0.011719781905412674,0.019502021372318268,2.6924947738140617,2
distill:fred-econ,BAMLH0A0HYM2,TimesFM-laplace-qd,732,0.010695289116747997,-0.0015430059283971786,-0.00095442438032478094,-0.021362653002142906,-0.013791437260806561,-0.0086709670722484589,-0.0042718942277133465,0.001249267254024744,0.0057449415326118469,0.011063511483371258,0.019044419750571251,2.6570185788727958,2
distill:fred-econ,BAMLH0A0HYM2,Laplace-q-fixed-bandwidth,733,0,0.00024209568579912466,-0.021793191038948452,-0.012525352157468975,-0.0072909908481375608,-0.0034147838559922305,4.3349004262480208e-06,0.0034317293857032772,0.0073395359394327186,0.012663259410648848,0.022207652457357542,3.4316332977467141,2
distill:fred-econ,BAMLH0A0HYM2,TimesFM-zero-shot,733,0,-0.00083200365770608187,-0.0010004790965467691,-0.022044291719794273,-0.014097464270889759,-0.0090229259803891182,-0.0047821532934904099,0.00312016811221838,0.0071557066403329372,0.012056230567395687,0.019258059561252594,2.8304060090197001,2
distill:fred-econ,BAMLH0A0HYM2,TimesFM-laplace-qd,733,0,-0.00098816805984824896,-0.0010520616779103875,-0.021363396197557449,-0.013424437493085861,-0.0082208840176463127,-0.0037572993896901608,0.0017921744147315621,0.0061419014818966389,0.011348127387464046,0.018760243430733681,2.9617094584334778,2
distill:fred-econ,BAMLH0A0HYM2,Laplace-q-fixed-bandwidth,734,-0.021506205220963803,-0.0002669276853184086,-0.021150582361993804,-0.012273799691607381,-0.0073713438615426105,-0.0037271813222574226,-0.00050201478747024467,0.0027307259480794073,0.0064038850027210107,0.011390206894219119,0.020550828497025997,1.956433258446785,2
distill:fred-econ,BAMLH0A0HYM2,TimesFM-zero-shot,734,-0.021506205220963803,-0.00083744234871119261,-0.00083592196460813284,-0.021387962624430656,-0.013604212552309036,-0.0086796246469020844,-0.0046081114560365677,0.0029876662883907557,0.0070059201680123806,0.01184660941362381,0.019173592329025269,1.2286078551701489,2
distill:fred-econ,BAMLH0A0HYM2,TimesFM-laplace-qd,734,-0.021506205220963803,-0.00077832111855968833,-0.00069606938632205129,-0.020274845883250237,-0.012532461434602737,-0.0075782975181937218,-0.0033510765060782433,0.0018321857787668705,0.0060612745583057404,0.011019885540008545,0.018335932865738869,0.9323796253770108,2
distill:fred-econ,BAMLH0A0HYM2,Laplace-q-fixed-bandwidth,735,0.014388737452099676,-0.0006856986726519451,-0.022469114710147772,-0.013312542477444681,-0.0081353454420260464,-0.0043014085535823298,-0.00091982504446532463,0.0024699404462019854,0.0063351134672150035,0.0116005459049522,0.021029285369707655,2.4666987930384403,2
distill:fred-econ,BAMLH0A0HYM2,TimesFM-zero-shot,735,0.014388737452099676,-0.0013546753907576203,-0.0013888231478631496,-0.021721204742789268,-0.014059100300073624,-0.0091178379952907562,-0.0051044533029198647,0.0025443336926400661,0.0066083190031349659,0.011476697400212288,0.018880855292081833,2.5656740049656577,2
distill:fred-econ,BAMLH0A0HYM2,TimesFM-laplace-qd,735,0.014388737452099676,-0.00026938831433653831,9.976094588637352e-06,-0.020258480682969093,-0.01248239167034626,-0.007360885851085186,-0.0029822371434420347,0.0025128147099167109,0.0069362064823508263,0.012117663398385048,0.019819078966975212,2.5474734011518088,2
distill:fred-econ,BAMLH0A0HYM2,Laplace-q-fixed-bandwidth,736,0.010657294473988221,0.00052861233012398265,-0.021454750969149734,-0.012269222183351063,-0.007016774815583676,-0.0031287470582462337,0.00029671162444972686,0.0037305404722782608,0.0076504544499216105,0.012991831785808875,0.022442319324681929,2.9194840341879358,2
distill:fred-econ,BAMLH0A0HYM2,TimesFM-zero-shot,736,0.010657294473988221,0.00016007415251806378,0.00046149210538715124,-0.020182389765977859,-0.012636304832994938,-0.0077554960735142231,-0.0036944341845810413,0.0040332833305001259,0.0081617468968033791,0.013091073371469975,0.020618652924895287,2.7583314082307417,2
distill:fred-econ,BAMLH0A0HYM2,TimesFM-laplace-qd,736,0.010657294473988221,-6.9997215177863836e-05,0.00052297336515039206,-0.019287843257188797,-0.011862407438457012,-0.0069522373378276825,-0.00271944934502244,0.0025776010006666183,0.006923263892531395,0.011966796591877937,0.019421203061938286,2.7559966328116872,2
distill:fred-econ,BAMLH0A0HYM2,Laplace-q-fixed-bandwidth,737,0.010544913176614878,-0.00012391424665406537,-0.021731775647603244,-0.012680654419281432,-0.0075294531702609583,-0.003715367168192082,-0.00035330122330486921,0.0030169371318232779,0.0068621816250580264,0.012100763271884737,0.021416107609407604,2.8733122529148245,2
distill:fred-econ,BAMLH0A0HYM2,TimesFM-zero-shot,737,0.010544913176614878,4.6773464418947697e-05,-1.826032530516386e-06,-0.021103810518980026,-0.01324746198952198,-0.0081197349354624748,-0.0039206072688102722,0.0040733404457569122,0.0083176242187619209,0.013379776850342751,0.020991653203964233,2.744784799476875,2
distill:fred-econ,BAMLH0A0HYM2,TimesFM-laplace-qd,737,0.010544913176614878,-0.00065890903351828456,-0.00075990473851561546,-0.019763503223657608,-0.012347129173576832,-0.0074212774634361267,-0.0032066304702311754,0.0019407931249588728,0.0061873747035861015,0.011047923006117344,0.018205657601356506,2.7606818311828993,2
distill:fred-econ,BAMLH0A0HYM2,Laplace-q-fixed-bandwidth,738,-0.0212022076506031,0.00019802647949165267,-0.021116128260775156,-0.012177453637021184,-0.0071020931755903629,-0.0033432527711042825,-2.8875373135472041e-05,0.0032935325900700354,0.0070830017463124079,0.012244486061177472,0.02144566591271093,1.970367638944041,2
distill:fred-econ,BAMLH0A0HYM2,TimesFM-zero-shot,738,-0.0212022076506031,0.0008756865281611681,0.00079073023516684771,-0.020046431571245193,-0.012235184200108051,-0.0071647451259195805,-0.0029818303883075714,0.0047729737125337124,0.0088584348559379578,0.013715464621782303,0.020947778597474098,1.0009395750925449,2
distill:fred-econ,BAMLH0A0HYM2,TimesFM-laplace-qd,738,-0.0212022076506031,0.00092026346828788519,0.00055964174680411816,-0.017480039969086647,-0.010233266279101372,-0.0054647107608616352,-0.0013780791778117418,0.0032267717178910971,0.0071877404116094112,0.011661254800856113,0.018210433423519135,0.27301825502559063,2
distill:fred-econ,BAMLH0A0HYM2,Laplace-q-fixed-bandwidth,739,-0.0071684894786125941,-0.00055500163459916028,-0.022685632189811827,-0.013548591502027411,-0.0082124377302894291,-0.0042588815174339038,-0.00078090816475142504,0.002705677864382602,0.0066918679132686445,0.012116709030865501,0.021504098651323474,3.219035547151667,2
distill:fred-econ,BAMLH0A0HYM2,TimesFM-zero-shot,739,-0.0071684894786125941,-0.00026409534621052444,-0.00011666282080113888,-0.021755203604698181,-0.013872450217604637,-0.0086331302300095558,-0.0043124807998538017,0.0038544978015124798,0.0082320570945739746,0.013488390482962132,0.0212545245885849,2.9504238911865039,2
distill:fred-econ,BAMLH0A0HYM2,TimesFM-laplace-qd,739,-0.0071684894786125941,-3.2439420465379953e-05,0.00034885911736637354,-0.019203511998057365,-0.011833023279905319,-0.0068461117334663868,-0.0025677364319562912,0.0025665387511253357,0.00689287343993783,0.011941408738493919,0.019221335649490356,3.2038345165615256,2
distill:fred-econ,BAMLH0A0HYM2,Laplace-q-fixed-bandwidth,740,-0.014493007302566641,0.00022430488860984579,-0.02114227420285749,-0.012228365627098725,-0.0071175949878937769,-0.0033332161694934843,6.9515845876855471e-07,0.0033427437763362822,0.0071580984479343839,0.012355003599528652,0.021523969170972442,2.5545421081673547,2
distill:fred-econ,BAMLH0A0HYM2,TimesFM-zero-shot,740,-0.014493007302566641,-0.0010483184596523643,-0.0011266020592302084,-0.023528564721345901,-0.015354800038039684,-0.0098120700567960739,-0.0052763991989195347,0.0032421699725091457,0.0077566858381032944,0.013124469667673111,0.02102893590927124,3.0690352309557385,2
distill:fred-econ,BAMLH0A0HYM2,TimesFM-laplace-qd,740,-0.014493007302566641,-0.0010770519729703665,-0.0010605176212266088,-0.020795494318008423,-0.013325189240276814,-0.0080911386758089066,-0.0036554394755512476,0.0015021085273474455,0.0058821286074817181,0.01091343816369772,0.018046610057353973,2.8798699401698746,2
distill:fred-econ,BAMLH0A0HYM2,Laplace-q-fixed-bandwidth,741,0,-0.0005461533774824128,-0.022029510299292406,-0.013116542755559506,-0.0079553762222527805,-0.0041326772810086482,-0.00076757504458218511,0.0026057975092947314,0.0064599039176613509,0.011707363438740046,0.020869206910221802,3.4437694234855227,2
distill:fred-econ,BAMLH0A0HYM2,TimesFM-zero-shot,741,0,-0.00089158822083845735,-0.00071505567757412791,-0.023170206695795059,-0.015087217092514038,-0.0096372058615088463,-0.0051087392494082451,0.0034075756557285786,0.0079645579680800438,0.013438446447253227,0.021480835974216461,2.7375887926016143,2
distill:fred-econ,BAMLH0A0HYM2,TimesFM-laplace-qd,741,0,-0.00068868347443640232,-0.0005057948874309659,-0.019940948113799095,-0.012639978900551796,-0.0075703877955675125,-0.0031918692402541637,0.0018243143567815423,0.006208016537129879,0.011285745538771152,0.018443562090396881,3.0058572320218717,2
distill:fred-econ,BAMLH0A0HYM2,Laplace-q-fixed-bandwidth,742,-0.0073260400920729385,-0.00021668969592222647,-0.019328298966724486,-0.010752541460740093,-0.0058787607667479926,-0.0021129142308115288,-2.540032924258422e-05,0.0011436174705461702,0.0049327148631110908,0.0098827779215048539,0.018725141290495809,3.1252940768144604,2
distill:fred-econ,BAMLH0A0HYM2,TimesFM-zero-shot,742,-0.0073260400920729385,-0.00042060506530106068,-0.00025400693994015455,-0.021859724074602127,-0.014116971753537655,-0.0088915303349494934,-0.00451663788408041,0.0037015504203736782,0.0080653801560401917,0.013336312025785446,0.021200884133577347,2.9420818241277789,2
distill:fred-econ,BAMLH0A0HYM2,TimesFM-laplace-qd,742,-0.0073260400920729385,0.00025757268304005265,0.00042580027366057038,-0.018808940425515175,-0.011647706851363182,-0.0066293152049183846,-0.0022609063889831305,0.00277279457077384,0.0070755369961261749,0.012094656005501747,0.019287887960672379,3.2192619404335936,2
distill:fred-econ,BAMLH0A0HYM2,Laplace-q-fixed-bandwidth,743,-0.0036832454162963879,-0.00079372312670256736,-0.019374678158397947,-0.011065722753235674,-0.0063875447101447436,-0.002772124093624562,-6.8760742254097797e-05,0.00053013628096198204,0.0041679387365176554,0.0089193857310001148,0.017495248312425861,3.614158801746572,2
distill:fred-econ,BAMLH0A0HYM2,TimesFM-zero-shot,743,-0.0036832454162963879,-0.0012093764962628484,-0.00096261035650968552,-0.021760297939181328,-0.014224129728972912,-0.009240228682756424,-0.0050777127034962177,0.0026998019311577082,0.0068780165165662766,0.011901977472007275,0.019432274624705315,2.8200189972852296,2
distill:fred-econ,BAMLH0A0HYM2,TimesFM-laplace-qd,743,-0.0036832454162963879,-0.0008646206115372479,-0.00044172679190523922,-0.019145073369145393,-0.012193815782666206,-0.007436573039740324,-0.0032943664118647575,0.0015293483156710863,0.0056669390760362148,0.010452504269778728,0.017428021878004074,3.0646265457697259,2
distill:fred-econ,BAMLH0A0HYM2,Laplace-q-fixed-bandwidth,744,0.0036832454162963879,-0.00072692676327807564,-0.018382036978968688,-0.010485252446217678,-0.006086835093165475,-0.0026761955201729838,-6.8593428126514355e-05,0.00059961656657856691,0.0040311203036465532,0.0084977981150925076,0.0166616979040922,3.576382837567408,2
distill:fred-econ,BAMLH0A0HYM2,TimesFM-zero-shot,744,0.0036832454162963879,-0.0016328777419403195,-0.0015920689329504967,-0.021698128432035446,-0.014257858507335186,-0.0094220926985144615,-0.0054054921492934227,0.0021420521661639214,0.0061159208416938782,0.010875876992940903,0.018046963959932327,2.8690463682782603,2
distill:fred-econ,BAMLH0A0HYM2,TimesFM-laplace-qd,744,0.0036832454162963879,-0.0013883556239306927,-0.0013104792451485991,-0.01940564252436161,-0.012460371479392052,-0.0077749332413077354,-0.003726540831848979,0.00091426458675414324,0.0049129137769341469,0.0094829453155398369,0.016186092048883438,3.0401774348024899,2
distill:fred-econ,BAMLH0A0HYM2,Laplace-q-fixed-bandwidth,745,0,-0.0005859266829032581,-0.017460610704513078,-0.009931002706000943,-0.0057555920013744738,-0.0025069384048604375,-6.0223344798425674e-05,0.00075825539846175556,0.0040265796435791888,0.0082659910458807752,0.016059351029656884,3.9031945750463293,2
distill:fred-econ,BAMLH0A0HYM2,TimesFM-zero-shot,745,0,-0.0008663140470162034,-0.00073511741356924176,-0.020375251770019531,-0.013167978264391422,-0.008467208594083786,-0.0045440355315804482,0.0028423394542187452,0.0067640021443367004,0.011548157781362534,0.018846642225980759,2.8821170328384795,2
distill:fred-econ,BAMLH0A0HYM2,TimesFM-laplace-qd,745,0,-0.0011466215364634991,-0.00087133911438286304,-0.019513215869665146,-0.012503569014370441,-0.0077705299481749535,-0.0036119641736149788,0.0012920802691951394,0.0053830407559871674,0.0101311095058918,0.017199330031871796,3.0512418713726199,2
distill:fred-econ,BAMLH0A0HYM2,Laplace-q-fixed-bandwidth,746,0.0073260400920729385,-0.00078198445103067364,-0.01619585138183998,-0.0092055311385488611,-0.0052549124937341877,-0.0020922321334294722,-5.0678416799008154e-05,0.00010262615992567175,0.0029844543352842939,0.0069907826539714613,0.014233259003521433,2.8848836666367168,2
distill:fred-econ,BAMLH0A0HYM2,TimesFM-zero-shot,746,0.0073260400920729385,-0.00052975933067500591,-0.00056732090888544917,-0.019573276862502098,-0.012580564245581627,-0.0079699596390128136,-0.0041178446263074875,0.0030472604557871819,0.0068391049280762672,0.011416656896471977,0.018446393311023712,2.8787850745167018,2
distill:fred-econ,BAMLH0A0HYM2,TimesFM-laplace-qd,746,0.0073260400920729385,-0.0010296918917447329,-0.00095616979524493217,-0.01765008270740509,-0.011313943192362785,-0.0069690416567027569,-0.0031494926661252975,0.0010937764309346676,0.0048036733642220497,0.0090991593897342682,0.015503278933465481,2.9635162640249115,2
distill:fred-econ,BAMLH0A0HYM2,Laplace-q-fixed-bandwidth,747,-0.0073260400920729385,-0.00036953130632654772,-0.01547154480361034,-0.0086313487843443556,-0.0047687057914706232,-0.0016814474809694073,-2.9383517021752325e-05,0.00036723504213986391,0.0034701245600570526,0.0073873069742259791,0.014475228871326839,3.13970523330081,2
distill:fred-econ,BAMLH0A0HYM2,TimesFM-zero-shot,747,-0.0073260400920729385,-0.00044934533070772886,-0.00044427477405406535,-0.020303428173065186,-0.012979626655578613,-0.0082007758319377899,-0.0041958517394959927,0.0032884138636291027,0.007195047102868557,0.011960631236433983,0.019169602543115616,3.0763978913005663,2
distill:fred-econ,BAMLH0A0HYM2,TimesFM-laplace-qd,747,-0.0073260400920729385,-0.0010402890620753169,-0.0010733373928815126,-0.018384115770459175,-0.011698929592967033,-0.0071798092685639858,-0.0032291209790855646,0.0011421270901337266,0.0049042976461350918,0.009301457554101944,0.01579601876437664,3.280374928277114,2
distill:fred-econ,BAMLH0A0HYM2,Laplace-q-fixed-bandwidth,748,-0.0036832454162963879,-0.00096610225986379784,-0.01572859846120863,-0.0091293882301215819,-0.0053959283035577704,-0.0024104770325176017,-7.2387367606400435e-05,8.7707454089695037e-05,0.0027512886243053611,0.0065370800163514469,0.013376844921873595,3.7232507254124658,2
distill:fred-econ,BAMLH0A0HYM2,TimesFM-zero-shot,748,-0.0036832454162963879,-0.00027362018590793014,-0.00033526064362376928,-0.019223103299736977,-0.012164585292339325,-0.0075752181001007557,-0.0038118362426757812,0.0032644448801875114,0.0069755031727254391,0.011413797736167908,0.018206387758255005,2.9360013799567906,2
distill:fred-econ,BAMLH0A0HYM2,TimesFM-laplace-qd,748,-0.0036832454162963879,-0.00028147670673206449,-0.00065635994542390108,-0.017379181459546089,-0.010728449560701847,-0.0062708784826099873,-0.0024588585365563631,0.0019115308532491326,0.0055603873915970325,0.0096990112215280533,0.015957029536366463,3.1764868137481619,2
distill:fred-econ,BAMLH0A0HYM2,Laplace-q-fixed-bandwidth,749,0.014652276786870311,-0.00091448038325276195,-0.014918429702267175,-0.0087340439854955848,-0.005203217560748403,-0.0023671134711607672,-7.4260365912328483e-05,9.2083751897145449e-05,0.0027003665475816823,0.0062794615931465242,0.012690249955151837,2.1035598681983725,2
distill:fred-econ,BAMLH0A0HYM2,TimesFM-zero-shot,749,0.014652276786870311,-0.0007864828803576529,-0.00085908803157508373,-0.019758129492402077,-0.012788028456270695,-0.008200562559068203,-0.0044005592353641987,0.0028166389092803001,0.0065749911591410637,0.011177927255630493,0.018092138692736626,2.5870727230346526,2
distill:fred-econ,BAMLH0A0HYM2,TimesFM-laplace-qd,749,0.014652276786870311,-0.00095654139295220375,-0.001010161591693759,-0.016645681113004684,-0.010621593333780766,-0.0065231430344283581,-0.002954134251922369,0.0010673052165657282,0.0045723733492195606,0.0086306966841220856,0.014701918698847294,2.4259633218467114,2
distill:fred-econ,BAMLH0A0HYM2,Laplace-q-fixed-bandwidth,750,-0.0036429912785009844,-7.9522426293452062e-08,-0.014643883453601257,-0.0080717365289592891,-0.0043772097008307146,-0.0014430244507019955,-1.1431672480183816e-05,0.0010019670896174527,0.0039519111700582824,0.0076992553433448165,0.014510595765321292,3.7066994476496,2
distill:fred-econ,BAMLH0A0HYM2,TimesFM-zero-shot,750,-0.0036429912785009844,-0.00036048280890099704,-0.00024242638028226793,-0.021637331694364548,-0.014007424004375935,-0.0087869353592395782,-0.0044380021281540394,0.0037439332809299231,0.0081279752776026726,0.01345523539930582,0.021346285939216614,2.7761368599306939,2
distill:fred-econ,BAMLH0A0HYM2,TimesFM-laplace-qd,750,-0.0036429912785009844,-0.00092948239762336016,-0.00073446845635771751,-0.01853104867041111,-0.011929331347346306,-0.0072695678099989891,-0.0032595109660178423,0.0013600137317553163,0.0053966101258993149,0.010118955746293068,0.01700550876557827,3.1004505978186527,2
distill:fred-econ,BAMLH0A0HYM2,Laplace-q-fixed-bandwidth,751,0.0072727593290795589,-0.00065644878686449556,-0.014678470217751378,-0.0084885763587133449,-0.0049832956149673509,-0.0021872860791152336,-5.8529922874614302e-05,0.00028791873254782781,0.0030987701007020004,0.006653039531381826,0.013070016156619752,2.947433313813864,2
distill:fred-econ,BAMLH0A0HYM2,TimesFM-zero-shot,751,0.0072727593290795589,2.1708663552999496e-05,7.4630312155932188e-05,-0.020908178761601448,-0.013325026258826256,-0.0082403700798749924,-0.0039999177679419518,0.004038611426949501,0.0083465147763490677,0.013550356030464172,0.021131664514541626,2.7805718833282551,2
distill:fred-econ,BAMLH0A0HYM2,TimesFM-laplace-qd,751,0.0072727593290795589,-0.00047141360118985176,-0.00043417993583716452,-0.017541117966175079,-0.011030543595552444,-0.0065816706046462059,-0.0027132448740303516,0.0016511324793100357,0.0055746324360370636,0.010113053023815155,0.016579778864979744,2.9643113175009201,2
distill:fred-econ,BAMLH0A0HYM2,Laplace-q-fixed-bandwidth,752,-0.0036297680505785745,4.4043440550100549e-05,-0.013714023850246972,-0.00763055913381166,-0.0041866770901441124,-0.0014429540094645379,-9.4340671012744844e-06,0.0011176981537879538,0.0038761818682367015,0.0073682531024587324,0.013675073868475281,3.7433852383428357,2
distill:fred-econ,BAMLH0A0HYM2,TimesFM-zero-shot,752,-0.0036297680505785745,0.00098159373737871647,0.00090606790035963058,-0.018334057182073593,-0.01118837296962738,-0.0064680888317525387,-0.0026465489063411951,0.0044886521063745022,0.0083211474120616913,0.012929701246321201,0.019818432629108429,2.9615228770658395,2
distill:fred-econ,BAMLH0A0HYM2,TimesFM-laplace-qd,752,-0.0036297680505785745,0.00042680848855525255,0.0005236936267465353,-0.016292296350002289,-0.00982633326202631,-0.0054743187502026558,-0.001789359375834465,0.0024625500664114952,0.006207076832652092,0.010570735670626163,0.016867686063051224,3.2265978974576424,2
distill:fred-econ,BAMLH0A0HYM2,Laplace-q-fixed-bandwidth,753,0.010850016024065656,-0.00040149097878653138,-0.013568882749405811,-0.0078372254577913636,-0.0045596157847861019,-0.0019366032869537054,-4.2631851882198076e-05,0.0006345608861154506,0.0032715023244830194,0.0065938913729405232,0.012535415205225744,2.5517154514630986,2
distill:fred-econ,BAMLH0A0HYM2,TimesFM-zero-shot,753,0.010850016024065656,-2.9056333005428314e-05,0.00016563013195991516,-0.018231850117444992,-0.011456715874373913,-0.0070987050421535969,-0.003453739220276475,0.0033389523159712553,0.0069433907046914101,0.011374065652489662,0.018247077241539955,2.8146657372075818,2
distill:fred-econ,BAMLH0A0HYM2,TimesFM-laplace-qd,753,0.010850016024065656,1.0693445801734924e-05,0.00085067580221220851,-0.015945708379149437,-0.0097536351531744003,-0.0056735523976385593,-0.0021119252778589725,0.0020682851318269968,0.0056989784352481365,0.010035593993961811,0.016742175444960594,2.7815144724223333,2
distill:fred-econ,BAMLH0A0HYM2,Laplace-q-fixed-bandwidth,754,0.0071684894786125941,0.00050089016725272158,-0.012856179034320131,-0.0069781413141295004,-0.0036510012631931999,-0.0010053348791205954,2.259164883383841e-05,0.0016980459074932967,0.004358248561855925,0.0077319906747391875,0.013826095211370003,3.191473651368903,2
distill:fred-econ,BAMLH0A0HYM2,TimesFM-zero-shot,754,0.0071684894786125941,0.00040839420398697257,0.00065590121084824204,-0.017871417105197906,-0.011149528436362743,-0.0067647253163158894,-0.0030931630171835423,0.0039157788269221783,0.0076828096061944962,0.012226441875100136,0.019407214596867561,2.8956031996722693,2
distill:fred-econ,BAMLH0A0HYM2,TimesFM-laplace-qd,754,0.0071684894786125941,1.5750527381896973e-05,0.00047064188402146101,-0.016203576698899269,-0.0099991708993911743,-0.0058125471696257591,-0.002170173916965723,0.0021497714333236217,0.0058575039729475975,0.010171530768275261,0.01693667471408844,2.9988406056812389,2
distill:fred-econ,BAMLH0A0HYM2,Laplace-q-fixed-bandwidth,755,-0.0071684894786125941,0.00080321887384323179,-0.013101235530962121,-0.007277800849135826,-0.004075948324994633,-0.0016062107135019384,0.00061728602711841102,0.0028452175948423192,0.0053317103437336595,0.0085821706538707493,0.014624585880944233,3.2342346370274528,2
distill:fred-econ,BAMLH0A0HYM2,TimesFM-zero-shot,755,-0.0071684894786125941,0.00073280592914670706,0.00054557528346776962,-0.018351243808865547,-0.011294757947325706,-0.006699348334223032,-0.0028579668141901493,0.0042462609708309174,0.0080644041299819946,0.012641387991607189,0.019660206511616707,3.2317771735831684,2
distill:fred-econ,BAMLH0A0HYM2,TimesFM-laplace-qd,755,-0.0071684894786125941,0.00020508590387180448,0.00026339374016970396,-0.016191998496651649,-0.0098369596526026726,-0.0056242989376187325,-0.0019462720956653357,0.0023017055355012417,0.0059920703060925007,0.01029319129884243,0.016787245869636536,3.4089279037864202,2
distill:fred-econ,BAMLH0A0HYM2,Laplace-q-fixed-bandwidth,756,-0.025502292810935967,0.00012766452506744242,-0.013548908145763252,-0.0078292406906096054,-0.0046791347773776516,-0.002246701622354181,-5.5874321000130171e-05,0.0021393041891358535,0.0045881639297981457,0.0077858690895180466,0.013720530220033928,1.0855543389267437,2
distill:fred-econ,BAMLH0A0HYM2,TimesFM-zero-shot,756,-0.025502292810935967,-0.0004462404758669436,-0.00030931734363548458,-0.01866568997502327,-0.011951404623687267,-0.0074925683438777924,-0.0038578773383051157,0.0030433451756834984,0.0067869257181882858,0.011296792887151241,0.018386350944638252,-0.20183924935606634,2
distill:fred-econ,BAMLH0A0HYM2,TimesFM-laplace-qd,756,-0.025502292810935967,0.00030280018108896911,0.00054255593568086624,-0.016041604802012444,-0.0097074033692479134,-0.0054451781325042248,-0.0018478984711691737,0.0024742323439568281,0.0061648739501833916,0.010462242178618908,0.017184555530548096,-1.6993826285272382,2
distill:fred-econ,BAMLH0A0HYM2,Laplace-q-fixed-bandwidth,757,-0.018622512098001809,-0.0014494585947537125,-0.016903240530914132,-0.010322162554605465,-0.0067536042912618409,-0.0040514742452458456,-0.0016374974181784111,0.00078164323609244903,0.0035034443106811727,0.0071296945914850265,0.013946271013290001,2.1073493402106824,2
distill:fred-econ,BAMLH0A0HYM2,TimesFM-zero-shot,757,-0.018622512098001809,-0.0017648669891059399,-0.0019828381482511759,-0.022755594924092293,-0.014922100119292736,-0.0098185138776898384,-0.0056789410300552845,0.0020402786321938038,0.0061286105774343014,0.010979702696204185,0.018256489187479019,2.2979741395106168,2
distill:fred-econ,BAMLH0A0HYM2,TimesFM-laplace-qd,757,-0.018622512098001809,-9.5777009846642613e-05,-0.00028080859920009971,-0.019771099090576172,-0.012136953882873058,-0.0070645427331328392,-0.0028135476168245077,0.002520605456084013,0.0067310091108083725,0.011606931686401367,0.018814992159605026,1.6233734218518276,2
distill:fred-econ,BAMLH0A0HYM2,Laplace-q-fixed-bandwidth,758,0.018622512098001809,-0.0022071899956271389,-0.018542201280395826,-0.011577343522348885,-0.0077772881261007534,-0.0049281723600640148,-0.0023949350326586448,0.0001439493209492923,0.0030146478077966088,0.0068777717463344712,0.014077118008690584,1.7677820365558576,2
distill:fred-econ,BAMLH0A0HYM2,TimesFM-zero-shot,758,0.018622512098001809,-0.0024370672181248665,-0.0023962724953889847,-0.022723164409399033,-0.015256097540259361,-0.010313449427485466,-0.0063002286478877068,0.0012943301117047668,0.0053803250193595886,0.010256770066916943,0.017546968534588814,2.2207207738954216,2
distill:fred-econ,BAMLH0A0HYM2,TimesFM-laplace-qd,758,0.018622512098001809,0.00013772892998531461,0.00032460776856169105,-0.019473152235150337,-0.011973822489380836,-0.0069236662238836288,-0.0026624195743352175,0.0028079883195459843,0.0071123335510492325,0.012050170451402664,0.019345954060554504,2.3070257914575096,2
distill:fred-econ,BAMLH0A0HYM2,Laplace-q-fixed-bandwidth,759,-0.029964788701936418,-0.0001497607517958517,-0.017697251289455138,-0.010280766459660714,-0.0061389559672939357,-0.0030606133950829961,-0.00033831644182982128,0.0023903412984363328,0.0054929893374053105,0.0097043870241376052,0.017347885802134637,1.127189299578327,2
distill:fred-econ,BAMLH0A0HYM2,TimesFM-zero-shot,759,-0.029964788701936418,0.00050123489927500486,0.0005807217676192522,-0.019452998414635658,-0.012152396142482758,-0.0072647272609174252,-0.0032988977618515491,0.0042421608231961727,0.0082157254219055176,0.013042876496911049,0.020429974421858788,-1.0187225077430822,2
distill:fred-econ,BAMLH0A0HYM2,TimesFM-laplace-qd,759,-0.029964788701936418,0.00064664497040212154,0.0012031343067064881,-0.018392220139503479,-0.011196746490895748,-0.0062307287007570267,-0.0020607903134077787,0.0033032873179763556,0.0074692834168672562,0.012336548417806625,0.019741414114832878,-2.0339319171967007,2
distill:fred-econ,BAMLH0A0HYM2,Laplace-q-fixed-bandwidth,760,0.011342276603934609,-0.0021691531318312452,-0.02147989486484643,-0.013504614118463784,-0.0088508062497152321,-0.005399750983761286,-0.0023620842772719029,0.00068298944222194261,0.0041621153928774069,0.0088923647961522256,0.017084395175559521,2.587227289146643,2
distill:fred-econ,BAMLH0A0HYM2,TimesFM-zero-shot,760,0.011342276603934609,-0.0032213451340794563,-0.003240994643419981,-0.025063719600439072,-0.017087491229176521,-0.011719408445060253,-0.0073795299977064133,0.0008494366193190217,0.0052002700977027416,0.010417207144200802,0.018305068835616112,2.5962383060311236,2
distill:fred-econ,BAMLH0A0HYM2,TimesFM-laplace-qd,760,0.011342276603934609,-0.0022632877808064222,-0.0018460305873304605,-0.02269129641354084,-0.014982589520514011,-0.0096277548000216484,-0.0051843328401446342,0.00054395990446209908,0.0050004231743514538,0.010192531161010265,0.017877215519547462,2.6091398782627295,2
distill:fred-econ,BAMLH0A0HYM2,Laplace-q-fixed-bandwidth,761,0,-0.00076325062679978627,-0.020244970966008843,-0.012260780458673657,-0.0075411612292178715,-0.0040368314555704748,-0.00095436675184805029,0.0021356674211408175,0.0056685652194344936,0.010464670267301031,0.018659612845430759,3.5293912380178609,2
distill:fred-econ,BAMLH0A0HYM2,TimesFM-zero-shot,761,0,-0.00043227057904005051,-0.00040494327549822628,-0.021450718864798546,-0.013814698904752731,-0.008648797869682312,-0.0044361823238432407,0.0035363202914595604,0.0077503430657088757,0.012840336188673973,0.020565768703818321,2.8085711544817933,2
distill:fred-econ,BAMLH0A0HYM2,TimesFM-laplace-qd,761,0,-0.0005675323773175478,-0.00034473463892936707,-0.019516589120030403,-0.012349557131528854,-0.0073664537630975246,-0.0031673617195338011,0.0019965856336057186,0.0061391796916723251,0.010965857654809952,0.018126660957932472,3.024699944302939,2
distill:fred-econ,BAMLH0A0HYM2,Laplace-q-fixed-bandwidth,762,-0.0037664827954769775,-0.0012118279527985585,-0.018706531507640095,-0.010953332536630726,-0.0064800203409298056,-0.0030235921123985231,-0.00010092649627689609,0.00011208387812334589,0.0033605717331632156,0.0079027430974014864,0.015883796697144952,3.6463415234674712,2
distill:fred-econ,BAMLH0A0HYM2,TimesFM-zero-shot,762,-0.0037664827954769775,-0.00076510536018759012,-0.00080546102253720164,-0.020237216725945473,-0.013051370158791542,-0.0082975234836339951,-0.0044058444909751415,0.0029095974750816822,0.0067868982441723347,0.011473348364233971,0.018616288900375366,2.8934020051568559,2
distill:fred-econ,BAMLH0A0HYM2,TimesFM-laplace-qd,762,-0.0037664827954769775,-0.0012676042970269918,-0.0012979032471776009,-0.019271720200777054,-0.012349789962172508,-0.0076328543946146965,-0.0036512699443846941,0.0011803866364061832,0.0050696022808551788,0.0095829274505376816,0.01630748063325882,3.0902220613419153,2
distill:fred-econ,BAMLH0A0HYM2,Laplace-q-fixed-bandwidth,763,0.022388994893478786,-0.0013200677709449865,-0.018020221612620908,-0.010594736408202386,-0.0063856072999589116,-0.003130457074259377,-0.00015011490634825433,9.0889360209492459e-05,0.0030456248946859549,0.0073197569930130157,0.014976626005482725,1.5186796024993239,2
distill:fred-econ,BAMLH0A0HYM2,TimesFM-zero-shot,763,0.022388994893478786,-0.00078805937664583325,-0.0011559263803064823,-0.019453870132565498,-0.012385047040879726,-0.007861248217523098,-0.0042164395563304424,0.0025853482075035572,0.0061399796977639198,0.010422857478260994,0.017037343233823776,1.9208200650477982,2
distill:fred-econ,BAMLH0A0HYM2,TimesFM-laplace-qd,763,0.022388994893478786,-0.0011516506783664227,-0.0016800361918285489,-0.018882486969232559,-0.011906551197171211,-0.0072986697778105736,-0.0034735195804387331,0.0011651638196781278,0.004847934003919363,0.0091187292709946632,0.015622804872691631,1.7316664326227942,2
distill:fred-econ,BAMLH0A0HYM2,Laplace-q-fixed-bandwidth,764,0.018282044837448885,-3.2996901373722028e-05,-0.017902911711054008,-0.010024760181775012,-0.0054271419698788846,-0.0018943784679311942,-1.3456270282345307e-05,0.0014090377360657064,0.0049644151828399765,0.0096330475582874046,0.017733273962780217,2.0193284954996371,2
distill:fred-econ,BAMLH0A0HYM2,TimesFM-zero-shot,764,0.018282044837448885,-0.00032636962714605033,-0.00038084035622887313,-0.019491260871291161,-0.012467305175960064,-0.0078251473605632782,-0.0039851134642958641,0.0033266579266637564,0.0072076879441738129,0.011980243027210236,0.019245300441980362,2.3684611833629838,2
distill:fred-econ,BAMLH0A0HYM2,TimesFM-laplace-qd,764,0.018282044837448885,-0.0028067424427717924,-0.0027031477075070143,-0.021180635318160057,-0.014196228235960007,-0.0094164852052927017,-0.0053414683789014816,-0.00029470230219885707,0.0037424941547214985,0.0084957219660282135,0.015626592561602592,2.0507763361813529,2
distill:fred-econ,BAMLH0A0HYM2,Laplace-q-fixed-bandwidth,765,0.0072202479734870817,0.00055488511787983759,-0.017960968971635322,-0.0099111914083776596,-0.0050950232286007657,-0.001398465619977645,2.3465194646037793e-05,0.0022153566148327883,0.0059361602686719278,0.010825491479779199,0.019087596729267665,3.156798595097027,2
distill:fred-econ,BAMLH0A0HYM2,TimesFM-zero-shot,765,0.0072202479734870817,0.0019021680345758796,0.001714028068818152,-0.017813188955187798,-0.010466407984495163,-0.0056848679669201374,-0.0017897695070132613,0.0055436850525438786,0.0093205925077199936,0.013934333808720112,0.020822841674089432,2.9088198702882648,2
distill:fred-econ,BAMLH0A0HYM2,TimesFM-laplace-qd,765,0.0072202479734870817,-0.00043096020817756653,-0.00093216594541445374,-0.02093873918056488,-0.01303456723690033,-0.0077546536922454834,-0.0032662271987646818,0.002318638376891613,0.0066158473491668701,0.011609308421611786,0.018777238205075264,2.890638646323147,2
distill:fred-econ,BAMLH0A0HYM2,Laplace-q-fixed-bandwidth,766,0.017825783952600815,0.00086523072828963903,-0.017165336641256475,-0.0092839792060842273,-0.0046293076623369882,-0.0010662637088728027,4.8160763148214123e-05,0.002565046363288746,0.0061516889445562073,0.010878080085531077,0.01897352845486093,2.1674875405582146,2
distill:fred-econ,BAMLH0A0HYM2,TimesFM-zero-shot,766,0.017825783952600815,0.0020006005652248859,0.0017545581795275211,-0.01617526076734066,-0.0093391500413417816,-0.0049293916672468185,-0.0013461980270221829,0.0053863422945141792,0.0088704712688922882,0.013144052587449551,0.019717810675501823,2.5527929131877114,2
distill:fred-econ,BAMLH0A0HYM2,TimesFM-laplace-qd,766,0.017825783952600815,0.00021314893092494458,-0.0004985579289495945,-0.018457440659403801,-0.011146063916385174,-0.0063709719106554985,-0.002324278699234128,0.0027994168922305107,0.0067074932157993317,0.011275534518063068,0.018013656139373779,2.3532849751032257,2
distill:fred-econ,BAMLH0A0HYM2,Laplace-q-fixed-bandwidth,767,-0.010657294473988221,0.0019228167205152925,-0.017674074056677473,-0.0097730616901175009,-0.004980103292986985,-0.0014048883074637688,0.0017379646904498894,0.0048885871938449729,0.0084928377071324546,0.013360729823737049,0.021458928170847491,2.7518147328812699,2
distill:fred-econ,BAMLH0A0HYM2,TimesFM-zero-shot,767,-0.010657294473988221,0.0039288303814828396,0.0033571345265954733,-0.01425628736615181,-0.0073888124898076057,-0.0029692556709051132,0.00058110232930630445,0.0072470265440642834,0.010696898214519024,0.014808481559157372,0.021321600303053856,2.4939586664588447,2
distill:fred-econ,BAMLH0A0HYM2,TimesFM-laplace-qd,767,-0.010657294473988221,0.0010703756706789136,0.00031497539021074772,-0.018238838762044907,-0.010688829235732555,-0.0057948208414018154,-0.0016485523665323853,0.0038332368712872267,0.0078466078266501427,0.012435907498002052,0.019367920234799385,3.0788272246352881,2
distill:fred-econ,BAMLH0A0HYM2,Laplace-q-fixed-bandwidth,768,-0.01801850550267825,0.00089316133823031199,-0.018700511604238586,-0.010838435213990166,-0.0060349565593795021,-0.0024454103316716735,0.00071013332997023034,0.0038734845888099864,0.007492109584193685,0.012369835564064589,0.020425409372814514,2.1651821006347367,2
distill:fred-econ,BAMLH0A0HYM2,TimesFM-zero-shot,768,-0.01801850550267825,0.0011977558024227619,0.00097019271925091743,-0.017398403957486153,-0.010308921337127686,-0.0058049075305461884,-0.0021557514555752277,0.0045379367657005787,0.007967604324221611,0.012061486020684242,0.018503611907362938,1.1974621285478375,2
distill:fred-econ,BAMLH0A0HYM2,TimesFM-laplace-qd,768,-0.01801850550267825,0.00047938403440639377,0.00022537849145010114,-0.017829872667789459,-0.010675142519176006,-0.0060104294680058956,-0.0020449457224458456,0.0030245338566601276,0.0068726846948266029,0.011258278973400593,0.017881510779261589,1.3194081255160159,2
distill:fred-econ,BAMLH0A0HYM2,Laplace-q-fixed-bandwidth,769,-0.0036429912785009844,0.0001010307271304668,-0.020030530508887555,-0.012096732731336759,-0.0071235862057096415,-0.0033770122235033135,-8.1098989953112176e-05,0.0032229700252974685,0.0069995032042377524,0.012046096490122194,0.020166363781783214,3.4054142522946496,2
distill:fred-econ,BAMLH0A0HYM2,TimesFM-zero-shot,769,-0.0036429912785009844,0.00018855302187148482,0.0002526694443076849,-0.019764378666877747,-0.01242848951369524,-0.0076119257137179375,-0.0035846694372594357,0.0039603556506335735,0.0078589683398604393,0.012605304829776287,0.019787760451436043,2.8745023874973672,2
distill:fred-econ,BAMLH0A0HYM2,TimesFM-laplace-qd,769,-0.0036429912785009844,0.0004799417220056057,0.00095099612371996045,-0.017997425049543381,-0.010950689204037189,-0.0062127541750669479,-0.0020585004240274429,0.0030454646330326796,0.007094257976859808,0.01189575158059597,0.018927173689007759,3.0771172379053118,2
distill:fred-econ,BAMLH0A0HYM2,Laplace-q-fixed-bandwidth,770,0.0036429912785009844,0.00015648939667750237,-0.019272225436344388,-0.011484100786947823,-0.006718770591337739,-0.0031562112217654722,-2.4268175367629996e-05,0.0031154170655240346,0.0067067908397350166,0.011545532323002664,0.019524598584404026,3.4364867742716205,2
distill:fred-econ,BAMLH0A0HYM2,TimesFM-zero-shot,770,0.0036429912785009844,0.00088993296958506107,0.00096597196534276009,-0.019279850646853447,-0.011775162070989609,-0.0068773897364735603,-0.0028859847225248814,0.0046052057296037674,0.0085730459541082382,0.013312485069036484,0.02037859708070755,2.8800561017007116,2
distill:fred-econ,BAMLH0A0HYM2,TimesFM-laplace-qd,770,0.0036429912785009844,0.0010097484337165952,0.0014129010960459709,-0.017440209165215492,-0.010318707674741745,-0.0055636456236243248,-0.0015083471080288291,0.0034579273778945208,0.0075034601613879204,0.01215539313852787,0.018942253664135933,3.0503125642950555,2
distill:fred-econ,BAMLH0A0HYM2,Laplace-q-fixed-bandwidth,771,-0.0036429912785009844,0.00032876181560575254,-0.018385820116999206,-0.010763770639079989,-0.0062126438714747625,-0.0028275267551479762,0.0001495054437428529,0.0031338361064671811,0.0065463998913291785,0.011170030974008243,0.018988048842857444,3.4764671475923592,2
distill:fred-econ,BAMLH0A0HYM2,TimesFM-zero-shot,771,-0.0036429912785009844,0.00038491439772769809,0.000158664770424366,-0.01962524838745594,-0.01215005200356245,-0.0072800740599632263,-0.0033206166699528694,0.0040415413677692413,0.0079018063843250275,0.012513939291238785,0.019401540979743004,2.9011379084398463,2
distill:fred-econ,BAMLH0A0HYM2,TimesFM-laplace-qd,771,-0.0036429912785009844,-0.0002667740045581013,-0.00029399999766610563,-0.018217166885733604,-0.011265248991549015,-0.0066483411937952042,-0.0026991704944521189,0.002007198054343462,0.0058237984776496887,0.010302809998393059,0.016742601990699768,3.118421040559435,2
distill:fred-econ,BAMLH0A0HYM2,Laplace-q-fixed-bandwidth,772,-0.0073260400920729385,-4.9356891269354867e-06,-0.016339779365919422,-0.0088712376902637703,-0.0045113161438160455,-0.0036111219547951246,-0.0014976327556687728,0.0016496336003039686,0.0050398240149907604,0.0094660794021487124,0.017145816809362429,3.447076532748091,2
distill:fred-econ,BAMLH0A0HYM2,TimesFM-zero-shot,772,-0.0073260400920729385,-0.00048783296369947493,-0.00046427280176430941,-0.02008519321680069,-0.012838173657655716,-0.0080986013635993004,-0.0041849869303405285,0.0031643521506339312,0.0070022111758589745,0.011706425808370113,0.018690247088670731,3.0989987158789152,2
distill:fred-econ,BAMLH0A0HYM2,TimesFM-laplace-qd,772,-0.0073260400920729385,-0.000738773203920573,-0.00027810520259663463,-0.018362889066338539,-0.011593680828809738,-0.0070869969204068184,-0.0031638110522180796,0.0015999707393348217,0.0054934890940785408,0.01014219131320715,0.016814829781651497,3.3028768868975487,2
distill:fred-econ,BAMLH0A0HYM2,Laplace-q-fixed-bandwidth,773,-0.018553407895747775,-0.00041763165814573069,-0.016454287034532611,-0.0091488461146134476,-0.0049226838242563947,-0.0036274743714576757,-0.0018350921327515914,0.0012015749854239906,0.0044821846021148408,0.0087731179292353332,0.016290108367639479,1.9069248158583685,2
distill:fred-econ,BAMLH0A0HYM2,TimesFM-zero-shot,773,-0.018553407895747775,-0.0011612694943323731,-0.0013743918389081955,-0.018840361386537552,-0.012160041369497776,-0.0078822886571288109,-0.0044105467386543751,0.0020504400599747896,0.0054259775206446648,0.0094798896461725235,0.01578662171959877,1.5042069558238804,2
distill:fred-econ,BAMLH0A0HYM2,TimesFM-laplace-qd,773,-0.018553407895747775,-0.00063874677289277315,-0.00050681439461186528,-0.017480496317148209,-0.010910803452134132,-0.0066092070192098618,-0.0029232637025415897,0.0015965236816555262,0.0053006722591817379,0.0096034565940499306,0.01608753576874733,1.0952061563818241,2
distill:fred-econ,BAMLH0A0HYM2,Laplace-q-fixed-bandwidth,774,0.011173300598125269,-0.0015539007133955837,-0.018485535393342859,-0.010974472596728686,-0.0065211453340204509,-0.0037063239796442768,-0.0031064615205400633,7.0182791731833157e-05,0.0035181323561756747,0.008039006071282162,0.01575241661920947,2.5508558427858707,2
distill:fred-econ,BAMLH0A0HYM2,TimesFM-zero-shot,774,0.011173300598125269,-0.0022696759551763535,-0.0022513964213430882,-0.021561305969953537,-0.0144702373072505,-0.009809187613427639,-0.0059296851977705956,0.0013126888079568744,0.0050815152935683727,0.0096850953996181488,0.016610860824584961,2.6955976989930885,2
distill:fred-econ,BAMLH0A0HYM2,TimesFM-laplace-qd,774,0.011173300598125269,-0.00071614398621022701,-0.00045608807704411447,-0.018873739987611771,-0.011968096718192101,-0.0072682234458625317,-0.0031958951149135828,0.0017440253868699074,0.0057466886937618256,0.010384880006313324,0.017266485840082169,2.7364267367655817,2
distill:fred-econ,BAMLH0A0HYM2,Laplace-q-fixed-bandwidth,775,0,-0.00031726617331808728,-0.017340331810118237,-0.0098149741532502187,-0.0053016466667502489,-0.0036312538439483631,-0.0016824316869172139,0.0015227317962427296,0.005013590583128889,0.0095948354621658641,0.017316835523003199,3.6850519093766732,2
distill:fred-econ,BAMLH0A0HYM2,TimesFM-zero-shot,775,0,-0.00091979384887963533,-0.00099035410676151514,-0.02073296345770359,-0.013442813418805599,-0.0086274156346917152,-0.0046749473549425602,0.0026916696224361658,0.0064902217127382755,0.011147999204695225,0.018146160989999771,2.8967199247801672,2
distill:fred-econ,BAMLH0A0HYM2,TimesFM-laplace-qd,775,0,-0.00073038926348090172,-0.0004591731121763587,-0.019544446840882301,-0.012328073382377625,-0.0075512649491429329,-0.0034109083935618401,0.0018002729630097747,0.0058344830758869648,0.010619773529469967,0.01758827269077301,3.0315576877038257,2
distill:fred-econ,BAMLH0A0HYM2,Laplace-q-fixed-bandwidth,776,-0.0037105793965357403,-0.00058758087377403575,-0.015732959557081198,-0.0084362913567732276,-0.0041185075983966226,-0.0035407423586064756,-0.00031476395624363822,7.4112292497533475e-05,0.0030776943902060452,0.0074552561649980755,0.014962439223547334,3.8905511131959303,2
distill:fred-econ,BAMLH0A0HYM2,TimesFM-zero-shot,776,-0.0037105793965357403,-0.00038547842996194959,-0.00079728674609214067,-0.020181657746434212,-0.012868586927652359,-0.0079807620495557785,-0.0040481244213879108,0.0032111722975969315,0.0068416758440434933,0.011302018538117409,0.017982244491577148,2.9032754645916827,2
distill:fred-econ,BAMLH0A0HYM2,TimesFM-laplace-qd,776,-0.0037105793965357403,-3.7125864764675498e-05,-0.00039936142275109887,-0.0187880489975214,-0.011582277715206146,-0.0067134383134543896,-0.0026085209101438522,0.0024796393699944019,0.0063445358537137508,0.010864190757274628,0.017545592039823532,3.0694911407938656,2
distill:fred-econ,BAMLH0A0HYM2,Laplace-q-fixed-bandwidth,777,0,-0.00080199602842936642,-0.016674541317104621,-0.0096601080762266645,-0.0056372173729393339,-0.002540108101086232,-7.1459271930722739e-05,0.00039044466198615463,0.0035069626605359174,0.0075918473250354401,0.014813843761023082,3.9865629315930837,2
distill:fred-econ,BAMLH0A0HYM2,TimesFM-zero-shot,777,0,-0.00051615014672279358,-0.00070476182736456394,-0.019337242469191551,-0.012341461144387722,-0.0076970099471509457,-0.0039929626509547234,0.0029585175216197968,0.0065179727971553802,0.010882159695029259,0.017476355656981468,2.9578013028779262,2
distill:fred-econ,BAMLH0A0HYM2,TimesFM-laplace-qd,777,0,-0.00037251049070619047,-9.7252792329527438e-05,-0.018486816436052322,-0.011459581553936005,-0.006826306227594614,-0.0028874727431684732,0.0021375380456447601,0.0060299490578472614,0.010635719634592533,0.017444640398025513,3.0708700167615506,2
distill:fred-econ,BAMLH0A0HYM2,Laplace-q-fixed-bandwidth,778,0.011090686694158247,-0.00070564877695303535,-0.015286495803324552,-0.0086247246025572422,-0.0048291544322541756,-0.0018307957459507143,-4.1246044400532016e-05,9.372462164722511e-05,0.0028125060702919157,0.0066634568479179077,0.013537348989931015,2.4745240790993677,2
distill:fred-econ,BAMLH0A0HYM2,TimesFM-zero-shot,778,0.011090686694158247,-0.00034438259899616241,-0.00057031284086406231,-0.018508309498429298,-0.01167330052703619,-0.0072916192002594471,-0.0036854285281151533,0.0029700256418436766,0.0063683022744953632,0.010581393726170063,0.016990888863801956,2.8290985763408001,2
distill:fred-econ,BAMLH0A0HYM2,TimesFM-laplace-qd,778,0.011090686694158247,-0.00083064142381772399,-0.00063852412858977914,-0.01769687794148922,-0.011104417033493519,-0.0068389228545129299,-0.0031027642544358969,0.0013715280219912529,0.0049183224327862263,0.0091898981481790543,0.015479914844036102,2.7502555753382403,2
distill:fred-econ,BAMLH0A0HYM2,Laplace-q-fixed-bandwidth,779,-0.0036832454162963879,0.00019534815433871607,-0.014551157141408038,-0.0077935186118878244,-0.0039253534400454908,-0.00088826308221219997,1.4285286211714629e-06,0.00096036155779393947,0.0040138318989184768,0.0079392015528493322,0.014905132847837224,3.6225672432183664,2
distill:fred-econ,BAMLH0A0HYM2,TimesFM-zero-shot,779,-0.0036832454162963879,-0.00058346660807728767,-0.00090783543419092894,-0.018784398213028908,-0.011926190927624702,-0.0075482893735170364,-0.0039606955833733082,0.002788974205031991,0.0061970418319106102,0.010455502197146416,0.016862761229276657,2.9853183406916122,2
distill:fred-econ,BAMLH0A0HYM2,TimesFM-laplace-qd,779,-0.0036832454162963879,-0.0015556553844362497,-0.0015323684783652425,-0.018285937607288361,-0.011770090088248253,-0.0075376671738922596,-0.0038628624752163887,0.00073700537905097008,0.004304658155888319,0.008562115952372551,0.014988970942795277,3.1555519885784875,2
distill:fred-econ,BAMLH0A0HYM2,Laplace-q-fixed-bandwidth,780,0,-0.00027739239744253272,-0.014486303063362519,-0.0080168315682123542,-0.004351571683246392,-0.0014715500397502431,-2.2104402523521422e-05,0.00046252354193077738,0.0033581532356659208,0.0070774658460454401,0.013755181590436913,4.2085164744289116,2
distill:fred-econ,BAMLH0A0HYM2,TimesFM-zero-shot,780,0,-0.00089619698701426387,-0.0016994796460494399,-0.019540226086974144,-0.012545764446258545,-0.0079957768321037292,-0.0043539339676499367,0.0024745594710111618,0.0059446748346090317,0.010164986364543438,0.016507359221577644,2.9856298382050506,2
distill:fred-econ,BAMLH0A0HYM2,TimesFM-laplace-qd,780,0,-0.00061901699518784881,-0.0016155319754034281,-0.018278047442436218,-0.011373092420399189,-0.0068399421870708466,-0.0030566246714442968,0.0017167135374620557,0.0053207864984869957,0.009500172920525074,0.015815461054444313,3.137494018410095,2
distill:fred-econ,BAMLH0A0HYM2,Laplace-q-fixed-bandwidth,781,0.0073529743052588303,-0.00018756059190597023,-0.013121666388664827,-0.0070674341683030825,-0.003601177373049283,-0.0007971411112259601,-1.3232401564838654e-05,0.00011037072898153352,0.0027746458248597747,0.006288111986912431,0.012546743355067858,2.9222459141589852,2
distill:fred-econ,BAMLH0A0HYM2,TimesFM-zero-shot,781,0.0073529743052588303,-0.00036533921957015991,-0.00071021902840584517,-0.0180490892380476,-0.011368381790816784,-0.0070988275110721588,-0.0036414533387869596,0.0029062486719340086,0.0062904553487896919,0.010425003245472908,0.016751794144511223,2.9732382624678024,2
distill:fred-econ,BAMLH0A0HYM2,TimesFM-laplace-qd,781,0.0073529743052588303,-0.00021254544844850898,-0.00036543025635182858,-0.015861872583627701,-0.0097101349383592606,-0.0057275430299341679,-0.0022899655159562826,0.001827858854085207,0.0051774224266409874,0.0091087901964783669,0.015098785981535912,3.0528119895302916,2
distill:fred-econ,BAMLH0A0HYM2,Laplace-q-fixed-bandwidth,782,-0.01476041558312069,0.00042348048829269133,-0.012287493414780564,-0.0063177169479409871,-0.0029097971428492723,-0.00017188483048964035,1.063137125858944e-05,0.00079978347651526852,0.0035577262651940605,0.007012483617759668,0.0131843323752812,2.1559932179436281,2
distill:fred-econ,BAMLH0A0HYM2,TimesFM-zero-shot,782,-0.01476041558312069,0.00022658369562122971,-0.00029565813019871712,-0.017536450177431107,-0.010756464675068855,-0.0064549772068858147,-0.003020111471414566,0.0034501310437917709,0.0068110530264675617,0.010848158970475197,0.017095990478992462,2.2878106544466252,2
distill:fred-econ,BAMLH0A0HYM2,TimesFM-laplace-qd,782,-0.01476041558312069,0.00022539515339303762,-0.00021862814901396632,-0.014868512749671936,-0.0088163586333394051,-0.004909976851195097,-0.0016781387384980917,0.0021171378903090954,0.0053108385764062405,0.0089641418308019638,0.014575385488569736,1.6396933300042287,2
distill:fred-econ,BAMLH0A0HYM2,Laplace-q-fixed-bandwidth,783,0,-0.00085038899924915271,-0.014557096538032405,-0.0082615377816956902,-0.0046674889138852965,-0.0018044105122476807,-4.5005186417857327e-05,6.3130730242583159e-05,0.002295550268023945,0.0059407952584698189,0.012439428378689985,4.3124809129211723,2
distill:fred-econ,BAMLH0A0HYM2,TimesFM-zero-shot,783,0,-0.00035165052395313978,-0.00062023982172831893,-0.019258394837379456,-0.01215854100883007,-0.0076261782087385654,-0.0039173997938632965,0.0031361046712845564,0.0067955725826323032,0.011298202909529209,0.018014462664723396,2.9382925370862378,2
distill:fred-econ,BAMLH0A0HYM2,TimesFM-laplace-qd,783,0,-0.00024649716215208173,-0.00035126879811286926,-0.016595598310232162,-0.010172887705266476,-0.0060221655294299126,-0.0024677598848938942,0.0018568809609860182,0.0054499758407473564,0.0096877729520201683,0.015844594687223434,3.1854895088752246,2
distill:fred-econ,BAMLH0A0HYM2,Laplace-q-fixed-bandwidth,784,-0.0037243990909823221,-0.00060057079356675694,-0.013078585477544261,-0.0071878297176966414,-0.003778472782624978,-0.00097975390583309027,-2.5737092021798135e-05,5.4140196863358731e-05,0.0019080584856419917,0.005361997163728021,0.011450634387734419,3.5897137929521379,2
distill:fred-econ,BAMLH0A0HYM2,TimesFM-zero-shot,784,-0.0037243990909823221,-2.4699344066902995e-05,-0.00014052378537598997,-0.017394162714481354,-0.01084606908261776,-0.0066607119515538216,-0.0032618632540106773,0.0031592764426022768,0.0064765331335365772,0.010690523311495781,0.017085183411836624,3.059743628131395,2
distill:fred-econ,BAMLH0A0HYM2,TimesFM-laplace-qd,784,-0.0037243990909823221,-8.1363235949538648e-05,0.00030562520259991288,-0.015548020601272583,-0.0094738630577921867,-0.005522462073713541,-0.0021269302815198898,0.0018405764130875468,0.0051651638932526112,0.0092439251020550728,0.015223782509565353,3.308996776517005,2
distill:fred-econ,BAMLH0A0HYM2,Laplace-q-fixed-bandwidth,785,0.033030525676481792,-0.00085617216283391398,-0.012844777651216242,-0.0072748417336627336,-0.0040506904935007533,-0.001404931445708931,-3.7815035321452885e-05,4.1357366297155779e-05,0.001577568108844951,0.0048434647751271417,0.0106044891068756,-0.48250612481562721,2
distill:fred-econ,BAMLH0A0HYM2,TimesFM-zero-shot,785,0.033030525676481792,-0.00045242870692163706,-0.00065340212313458323,-0.01766611821949482,-0.011247978545725346,-0.007081673014909029,-0.0037007848732173443,0.0027016005478799343,0.00603532325476408,0.010135761462152004,0.016504932194948196,0.66023083249733949,2
distill:fred-econ,BAMLH0A0HYM2,TimesFM-laplace-qd,785,0.033030525676481792,-0.00058901560259982944,-0.00011257571168243885,-0.015564600005745888,-0.0097714560106396675,-0.0059236893430352211,-0.0026132608763873577,0.0013150841696187854,0.0045908587053418159,0.0084890229627490044,0.014444067142903805,0.26730325887213702,2
distill:fred-price-return,DCOILWTICO,Laplace-q-fixed-bandwidth,10140,-10.549999999999997,-0.7795563352482745,-8.1913991652169926,-5.486720742458326,-3.6378065411583167,-2.1025415312325881,-0.68935027333461862,0.71992320408930399,2.241472900324454,4.0573248845619432,6.6571593203961719,-4.2196871802762246,2
distill:fred-price-return,DCOILWTICO,TimesFM-zero-shot,10140,-10.549999999999997,1.2407500743865967,1.1643768548965454,-2.2759385108947754,-0.92313742637634277,-0.070046111941337585,0.61345016956329346,1.8744785785675049,2.5425872802734375,3.3853189945220947,4.7350506782531738,-19.488541101054953,2
distill:fred-price-return,DCOILWTICO,TimesFM-laplace-qd,10140,-10.549999999999997,0.92136812210083008,0.82551980018615723,-4.0161275863647461,-2.1124699115753174,-0.86976051330566406,0.16184647381305695,1.6809912919998169,2.6959564685821533,3.9592716693878174,5.8754949569702148,-12.331255569529372,2
distill:fred-price-return,DCOILWTICO,Laplace-q-fixed-bandwidth,10141,5.1500000000000057,-2.2685364936932495,-9.9789609651839903,-7.1750320336328031,-5.252321497244159,-3.6513655031857368,-2.1753803930546036,-0.70341178247318847,0.88346724434939405,2.7721493581518049,5.4677341501489725,-3.6270316769518733,2
distill:fred-price-return,DCOILWTICO,TimesFM-zero-shot,10141,5.1500000000000057,-1.1165605783462524,-1.3612688779830933,-5.8200883865356445,-3.9926981925964355,-2.8465201854705811,-1.945625901222229,-0.32354241609573364,0.53933465480804443,1.5761027336120605,3.1675596237182617,-3.8488886978341617,2
distill:fred-price-return,DCOILWTICO,TimesFM-laplace-qd,10141,5.1500000000000057,-0.15103568136692047,-0.48720180988311768,-6.3203258514404297,-3.9248418807983398,-2.3752408027648926,-1.1136162281036377,0.8131556510925293,2.0171921253204346,3.4488387107849121,5.5801329612731934,-3.2872097062774523,2
distill:fred-price-return,DCOILWTICO,Laplace-q-fixed-bandwidth,10142,2.5799999999999983,-1.5052681550457347,-9.3161227211564217,-6.4813334090346899,-4.5340074275046742,-2.909964480688719,-1.4113048163559987,0.083318833043709378,1.6932039602594426,3.6062420923452456,6.3316090208791032,-2.9663370939481259,2
distill:fred-price-return,DCOILWTICO,TimesFM-zero-shot,10142,2.5799999999999983,1.0570708513259888,0.79454714059829712,-2.6698384284973145,-1.215362548828125,-0.300365149974823,0.42143619060516357,1.6999292373657227,2.3578662872314453,3.1682944297790527,4.4259762763977051,-2.2908562196056108,2
distill:fred-price-return,DCOILWTICO,TimesFM-laplace-qd,10142,2.5799999999999983,0.4176323413848877,0.0027885213494300842,-5.0723776817321777,-2.9244489669799805,-1.5396428108215332,-0.40613043308258057,1.2434780597686768,2.2904961109161377,3.549121618270874,5.3971223831176758,-2.6758359881320049,2
distill:fred-price-return,DCOILWTICO,Laplace-q-fixed-bandwidth,10143,1.1200000000000045,-0.94165480626483278,-8.6899178525871505,-5.8773354756727141,-3.9455164924480868,-2.3347067313415044,-0.84842996965294082,0.6338297707980608,2.230550076718254,4.1282578688227565,6.8320578494390851,-2.6913206166367454,2
distill:fred-price-return,DCOILWTICO,TimesFM-zero-shot,10143,1.1200000000000045,2.1670494079589844,1.9995813369750977,-1.1869035959243774,0.098895341157913208,0.904308021068573,1.5680142641067505,2.7539000511169434,3.3770077228546143,4.1654191017150879,5.4143962860107422,-2.0927304903332851,2
distill:fred-price-return,DCOILWTICO,TimesFM-laplace-qd,10143,1.1200000000000045,2.409684419631958,2.0450987815856934,-2.2877378463745117,-0.47176074981689453,0.71374607086181641,1.7101031541824341,3.1176424026489258,4.0570130348205566,5.2102651596069336,6.8959259986877441,-2.4464263307406666,2
distill:fred-price-return,DCOILWTICO,Laplace-q-fixed-bandwidth,10144,4.5099999999999909,-0.64266001291222208,-8.272716456834301,-5.4986165914885419,-3.5958171702677264,-2.0113590812013982,-0.5505774151235987,0.90620500272552684,2.4766477307074481,4.3455779682625835,7.0119615552510162,-3.1590920372283096,2
distill:fred-price-return,DCOILWTICO,TimesFM-zero-shot,10144,4.5099999999999909,0.35231971740722656,0.18649373948574066,-3.1281337738037109,-1.7858154773712158,-0.93308210372924805,-0.2750127911567688,0.96831589937210083,1.6036697626113892,2.3777697086334229,3.5793752670288086,-3.2603196880096998,2
distill:fred-price-return,DCOILWTICO,TimesFM-laplace-qd,10144,4.5099999999999909,0.31059670448303223,-0.0017557591199874878,-4.2853240966796875,-2.5129544734954834,-1.3242002725601196,-0.37812113761901855,1.0106899738311768,1.9361568689346313,3.0508978366851807,4.663292407989502,-3.0780862811800018,2
distill:fred-price-return,DCOILWTICO,Laplace-q-fixed-bandwidth,10145,-0.84999999999999432,0.12014996219106587,-7.4955163751602925,-4.7285909280239284,-2.8294979410816659,-1.2472708093933109,0.21190897093060607,1.6671025043763854,3.235355700607931,5.100659792294536,7.7600659125863416,-2.6140529598703881,2
distill:fred-price-return,DCOILWTICO,TimesFM-zero-shot,10145,-0.84999999999999432,1.8698005676269531,1.6717262268066406,-1.5163781642913818,-0.2317887544631958,0.60100919008255005,1.2630741596221924,2.4738545417785645,3.1286091804504395,3.9513168334960938,5.2672128677368164,-2.6738340521731074,2
distill:fred-price-return,DCOILWTICO,TimesFM-laplace-qd,10145,-0.84999999999999432,1.6678104400634766,1.2948963642120361,-3.0419533252716064,-1.2431859970092773,-0.028202489018440247,0.9594835638999939,2.4052495956420898,3.3935320377349854,4.5887632369995117,6.3639860153198242,-2.3570409189860402,2
distill:fred-price-return,DCOILWTICO,Laplace-q-fixed-bandwidth,10146,1.4699999999999989,-0.045947459819504717,-7.5320126156888332,-4.8063442965873033,-2.9390110552886135,-1.3860458529208848,0.044627215761279045,1.4713284466832115,3.0103841207746584,4.8441608522170476,7.4634157469413918,-2.6136122044204342,2
distill:fred-price-return,DCOILWTICO,TimesFM-zero-shot,10146,1.4699999999999989,1.7443391084671021,1.5980914831161499,-1.6460051536560059,-0.32991302013397217,0.49531716108322144,1.1430660486221313,2.3447589874267578,2.9755263328552246,3.7482068538665771,4.9711747169494629,-2.2102798978405573,2
distill:fred-price-return,DCOILWTICO,TimesFM-laplace-qd,10146,1.4699999999999989,2.6092844009399414,2.160991907119751,-1.9608657360076904,-0.18156944215297699,0.99259966611862183,1.9468766450881958,3.2960765361785889,4.2057552337646484,5.2918367385864258,6.884345531463623,-2.4300481710563386,2
distill:fred-price-return,DCOILWTICO,Laplace-q-fixed-bandwidth,10147,3.5600000000000023,0.16558227576003912,-7.1943795522206173,-4.50845231349461,-2.6720284617309886,-1.1476968309922713,0.25503357858996262,1.6538049420026948,3.1642836010601023,4.9673589512378307,7.5479036388820919,-2.8290738931067354,2
distill:fred-price-return,DCOILWTICO,TimesFM-zero-shot,10147,3.5600000000000023,1.1996774673461914,1.0185551643371582,-1.8499141931533813,-0.66083610057830811,0.077653571963310242,0.66399705410003662,1.7149584293365479,2.2594616413116455,2.9442994594573975,4.0099296569824219,-2.4642161685972486,2
distill:fred-price-return,DCOILWTICO,TimesFM-laplace-qd,10147,3.5600000000000023,1.465146541595459,1.0465240478515625,-2.7298920154571533,-1.0994201898574829,-0.024072185158729553,0.85783994197845459,2.0639638900756836,2.894136905670166,3.8925802707672119,5.3533148765563965,-2.4981942458868165,2
distill:fred-price-return,DCOILWTICO,Laplace-q-fixed-bandwidth,10148,7.019999999999996,0.65506315352621813,-6.6274827495855337,-3.9677001887791086,-2.1503989653432072,-0.64295402429377335,0.74370290926095173,2.1264190509140808,3.6200777961694124,5.4042135503055375,7.9593391205416903,-3.4307196096018364,2
distill:fred-price-return,DCOILWTICO,TimesFM-zero-shot,10148,7.019999999999996,1.869875431060791,1.7656620740890503,-1.0344544649124146,0.097682908177375793,0.79617547988891602,1.3614946603775024,2.3803389072418213,2.9356632232666016,3.6069843769073486,4.699552059173584,-4.1374772568925264,2
distill:fred-price-return,DCOILWTICO,TimesFM-laplace-qd,10148,7.019999999999996,1.926433801651001,1.7915016412734985,-2.0712792873382568,-0.5343925952911377,0.48231250047683716,1.3230093717575073,2.542813777923584,3.3892769813537598,4.4114923477172852,5.9575142860412598,-3.5086001066267087,2
distill:fred-price-return,DCOILWTICO,Laplace-q-fixed-bandwidth,10149,-1.8299999999999983,1.587856982152803,-5.7548834311317698,-3.0788255582269839,-1.2468743355078056,0.27528969954445837,1.676824809051995,3.0744177568958433,4.5827827941632044,6.3814871307507097,8.9523913694682467,-2.8798780299447051,2
distill:fred-price-return,DCOILWTICO,TimesFM-zero-shot,10149,-1.8299999999999983,2.8995888233184814,2.6271910667419434,-0.81720900535583496,0.63111317157745361,1.547898530960083,2.262653112411499,3.5341722965240479,4.200739860534668,4.9980735778808594,6.2748475074768066,-5.2040532872651308,2
distill:fred-price-return,DCOILWTICO,TimesFM-laplace-qd,10149,-1.8299999999999983,2.8630201816558838,2.357166051864624,-2.0792295932769775,-0.16511255502700806,1.1117267608642578,2.1480019092559814,3.617473840713501,4.597287654876709,5.7483882904052734,7.4743795394897461,-3.7036022849334103,2
distill:fred-price-return,DCOILWTICO,Laplace-q-fixed-bandwidth,10150,-3.2600000000000051,1.1495871421596104,-6.1273721845834945,-3.4741557129790195,-1.6584903694633994,-0.15042680559824917,1.2378221603259152,2.62214761721303,4.1164792597571598,5.8990732432052848,8.4477905159852327,-3.0663903630804055,2
distill:fred-price-return,DCOILWTICO,TimesFM-zero-shot,10150,-3.2600000000000051,1.5717389583587646,1.5026087760925293,-2.1432981491088867,-0.71651387214660645,0.18201488256454468,0.90806114673614502,2.2388224601745605,2.9529228210449219,3.8589558601379395,5.3065471649169922,-5.2817081540992348,2
distill:fred-price-return,DCOILWTICO,TimesFM-laplace-qd,10150,-3.2600000000000051,2.2452359199523926,2.0916883945465088,-2.7912001609802246,-0.8626563549041748,0.41391795873641968,1.4698615074157715,3.0462636947631836,4.100226879119873,5.4231905937194824,7.403782844543457,-4.6170201336791221,2
distill:fred-price-return,DCOILWTICO,Laplace-q-fixed-bandwidth,10151,4.3800000000000097,0.47053684086194436,-6.782501627918565,-4.139599654202879,-2.3299846770908896,-0.82625708648236662,0.55836059821583417,1.9390706267424165,3.429119109087889,5.2057761161890372,7.7444968735296129,-2.9137960584920295,2
distill:fred-price-return,DCOILWTICO,TimesFM-zero-shot,10151,4.3800000000000097,0.94070756435394287,0.80620992183685303,-3.1891059875488281,-1.5988372564315796,-0.5977860689163208,0.19910995662212372,1.6507109403610229,2.4329934120178223,3.3994889259338379,4.9170284271240234,-2.8546998181906464,2
distill:fred-price-return,DCOILWTICO,TimesFM-laplace-qd,10151,4.3800000000000097,1.971622109413147,1.6556205749511719,-3.4027214050292969,-1.327019214630127,0.03353765606880188,1.1458930969238281,2.754662036895752,3.839418888092041,5.1618108749389648,7.1024975776672363,-2.7396527895151901,2
distill:fred-price-return,DCOILWTICO,Laplace-q-fixed-bandwidth,10152,-4.1000000000000085,1.0355970544338111,-6.1620408321969995,-3.5388940304233181,-1.7430304769607514,-0.25097300273019674,1.122767939020636,2.4926196016569424,3.9710629025720108,5.7341315207306822,8.253674788539179,-3.2194868878291132,2
distill:fred-price-return,DCOILWTICO,TimesFM-zero-shot,10152,-4.1000000000000085,2.0672793388366699,1.7870092391967773,-1.9002945423126221,-0.35633531212806702,0.62878334522247314,1.3942998647689819,2.7392442226409912,3.4572744369506836,4.3016324043273926,5.6886687278747559,-6.7950029011597222,2
distill:fred-price-return,DCOILWTICO,TimesFM-laplace-qd,10152,-4.1000000000000085,2.1815333366394043,1.6903300285339355,-2.9409663677215576,-0.94150853157043457,0.38618895411491394,1.4501430988311768,2.9283802509307861,3.9460618495941162,5.1442933082580566,6.9493007659912109,-5.2814329043994404,2
distill:fred-price-return,DCOILWTICO,Laplace-q-fixed-bandwidth,10153,-6.9099999999999966,0.26237795191907987,-6.9477307881389816,-4.3234227720464098,-2.5246619166573296,-1.0286855284095258,0.34945622780511365,1.7237178776105342,3.2061066350142466,4.9721048438690865,7.4927809638174558,-3.6700117346204628,2
distill:fred-price-return,DCOILWTICO,TimesFM-zero-shot,10153,-6.9099999999999966,1.3265933990478516,1.0799469947814941,-2.8774862289428711,-1.2573239803314209,-0.21681100130081177,0.59270858764648438,2.0475413799285889,2.8259098529815674,3.7323868274688721,5.1798033714294434,-9.2581727286133813,2
distill:fred-price-return,DCOILWTICO,TimesFM-laplace-qd,10153,-6.9099999999999966,2.1594119071960449,1.7587008476257324,-3.1065018177032471,-1.0746607780456543,0.27483567595481873,1.3694567680358887,2.9449355602264404,4.00933837890625,5.2544293403625488,7.1211390495300293,-8.2683717161375618,2
distill:fred-price-return,DCOILWTICO,Laplace-q-fixed-bandwidth,10154,-0.37000000000000455,-0.83731699787304881,-8.17254643309915,-5.509276947584377,-3.6797633412150255,-2.1552247604700057,-0.74919305621083976,0.65293069390203207,2.1637721843948254,3.960192308284185,6.5184909829531179,-2.5470415084445097,2
distill:fred-price-return,DCOILWTICO,TimesFM-zero-shot,10154,-0.37000000000000455,-0.16514451801776886,-0.31106758117675781,-4.7519679069519043,-2.9718184471130371,-1.8303117752075195,-0.94945043325424194,0.62732326984405518,1.4748679399490356,2.4921236038208008,4.0793375968933105,-2.4927691522963551,2
distill:fred-price-return,DCOILWTICO,TimesFM-laplace-qd,10154,-0.37000000000000455,0.90468257665634155,0.56981831789016724,-5.1293272972106934,-2.7864854335784912,-1.2376284599304199,0.0078454315662384033,1.8207958936691284,2.9966223239898682,4.3982143402099609,6.4830746650695801,-2.7160346648413465,2
distill:fred-price-return,DCOILWTICO,Laplace-q-fixed-bandwidth,10155,0.49000000000000909,-0.91342713603800663,-8.1175336235650377,-5.4956107972987596,-3.6982219651398558,-2.2034391432297968,-0.82646210269092668,0.54662041688124841,2.0277675641419362,3.7922913319383094,6.3103536169063403,-2.5710751681788824,2
distill:fred-price-return,DCOILWTICO,TimesFM-zero-shot,10155,0.49000000000000909,0.95349037647247314,0.81305557489395142,-3.1613888740539551,-1.5334100723266602,-0.51908916234970093,0.25544419884681702,1.6444005966186523,2.3668830394744873,3.2516515254974365,4.6686615943908691,-2.3620443691288271,2
distill:fred-price-return,DCOILWTICO,TimesFM-laplace-qd,10155,0.49000000000000909,1.6378514766693115,1.3586723804473877,-3.7643172740936279,-1.6494383811950684,-0.26861461997032166,0.84070116281509399,2.430774450302124,3.4583015441894531,4.7215161323547363,6.5968904495239258,-2.5899790883731715,2
distill:fred-price-return,DCOILWTICO,Laplace-q-fixed-bandwidth,10156,2.6899999999999977,-0.70476581358592938,-7.7860394221689759,-5.2026520291451863,-3.4353851973490785,-1.9685567113404996,-0.61887143600599293,0.72693214095503222,2.1801807633067671,3.9147855470293269,6.3953184470941338,-2.8126377142928476,2
distill:fred-price-return,DCOILWTICO,TimesFM-zero-shot,10156,2.6899999999999977,0.73882168531417847,0.70590883493423462,-2.8429210186004639,-1.467231273651123,-0.57606488466262817,0.11610535532236099,1.3702998161315918,2.0386638641357422,2.8427929878234863,4.1526856422424316,-2.3863657452781082,2
distill:fred-price-return,DCOILWTICO,TimesFM-laplace-qd,10156,2.6899999999999977,1.3901841640472412,1.2126662731170654,-3.4625976085662842,-1.5967068672180176,-0.34089809656143188,0.67168796062469482,2.1212871074676514,3.0924460887908936,4.2508559226989746,5.9977078437805176,-2.5350845372065263,2
distill:fred-price-return,DCOILWTICO,Laplace-q-fixed-bandwidth,10157,4.2199999999999989,-0.20350415371574412,-7.2143273658351976,-4.654913345766742,-2.9050716418856219,-1.4535349747041744,-0.11835366238919059,1.2129643927497562,2.6509877847566035,4.3683450251810765,6.8255875072626111,-3.0102615483703463,2
distill:fred-price-return,DCOILWTICO,TimesFM-zero-shot,10157,4.2199999999999989,0.88093829154968262,0.68866348266601562,-2.7980146408081055,-1.3709856271743774,-0.45432236790657043,0.24385431408882141,1.5020945072174072,2.1826682090759277,2.9973423480987549,4.2811756134033203,-2.8411896075015433,2
distill:fred-price-return,DCOILWTICO,TimesFM-laplace-qd,10157,4.2199999999999989,0.81935441493988037,0.4419933557510376,-4.0563621520996094,-2.1717588901519775,-0.90988743305206299,0.099676705896854401,1.5496175289154053,2.538724422454834,3.717592716217041,5.4420013427734375,-2.8550829265809452,2
distill:fred-price-return,DCOILWTICO,Laplace-q-fixed-bandwidth,10158,-1.2600000000000051,0.43557932423726053,-6.5478496435306033,-3.9998079606740142,-2.2568658106269046,-0.81046531171087399,0.52029523718807624,1.8472092850341391,3.2801531243899982,4.990736158166948,7.4369703482733831,-2.595364271143354,2
distill:fred-price-return,DCOILWTICO,TimesFM-zero-shot,10158,-1.2600000000000051,2.0651206970214844,1.9932305812835693,-1.989598274230957,-0.46639919281005859,0.53325510025024414,1.3354126214981079,2.7959120273590088,3.5709424018859863,4.5363092422485352,6.0771503448486328,-3.0224361504490105,2
distill:fred-price-return,DCOILWTICO,TimesFM-laplace-qd,10158,-1.2600000000000051,2.3380177021026611,2.1379885673522949,-3.0430159568786621,-1.0058258771896362,0.38073381781578064,1.5144031047821045,3.1944484710693359,4.2937679290771484,5.6387557983398438,7.6601533889770508,-2.6654486428588706,2
distill:fred-price-return,DCOILWTICO,Laplace-q-fixed-bandwidth,10159,0.14000000000000057,0.17153104762711124,-6.7013743704627293,-4.1880556168307068,-2.4722746441189702,-1.0510067169092301,0.25528451417647535,1.5577430788525117,2.9656094218927311,4.6492148766110875,7.0616180840175753,-2.4729762942359517,2
distill:fred-price-return,DCOILWTICO,TimesFM-zero-shot,10159,0.14000000000000057,0.8392188549041748,0.70074868202209473,-2.932964563369751,-1.4864951372146606,-0.55535602569580078,0.16997408866882324,1.5019999742507935,2.1921529769897461,3.0444135665893555,4.3771271705627441,-2.2996728561871724,2
distill:fred-price-return,DCOILWTICO,TimesFM-laplace-qd,10159,0.14000000000000057,1.3855631351470947,1.1005702018737793,-3.6371142864227295,-1.7041760683059692,-0.41233846545219421,0.62882083654403687,2.140146017074585,3.1319773197174072,4.3231039047241211,6.0643396377563477,-2.5191981756182518,2
distill:fred-price-return,DCOILWTICO,Laplace-q-fixed-bandwidth,10160,4.3299999999999983,0.14918015776803681,-6.5914308655248774,-4.1177722229642821,-2.4344419770310224,-1.0440130811061579,0.23191566163088173,1.5040194959101481,2.8810805643181916,4.5323815477932143,6.9060298784859313,-2.9573817958156523,2
distill:fred-price-return,DCOILWTICO,TimesFM-zero-shot,10160,4.3299999999999983,0.66841375827789307,0.6241115927696228,-2.6999039649963379,-1.4132500886917114,-0.58862036466598511,0.068309128284454346,1.2820689678192139,1.9188297986984253,2.7084765434265137,3.9654922485351562,-3.0227082388960484,2
distill:fred-price-return,DCOILWTICO,TimesFM-laplace-qd,10160,4.3299999999999983,0.95074272155761719,0.81171524524688721,-3.5268192291259766,-1.8182075023651123,-0.66175621747970581,0.27826535701751709,1.6446436643600464,2.5565323829650879,3.6614565849304199,5.3067073822021484,-2.8508088992327245,2
distill:fred-price-return,DCOILWTICO,Laplace-q-fixed-bandwidth,10161,3.2600000000000051,0.75447056200125084,-5.956274283538443,-3.494899239239952,-1.8190768973830587,-0.43429020052682427,0.83674367380469761,2.103970630266867,3.4754512428508835,5.119384377878557,7.4811601170975521,-2.6365119601738565,2
distill:fred-price-return,DCOILWTICO,TimesFM-zero-shot,10161,3.2600000000000051,1.5020182132720947,1.3802794218063354,-2.3656990528106689,-0.90001463890075684,0.057573989033699036,0.80955010652542114,2.1958115100860596,2.9183385372161865,3.7942376136779785,5.2077674865722656,-2.4062461522496754,2
distill:fred-price-return,DCOILWTICO,TimesFM-laplace-qd,10161,3.2600000000000051,1.2039639949798584,1.0070992708206177,-3.7120308876037598,-1.8374884128570557,-0.5676572322845459,0.46139860153198242,1.9779179096221924,2.9807999134063721,4.1814799308776855,5.9818897247314453,-2.6352187553870694,2
distill:fred-price-return,DCOILWTICO,Laplace-q-fixed-bandwidth,10162,-0.15999999999999659,1.134254435774575,-5.48271228809317,-3.0510154368165483,-1.3983374771973689,-0.034787804419255927,1.2157013097369038,2.4623995181709417,3.8127000033736809,5.433651211637466,7.7664931943617148,-2.5025914264905071,2
distill:fred-price-return,DCOILWTICO,TimesFM-zero-shot,10162,-0.15999999999999659,1.7353338003158569,1.5594481229782104,-2.0150661468505859,-0.58211624622344971,0.32188552618026733,1.0661141872406006,2.3869888782501221,3.0720353126525879,3.9232676029205322,5.2451663017272949,-2.0397848122571856,2
distill:fred-price-return,DCOILWTICO,TimesFM-laplace-qd,10162,-0.15999999999999659,1.6158431768417358,1.3258918523788452,-3.0148613452911377,-1.23872971534729,-0.060525193810462952,0.92331176996231079,2.3197400569915771,3.2587344646453857,4.3986678123474121,6.0573592185974121,-2.3488796289420018,2
distill:fred-price-return,DCOILWTICO,Laplace-q-fixed-bandwidth,10163,-10.400000000000006,0.93612500483607453,-5.5625727392319115,-3.166297160831971,-1.5427644109662213,-0.20679327146902654,1.0166723929063806,2.2363589837226607,3.5591214763628978,5.1510582096889506,7.4492473080830424,-4.8374427662447239,2
distill:fred-price-return,DCOILWTICO,TimesFM-zero-shot,10163,-10.400000000000006,1.323838472366333,1.1861555576324463,-1.9199656248092651,-0.67500889301300049,0.10817805677652359,0.74584650993347168,1.8988165855407715,2.5071127414703369,3.2584741115570068,4.4377713203430176,-22.658202967322989,2
distill:fred-price-return,DCOILWTICO,TimesFM-laplace-qd,10163,-10.400000000000006,1.5934574604034424,1.3982408046722412,-2.7717523574829102,-1.1086503267288208,0.0010218918323516846,0.93354427814483643,2.2767586708068848,3.1796162128448486,4.2648863792419434,5.8604340553283691,-15.932377985740047,2
distill:fred-price-return,DCOILWTICO,Laplace-q-fixed-bandwidth,10164,-1.4899999999999949,-0.76945500547839596,-7.7729430696528121,-5.2064394149979742,-3.457421367428311,-2.0113716605050653,-0.68377545849326626,0.63983384375293473,2.0719511597676092,3.787588384967532,6.2498957493184584,-2.5124897771767136,2
distill:fred-price-return,DCOILWTICO,TimesFM-zero-shot,10164,-1.4899999999999949,0.58968716859817505,0.33754822611808777,-3.8638579845428467,-2.1526732444763184,-1.0583176612854004,-0.18659608066082001,1.3535517454147339,2.1665322780609131,3.1490883827209473,4.6383228302001953,-2.2503815070759097,2
distill:fred-price-return,DCOILWTICO,TimesFM-laplace-qd,10164,-1.4899999999999949,1.502527117729187,1.0494941473007202,-4.0262341499328613,-1.8878660202026367,-0.46799468994140625,0.68595486879348755,2.3283243179321289,3.4033095836639404,4.6752886772155762,6.5057353973388672,-2.5430089506891775,2
distill:fred-price-return,DCOILWTICO,Laplace-q-fixed-bandwidth,10165,0.14999999999999147,-1.3414871410489297,-8.2119450245838017,-5.6850196618628868,-3.9686895743478177,-2.553767904943812,-1.2568033397570089,0.03618335858668735,1.4372071885439213,3.1202934560935081,5.5438945862238249,-2.5281403421348596,2
distill:fred-price-return,DCOILWTICO,TimesFM-zero-shot,10165,0.14999999999999147,0.74225884675979614,0.42353236675262451,-3.3732385635375977,-1.7808918952941895,-0.75874841213226318,0.028036512434482574,1.4445825815200806,2.1914746761322021,3.0851333141326904,4.4278392791748047,-2.3853011559621708,2
distill:fred-price-return,DCOILWTICO,TimesFM-laplace-qd,10165,0.14999999999999147,1.0892716646194458,0.68184804916381836,-4.1670370101928711,-2.1465625762939453,-0.78211313486099243,0.31177088618278503,1.8785010576248169,2.9185817241668701,4.1247482299804688,5.8595752716064453,-2.594975651352549,2
distill:fred-price-return,DCOILWTICO,Laplace-q-fixed-bandwidth,10166,-2.7199999999999989,-1.1172388744416732,-7.8614043201002417,-5.3719124093740138,-3.6867132300527823,-2.3013955153059413,-1.0334857129327752,0.23045795442869008,1.6019165349792561,3.2539973033812699,5.640950557365203,-2.5496494461406805,2
distill:fred-price-return,DCOILWTICO,TimesFM-zero-shot,10166,-2.7199999999999989,0.57869201898574829,0.43212020397186279,-2.9687931537628174,-1.5920902490615845,-0.71430635452270508,-0.036671474575996399,1.1996243000030518,1.8432285785675049,2.6371283531188965,3.8743393421173096,-3.440265233616933,2
distill:fred-price-return,DCOILWTICO,TimesFM-laplace-qd,10166,-2.7199999999999989,0.88374990224838257,0.60418856143951416,-3.829620361328125,-2.015758752822876,-0.79416489601135254,0.18950212001800537,1.5905172824859619,2.525068998336792,3.643402099609375,5.2798662185668945,-2.8736249868509223,2
distill:fred-price-return,DCOILWTICO,Laplace-q-fixed-bandwidth,10167,-5.2800000000000011,-1.3487816572470508,-7.9746389220205423,-5.5203077721297618,-3.8643769234237064,-2.50674901586068,-1.2659011734127235,-0.029004318468489807,1.3148108100540599,2.9377465047912263,5.2902544078536682,-2.9627665855905181,2
distill:fred-price-return,DCOILWTICO,TimesFM-zero-shot,10167,-5.2800000000000011,0.41962239146232605,0.24361458420753479,-3.5309953689575195,-1.9837123155593872,-1.0238722562789917,-0.27375912666320801,1.0913200378417969,1.7977888584136963,2.6540064811706543,3.9492008686065674,-6.2127609604251601,2
distill:fred-price-return,DCOILWTICO,TimesFM-laplace-qd,10167,-5.2800000000000011,0.99374401569366455,0.69050347805023193,-4.1075577735900879,-2.1239349842071533,-0.82658779621124268,0.23157636821269989,1.7530539035797119,2.7465724945068359,3.9184756278991699,5.5966687202453613,-5.3856690363188084,2
distill:fred-price-return,DCOILWTICO,Laplace-q-fixed-bandwidth,10168,0.30000000000001137,-1.9593376953712545,-8.5590693528014974,-6.1164367134112547,-4.4670822265610655,-3.1140094072471198,-1.8769244395958147,-0.64377097136554728,0.69555795554233324,2.3120779836534462,4.6533396741147284,-2.5847451282955607,2
distill:fred-price-return,DCOILWTICO,TimesFM-zero-shot,10168,0.30000000000001137,-0.14800488948822021,-0.21336036920547485,-4.0417904853820801,-2.5361969470977783,-1.5790672302246094,-0.83167433738708496,0.52740949392318726,1.2423485517501831,2.1043276786804199,3.4291598796844482,-2.3139457813416699,2
distill:fred-price-return,DCOILWTICO,TimesFM-laplace-qd,10168,0.30000000000001137,0.52004742622375488,0.32372087240219116,-4.4900717735290527,-2.5634856224060059,-1.2698177099227905,-0.22387364506721497,1.2626940011978149,2.2645013332366943,3.4376578330993652,5.1357636451721191,-2.5487962348441684,2
distill:fred-price-return,DCOILWTICO,Laplace-q-fixed-bandwidth,10169,-1.4900000000000091,-1.756532432906291,-8.2508284291333318,-5.8400895229431402,-4.2169050991642116,-2.8882816801501017,-1.6749299822363457,-0.46549121706325902,0.8494450401291711,2.439929164521438,4.7499655581121374,-2.4022408505874511,2
distill:fred-price-return,DCOILWTICO,TimesFM-zero-shot,10169,-1.4900000000000091,0.57396292686462402,0.50347137451171875,-3.0384418964385986,-1.6582245826721191,-0.76501071453094482,-0.074280709028244019,1.2164311408996582,1.8799617290496826,2.6930410861968994,3.9503412246704102,-2.0335720714907031,2
distill:fred-price-return,DCOILWTICO,TimesFM-laplace-qd,10169,-1.4900000000000091,0.8544304370880127,0.65095818042755127,-3.8397297859191895,-2.0536620616912842,-0.83830446004867554,0.14461818337440491,1.5630884170532227,2.5085890293121338,3.6345181465148926,5.2754583358764648,-2.3074029256850142,2
distill:fred-price-return,DCOILWTICO,Laplace-q-fixed-bandwidth,10170,4.7999999999999972,-1.7074519792644114,-8.0588099488247025,-5.6880268246572694,-4.1003932400064365,-2.8062051155495347,-1.6267102530762378,-0.45111249642698448,0.82942447450287304,2.3844186441272619,4.6550724270939963,-3.5661614582093311,2
distill:fred-price-return,DCOILWTICO,TimesFM-zero-shot,10170,4.7999999999999972,-0.05721089243888855,-0.060299962759017944,-3.3899710178375244,-2.1250476837158203,-1.2994444370269775,-0.65828943252563477,0.54471492767333984,1.1672153472900391,1.9186937808990479,3.1057868003845215,-3.6914844098185728,2
distill:fred-price-return,DCOILWTICO,TimesFM-laplace-qd,10170,4.7999999999999972,0.174978107213974,0.10550981760025024,-4.1641077995300293,-2.5160775184631348,-1.3850154876708984,-0.47458148002624512,0.82962310314178467,1.7090129852294922,2.7501523494720459,4.283447265625,-3.2645985240119004,2
distill:fred-price-return,DCOILWTICO,Laplace-q-fixed-bandwidth,10171,1.5100000000000051,-0.74721085663857412,-7.2191481269937281,-4.8165359780861134,-3.198821896860669,-1.8748603538988893,-0.66588260257157161,0.53917767532437155,1.84943739900024,3.4344266437417588,5.7363577175961211,-2.570198662743346,2
distill:fred-price-return,DCOILWTICO,TimesFM-zero-shot,10171,1.5100000000000051,1.0045520067214966,0.90387499332427979,-2.8999686241149902,-1.417533278465271,-0.45468276739120483,0.30784818530082703,1.6839170455932617,2.4036223888397217,3.282862663269043,4.6470589637756348,-2.3273787453241095,2
distill:fred-price-return,DCOILWTICO,TimesFM-laplace-qd,10171,1.5100000000000051,0.66947036981582642,0.53426933288574219,-4.3019852638244629,-2.4192891120910645,-1.1350631713867188,-0.077897876501083374,1.417393684387207,2.4190464019775391,3.6263558864593506,5.3991260528564453,-2.5495690950529055,2
distill:fred-price-return,DCOILWTICO,Laplace-q-fixed-bandwidth,10172,2.2900000000000063,-0.47932472813942323,-6.8468570362507482,-4.4756560282942939,-2.8839329810569101,-1.5842420747673582,-0.39878036353323476,0.78278446879722985,2.0688343642650917,3.6279631915414283,5.899111965396088,-2.6490716596992607,2
distill:fred-price-return,DCOILWTICO,TimesFM-zero-shot,10172,2.2900000000000063,0.96560633182525635,0.89202034473419189,-2.7299368381500244,-1.3425338268280029,-0.43076321482658386,0.3044012188911438,1.6251722574234009,2.3138837814331055,3.1469056606292725,4.4612216949462891,-2.3122689599492077,2
distill:fred-price-return,DCOILWTICO,TimesFM-laplace-qd,10172,2.2900000000000063,0.81378018856048584,0.66216039657592773,-3.7945022583007812,-2.0547633171081543,-0.86668407917022705,0.12820690870285034,1.5054473876953125,2.446007251739502,3.5554335117340088,5.1724200248718262,-2.5083921817241293,2
distill:fred-price-return,DCOILWTICO,Laplace-q-fixed-bandwidth,10173,-2.9300000000000068,-0.086006950624829562,-6.3695140210725043,-4.0248101075227858,-2.454072348451942,-1.1734271436188126,-0.0061746170424688933,1.1572041671694175,2.4242801074366858,3.9625765225281935,6.2078288675911395,-2.7096057119204628,2
distill:fred-price-return,DCOILWTICO,TimesFM-zero-shot,10173,-2.9300000000000068,0.87776607275009155,0.80812883377075195,-2.6900222301483154,-1.3341350555419922,-0.45759862661361694,0.24676242470741272,1.5087172985076904,2.1955783367156982,3.0150504112243652,4.2889995574951172,-4.1906975875636112,2
distill:fred-price-return,DCOILWTICO,TimesFM-laplace-qd,10173,-2.9300000000000068,0.72702711820602417,0.51730084419250488,-3.7376651763916016,-2.030482292175293,-0.88406890630722046,0.071257166564464569,1.3934087753295898,2.3102338314056396,3.3860819339752197,4.9450650215148926,-3.0647171477935493,2
distill:fred-price-return,DCOILWTICO,Laplace-q-fixed-bandwidth,10174,-2.5100000000000051,-0.51897005885866598,-6.7341798812309435,-4.4121102794001796,-2.8584579233214846,-1.5928570776014017,-0.43979154599260306,0.7094237555534515,1.9615311007976111,3.482907312106549,5.7061056629497138,-2.5392010769874309,2
distill:fred-price-return,DCOILWTICO,TimesFM-zero-shot,10174,-2.5100000000000051,0.022890821099281311,0.063292734324932098,-3.4441118240356445,-2.1347002983093262,-1.2886946201324463,-0.60913765430450439,0.65750908851623535,1.3316556215286255,2.1619038581848145,3.4282412528991699,-2.4717331644032883,2
distill:fred-price-return,DCOILWTICO,TimesFM-laplace-qd,10174,-2.5100000000000051,0.23945453763008118,0.2540295422077179,-4.1814022064208984,-2.5118238925933838,-1.3732389211654663,-0.431732177734375,0.92241501808166504,1.8481327295303345,2.9592924118041992,4.5623931884765625,-2.3359053430154977,2
distill:fred-price-return,DCOILWTICO,Laplace-q-fixed-bandwidth,10175,0.68000000000000682,-0.83841305040305192,-6.9512834421777097,-4.659836123396742,-3.1318308992505672,-1.8900665914885411,-0.7599758282204494,0.36629009710890914,1.5946334012628502,3.090494440043535,5.2836278158453371,-2.4193394149429883,2
distill:fred-price-return,DCOILWTICO,TimesFM-zero-shot,10175,0.68000000000000682,-0.0051675587892532349,0.037205487489700317,-3.3449687957763672,-2.0969188213348389,-1.2804286479949951,-0.62247836589813232,0.61332494020462036,1.2697027921676636,2.0799686908721924,3.333831787109375,-2.2409023915699855,2
distill:fred-price-return,DCOILWTICO,TimesFM-laplace-qd,10175,0.68000000000000682,0.25720959901809692,0.30054646730422974,-3.910506010055542,-2.3551609516143799,-1.2836698293685913,-0.38889196515083313,0.89194130897521973,1.775031566619873,2.8430285453796387,4.3925800323486328,-2.408384523968369,2
distill:fred-price-return,DCOILWTICO,Laplace-q-fixed-bandwidth,10176,-3.0999999999999943,-0.63871860528049595,-6.625991336465157,-4.3702280545363532,-2.8738525109318673,-1.6620704375391289,-0.56104297572047301,0.53618884260933575,1.7346249879166726,3.1989562321603886,5.3568649441366656,-2.6068367825523611,2
distill:fred-price-return,DCOILWTICO,TimesFM-zero-shot,10176,-3.0999999999999943,0.38741260766983032,0.34731781482696533,-3.2111730575561523,-1.8590331077575684,-0.98048537969589233,-0.26497936248779297,1.0404527187347412,1.7080131769180298,2.5381979942321777,3.8126900196075439,-3.7397139317074251,2
distill:fred-price-return,DCOILWTICO,TimesFM-laplace-qd,10176,-3.0999999999999943,0.4676898717880249,0.42955189943313599,-3.9186251163482666,-2.27294921875,-1.1405824422836304,-0.19540436565876007,1.1200950145721436,1.9951274394989014,3.0726618766784668,4.6269469261169434,-3.0826637871137699,2
distill:fred-price-return,DCOILWTICO,Laplace-q-fixed-bandwidth,10177,1.7800000000000011,-1.0112527409663423,-6.9181002360146708,-4.6878057685019394,-3.2117134567189529,-2.0180902886251939,-0.93424554229464218,0.14583261141290399,1.3261981023892457,2.7704112151941649,4.9033865636824023,-2.6204564562734411,2
distill:fred-price-return,DCOILWTICO,TimesFM-zero-shot,10177,1.7800000000000011,0.044250436127185822,0.059603437781333923,-3.6025600433349609,-2.2209055423736572,-1.3367923498153687,-0.62279164791107178,0.72165369987487793,1.4228755235671997,2.2896401882171631,3.620772123336792,-2.3853795735828935,2
distill:fred-price-return,DCOILWTICO,TimesFM-laplace-qd,10177,1.7800000000000011,0.15867625176906586,0.18537807464599609,-4.2748289108276367,-2.5998003482818604,-1.4698058366775513,-0.52815508842468262,0.82961475849151611,1.7535343170166016,2.8608341217041016,4.4667363166809082,-2.5219254151139072,2
distill:fred-price-return,DCOILWTICO,Laplace-q-fixed-bandwidth,10178,-2.1000000000000085,-0.64137389396054245,-6.4739278014858535,-4.267643071214664,-2.8103048156446855,-1.6332615356827693,-0.56501514037097433,0.49949375926633133,1.6633694103480061,3.0890009445879065,5.1985022277630328,-2.4019586409406921,2
distill:fred-price-return,DCOILWTICO,TimesFM-zero-shot,10178,-2.1000000000000085,0.2706565260887146,0.27102634310722351,-3.0127573013305664,-1.7732231616973877,-0.96382260322570801,-0.32095372676849365,0.859386146068573,1.4700294733047485,2.2164978981018066,3.4119868278503418,-2.3638517022125494,2
distill:fred-price-return,DCOILWTICO,TimesFM-laplace-qd,10178,-2.1000000000000085,0.00033849477767944336,0.043116234242916107,-3.9378561973571777,-2.4481234550476074,-1.4251670837402344,-0.58017808198928833,0.58166199922561646,1.3876067399978638,2.3531451225280762,3.814150333404541,-2.0796671021693056,2
distill:fred-price-return,DCOILWTICO,Laplace-q-fixed-bandwidth,10179,-2.9599999999999937,-0.87425339475544983,-6.5870233195622614,-4.4151697540901402,-2.9883235645922612,-1.8396617751752393,-0.79861188479318623,0.23873987330766233,1.3743405253922207,2.7696169234726158,4.8450722496632457,-2.5013065677193547,2
distill:fred-price-return,DCOILWTICO,TimesFM-zero-shot,10179,-2.9599999999999937,0.29433673620223999,0.22838938236236572,-3.1604053974151611,-1.8403044939041138,-1.0025966167449951,-0.33416926860809326,0.89679372310638428,1.5442337989807129,2.3378007411956787,3.55307936668396,-3.5487295442644351,2
distill:fred-price-return,DCOILWTICO,TimesFM-laplace-qd,10179,-2.9599999999999937,0.72186779975891113,0.58183932304382324,-3.5769710540771484,-1.9332599639892578,-0.82618355751037598,0.076169312000274658,1.33678138256073,2.2074041366577148,3.2305002212524414,4.7302756309509277,-3.2422733947739673,2
distill:fred-price-return,DCOILWTICO,Laplace-q-fixed-bandwidth,10180,-3.9699999999999989,-1.2030115534092052,-6.8221598736597837,-4.6789484041934806,-3.2759637052155388,-2.1487906980689453,-1.1280451107931722,-0.11095976717552417,1.003263400270789,2.3748562657370313,4.4221289093310983,-2.6573494659345642,2
distill:fred-price-return,DCOILWTICO,TimesFM-zero-shot,10180,-3.9699999999999989,-0.53942960500717163,-0.53529632091522217,-3.9577746391296387,-2.659264087677002,-1.8226468563079834,-1.1570854187011719,0.072824493050575256,0.71754074096679688,1.4908146858215332,2.6995642185211182,-3.8920567585348795,2
distill:fred-price-return,DCOILWTICO,TimesFM-laplace-qd,10180,-3.9699999999999989,-0.4121243953704834,-0.45809543132781982,-4.6643028259277344,-3.0514829158782959,-1.9579460620880127,-1.0620806217193604,0.20540913939476013,1.0703245401382446,2.0830478668212891,3.578946590423584,-3.1736031586627687,2
distill:fred-price-return,DCOILWTICO,Laplace-q-fixed-bandwidth,10181,-4.8500000000000085,-1.6568911924638878,-7.2196653313045278,-5.0962283465810323,-3.7074839514539226,-2.5922700345943634,-1.582519781746484,-0.57640184646825887,0.52595417493667773,1.883499573018605,3.9115488161556313,-2.7730478336947568,2
distill:fred-price-return,DCOILWTICO,TimesFM-zero-shot,10181,-4.8500000000000085,-0.77599531412124634,-0.7928537130355835,-4.2806496620178223,-2.9273426532745361,-2.081157922744751,-1.4051158428192139,-0.15167850255966187,0.51451766490936279,1.3146190643310547,2.518104076385498,-4.6606388757125448,2
distill:fred-price-return,DCOILWTICO,TimesFM-laplace-qd,10181,-4.8500000000000085,-0.40840896964073181,-0.38543236255645752,-4.6197433471679688,-3.0045850276947021,-1.9301712512969971,-1.0474288463592529,0.18729209899902344,1.0502493381500244,2.057098388671875,3.5124979019165039,-4.3975818180654285,2
distill:fred-price-return,DCOILWTICO,Laplace-q-fixed-bandwidth,10182,0.85000000000000853,-2.2301474105435548,-7.7632413996539444,-5.6528165019644145,-4.2713979358241563,-3.1614800927976621,-2.1562892018202451,-1.1547121071790378,-0.057582704893442804,1.2928199579043438,3.3084349005971916,-2.6759750926312815,2
distill:fred-price-return,DCOILWTICO,TimesFM-zero-shot,10182,0.85000000000000853,-1.7319141626358032,-1.6225709915161133,-5.1654934883117676,-3.8539154529571533,-3.0225899219512939,-2.3597791194915771,-1.112729549407959,-0.45371013879776001,0.35671150684356689,1.607761025428772,-2.5550098573445243,2
distill:fred-price-return,DCOILWTICO,TimesFM-laplace-qd,10182,0.85000000000000853,-1.5435932874679565,-1.3358480930328369,-5.654299259185791,-4.0914463996887207,-3.0483236312866211,-2.1826562881469727,-0.95272010564804077,-0.099813796579837799,0.91539257764816284,2.4158296585083008,-2.5974043269609131,2
distill:fred-price-return,DCOILWTICO,Laplace-q-fixed-bandwidth,10183,-0.30000000000001137,-1.9395650198244281,-7.4243654331094904,-5.3316271608069163,-3.9623587942011165,-2.8623982086713093,-1.8662731367481415,-0.87373668892773426,0.21352082025062219,1.5519632572666924,3.5504492632818412,-2.3431303906837764,2
distill:fred-price-return,DCOILWTICO,TimesFM-zero-shot,10183,-0.30000000000001137,-0.59438639879226685,-0.62907522916793823,-3.7548115253448486,-2.5367522239685059,-1.7755577564239502,-1.1615890264511108,-0.038151305168867111,0.55685245990753174,1.2709318399429321,2.3618457317352295,-2.1302932212503731,2
distill:fred-price-return,DCOILWTICO,TimesFM-laplace-qd,10183,-0.30000000000001137,-0.89735716581344604,-0.92377358675003052,-4.7814607620239258,-3.2882051467895508,-2.3064050674438477,-1.4847968816757202,-0.35576960444450378,0.44651815295219421,1.3814926147460938,2.7377414703369141,-2.2945756281108678,2
distill:fred-price-return,DCOILWTICO,Laplace-q-fixed-bandwidth,10184,-1.4099999999999966,-1.7105438300455271,-7.0775307162547119,-5.019077481721288,-3.6801072099711205,-2.60782490295259,-1.6379359220449885,-0.67158627105919833,0.3881322449479353,1.6964611703831389,3.6609894672462517,-2.1852613117135578,2
distill:fred-price-return,DCOILWTICO,TimesFM-zero-shot,10184,-1.4099999999999966,-0.41233885288238525,-0.3720763623714447,-3.7297942638397217,-2.4659793376922607,-1.6594017744064331,-1.0159932374954224,0.16980788111686707,0.80511409044265747,1.5524578094482422,2.71441650390625,-2.0755428934301463,2
distill:fred-price-return,DCOILWTICO,TimesFM-laplace-qd,10184,-1.4099999999999966,-0.62623357772827148,-0.52639299631118774,-4.5746340751647949,-3.0738334655761719,-2.0637557506561279,-1.226428747177124,-0.065790861845016479,0.75878685712814331,1.704438328742981,3.1008138656616211,-2.3029095800292909,2
distill:fred-price-return,DCOILWTICO,Laplace-q-fixed-bandwidth,10185,-4.3199999999999932,-1.6648123562747521,-6.8813931833534028,-4.8651027857650551,-3.5652334005693103,-2.5288240733167129,-1.5928954552824655,-0.66043782635042247,0.36359781178298445,1.6330411392221631,3.555523006145108,-2.6113788786159553,2
distill:fred-price-return,DCOILWTICO,TimesFM-zero-shot,10185,-4.3199999999999932,-1.056963324546814,-1.0231423377990723,-4.1022796630859375,-2.9293899536132812,-2.1971051692962646,-1.6085319519042969,-0.51969903707504272,0.071416221559047699,0.7697635293006897,1.8657339811325073,-4.1140719841221154,2
distill:fred-price-return,DCOILWTICO,TimesFM-laplace-qd,10185,-4.3199999999999932,-1.2611626386642456,-1.1796821355819702,-4.8710818290710449,-3.4871628284454346,-2.5705633163452148,-1.8072260618209839,-0.76601642370223999,-0.0014615505933761597,0.87834423780441284,2.174607515335083,-3.1572631730817236,2
distill:fred-price-return,DCOILWTICO,Laplace-q-fixed-bandwidth,10186,-3.2000000000000028,-2.0631008204615973,-7.2288978682250944,-5.2311666228912168,-3.9441315563567114,-2.9181907726431149,-1.9917616670960543,-1.0687751656221121,-0.055111833423755863,1.2017071256617857,3.1062014585393536,-2.24341638013356,2
distill:fred-price-return,DCOILWTICO,TimesFM-zero-shot,10186,-3.2000000000000028,-1.0415774583816528,-0.98590880632400513,-4.1326508522033691,-2.947270393371582,-2.2040417194366455,-1.6080573797225952,-0.4813726544380188,0.12812727689743042,0.87154734134674072,2.0388054847717285,-2.2160484995748173,2
distill:fred-price-return,DCOILWTICO,TimesFM-laplace-qd,10186,-3.2000000000000028,-0.96717458963394165,-0.85527884960174561,-4.7386875152587891,-3.2943429946899414,-2.3366899490356445,-1.5417721271514893,-0.4288160502910614,0.37304118275642395,1.3241170644760132,2.724635124206543,-2.0898860235119496,2
distill:fred-price-return,DCOILWTICO,Laplace-q-fixed-bandwidth,10187,1.25,-2.3614943010486233,-7.3986288567820413,-5.43897387163857,-4.1855054914310506,-3.189403362082857,-2.2908386226175774,-1.3956475877618844,-0.41161827326958034,0.81192288733466189,2.6785907365049826,-2.8511534528285951,2
distill:fred-price-return,DCOILWTICO,TimesFM-zero-shot,10187,1.25,-1.6725412607192993,-1.5359684228897095,-4.6290650367736816,-3.4842185974121094,-2.7770748138427734,-2.2038969993591309,-1.1386979818344116,-0.55126094818115234,0.15793001651763916,1.2748188972473145,-2.7248948235700698,2
distill:fred-price-return,DCOILWTICO,TimesFM-laplace-qd,10187,1.25,-1.5591902732849121,-1.2885657548904419,-5.1179375648498535,-3.7505278587341309,-2.8511037826538086,-2.0947144031524658,-1.0684723854064941,-0.29957777261734009,0.60582518577575684,1.9473615884780884,-2.6974134998311627,2
distill:fred-price-return,DCOILWTICO,Laplace-q-fixed-bandwidth,10188,-2.3700000000000045,-1.8711867456153959,-6.9142544279330647,-4.9578179402442508,-3.7021795841196732,-2.7028647733548903,-1.800937895639388,-0.90238803467210826,0.08486032134528447,1.310682358942213,3.1747777083409234,-2.1386097262777568,2
distill:fred-price-return,DCOILWTICO,TimesFM-zero-shot,10188,-2.3700000000000045,-0.59355735778808594,-0.59962433576583862,-3.7428884506225586,-2.5425138473510742,-1.7747108936309814,-1.1602499485015869,-0.035906706005334854,0.54945987462997437,1.2693724632263184,2.415621280670166,-1.8508844844094585,2
distill:fred-price-return,DCOILWTICO,TimesFM-laplace-qd,10188,-2.3700000000000045,-0.92493355274200439,-0.82201546430587769,-4.7920351028442383,-3.3279809951782227,-2.3398013114929199,-1.5197505950927734,-0.37992960214614868,0.40925917029380798,1.355597972869873,2.7642550468444824,-2.0890459393472516,2
distill:fred-price-return,DCOILWTICO,Laplace-q-fixed-bandwidth,10189,1.5700000000000074,-1.9868546561365545,-6.8833050300235286,-4.9698306816790421,-3.7526673229760696,-2.7874533541033824,-1.9172934987027159,-1.0504278066436687,-0.097033035635203158,1.0906579275367201,2.9119463590192938,-2.841560115622916,2
distill:fred-price-return,DCOILWTICO,TimesFM-zero-shot,10189,1.5700000000000074,-0.72913014888763428,-0.7341313362121582,-3.7162971496582031,-2.568608283996582,-1.8395512104034424,-1.2615723609924316,-0.20311100780963898,0.35846292972564697,1.0494436025619507,2.126176118850708,-2.4365853685896264,2
distill:fred-price-return,DCOILWTICO,TimesFM-laplace-qd,10189,1.5700000000000074,-0.77879345417022705,-0.69371974468231201,-4.3143458366394043,-2.9667222499847412,-2.0589737892150879,-1.3075768947601318,-0.29627850651741028,0.44027000665664673,1.3130087852478027,2.6013927459716797,-2.53026792175294,2
distill:fred-price-return,DCOILWTICO,Laplace-q-fixed-bandwidth,10190,-1.3100000000000023,-1.473909771955582,-6.379544766158971,-4.4681415011316261,-3.2478964131695918,-2.2788127958582551,-1.4047468476671776,-0.53398219096324184,0.42327550272427272,1.6141354824307694,3.4340050606296786,-2.0812079952984792,2
distill:fred-price-return,DCOILWTICO,TimesFM-zero-shot,10190,-1.3100000000000023,-0.32043758034706116,-0.34456455707550049,-3.4547851085662842,-2.2656440734863281,-1.4976447820663452,-0.88191121816635132,0.24932235479354858,0.83438742160797119,1.5637754201889038,2.7127265930175781,-2.0089984781325518,2
distill:fred-price-return,DCOILWTICO,TimesFM-laplace-qd,10190,-1.3100000000000023,-0.77657383680343628,-0.71594655513763428,-4.5350384712219238,-3.1184115409851074,-2.1540539264678955,-1.3474713563919067,-0.23392361402511597,0.54500854015350342,1.486443042755127,2.8800766468048096,-2.2792657560649605,2
distill:fred-price-return,DCOILWTICO,Laplace-q-fixed-bandwidth,10191,-0.82000000000000739,-1.4903754573271886,-6.2430704439720053,-4.3770654056011118,-3.1971003989612186,-2.2632915859534197,-1.421904640287813,-0.58372660304076118,0.33853758437077952,1.4895292191828591,3.2641534870937035,-2.0706246414854679,2
distill:fred-price-return,DCOILWTICO,TimesFM-zero-shot,10191,-0.82000000000000739,-0.74761325120925903,-0.72925388813018799,-3.6966655254364014,-2.5747523307800293,-1.8604180812835693,-1.2811825275421143,-0.21039393544197083,0.36020240187644958,1.0620009899139404,2.1598918437957764,-2.1005140064048864,2
distill:fred-price-return,DCOILWTICO,TimesFM-laplace-qd,10191,-0.82000000000000739,-1.1010355949401855,-0.99220371246337891,-4.5938258171081543,-3.2686135768890381,-2.3746190071105957,-1.6223444938659668,-0.61828440427780151,0.12598223984241486,1.0082607269287109,2.3030464649200439,-2.2033815643334025,2
distill:fred-price-return,DCOILWTICO,Laplace-q-fixed-bandwidth,10192,-0.0099999999999909051,-1.3959354544568554,-5.9997339655919806,-4.1797667962965344,-3.039072128694885,-2.138806748319185,-1.3281765672046431,-0.52065723224103633,0.36837330654073036,1.4806005563105624,3.2094698609247674,-2.1528105207103083,2
distill:fred-price-return,DCOILWTICO,TimesFM-zero-shot,10192,-0.0099999999999909051,-0.82487607002258301,-0.78185570240020752,-3.7792658805847168,-2.6488518714904785,-1.9288370609283447,-1.3550292253494263,-0.29392266273498535,0.27235859632492065,0.95839774608612061,2.0631012916564941,-2.0964979949555169,2
distill:fred-price-return,DCOILWTICO,TimesFM-laplace-qd,10192,-0.0099999999999909051,-1.0993458032608032,-0.98403120040893555,-4.6262044906616211,-3.2841858863830566,-2.3768112659454346,-1.6231759786605835,-0.6089249849319458,0.13647836446762085,1.0106959342956543,2.326019287109375,-2.2628278413456102,2
distill:fred-price-return,DCOILWTICO,Laplace-q-fixed-bandwidth,10193,-0.13000000000000966,-1.1955616480436231,-5.6760969800077881,-3.8964987637700266,-2.7881325953009903,-1.9147441697564656,-1.1285157316299426,-0.34531295211682167,0.51711954606851585,1.5975287607000483,3.2865350473020176,-2.0656264379758262,2
distill:fred-price-return,DCOILWTICO,TimesFM-zero-shot,10193,-0.13000000000000966,-0.49435433745384216,-0.46656030416488647,-3.2735521793365479,-2.2329947948455811,-1.5530797243118286,-1.0038342475891113,0.012419428676366806,0.55637151002883911,1.2139180898666382,2.2680349349975586,-2.0417729879334687,2
distill:fred-price-return,DCOILWTICO,TimesFM-laplace-qd,10193,-0.13000000000000966,-0.80206257104873657,-0.70302325487136841,-4.0206303596496582,-2.817542552947998,-1.9824403524398804,-1.2835993766784668,-0.35282877087593079,0.3479214608669281,1.161131739616394,2.3873300552368164,-2.1541236762981679,2
distill:fred-price-return,DCOILWTICO,Laplace-q-fixed-bandwidth,10194,1.9300000000000068,-1.0482117300111955,-5.3921960075510889,-3.6581134065331895,-2.5855799819957017,-1.7415914239702317,-0.98191245445676056,-0.22516071114548747,0.60819926853495176,1.6533989758998213,3.2974969182258551,-2.660162957263319,2
distill:fred-price-return,DCOILWTICO,TimesFM-zero-shot,10194,1.9300000000000068,-0.57199394702911377,-0.56570076942443848,-3.0244376659393311,-2.099987268447876,-1.5128982067108154,-1.0281809568405151,-0.11970966309309006,0.37290909886360168,0.96432876586914062,1.8839564323425293,-2.5666207365349027,2
distill:fred-price-return,DCOILWTICO,TimesFM-laplace-qd,10194,1.9300000000000068,-0.69162458181381226,-0.63270866870880127,-3.6410741806030273,-2.5311992168426514,-1.7781360149383545,-1.1416165828704834,-0.28348922729492188,0.36319965124130249,1.108904242515564,2.1973505020141602,-2.6210718264533246,2
distill:fred-price-return,DCOILWTICO,Laplace-q-fixed-bandwidth,10195,3.0300000000000011,-0.61804749780022594,-4.9554393619750492,-3.226848372666737,-2.155335589365833,-1.3116818387362281,-0.55222100538670904,0.20431056841357204,1.0373370084083837,2.0815807825279631,3.7208096258850021,-2.9334376335190724,2
distill:fred-price-return,DCOILWTICO,TimesFM-zero-shot,10195,3.0300000000000011,-0.1661703884601593,-0.2238444983959198,-2.899094820022583,-1.8675901889801025,-1.2100769281387329,-0.66944921016693115,0.32152834534645081,0.85361975431442261,1.5007141828536987,2.4812271595001221,-2.9251942618677309,2
distill:fred-price-return,DCOILWTICO,TimesFM-laplace-qd,10195,3.0300000000000011,-0.51824897527694702,-0.55208891630172729,-3.8522624969482422,-2.5978331565856934,-1.7511615753173828,-1.0312021970748901,-0.044794157147407532,0.67182552814483643,1.5081163644790649,2.7054760456085205,-2.985863138505672,2
distill:fred-price-return,DCOILWTICO,Laplace-q-fixed-bandwidth,10196,-1.4099999999999966,-0.074899089833292937,-4.4600589116689866,-2.7195820909501061,-1.6346819811941571,-0.77939766472482019,-0.0093209353640164132,0.75778291519217533,1.6023050172718931,2.6597554139851534,4.3113397019206907,-2.1553558819755043,2
distill:fred-price-return,DCOILWTICO,TimesFM-zero-shot,10196,-1.4099999999999966,0.21682840585708618,0.16961416602134705,-2.6439614295959473,-1.5834624767303467,-0.88657879829406738,-0.31085506081581116,0.74567538499832153,1.3242146968841553,2.0182240009307861,3.0924122333526611,-1.7458014990482402,2
distill:fred-price-return,DCOILWTICO,TimesFM-laplace-qd,10196,-1.4099999999999966,0.0081503614783287048,-0.079804882407188416,-3.4516327381134033,-2.1591076850891113,-1.2664713859558105,-0.50890332460403442,0.51250177621841431,1.2788306474685669,2.1714675426483154,3.4701530933380127,-2.0009850808936251,2
distill:fred-price-return,DCOILWTICO,Laplace-q-fixed-bandwidth,10197,-0.70000000000000284,-0.18553259610835943,-4.4608718682905719,-2.7576882243993488,-1.7014471556216986,-0.86958767810629856,-0.1206535082790593,0.62538587946988444,1.4467443989097351,2.4760462756872332,4.0909664338555691,-1.9679746904142608,2
distill:fred-price-return,DCOILWTICO,TimesFM-zero-shot,10197,-0.70000000000000284,-0.41067540645599365,-0.45550769567489624,-3.0356748104095459,-2.0442461967468262,-1.4049398899078369,-0.88747221231460571,0.071249432861804962,0.59011274576187134,1.1971724033355713,2.1376497745513916,-1.9938778589625314,2
distill:fred-price-return,DCOILWTICO,TimesFM-laplace-qd,10197,-0.70000000000000284,-0.5628020167350769,-0.64335232973098755,-3.6647684574127197,-2.4884171485900879,-1.6829133033752441,-1.0135209560394287,-0.11597710847854614,0.55338925123214722,1.3114571571350098,2.4142916202545166,-2.0873923739011975,2
distill:fred-price-return,DCOILWTICO,Laplace-q-fixed-bandwidth,10198,6.75,-0.27770048231399092,-4.4088726868953447,-2.7547067685585045,-1.7362264956379099,-0.93498752184967593,-0.21358522732470231,0.50502962184855105,1.2961295768976842,2.2883874748927235,3.8550389566976895,-4.3174587527487729,2
distill:fred-price-return,DCOILWTICO,TimesFM-zero-shot,10198,6.75,-0.57512199878692627,-0.58530211448669434,-3.2923905849456787,-2.2712507247924805,-1.6129249334335327,-1.0706145763397217,-0.074531793594360352,0.46714591979980469,1.1063824892044067,2.0933575630187988,-6.5311653816278428,2
distill:fred-price-return,DCOILWTICO,TimesFM-laplace-qd,10198,6.75,-0.71159744262695312,-0.80879664421081543,-3.8729081153869629,-2.6747653484344482,-1.8672393560409546,-1.1811467409133911,-0.25015696883201599,0.43114075064659119,1.2058125734329224,2.3360934257507324,-5.7271779297504652,2
distill:fred-price-return,DCOILWTICO,Laplace-q-fixed-bandwidth,10199,1.2399999999999949,0.73312887043443853,-3.7397723095149487,-1.9725752997311701,-0.86850087569056145,0.0025292107592304156,0.78725285813077428,1.5696840563562748,2.4324156354955391,3.5153340483430151,5.2140085099467033,-1.9932479045707547,2
distill:fred-price-return,DCOILWTICO,TimesFM-zero-shot,10199,1.2399999999999949,0.77015596628189087,0.92930144071578979,-2.6269757747650146,-1.4016988277435303,-0.57351428270339966,0.11956212669610977,1.427004337310791,2.1468274593353271,3.0177335739135742,4.3925151824951172,-2.3193260213274272,2
distill:fred-price-return,DCOILWTICO,TimesFM-laplace-qd,10199,1.2399999999999949,0.48726904392242432,0.78097468614578247,-3.4226813316345215,-2.0000088214874268,-0.9957892894744873,-0.12611076235771179,1.1028909683227539,2.0147385597229004,3.090090274810791,4.6960597038269043,-2.4277014676687445,2
distill:fred-price-return,DCOILWTICO,Laplace-q-fixed-bandwidth,10200,0.29000000000000625,1.445161652863171,-2.8767687920607705,-1.1588523318608734,-0.094480888359440018,0.74371791474703286,1.4987019836121216,2.2514733781064238,3.0816356807535041,4.1253271456410037,5.775031481297928,-2.0927209468171002,2
distill:fred-price-return,DCOILWTICO,TimesFM-zero-shot,10200,0.29000000000000625,0.41530740261077881,0.48449873924255371,-2.8280422687530518,-1.6519427299499512,-0.85535448789596558,-0.19917885959148407,1.0253852605819702,1.7072131633758545,2.5249159336090088,3.7840490341186523,-2.2469512987896554,2
distill:fred-price-return,DCOILWTICO,TimesFM-laplace-qd,10200,0.29000000000000625,0.26344567537307739,0.38123646378517151,-3.4737644195556641,-2.1060428619384766,-1.1421211957931519,-0.31489473581314087,0.81826049089431763,1.6713713407516479,2.6714613437652588,4.1309809684753418,-2.3241065544012418,2
distill:fred-price-return,DCOILWTICO,Laplace-q-fixed-bandwidth,10201,-0.70000000000000284,1.2408789201271986,-2.9598682241508194,-1.2838163953318635,-0.25099747481880097,0.5617370309102061,1.2938414579506445,2.0237982379898383,2.8287162762409124,3.8412953283459745,5.4496257415799967,-2.322473987105143,2
distill:fred-price-return,DCOILWTICO,TimesFM-zero-shot,10201,-0.70000000000000284,0.10038222372531891,0.17534120380878448,-2.7143616676330566,-1.678622841835022,-1.0079241991043091,-0.4432024359703064,0.63196128606796265,1.2260640859603882,1.9471422433853149,3.0631937980651855,-1.9823991688114824,2
distill:fred-price-return,DCOILWTICO,TimesFM-laplace-qd,10201,-0.70000000000000284,-0.13807061314582825,0.021436907351016998,-3.3376977443695068,-2.1599979400634766,-1.3480048179626465,-0.64281189441680908,0.35465344786643982,1.1001551151275635,1.9864480495452881,3.2951226234436035,-2.1642408557829267,2
distill:fred-price-return,DCOILWTICO,Laplace-q-fixed-bandwidth,10202,3.4000000000000057,0.90946840719136979,-2.8586532903522119,-1.1894648222483357,-0.69459515483593293,-0.052483571967361392,0.77501438927000721,1.5569296133638297,2.3891451786570048,3.4105602563358781,5.0123213605793095,-2.5547397259678739,2
distill:fred-price-return,DCOILWTICO,TimesFM-zero-shot,10202,3.4000000000000057,-0.13558447360992432,-0.090723998844623566,-3.1642029285430908,-2.0455596446990967,-1.3072905540466309,-0.69789016246795654,0.43589991331100464,1.0543688535690308,1.7838391065597534,2.8992123603820801,-2.9830504435215666,2
distill:fred-price-return,DCOILWTICO,TimesFM-laplace-qd,10202,3.4000000000000057,-0.16922333836555481,-0.099718637764453888,-3.543081521987915,-2.2922501564025879,-1.4207817316055298,-0.67237567901611328,0.33051919937133789,1.0874871015548706,1.9686753749847412,3.2564229965209961,-2.9789082177875912,2
distill:fred-price-return,DCOILWTICO,Laplace-q-fixed-bandwidth,10203,0.94999999999998863,1.2502717908198233,-2.8498188761494578,-1.2128952098303269,-0.20529774649421872,0.5877581527412179,1.3022980353110523,2.0147353956607299,2.8001355074706806,3.7878753296340202,5.3580344980615742,-1.8987094914031464,2
distill:fred-price-return,DCOILWTICO,TimesFM-zero-shot,10203,0.94999999999998863,0.39081078767776489,0.417671799659729,-2.8162164688110352,-1.6463168859481812,-0.8763735294342041,-0.22582787275314331,0.97682201862335205,1.6258057355880737,2.4320669174194336,3.6347193717956543,-2.225207281031369,2
distill:fred-price-return,DCOILWTICO,TimesFM-laplace-qd,10203,0.94999999999998863,0.3909456729888916,0.45416024327278137,-3.1452085971832275,-1.844272255897522,-0.94180095195770264,-0.15734864771366119,0.89041662216186523,1.6822984218597412,2.6494488716125488,4.0232582092285156,-2.2742847787126692,2
distill:fred-price-return,DEXJPUS,Laplace-q-fixed-bandwidth,13856,0.00031437643693177364,5.0173866496262507e-05,-0.0054528775695563648,-0.0031794720149993108,-0.0018270457527773008,-0.00080065266880313094,0.00010910747856642531,0.0010169030118563731,0.0020360155591445462,0.0033692386306945219,0.0055835947647734164,4.7672738736596756,2
distill:fred-price-return,DEXJPUS,TimesFM-zero-shot,13856,0.00031437643693177364,0.00057158153504133224,0.00049195211613550782,-0.0062651894986629486,-0.0038070646114647388,-0.0021238839253783226,-0.00074501900235190988,0.0018892986699938774,0.0032805853988975286,0.0049396208487451077,0.0073455274105072021,3.9123666210104164,2
distill:fred-price-return,DEXJPUS,TimesFM-laplace-qd,13856,0.00031437643693177364,0.00059630005853250623,0.0004974778275936842,-0.0051564439199864864,-0.0030078862328082323,-0.001454236451536417,-0.00015207278192974627,0.0013632557820528746,0.0026728594675660133,0.0041871964931488037,0.0062679373659193516,4.2104636147877059,2
distill:fred-price-return,DEXJPUS,Laplace-q-fixed-bandwidth,13857,-0.0061166126948428712,5.9816950990468582e-05,-0.0052010915285750541,-0.003004761805859478,-0.0017201808503669183,-0.00074618214018291917,0.00011812205148545904,0.00098058505190204252,0.0019477242448691797,0.0032138410554678545,0.0053506615282560106,3.1077519263443145,2
distill:fred-price-return,DEXJPUS,TimesFM-zero-shot,13857,-0.0061166126948428712,0.00049028790090233088,0.00045000744285061955,-0.0059440354816615582,-0.0036022709682583809,-0.0020366376265883446,-0.00074225594289600849,0.0017362493090331554,0.0030337413772940636,0.0045929388143122196,0.0068934126757085323,2.3463659483851638,2
distill:fred-price-return,DEXJPUS,TimesFM-laplace-qd,13857,-0.0061166126948428712,0.00034230542951263487,0.00032504004775546491,-0.0052410713396966457,-0.0031197960488498211,-0.0016392715042456985,-0.00038549484452232718,0.0010792243992909789,0.0023343777284026146,0.0037974254228174686,0.0058373454958200455,1.7614965223775401,2
distill:fred-price-return,DEXJPUS,Laplace-q-fixed-bandwidth,13858,0.0035358036584298702,-8.4904239053203691e-05,-0.0056099290321164341,-0.0033348907336757947,-0.0019745318446180282,-0.00094167589021392504,-2.6459706332954933e-05,0.00088677646889355585,0.0019123081666003743,0.0032534726679635398,0.0054702667561271987,4.0109905262127654,2
distill:fred-price-return,DEXJPUS,TimesFM-zero-shot,13858,0.0035358036584298702,0.00043660597293637693,0.00046251370804384351,-0.0065235784277319908,-0.0040566450916230679,-0.0023374066222459078,-0.00091603904729709029,0.0017947286833077669,0.0032258210703730583,0.0049572018906474113,0.0074397576972842216,3.856026832165385,2
distill:fred-price-return,DEXJPUS,TimesFM-laplace-qd,13858,0.0035358036584298702,0.00042840436799451709,0.00047561884275637567,-0.0054036658257246017,-0.0032730661332607269,-0.001698291627690196,-0.00035591662162914872,0.0012115794233977795,0.0025495844893157482,0.0041323392651975155,0.0062683979049324989,3.9800483247580885,2
distill:fred-price-return,DEXJPUS,Laplace-q-fixed-bandwidth,13859,0.004590481257104706,1.2676043299933475e-05,-0.0055062725264355544,-0.0032403919988481748,-0.0018797012146880079,-0.00084568893401901083,7.056347161841432e-05,0.00098483450491968242,0.0020115270628126491,0.0033531369813601854,0.0055615957343800124,3.6903972658602866,2
distill:fred-price-return,DEXJPUS,TimesFM-zero-shot,13859,0.004590481257104706,0.00028131797444075346,0.00033094448735937476,-0.0066164527088403702,-0.0041867746040225029,-0.0024821781553328037,-0.0010644515277817845,0.0016387506620958447,0.0030586142092943192,0.0047835083678364754,0.007258550263941288,3.7746592044389158,2
distill:fred-price-return,DEXJPUS,TimesFM-laplace-qd,13859,0.004590481257104706,0.00011387540143914521,0.00018825780716724694,-0.0056316312402486801,-0.0035420490894466639,-0.001988948555663228,-0.00065544038079679012,0.00089755083899945021,0.0022277804091572762,0.0038023546803742647,0.00592770054936409,3.7536407635323989,2
distill:fred-price-return,DEXJPUS,Laplace-q-fixed-bandwidth,13860,0.00062719520370180248,0.00011233259549675971,-0.0054892673089771121,-0.0032084975324775371,-0.0018221352370560002,-0.00076601168565032659,0.00016980991692706161,0.001103603650903054,0.0021522750089960924,0.0035195092008222738,0.0057440457755367352,4.7290133746117213,2
distill:fred-price-return,DEXJPUS,TimesFM-zero-shot,13860,0.00062719520370180248,0.00040055307908914983,0.00045114991371519864,-0.0064376075752079487,-0.004032445140182972,-0.0023369442205876112,-0.00094070727936923504,0.0017366710817441344,0.0031505506485700607,0.0048491531051695347,0.0073098200373351574,3.8995433876788588,2
distill:fred-price-return,DEXJPUS,TimesFM-laplace-qd,13860,0.00062719520370180248,0.00029274483676999807,0.00034861252061091363,-0.0054246382787823677,-0.0033524278551340103,-0.00179152877535671,-0.00047386260121129453,0.0010650269687175751,0.0023966538719832897,0.0039496268145740032,0.0060703260824084282,4.1934677035941963,2
distill:fred-price-return,DEXJPUS,Laplace-q-fixed-bandwidth,13861,-0.00031354843012376676,0.00011791926373382201,-0.0052575611831967364,-0.003041708616886725,-0.0017193184572369662,-0.00071518086745530588,0.00017482939311438668,0.00106292411188696,0.002059972772824633,0.0033637339578807914,0.0055227001209539883,4.7720932938792098,2
distill:fred-price-return,DEXJPUS,TimesFM-zero-shot,13861,-0.00031354843012376676,0.00011087043094448745,0.00012450315989553928,-0.0067929956130683422,-0.0043484191410243511,-0.0026452078018337488,-0.0012358800740912557,0.0014530030312016606,0.0028646788559854031,0.0045729102566838264,0.0070258448831737041,3.8890666248191597,2
distill:fred-price-return,DEXJPUS,TimesFM-laplace-qd,13861,-0.00031354843012376676,3.6474899388849735e-05,4.1778956074267626e-05,-0.0057336599566042423,-0.0036225509829819202,-0.0020633584354072809,-0.00073793833144009113,0.00081140582915395498,0.002139930846169591,0.0037069078534841537,0.0058180592022836208,4.1885120865030245,2
distill:fred-price-return,DEXJPUS,Laplace-q-fixed-bandwidth,13862,-0.00056463504119363961,0.00011218890633738137,-0.0050348124260227566,-0.0028907914411445525,-0.0016324900302636348,-0.00067818510522222133,0.00016849525274455511,0.0010133775002457654,0.0019609846601032141,0.0032013265593580763,0.0052880111801167484,4.7937419990074321,2
distill:fred-price-return,DEXJPUS,TimesFM-zero-shot,13862,-0.00056463504119363961,5.9154728660359979e-05,4.3440813897177577e-05,-0.0065544918179512024,-0.0041973297484219074,-0.0025651298929005861,-0.0012253094464540482,0.0013317965203896165,0.0026717514265328646,0.0042821448296308517,0.006599728949368,3.938790772355333,2
distill:fred-price-return,DEXJPUS,TimesFM-laplace-qd,13862,-0.00056463504119363961,-5.8083125622943044e-05,-8.5805979324504733e-05,-0.005655242595821619,-0.0035898142959922552,-0.00207374501042068,-0.00080223358236253262,0.00067632691934704781,0.0019500288181006908,0.0034338843543082476,0.0054453951306641102,4.2344036519880142,2
distill:fred-price-return,DEXJPUS,Laplace-q-fixed-bandwidth,13863,-0.00037660055679822335,0.00010417570581241998,-0.0048214596844450694,-0.0027534798751304166,-0.0015561471046569319,-0.00064752095174169084,0.00015984019177704418,0.00096551263802909415,0.0018678319849438549,0.0030479870199569556,0.0050585454395438555,4.8608732488671507,2
distill:fred-price-return,DEXJPUS,TimesFM-zero-shot,13863,-0.00037660055679822335,0.000274300342425704,0.00025011022808030248,-0.0061503616161644459,-0.0038512356113642454,-0.0022748352494090796,-0.00097614189144223928,0.0015161354094743729,0.002824690192937851,0.004396253265440464,0.0066848997958004475,3.9663579322383766,2
distill:fred-price-return,DEXJPUS,TimesFM-laplace-qd,13863,-0.00037660055679822335,0.00027916592080146074,0.00026437241467647254,-0.0051762047223746777,-0.0031570033170282841,-0.0016975033795461059,-0.0004543688555713743,0.00097894109785556793,0.0022185121197253466,0.0036741863004863262,0.0056629669852554798,4.263394211028503,2
distill:fred-price-return,DEXJPUS,Laplace-q-fixed-bandwidth,13864,0.0015055520063587124,0.00010241563038143083,-0.0045957574017669936,-0.0026120139812637997,-0.0014759426488072068,-0.00061188136907181704,0.00015740187821052892,0.00092510813665488121,0.0017832646010419923,0.0029030625761547516,0.0048297106095731637,4.7605345089743007,2
distill:fred-price-return,DEXJPUS,TimesFM-zero-shot,13864,0.0015055520063587124,7.3171861004084349e-05,3.8548314478248358e-05,-0.0068505336530506611,-0.0043873428367078304,-0.0026776923332363367,-0.0012667609844356775,0.001392591162584722,0.0027880622074007988,0.0044639622792601585,0.0068740872666239738,3.9189768509218625,2
distill:fred-price-return,DEXJPUS,TimesFM-laplace-qd,13864,0.0015055520063587124,-6.8900641053915024e-05,-0.00010805705096572638,-0.0058262725360691547,-0.0037074238061904907,-0.0021547272335737944,-0.00083909538807347417,0.00067531911190599203,0.0019706001039594412,0.0034822653979063034,0.0055327308364212513,4.1717234426649643,2
distill:fred-price-return,DEXJPUS,Laplace-q-fixed-bandwidth,13865,0.0043782907068825594,0.00015052965491153385,-0.0043684973418562046,-0.0024559987694204636,-0.0013666918711734246,-0.0005360105926773104,0.00020481841922331164,0.00094415340004750195,0.0017692395763644817,0.0028430350726783415,0.0046992183979952277,3.681470488242959,2
distill:fred-price-return,DEXJPUS,TimesFM-zero-shot,13865,0.0043782907068825594,0.00052875664550811052,0.00054489035392180085,-0.0057246019132435322,-0.0034763035364449024,-0.0019477291498333216,-0.00068423955235630274,0.0017305277287960052,0.0029880772344768047,0.0045093228109180927,0.0067549273371696472,3.8861230551545276,2
distill:fred-price-return,DEXJPUS,TimesFM-laplace-qd,13865,0.0043782907068825594,0.00054862594697624445,0.00061877351254224777,-0.0047558560036122799,-0.0027909646742045879,-0.0013834838755428791,-0.00018358015222474933,0.0012390888296067715,0.0024510105140507221,0.0038734558038413525,0.005875058937817812,3.8822307056945675,2
distill:fred-price-return,DEXJPUS,Laplace-q-fixed-bandwidth,13866,-0.022532431080696469,0.00026943655419149506,-0.0043756618308583538,-0.002416248046206985,-0.0012922373810858151,-0.00043746525029535969,0.00032340370164235229,0.0010827125397586089,0.0019316450528212934,0.0030395897883122749,0.0049429917035874356,-8.3075056886526273,2
distill:fred-price-return,DEXJPUS,TimesFM-zero-shot,13866,-0.022532431080696469,0.00049504020716995001,0.00046359666157513857,-0.0060535352677106857,-0.0037227999418973923,-0.0021144654601812363,-0.00078076100908219814,0.0017636861884966493,0.00308261439204216,0.0046880701556801796,0.0070284274406731129,-13.263240170487219,2
distill:fred-price-return,DEXJPUS,TimesFM-laplace-qd,13866,-0.022532431080696469,0.00043360519339330494,0.00042543874587863684,-0.0051144100725650787,-0.0030790702439844608,-0.001592254382558167,-0.00032492546597495675,0.0011662569595500827,0.0024161972105503082,0.0039016040973365307,0.0059450007975101471,-21.86726583970783,2
distill:fred-price-return,DEXJPUS,Laplace-q-fixed-bandwidth,13867,0.00063812139233831999,-0.00024855244305443952,-0.0069124301772349869,-0.0041162345947359418,-0.0024774108732025669,-0.0012391535143148509,-0.00014330534771679295,0.00094896884666806499,0.0021739274694659791,0.0037772348815750135,0.0064615619151432513,4.5550182403821644,2
distill:fred-price-return,DEXJPUS,TimesFM-zero-shot,13867,0.00063812139233831999,0.00021071948867756873,9.160191984847188e-05,-0.0073613501153886318,-0.0046404823660850525,-0.0027632154524326324,-0.001238078810274601,0.0016472598072141409,0.0031250282190740108,0.0049242246896028519,0.0074790846556425095,3.8400117637553715,2
distill:fred-price-return,DEXJPUS,TimesFM-laplace-qd,13867,0.00063812139233831999,0.00069030409213155508,0.00049971207045018673,-0.0060426006093621254,-0.0035446342080831528,-0.0017328097019344568,-0.00023255019914358854,0.0015897809062153101,0.0030262288637459278,0.0047273281961679459,0.007012947928160429,4.0678043923141978,2
distill:fred-price-return,DEXJPUS,Laplace-q-fixed-bandwidth,13868,0.0028665178719924356,-0.00031824511571635771,-0.0066924113994317243,-0.0039922907291895645,-0.0024343813733746075,-0.0012573255749672903,-0.00021417910656668801,0.00082561803091090011,0.0019901584210372915,0.0035140388668203158,0.0061017789247386342,4.1611937743731691,2
distill:fred-price-return,DEXJPUS,TimesFM-zero-shot,13868,0.0028665178719924356,0.00043129027471877635,0.00036123543395660818,-0.0065010460093617439,-0.0039658211171627045,-0.002272794721648097,-0.00087605975568294525,0.0017296872101724148,0.0030736704356968403,0.004705505445599556,0.0070941038429737091,3.9338829955194874,2
distill:fred-price-return,DEXJPUS,TimesFM-laplace-qd,13868,0.0028665178719924356,0.00041152257472276688,0.00020746792142745107,-0.0058956090360879898,-0.0034960366319864988,-0.0018292318563908339,-0.00042054773075506091,0.0012579222675412893,0.0026033308822661638,0.0041963392868638039,0.0064104450866580009,4.053024932880648,2
distill:fred-price-return,DEXJPUS,Laplace-q-fixed-bandwidth,13869,0.0029851716410416174,-0.00025335687838687728,-0.0065104952212002264,-0.0038557298661273209,-0.0023285439177327355,-0.0011741004019753874,-0.00015046185787974837,0.00086990901701757039,0.0020121387433964777,0.0035060036875378575,0.0060493880499586077,4.1483645756116907,2
distill:fred-price-return,DEXJPUS,TimesFM-zero-shot,13869,0.0029851716410416174,0.0007059636409394443,0.00059677631361410022,-0.0062860669568181038,-0.0037380692083388567,-0.0020228845532983541,-0.00062003626953810453,0.0020352783612906933,0.0033985336776822805,0.0050625000149011612,0.0074743647128343582,3.9230371082003708,2
distill:fred-price-return,DEXJPUS,TimesFM-laplace-qd,13869,0.0029851716410416174,0.00057257036678493023,0.000313605647534132,-0.005679471418261528,-0.0033108952920883894,-0.0016645705327391624,-0.00027687527472153306,0.0014286739751696587,0.0027636915910989046,0.0043511213734745979,0.006537972018122673,4.0588402487029684,2
distill:fred-price-return,DEXJPUS,Laplace-q-fixed-bandwidth,13870,-0.0078951129571507295,-0.00018756750864243945,-0.0063394116459575562,-0.0037264554534499781,-0.0022265877763783986,-0.0010921730798028381,-8.5830488466102605e-05,0.00091731754050057319,0.002039785659113948,0.0035069822117989678,0.0060096493236051884,2.8184556868538269,2
distill:fred-price-return,DEXJPUS,TimesFM-zero-shot,13870,-0.0078951129571507295,0.0011424230178818107,0.00089972838759422302,-0.0055940793827176094,-0.0030988301150500774,-0.0014341182541102171,-9.8222808446735144e-05,0.0023644289467483759,0.003623501630499959,0.0051313587464392185,0.0073670181445777416,0.86503932051450094,2
distill:fred-price-return,DEXJPUS,TimesFM-laplace-qd,13870,-0.0078951129571507295,0.0011679724557325244,0.00073199422331526875,-0.0048770378343760967,-0.002542311092838645,-0.00092443334870040417,0.00040084397187456489,0.0019711488857865334,0.0032092530746012926,0.0046349014155566692,0.0066765910014510155,-0.18505511098829153,2
distill:fred-price-return,DEXJPUS,Laplace-q-fixed-bandwidth,13871,0.00025565639919378214,-0.00026987275469906479,-0.006789366329161179,-0.0040564967222827021,-0.0024526803286644286,-0.0012404712137936997,-0.00016760727397723701,0.00090177508935200209,0.0021010383457754685,0.0036703248354744361,0.0062946901448815203,4.5967023510287524,2
distill:fred-price-return,DEXJPUS,TimesFM-zero-shot,13871,0.00025565639919378214,0.00065981259103864431,0.00029241517768241465,-0.0063979695551097393,-0.0037516639567911625,-0.0020061924587935209,-0.00063271599356085062,0.0019184998236596584,0.0032064709812402725,0.0047161225229501724,0.0069078695960342884,3.9505740862327459,2
distill:fred-price-return,DEXJPUS,TimesFM-laplace-qd,13871,0.00025565639919378214,0.0012365808943286538,0.00055354606593027711,-0.0052634421736001968,-0.0027216449379920959,-0.00099063711240887642,0.00040716415969654918,0.0020677635911852121,0.0033567268401384354,0.0048063518479466438,0.0067896223627030849,4.1460973376904455,2
distill:fred-price-return,DEXJPUS,Laplace-q-fixed-bandwidth,13872,0.0010219724956925802,-0.0002926340294068235,-0.0065208500727432835,-0.0038840403576536437,-0.0023616787877979331,-0.0012111961000333946,-0.00019151158023223783,0.0008249161611946726,0.0019632348560870714,0.0034525402741555238,0.0059802642719554537,4.574227517642881,2
distill:fred-price-return,DEXJPUS,TimesFM-zero-shot,13872,0.0010219724956925802,0.00082537636626511812,0.00074734631925821304,-0.0060849916189908981,-0.003598479088395834,-0.0018951402744278312,-0.0005051733460277319,0.0021373932249844074,0.0035001724027097225,0.0051630125381052494,0.0075630671344697475,3.92152183876685,2
distill:fred-price-return,DEXJPUS,TimesFM-laplace-qd,13872,0.0010219724956925802,0.0012256052577868104,0.0011383930686861277,-0.0047919685021042824,-0.0025411937385797501,-0.0009298236109316349,0.00041502394014969468,0.0020337505266070366,0.0033472464419901371,0.0048951907083392143,0.0070241582579910755,4.1725849877605938,2
distill:fred-price-return,DEXJPUS,Laplace-q-fixed-bandwidth,13873,0.0025503711860057621,-0.00026115940824176186,-0.0062269870955309857,-0.0036849662133301726,-0.0022341716916354747,-0.0011361253495159726,-0.00016125522965308796,0.00081055595321656397,0.0018971473691839088,0.0033164240381925092,0.0057497015488636033,4.2772659193941731,2
distill:fred-price-return,DEXJPUS,TimesFM-zero-shot,13873,0.0025503711860057621,0.00023630938085261732,2.8548995032906532e-05,-0.006488084327429533,-0.004020247608423233,-0.0023618540726602077,-0.0010289495112374425,0.0014713718555867672,0.0027484658639878035,0.0042744632810354233,0.0065330229699611664,3.9925953267945591,2
distill:fred-price-return,DEXJPUS,TimesFM-laplace-qd,13873,0.0025503711860057621,0.00019423916819505394,-0.00023857320775277913,-0.005755256861448288,-0.0034676056820899248,-0.0018787133740261197,-0.00058458035346120596,0.00096411362756043673,0.0021929794456809759,0.0036071981303393841,0.0056041581556200981,4.1469646516069787,2
distill:fred-price-return,DEXJPUS,Laplace-q-fixed-bandwidth,13874,0.0042573535312602218,-0.00021101737330053285,-0.0060431244466733151,-0.0035543255719234518,-0.002138379589281262,-0.0010655390955756562,-0.0001122952789088133,0.00083798250184513503,0.0018997123366066549,0.0032849835454052435,0.0056662059939212358,3.7490272577015276,2
distill:fred-price-return,DEXJPUS,TimesFM-zero-shot,13874,0.0042573535312602218,0.00018187306704930961,7.7367265475913882e-05,-0.006491372361779213,-0.0040706982836127281,-0.0024217818863689899,-0.0010820373427122831,0.001445527421310544,0.0027634601574391127,0.0043386220932006836,0.0066291159018874168,3.8496498502165291,2
distill:fred-price-return,DEXJPUS,TimesFM-laplace-qd,13874,0.0042573535312602218,2.5436369469389319e-05,-0.00010403626947663724,-0.0056908624246716499,-0.0035336813889443874,-0.0019985123071819544,-0.0007215608493424952,0.00077242590487003326,0.0020300333853811026,0.0034711521584540606,0.005473193246871233,3.8244241226051106,2
distill:fred-price-return,DEXJPUS,Laplace-q-fixed-bandwidth,13875,0.00082395821489367194,-0.0001394127419225541,-0.0060258198499559381,-0.0035214693037071455,-0.0020888373941268506,-0.0010043334840221406,-4.1564903794338615e-05,0.0009181863156579441,0.0019914000409989975,0.0033930371766971237,0.0057911237292226176,4.6678835872329367,2
distill:fred-price-return,DEXJPUS,TimesFM-zero-shot,13875,0.00082395821489367194,0.00050807330990210176,0.0002764229429885745,-0.0060264794155955315,-0.0036217081360518932,-0.002004444133490324,-0.00071323511656373739,0.0017141011776402593,0.0029568825848400593,0.004429984837770462,0.0066016274504363537,4.0190384525473775,2
distill:fred-price-return,DEXJPUS,TimesFM-laplace-qd,13875,0.00082395821489367194,0.0005450984463095665,0.00013592964387498796,-0.0050848424434661865,-0.0029107313603162766,-0.0014031400205567479,-0.00017424573889002204,0.0012607522075995803,0.0024433934595435858,0.0037786571774631739,0.0056504146195948124,4.2954126002356761,2
distill:fred-price-return,DEXJPUS,Laplace-q-fixed-bandwidth,13876,0.0015193722851982727,-0.00010440219194822367,-0.0057212134931915997,-0.0033200141458615308,-0.0019594200890337451,-0.00092660806408368182,-7.8042627098782505e-06,0.00090817916551826788,0.0019304233848801908,0.0032617153525144695,0.0055576616914927365,4.6026797487460973,2
distill:fred-price-return,DEXJPUS,TimesFM-zero-shot,13876,0.0015193722851982727,0.00043644869583658874,0.00029565149452537298,-0.0063384887762367725,-0.0038957537617534399,-0.0022137435153126717,-0.00085411057807505131,0.0017075861105695367,0.0030253748409450054,0.004609646275639534,0.0069119352847337723,3.9709290633388417,2
distill:fred-price-return,DEXJPUS,TimesFM-laplace-qd,13876,0.0015193722851982727,0.00056984042748808861,0.00032484947587363422,-0.0052618761546909809,-0.0030561862513422966,-0.0014815944014117122,-0.00019108047126792371,0.0013286720495671034,0.0025767339393496513,0.0040158778429031372,0.0059892511926591396,4.2320821950674778,2
distill:fred-price-return,DEXJPUS,Laplace-q-fixed-bandwidth,13877,0.0038513795751926594,-8.0064412980913001e-05,-0.0054726965220144629,-0.0031630247308691954,-0.0018605401418872269,-0.00086873633523372484,1.5253236614045564e-05,0.00089657802236282815,0.0018783993131620642,0.0031530650142400883,0.0053592781357277419,3.9014709932736151,2
distill:fred-price-return,DEXJPUS,TimesFM-zero-shot,13877,0.0038513795751926594,0.00046214708709158003,0.00021365337306633592,-0.0058104032650589943,-0.0034635604824870825,-0.0019237275701016188,-0.00069035420892760158,0.0015787517186254263,0.0027356073260307312,0.0041212504729628563,0.0061390213668346405,4.0054219579605563,2
distill:fred-price-return,DEXJPUS,TimesFM-laplace-qd,13877,0.0038513795751926594,0.00057958706747740507,0.00017220100562553853,-0.0046434379182755947,-0.0025939815677702427,-0.001213632058352232,-7.6084426837041974e-05,0.0011906332802027464,0.0022485603112727404,0.0034598996862769127,0.0051378845237195492,4.0792499230515755,2
distill:fred-price-return,DEXJPUS,Laplace-q-fixed-bandwidth,13878,0.00088183427231314226,-2.6819268117645983e-05,-0.0054424234889877219,-0.0031254860763425853,-0.0018157769329263543,-0.00081962990841601201,6.7577972251704716e-05,0.00095209694374734886,0.0019381702055289013,0.003219873358250437,0.0054342114691228963,4.7494618553924566,2
distill:fred-price-return,DEXJPUS,TimesFM-zero-shot,13878,0.00088183427231314226,0.00040178501512855291,-7.5121060945093632e-05,-0.0057572657242417336,-0.0033997334539890289,-0.0019139595096930861,-0.00072168058250099421,0.0014624434988945723,0.0025534059386700392,0.0038796120788902044,0.0058100423775613308,4.1416266162655733,2
distill:fred-price-return,DEXJPUS,TimesFM-laplace-qd,13878,0.00088183427231314226,0.00025043121422640979,-0.00040333395008929074,-0.0052489065565168858,-0.0030637835152447224,-0.001640020520426333,-0.00047121880925260484,0.00090696499682962894,0.0019617951475083828,0.0031966748647391796,0.0049082408659160137,4.3723586685757239,2
distill:fred-price-return,DEXJPUS,Laplace-q-fixed-bandwidth,13879,0.0017613390727015954,-3.12275726698699e-07,-0.005158511594007046,-0.0029493429338945079,-0.0017055523918858265,-0.00075546086889024134,9.2763267198965366e-05,0.00093847448955078653,0.0018791589945082027,0.0030966791832060083,0.005205661498523589,4.6231661242783044,2
distill:fred-price-return,DEXJPUS,TimesFM-zero-shot,13879,0.0017613390727015954,0.00087747088400647044,0.00046007521450519562,-0.0052449768409132957,-0.0028870720416307449,-0.0014119050465524197,-0.00024303403915837407,0.0019320871215313673,0.0030071260407567024,0.0043108733370900154,0.0061985854990780354,4.1656613747416174,2
distill:fred-price-return,DEXJPUS,TimesFM-laplace-qd,13879,0.0017613390727015954,0.0011236905120313168,0.00053791340906172991,-0.0041739684529602528,-0.0020485508721321821,-0.000672282709274441,0.00045706756645813584,0.0017480601090937853,0.0027689742855727673,0.0039706411771476269,0.0056191608309745789,4.4158703787665967,2
distill:fred-price-return,DEXJPUS,Laplace-q-fixed-bandwidth,13880,-0.0016983806567143489,2.3419736802589095e-05,-0.004942312822554756,-0.0028174647689652344,-0.001621552202708492,-0.00070476486935443683,0.00011519258566234687,0.00093276423681412928,0.0018406233136688305,0.003011578219634842,0.0050389133265070418,4.5867669597358631,2
distill:fred-price-return,DEXJPUS,TimesFM-zero-shot,13880,-0.0016983806567143489,0.00061630248092114925,0.00022666042787022889,-0.0051971161738038063,-0.0029929818119853735,-0.001589382765814662,-0.00045741521171294153,0.0016359002329409122,0.0026930654421448708,0.003974555991590023,0.0058738901279866695,4.336750808143484,2
distill:fred-price-return,DEXJPUS,TimesFM-laplace-qd,13880,-0.0016983806567143489,0.00056695006787776947,0.00012086342030670494,-0.0043746302835643291,-0.0024362336844205856,-0.0011484501883387566,-8.2507118349894881e-05,0.0011645646300166845,0.0021648320835083723,0.0033380831591784954,0.0050007584504783154,4.4915122635499332,2
distill:fred-price-return,DEXJPUS,Laplace-q-fixed-bandwidth,13881,0.0020125792956768862,4.9586163412524177e-06,-0.0047948752180702403,-0.0027445048797864243,-0.0015891266067327254,-0.0007005280278766146,9.544278053240539e-05,0.00088913198431171084,0.001769204314216964,0.0029007534547427277,0.0048563949489557924,4.5857477203714261,2
distill:fred-price-return,DEXJPUS,TimesFM-zero-shot,13881,0.0020125792956768862,0.00077074521686881781,0.00038494414184242487,-0.0052654310129582882,-0.0029691867530345917,-0.0015022708103060722,-0.00033447222085669637,0.0018339060479775071,0.0029336428269743919,0.00424958486109972,0.0061693885363638401,4.1609414977124235,2
distill:fred-price-return,DEXJPUS,TimesFM-laplace-qd,13881,0.0020125792956768862,0.001060310285538435,0.00051053846254944801,-0.0039918143302202225,-0.0019725156016647816,-0.00064711057348176837,0.00043170980643481016,0.0016918686451390386,0.002721723634749651,0.0039026355370879173,0.0055424673482775688,4.4236193528599177,2
distill:fred-price-return,DEXJPUS,Laplace-q-fixed-bandwidth,13882,0.00025128785155459354,1.9844231102120319e-05,-0.0046288764438780217,-0.0026474608103440166,-0.0015285240364644496,-0.00066529027804076405,0.00010904783609485298,0.00088119795986953738,0.0017362625349575988,0.0028323914503590722,0.0047219386164468018,4.9375504240905652,2
distill:fred-price-return,DEXJPUS,TimesFM-zero-shot,13882,0.00025128785155459354,0.00094528443878516555,0.00046383970766328275,-0.0051704822108149529,-0.0028604806866496801,-0.0013576279161497951,-0.00017428630962967873,0.0020130921620875597,0.0031133890151977539,0.0044053196907043457,0.0063073188066482544,4.09740403127085,2
distill:fred-price-return,DEXJPUS,TimesFM-laplace-qd,13882,0.00025128785155459354,0.0011805982794612646,0.00044325133785605431,-0.003984854556620121,-0.0019347539637237787,-0.00055772287305444479,0.00054659473244100809,0.0018132820259779692,0.0028481606859713793,0.0039964946918189526,0.0055991960689425468,4.387562133853451,2
distill:fred-price-return,DEXJPUS,Laplace-q-fixed-bandwidth,13883,0.0010045204260054064,3.0263842127717266e-05,-0.004381668645293952,-0.0025112054361476977,-0.0014485527375150519,-0.00062379703018797868,0.00011799381586803445,0.00085774348290329212,0.0016748918937479979,0.0027163725213329051,0.0044998558323743965,4.9023421247780652,2
distill:fred-price-return,DEXJPUS,TimesFM-zero-shot,13883,0.0010045204260054064,0.0010302140144631267,0.00057049741735681891,-0.0047977673821151257,-0.0025624665431678295,-0.0011452070903033018,-1.3007869711145759e-05,0.0020350867416709661,0.0030749065335839987,0.0042929626069962978,0.0061002369038760662,4.1805894340469241,2
distill:fred-price-return,DEXJPUS,TimesFM-laplace-qd,13883,0.0010045204260054064,0.0011955287773162127,0.00059136201161891222,-0.0036940835416316986,-0.0017186407931149006,-0.00044120574602857232,0.00060779671184718609,0.0017881831154227257,0.0027755580376833677,0.0038741438183933496,0.0054314467124640942,4.4694033798354491,2
distill:fred-price-return,DEXJPUS,Laplace-q-fixed-bandwidth,13884,0.00069002292359332529,4.1508929737221046e-05,-0.0041703536740289766,-0.002395476003591893,-0.0013795261282233701,-0.00058681212769595074,0.0001277731639365093,0.0008404348058556714,0.0016260023396279816,0.0026221407843537107,0.0043148245769286768,4.9887455220106744,2
distill:fred-price-return,DEXJPUS,TimesFM-zero-shot,13884,0.00069002292359332529,0.0011380310170352459,0.0008841168018989265,-0.0036357028875499964,-0.001787509536370635,-0.00063205882906913757,0.00028015527641400695,0.001982125686481595,0.0028699131216853857,0.0039080893620848656,0.005558365024626255,4.3517596883343508,2
distill:fred-price-return,DEXJPUS,TimesFM-laplace-qd,13884,0.00069002292359332529,0.0012128385715186596,0.00089427561033517122,-0.0027446344029158354,-0.0011448831064626575,-0.00010657162056304514,0.00075872690649703145,0.0017026499845087528,0.0025456815492361784,0.0034780176356434822,0.0049068210646510124,4.6604520852329419,2
distill:fred-price-return,DEXJPUS,Laplace-q-fixed-bandwidth,13885,-0.0011293764533339967,5.2851296870439635e-05,-0.0039612533388734827,-0.0022822362967500837,-0.001311841070024429,-0.00055039767339740511,0.0001375943218226395,0.00082377789385827097,0.0015785186558426986,0.0025304340581526353,0.004132463466952843,4.8575573873353539,2
distill:fred-price-return,DEXJPUS,TimesFM-zero-shot,13885,-0.0011293764533339967,0.00080448028165847063,0.00034667874570004642,-0.0042148754000663757,-0.0022538718767464161,-0.0010359880980104208,-8.1098289228975773e-05,0.0016679534455761313,0.0025702547281980515,0.0036391397006809711,0.0052954233251512051,4.4548910128388846,2
distill:fred-price-return,DEXJPUS,TimesFM-laplace-qd,13885,-0.0011293764533339967,0.00093885068781673908,0.00038293906254693866,-0.0033706254325807095,-0.0016072556609287858,-0.00048949278425425291,0.00042872806079685688,0.0014571113279089332,0.0023300726898014545,0.0033192131668329239,0.0047854133881628513,4.5685391074880988,2
distill:fred-price-return,DEXJPUS,Laplace-q-fixed-bandwidth,13886,-0.00037674243821239628,4.0461152970098513e-05,-0.0038264157913433725,-0.0022186158831301126,-0.0012819845030827574,-0.00054405541241849226,0.00012378124582614248,0.00078989280205548794,0.0015214390957625768,0.0024405521976686708,0.0039754365597116604,5.0574665111235602,2
distill:fred-price-return,DEXJPUS,TimesFM-zero-shot,13886,-0.00037674243821239628,0.00082827737787738442,0.00043921315227635205,-0.0039340918883681297,-0.0020847397390753031,-0.00092735257931053638,-7.4183626566082239e-06,0.0016445141518488526,0.0024813809432089329,0.0034888884983956814,0.0050608459860086441,4.4087108052400943,2
distill:fred-price-return,DEXJPUS,TimesFM-laplace-qd,13886,-0.00037674243821239628,0.00093397527234628797,0.0004427302919793874,-0.0030552241951227188,-0.0014300550101324916,-0.0003878647112287581,0.00047153758350759745,0.0013920478522777557,0.0021955370903015137,0.0030994592234492302,0.0044440636411309242,4.6737428647792729,2
distill:fred-price-return,DEXJPUS,Laplace-q-fixed-bandwidth,13887,0.0026968563493179332,2.902917896634778e-05,-0.0036672057914482088,-0.0021429127671417723,-0.0012450800920075756,-0.0005340383228619901,0.00011080043700381623,0.00075400919120222737,0.00145903736224188,0.0023404662178710426,0.0037968069774095082,4.3458965628678818,2
distill:fred-price-return,DEXJPUS,TimesFM-zero-shot,13887,0.0026968563493179332,0.00067027355544269085,0.0002444717101752758,-0.0042297830805182457,-0.0023229806683957577,-0.0011419219663366675,-0.00020341211347840726,0.0015351357869803905,0.0024223120417445898,0.0034632794559001923,0.0050972690805792809,4.3380990775909822,2
distill:fred-price-return,DEXJPUS,TimesFM-laplace-qd,13887,0.0026968563493179332,0.00080635142512619495,0.00031360425055027008,-0.003473685821518302,-0.0017442130483686924,-0.00064265448600053787,0.00026707650977186859,0.001348400954157114,0.0022306265309453011,0.0032320874743163586,0.004743094090372324,4.444173048607059,2
distill:fred-price-return,DEXJPUS,Laplace-q-fixed-bandwidth,13888,0.0012518779802199731,5.5982790059478052e-05,-0.0036171136657000918,-0.0021010946878921521,-0.0012091758644106145,-0.00050324391496201328,0.00013680374851253674,0.00077523075203990975,0.0014751844036947491,0.0023507851496720948,0.0037992000045506537,4.9673494534770981,2
distill:fred-price-return,DEXJPUS,TimesFM-zero-shot,13888,0.0012518779802199731,0.00095569639233872294,0.00057302124332636595,-0.0042493361979722977,-0.002242411719635129,-0.00098315253853797913,3.2406853279098868e-05,0.0018713078461587429,0.0028046939987689257,0.0039191870018839836,0.0056476565077900887,4.302174036537167,2
distill:fred-price-return,DEXJPUS,TimesFM-laplace-qd,13888,0.0012518779802199731,0.00097313616424798965,0.00052406010217964649,-0.003489889670163393,-0.0016917642205953598,-0.00052477972349151969,0.00043946588994003832,0.0015257229097187519,0.0024361526593565941,0.0034796821419149637,0.0050139511004090309,4.5591205554107272,2
distill:fred-price-return,DEXJPUS,Laplace-q-fixed-bandwidth,13889,0.00068786545563170876,8.8523364436634156e-05,-0.0034515633309296009,-0.0020000322871293651,-0.0011384192150597256,-0.00045378875157777397,0.00016790887450583619,0.00078805966703994349,0.0014669916225105231,0.0023131311508913649,0.0037009354797572693,5.1300770144961128,2
distill:fred-price-return,DEXJPUS,TimesFM-zero-shot,13889,0.00068786545563170876,0.0010050230193883181,0.00060354312881827354,-0.0040304171852767467,-0.0020411917939782143,-0.00082469370681792498,0.00011993673979304731,0.001872173510491848,0.0027809906750917435,0.0038218805566430092,0.0054108421318233013,4.3251507120654118,2
distill:fred-price-return,DEXJPUS,TimesFM-laplace-qd,13889,0.00068786545563170876,0.0010780401062220335,0.00057702173944562674,-0.0032552815973758698,-0.0014729049289599061,-0.00034842704189941287,0.00056628906168043613,0.0016018768073990941,0.0024840268306434155,0.0034515936858952045,0.0048657413572072983,4.5905677539004577,2
distill:fred-price-return,DEXJPUS,Laplace-q-fixed-bandwidth,13890,0,0.00010483399440929946,-0.0032901289399943625,-0.0019093663087352097,-0.0010806678688402764,-0.000419132934379791,0.00018268606148497536,0.00078303639186534137,0.0014391781000982335,0.0022533195575651036,0.0035747044015010439,5.1961130392235759,2
distill:fred-price-return,DEXJPUS,TimesFM-zero-shot,13890,0,0.00088819069787859917,0.00053294695680961013,-0.0037815056275576353,-0.0019245593575760722,-0.00080573465675115585,8.732112473808229e-05,0.0016742824809625745,0.002494338434189558,0.0034844833426177502,0.0050074965693056583,4.415957292588959,2
distill:fred-price-return,DEXJPUS,TimesFM-laplace-qd,13890,0,0.00080471351975575089,0.00042786664562299848,-0.0033163151238113642,-0.001626010169275105,-0.00056717405095696449,0.00032234529498964548,0.0012900566216558218,0.0021264131646603346,0.0031031530816107988,0.0045464062131941319,4.6393859123263859,2
distill:fred-price-return,DEXJPUS,Laplace-q-fixed-bandwidth,13891,0.0018111986964202131,0.00011065931931009986,-0.003146665482879315,-0.0018327929319970409,-0.0010353213257805467,-0.00039583291933740561,0.00018695258421065156,0.00076834278216784567,0.0014027221917068938,0.0021864923657996731,0.0034451338405835489,4.8221728945360134,2
distill:fred-price-return,DEXJPUS,TimesFM-zero-shot,13891,0.0018111986964202131,0.00070682913064956665,0.00040198425995185971,-0.0035437687765806913,-0.0018550439272075891,-0.00083080539479851723,-3.4264230635017157e-05,0.001409557182341814,0.0021624169312417507,0.0030634100548923016,0.004494677297770977,4.5422965905224464,2
distill:fred-price-return,DEXJPUS,TimesFM-laplace-qd,13891,0.0018111986964202131,0.00072441232623532414,0.00048372094170190394,-0.0029248141217976809,-0.0014227842912077904,-0.00047453813022002578,0.00030437370878644288,0.0011332604335620999,0.0018897622358053923,0.0027656254824250937,0.0040991809219121933,4.7019689756170946,2
distill:fred-price-return,DEXJPUS,Laplace-q-fixed-bandwidth,13892,-0.00087396222555202741,0.00013012989888626519,-0.0030536650112671032,-0.0017737360444091829,-0.00099335238550154808,-0.00036647767092636268,0.00020519655856237836,0.00077551346539606091,0.0013974227929708239,0.0021645251879258073,0.0033912043574474502,5.0450357494430378,2
distill:fred-price-return,DEXJPUS,TimesFM-zero-shot,13892,-0.00087396222555202741,0.00070588837843388319,0.00035712908720597625,-0.0030732739251106977,-0.0015299359802156687,-0.00061640416970476508,9.1457477537915111e-05,0.0013198195956647396,0.0019739482086151838,0.0027260673232376575,0.0039560510776937008,4.7555124482976368,2
distill:fred-price-return,DEXJPUS,TimesFM-laplace-qd,13892,-0.00087396222555202741,0.00067320466041564941,0.00033948075724765658,-0.0027579455636441708,-0.0013200263492763042,-0.0004254826926626265,0.00031790445791557431,0.0010449246037751436,0.0017554336227476597,0.0025404619518667459,0.0037489270325750113,4.8257599285883028,2
distill:fred-price-return,DEXJPUS,Laplace-q-fixed-bandwidth,13893,0.00068674889541586737,0.00014034278942432331,-0.0029473258412669877,-0.0017128624808106937,-0.0009545607364369904,-0.00034367751997377381,0.00021402913144814563,0.00077042813023064959,0.001376537563734959,0.0021221253640779877,0.0033060824411590582,5.2422916934422918,2
distill:fred-price-return,DEXJPUS,TimesFM-zero-shot,13893,0.00068674889541586737,0.00055873807286843657,0.0003744285786524415,-0.0037070401012897491,-0.0020456551574170589,-0.0010322518646717072,-0.00019988309941254556,0.0013138703070580959,0.0021054719109088182,0.0030886398162692785,0.004602696280926466,4.4729937299816571,2
distill:fred-price-return,DEXJPUS,TimesFM-laplace-qd,13893,0.00068674889541586737,0.00051850936142727733,0.00035230995854362845,-0.0031270496547222137,-0.0016516175819560885,-0.00071620941162109375,9.1925612650811672e-05,0.00093251350335776806,0.0017117621609941125,0.0026373090222477913,0.0039949733763933182,4.7462643353267691,2
distill:fred-price-return,DEXJPUS,Laplace-q-fixed-bandwidth,13894,0.0014967261914797803,0.00014071108394574601,-0.0028377215421149849,-0.0016552948659291325,-0.00092199540162637007,-0.00032912168897879896,0.00021289492158155712,0.00075366167240678941,0.0013419805652414678,0.0020632140516566384,0.0031983077375905438,5.007618473611223,2
distill:fred-price-return,DEXJPUS,TimesFM-zero-shot,13894,0.0014967261914797803,0.00063826690893620253,0.00048093241639435291,-0.0033603627234697342,-0.0017772713908925653,-0.0008291174890473485,-5.5073236580938101e-05,0.0013391698012128472,0.0020709896925836802,0.0029392195865511894,0.004317108541727066,4.5751581516598936,2
distill:fred-price-return,DEXJPUS,TimesFM-laplace-qd,13894,0.0014967261914797803,0.00056174537166953087,0.00049439701251685619,-0.0028798177372664213,-0.0014742580242455006,-0.00059658545069396496,0.00016693898942321539,0.00094862328842282295,0.0016950276913121343,0.0025450834073126316,0.0038442369550466537,4.7453321124869596,2
distill:fred-price-return,DEXJPUS,Laplace-q-fixed-bandwidth,13895,0.00024923671385757018,0.00016451023202202768,-0.002739743962311407,-0.0015913925762552454,-0.00087536578257982529,-0.00029529857126712729,0.00023541705456950427,0.00076492106976982989,0.0013405752602283416,0.0020449507676781088,0.0031479424805375767,5.3329115921783208,2
distill:fred-price-return,DEXJPUS,TimesFM-zero-shot,13895,0.00024923671385757018,0.00081979250535368919,0.00047085832920856774,-0.0030136515852063894,-0.0014554173685610294,-0.00054642272880300879,0.00017765167285688221,0.0014510508626699448,0.002085257088765502,0.0028324213344603777,0.0040381620638072491,4.6279693082601625,2
distill:fred-price-return,DEXJPUS,TimesFM-laplace-qd,13895,0.00024923671385757018,0.00070907920598983765,0.00039421676774509251,-0.0027087158523499966,-0.0012631642166525126,-0.000387438980396837,0.00034325226442888379,0.0010793798137456179,0.0017285235226154327,0.0024503909517079592,0.0035762989427894354,4.8746855642900364,2
distill:fred-price-return,DEXJPUS,Laplace-q-fixed-bandwidth,13896,-0.0016835545675633057,0.00019003381130318613,-0.0026148877724105971,-0.001513250550555633,-0.00082010482451192954,-0.00025669691225946995,0.00025943830716208924,0.00077441171137290743,0.001333602400723393,0.0020156704919612068,0.0030747410853588413,4.6490358133363241,2
distill:fred-price-return,DEXJPUS,TimesFM-zero-shot,13896,-0.0016835545675633057,0.00065838702721521258,0.00021574470156338066,-0.0033320947550237179,-0.0017040439415723085,-0.00075161253334954381,-2.959571429528296e-05,0.0013133907923474908,0.0020185131579637527,0.0028236804064363241,0.0041214143857359886,4.6366456989001144,2
distill:fred-price-return,DEXJPUS,TimesFM-laplace-qd,13896,-0.0016835545675633057,0.00068720721174031496,0.00023068880545906723,-0.0029430137947201729,-0.0014214781112968922,-0.00048561446601524949,0.00027097278507426381,0.0011032356414943933,0.0018550925888121128,0.0026841601356863976,0.0039411340840160847,4.5287810626633274,2
distill:fred-price-return,DEXJPUS,Laplace-q-fixed-bandwidth,13897,-0.00024965672330345967,0.00018420757142947799,-0.0025915434765119787,-0.0015011675477414094,-0.00081530989981249097,-0.00025789814554525749,0.00025271677731258967,0.00076218437902558106,0.0013154259265700939,0.0019903287735267678,0.0030385976636209443,5.3121994911105226,2
distill:fred-price-return,DEXJPUS,TimesFM-zero-shot,13897,-0.00024965672330345967,0.00038497510831803083,9.8712538601830602e-05,-0.0036646733060479164,-0.0020410481374710798,-0.0010892265709117055,-0.00032816818566061556,0.0010822314070537686,0.0018059524009004235,0.0026791705749928951,0.0040660323575139046,4.5457402742713855,2
distill:fred-price-return,DEXJPUS,TimesFM-laplace-qd,13897,-0.00024965672330345967,0.0004035570309497416,0.00010968357673846185,-0.0033130794763565063,-0.0017718920717015862,-0.0008228932274505496,-3.6199955502524972e-05,0.00083956529852002859,0.0016115857288241386,0.0025102209765464067,0.003865482984110713,4.7472345793375856,2
distill:fred-price-return,DEXJPUS,Laplace-q-fixed-bandwidth,13898,0.0011853147150278076,0.00016283920523238007,-0.0025270331444331665,-0.0014764410079535556,-0.000810510880550925,-0.00026777540990975321,0.00022993066221011109,0.00072653182656553887,0.0012652627884691082,0.0019207204601898744,0.0029315234066140975,5.1974684659958195,2
distill:fred-price-return,DEXJPUS,TimesFM-zero-shot,13898,0.0011853147150278076,0.00060902169207111001,0.000442958262283355,-0.0034958769101649523,-0.0018877185648307204,-0.00091370136942714453,-0.0001103671093005687,0.0013114524772390723,0.0020679142326116562,0.0029650316573679447,0.0043843830935657024,4.5462649780191091,2
distill:fred-price-return,DEXJPUS,TimesFM-laplace-qd,13898,0.0011853147150278076,0.00062859937315806746,0.00046479314914904535,-0.0031647621653974056,-0.0016259673284366727,-0.00064533634576946497,0.00018883358279708773,0.0010529811261221766,0.001862015575170517,0.0027763214893639088,0.0041613220237195492,4.7101878212073256,2
distill:fred-price-return,DEXJPUS,Laplace-q-fixed-bandwidth,13899,-0.0010604785623158364,0.00017039605472964674,-0.0024502616591719536,-0.001430973840439317,-0.00078128352058904444,-0.00025071853367546421,0.00023620060916206996,0.00072205003887778078,0.0012487410492116038,0.0018883321488491716,0.0028695815442033026,5.0308744130846241,2
distill:fred-price-return,DEXJPUS,TimesFM-zero-shot,13899,-0.0010604785623158364,0.00068366911727935076,0.00034284114371985197,-0.0033145737834274769,-0.0017084100982174277,-0.00076040904968976974,-1.8699269276112318e-05,0.0013318840647116303,0.0020327500533312559,0.0028345552273094654,0.0041512181051075459,4.7297513399879847,2
distill:fred-price-return,DEXJPUS,TimesFM-laplace-qd,13899,-0.0010604785623158364,0.00068852643016725779,0.00029726943466812372,-0.0029669627547264099,-0.0014434859622269869,-0.00050313438987359405,0.0002689253306016326,0.0010706484317779541,0.0018087942153215408,0.0026314761489629745,0.0039135986007750034,4.758552517978293,2
distill:fred-price-return,DEXJPUS,Laplace-q-fixed-bandwidth,13900,0.0071519941662900877,0.0001860321538568688,-0.0023825220222782216,-0.001385953762257579,-0.00074868400555457189,-0.00022765799375634412,0.00025071829237699765,0.00072805008880262438,0.0012452955784965165,0.001872731754286197,0.0028324521067954848,0.66602370999001026,2
distill:fred-price-return,DEXJPUS,TimesFM-zero-shot,13900,0.0071519941662900877,0.00041723725735209882,0.00023209318169392645,-0.003380731213837862,-0.0018407811876386404,-0.00096065184334293008,-0.00024177174782380462,0.0010589255252853036,0.0017266524955630302,0.0025392107199877501,0.0038507445715367794,2.2904092284944126,2
distill:fred-price-return,DEXJPUS,TimesFM-laplace-qd,13900,0.0071519941662900877,0.0005023722187615931,0.000268817093456164,-0.0029583489522337914,-0.0014915664214640856,-0.0006346409791149199,9.3593640485778451e-05,0.00088417553342878819,0.0015691386070102453,0.0023640438448637724,0.0035808421671390533,2.0191615831603995,2
distill:fred-price-return,DEXJPUS,Laplace-q-fixed-bandwidth,13901,0.00086719529716017263,0.0001680081959858348,-0.00264599380043023,-0.0015303812127212258,-0.00083742851164931502,-0.00027682289645998516,0.00023582746489352692,0.00074730815676910629,0.0013036556493646134,0.0019853357952533826,0.0030568056064545395,5.2829639843521514,2
distill:fred-price-return,DEXJPUS,TimesFM-zero-shot,13901,0.00086719529716017263,0.00077713187783956528,0.00070711015723645687,-0.003869419451802969,-0.0021194906439632177,-0.0010009694378823042,-8.7546766735613346e-05,0.0016255327500402927,0.0025373641401529312,0.0036452959757298231,0.0054224845953285694,4.3449356787348892,2
distill:fred-price-return,DEXJPUS,TimesFM-laplace-qd,13901,0.00086719529716017263,0.00060898851370438933,0.00066993921063840389,-0.003732848446816206,-0.0020679349545389414,-0.00095588836120441556,-5.9464946389198303e-07,0.0012017618864774704,0.0021718433126807213,0.0033271058928221464,0.005138840526342392,4.4766836205028735,2
distill:fred-price-return,DEXJPUS,Laplace-q-fixed-bandwidth,13902,0.00024763202008593055,0.00031361790960014133,-0.0024098649339074456,-0.0013367764414208292,-0.00066467903553694507,-0.0001192722203447369,0.00038006691753693985,0.00087828335549243919,0.0014196078881429878,0.0020809515275183313,0.0031124215395197229,5.3891056552142942,2
distill:fred-price-return,DEXJPUS,TimesFM-zero-shot,13902,0.00024763202008593055,0.00080459244782105088,0.00075084448326379061,-0.0034213056787848473,-0.0018050252692773938,-0.00080036441795527935,2.5102373911067843e-05,0.0015832523349672556,0.0023977723903954029,0.0033855023793876171,0.0049955220893025398,4.4441495967034275,2
distill:fred-price-return,DEXJPUS,TimesFM-laplace-qd,13902,0.00024763202008593055,0.00056899478659033775,0.0006393836229108274,-0.0033806604333221912,-0.001816574833355844,-0.00081177335232496262,4.3703068513423204e-05,0.0010931100696325302,0.0019687688909471035,0.0029971301555633545,0.0046047712676227093,4.6061098565896978,2
distill:fred-price-return,DEXJPUS,Laplace-q-fixed-bandwidth,13903,0.001299063001654055,0.00033176469842443142,-0.0023008840347140255,-0.0012703129533116295,-0.00061918506753419348,-8.9102839026674826e-05,0.00039680099017249564,0.00088162837211611285,0.0014078035990561964,0.0020486940810120376,0.0030401510849094133,5.2334786773651709,2
distill:fred-price-return,DEXJPUS,TimesFM-zero-shot,13903,0.001299063001654055,0.00057237508008256555,0.00044169294415041804,-0.0034321737475693226,-0.0018837738316506147,-0.00094152725068852305,-0.0001610661274753511,0.0012737889774143696,0.0020136209204792976,0.0029241614975035191,0.0044058719649910927,4.5398410924519315,2
distill:fred-price-return,DEXJPUS,TimesFM-laplace-qd,13903,0.001299063001654055,0.00044977813377045095,0.00034932821290567517,-0.0032284597400575876,-0.0017554725054651499,-0.00082905817544087768,-1.3701646821573377e-05,0.00089537561871111393,0.0016762374434620142,0.0026258684229105711,0.0041076736524701118,4.6638396878737023,2
distill:fred-price-return,DEXJPUS,Laplace-q-fixed-bandwidth,13904,-0.00055653465864669016,0.00034530744327984333,-0.0022174598260092,-0.0012187122768732345,-0.00058392549303749918,-6.6033785825094703e-05,0.00040908715923389401,0.000883166184284025,0.0013972832353977421,0.0020222113525939925,0.0029836373486967502,5.2075099668941647,2
distill:fred-price-return,DEXJPUS,TimesFM-zero-shot,13904,-0.00055653465864669016,0.00063709216192364693,0.00057513854699209332,-0.0030176902655512094,-0.0015936449635773897,-0.00072288152296096087,-1.5816447557881474e-05,0.0012773000635206699,0.0019527835538610816,0.0027941875159740448,0.0041916505433619022,4.775609752372131,2
distill:fred-price-return,DEXJPUS,TimesFM-laplace-qd,13904,-0.00055653465864669016,0.00049171253340318799,0.0005395043408498168,-0.0027926492039114237,-0.0014604486059397459,-0.00062201963737607002,9.606484672985971e-05,0.0008629397489130497,0.0015548805240541697,0.0024084264878183603,0.0037653357721865177,4.9578199706060433,2
distill:fred-price-return,DEXJPUS,Laplace-q-fixed-bandwidth,13905,0,0.00036486535082182691,-0.002135170001215575,-0.0011645885519047448,-0.00054456675123480192,-3.7796883939557349e-05,0.00042744489870308116,0.00089167566835169786,0.0013947858269918211,0.0020052814039207062,0.0029400867197903486,5.414487666600035,2
distill:fred-price-return,DEXJPUS,TimesFM-zero-shot,13905,0,0.00052039726870134473,0.00039442119305022061,-0.0028402665629982948,-0.0015043322928249836,-0.00070272781886160374,-7.317977724596858e-05,0.0010957969352602959,0.0017058289377018809,0.0024500484578311443,0.0037241359241306782,4.7376130682758291,2
distill:fred-price-return,DEXJPUS,TimesFM-laplace-qd,13905,0,0.00057188892969861627,0.00044121500104665756,-0.0025178105570375919,-0.0012478837743401527,-0.00043753383215516806,0.0002276838495163247,0.00089396315161138773,0.0015426201280206442,0.0023122599814087152,0.0035713561810553074,4.9631077629855174,2
distill:fred-price-return,DEXJPUS,Laplace-q-fixed-bandwidth,13906,0.0016069224718648911,0.00035344872655734523,-0.0020745989306186837,-0.0011367089701692155,-0.00053355134925127346,-3.9377706216053179e-05,0.00041471725844162075,0.00086783705162249078,0.001358485861417224,0.0019525043818456856,0.0028564382271539864,5.1288641425207935,2
distill:fred-price-return,DEXJPUS,TimesFM-zero-shot,13906,0.0016069224718648911,0.00047430169070139527,0.00053504982497543097,-0.0028381361626088619,-0.0015546615468338132,-0.00077227188739925623,-0.00013482224312610924,0.0010900840861722827,0.0017365216044709086,0.0025490939151495695,0.0039076972752809525,4.6343566761152646,2
distill:fred-price-return,DEXJPUS,TimesFM-laplace-qd,13906,0.0016069224718648911,0.00045648185187019408,0.0006467113271355629,-0.0025044630747288465,-0.0013220217078924179,-0.00056431291159242392,9.9374999990686774e-05,0.00080068147508427501,0.0014719568425789475,0.0023021718952804804,0.0036280399654060602,4.7261992545861915,2
distill:fred-price-return,DEXJPUS,Laplace-q-fixed-bandwidth,13907,0.0041905527522514419,0.0003670219931541932,-0.0020126509427694618,-0.0010956731166525771,-0.0005040885788347208,-1.8849435547870053e-05,0.00042722826139982912,0.00087235369368635508,0.0013541540756744244,0.0019368394675467722,0.0028209263825158676,3.3770088035676347,2
distill:fred-price-return,DEXJPUS,TimesFM-zero-shot,13907,0.0041905527522514419,0.00075793795986101031,0.00090573367197066545,-0.0024527758359909058,-0.0012230046559125185,-0.00047537448699586093,0.00015221777721308172,0.0013577155768871307,0.0019974242895841599,0.0028024432249367237,0.0041937669739127159,3.9451507717437417,2
distill:fred-price-return,DEXJPUS,TimesFM-laplace-qd,13907,0.0041905527522514419,0.00048331549623981118,0.00077476579463109374,-0.0023192588705569506,-0.0012098093284294009,-0.00050465855747461319,0.00013926057727076113,0.00081447104457765818,0.0014770802808925509,0.0023177238181233406,0.0037001059390604496,3.6169288128256665,2
distill:fred-price-return,DEXJPUS,Laplace-q-fixed-bandwidth,13908,-0.0012306936511192745,0.00043982156987135542,-0.0020214596426742391,-0.0010618847829141028,-0.0004524309035984873,4.4659069596991765e-05,0.00050065094418226476,0.00095564677906081552,0.0014491266292606963,0.0020491467831322595,0.0029729725692343974,4.7668168119559891,2
distill:fred-price-return,DEXJPUS,TimesFM-zero-shot,13908,-0.0012306936511192745,0.0010761680314317346,0.0011276778532192111,-0.0024506335612386465,-0.0010890668490901589,-0.00024553187540732324,0.00042590533848851919,0.0017231347737833858,0.0024257914628833532,0.0032880464568734169,0.0047596595250070095,4.747883303086101,2
distill:fred-price-return,DEXJPUS,TimesFM-laplace-qd,13908,-0.0012306936511192745,0.0005936154630035162,0.00075534207280725241,-0.0026642712764441967,-0.0013740757713094354,-0.00053457752801477909,0.00018413914949633181,0.0010094600729644299,0.0017796533647924662,0.0026992440689355135,0.0042034047655761242,5.0050536292940846,2
distill:fred-price-return,DEXJPUS,Laplace-q-fixed-bandwidth,13909,-0.009340948188174103,0.00048500129276690874,-0.0019510753796196495,-0.0010010709531168352,-0.0003979465011966567,9.3897469298314632e-05,0.00054504701469657653,0.00099521069107332515,0.0014834839800965489,0.0020772761917341063,0.0029918970984339288,-4.4126470593011327,2
distill:fred-price-return,DEXJPUS,TimesFM-zero-shot,13909,-0.009340948188174103,0.00070107501232996583,0.00069375266321003437,-0.0029355108272284269,-0.0015292468015104532,-0.00067462475271895528,2.223398769274354e-05,0.0013566212728619576,0.0020401009824126959,0.00289727165363729,0.0042876331135630608,-7.3350935014180614,2
distill:fred-price-return,DEXJPUS,TimesFM-laplace-qd,13909,-0.009340948188174103,0.00071808311622589827,0.00075858552008867264,-0.0024591311812400818,-0.0011821042280644178,-0.00037015584530308843,0.00032799586188048124,0.0010917603503912687,0.0017904194537550211,0.0026490224990993738,0.0039675659500062466,-9.811021326474231,2
distill:fred-price-return,DEXJPUS,Laplace-q-fixed-bandwidth,13910,0.008540184339908663,0.00027224660240124366,-0.0025932613931888213,-0.0014302796420618735,-0.00072366985909100951,-0.00015640531386879148,0.00036065305406676333,0.00087608331408604335,0.0014373925239641585,0.0021280721497998019,0.0032269276138202517,0.11842508816513711,2
distill:fred-price-return,DEXJPUS,TimesFM-zero-shot,13910,0.008540184339908663,0.00076235574670135975,0.00060718494933098555,-0.0039418605156242847,-0.0021071343217045069,-0.00095737125957384706,-6.7829329054802656e-05,0.0015987555962055922,0.0024465348105877638,0.0034668294247239828,0.005061696283519268,2.3809964855997121,2
distill:fred-price-return,DEXJPUS,TimesFM-laplace-qd,13910,0.008540184339908663,0.0014604667667299509,0.0012337876250967383,-0.0031621863599866629,-0.0013089117128401995,-9.4738381449133158e-05,0.0008875636849552393,0.0020592175424098969,0.0029781810007989407,0.0040517663583159447,0.0056608547456562519,2.6369995802529331,2
distill:fred-price-return,DEXJPUS,Laplace-q-fixed-bandwidth,13911,-0.0022826130395854349,-5.7367659468242833e-05,-0.0033224559813441234,-0.0019608307847235832,-0.0011642799074869914,-0.00053439412777979184,3.6394450962165699e-05,0.00060527713313832305,0.0012281348335006507,0.0020054771822817837,0.0032866945375026402,4.4239448911941706,2
distill:fred-price-return,DEXJPUS,TimesFM-zero-shot,13911,-0.0022826130395854349,0.00081741786561906338,0.00074992288136854768,-0.0042436933144927025,-0.0023388448171317577,-0.0011088514002040029,-0.00012478398275561631,0.0017223757458850741,0.002680743345990777,0.0038855879101902246,0.0057956450618803501,4.5086606466443024,2
distill:fred-price-return,DEXJPUS,TimesFM-laplace-qd,13911,-0.0022826130395854349,0.0003196639590896666,0.00039087500772438943,-0.0046760439872741699,-0.0027718811761587858,-0.0014879981754347682,-0.00040056309080682695,0.0010120471706613898,0.0020720153115689754,0.0033585296478122473,0.0053485282696783543,4.6148885886579398,2
distill:fred-price-return,DEXJPUS,Laplace-q-fixed-bandwidth,13912,0.0046829834797010861,0.0003602130268444845,-0.002890389755413475,-0.0015330216408639529,-0.00074045872861993548,-0.00011429216212557248,0.00045291911403920584,0.0010182332279123356,0.0016373957795744946,0.0024107994674528342,0.0036879048601670683,3.4572028647853217,2
distill:fred-price-return,DEXJPUS,TimesFM-zero-shot,13912,0.0046829834797010861,0.000724589335732162,0.00063249346567317843,-0.0037452150136232376,-0.0019992506131529808,-0.00093128124717622995,-9.7009644377976656e-05,0.0015355003997683525,0.0023761321790516376,0.0034123151563107967,0.0050737909041345119,3.9087349800737115,2
distill:fred-price-return,DEXJPUS,TimesFM-laplace-qd,13912,0.0046829834797010861,0.0011227612849324942,0.00098474277183413506,-0.0032410274725407362,-0.001486942870542407,-0.00038648693589493632,0.00052203028462827206,0.0017281976761296391,0.0026383036747574806,0.0037049639504402876,0.0053824908100068569,3.9620010436107131,2
distill:fred-price-return,DEXJPUS,Laplace-q-fixed-bandwidth,13913,-0.00233875045057097,9.4169081533142636e-05,-0.0033261859093854122,-0.0018788966742504711,-0.0010491660909826826,-0.00039935588027897439,0.0001872167730624977,0.00077176225857005984,0.0014140550552230184,0.0022230057486079119,0.0035826803073022526,4.3104995029999706,2
distill:fred-price-return,DEXJPUS,TimesFM-zero-shot,13913,-0.00233875045057097,0.00035955291241407394,0.00047066921251825988,-0.0044309766963124275,-0.0026253589894622564,-0.0014781877398490906,-0.00054211239330470562,0.0012680813670158386,0.0022143707610666752,0.0034151559229940176,0.0053035621531307697,4.7013834639618786,2
distill:fred-price-return,DEXJPUS,TimesFM-laplace-qd,13913,-0.00233875045057097,-0.00027581921312958002,-0.00010279443813487887,-0.0049841837026178837,-0.003151369746774435,-0.0019742636941373348,-0.00096774869598448277,0.00043217960046604276,0.0014812120934948325,0.0027538873255252838,0.0047093802131712437,4.7067955000847324,2
distill:fred-price-return,DEXJPUS,Laplace-q-fixed-bandwidth,13914,-0.0060568788380948035,0.00042361253572545144,-0.0030001528252839573,-0.001548416483089794,-0.0007185075617755143,-6.9626697213154574e-05,0.0005157085490436438,0.0010990114919717882,0.0017403456234622646,0.0025493624949025212,0.0039131010950247862,2.4512156022821827,2
distill:fred-price-return,DEXJPUS,TimesFM-zero-shot,13914,-0.0060568788380948035,0.00026867451379075646,0.00019715647795237601,-0.0043997876346111298,-0.0026071742177009583,-0.0014897899236530066,-0.00059193826746195555,0.0011182166635990143,0.0019928617402911186,0.0030827147420495749,0.004827503114938736,1.1302076891503674,2
distill:fred-price-return,DEXJPUS,TimesFM-laplace-qd,13914,-0.0060568788380948035,0.00053785543423146009,0.00045586275518871844,-0.0040323138236999512,-0.0022203368134796619,-0.0010619099484756589,-9.8750984761863947e-05,0.0011681977193802595,0.0021078325808048248,0.0032380414195358753,0.0050066541880369186,0.36407064821133484,2
distill:fred-price-return,DEXJPUS,Laplace-q-fixed-bandwidth,13915,0.0062417160278629424,0.00044436069585964143,-0.003367040761048024,-0.0017239699786256051,-0.00080462286674985771,-9.6244160179129708e-05,0.00053885319344677699,0.0011716181741901737,0.0018712799549532267,0.0027661945555202518,0.0043087483113017572,2.9648156283928659,2
distill:fred-price-return,DEXJPUS,TimesFM-zero-shot,13915,0.0062417160278629424,0.00020666699856519699,-5.796714685857296e-05,-0.005077410489320755,-0.0030550933443009853,-0.0017771525308489799,-0.00076520867878571153,0.0011503960704430938,0.0021153376437723637,0.0033149635419249535,0.0051503214053809643,3.3376164259708481,2
distill:fred-price-return,DEXJPUS,TimesFM-laplace-qd,13915,0.0062417160278629424,0.00043972220737487078,0.0001378710730932653,-0.0047939871437847614,-0.0027362320106476545,-0.0013983456883579493,-0.00030752806924283504,0.0011634260881692171,0.0022169593721628189,0.0034679388627409935,0.005361075047403574,3.3376637752648355,2
distill:fred-price-return,DEXJPUS,Laplace-q-fixed-bandwidth,13916,-0.0011095359579984532,-0.00013642174766988931,-0.0042687034392736578,-0.0024765761043611424,-0.0014790860574306376,-0.00071894495095560723,-4.0924875150577159e-05,0.00063449040363928598,0.0013848608633513029,0.0023548979036239984,0.0040400265562481911,4.9109845604420199,2
distill:fred-price-return,DEXJPUS,TimesFM-zero-shot,13916,-0.0011095359579984532,0.00081324775237590075,0.00079923105658963323,-0.0043913330882787704,-0.0024227744434028864,-0.0011726478114724159,-0.00015967991203069687,0.0017507511656731367,0.0027193198911845684,0.0039435122162103653,0.0058692707680165768,4.4792070876226076,2
distill:fred-price-return,DEXJPUS,TimesFM-laplace-qd,13916,-0.0011095359579984532,0.00025444160564802587,0.00027433683862909675,-0.0049337968230247498,-0.0029162140563130379,-0.0016168192960321903,-0.00050930149154737592,0.00099790561944246292,0.0020691859535872936,0.0033715150784701109,0.0053494232706725597,4.3882594811847966,2
distill:fred-price-return,DEXJPUS,Laplace-q-fixed-bandwidth,13917,-6.1676997582971183e-05,0.00031384467006685175,-0.0036434927388228362,-0.0019299874940978227,-0.00097567029811655433,-0.00024512609705736738,0.00040792201006203867,0.0010585124458015278,0.0017798536200980927,0.0027083111171886487,0.0043182692675476468,5.0718769260197156,2
distill:fred-price-return,DEXJPUS,TimesFM-zero-shot,13917,-6.1676997582971183e-05,0.0012790984474122524,0.0012550563551485538,-0.0035849313717335463,-0.0017394889146089554,-0.00055990973487496376,0.00037347181933000684,0.0021566783543676138,0.0030758888460695744,0.00421517388895154,0.0060301674529910088,4.4096431747599771,2
distill:fred-price-return,DEXJPUS,TimesFM-laplace-qd,13917,-6.1676997582971183e-05,0.0012785138096660376,0.0012703863903880119,-0.0034617874771356583,-0.0015981255564838648,-0.00039599850424565375,0.00059699348639696836,0.001931516919285059,0.0029208415653556585,0.0040913447737693787,0.0059300502762198448,4.5143043643866392,2
distill:fred-price-return,DEXJPUS,Laplace-q-fixed-bandwidth,13918,0.0017870902922867415,0.00024263892225589764,-0.0035163157954614267,-0.0018950230096307441,-0.00098854739815539732,-0.00029049709015760856,0.00033519199183234898,0.00095858660456763422,0.0016480628432453313,0.0025304955157183914,0.0040530008050192077,4.8523517239697824,2
distill:fred-price-return,DEXJPUS,TimesFM-zero-shot,13918,0.0017870902922867415,0.0003197791229467839,0.00031664813286624849,-0.0043232850730419159,-0.0025575987529009581,-0.0014561063144356012,-0.00055447238264605403,0.0011845575645565987,0.0020753415301442146,0.003192658768966794,0.004963346291333437,4.3225918087878261,2
distill:fred-price-return,DEXJPUS,TimesFM-laplace-qd,13918,0.0017870902922867415,8.3610037108883262e-05,0.00017370679415762424,-0.0044546937569975853,-0.002680737990885973,-0.001552939647808671,-0.0005760923377238214,0.00073056877590715885,0.0017125443555414677,0.0028882590122520924,0.0046823201701045036,4.3336916271016417,2
distill:fred-price-return,DEXJPUS,Laplace-q-fixed-bandwidth,13919,6.1566877040064583e-05,0.00015180846688752852,-0.0034807373195776242,-0.0019191987991584256,-0.0010426463105686744,-0.00036520339356049304,0.00024296504014250904,0.00084893893857974705,0.0015181909429113688,0.002371824535430393,0.0038382158068917972,5.1750673167953067,2
distill:fred-price-return,DEXJPUS,TimesFM-zero-shot,13919,6.1566877040064583e-05,0.00076790410093963146,0.00048520939890295267,-0.0039501497521996498,-0.0021187290549278259,-0.00098746083676815033,-9.5129013061523438e-05,0.0016040310729295015,0.00244746427051723,0.00350011489354074,0.0051628001965582371,4.37129318711398,2
distill:fred-price-return,DEXJPUS,TimesFM-laplace-qd,13919,6.1566877040064583e-05,0.00086983625078573823,0.00053737545385956764,-0.0038839606568217278,-0.0020063300617039204,-0.00080580456415191293,0.00019499522750265896,0.0015130175743252039,0.0024448786862194538,0.0035519623197615147,0.0052594998851418495,4.4476913299581149,2
distill:fred-price-return,DEXUSEU,Laplace-q-fixed-bandwidth,6841,-0.0013569673865785614,0.00048303327311568107,-0.0050664185408190194,-0.0030236652029549146,-0.0016488179270513397,-0.00054710013085985888,0.0004475595046703585,0.0014445205218995916,0.0025542512967270991,0.0039475630392325472,0.0060419030727841966,4.5108536274033684,2
distill:fred-price-return,DEXUSEU,TimesFM-zero-shot,6841,-0.0013569673865785614,0.00041148869786411524,0.00060100550763309002,-0.0045510968193411827,-0.0028273046482354403,-0.0016116782790049911,-0.0005968047771602869,0.0014389947755262256,0.0025420249439775944,0.003888165345415473,0.0058952141553163528,4.4660972967227393,2
distill:fred-price-return,DEXUSEU,TimesFM-laplace-qd,6841,-0.0013569673865785614,0.00043444332550279796,0.00068462628405541182,-0.0039823944680392742,-0.0024123960174620152,-0.0012276130728423595,-0.00020876424969173968,0.0010873376158997416,0.0021989494562149048,0.0035175781231373549,0.0053931279107928276,4.7382892575593942,2
distill:fred-price-return,DEXUSEU,Laplace-q-fixed-bandwidth,6842,0.0015264589124080186,0.00030570447755044245,-0.0051324522269114194,-0.0031180312150135159,-0.0017715517859029687,-0.00069749133064681977,0.0002704663816998227,0.001240702101712671,0.0023227325598965598,0.0036877026578711379,0.0057536509936170245,4.6168966718363054,2
distill:fred-price-return,DEXUSEU,TimesFM-zero-shot,6842,0.0015264589124080186,0.00058007100597023964,0.00086891208775341511,-0.0043178084306418896,-0.0026335082948207855,-0.0014332977589219809,-0.00042148411739617586,0.0016099808271974325,0.0027195289731025696,0.0040854099206626415,0.0061361091211438179,4.1354374121513038,2
distill:fred-price-return,DEXUSEU,TimesFM-laplace-qd,6842,0.0015264589124080186,0.00060714193386957049,0.0010201947297900915,-0.003722847905009985,-0.0022029057145118713,-0.0010381208267062902,-3.4417986171320081e-05,0.0012563347117975354,0.0023610508069396019,0.0037014121189713478,0.0056158076040446758,4.3298231576310577,2
distill:fred-price-return,DEXUSEU,Laplace-q-fixed-bandwidth,6843,-0.0013567372555170765,0.00048073599867079996,-0.004823785948533537,-0.0028416057172656324,-0.0015297240626774419,-0.00048959287599554331,0.0004457065929194924,0.0013832532932030119,0.0024312956012741793,0.0037617334166801619,0.0057955585912042133,4.5451593187078352,2
distill:fred-price-return,DEXUSEU,TimesFM-zero-shot,6843,-0.0013567372555170765,0.00059652712661772966,0.00080481724580749869,-0.0042890287004411221,-0.0025916625745594501,-0.0013960320502519608,-0.00039318675408139825,0.0015955506823956966,0.0026731702964752913,0.0040006577037274837,0.0059634596109390259,4.6098212881678204,2
distill:fred-price-return,DEXUSEU,TimesFM-laplace-qd,6843,-0.0013567372555170765,0.00062604132108390331,0.00089787837350741029,-0.0036480482667684555,-0.0021370986942201853,-0.00099303759634494781,7.0629175752401352e-07,0.0012492106761783361,0.0023179601412266493,0.0036027240566909313,0.0054161231964826584,4.8552652851508151,2
distill:fred-price-return,DEXUSEU,Laplace-q-fixed-bandwidth,6844,-0.0028040975165183335,0.00027663065825533499,-0.0049162588813910875,-0.0029631675610167132,-0.0016804086975262004,-0.00066761753088744578,0.00024184029627773314,0.0011535086689177473,0.0021741294948782095,0.003475422931965419,0.0054801780236340882,4.2092986851230858,2
distill:fred-price-return,DEXUSEU,TimesFM-zero-shot,6844,-0.0028040975165183335,0.00045956613030284643,0.00053271523211151361,-0.0045691952109336853,-0.0028073603753000498,-0.0015652719885110855,-0.00053820631001144648,0.0014512044144794345,0.0025175465270876884,0.0038149317260831594,0.005692413542419672,4.4744753370791859,2
distill:fred-price-return,DEXUSEU,TimesFM-laplace-qd,6844,-0.0028040975165183335,0.00057543942239135504,0.00068044278305023909,-0.0036844622809439898,-0.0021634295117110014,-0.0010067257098853588,-1.7393802409060299e-05,0.0011616387637332082,0.0021921982988715172,0.0034234176855534315,0.0051218308508396149,3.9472232847096738,2
distill:fred-price-return,DEXUSEU,Laplace-q-fixed-bandwidth,6845,-0.0032387312039856564,0.00010297832838165865,-0.0050585658988479909,-0.0031193240899543249,-0.0018441730776394597,-0.00083659876371909104,6.8459811699466934e-05,0.0009757155507811396,0.0019910634835183421,0.0032845984561333235,0.0052750971739790901,4.1248907568223112,2
distill:fred-price-return,DEXUSEU,TimesFM-zero-shot,6845,-0.0032387312039856564,0.00050692301010712981,0.00052484817570075393,-0.0045161517336964607,-0.0027448213659226894,-0.0015077230054885149,-0.00047679085400886834,0.0015008206246420741,0.0025482701603323221,0.0038125345017760992,0.0056211086921393871,4.0295669025088969,2
distill:fred-price-return,DEXUSEU,TimesFM-laplace-qd,6845,-0.0032387312039856564,0.00057384738465771079,0.00059885554946959019,-0.0036906201858073473,-0.0021471935324370861,-0.00099617964588105679,-1.030454586725682e-05,0.0011625104816630483,0.0021635203156620264,0.0033430804032832384,0.0049301176331937313,3.4336141524011201,2
distill:fred-price-return,DEXUSEU,Laplace-q-fixed-bandwidth,6846,-0.00085404394976726361,-3.3814691055682349e-05,-0.0051834227805175378,-0.0032538084180342686,-0.0019811039997315511,-0.00097363611851120904,-6.8071050846317912e-05,0.00083968233436919749,0.0018548787594116582,0.0031458003227681974,0.005126200890813665,4.7400289360532399,2
distill:fred-price-return,DEXUSEU,TimesFM-zero-shot,6846,-0.00085404394976726361,0.00011531534255482256,0.00027369966846890748,-0.0047905058600008488,-0.0030980021692812443,-0.0019031517440453172,-0.00088798545766621828,0.001134632620960474,0.0021830331534147263,0.0034771969076246023,0.005435846745967865,4.2078746059374268,2
distill:fred-price-return,DEXUSEU,TimesFM-laplace-qd,6846,-0.00085404394976726361,9.3047114205546677e-05,0.00032273048418574035,-0.004063507542014122,-0.0026101595722138882,-0.0015145271318033338,-0.00053885596571490169,0.00071442552143707871,0.0017128887120634317,0.0029367476236075163,0.0047211996279656887,4.4954165998887374,2
distill:fred-price-return,DEXUSEU,Laplace-q-fixed-bandwidth,6847,0.0011954574047735866,7.304250422448337e-05,-0.0049250516185736729,-0.0030317157498558804,-0.0017992167210889418,-0.00083017401370433913,3.897537067830924e-05,0.00091026345500558022,0.0018869249313297884,0.0031376784260582413,0.0050821370547862246,4.7141785989393865,2
distill:fred-price-return,DEXUSEU,TimesFM-zero-shot,6847,0.0011954574047735866,1.4764518709853292e-06,0.00023086564033292234,-0.0047410987317562103,-0.0031019335146993399,-0.0019499869085848331,-0.00097294343868270516,0.0010166920255869627,0.0020710097160190344,0.0033517300616949797,0.0053024557419121265,4.173355375351278,2
distill:fred-price-return,DEXUSEU,TimesFM-laplace-qd,6847,0.0011954574047735866,-0.00013419566676020622,0.0002089484769385308,-0.0041394536383450031,-0.0027331777382642031,-0.0016774171963334084,-0.00073923269519582391,0.00048865872668102384,0.0015002815052866936,0.0027058797422796488,0.0044802753254771233,4.3587271546876405,2
distill:fred-price-return,DEXUSEU,Laplace-q-fixed-bandwidth,6848,0.0011087894009864652,0.00022144527205194246,-0.0046367728034781208,-0.0027790909274655147,-0.0015841283078031282,-0.00064950208620671575,0.00018759649819117288,0.0010267775847031227,0.0019688802706767285,0.0031820409227806233,0.0050911345129220692,4.7826854645659749,2
distill:fred-price-return,DEXUSEU,TimesFM-zero-shot,6848,0.0011087894009864652,-8.9470195234753191e-06,5.396198685048148e-05,-0.0049970527179539204,-0.0032375664450228214,-0.0020077165681868792,-0.00098493415862321854,0.00098126044031232595,0.0020254976116120815,0.0032934898044914007,0.0051008262671530247,4.2052230059324085,2
distill:fred-price-return,DEXUSEU,TimesFM-laplace-qd,6848,0.0011087894009864652,-3.5793993447441608e-05,4.9791786295827478e-05,-0.0042128697969019413,-0.0027019120752811432,-0.0015731111634522676,-0.00060715281870216131,0.00053990469314157963,0.001528649590909481,0.0027023919392377138,0.0042772674933075905,4.4395452157611208,2
distill:fred-price-return,DEXUSEU,Laplace-q-fixed-bandwidth,6849,-0.0013648385638243554,0.0002445051643825822,-0.0044614011288307484,-0.0026434973063569128,-0.0014899531095182755,-0.00059225332824421365,0.00021087976778563121,0.0010160273658921756,0.0019210143587152998,0.0030926280822989559,0.0049623538436708164,4.6818014191336799,2
distill:fred-price-return,DEXUSEU,TimesFM-zero-shot,6849,-0.0013648385638243554,0.00011629216169239953,0.0001671671197982505,-0.004822862334549427,-0.0030784625560045242,-0.0018629656406119466,-0.00084943289402872324,0.0010978372301906347,0.0021258078049868345,0.0033843633718788624,0.0051870536990463734,4.3486210289137217,2
distill:fred-price-return,DEXUSEU,TimesFM-laplace-qd,6849,-0.0013648385638243554,6.2888662796467543e-05,0.00014677978469990194,-0.0040676561184227467,-0.002571917837485671,-0.0014617996057495475,-0.00050661724526435137,0.00063707138178870082,0.0016076586907729506,0.0027705556713044643,0.0043531241826713085,4.6852560684074396,2
distill:fred-price-return,DEXUSEU,Laplace-q-fixed-bandwidth,6850,-0.0017086719236166226,5.979102753629487e-05,-0.0045259617459764657,-0.0027426888469496112,-0.001621639906141776,-0.00075162407009243446,2.6432009377006069e-05,0.00080644433010944295,0.0016835740064053604,0.0028224909300212783,0.0046577277836927127,4.6523989699772148,2
distill:fred-price-return,DEXUSEU,TimesFM-zero-shot,6850,-0.0017086719236166226,0.00019364475156180561,0.00024460878921672702,-0.0047422498464584351,-0.0030039078556001186,-0.0017876093043014407,-0.00077378109563142061,0.0011678785085678101,0.0021993066184222698,0.0034528053365647793,0.0052444585599005222,4.5286953431918207,2
distill:fred-price-return,DEXUSEU,TimesFM-laplace-qd,6850,-0.0017086719236166226,0.0001595677895238623,0.00020731124095618725,-0.0039305863901972771,-0.0024442644789814949,-0.0013340174918994308,-0.0003879092400893569,0.00071598711656406522,0.0016772765666246414,0.0028163541574031115,0.0043510738760232925,4.7935696336191267,2
distill:fred-price-return,DEXUSEU,Laplace-q-fixed-bandwidth,6851,0.0029030075032257241,-1.3542504319616806e-05,-0.0044918907991632799,-0.0027413311876574656,-0.0016491888068186468,-0.0008031460938440299,-4.6618018048550549e-05,0.00071181242784637002,0.0015648011611840724,0.0026745760079445804,0.004477128375918178,4.1964709087225769,2
distill:fred-price-return,DEXUSEU,TimesFM-zero-shot,6851,0.0029030075032257241,1.9648654415505007e-05,8.7206572061404586e-05,-0.0047437660396099091,-0.0030529452487826347,-0.0018832305213436484,-0.00091010401956737041,0.00096662092255428433,0.0019737440161406994,0.0032073012553155422,0.0049664531834423542,4.135758918896844,2
distill:fred-price-return,DEXUSEU,TimesFM-laplace-qd,6851,0.0029030075032257241,-5.9187434089835733e-05,3.7806203181389719e-05,-0.0040309950709342957,-0.0025823386386036873,-0.001514304312877357,-0.00059721438447013497,0.00048098870320245624,0.0014288263628259301,0.0025655413046479225,0.0041021229699254036,4.1344020635505618,2
distill:fred-price-return,DEXUSEU,Laplace-q-fixed-bandwidth,6852,0.0022142744526647551,0.00032787426502883446,-0.0041501148636363377,-0.0024052168901191463,-0.001311755482690375,-0.00046356303430705731,0.000295065770682761,0.0010556020372029175,0.0019107440009446634,0.0030217469553489337,0.0048180179302151158,4.5912645129511036,2
distill:fred-price-return,DEXUSEU,TimesFM-zero-shot,6852,0.0022142744526647551,7.695473323110491e-05,0.00017620249127503484,-0.0045901699922978878,-0.0029445758555084467,-0.001808833098039031,-0.00085268798284232616,0.0010182546684518456,0.0020295924041420221,0.0032854881137609482,0.0050903982482850552,4.1902322041727231,2
distill:fred-price-return,DEXUSEU,TimesFM-laplace-qd,6852,0.0022142744526647551,-2.644163032528013e-06,0.00013255879457574338,-0.0039081345312297344,-0.0024934343528002501,-0.0014513659989461303,-0.00054456479847431183,0.00054067507153376937,0.0015030162176117301,0.0026701677124947309,0.0042647090740501881,4.284597491363475,2
distill:fred-price-return,DEXUSEU,Laplace-q-fixed-bandwidth,6853,-0.0048607949711988174,0.00035868698007002035,-0.004032696571823308,-0.0023156198100285795,-0.0012451596430657283,-0.00041570573247061524,0.00032616503580218598,0.0010699020672758882,0.0019061690428629871,0.0029939504911141324,0.0047622818004793158,3.3376346509329946,2
distill:fred-price-return,DEXUSEU,TimesFM-zero-shot,6853,-0.0048607949711988174,8.0215351772494614e-05,0.00016840102034620941,-0.0045584212057292461,-0.0029261638410389423,-0.0017907206201925874,-0.00084190466441214085,0.0010173532646149397,0.0020136109087616205,0.0032492922618985176,0.0050425794906914234,2.5511845313617783,2
distill:fred-price-return,DEXUSEU,TimesFM-laplace-qd,6853,-0.0048607949711988174,2.9302886105142534e-05,0.00014377704064827412,-0.0038251660298556089,-0.0024320341181010008,-0.0013959564967080951,-0.00050262873992323875,0.0005715307779610157,0.0015118953306227922,0.0026508348528295755,0.0042301840148866177,1.7155139917754489,2
distill:fred-price-return,DEXUSEU,Laplace-q-fixed-bandwidth,6854,0.00076906647670144102,-0.00017095116518932053,-0.0047482883533598568,-0.0029832810645499521,-0.0018608738216510439,-0.00098634925742441303,-0.00020359250250865057,0.00058113074233085099,0.0014627634020254856,0.0026027615252614648,0.0044181697959750771,4.8287996056644626,2
distill:fred-price-return,DEXUSEU,TimesFM-zero-shot,6854,0.00076906647670144102,-0.00011258886661380529,-3.4200929803773761e-05,-0.0049404273740947247,-0.0032434449531137943,-0.0020499120000749826,-0.0010635786456987262,0.00084056722698733211,0.0018574155401438475,0.0031001453753560781,0.0048743817023932934,4.2327613865976961,2
distill:fred-price-return,DEXUSEU,TimesFM-laplace-qd,6854,0.00076906647670144102,-0.00025698979152366519,-0.00016021197370719165,-0.0042654727585613728,-0.0028137173503637314,-0.0017255609855055809,-0.00080243917182087898,0.00028177301282994449,0.0012357690138742328,0.0023700657766312361,0.0039024294819682837,4.4868936390365954,2
distill:fred-price-return,DEXUSEU,Laplace-q-fixed-bandwidth,6855,0.0039215736531816314,0.00013924667028400093,-0.0042919739588874236,-0.0025672800201723567,-0.0014847708432484171,-0.00064465081800435227,0.00010684496012882078,0.00086023595210034582,0.0017072551913570161,0.0028071416224378126,0.0045825981863536419,3.8473273208026324,2
distill:fred-price-return,DEXUSEU,TimesFM-zero-shot,6855,0.0039215736531816314,0.00020388186385389417,0.00024224843946285546,-0.0046375468373298645,-0.0029330737888813019,-0.0017378886695951223,-0.00074642151594161987,0.0011568572372198105,0.0021575321443378925,0.0033787423744797707,0.005128032062202692,4.0099684434114655,2
distill:fred-price-return,DEXUSEU,TimesFM-laplace-qd,6855,0.0039215736531816314,0.00013410903920885175,0.00018310575978830457,-0.0038593285717070103,-0.0024084795732051134,-0.0013302108272910118,-0.0004123998514842242,0.00067502807360142469,0.0016088865231722593,0.0027181776240468025,0.0042226873338222504,3.9051835522388334,2
distill:fred-price-return,DEXUSEU,Laplace-q-fixed-bandwidth,6856,0.00093549354103142357,0.00041315767537602294,-0.0040924109003754264,-0.0023535724184794281,-0.0012492141805578215,-0.00038901281136854407,0.0003809275643236079,0.0011528060023198003,0.002020018123341751,0.0031417587547834594,0.0049305072137055834,4.9067915376307987,2
distill:fred-price-return,DEXUSEU,TimesFM-zero-shot,6856,0.00093549354103142357,0.00016331087681464851,0.00020103929273318499,-0.0046724611893296242,-0.0029782911296933889,-0.0017880527302622795,-0.00079405581345781684,0.001117371954023838,0.0021284306421875954,0.0033658922184258699,0.0051383855752646923,4.2343737331537739,2
distill:fred-price-return,DEXUSEU,TimesFM-laplace-qd,6856,0.00093549354103142357,0.00012806276208721101,0.00016719188715796918,-0.0038599602412432432,-0.002419942757114768,-0.0013438389869406819,-0.00041865149978548288,0.00066545087611302733,0.0016057848697528243,0.0027267055120319128,0.0042419135570526123,4.513738049234977,2
distill:fred-price-return,DEXUSEU,Laplace-q-fixed-bandwidth,6857,0.00076475340431125804,0.00028651794726061182,-0.00405856926140475,-0.0023636116661200392,-0.0013032834364249987,-0.00048100210558533606,0.00025451651740558484,0.00099189398338041766,0.0018209494538967597,0.0028984237235591803,0.0046437729668231467,4.9535672805565953,2
distill:fred-price-return,DEXUSEU,TimesFM-zero-shot,6857,0.00076475340431125804,6.4661682699806988e-05,0.00010037254833150655,-0.004702884703874588,-0.003019621130079031,-0.0018437993712723255,-0.00086727476445958018,0.0010097206104546785,0.0020019966177642345,0.003204661188647151,0.0049387193284928799,4.2564038421904034,2
distill:fred-price-return,DEXUSEU,TimesFM-laplace-qd,6857,0.00076475340431125804,2.5203815312124789e-05,9.3976384960114956e-05,-0.0039098937995731831,-0.002478692913427949,-0.0014139926061034203,-0.00050603062845766544,0.00056225387379527092,0.0014910765457898378,0.0025897803716361523,0.0040982118807733059,4.5330265226628326,2
distill:fred-price-return,DEXUSEU,Laplace-q-fixed-bandwidth,6858,0.00059440412738084869,0.0002954075922197836,-0.00388482527382731,-0.0022380548027364756,-0.0012230237736860481,-0.00043826088723624963,0.00026366696790152907,0.0009673652541911824,0.0017586263464045284,0.0027904355296805108,0.0044880333540246436,5.0157455019842132,2
distill:fred-price-return,DEXUSEU,TimesFM-zero-shot,6858,0.00059440412738084869,-3.5313772968947887e-05,-3.5007396945729852e-06,-0.0047303293831646442,-0.0030751405283808708,-0.0019231920596212149,-0.00096005009254440665,0.00090511370217427611,0.0018919355934485793,0.0030963558237999678,0.0048425616696476936,4.2596624814931108,2
distill:fred-price-return,DEXUSEU,TimesFM-laplace-qd,6858,0.00059440412738084869,-4.9291280447505414e-05,1.2925680493935943e-05,-0.00393662229180336,-0.0025282688438892365,-0.0014824273530393839,-0.0005810614675283432,0.00048963219160214067,0.0014166117180138826,0.0025210697203874588,0.0040427437052130699,4.5371758251536267,2
distill:fred-price-return,DEXUSEU,Laplace-q-fixed-bandwidth,6859,-0.0039977937819538345,0.00029924038289951449,-0.0037092744751989139,-0.0021163325279731846,-0.0011482511737666589,-0.00040097269601072983,0.00026779694920887691,0.00093824264725159037,0.0016917047848505349,0.0026760537557386863,0.004320144105631642,3.5957296045601295,2
distill:fred-price-return,DEXUSEU,TimesFM-zero-shot,6859,-0.0039977937819538345,0.00017898768419399858,0.0002039621613221243,-0.004554038867354393,-0.0028879828751087189,-0.0017209135694429278,-0.00075423566158860922,0.0011073476634919643,0.0020915116183459759,0.0032835854217410088,0.0050147357396781445,3.3254942849448534,2
distill:fred-price-return,DEXUSEU,TimesFM-laplace-qd,6859,-0.0039977937819538345,0.00028924719663336873,0.00030525276088155806,-0.0036215607542544603,-0.002201462397351861,-0.0011401619995012879,-0.0002378007338847965,0.00081714417319744825,0.0017332955030724406,0.0028144048992544413,0.004300952423363924,2.4903131645620444,2
distill:fred-price-return,DEXUSEU,Laplace-q-fixed-bandwidth,6860,-0.001876813381486514,-7.1370922270373721e-05,-0.004224676061316969,-0.0025902808736910947,-0.0015811644877619987,-0.00080078903451443471,-0.00010281107079696294,0.0005969315890031841,0.0013837839111394217,0.002409583978601821,0.0040943041927250026,4.6821060008590898,2
distill:fred-price-return,DEXUSEU,TimesFM-zero-shot,6860,-0.001876813381486514,9.7474330686964095e-05,0.00016082159709185362,-0.0046342834830284119,-0.0029736673459410667,-0.0018127582734450698,-0.00083967082900926471,0.0010328479111194611,0.0020278866868466139,0.0032402654178440571,0.0049811461940407753,4.6456737595252733,2
distill:fred-price-return,DEXUSEU,TimesFM-laplace-qd,6860,-0.001876813381486514,0.00010387404472567141,0.00018436324899084866,-0.0037842043675482273,-0.0023791543208062649,-0.0013312699738889933,-0.00042833364568650723,0.00063355604652315378,0.0015600101323798299,0.0026641678996384144,0.00416193762794137,4.8731132303706755,2
distill:fred-price-return,DEXUSEU,Laplace-q-fixed-bandwidth,6861,-0.0028218411986544456,-3.2399571491653818e-05,-0.004097025603010734,-0.0024922736528807765,-0.0015067041271275301,-0.00074499039505726799,-6.3545872305667778e-05,0.00061961870493133233,0.0013876547994344153,0.0023896345747375577,0.0040445687270794003,4.2665611661094278,2
distill:fred-price-return,DEXUSEU,TimesFM-zero-shot,6861,-0.0028218411986544456,-4.1332052205689251e-05,-4.4217449612915516e-07,-0.0047730938531458378,-0.0031000415328890085,-0.0019345843465998769,-0.00096872571157291532,0.00088785652769729495,0.0018717000493779778,0.0030594994314014912,0.004775321576744318,4.6934199056628723,2
distill:fred-price-return,DEXUSEU,TimesFM-laplace-qd,6861,-0.0028218411986544456,-0.00011171209916938096,-7.1047645178623497e-05,-0.0040303911082446575,-0.0026018645148724318,-0.0015399502590298653,-0.00063695316202938557,0.00041223707376047969,0.0013304902240633965,0.0024119417648762465,0.0038828914985060692,4.4833025410665703,2
distill:fred-price-return,DEXUSEU,Laplace-q-fixed-bandwidth,6862,-0.0043767501748746274,-0.00018369987874820946,-0.00425195447949609,-0.0026505311818969266,-0.0016625818644766071,-0.0008983335735835451,-0.00021459538595921179,0.00047087083850035397,0.0012414622323463984,0.0022457791244681726,0.0038967812853534468,3.6583925069825725,2
distill:fred-price-return,DEXUSEU,TimesFM-zero-shot,6862,-0.0043767501748746274,-0.0001833390851970762,-9.7247466328553855e-06,-0.0046516410075128078,-0.0030952850356698036,-0.0020069479942321777,-0.0010889382101595402,0.00073555990820750594,0.0017296195728704333,0.002950180321931839,0.0047394908033311367,3.0771030523525864,2
distill:fred-price-return,DEXUSEU,TimesFM-laplace-qd,6862,-0.0043767501748746274,-0.00028356126858852804,-7.4328963819425553e-05,-0.0040048551745712757,-0.0026756878942251205,-0.0016775955446064472,-0.00080839550355449319,0.00026043242542073131,0.0012160304468125105,0.0023640086874365807,0.0039529209025204182,2.5693186372890953,2
distill:fred-price-return,DEXUSEU,Laplace-q-fixed-bandwidth,6863,0.0018903597311688003,-0.00044482019729849147,-0.0046391726990148464,-0.0030054205471665993,-0.0019814510724999995,-0.0011867274175101242,-0.00047566882278796265,0.0002371940199716086,0.0010384904061584506,0.0020790662622775504,0.0037615180360643071,4.4330118907241554,2
distill:fred-price-return,DEXUSEU,TimesFM-zero-shot,6863,0.0018903597311688003,-0.00022095227905083448,-9.482915629632771e-05,-0.0048276023007929325,-0.0032022972591221333,-0.0020724174100905657,-0.001129365642555058,0.00070686335675418377,0.0016880321782082319,0.0028768526390194893,0.0046253432519733906,4.2251484584423853,2
distill:fred-price-return,DEXUSEU,TimesFM-laplace-qd,6863,0.0018903597311688003,-0.00038117420626804233,-0.00020928059529978782,-0.0042294659651815891,-0.0028334103990346193,-0.0017968416213989258,-0.00090547226136550307,0.00015270788571797311,0.0010875455336645246,0.0021940949372947216,0.0037333010695874691,4.2993239080341388,2
distill:fred-price-return,DEXUSEU,Laplace-q-fixed-bandwidth,6864,-0.0040428423737674801,2.7744724076601324e-05,-0.0041317537757989435,-0.0025122880500659519,-0.0014967910288143848,-0.00070836549657003701,-2.838354870757913e-06,0.00070447908735907921,0.0014994236743705225,0.0025313851649409165,0.0041991488707892773,3.7345486800513745,2
distill:fred-price-return,DEXUSEU,TimesFM-zero-shot,6864,-0.0040428423737674801,-9.2598638730123639e-06,0.00010739892604760826,-0.0046111834235489368,-0.0030064668972045183,-0.0018740851664915681,-0.00092413160018622875,0.00091567158233374357,0.0018995688296854496,0.0030964210163801908,0.0048582958988845348,3.3379822122954241,2
distill:fred-price-return,DEXUSEU,TimesFM-laplace-qd,6864,-0.0040428423737674801,-0.00015942542813718319,4.8465590225532651e-06,-0.0039135278202593327,-0.0025689122267067432,-0.0015531042590737343,-0.00067182222846895456,0.00035993341589346528,0.0012814784422516823,0.0023736597504466772,0.0039047268219292164,2.8115665445736049,2
distill:fred-price-return,DEXUSEU,Laplace-q-fixed-bandwidth,6865,0.0015502543798925905,-0.00043735814008571196,-0.0047014612769627137,-0.0030585158839966271,-0.0020130689855671698,-0.0011978540770597786,-0.00046784948186910831,0.00026400293752842495,0.0010859000473505938,0.0021478906339528342,0.0038382843942646296,4.5709551056805129,2
distill:fred-price-return,DEXUSEU,TimesFM-zero-shot,6865,0.0015502543798925905,-0.00017758271133061498,-7.0069581852294505e-06,-0.0046927495859563351,-0.0031309770420193672,-0.0020295137073844671,-0.0010984526015818119,0.00076226412784308195,0.0017646109918132424,0.002960490295663476,0.0047636306844651699,4.2249920126827076,2
distill:fred-price-return,DEXUSEU,TimesFM-laplace-qd,6865,0.0015502543798925905,-0.0002263859350932762,-4.5145323383621871e-05,-0.0039661778137087822,-0.0026414317544549704,-0.0016350247897207737,-0.00075407390249893069,0.00030943553429096937,0.0012490894878283143,0.0023447126150131226,0.0039029659237712622,4.3895771559048731,2
distill:fred-price-return,DEXUSEU,Laplace-q-fixed-bandwidth,6866,-0.0026713790715111041,-7.5104679881284888e-05,-0.0042749644808952342,-0.0026530548011542607,-0.0016243806228330143,-0.00082294679670104278,-0.00010533939047980339,0.00061408716135425974,0.0014221077676611791,0.0024671677199177003,0.0041363292515713933,4.3681737692238656,2
distill:fred-price-return,DEXUSEU,TimesFM-zero-shot,6866,-0.0026713790715111041,-0.00018812206690199673,-3.5755801945924759e-06,-0.0044975564815104008,-0.0030081693548709154,-0.001958036795258522,-0.0010756599949672818,0.00073974160477519035,0.0017418998759239912,0.0029247994534671307,0.0047280727885663509,4.8903665275971191,2
distill:fred-price-return,DEXUSEU,TimesFM-laplace-qd,6866,-0.0026713790715111041,-0.00037781012360937893,-0.00015764625277370214,-0.0038978059310466051,-0.0026548230089247227,-0.0017123166471719742,-0.00088609883096069098,0.00016056756430771202,0.0011016427306458354,0.0021810829639434814,0.0037570979911834002,4.7648091479599834,2
distill:fred-price-return,DEXUSEU,Laplace-q-fixed-bandwidth,6867,0.0012073130131544929,-0.00036827926212367861,-0.0045477515434358242,-0.0029363279285251108,-0.0019121617751177598,-0.0011135357144635115,-0.0003982636879487901,0.00031882113636327972,0.0011239987947936031,0.0021644273437389219,0.0038226512369432825,4.7240608446661732,2
distill:fred-price-return,DEXUSEU,TimesFM-zero-shot,6867,0.0012073130131544929,-0.0004461884091142565,-0.00024291535373777151,-0.0048090396448969841,-0.003319083247333765,-0.0022619001101702452,-0.0013540040235966444,0.00050160672981292009,0.0014792586443945765,0.0026401374489068985,0.0044854874722659588,4.2354745672403613,2
distill:fred-price-return,DEXUSEU,TimesFM-laplace-qd,6867,0.0012073130131544929,-0.00074718520045280457,-0.00048401302774436772,-0.0043067294172942638,-0.0030713719315826893,-0.0021281405352056026,-0.0012814642395824194,-0.00018741388339549303,0.00072247185744345188,0.0017770015401765704,0.0033989632502198219,4.3546874586319566,2
distill:fred-price-return,DEXUSEU,Laplace-q-fixed-bandwidth,6868,0.0014640660583566112,-0.00013436312069314206,-0.0042226575728339689,-0.0026386898539845285,-0.0016389002388007385,-0.00086080496435237818,-0.00016409899964366407,0.00053437456803687069,0.0013188882190105318,0.0023347577678724182,0.0039655136592666122,4.7268786311111901,2
distill:fred-price-return,DEXUSEU,TimesFM-zero-shot,6868,0.0014640660583566112,-9.5845971372909844e-05,2.7325215341988951e-05,-0.0045734299346804619,-0.0030269355047494173,-0.0019176005152985454,-0.00099209777545183897,0.00081293832045048475,0.0017853673780336976,0.0029636307153850794,0.004689452238380909,4.2617175664931031,2
distill:fred-price-return,DEXUSEU,TimesFM-laplace-qd,6868,0.0014640660583566112,-0.00026606442406773567,-8.7321997852995992e-05,-0.0038750623352825642,-0.0025936176534742117,-0.0016140085645020008,-0.00076219305628910661,0.0002371807349845767,0.0011405685218051076,0.0022092929575592279,0.0037012551911175251,4.4252112504559395,2
distill:fred-price-return,DEXUSEU,Laplace-q-fixed-bandwidth,6869,0.00094619593313668982,-5.7622696087154027e-05,-0.0040584504692191339,-0.0025016530890144282,-0.0015252083397900972,-0.00076643561723152781,-8.7103536266674387e-05,0.0005939542959280381,0.0013590085407497038,0.0023513306560321431,0.0039548650478049129,4.9246159354988706,2
distill:fred-price-return,DEXUSEU,TimesFM-zero-shot,6869,0.00094619593313668982,-0.00045646433136425912,-0.00029674477991648018,-0.0048699402250349522,-0.0033362971153110266,-0.0022479717154055834,-0.0013413744745776057,0.00044598648673854768,0.0014289641985669732,0.0026021534577012062,0.0043246503919363022,4.2659005253545921,2
distill:fred-price-return,DEXUSEU,TimesFM-laplace-qd,6869,0.00094619593313668982,-0.00087328779045492411,-0.0006810708437114954,-0.0044670039787888527,-0.0031888980884104967,-0.0022168864961713552,-0.0013741289731115103,-0.00035843948717229068,0.00056395481806248426,0.0016273190267384052,0.0031070588156580925,4.4052369594634229,2
distill:fred-price-return,DEXUSEU,Laplace-q-fixed-bandwidth,6870,0.0015463920607381998,-4.101487887876812e-05,-0.0039158799241345603,-0.0023968955434339216,-0.0014546860578367096,-0.00072420992748718511,-7.02422468506671e-05,0.0005853839157463766,0.0013219327890683025,0.0022797256631892273,0.003845633505708549,4.7535948007249615,2
distill:fred-price-return,DEXUSEU,TimesFM-zero-shot,6870,0.0015463920607381998,5.9054145822301507e-06,0.00010573779582045972,-0.0044110603630542755,-0.0028756621759384871,-0.0017898750957101583,-0.00087704253382980824,0.00090629351325333118,0.0018632819410413504,0.0030226563103497028,0.0047337464056909084,4.2760111343959268,2
distill:fred-price-return,DEXUSEU,TimesFM-laplace-qd,6870,0.0015463920607381998,-4.4982210965827107e-05,8.4915809566155076e-05,-0.0036279363557696342,-0.002347992267459631,-0.0013817646540701389,-0.00053913932060822845,0.00045782455708831549,0.0013416180154308677,0.002383361104875803,0.0038471722509711981,4.4671647174200428,2
distill:fred-price-return,DEXUSEU,Laplace-q-fixed-bandwidth,6871,0.0025720178787883297,4.8790605338900735e-05,-0.0037430606818454892,-0.0022516981164844452,-0.0013314984844614841,-0.00061855782079721822,1.9835951483491411e-05,0.00065984618713607677,0.0013787172598405813,0.0023142465216739981,0.0038523924602543776,4.3331749227458216,2
distill:fred-price-return,DEXUSEU,TimesFM-zero-shot,6871,0.0025720178787883297,-2.7958667487837374e-05,2.4493128876201808e-05,-0.0045034261420369148,-0.0029348426032811403,-0.0018284261459484696,-0.00090836221352219582,0.00085965590551495552,0.0018037706613540649,0.0029452592134475708,0.0046062134206295013,4.2145069647758184,2
distill:fred-price-return,DEXUSEU,TimesFM-laplace-qd,6871,0.0025720178787883297,-0.00019591608725022525,-0.00012833416985813528,-0.0038382434286177158,-0.0025188897270709276,-0.0015332966577261686,-0.00068582955282181501,0.00030163762858137488,0.0011724282521754503,0.0022043469361960888,0.0036239246837794781,4.2071176747187682,2
distill:fred-price-return,DEXUSEU,Laplace-q-fixed-bandwidth,6872,-0.0047204310284464368,0.00020171591033860879,-0.0035934003953919155,-0.0021051133133060309,-0.0011827851181600946,-0.0004675224237039646,0.00017299256626624512,0.00081513074592683512,0.0015363410387763134,0.0024739561379862633,0.0040084762898100869,3.3141945040153153,2
distill:fred-price-return,DEXUSEU,TimesFM-zero-shot,6872,-0.0047204310284464368,-1.1355441529303789e-05,0.00017160626885015517,-0.0042599649168550968,-0.0027838400565087795,-0.0017654348630458117,-0.00088218192104250193,0.00088029156904667616,0.001829008455388248,0.0029813277069479227,0.0047030323185026646,2.4985950821811356,2
distill:fred-price-return,DEXUSEU,TimesFM-laplace-qd,6872,-0.0047204310284464368,-2.7670117560774088e-05,0.00018905951583292335,-0.0035015610046684742,-0.0022591850720345974,-0.0013525513932108879,-0.00053030683193355799,0.00048492001951672137,0.0013649981701746583,0.0024042364675551653,0.0038942494429647923,1.4757884209286245,2
distill:fred-price-return,DEXUSEU,Laplace-q-fixed-bandwidth,6873,0.0015473225815618163,-0.00028928062786260983,-0.0042805307585277782,-0.0027371153777585146,-0.0017605693715995331,-0.00099973174932956716,-0.00031823098803060375,0.00036500273734799539,0.0011321264095576751,0.002124383013885716,0.0037134092246064142,4.646124727649374,2
distill:fred-price-return,DEXUSEU,TimesFM-zero-shot,6873,0.0015473225815618163,-6.4501859014853835e-05,1.7571219359524548e-05,-0.0046459506265819073,-0.0030412212945520878,-0.0019204227719455957,-0.00096882146317511797,0.00085498520638793707,0.0018342060502618551,0.0030256444588303566,0.004727980587631464,4.2570539847095112,2
distill:fred-price-return,DEXUSEU,TimesFM-laplace-qd,6873,0.0015473225815618163,-0.00019975475152023137,-8.5152976680546999e-05,-0.0039580562151968479,-0.0026048535946756601,-0.0016069991979748011,-0.00072441436350345612,0.00032924738479778171,0.0012432117946445942,0.0023277350701391697,0.0037997381296008825,4.4187092007449085,2
distill:fred-price-return,DEXUSEU,Laplace-q-fixed-bandwidth,6874,-0.0031832091231432658,1.9809081866372757e-05,-0.0039075458341776698,-0.0023852021528123881,-0.0014253790538365763,-0.00067816887389290275,-8.8916596897217404e-06,0.00066208884887167729,0.0014154862028219369,0.0023908515840144855,0.0039586184308575828,4.0798884568365725,2
distill:fred-price-return,DEXUSEU,TimesFM-zero-shot,6874,-0.0031832091231432658,1.3420736650004983e-05,6.2726197938900441e-05,-0.0044887498952448368,-0.0029207631014287472,-0.0018107222858816385,-0.00087399233598262072,0.00091047334717586637,0.0018633137224242091,0.0030153347179293633,0.0046865311451256275,4.3197420602676857,2
distill:fred-price-return,DEXUSEU,TimesFM-laplace-qd,6874,-0.0031832091231432658,-0.00014853972243145108,-5.5836251704022288e-05,-0.003801730927079916,-0.0024997997097671032,-0.0015257428167387843,-0.00065972970332950354,0.00035651284269988537,0.0012394140940159559,0.0022790743969380856,0.0037314235232770443,3.8864990212421517,2
distill:fred-price-return,DEXUSEU,Laplace-q-fixed-bandwidth,6875,0.0020659385845057665,-0.00025353452353691665,-0.0042257070674916394,-0.0026962680974446074,-0.0017229753921814126,-0.0009630705946106087,-0.00028205438721656015,0.00040069093858053381,0.001166850105882388,0.0021556613863708322,0.0037298392330517333,4.4454090468160583,2
distill:fred-price-return,DEXUSEU,TimesFM-zero-shot,6875,0.0020659385845057665,1.4171644579619169e-05,7.4870149546768516e-05,-0.0044411481358110905,-0.0028824848122894764,-0.0017943397397175431,-0.00086686178110539913,0.00090700341388583183,0.0018539498560130596,0.0030135393608361483,0.0046820365823805332,4.2596954191351006,2
distill:fred-price-return,DEXUSEU,TimesFM-laplace-qd,6875,0.0020659385845057665,-5.846665590070188e-05,6.4006264437921345e-05,-0.0037147016264498234,-0.0024064627941697836,-0.0014372023288160563,-0.00057094311341643333,0.00045024603605270386,0.0013434861321002245,0.0024094842374324799,0.0038759077433496714,4.3526292775310118,2
distill:fred-price-return,DEXUSEU,Laplace-q-fixed-bandwidth,6876,-0.0082894870671045284,-7.394289334555503e-06,-0.0039560114433791552,-0.002437467601076812,-0.0014696488551250602,-0.00071348906149183483,-3.5677227171175687e-05,0.00064385462398650962,0.0014062304750017264,0.0023894451602238962,0.0039523263862792906,1.8579593060748985,2
distill:fred-price-return,DEXUSEU,TimesFM-zero-shot,6876,-0.0082894870671045284,-2.5308181648142636e-05,3.7060875911265612e-05,-0.0044863251969218254,-0.0029335140716284513,-0.0018382426351308823,-0.00091130821965634823,0.00086456560529768467,0.0018156932201236486,0.0029746314976364374,0.0046641179360449314,-0.74860161175429707,2
distill:fred-price-return,DEXUSEU,TimesFM-laplace-qd,6876,-0.0082894870671045284,-5.6961231166496873e-05,5.2496008720481768e-05,-0.0036686172243207693,-0.0023775252047926188,-0.0014108183095231652,-0.00055770447943359613,0.00044740119483321905,0.001343525480479002,0.0024082507006824017,0.0038901574444025755,-4.5088165100546442,2
distill:fred-price-return,DEXUSEU,Laplace-q-fixed-bandwidth,6877,0.001039951562657071,-0.00047858788800106454,-0.0048929081170422037,-0.0032156727595745753,-0.002124946307754224,-0.001266700890901357,-0.00049686694363225198,0.00027407099444354103,0.0011362482980173186,0.0022364027160704739,0.0039401988903883418,4.7149416245059204,2
distill:fred-price-return,DEXUSEU,TimesFM-zero-shot,6877,0.001039951562657071,-0.00027228007093071938,-0.00023281923495233059,-0.0048896153457462788,-0.0032773215789347887,-0.0021420477423816919,-0.0011803441448137164,0.0006339438259601593,0.0016005769139155746,0.002769355196505785,0.0044411146081984043,4.2803030771994264,2
distill:fred-price-return,DEXUSEU,TimesFM-laplace-qd,6877,0.001039951562657071,-0.00042287309770472348,-0.00036482189898379147,-0.0042729279957711697,-0.0028893658891320229,-0.0018515175906941295,-0.00094780861400067806,9.043644240591675e-05,0.0010025034425780177,0.0020716518629342318,0.0035103475674986839,4.478275398981026,2
distill:fred-price-return,DEXUSEU,Laplace-q-fixed-bandwidth,6878,0.0009523397975300385,-0.00027350137723805649,-0.0045918296811318354,-0.0029409851226508145,-0.0018756844035684853,-0.0010402981422547529,-0.00029166748559588426,0.00045804701084950982,0.0012973134670207363,0.0023720144585032479,0.0040494958122143983,4.8086558467399936,2
distill:fred-price-return,DEXUSEU,TimesFM-zero-shot,6878,0.0009523397975300385,-8.5139545262791216e-05,-3.8275298720691353e-05,-0.0046965000219643116,-0.0030847375746816397,-0.001943108974955976,-0.00098912289831787348,0.00082689587725326419,0.001796156051568687,0.0029514431953430176,0.0046315798535943031,4.2857140564777128,2
distill:fred-price-return,DEXUSEU,TimesFM-laplace-qd,6878,0.0009523397975300385,-0.000218907356611453,-0.00015423103468492627,-0.0040325452573597431,-0.0026589781045913696,-0.0016277885297313333,-0.00073686655377969146,0.00030449021141976118,0.0012146342778578401,0.0022710300981998444,0.0037173754535615444,4.5188230453048099,2
distill:fred-price-return,DEXUSEU,Laplace-q-fixed-bandwidth,6879,-0.00051934563618621921,-0.00022745027219871761,-0.0044336048746883919,-0.0028130911453924509,-0.0017778916668471883,-0.00096936083364247206,-0.00024550684055909687,0.00047940665755270189,0.0012917482402420898,0.0023363058915495671,0.0039836044440231437,4.9955127250863214,2
distill:fred-price-return,DEXUSEU,TimesFM-zero-shot,6879,-0.00051934563618621921,-0.00023361797502730042,-0.00015679604257456958,-0.0046291141770780087,-0.0030912591610103846,-0.0020123878493905067,-0.0011101332493126392,0.00064993422711268067,0.0016102045774459839,0.0027409282047301531,0.004405459389090538,4.3096497509832172,2
distill:fred-price-return,DEXUSEU,TimesFM-laplace-qd,6879,-0.00051934563618621921,-0.00039597932482138276,-0.00029284274205565453,-0.0039974958635866642,-0.0027040408458560705,-0.0017368545522913337,-0.00089068955276161432,0.00010671991185517982,0.0010120871011167765,0.0020489213056862354,0.003489186055958271,4.6141100416880683,2
distill:fred-price-return,DEXUSEU,Laplace-q-fixed-bandwidth,6880,-0.0030349036951540509,-0.00025379920416381978,-0.0043098994062134594,-0.0027292076487999846,-0.0017350335345478192,-0.00096258882150077204,-0.00027175561016060904,0.00042009661822664383,0.0011962430978480522,0.0021996960727231553,0.0038074956696794167,4.2725421289601213,2
distill:fred-price-return,DEXUSEU,TimesFM-zero-shot,6880,-0.0030349036951540509,9.5718169177416712e-06,4.2547657358227298e-05,-0.0045123719610273838,-0.0029240406583994627,-0.0018062539165839553,-0.00087326939683407545,0.00089985691010951996,0.0018412645440548658,0.0029706333298236132,0.0045911301858723164,4.4800719444404189,2
distill:fred-price-return,DEXUSEU,TimesFM-laplace-qd,6880,-0.0030349036951540509,-1.0795240086736158e-05,4.3836076656589285e-05,-0.0037267501465976238,-0.002383487531915307,-0.0013762417947873473,-0.0005085282027721405,0.00048854417400434613,0.0013667840976268053,0.0023929513990879059,0.00377615075558424,3.9800063606289195,2
distill:fred-price-return,DEXUSEU,Laplace-q-fixed-bandwidth,6881,0.0050242655932921931,-0.00038513084682865892,-0.0044458510252130424,-0.002869177689603463,-0.0018725831772122181,-0.0010969326308737301,-0.00040297047233947775,0.00029201589383392611,0.0010713790973938282,0.002077222029100875,0.0036807340346879298,3.1903012578706349,2
distill:fred-price-return,DEXUSEU,TimesFM-zero-shot,6881,0.0050242655932921931,-0.00015869759954512119,-9.3887814728077501e-05,-0.0046497941948473454,-0.0030786166898906231,-0.0019700420089066029,-0.0010412216652184725,0.00073016033275052905,0.0016811913810670376,0.0028237537480890751,0.0044796299189329147,3.6044297862102068,2
distill:fred-price-return,DEXUSEU,TimesFM-laplace-qd,6881,0.0050242655932921931,-0.00030360592063516378,-0.00022435549180954695,-0.0040029711090028286,-0.0026686217170208693,-0.0016695491503924131,-0.00080618163337931037,0.00019835215061903,0.0010853533167392015,0.0021283170208334923,0.0035494533367455006,3.2808309336921635,2
distill:fred-price-return,DEXUSEU,Laplace-q-fixed-bandwidth,6882,0.0022440886337984078,-0.00013665205719935909,-0.0044100076084918026,-0.0027772623635200968,-0.0017229049975858021,-0.00089589803579446137,-0.00015471850645624329,0.00058754774951949693,0.0014184429552947949,0.0024822156888540331,0.0041416041149102238,4.4313227940431847,2
distill:fred-price-return,DEXUSEU,TimesFM-zero-shot,6882,0.0022440886337984078,-2.5182816898450255e-06,5.1250775868538767e-05,-0.0045390748418867588,-0.0029450312722474337,-0.0018197691533714533,-0.00088908802717924118,0.00089052732801064849,0.0018341601826250553,0.0029691681265830994,0.0046013635583221912,4.2582022984382046,2
distill:fred-price-return,DEXUSEU,TimesFM-laplace-qd,6882,0.0022440886337984078,-4.1804774809861556e-05,2.5703771825646982e-05,-0.0038007525727152824,-0.0024399394169449806,-0.0014181287260726094,-0.00054972642101347446,0.00046576029853895307,0.0013471042038872838,0.0023851974401623011,0.0037884591147303581,4.3426379454179296,2
distill:fred-price-return,DEXUSEU,Laplace-q-fixed-bandwidth,6883,0.0013784787226333306,-4.5990293896944743e-05,-0.0042860531891185886,-0.0026666841704990367,-0.0016205555858801262,-0.00079971333379277442,-6.393350678083511e-05,0.00067292791792484391,0.0014976358509190741,0.0025531245375738387,0.004198991906729831,4.7664704292506892,2
distill:fred-price-return,DEXUSEU,TimesFM-zero-shot,6883,0.0013784787226333306,-7.3355273343622684e-05,-3.4360935387667269e-05,-0.0045078094117343426,-0.0029562835115939379,-0.0018598439637571573,-0.00094339012866839767,0.00080917694140225649,0.001746440539136529,0.0028813560493290424,0.0045337560586631298,4.3050008038963945,2
distill:fred-price-return,DEXUSEU,TimesFM-laplace-qd,6883,0.0013784787226333306,-0.00011973935761488974,-4.7924702812451869e-05,-0.0037529317196458578,-0.0024476770777255297,-0.0014646002091467381,-0.00061461410950869322,0.00038265835610218346,0.001268784748390317,0.0023181508295238018,0.0037628344725817442,4.4868219872247996,2
distill:fred-price-return,DEXUSEU,Laplace-q-fixed-bandwidth,6884,-0.0018958985341080703,-3.7157006880747174e-06,-0.0041465193091971154,-0.0025542250470279209,-0.0015340309432533531,-0.0007361605113177861,-2.1545158754276975e-05,0.00069412949185372239,0.00149580609660164,0.0025253148783422026,0.0041441964341720431,4.6432016108063241,2
distill:fred-price-return,DEXUSEU,TimesFM-zero-shot,6884,-0.0018958985341080703,4.2482497519813478e-06,8.6340383859351277e-05,-0.0043432055972516537,-0.002829098142683506,-0.001757380785420537,-0.00085880875121802092,0.00087375985458493233,0.0018025398021563888,0.0029300227761268616,0.0045848637819290161,4.7782624814547194,2
distill:fred-price-return,DEXUSEU,TimesFM-laplace-qd,6884,-0.0018958985341080703,-1.1211719538550824e-05,0.00011204405745957047,-0.0035649833735078573,-0.002294749254360795,-0.0013347971253097057,-0.00050471967551857233,0.00049058895092457533,0.00137482606805861,0.0024225586093962193,0.0038831809069961309,4.9807830361174368,2
distill:fred-price-return,DEXUSEU,Laplace-q-fixed-bandwidth,6885,-0.010666536546985017,-9.9151228879635825e-05,-0.0041737875964239675,-0.0026028028882806994,-0.0016005145526935727,-0.00081775682697754644,-0.00011685589834970327,0.0005850876312428093,0.0013716049928659154,0.0023831482287256273,0.0039806921064171582,0.58528574583581694,2
distill:fred-price-return,DEXUSEU,TimesFM-zero-shot,6885,-0.010666536546985017,-1.5551166143268347e-05,3.6476172681432217e-05,-0.0043221623636782169,-0.0028180873487144709,-0.0017630609218031168,-0.00087160023394972086,0.00084229710046201944,0.0017564744921401143,0.0028750873170793056,0.0045121819712221622,-4.13217633566122,2
distill:fred-price-return,DEXUSEU,TimesFM-laplace-qd,6885,-0.010666536546985017,-5.5976124713197351e-05,2.5863479095278308e-05,-0.0035649877972900867,-0.0022999909706413746,-0.0013561950763687491,-0.00053052615839987993,0.00043085217475891113,0.001291468390263617,0.0023177203256636858,0.0037393816746771336,-9.7470642491187593,2
distill:fred-price-return,DEXUSEU,Laplace-q-fixed-bandwidth,6886,-0.0033184905137130793,-0.00064035005115743423,-0.0053979278766679607,-0.0035869521134754331,-0.0024078613060228406,-0.0014796087575255096,-0.00064748232512633667,0.00018497522648963524,0.0011143994955221449,0.0022962858321490982,0.0041151439986705958,4.3323312228644504,2
distill:fred-price-return,DEXUSEU,TimesFM-zero-shot,6886,-0.0033184905137130793,-0.00050815008580684662,-0.00046160325291566551,-0.0051195784471929073,-0.0034991120919585228,-0.0023604363668709993,-0.0014098777901381254,0.00040013616671785712,0.0013515814207494259,0.0025180401280522346,0.0041976626962423325,4.676507253868424,2
distill:fred-price-return,DEXUSEU,TimesFM-laplace-qd,6886,-0.0033184905137130793,-0.00085068761836737394,-0.00079382251715287566,-0.0047826194204390049,-0.0033599587623029947,-0.0023004752583801746,-0.0013933762675151229,-0.00031280695111490786,0.00059619930107146502,0.0016801488818600774,0.0031523238867521286,4.6877208603595868,2
distill:fred-price-return,DEXUSEU,Laplace-q-fixed-bandwidth,6887,-0.004295426284486592,-0.000621280364835514,-0.005342892951516548,-0.0035463517968959916,-0.0023762095254128085,-0.0014546691655125206,-0.00062840695233830975,0.00019818743588680902,0.0011209092521686918,0.0022938701911023249,0.0040983607592103167,3.9713831843626064,2
distill:fred-price-return,DEXUSEU,TimesFM-zero-shot,6887,-0.004295426284486592,-0.0003819998528342694,-0.00032674262183718383,-0.0048850993625819683,-0.0033064079470932484,-0.0021984032355248928,-0.0012677971972152591,0.00051104556769132614,0.0014509811298921704,0.0026006081607192755,0.0042597334831953049,3.4255957516035713,2
distill:fred-price-return,DEXUSEU,TimesFM-laplace-qd,6887,-0.004295426284486592,-0.00076052430085837841,-0.00069305277429521084,-0.0046072234399616718,-0.0032180743291974068,-0.0021836755331605673,-0.0012927149655297399,-0.00023438033531419933,0.00066727644298225641,0.0017346132081001997,0.0031973631121218204,3.3725182737466324,2
distill:fred-price-return,DEXUSEU,Laplace-q-fixed-bandwidth,6888,-0.0030794973964747285,-0.00082496505358449772,-0.0055822145714992761,-0.0037837193008646713,-0.0026034748032668564,-0.0016701357017093687,-0.00083210578169663437,6.2645502975959213e-06,0.0009408021489609225,0.0021238819432439996,0.0039303592575172701,4.4735840214068876,2
distill:fred-price-return,DEXUSEU,TimesFM-zero-shot,6888,-0.0030794973964747285,-0.00085334398318082094,-0.00077306496677920222,-0.0051871328614652157,-0.0036599703598767519,-0.0026049369480460882,-0.001719430205412209,1.4202960301190615e-05,0.00093192158965393901,0.0020666350610554218,0.0037166171241551638,4.8775173027840744,2
distill:fred-price-return,DEXUSEU,TimesFM-laplace-qd,6888,-0.0030794973964747285,-0.0011189602082595229,-0.0010286471806466579,-0.0048998654820024967,-0.0035259013529866934,-0.0025212713517248631,-0.0016592544270679355,-0.00059306627372279763,0.00030393572524189949,0.0013844820205122232,0.0028595305047929287,4.913903697366548,2
distill:fred-price-return,DEXUSEU,Laplace-q-fixed-bandwidth,6889,0.0032551825690980418,-0.00086428733474376183,-0.0055586520498831504,-0.0037798325748389793,-0.0026157532461325776,-0.0016964783486692757,-0.00087142010097649293,-4.6021318521323397e-05,0.00087445982100312026,0.0020414010352062069,0.0038282879616672364,3.8031828792754574,2
distill:fred-price-return,DEXUSEU,TimesFM-zero-shot,6889,0.0032551825690980418,-0.00046381884021684527,-0.00038788080564700067,-0.0048905150033533573,-0.0033215747680515051,-0.0022342586889863014,-0.0013278635451570153,0.00041230459464713931,0.0013207815354689956,0.002438938245177269,0.0040563629008829594,4.0227343637293256,2
distill:fred-price-return,DEXUSEU,TimesFM-laplace-qd,6889,0.0032551825690980418,-0.00084256945410743356,-0.00075147731695324183,-0.0046753319911658764,-0.0032728025689721107,-0.0022504662629216909,-0.0013803967740386724,-0.00032786015071906149,0.00054781255312263966,0.0015901473816484213,0.0030071192886680365,3.780528361951689,2
distill:fred-price-return,DEXUSEU,Laplace-q-fixed-bandwidth,6890,0.0015797791595184574,-0.00034210457795902507,-0.0051046426966482473,-0.0033154245168514939,-0.0021329330811146298,-0.0011938266804553787,-0.00034926730765780375,0.00049564046871471449,0.001435972897144021,0.0026213424110202313,0.0044186594303742815,4.5651503851711812,2
distill:fred-price-return,DEXUSEU,TimesFM-zero-shot,6890,0.0015797791595184574,-0.00027223833603784442,-0.00020441258675418794,-0.0046432306990027428,-0.0031035162974148989,-0.0020271947141736746,-0.0011285711079835892,0.00060129992198199034,0.001511945272795856,0.0026215745601803064,0.0042383731342852116,4.3063035995205938,2
distill:fred-price-return,DEXUSEU,TimesFM-laplace-qd,6890,0.0015797791595184574,-0.00045848876470699906,-0.00038004765519872308,-0.0042131850495934486,-0.0028541306965053082,-0.0018494217656552792,-0.00098317419178783894,6.2206643633544445e-05,0.00094231672119349241,0.0019821915775537491,0.0034170141443610191,4.389324784482536,2
distill:fred-price-return,DEXUSEU,Laplace-q-fixed-bandwidth,6891,0.0019274581050470196,-0.00035517897348015645,-0.0050378045268199331,-0.0032712383194870853,-0.0021093607466156697,-0.0011891361843371826,-0.00036233342134653779,0.00046481837428673125,0.0013862758379396616,0.0025510628844066831,0.0043258261493987699,4.4626771027984162,2
distill:fred-price-return,DEXUSEU,TimesFM-zero-shot,6891,0.0019274581050470196,-8.1063859397545457e-05,-4.4792639528168365e-05,-0.004602180328220129,-0.0030082454904913902,-0.0018905779579654336,-0.00096374767599627376,0.00080575433094054461,0.0017339801415801048,0.0028557190671563148,0.0044776331633329391,4.2862035969945573,2
distill:fred-price-return,DEXUSEU,TimesFM-laplace-qd,6891,0.0019274581050470196,-0.00017310603288933635,-0.00013183450209908187,-0.0040013007819652557,-0.0026092247571796179,-0.0015743790427222848,-0.00069217110285535455,0.00034237036015838385,0.0012258349452167749,0.0022633702028542757,0.0036731015425175428,4.385544577360931,2
distill:fred-price-return,DEXUSEU,Laplace-q-fixed-bandwidth,6892,-0.00070046408607840616,-0.00025870987754246516,-0.0048850227753886918,-0.0031366528328113179,-0.0019891754291363078,-0.0010813070648058257,-0.00026585590875308549,0.00054994631715565108,0.0014590550138624549,0.0026094662971653296,0.0043661082695770313,4.8721478378640395,2
distill:fred-price-return,DEXUSEU,TimesFM-zero-shot,6892,-0.00070046408607840616,-0.00011229496158193797,-9.2906411737203598e-05,-0.0044974926859140396,-0.0029523000121116638,-0.0018651230493560433,-0.00096340710297226906,0.00075087696313858032,0.0016518243355676532,0.0027456954121589661,0.004345250315964222,4.339466160106177,2
distill:fred-price-return,DEXUSEU,TimesFM-laplace-qd,6892,-0.00070046408607840616,-0.0002249770041089505,-0.00021436974930111319,-0.0039514345116913319,-0.0025918146129697561,-0.0015806060982868075,-0.00072233378887176514,0.00028059241594746709,0.0011422702809795737,0.0021536534186452627,0.0035525662824511528,4.6283343210116303,2
distill:fred-price-return,DEXUSEU,Laplace-q-fixed-bandwidth,6893,-0.0028946119066387554,-0.00042311506267528521,-0.0049086427004425993,-0.0031943334022763743,-0.0020842059478972377,-0.00121195585214534,-0.00043025923578271247,0.00035178549623100753,0.0012252736147900292,0.0023383796702317527,0.0040611347382831196,4.4098046609651256,2
distill:fred-price-return,DEXUSEU,TimesFM-zero-shot,6893,-0.0028946119066387554,-0.00018996538710780442,-0.0001632024795981124,-0.0046035423874855042,-0.0030446408782154322,-0.0019578817300498486,-0.0010519225616008043,0.00068344129249453545,0.00159934360999614,0.0027112560346722603,0.0043151071295142174,4.7061047767029578,2
distill:fred-price-return,DEXUSEU,TimesFM-laplace-qd,6893,-0.0028946119066387554,-0.00033432274358347058,-0.00030581839382648468,-0.0040149674750864506,-0.0026738336309790611,-0.0016800599405542016,-0.0008297446183860302,0.00016329089703503996,0.0010261195711791515,0.002040833467617631,0.003420994384214282,4.5342833515985399,2
distill:fred-price-return,DEXUSEU,Laplace-q-fixed-bandwidth,6894,0.0056061814665985255,-0.00062542734123051608,-0.0050722447984039446,-0.0033727237341895262,-0.0022723087898947345,-0.0014075904935620131,-0.00063256166186224352,0.00014281651685045857,0.0010087807071511024,0.0021121924196610938,0.003820216192808752,3.0150040845720043,2
distill:fred-price-return,DEXUSEU,TimesFM-zero-shot,6894,0.0056061814665985255,-0.00050019915215671062,-0.00044250785140320659,-0.0048031620681285858,-0.0032944648992270231,-0.002232701750472188,-0.0013470702106133103,0.00035138777457177639,0.0012621550122275949,0.0023668571375310421,0.0039974171668291092,3.2157991538137218,2
distill:fred-price-return,DEXUSEU,TimesFM-laplace-qd,6894,0.0056061814665985255,-0.00057582277804613113,-0.00051789358258247375,-0.0042472779750823975,-0.0029289494268596172,-0.0019344203174114227,-0.0010798254515975714,-7.8814671724103391e-05,0.00079666328383609653,0.0018302146345376968,0.0032695410773158073,2.8854470199589621,2
distill:fred-price-return,DEXUSEU,Laplace-q-fixed-bandwidth,6895,-0.0019235819518789998,-1.6320587668037791e-06,-0.0046867709880753375,-0.0029245520277772722,-0.0017615801247156419,-0.00083871675583066106,-8.9471573913492764e-06,0.00082119340524950324,0.0017453599270672972,0.0029113985833641469,0.0046822470223832997,4.5788835082199135,2
distill:fred-price-return,DEXUSEU,TimesFM-zero-shot,6895,-0.0019235819518789998,-0.00018269961583428085,-0.00014637134154327214,-0.0046352678909897804,-0.0030750588048249483,-0.0019821689929813147,-0.0010590866440907121,0.00070656463503837585,0.001644813921302557,0.0027889448683708906,0.0044431346468627453,4.639192832019746,2
distill:fred-price-return,DEXUSEU,TimesFM-laplace-qd,6895,-0.0019235819518789998,-0.00027937791310250759,-0.00022911220730748028,-0.0040670838207006454,-0.0027042506262660027,-0.0016872371779754758,-0.00080063357017934322,0.00023842655355110765,0.0011370914289727807,0.0022087395191192627,0.0036649690009653568,4.8684665704019441,2
distill:fred-price-return,DEXUSEU,Laplace-q-fixed-bandwidth,6896,-0.0002625935504607102,-0.00039941476850286129,-0.0050057105516345592,-0.0032659337033063432,-0.002123338838099707,-0.001219056120212115,-0.00040671899271131455,0.00040598842107306143,0.0013115803960048898,0.0024572709571619726,0.0042057696295229527,4.8906397010615805,2
distill:fred-price-return,DEXUSEU,TimesFM-zero-shot,6896,-0.0002625935504607102,-6.016898259986192e-05,3.8046928239054978e-06,-0.0044692293740808964,-0.0029188836924731731,-0.0018318197689950466,-0.00093062542146071792,0.00082031526835635304,0.0017645321786403656,0.0028993603773415089,0.0045694285072386265,4.3165615962726953,2
distill:fred-price-return,DEXUSEU,TimesFM-laplace-qd,6896,-0.0002625935504607102,-0.00018272403394803405,-0.0001127774448832497,-0.0039254114963114262,-0.0025711446069180965,-0.0015616760356351733,-0.00069797836476936936,0.00033765533589757979,0.0012372311903163791,0.0022919026669114828,0.0037519305478781462,4.5939534090568879,2
distill:fred-price-return,DEXUSEU,Laplace-q-fixed-bandwidth,6897,-0.0023664501161483054,-0.00032967925047698186,-0.0047924449704022003,-0.003087147284049992,-0.001982652588457829,-0.0011147850419142933,-0.00033698129982122186,0.00044118815660727686,0.0013103623007310193,0.0024179979837631333,0.0041321958271693269,4.563285202155166,2
distill:fred-price-return,DEXUSEU,TimesFM-zero-shot,6897,-0.0023664501161483054,-0.00015278221690095961,-0.00010847347584785894,-0.0045367507264018059,-0.0029961350373923779,-0.0019056791206821799,-0.0010066775139421225,0.00071208638837561011,0.0016239073593169451,0.0027227031532675028,0.0043294052593410015,4.8256649828873606,2
distill:fred-price-return,DEXUSEU,TimesFM-laplace-qd,6897,-0.0023664501161483054,-0.00020628268248401582,-0.00015767134027555585,-0.0038650450296700001,-0.0025424710474908352,-0.0015433126827701926,-0.00069658312713727355,0.00029165728483349085,0.0011557071702554822,0.0021676986943930387,0.0035652520600706339,4.8285788288616818,2
distill:fred-price-return,DEXUSEU,Laplace-q-fixed-bandwidth,6898,0.0037661529078744926,-0.00047271796215697692,-0.0048676102862123694,-0.0031832708319031559,-0.0020964652432223785,-0.0012438441228284818,-0.00048000658006651126,0.00028419562240939106,0.001138124601013253,0.002228090847034782,0.0039214124027471507,3.7098863637143342,2
distill:fred-price-return,DEXUSEU,TimesFM-zero-shot,6898,0.0037661529078744926,-0.00024787979782558978,-0.00019435491412878036,-0.0046769175678491592,-0.0031208491418510675,-0.0020240386947989464,-0.0011172653175890446,0.00062071421416476369,0.0015432857908308506,0.0026528143789619207,0.004270047415047884,3.9482354545519671,2
distill:fred-price-return,DEXUSEU,TimesFM-laplace-qd,6898,0.0037661529078744926,-0.00037440875894390047,-0.00031086697708815336,-0.0040533356368541718,-0.0027214714791625738,-0.0017224218463525176,-0.00087348814122378826,0.0001227553584612906,0.00099264411255717278,0.0020130716729909182,0.0034112997818738222,3.746974501526843,2
distill:fred-price-return,DEXUSEU,Laplace-q-fixed-bandwidth,6899,-8.7424050411927245e-05,-0.00012563969248547864,-0.0046168636855895917,-0.0029138366231548788,-0.0018006340542983386,-0.00092180697483019026,-0.00013296641419517554,0.00065625161647819114,0.001536416543294658,0.0026528033892667642,0.0043648120673264222,4.9210472411153932,2
distill:fred-price-return,DEXUSEU,TimesFM-zero-shot,6899,-8.7424050411927245e-05,-0.0001899612252600491,-0.00015276353224180639,-0.0046604531817138195,-0.0030889431945979595,-0.0019862726330757141,-0.0010668809991329908,0.0006916604470461607,0.0016183765837922692,0.0027384394779801369,0.0043618767522275448,4.3183146473723957,2
distill:fred-price-return,DEXUSEU,TimesFM-laplace-qd,6899,-8.7424050411927245e-05,-0.0002682292542885989,-0.00020477840735111386,-0.0039908215403556824,-0.002646357286721468,-0.0016416069120168686,-0.00077894306741654873,0.00024850829504430294,0.0011307672830298543,0.0021687478292733431,0.0035927921999245882,4.6023655843664315,2
distill:fred-price-return,DEXUSEU,Laplace-q-fixed-bandwidth,6900,-0.003152366883734159,-0.00025566834253281669,-0.0046029545232362766,-0.0029349683396113196,-0.0018602293041508589,-0.0010176647372191804,-0.00026299206155900196,0.00049205212310132751,0.001335947795424376,0.002413911172097937,0.0040910625963183171,4.2432474442359105,2
distill:fred-price-return,DEXUSEU,TimesFM-zero-shot,6900,-0.003152366883734159,-0.00018973476835526526,-0.00015019575948826969,-0.0046982611529529095,-0.0031171729788184166,-0.0020021356176584959,-0.0010740563739091158,0.00069338903995230794,0.001635116757825017,0.0027670538984239101,0.0043944194912910461,4.5489166197800284,2
distill:fred-price-return,DEXUSEU,TimesFM-laplace-qd,6900,-0.003152366883734159,-0.00027307047275826335,-0.00022515247110277414,-0.0040230872109532356,-0.0026723283808678389,-0.0016544942045584321,-0.00078612955985590816,0.00023426186817232519,0.0011197190033271909,0.0021545682102441788,0.003562570083886385,4.2100451742999319,2
distill:fred-price-return,DEXUSEU,Laplace-q-fixed-bandwidth,6901,0.0022777057591364391,-0.0004422823235959995,-0.0047881015290197155,-0.0031263692905241823,-0.0020512071872055481,-0.0012065951978397881,-0.00044959717823374204,0.00030777680787498653,0.0011537314189970919,0.0022321305614929135,0.0039030439992166557,4.3070126433125049,2
distill:fred-price-return,DEXUSEU,TimesFM-zero-shot,6901,0.0022777057591364391,-0.00034262350527569652,-0.00028637744253501296,-0.0047766957432031631,-0.0032219593413174152,-0.0021282522939145565,-0.0012149311369284987,0.00053828692762181163,0.0014740413753315806,0.0026012067683041096,0.0042277006432414055,4.2225613933743222,2
distill:fred-price-return,DEXUSEU,TimesFM-laplace-qd,6901,0.0022777057591364391,-0.0004538882349152118,-0.00038711327943019569,-0.004132797010242939,-0.0028068991377949715,-0.0018120006425306201,-0.00095752556808292866,5.318148760125041e-05,0.00093485007528215647,0.00196861382573843,0.0033790816087275743,4.2245134283638412,2
distill:fred-price-return,DEXUSEU,Laplace-q-fixed-bandwidth,6902,0.00069979009153867122,-0.00019189919208742749,-0.0045247187713927019,-0.0028718641340732859,-0.001799455385334112,-0.00095576251434742964,-0.00019920330842494331,0.00055773543117668264,0.0014027808955943397,0.0024784390986417192,0.0041404978314394962,4.8786263876034814,2
distill:fred-price-return,DEXUSEU,TimesFM-zero-shot,6902,0.00069979009153867122,-0.00023299112217500806,-0.00018539902521297336,-0.0046567791141569614,-0.0031098960898816586,-0.0020203846506774426,-0.0011014370247721672,0.00065166899003088474,0.0015823586145415902,0.0027090227231383324,0.0043436326086521149,4.318992653380473,2
distill:fred-price-return,DEXUSEU,TimesFM-laplace-qd,6902,0.00069979009153867122,-0.00035909883445128798,-0.00028482364723458886,-0.0040437560528516769,-0.0027254153974354267,-0.0017353205475956202,-0.00087288091890513897,0.00015418764087371528,0.0010307817719876766,0.0020697538275271654,0.0034970417618751526,4.548299754495079,2
distill:fred-price-return,DEXUSEU,Laplace-q-fixed-bandwidth,6903,0.00096141247627398729,-0.00020988335888988161,-0.0044176098691241419,-0.0027970584208708783,-0.0017581694613970147,-0.0009451544881066505,-0.00021717817560089705,0.00051117181391599161,0.0013255288776926649,0.0023676912477840744,0.0039976066485921651,4.8462599907341648,2
distill:fred-price-return,DEXUSEU,TimesFM-zero-shot,6903,0.00096141247627398729,-0.00014023788389749825,-0.00011570375500014052,-0.004554415587335825,-0.0030052284710109234,-0.001918162452057004,-0.0010043421061709523,0.00073411827906966209,0.0016593894688412547,0.002772060688585043,0.0043854014948010445,4.3278519902877202,2
distill:fred-price-return,DEXUSEU,TimesFM-laplace-qd,6903,0.00096141247627398729,-0.00024386742734350264,-0.00020219635916873813,-0.0039244983345270157,-0.0025954293087124825,-0.0016046996461227536,-0.00074808514909818769,0.00025598771753720939,0.0011230281088501215,0.0021415548399090767,0.0035333018749952316,4.5495348419382555,2
distill:fred-price-return,DEXUSEU,Laplace-q-fixed-bandwidth,6904,-0.00061170098468757428,-0.00016677529351597455,-0.0042612548702343047,-0.0026718732708471121,-0.0016634749870338089,-0.00087734609360895434,-0.00017405652289906564,0.00052960086423259225,0.0013170574290420796,0.0023287407204802867,0.003927629491303649,5.0099611754790576,2
distill:fred-price-return,DEXUSEU,TimesFM-zero-shot,6904,-0.00061170098468757428,-9.7047559393104166e-05,-2.0064340787939727e-05,-0.0043972516432404518,-0.0028953454457223415,-0.0018419773550704122,-0.00095399422571063042,0.00077604950638487935,0.0017033821204677224,0.002819941146299243,0.0044694864191114902,4.3327020818186917,2
distill:fred-price-return,DEXUSEU,TimesFM-laplace-qd,6904,-0.00061170098468757428,-0.00015619079931639135,-2.818282155203633e-05,-0.0037486145738512278,-0.0024675412569195032,-0.0015093750553205609,-0.00067731441231444478,0.00035820624907501042,0.0012344861170276999,0.0022593264002352953,0.0037098107859492302,4.61932140183972,2
distill:fred-econ,DFF,Laplace-q-fixed-bandwidth,26256,0,-5.1308365996006441e-05,-4.8091081282099254e-06,-2.7976766871730333e-06,-1.7515855180206351e-06,-9.3306505935051261e-07,-1.9896599327865432e-07,5.1898289333962307e-07,1.2795095257900686e-06,2.1714398910673764e-06,3.4436335725699072e-06,11.929778473695999,2
distill:fred-econ,DFF,TimesFM-zero-shot,26256,0,-5.0047819968312979e-05,-0.00010352052049711347,-0.00037095716106705368,-0.00019603752298280597,-0.00013862806372344494,-8.5252802819013596e-05,-1.7880112864077091e-05,-2.4515320546925068e-06,1.0894669685512781e-05,9.3365728389471769e-05,8.0949300503165968,2
distill:fred-econ,DFF,TimesFM-laplace-qd,26256,0,-3.7632882595062256e-05,-9.508791845291853e-05,-0.00039729761192575097,-0.00020246236817911267,-8.9953187853097916e-05,3.0550290830433369e-05,-6.1302562244236469e-05,2.2070540580898523e-05,9.5232622697949409e-05,0.00019466527737677097,7.9211642680123822,2
distill:fred-econ,DFF,Laplace-q-fixed-bandwidth,26257,0,-4.2891874558841883e-05,-4.5477513970149066e-06,-2.6952715747232305e-06,-1.6857927743193885e-06,-8.8855656007141337e-07,-1.7024805755015142e-07,5.3479528333636895e-07,1.2836136576175368e-06,2.1630938740009098e-06,3.4272637777917924e-06,11.950337512010488,2
distill:fred-econ,DFF,TimesFM-zero-shot,26257,0,-2.937990939244628e-05,-7.5440970249474049e-05,-0.00027527232305146754,-0.00014199432916939259,-9.6739910077303648e-05,-5.3983880206942558e-05,-7.5332354754209518e-06,-1.0639196261763573e-06,1.3594166375696659e-05,7.5311865657567978e-05,8.4323684083781618,2
distill:fred-econ,DFF,TimesFM-laplace-qd,26257,0,-1.9039493054151535e-05,-6.4633146394044161e-05,-0.000325046043144539,-0.00016454840078949928,-6.1740400269627571e-05,4.8856949433684349e-05,-5.9413141570985317e-05,1.5969795640558004e-05,8.9813780505210161e-05,0.0001712723751552403,8.3127177585228313,2
distill:fred-econ,DFF,Laplace-q-fixed-bandwidth,26258,0,-3.5855221447005157e-05,-4.3294163566458127e-06,-2.6026877457512001e-06,-1.6261845999965031e-06,-8.4873321071844509e-07,-1.4509432688157252e-07,5.4704916676364008e-07,1.2833591595662833e-06,2.1515636293048149e-06,3.4045611601957545e-06,11.970444712327932,2
distill:fred-econ,DFF,TimesFM-zero-shot,26258,0,-3.2384123187512159e-05,-7.315812399610877e-05,-0.00023556550149805844,-0.00013203162234276533,-8.853810140863061e-05,-5.1874259952455759e-05,-1.3262848369777203e-05,-7.0327077992260456e-06,-1.7300480976700783e-06,5.5160257034003735e-05,8.7080508860627805,2
distill:fred-econ,DFF,TimesFM-laplace-qd,26258,0,-3.6424375139176846e-05,-8.0858473666012287e-05,-0.00027677635080181062,-0.00015334552153944969,-5.8096542488783598e-05,3.5948643926531076e-05,-7.0866255555301905e-05,-6.7700166255235672e-06,5.0157657824456692e-05,0.00011992594227194786,8.2279194400080904,2
distill:fred-econ,DFF,Laplace-q-fixed-bandwidth,26259,0,-2.9685268569283682e-05,-4.1448151480977789e-06,-2.5189322267741245e-06,-1.5723565534007629e-06,-8.1286877782354833e-07,-1.235389639198889e-07,5.5576828403040549e-07,1.2807338879904738e-06,2.1365496585639187e-06,3.3771205999026531e-06,11.990049008597962,2
distill:fred-econ,DFF,TimesFM-zero-shot,26259,0,-1.1467898730188608e-05,-5.4368341807276011e-05,-0.00018374115461483598,-9.0338871814310551e-05,-5.9944402892142534e-05,-2.7323607355356216e-05,5.4471311159431934e-06,1.0863004717975855e-05,1.7596350517123938e-05,7.1315444074571133e-05,8.6880127972763699,2
distill:fred-econ,DFF,TimesFM-laplace-qd,26259,0,-1.719669671729207e-05,-6.3196406699717045e-05,-0.00022580390213988721,-0.0001128382864408195,-3.2760552130639553e-05,5.504116415977478e-05,-4.8832502216100693e-05,1.4982419088482857e-05,7.4068433605134487e-05,0.00014157098485156894,8.7855246479874083,2
distill:fred-econ,DFF,Laplace-q-fixed-bandwidth,26260,0,-2.5190778953928094e-05,-3.9848818645364184e-06,-2.4430984347487199e-06,-1.5231934804934809e-06,-7.8148460103782489e-07,-1.0588904788462256e-07,5.6195884984251084e-07,1.2747431490408433e-06,2.1176880593971323e-06,3.3444001685246974e-06,12.009262432645905,2
distill:fred-econ,DFF,TimesFM-zero-shot,26260,0,-1.8769176676869392e-05,-7.5175717938691378e-05,-0.0002042124979197979,-0.00010498834308236837,-6.8581022787839174e-05,-3.4182972740381956e-05,1.5550758689641953e-06,3.5208067856729031e-06,8.6664222180843353e-06,6.2750012148171663e-05,9.0981307585315765,2
distill:fred-econ,DFF,TimesFM-laplace-qd,26260,0,-1.499673817306757e-05,-7.8172364737838507e-05,-0.00022907639504410326,-0.00011249777162447572,-2.4427834432572126e-05,6.6960230469703674e-05,-4.2538333218544722e-05,1.9507657270878553e-05,7.7460601460188627e-05,0.00014547159662470222,8.3782819277211811,2
distill:fred-econ,DFF,Laplace-q-fixed-bandwidth,26261,0,-2.1708718950533353e-05,-3.8458378411514334e-06,-2.3734983963435446e-06,-1.4790956012341663e-06,-7.5257423692201689e-07,-9.0696871824892767e-08,5.6539147841715454e-07,1.2658622758814577e-06,2.0965859075849912e-06,3.3074548481052402e-06,12.028378060104982,2
distill:fred-econ,DFF,TimesFM-zero-shot,26261,0,-1.7276208382099867e-05,-7.0634123403578997e-05,-0.00017860782099887729,-9.3155482318252325e-05,-6.2499952036887407e-05,-3.147107781842351e-05,2.8778449632227421e-06,2.7526984922587872e-06,5.6045246310532093e-06,5.8766861911863089e-05,9.4917863786926908,2
distill:fred-econ,DFF,TimesFM-laplace-qd,26261,0,-2.3482076358050108e-05,-8.1552541814744473e-05,-0.00021759638912044466,-0.00011422386160120368,-3.4054683055728674e-05,5.1282579079270363e-05,-4.998472286388278e-05,6.9006346166133881e-06,6.0232006944715977e-05,0.00012508133659139276,9.2318272883443591,2
distill:fred-econ,DFF,Laplace-q-fixed-bandwidth,26262,0,-1.8654589385439736e-05,-3.7214108818062301e-06,-2.3102184227394153e-06,-1.4383063189357691e-06,-7.2772514494194551e-07,-7.7869658011369616e-08,5.665477076896619e-07,1.2553763967653074e-06,2.0729072882735081e-06,3.2665748981585404e-06,12.047014039486767,2
distill:fred-econ,DFF,TimesFM-zero-shot,26262,0,-3.5216915421187878e-05,-9.2068163212388754e-05,-0.00018336455104872584,-0.00011242134496569633,-7.9236167948693037e-05,-5.0993054173886776e-05,-2.112117363139987e-05,-2.0098465029150248e-05,-1.3155688066035509e-05,3.7412275560200214e-05,8.1545404185541202,2
distill:fred-econ,DFF,TimesFM-laplace-qd,26262,0,-4.3195381294935942e-05,-0.00010589067824184895,-0.00022662311675958335,-0.00013573007890954614,-5.3182186093181372e-05,2.604583278298378e-05,-7.3830189649015665e-05,-1.9551836885511875e-05,3.4124474041163921e-05,9.55757568590343e-05,8.001919408475116,2
distill:fred-econ,DFF,Laplace-q-fixed-bandwidth,26263,0,-1.5945859066451646e-05,-3.6109115379167186e-06,-2.2524522145622009e-06,-1.4012765050296151e-06,-7.0493778386426368e-07,-6.7625317932830275e-08,5.6540988312658005e-07,1.2429286388550297e-06,2.0470544347953622e-06,3.2224468216272933e-06,12.065568288147897,2
distill:fred-econ,DFF,TimesFM-zero-shot,26263,0,-2.9589864425361156e-06,-6.2141334637999535e-05,-0.00017411209410056472,-8.2738115452229977e-05,-5.1028851885348558e-05,-1.8177030142396688e-05,1.4670949894934893e-05,1.5148601960390806e-05,2.1409941837191582e-05,6.984971696510911e-05,8.366803669964451,2
distill:fred-econ,DFF,TimesFM-laplace-qd,26263,0,-1.0732503142207861e-05,-7.5684278272092342e-05,-0.00022627922589890659,-0.00011172366794198751,-2.8592883609235287e-05,5.9988698922097683e-05,-3.8185215089470148e-05,2.056400990113616e-05,7.7222008258104324e-05,0.00013951788423582911,8.5617913972600412,2
distill:fred-econ,DFF,Laplace-q-fixed-bandwidth,26264,0,-1.3515280360364825e-05,-3.5104505060815933e-06,-2.198258476863636e-06,-1.3666902112814091e-06,-6.85063592027362e-07,-5.8550658991240323e-08,5.630993017315352e-07,1.2293265086599855e-06,2.0203700049643252e-06,3.176136424769642e-06,12.083725669634191,2
distill:fred-econ,DFF,TimesFM-zero-shot,26264,0,-1.3774202670902014e-05,-7.1964168455451727e-05,-0.00020532618509605527,-0.00010007875971496105,-6.3404615502804518e-05,-3.1394825782626867e-05,4.7922367230057716e-06,6.7334622144699097e-06,1.3548647984862328e-05,6.8539869971573353e-05,8.8822701180762849,2
distill:fred-econ,DFF,TimesFM-laplace-qd,26264,0,-1.4082761481404305e-05,-7.9832505434751511e-05,-0.00025471975095570087,-0.00012313504703342915,-3.0411698389798403e-05,6.2883598729968071e-05,-4.2820291128009558e-05,2.5448447559028864e-05,8.8031345512717962e-05,0.0001611296902410686,8.4968537269392463,2
distill:fred-econ,DFF,Laplace-q-fixed-bandwidth,26265,0,-1.1831423607143406e-05,-3.4186071738433876e-06,-2.1477317022041229e-06,-1.3351416279135632e-06,-6.6658410707545301e-07,-5.1942515337190712e-08,5.5961816616679471e-07,1.2143115909506582e-06,1.9914711975470324e-06,3.1283270739952472e-06,12.101836134210116,2
distill:fred-econ,DFF,TimesFM-zero-shot,26265,0,-2.3803731892257929e-05,-7.8543846029788256e-05,-0.00019179453374817967,-0.00010195479262620211,-7.1216840296983719e-05,-3.759399987757206e-05,-5.9348531067371368e-06,-1.1076044756919146e-05,-9.5755094662308693e-06,4.7281151637434959e-05,8.2356572354370687,2
distill:fred-econ,DFF,TimesFM-laplace-qd,26265,0,-3.19909886457026e-05,-8.9833512902259827e-05,-0.00023579594562761486,-0.00012738496297970414,-4.4587533921003342e-05,4.634528886526823e-05,-6.0992897488176823e-05,-4.7360081225633621e-06,5.1411683671176434e-05,0.00012090342352166772,8.110322339413381,2
distill:fred-econ,DFF,Laplace-q-fixed-bandwidth,26266,0,-1.0639991070370384e-05,-3.3333716808663346e-06,-2.1007585011937791e-06,-1.3054295209764873e-06,-6.4950322179359154e-07,-4.5669503418286014e-08,5.544957233508512e-07,1.1986828493940084e-06,1.9624628017982531e-06,3.0791516467158892e-06,12.119875392573908,2
distill:fred-econ,DFF,TimesFM-zero-shot,26266,0,-4.1277322452515364e-05,-8.8373199105262756e-05,-0.00016503676306456327,-0.00010468310210853815,-7.7437085565179586e-05,-5.3101161029189825e-05,-3.1411764211952686e-05,-2.9443821404129267e-05,-1.8768419977277517e-05,2.7697882615029812e-05,8.0287130142291527,2
distill:fred-econ,DFF,TimesFM-laplace-qd,26266,0,-4.8406887799501419e-05,-0.00010137009667232633,-0.00020260864403098822,-0.00012591213453561068,-5.1724782679229975e-05,2.1588406525552273e-05,-8.5220672190189362e-05,-3.2532960176467896e-05,2.1257845219224691e-05,7.9388380981981754e-05,7.859595095959893,2
distill:fred-econ,DFF,Laplace-q-fixed-bandwidth,26267,0,-9.583523545387742e-06,-3.2543841800405169e-06,-2.0563604738228154e-06,-1.2777500931599956e-06,-6.3427622640718013e-07,-4.1215981423899518e-08,5.4904350679440701e-07,1.1820145356785697e-06,1.933317537882891e-06,3.0291136221790352e-06,12.137552168266453,2
distill:fred-econ,DFF,TimesFM-zero-shot,26267,0,-1.0503747034817934e-05,-5.3983880206942558e-05,-0.00012486072955653071,-6.9707282818853855e-05,-4.8271322157233953e-05,-2.2760592401027679e-05,9.22416802495718e-07,9.5716677606105804e-07,5.9002777561545372e-06,5.3755531553179026e-05,9.5076177123314984,2
distill:fred-econ,DFF,TimesFM-laplace-qd,26267,0,-1.4787190593779087e-05,-6.5142463427037001e-05,-0.00014894432388246059,-7.7464967034757137e-05,-1.1291529517620802e-05,6.2726379837840796e-05,-5.238677840679884e-05,4.7887442633509636e-07,4.9256719648838043e-05,0.00010275503154844046,8.5925353496463082,2
distill:fred-econ,DFF,Laplace-q-fixed-bandwidth,26268,0,-8.6367186991852614e-06,-3.1808220230223325e-06,-2.0144786823252745e-06,-1.2516379431430335e-06,-6.1928311987354445e-07,-3.7115187339728969e-08,5.4304526956465951e-07,1.1646935561438715e-06,1.9034445877729891e-06,2.9787823666026918e-06,12.155360328331748,2
distill:fred-econ,DFF,TimesFM-zero-shot,26268,0,-7.6712167356163263e-06,-2.8678477974608541e-05,-0.00012401465210132301,-6.789033068343997e-05,-4.3447769712656736e-05,-2.2961263312026858e-05,8.7299849838018417e-07,2.8748472686856985e-06,1.7612648662179708e-05,5.4976902902126312e-05,8.8863999075011897,2
distill:fred-econ,DFF,TimesFM-laplace-qd,26268,0,-8.9230597950518131e-06,-3.5405217204242945e-05,-0.00016564870020374656,-9.2042813776060939e-05,-2.7853064239025116e-05,3.6221405025571585e-05,-3.4022697946056724e-05,1.019085175357759e-05,6.297137588262558e-05,0.00011462706606835127,9.0349352221095778,2
distill:fred-econ,DFF,Laplace-q-fixed-bandwidth,26269,0,-7.7806736919317662e-06,-3.1107658492336337e-06,-1.9744148115648877e-06,-1.2266638188904676e-06,-6.0631218198848751e-07,-3.3975377664059804e-08,5.3644083335726585e-07,1.1478297015114363e-06,1.8731737723163317e-06,2.9288598912547891e-06,12.172761442841793,2
distill:fred-econ,DFF,TimesFM-zero-shot,26269,0,-1.5561265172436833e-05,-4.0615268517285585e-05,-0.00011839679791592062,-6.9760397309437394e-05,-4.5124266762286425e-05,-2.7084897737950087e-05,-5.7033321354538202e-06,-4.4064072426408529e-06,8.2137412391602993e-06,4.2512838263064623e-05,8.9913477367087449,2
distill:fred-econ,DFF,TimesFM-laplace-qd,26269,0,-1.9636383512988687e-05,-4.7597830416634679e-05,-0.00016075896564871073,-9.5062394393607974e-05,-3.2528652809560299e-05,2.6231224182993174e-05,-4.1557825170457363e-05,-2.0065344870090485e-06,4.6564440708607435e-05,9.2795002274215221e-05,8.8651836768405996,2
distill:fred-econ,DFF,Laplace-q-fixed-bandwidth,26270,0,-7.0003633179600675e-06,-3.045397662021063e-06,-1.9358721608616478e-06,-1.2027271335762003e-06,-5.9340760421020135e-07,-3.0675885942608766e-08,5.2960384226717298e-07,1.1303414064308343e-06,1.8438705132537947e-06,2.8792233151644306e-06,12.19025764531988,2
distill:fred-econ,DFF,TimesFM-zero-shot,26270,0,-1.9483064534142613e-05,-4.3612730223685503e-05,-0.00011595012620091438,-7.2079128585755825e-05,-4.7397043090313673e-05,-2.8777081752195954e-05,-8.0978788901120424e-06,-8.5709616541862488e-06,5.3871190175414085e-06,3.9298087358474731e-05,8.9491523853097537,2
distill:fred-econ,DFF,TimesFM-laplace-qd,26270,0,-2.4811510229483247e-05,-5.2994844736531377e-05,-0.00014950887998566031,-9.1501045972108841e-05,-3.1983770895749331e-05,2.2913562133908272e-05,-4.387044464237988e-05,-8.3586201071739197e-06,3.7730671465396881e-05,8.16512037999928e-05,8.3636977896203319,2
distill:fred-econ,DFF,Laplace-q-fixed-bandwidth,26271,0,-6.2833771475330337e-06,-2.9826089399129452e-06,-1.8995870091122827e-06,-1.1801174509610835e-06,-5.8163624299694257e-07,-2.8378835830877279e-08,5.2194196089375464e-07,1.1133753037984551e-06,1.8140505551244806e-06,2.8301177678604601e-06,12.207491510620835,2
distill:fred-econ,DFF,TimesFM-zero-shot,26271,0,-9.2145055532455444e-06,-3.0424736905843019e-05,-9.7230076789855957e-05,-5.4808624554425478e-05,-3.694024053402245e-05,-2.0316772861406207e-05,1.8204445950686932e-07,1.0063231457024813e-06,1.6946723917499185e-05,5.0132803153246641e-05,8.9908171395490104,2
distill:fred-econ,DFF,TimesFM-laplace-qd,26271,0,-1.5949684893712401e-05,-4.2255094740539789e-05,-0.00013207775191403925,-7.7350996434688568e-05,-2.615587436594069e-05,2.7134374249726534e-05,-3.9436883525922894e-05,-4.9922673497349024e-06,4.31109219789505e-05,8.4966944996267557e-05,8.4492570122313566,2
distill:fred-econ,DFF,Laplace-q-fixed-bandwidth,26272,0,-5.6193269701194807e-06,-2.9227422364113763e-06,-1.8643205591800744e-06,-1.1583307808566419e-06,-5.7000596558711473e-07,-2.6720370625302773e-08,5.1487625357497007e-07,1.0958821955444932e-06,1.7844192759986861e-06,2.7814750155607266e-06,12.224718545533577,2
distill:fred-econ,DFF,TimesFM-zero-shot,26272,0,-1.2869859347119927e-05,-3.735991776920855e-05,-9.3855662271380424e-05,-5.2576942835003138e-05,-3.7862249882891774e-05,-2.2483582142740488e-05,-5.3946278057992458e-06,-3.0889932531863451e-06,6.3145416788756847e-06,3.9501872379332781e-05,9.1538585430056258,2
distill:fred-econ,DFF,TimesFM-laplace-qd,26272,0,-1.3698125258088112e-05,-4.1639927076175809e-05,-0.00011597105185501277,-6.3530082115903497e-05,-1.5360623365268111e-05,3.8642087019979954e-05,-4.2028666939586401e-05,-2.8337526600807905e-06,3.9300764910876751e-05,8.0979312770068645e-05,8.7478171552998365,2
distill:fred-econ,DFF,Laplace-q-fixed-bandwidth,26273,0,-4.9993544658101957e-06,-2.8653671084735374e-06,-1.8299137687605321e-06,-1.1372721447502163e-06,-5.5962090726694417e-07,-2.515854735251469e-08,5.0714436868347257e-07,1.0788571355010287e-06,1.755302930423029e-06,2.733531007357318e-06,12.241754271828768,2
distill:fred-econ,DFF,TimesFM-zero-shot,26273,0,-1.1730240657925606e-05,-3.6006036680191755e-05,-9.1947120381519198e-05,-5.2857620175927877e-05,-3.5449600545689464e-05,-1.973204780369997e-05,-4.1124294511973858e-06,-6.042595487087965e-06,1.4490506146103144e-06,3.3848860766738653e-05,9.3773263176074959,2
distill:fred-econ,DFF,TimesFM-laplace-qd,26273,0,-1.5677709598094225e-05,-4.467059625312686e-05,-0.00011715924483723938,-6.4481835579499602e-05,-1.3455457519739866e-05,4.0768412873148918e-05,-4.4768006773665547e-05,-8.4471539594233036e-06,3.2261188607662916e-05,7.3114526458084583e-05,8.9285251737981,2
distill:fred-econ,DFF,Laplace-q-fixed-bandwidth,26274,0,-4.4157572971514509e-06,-2.8103949159016646e-06,-1.7970155888728775e-06,-1.1171141803962308e-06,-5.4906250857682384e-07,-2.3990133713670923e-08,5.000465954396927e-07,1.0613665701454694e-06,1.7267689386850664e-06,2.6862946888048124e-06,12.258717638166422,2
distill:fred-econ,DFF,TimesFM-zero-shot,26274,0,-8.8338856585323811e-06,-3.4634373150765896e-05,-9.9890545243397355e-05,-5.5575015721842647e-05,-3.5485951229929924e-05,-2.096791286021471e-05,-2.3018219508230686e-06,4.2815227061510086e-06,1.5306228306144476e-05,5.1494746003299952e-05,8.9505495634405925,2
distill:fred-econ,DFF,TimesFM-laplace-qd,26274,0,-1.364378840662539e-05,-4.1134422644972801e-05,-0.0001287838676944375,-7.3182571213692427e-05,-1.720944419503212e-05,3.746827132999897e-05,-4.0905899368226528e-05,3.4010736271739006e-06,4.971999442204833e-05,9.8171236459165812e-05,9.5131279818008281,2
distill:fred-econ,DFF,Laplace-q-fixed-bandwidth,26275,0,-3.8617349856430081e-06,-2.7571876349811982e-06,-1.7656018802423176e-06,-1.0969273181789241e-06,-5.3953292097600586e-07,-2.287501269522603e-08,4.9278932268501374e-07,1.044222282484692e-06,1.697993251039986e-06,2.6399003607518692e-06,12.275595936939194,2
distill:fred-econ,DFF,TimesFM-zero-shot,26275,0,6.1085156630724669e-06,-4.238731344230473e-05,-9.7581039881333709e-05,-3.9579084841534495e-05,-2.7131347451359034e-05,-9.5252471510320902e-06,1.3291020877659321e-05,1.7768761608749628e-05,2.8738228138536215e-05,7.8812765423208475e-05,8.8134669171034403,2
distill:fred-econ,DFF,TimesFM-laplace-qd,26275,0,4.2255560401827097e-06,-4.6308618038892746e-05,-0.00013940001372247934,-6.0671503888443112e-05,-5.4431438911706209e-06,6.3889077864587307e-05,-3.8583995774388313e-05,1.763482578098774e-05,7.036339957267046e-05,0.00013367756037041545,8.4221161932701705,2
distill:fred-econ,DFF,Laplace-q-fixed-bandwidth,26276,0,-3.3720272792519377e-06,-2.7064960214188596e-06,-1.7340717796537608e-06,-1.0781620950122046e-06,-5.2998176264462481e-07,-2.1842428467372334e-08,4.8534354861011046e-07,1.027803738379072e-06,1.6703664236238527e-06,2.5951228104004656e-06,12.292297924254699,2
distill:fred-econ,DFF,TimesFM-zero-shot,26276,0,9.1199763119220734e-06,-2.7108995709568262e-05,-8.9108856627717614e-05,-3.7607736885547638e-05,-2.1122716134414077e-05,-2.7354690246284008e-06,1.7923244740813971e-05,2.062326529994607e-05,2.6017543859779835e-05,6.8152090534567833e-05,8.6575292363358347,2
distill:fred-econ,DFF,TimesFM-laplace-qd,26276,0,7.6321011874824762e-06,-3.1505536753684282e-05,-0.00011015721247531474,-4.3943931814283133e-05,8.8396191131323576e-06,6.870803190395236e-05,-2.193584805354476e-05,2.3102504201233387e-05,6.3048384618014097e-05,0.00011459633242338896,8.1812155475499129,2
distill:fred-econ,DFF,Laplace-q-fixed-bandwidth,26277,0,-3.2922868945001762e-06,-2.6559975900534567e-06,-1.7045264245127606e-06,-1.0595387594106546e-06,-5.2067672431116465e-07,-2.1154362402299385e-08,4.7745312338585366e-07,1.0117407778817825e-06,1.6430053011732054e-06,2.549647536799003e-06,12.308962529190069,2
distill:fred-econ,DFF,TimesFM-zero-shot,26277,0,6.7618675529956818e-06,-2.2965308744460344e-05,-7.7062344644218683e-05,-3.1994044547900558e-05,-1.9763974705711007e-05,-3.5098346415907145e-06,1.3256387319415808e-05,1.8057588022202253e-05,2.495048101991415e-05,6.1779806856065989e-05,8.9339153056423601,2
distill:fred-econ,DFF,TimesFM-laplace-qd,26277,0,4.4146727304905653e-06,-2.6422319933772087e-05,-8.6462590843439102e-05,-3.2881216611713171e-05,9.3145645223557949e-06,6.057199789211154e-05,-2.639886224642396e-05,1.4239281881600618e-05,5.0714646931737661e-05,9.0842484496533871e-05,8.2682041419122623,2
distill:fred-econ,DFF,Laplace-q-fixed-bandwidth,26278,0,-3.24403990522181e-06,-2.6087408464947395e-06,-1.6753992534444744e-06,-1.0414645119747742e-06,-5.1113683351535725e-07,-2.0320323153082365e-08,4.6961816125147825e-07,9.9555570992232401e-07,1.6163200620263103e-06,2.5066383831485762e-06,12.32584121281835,2
distill:fred-econ,DFF,TimesFM-zero-shot,26278,0,-1.4447752619162202e-05,-3.7176825571805239e-05,-0.0001053258019965142,-5.8417703257873654e-05,-4.070406430400908e-05,-2.2688356693834066e-05,-7.1180693339556456e-06,-9.0786488726735115e-07,8.9705863501876593e-06,4.791939863935113e-05,8.9841569532486769,2
distill:fred-econ,DFF,TimesFM-laplace-qd,26278,0,-1.5591242117807269e-05,-3.9791601011529565e-05,-0.00011761143105104566,-5.9342535678297281e-05,-8.7663065642118454e-06,4.7673995140939951e-05,-4.2737723561003804e-05,3.5357079468667507e-06,4.5416643843054771e-05,9.2494068667292595e-05,9.1725581715166857,2
distill:fred-econ,DFF,Laplace-q-fixed-bandwidth,26279,0,-3.2142819502805189e-06,-2.5617212822051098e-06,-1.6465312963222268e-06,-1.023763893405606e-06,-5.029651721573357e-07,-1.9245971515738416e-08,4.627877963710102e-07,9.7937293573215841e-07,1.5894995929874134e-06,2.4633964763765014e-06,12.342279416956959,2
distill:fred-econ,DFF,TimesFM-zero-shot,26279,0,-1.2817588867619634e-05,-4.2086612666025758e-05,-0.00011251051910221577,-6.0171325458213687e-05,-4.2220752220600843e-05,-2.4608511012047529e-05,-3.8468861021101475e-06,3.069551894441247e-06,1.5384401194751263e-05,5.8331177569925785e-05,8.8378382045921189,2
distill:fred-econ,DFF,TimesFM-laplace-qd,26279,0,-1.5955185517668724e-05,-4.871972487308085e-05,-0.00012947572395205498,-6.5190484747290611e-05,-1.499985228292644e-05,3.9502396248281002e-05,-3.8840255001559854e-05,6.9143425207585096e-06,5.043024430051446e-05,0.00010013621067628264,9.4123113058240655,2
distill:fred-econ,DFF,Laplace-q-fixed-bandwidth,26280,0,-3.2004263094551476e-06,-2.516709107958716e-06,-1.6188659598239671e-06,-1.0065531101500889e-06,-4.9373098770195324e-07,-1.8925647201865266e-08,4.5507082559720035e-07,9.6384860954022494e-07,1.5640284436987684e-06,2.4214282067824029e-06,12.358999555856965,2
distill:fred-econ,DFF,TimesFM-zero-shot,26280,0,-1.1333992006257176e-05,-3.7269026506692171e-05,-0.00010536113404668868,-5.4989912314340472e-05,-3.7784193409606814e-05,-2.1447805920615792e-05,-3.5125995054841042e-06,2.4273467715829611e-06,1.4335382729768753e-05,5.4125441238284111e-05,8.9454888060407018,2
distill:fred-econ,DFF,TimesFM-laplace-qd,26280,0,-1.4195538824424148e-05,-4.1834689909592271e-05,-0.00012349634198471904,-6.0618098359555006e-05,-1.0762392776086926e-05,4.2337283957749605e-05,-3.9689271943643689e-05,6.2741746660321951e-06,4.9484253395348787e-05,9.6924544777721167e-05,9.6181706458428184,2
distill:fred-econ,DFF,Laplace-q-fixed-bandwidth,26281,0.0027586224390796499,-3.2009273978669779e-06,-2.4723098719131976e-06,-1.5918626869092949e-06,-9.9014613631138934e-07,-4.8548064226153278e-07,-1.808275392612729e-08,4.4853872595689375e-07,9.4854576929244364e-07,1.5378397846521991e-06,2.3810193639416514e-06,-1229312.8874838385,2
distill:fred-econ,DFF,TimesFM-zero-shot,26281,0.0027586224390796499,-1.5726778656244278e-05,-3.948414814658463e-05,-0.00010505662066861987,-5.9740414144471288e-05,-4.0842685848474503e-05,-2.4441716959699988e-05,-5.7945435401052237e-06,6.7288056015968323e-08,9.5852301456034184e-06,4.6534754801541567e-05,-667.04466485964485,2
distill:fred-econ,DFF,TimesFM-laplace-qd,26281,0.0027586224390796499,-1.7334998119622469e-05,-4.2936851968988776e-05,-0.00011009775334969163,-5.6836986914277077e-05,-1.1011143215000629e-05,3.6837009247392416e-05,-3.651183214969933e-05,4.181696567684412e-06,4.1143328417092562e-05,8.4564846474677324e-05,-467.83371524035806,2
distill:fred-econ,DFF,Laplace-q-fixed-bandwidth,26282,0,1.88690160892749e-05,-2.7571950156913939e-06,-1.7347296278388113e-06,-1.0383506073227341e-06,-4.5170719048768174e-07,9.8531049770727392e-08,6.5553025139337021e-07,1.2707777355386422e-06,2.0415273310612913e-06,3.3942396778591382e-06,12.201025697176814,2
distill:fred-econ,DFF,TimesFM-zero-shot,26282,0,0.00075362238567322493,0.00077907298691570759,-0.00040507660014554858,4.4783519115298986e-05,0.00030121527379378676,0.00053066702093929052,0.00096649618353694677,0.0011999785201624036,0.0015211539575830102,0.0021060062572360039,5.9191426521535773,2
distill:fred-econ,DFF,TimesFM-laplace-qd,26282,0,0.00052106333896517754,0.00054528843611478806,-0.00096366083016619086,-0.00039185234345495701,1.0457995813339949e-05,0.00039487285539507866,0.00066863384563475847,0.001060118549503386,0.0015353920171037316,0.0022542825900018215,5.7429850304337808,2
distill:fred-econ,DFF,Laplace-q-fixed-bandwidth,26283,0,1.3333873162020866e-05,-2.7398305507458206e-06,-1.7252811493688862e-06,-1.038494673180019e-06,-4.6064674149007518e-07,7.9309522548069002e-08,6.2494953673398312e-07,1.2255324690150068e-06,1.9710510300641628e-06,3.2394746047081541e-06,12.220875039054761,2
distill:fred-econ,DFF,TimesFM-zero-shot,26283,0,-4.1424558730795979e-05,-6.2317849369719625e-05,-0.00037004239857196808,-0.00020448383293114603,-0.00015371886547654867,-9.9370954558253288e-05,1.5431811334565282e-05,6.9884146796539426e-05,0.00016143100219778717,0.00037004504702053964,7.0027473657964228,2
distill:fred-econ,DFF,TimesFM-laplace-qd,26283,0,-3.6371551686897874e-05,-5.3577852668240666e-05,-0.00059693359071388841,-0.00034058344317600131,-0.00017498785746283829,-8.6924410425126553e-07,-4.6380562707781792e-05,0.00013392986147664487,0.00034319053520448506,0.00064560829196125269,6.8498727096282428,2
distill:fred-econ,DFF,Laplace-q-fixed-bandwidth,26284,0,9.6163313380596664e-06,-2.7184977966787473e-06,-1.7130338770578048e-06,-1.0357603450533948e-06,-4.67303254566403e-07,6.2850448506457749e-08,5.9822734077215451e-07,1.1840950619019334e-06,1.9075067651097287e-06,3.1070992163977446e-06,12.240291235585302,2
distill:fred-econ,DFF,TimesFM-zero-shot,26284,0,-4.0031183743849397e-05,-6.8682944402098656e-05,-0.00029777994495816529,-0.00015489314682781696,-0.00011926729348488152,-8.1779289757832885e-05,-6.4794730860739946e-06,3.1662086257711053e-05,9.7246229415759444e-05,0.00025972296134568751,7.361346083498165,2
distill:fred-econ,DFF,TimesFM-laplace-qd,26284,0,-5.1601382438093424e-05,-7.9129851656034589e-05,-0.00054618844296783209,-0.00031315317028202116,-0.00016307947225868702,-5.2409013733267784e-06,-8.3007820649072528e-05,8.0065656220540404e-05,0.0002614725090097636,0.00051619939040392637,7.0306087157597172,2
distill:fred-econ,DFF,Laplace-q-fixed-bandwidth,26285,0,6.3981719604838463e-06,-2.6926496938350572e-06,-1.6982484066733147e-06,-1.0304752795282029e-06,-4.7157820572196799e-07,4.9413871736657861e-08,5.7443839561524217e-07,1.1470457872493355e-06,1.8503044428900814e-06,2.9914867797383096e-06,12.259324820093486,2
distill:fred-econ,DFF,TimesFM-zero-shot,26285,0,2.407352440059185e-06,-2.0892242901027203e-05,-0.00022008077939972281,-9.2637783382087946e-05,-6.5524043748155236e-05,-3.2877200283110142e-05,3.2957381336018443e-05,6.5637665102258325e-05,0.000130848289700225,0.00028384404140524566,7.6393466644011916,2
distill:fred-econ,DFF,TimesFM-laplace-qd,26285,0,-1.1661380995064974e-05,-2.9975868528708816e-05,-0.00044180848635733128,-0.00023416156182065606,-0.00010574705083854496,3.6632380215451121e-05,-4.7912995796650648e-05,0.00010324225877411664,0.00027576865977607667,0.00051650288514792919,7.22645112550516,2
distill:fred-econ,DFF,Laplace-q-fixed-bandwidth,26286,0,4.5062305507165418e-06,-2.6634408776242325e-06,-1.6807660570795305e-06,-1.0231414068834592e-06,-4.7311438252038363e-07,3.853866339875653e-08,5.5244900216753981e-07,1.1130100598289508e-06,1.7977222242207413e-06,2.8894995324982007e-06,12.278652180312177,2
distill:fred-econ,DFF,TimesFM-zero-shot,26286,0,-5.8076810091733932e-05,-9.4128568889573216e-05,-0.00022715100203640759,-0.00012273088213987648,-0.00010614984785206616,-8.3368737250566483e-05,-3.6260578781366348e-05,-1.3609416782855988e-05,3.4094875445589423e-05,0.0001417395833414048,7.6125270852096119,2
distill:fred-econ,DFF,TimesFM-laplace-qd,26286,0,-6.5422238549217582e-05,-9.8836782854050398e-05,-0.00040295504732057452,-0.00023516036162618548,-0.00013391266111284494,-1.7181708244606853e-05,-0.00011544590233825147,5.3780968300998211e-06,0.00014322108472697437,0.00031836269772611558,7.2950980452472782,2
distill:fred-econ,DFF,Laplace-q-fixed-bandwidth,26287,0,2.7909082694827305e-06,-2.6304299890746055e-06,-1.6615520301400393e-06,-1.0146918184898484e-06,-4.737584973937281e-07,2.9041143102926862e-08,5.3395932141066341e-07,1.0826606144807491e-06,1.7500000249713938e-06,2.7993824207270524e-06,12.296932187311757,2
distill:fred-econ,DFF,TimesFM-zero-shot,26287,0,6.5070344135165215e-07,-4.1080085793510079e-05,-0.00014702879707328975,-5.4664851631969213e-05,-4.2768398998305202e-05,-2.3943372070789337e-05,1.6827078070491552e-05,3.8469326682388783e-05,8.2119251601397991e-05,0.00017576344544067979,8.1508610492723594,2
distill:fred-econ,DFF,TimesFM-laplace-qd,26287,0,-2.2245192667469382e-05,-6.1046390328556299e-05,-0.00033812609035521746,-0.00018321440438739955,-9.060476440936327e-05,1.8239807104691863e-05,-7.756322156637907e-05,3.82394646294415e-05,0.00016966619295999408,0.00032739236485213041,7.6061112271486611,2
distill:fred-econ,DFF,Laplace-q-fixed-bandwidth,26288,0,1.964058258426332e-06,-2.5952916529816334e-06,-1.6408759081166679e-06,-1.0041547273135221e-06,-4.7266570819123125e-07,2.1525835904934042e-08,5.1638340634085155e-07,1.0538666625209125e-06,1.7059064491383597e-06,2.7176004592220189e-06,12.315714823306619,2
distill:fred-econ,DFF,TimesFM-zero-shot,26288,0,-1.599255483597517e-05,-5.6640943512320518e-05,-0.00014208565698936582,-4.6976696467027068e-05,-4.9850554205477238e-05,-3.102715709246695e-05,-5.3166586440056562e-06,-3.9956648834049702e-07,3.8822676287963986e-05,0.00011584456660784781,8.4201880014054087,2
distill:fred-econ,DFF,TimesFM-laplace-qd,26288,0,-3.9857113733887672e-05,-7.2993570938706398e-05,-0.00028521555941551924,-0.00014382557128556073,-8.6827029008418322e-05,8.8205852080136538e-06,-0.00010199053213000298,-2.1495914552360773e-05,8.7213382357731462e-05,0.00020851995213888586,7.5807152967571145,2
distill:fred-econ,DFF,Laplace-q-fixed-bandwidth,26289,0,1.2997212322160461e-06,-2.5579354918302877e-06,-1.6195283451113053e-06,-9.9266228070359788e-07,-4.6985346038771275e-07,1.5116362076600224e-08,5.0134748446929887e-07,1.0279402045703412e-06,1.6648966684051343e-06,2.6430347628682685e-06,12.334012385756726,2
distill:fred-econ,DFF,TimesFM-zero-shot,26289,0,-1.0433141142129898e-05,-5.0655537052080035e-05,-0.00010649499017745256,-3.5521370591595769e-05,-3.4363649319857359e-05,-2.1965097403153777e-05,-5.1569659262895584e-06,-3.4594559110701084e-06,2.4327222490683198e-05,7.6487631304189563e-05,8.8316399816063065,2
distill:fred-econ,DFF,TimesFM-laplace-qd,26289,0,-2.2820604499429464e-05,-5.9047888498753309e-05,-0.00021282973466441035,-0.00010736245894804597,-5.2597024478018284e-05,2.6698486180976033e-05,-8.1902253441512585e-05,-1.6028003301471472e-05,7.0576934376731515e-05,0.0001579168310854584,7.9064652634753614,2
distill:fred-econ,DFF,Laplace-q-fixed-bandwidth,26290,0,7.1623102845658339e-07,-2.5189952619171745e-06,-1.5964775529376879e-06,-9.8066703032021237e-07,-4.6669287817449844e-07,1.0140950622690714e-08,4.8757381689324314e-07,1.0039441189324103e-06,1.6269430912302455e-06,2.5752194115643541e-06,12.351994636660336,2
distill:fred-econ,DFF,TimesFM-zero-shot,26290,0,-1.2761098332703114e-05,-5.2694143960252404e-05,-0.00010127437417395413,-3.7056044675409794e-05,-3.9719074266031384e-05,-2.6200956199318171e-05,-2.8784561436623335e-06,-1.7746060620993376e-06,2.1778774680569768e-05,8.6853309767320752e-05,8.7301870298252968,2
distill:fred-econ,DFF,TimesFM-laplace-qd,26290,0,-3.1290634069591761e-05,-6.3198735006153584e-05,-0.00018149724928662181,-9.5155701274052262e-05,-5.0811329856514931e-05,2.2737280232831836e-05,-8.8248285464942455e-05,-2.6116496883332729e-05,4.999924567528069e-05,0.00014283609925769269,7.6860537481448823,2
distill:fred-econ,DFF,Laplace-q-fixed-bandwidth,26291,0,2.0304449158545452e-07,-2.4794276313676973e-06,-1.5730311030113402e-06,-9.6781605166703862e-07,-4.624244065293844e-07,5.889973445800758e-09,4.7477477288502387e-07,9.8187767641479202e-07,1.5910856640073596e-06,2.5123130984287041e-06,12.369954903296144,2
distill:fred-econ,DFF,TimesFM-zero-shot,26291,0,-3.4941680496558547e-05,-6.8630179157480597e-05,-0.00012482059537433088,-6.1446800827980042e-05,-5.8393721701577306e-05,-4.4491665903478861e-05,-2.932208008132875e-05,-2.7642236091196537e-05,-3.3518008422106504e-06,5.524788866750896e-05,8.0861351034266349,2
distill:fred-econ,DFF,TimesFM-laplace-qd,26291,0,-5.1843322580680251e-05,-7.9409976024180651e-05,-0.00022800103761255741,-0.00013341134763322771,-7.4824522016569972e-05,2.8024951461702585e-06,-0.00010268588084727526,-3.4742464777082205e-05,4.8038462409749627e-05,0.00014200099394656718,7.368035237233503,2
distill:fred-econ,DFF,Laplace-q-fixed-bandwidth,26292,0,-2.4908860567022132e-07,-2.4388400053875807e-06,-1.5495936332686675e-06,-9.5422305120129164e-07,-4.5789949466980476e-07,2.5059097442719749e-09,4.6345552858437001e-07,9.6086751396789987e-07,1.557326524887318e-06,2.4536476845445095e-06,12.387621666578706,2
distill:fred-econ,DFF,TimesFM-zero-shot,26292,0,-1.7848215065896511e-06,-3.9823673432692885e-05,-7.8912940807640553e-05,-1.9137689378112555e-05,-2.2020743926987052e-05,-8.0845784395933151e-06,2.1104060579091311e-06,1.6223348211497068e-06,1.755668199621141e-05,7.5580464908853173e-05,9.4081427080889153,2
distill:fred-econ,DFF,TimesFM-laplace-qd,26292,0,-1.0155199561268091e-05,-4.8840534873306751e-05,-0.00018170799012295902,-8.684094063937664e-05,-2.8955895686522126e-05,5.6739227147772908e-05,-6.8631983594968915e-05,1.4721008483320475e-06,8.0772297224029899e-05,0.0001734094403218478,8.9767631669737611,2
distill:fred-econ,DFF,Laplace-q-fixed-bandwidth,26293,0,-6.4917137488101728e-07,-2.3986933635903237e-06,-1.5256403165078761e-06,-9.4065837608634373e-07,-4.5239344981450445e-07,-7.415888519279913e-12,4.5289860198450734e-07,9.4116352825634651e-07,1.5256254847308376e-06,2.3991985157603261e-06,12.405227579976989,2
distill:fred-econ,DFF,TimesFM-zero-shot,26293,0,-5.5851123761385679e-06,-2.7773203328251839e-05,-8.7331776740029454e-05,-3.5821722121909261e-05,-2.9222923330962658e-05,-1.475660246796906e-05,1.5633704606443644e-06,3.2937678042799234e-06,1.839487231336534e-05,6.9014233304187655e-05,9.0913188087514527,2
distill:fred-econ,DFF,TimesFM-laplace-qd,26293,0,-1.09420798253268e-05,-2.6973517378792167e-05,-0.00015361318946816027,-7.8031618613749743e-05,-2.6231486117467284e-05,4.422230995260179e-05,-5.5252981837838888e-05,2.5618355721235275e-06,6.7291635787114501e-05,0.00014594351523555815,9.0339169345961405,2
distill:fred-econ,DFF,Laplace-q-fixed-bandwidth,26294,0,-1.0055362428201917e-06,-2.3577072652684263e-06,-1.5011889319013399e-06,-9.2719232521979658e-07,-4.4670643089191884e-07,-2.0331498058705427e-09,4.4264013128017774e-07,9.221312307957824e-07,1.4951330426650531e-06,2.3476721967830463e-06,12.422869199978898,2
distill:fred-econ,DFF,TimesFM-zero-shot,26294,0,-2.2169202566146851e-05,-3.9538397686555982e-05,-0.0001003220968414098,-4.5162043534219265e-05,-4.1144521674141288e-05,-2.7863075956702232e-05,-1.5923869796097279e-05,-1.1201773304492235e-05,1.3921526260674e-06,5.2474410040304065e-05,8.7682658278696124,2
distill:fred-econ,DFF,TimesFM-laplace-qd,26294,0,-3.1438510632142425e-05,-3.7391495425254107e-05,-0.00017270454554818571,-9.2306319857016206e-05,-3.925390774384141e-05,3.2828858820721507e-05,-7.8697747085243464e-05,-1.6422447515651584e-05,4.8462155973538756e-05,0.00012714046170003712,7.9798221633040392,2
distill:fred-econ,DFF,Laplace-q-fixed-bandwidth,26295,0,-1.3192112762182931e-06,-2.3178784844743856e-06,-1.4778533799462839e-06,-9.1307459651639211e-07,-4.4067952639628026e-07,-3.5236046520639521e-09,4.3363231709215235e-07,9.0412256838113462e-07,1.4669965329798966e-06,2.2984499527679157e-06,12.440088990959664,2
distill:fred-econ,DFF,TimesFM-zero-shot,26295,0,-7.1288668550550938e-06,-2.2701307898387313e-05,-9.2727219453081489e-05,-3.4869328374043107e-05,-3.1963601941242814e-05,-1.4798220945522189e-05,2.8816866688430309e-06,5.3930270951241255e-06,2.172752283513546e-05,6.8095570895820856e-05,8.9888738923310481,2
distill:fred-econ,DFF,TimesFM-laplace-qd,26295,0,-1.5790719771757722e-05,-1.980707747861743e-05,-0.0001550644519738853,-7.6946365879848599e-05,-3.0328024877235293e-05,4.0977494791150093e-05,-6.1994360294193029e-05,-6.083253538236022e-06,5.6705670431256294e-05,0.00012650468852370977,8.4397501164854614,2
distill:fred-econ,DFF,Laplace-q-fixed-bandwidth,26296,0,-1.1858321774905855e-06,-2.277745507214369e-06,-1.4538202136122108e-06,-8.9906209787565275e-07,-4.3463466216856691e-07,-4.8796086950160381e-09,4.2487544477853484e-07,8.8747801826280305e-07,1.438586409553726e-06,2.2515625298189776e-06,12.45731845320894,2
distill:fred-econ,DFF,TimesFM-zero-shot,26296,0,-1.3197481166571379e-05,-2.3876869818195701e-05,-0.00010721039143390954,-4.799495218321681e-05,-4.0490383980795741e-05,-2.1467392798513174e-05,-3.8299476727843285e-06,5.3900294005870819e-08,1.3197131920605898e-05,6.5745320171117783e-05,8.9177671508765801,2
distill:fred-econ,DFF,TimesFM-laplace-qd,26296,0,-2.1883490262553096e-05,-2.4837179807946086e-05,-0.00017466017743572593,-9.2841277364641428e-05,-3.7340156268328428e-05,3.8773752748966217e-05,-6.4467283664271235e-05,-3.0145456548780203e-06,6.1032886151224375e-05,0.00014043739065527916,8.5753762426965086,2
distill:fred-econ,DFF,Laplace-q-fixed-bandwidth,26297,0,-1.0113472997768267e-06,-2.2382851588701357e-06,-1.4301845347033604e-06,-8.8445424305826527e-07,-4.2880443224561384e-07,-5.5136291106363133e-09,4.1602803847419666e-07,8.7080328151177575e-07,1.4121607342815096e-06,2.2071428418221999e-06,12.474716372094321,2
distill:fred-econ,DFF,TimesFM-zero-shot,26297,0,4.4028274714946747e-06,-1.3462034985423088e-05,-7.7767908805981278e-05,-2.9497401556000113e-05,-2.234135172329843e-05,-4.5270426198840141e-06,1.0280054993927479e-05,1.242110738530755e-05,2.4946173653006554e-05,6.5362430177628994e-05,9.090532729122252,2
distill:fred-econ,DFF,TimesFM-laplace-qd,26297,0,-5.582260200753808e-06,-1.6738078556954861e-05,-0.00013023283099755645,-6.5242202254012227e-05,-1.737740240059793e-05,4.8485817387700081e-05,-4.9042311729863286e-05,5.7948636822402477e-07,5.4141681175678968e-05,0.00011353590525686741,10.898276355033918,2
distill:fred-econ,DFF,Laplace-q-fixed-bandwidth,26298,0,-8.3568133669039194e-07,-2.1997102316973942e-06,-1.4064016468138691e-06,-8.705409853544892e-07,-4.2273254526167462e-07,-6.7906233777119146e-09,4.0831270592180732e-07,8.5528255343017862e-07,1.3861116593828968e-06,2.1643255777464398e-06,12.491668091389698,2
distill:fred-econ,DFF,TimesFM-zero-shot,26298,0,-4.7592911869287491e-06,-1.3241718988865614e-05,-8.6563552031293511e-05,-3.5795121220871806e-05,-3.1100236810743809e-05,-1.1321739293634892e-05,6.5153581090271473e-06,3.9266888052225113e-06,1.3191951438784599e-05,5.4768403060734272e-05,9.2771323944405601,2
distill:fred-econ,DFF,TimesFM-laplace-qd,26298,0,-1.8490769434720278e-05,-1.7722777556627989e-05,-0.00014469370944425464,-7.6911121141165495e-05,-3.2114126952365041e-05,3.7851103115826845e-05,-6.1968312365934253e-05,-1.6275298548862338e-05,3.5377859603613615e-05,9.6963078249245882e-05,8.3499296651865382,2
distill:fred-econ,DFF,Laplace-q-fixed-bandwidth,26299,0,-8.5112514962104885e-07,-2.1608415774233459e-06,-1.3830574645993874e-06,-8.5702767164502524e-07,-4.1625653014809758e-07,-7.6584646728436298e-09,4.0093960080241042e-07,8.4010208849825428e-07,1.3613059200493658e-06,2.1230034948624867e-06,12.50852969603512,2
distill:fred-econ,DFF,TimesFM-zero-shot,26299,0,-1.0399962775409222e-06,-1.1670985259115696e-05,-7.7092321589589119e-05,-3.2051058951765299e-05,-2.5785120669752359e-05,-1.0843563359230757e-05,6.4225459937006235e-06,7.8488665167242289e-06,1.9086728570982814e-05,5.4891250329092145e-05,9.1374600675507853,2
distill:fred-econ,DFF,TimesFM-laplace-qd,26299,0,-1.1635769624263048e-05,-1.5662983059883118e-05,-0.00011662620818242431,-5.9804850025102496e-05,-1.9778904970735312e-05,3.8195546949282289e-05,-5.2725052228197455e-05,-9.0418907348066568e-06,3.9423088310286403e-05,9.130084072239697e-05,8.6707503197119351,2
distill:fred-econ,DFF,Laplace-q-fixed-bandwidth,26300,0,-8.7713634767507294e-07,-2.1232913083533278e-06,-1.3609231605938318e-06,-8.431609873685062e-07,-4.095062312542991e-07,-7.488210016751188e-09,3.9375818354087816e-07,8.2509805661532972e-07,1.3374588360812257e-06,2.0828511748825136e-06,12.52551127095632,2
distill:fred-econ,DFF,TimesFM-zero-shot,26300,0,-5.8891600929200649e-06,-2.3257918655872345e-05,-7.8723096521571279e-05,-3.3150165108963847e-05,-2.9037997592240572e-05,-1.4130579074844718e-05,1.6275444068014622e-06,6.6401262301951647e-06,1.8262449884787202e-05,5.5991375120356679e-05,9.058008998800414,2
distill:fred-econ,DFF,TimesFM-laplace-qd,26300,0,-1.5278696082532406e-05,-2.6265304768458009e-05,-0.00012598212924785912,-6.6536245867609978e-05,-2.7044035959988832e-05,3.1137577025219798e-05,-5.8918580180034041e-05,-1.0948715498670936e-05,3.8598926039412618e-05,9.1964757302775979e-05,8.4211947598504935,2
distill:fred-econ,DFF,Laplace-q-fixed-bandwidth,26301,0,-9.050256974411254e-07,-2.086521313085026e-06,-1.3379988996146754e-06,-8.2935904001612891e-07,-4.0364154471894655e-07,-8.2795577820850646e-09,3.8634205090208567e-07,8.1057878969388658e-07,1.3140360015235977e-06,2.0447893369293694e-06,12.542513341731203,2
distill:fred-econ,DFF,TimesFM-zero-shot,26301,0,1.3040844351053238e-06,-9.4799615908414125e-06,-7.9292978625744581e-05,-3.3620104659348726e-05,-2.3966684238985181e-05,-9.5058639999479055e-06,8.8705855887383223e-06,1.493186573497951e-05,2.8765382012352347e-05,6.7985645728185773e-05,8.9180679433551742,2
distill:fred-econ,DFF,TimesFM-laplace-qd,26301,0,-3.6247947718948126e-06,-1.0751595254987478e-05,-0.00012068863725289702,-6.0162186855450273e-05,-1.5180528862401843e-05,4.2473169742152095e-05,-3.9722304791212082e-05,8.4176135715097189e-06,6.0941703850403428e-05,0.00011789854033850133,9.3312853730922143,2
distill:fred-econ,DFF,Laplace-q-fixed-bandwidth,26302,0,-9.3418916824755118e-07,-2.0504322480748146e-06,-1.3165047731428541e-06,-8.1632573892010489e-07,-3.9714160512547133e-07,-8.5081793870568188e-09,3.801252463513577e-07,7.9717793539788279e-07,1.29167311695901e-06,2.0078385523234007e-06,12.558778705759456,2
distill:fred-econ,DFF,TimesFM-zero-shot,26302,0,8.5556530393660069e-07,-1.0697200195863843e-05,-8.6112529970705509e-05,-3.7680118111893535e-05,-2.5941466446965933e-05,-1.0038667824119329e-05,1.0051968274638057e-05,1.4092918718233705e-05,2.7921138098463416e-05,7.1293237851932645e-05,8.8894020049051985,2
distill:fred-econ,DFF,TimesFM-laplace-qd,26302,0,-4.9772206693887711e-06,-1.142235123552382e-05,-0.00012572776176966727,-6.3456682255491614e-05,-1.5780504327267408e-05,4.4305430492386222e-05,-4.3306354200467467e-05,3.8530270103365183e-06,5.6111050071194768e-05,0.00011786681716330349,9.811430576041019,2
distill:fred-econ,DFF,Laplace-q-fixed-bandwidth,26303,0,-9.6507976334686047e-07,-2.0153258218350927e-06,-1.2946047182529787e-06,-8.0298701183604034e-07,-3.9114638121768964e-07,-8.6255305936916657e-09,3.7321346468160033e-07,7.8369038460253928e-07,1.269171392881125e-06,1.9714824020481801e-06,12.575598300630384,2
distill:fred-econ,DFF,TimesFM-zero-shot,26303,0,3.1971139833331108e-06,-1.0542251402512193e-05,-7.2690629167482257e-05,-2.799683716148138e-05,-2.173465327359736e-05,-8.4656057879328728e-06,1.0204385034739971e-05,1.4505931176245213e-05,3.007019404321909e-05,6.5114116296172142e-05,8.9899490473383086,2
distill:fred-econ,DFF,TimesFM-laplace-qd,26303,0,-4.6530913095921278e-06,-1.3719254638999701e-05,-0.00011401320807635784,-5.6949967984110117e-05,-1.5963101759552956e-05,3.8947851862758398e-05,-4.7929468564689159e-05,-3.1868694350123405e-06,4.8299320042133331e-05,9.6791773103177547e-05,8.7707205962067754,2
distill:fred-econ,DFF,Laplace-q-fixed-bandwidth,26304,-0.0027586224390796499,-9.979958299078546e-07,-1.9805545641383138e-06,-1.2731175109192352e-06,-7.9014938392970617e-07,-3.8505823134634798e-07,-8.7619264425823404e-09,3.6687995010482895e-07,7.7000781761912393e-07,1.2477405177578178e-06,1.9368535769989748e-06,-1897984.8405723933,2
distill:fred-econ,DFF,TimesFM-zero-shot,26304,-0.0027586224390796499,1.6173289623111486e-06,-2.0238745491951704e-05,-7.724476745352149e-05,-3.2825104426592588e-05,-1.9628991140052676e-05,-7.585564162582159e-06,3.6573619581758976e-06,8.7048392742872238e-06,1.7706595826894045e-05,4.926254041492939e-05,-983.15171580296726,2
distill:fred-econ,DFF,TimesFM-laplace-qd,26304,-0.0027586224390796499,-5.7029537856578827e-06,-2.3193279048427939e-05,-0.00011183635797351599,-5.5716431234031916e-05,-1.0153686162084341e-05,4.1418243199586868e-05,-4.7855224693194032e-05,-4.6261120587587357e-06,3.8541154935956001e-05,8.2770246081054211e-05,-509.67187106903651,2
distill:fred-econ,DFF,Laplace-q-fixed-bandwidth,26305,0,-3.2337573730253118e-05,-3.1171658111649717e-06,-1.8182886745768449e-06,-1.1367557584310399e-06,-6.0436716465509262e-07,-1.257838011011823e-07,3.4336004837868629e-07,8.4082244008067972e-07,1.423240458449048e-06,2.2595814054091361e-06,12.356548595714692,2
distill:fred-econ,DFF,TimesFM-zero-shot,26305,0,-0.0005977594992145896,-0.00078738410957157612,-0.001983151538297534,-0.0013893807772547007,-0.0010634078644216061,-0.00081132451305165887,-0.00040420077857561409,-0.00020686822244897485,9.3472190201282501e-06,0.00036074721720069647,5.8054206463225917,2
distill:fred-econ,DFF,TimesFM-laplace-qd,26305,0,-0.00043494976125657558,-0.00064328324515372515,-0.0019514644518494606,-0.0013091852888464928,-0.00089125114027410746,-0.00053443404613062739,-0.00032875849865376949,-2.9889895813539624e-05,0.00027917430270463228,0.00068376126000657678,5.7684803866684362,2
distill:fred-econ,DFF,Laplace-q-fixed-bandwidth,26306,0,-2.7071772691138801e-05,-2.9523340960592895e-06,-1.7530175268271004e-06,-1.0953553114088809e-06,-5.7587893113690147e-07,-1.0672949082559017e-07,3.5303696067949489e-07,8.4180537758564298e-07,1.4175796906949795e-06,2.2475477005548082e-06,12.377197700057936,2
distill:fred-econ,DFF,TimesFM-zero-shot,26306,0,-6.565017974935472e-05,-0.0001238211989402771,-0.00059357815189287066,-0.0003532709670253098,-0.00023850781144574285,-0.00014851070591248572,-2.4337205104529858e-06,5.5186275858432055e-05,0.00012144376523792744,0.00027711712755262852,6.9830517471634082,2
distill:fred-econ,DFF,TimesFM-laplace-qd,26306,0,-7.9034274676814675e-05,-0.00015137196169234812,-0.00077226408757269382,-0.00046929059317335486,-0.00026199637795798481,-7.0739275543019176e-05,-8.9147273683920503e-05,6.7588291130959988e-05,0.00022569496650248766,0.0004437293391674757,6.7892215519017238,2
distill:fred-econ,DFF,Laplace-q-fixed-bandwidth,26307,0,-2.2515420826646497e-05,-2.8139981847088334e-06,-1.693352240105454e-06,-1.0567630854627007e-06,-5.501377313399229e-07,-9.0984184592704841e-08,3.6038709865032296e-07,8.4210920955969259e-07,1.4094362190151536e-06,2.232021471408051e-06,12.397178438236775,2
distill:fred-econ,DFF,TimesFM-zero-shot,26307,0,-2.1020008716732264e-05,-7.4323499575257301e-05,-0.0002744436205830425,-0.00014302623458206654,-9.2143425717949867e-05,-4.946935223415494e-05,6.6505745053291321e-06,2.2237480152398348e-05,4.0169921703636646e-05,0.00012201315257698298,8.0384612697049498,2
distill:fred-econ,DFF,TimesFM-laplace-qd,26307,0,-1.5585275832563639e-05,-7.1930262492969632e-05,-0.00040112674469128251,-0.00021734708570875227,-8.8909640908241272e-05,3.998499596491456e-05,-5.107000470161438e-05,5.1560462452471256e-05,0.00014981487765908241,0.00028006872162222862,7.6583824935209943,2
distill:fred-econ,DFF,Laplace-q-fixed-bandwidth,26308,0,-1.851744365336641e-05,-2.697033745940742e-06,-1.6397433625529924e-06,-1.0222743175121791e-06,-5.2729623152238544e-07,-7.7446393604020399e-08,3.6595655173271199e-07,8.3944499578373017e-07,1.3996083289878088e-06,2.2140657584673964e-06,12.416662714607794,2
distill:fred-econ,DFF,TimesFM-zero-shot,26308,0,-4.2410101741552353e-06,-3.6713638110086322e-05,-0.0002003165427595377,-9.9817669251933694e-05,-5.7992176152765751e-05,-2.6051857275888324e-05,1.3653479982167482e-05,2.7478847187012434e-05,3.7553079891949892e-05,9.948312072083354e-05,8.2332488079854897,2
distill:fred-econ,DFF,TimesFM-laplace-qd,26308,0,-4.8776273615658283e-06,-3.7974037695676088e-05,-0.00026867009000852704,-0.00013861726620234549,-3.9581616874784231e-05,5.5989250540733337e-05,-3.3849501051008701e-05,4.5044755097478628e-05,0.00011494371574372053,0.0002046205336228013,8.1001029583285682,2
distill:fred-econ,DFF,Laplace-q-fixed-bandwidth,26309,0,-1.5685664764739769e-05,-2.5945700009278349e-06,-1.5910711626109654e-06,-9.9096556592213559e-07,-5.0715950347532688e-07,-6.6550410889840552e-08,3.6940670032596503e-07,8.3526940606114736e-07,1.3868614827518769e-06,2.1916542597066642e-06,12.435792533877951,2
distill:fred-econ,DFF,TimesFM-zero-shot,26309,0,6.8229273892939091e-06,-3.7648307625204325e-05,-0.00018500653095543385,-8.1098842201754451e-05,-4.6444329200312495e-05,-1.332105603069067e-05,2.3335625883191824e-05,3.6545214243233204e-05,4.6572997234761715e-05,0.00011337513569742441,8.1655204114089273,2
distill:fred-econ,DFF,TimesFM-laplace-qd,26309,0,8.525908924639225e-06,-3.695761552080512e-05,-0.00025167409330606461,-0.000117643823614344,-2.2246007574722171e-05,7.9280813224613667e-05,-2.6414374588057399e-05,5.6261604186147451e-05,0.00012916530249640346,0.00022681779228150845,8.007576051826085,2
distill:fred-econ,DFF,Laplace-q-fixed-bandwidth,26310,0.0027586224390796499,-1.3437757413579982e-05,-2.5058122444647252e-06,-1.5467105119703066e-06,-9.6255858298826807e-07,-4.889051060347133e-07,-5.6843743046936078e-08,3.7149295301853278e-07,8.296269844624691e-07,1.3728075772991145e-06,2.1674031873915787e-06,-1035975.7962888244,2
distill:fred-econ,DFF,TimesFM-zero-shot,26310,0.0027586224390796499,-1.0824092896655202e-05,-3.427088086027652e-05,-0.00014004725380800664,-7.0770314778201282e-05,-4.3569816625677049e-05,-2.6663416065275669e-05,1.803302438929677e-06,9.7565643955022097e-06,1.8528400687500834e-05,7.1106827817857265e-05,-320.54154949004186,2
distill:fred-econ,DFF,TimesFM-laplace-qd,26310,0.0027586224390796499,-1.608504680916667e-05,-4.6801927965134382e-05,-0.00024494010722264647,-0.00013395611313171685,-5.3399911848828197e-05,2.207350917160511e-05,-3.9747144910506904e-05,2.5647517759352922e-05,8.6786661995574832e-05,0.00017016576020978391,-114.88678603486387,2
distill:fred-econ,DFF,Laplace-q-fixed-bandwidth,26311,0,1.8287550334731333e-06,-2.9521536547022772e-06,-1.7701570078904053e-06,-1.0676666694861106e-06,-4.975164464457217e-07,2.6405380131932964e-08,5.5304652414857194e-07,1.1313546995059141e-06,1.8574124557147397e-06,3.1681234613052047e-06,12.246119603517371,2
distill:fred-econ,DFF,TimesFM-zero-shot,26311,0,0.00029193027876317501,0.00029925716808065772,-0.00040247332071885467,-0.00012685669935308397,3.0417970265261829e-05,0.00016260911070276052,0.00042119441786780953,0.00056133756879717112,0.0007489366689696908,0.0010988643625751138,6.6235047838003442,2
distill:fred-econ,DFF,TimesFM-laplace-qd,26311,0,0.00015361483383458108,0.00018666400865186006,-0.00086015014676377177,-0.00047125894343480468,-0.00019316523685120046,6.3209023210220039e-05,0.00025777571136131883,0.0005258801975287497,0.00084984686691313982,0.0013410161482170224,5.9918159729357301,2
distill:fred-econ,DFF,Laplace-q-fixed-bandwidth,26312,0,8.0672689573458973e-07,-2.8908977414573833e-06,-1.7408524408519836e-06,-1.0527318917331535e-06,-4.9460892746045005e-07,1.9314857964570232e-08,5.3410529395523138e-07,1.0991614627530618e-06,1.8028817220534265e-06,3.0395920792229105e-06,12.268508902340743,2
distill:fred-econ,DFF,TimesFM-zero-shot,26312,0,5.63303183298558e-06,-2.0277744624763727e-05,-0.00038874390884302557,-0.00020995995146222413,-0.00012635046732611954,-6.2345076003111899e-05,7.5503878179006279e-05,0.00014520906552206725,0.00024761614622548223,0.00045604782644659281,6.8889072279167962,2
distill:fred-econ,DFF,TimesFM-laplace-qd,26312,0,-3.2249692594632506e-05,-4.2448475142009556e-05,-0.00068392563844099641,-0.00041046366095542908,-0.00022465197253040969,-5.6791657698340714e-05,1.5612458810210228e-06,0.00017868146824184805,0.00038951943861320615,0.00070025050081312656,6.5581380750714118,2
distill:fred-econ,DFF,Laplace-q-fixed-bandwidth,26313,0,-1.1333687316981971e-07,-2.8288469429268973e-06,-1.7108038235909795e-06,-1.0373238436942697e-06,-4.8991400781763312e-07,1.3537159420424785e-08,5.1781773550072004e-07,1.0693746155885431e-06,1.7536369104343385e-06,2.9272504222001571e-06,12.290264979377762,2
distill:fred-econ,DFF,TimesFM-zero-shot,26313,0,4.2201572796329856e-06,-2.0860126824118197e-05,-0.00030795362545177341,-0.00015408433682750911,-9.8833581432700157e-05,-4.9648224376142025e-05,5.6244767620228231e-05,0.00010655571531970054,0.0001891467982204631,0.00035785970976576209,7.1709599849773085,2
distill:fred-econ,DFF,TimesFM-laplace-qd,26313,0,-3.6990837543271482e-05,-5.0286922487430274e-05,-0.00056022760691121221,-0.00032973830820992589,-0.00018539298616815358,-4.3042280594818294e-05,-2.6670561055652797e-05,0.00011853499745484442,0.00029720301972702146,0.00055117293959483504,6.8502023686008409,2
distill:fred-econ,DFF,Laplace-q-fixed-bandwidth,26314,0,-7.698786852746354e-07,-2.7672142199109327e-06,-1.680538156719247e-06,-1.0212244634085019e-06,-4.8503561643892002e-07,8.2581227730952918e-09,5.0234621583247296e-07,1.0417124781915043e-06,1.7073810022811481e-06,2.8282142809094148e-06,12.311686081844664,2
distill:fred-econ,DFF,TimesFM-zero-shot,26314,0,-3.6224271752871573e-05,-4.2562969611026347e-05,-0.00029820521012879908,-0.00016228955064434558,-0.00011568728950805962,-8.0169906141236424e-05,4.9076334107667208e-06,5.0749658839777112e-05,0.00011233106488361955,0.00026685814373195171,7.3066219260089564,2
distill:fred-econ,DFF,TimesFM-laplace-qd,26314,0,-3.728311276063323e-05,-3.7298785173334181e-05,-0.00053678022231906652,-0.00031439517624676228,-0.00016987856361083686,-3.3420816180296242e-05,-3.6662007914856076e-05,0.00011116146924905479,0.00027536036213859916,0.00052659999346360564,6.9496455534836556,2
distill:fred-econ,DFF,Laplace-q-fixed-bandwidth,26315,0,-1.0668574711967322e-06,-2.7058220936865439e-06,-1.6500254238242415e-06,-1.0045203221348162e-06,-4.7928621816582617e-07,4.842608101242723e-09,4.8897143436831177e-07,1.0157279560299655e-06,1.6642778931047179e-06,2.7383435752789854e-06,12.332678490188606,2
distill:fred-econ,DFF,TimesFM-zero-shot,26315,0,-6.3627972849644721e-05,-7.6960408478043973e-05,-0.00026317720767110586,-0.00014565754099749029,-0.00011466472642496228,-9.1468333266675472e-05,-3.3086325856857002e-05,-6.4900814322754741e-06,3.5696692066267133e-05,0.00015292782336473465,7.5762937202547924,2
distill:fred-econ,DFF,TimesFM-laplace-qd,26315,0,-8.411526505369693e-05,-9.8392105428501964e-05,-0.00047170065226964653,-0.00028651903267018497,-0.00017457765352446586,-6.4205480157397687e-05,-0.00010512683365959674,8.7385706137865782e-06,0.00013909241533838212,0.00033281714422628284,7.0890549310651032,2
distill:fred-econ,DFF,Laplace-q-fixed-bandwidth,26316,0,-1.30648796819751e-06,-2.6455622715560104e-06,-1.6195209493350926e-06,-9.8827931084213756e-07,-4.7233961325309856e-07,1.2740553965286748e-09,4.7561748316580092e-07,9.9155718075484025e-07,1.6242583374870848e-06,2.6568674917848085e-06,12.353597903437159,2
distill:fred-econ,DFF,TimesFM-zero-shot,26316,0,-4.4730593799613416e-05,-6.811754428781569e-05,-0.00018923587049357593,-0.00010206083243247122,-8.0990183050744236e-05,-6.773458153475076e-05,-2.5050554540939629e-05,-3.7670833989977837e-06,2.7242989744991064e-05,0.00012096564751118422,7.8559090139555572,2
distill:fred-econ,DFF,TimesFM-laplace-qd,26316,0,-6.9726622314192355e-05,-9.3193608336150646e-05,-0.00037998956395313144,-0.0002338456833967939,-0.00014009645383339375,-4.8538247938267887e-05,-9.434737148694694e-05,7.4012787081301212e-06,0.00011792505392804742,0.00028158316854387522,7.2695898203306015,2
distill:fred-econ,DFF,Laplace-q-fixed-bandwidth,26317,0,-1.5021133623690389e-06,-2.5868699158217964e-06,-1.5889037920162145e-06,-9.7094861156717552e-07,-4.656670257413475e-07,-9.7592741953339222e-10,4.644150068937292e-07,9.6969659271955696e-07,1.5869519371771477e-06,2.5821187170169367e-06,12.373725804237766,2
distill:fred-econ,DFF,TimesFM-zero-shot,26317,0,-9.5103459898382425e-06,-2.8653070330619812e-05,-0.00016753480304032564,-7.0739566581323743e-05,-4.9536465667188168e-05,-3.3088377676904202e-05,1.2258824426680803e-05,3.0570663511753082e-05,6.7691958975046873e-05,0.00017207348719239235,8.0822258312599242,2
distill:fred-econ,DFF,TimesFM-laplace-qd,26317,0,-2.5222587282769382e-05,-4.0286846342496574e-05,-0.00033850184991024435,-0.00018458532576914877,-9.2586720711551607e-05,1.8072605598717928e-06,-5.3526469855569303e-05,4.2828876757994294e-05,0.00015790920588187873,0.00032573932548984885,7.5901701560637997,2
distill:fred-econ,DFF,Laplace-q-fixed-bandwidth,26318,0,-1.6629537612553799e-06,-2.5299389706081352e-06,-1.5592319789697744e-06,-9.5438619787284282e-07,-4.5896312745160476e-07,-2.4757454916563632e-09,4.5334033149482155e-07,9.4809209694258906e-07,1.550923963119109e-06,2.5129039901023533e-06,12.39375661847744,2
distill:fred-econ,DFF,TimesFM-zero-shot,26318,0,-3.0498704290948808e-05,-4.8057627282105386e-05,-0.0001467197434976697,-6.9221350713633001e-05,-5.5495402193628252e-05,-5.0588074373081326e-05,-1.3128126738592982e-05,-9.2937261797487736e-07,2.0600215066224337e-05,0.00010518406634218991,8.1933767013077343,2
distill:fred-econ,DFF,TimesFM-laplace-qd,26318,0,-4.1352148400619626e-05,-5.4751013522036374e-05,-0.00028026214567944407,-0.00015609832189511508,-8.4750165115110576e-05,-1.4607197954319417e-05,-7.0079302531667054e-05,7.067748811095953e-06,9.2448754003271461e-05,0.00022895692382007837,7.7265642158315622,2
distill:fred-econ,DFF,Laplace-q-fixed-bandwidth,26319,0,-1.7964238174302938e-06,-2.4742690443555003e-06,-1.5300814742092818e-06,-9.375490290970578e-07,-4.5193004690725662e-07,-4.3104280453045773e-09,4.4330919081664748e-07,9.2764005899533514e-07,1.5175962760853321e-06,2.4482586491148587e-06,12.413433847556041,2
distill:fred-econ,DFF,TimesFM-zero-shot,26319,0,-5.74663863517344e-06,-3.652172745205462e-05,-0.00014342842041514814,-5.3201947594061494e-05,-3.5152494092471898e-05,-2.4526772904209793e-05,1.2684089597314596e-05,3.0236929887905717e-05,5.7758617913350463e-05,0.00014694995479658246,8.3412393336823314,2
distill:fred-econ,DFF,TimesFM-laplace-qd,26319,0,-3.0636423616670072e-05,-5.9835452702827752e-05,-0.00031616858905181289,-0.00017400161596015096,-8.7757798610255122e-05,-2.874905476346612e-06,-6.7734785261563957e-05,2.4393608327955008e-05,0.0001293565146625042,0.00027766643324866891,7.6839225192353293,2
distill:fred-econ,DGS10,Laplace-q-fixed-bandwidth,16059,0,-0.00019051319821732004,-0.013041980354747611,-0.0081440039335189361,-0.0046800318154638018,-0.0017246293512239114,-1.054098806236545e-05,0.0012917614473180424,0.0042511830936869024,0.007726172034270163,0.012658887554430596,4.0059036733011597,2
distill:fred-econ,DGS10,TimesFM-zero-shot,16059,0,-0.00053058925550431013,-0.00057035806821659207,-0.013472750782966614,-0.008944767527282238,-0.0057109999470412731,-0.003066937206313014,0.0019831052049994469,0.0046457871794700623,0.0078013353049755096,0.01235232874751091,3.2685027225208811,2
distill:fred-econ,DGS10,TimesFM-laplace-qd,16059,0,-0.00077380356378853321,-0.00081808085087686777,-0.011789186857640743,-0.0078503228724002838,-0.0048445966094732285,-0.0023161519784480333,0.00071652408223599195,0.003257261123508215,0.0061886492185294628,0.010169617831707001,3.5356077582780774,2
distill:fred-econ,DGS10,Laplace-q-fixed-bandwidth,16060,0.0092593254127968372,0.0003722374125511434,-0.011797800269385209,-0.0069218695282331905,-0.0034558725269401578,-0.0004671016299562517,1.3569113902777054e-05,0.0013181394268917943,0.004310409858079782,0.007787061568657893,0.012697404967969363,2.9403594444682266,2
distill:fred-econ,DGS10,TimesFM-zero-shot,16060,0.0092593254127968372,-0.00022909745166543871,-0.00024613318964838982,-0.013113288208842278,-0.0085812974721193314,-0.005404377356171608,-0.0027529958169907331,0.0022833128459751606,0.004927709698677063,0.008130769245326519,0.01265760138630867,3.0715454844126064,2
distill:fred-econ,DGS10,TimesFM-laplace-qd,16060,0.0092593254127968372,-0.00016923868679441512,-0.00020128092728555202,-0.011067935265600681,-0.0071316040121018887,-0.0041960142552852631,-0.0016776953125372529,0.0013372974935919046,0.0038478239439427853,0.0068167964927852154,0.010746960528194904,3.0278013317274954,2
distill:fred-econ,DGS10,Laplace-q-fixed-bandwidth,16061,-0.0069364439966572711,0.00012526019924378597,-0.012109626765272986,-0.0072584896821372858,-0.0038122053257221744,-0.00084536019071032131,4.5946998910160876e-06,0.0011204719385594056,0.0040908810238390048,0.0075478125599789531,0.012433189452002238,3.1647774415562653,2
distill:fred-econ,DGS10,TimesFM-zero-shot,16061,-0.0069364439966572711,2.969431079691276e-06,7.6062788139097393e-06,-0.012771525420248508,-0.0082805799320340157,-0.0051233558915555477,-0.0024953214451670647,0.0024987766519188881,0.0051142382435500622,0.0082723703235387802,0.012761336751282215,3.7421650749327822,2
distill:fred-econ,DGS10,TimesFM-laplace-qd,16061,-0.0069364439966572711,-7.1442758780904114e-05,-6.5807413193397224e-05,-0.010959126986563206,-0.0070326291024684906,-0.0040906923823058605,-0.0015665595419704914,0.0014429643051698804,0.0039508496411144733,0.0068883919157087803,0.010822798125445843,3.6526818937159198,2
distill:fred-econ,DGS10,Laplace-q-fixed-bandwidth,16062,0.0092379409849363547,0.00087771364414776943,-0.011187589053344136,-0.0063892188537361672,-0.0029860165826330245,-0.00011205145086926352,3.8386016026312379e-05,0.0020555091831869253,0.0049829392299255964,0.008396738001865748,0.013229077105921944,3.0353010898765231,2
distill:fred-econ,DGS10,TimesFM-zero-shot,16062,0.0092379409849363547,-0.00014526606537401676,-0.00022324561723507941,-0.01278780959546566,-0.0083441352471709251,-0.0052198539488017559,-0.0026356084272265434,0.0023143826983869076,0.0049198810011148453,0.0080504920333623886,0.012498404830694199,3.0849862538909045,2
distill:fred-econ,DGS10,TimesFM-laplace-qd,16062,0.0092379409849363547,-4.9662805395200849e-05,-0.00012151732516940683,-0.010727562941610813,-0.0068717785179615021,-0.0039860010147094727,-0.0015250036958605051,0.0014102862915024161,0.0038931958843022585,0.0067977076396346092,0.010649871081113815,3.0419346414079564,2
distill:fred-econ,DGS10,Laplace-q-fixed-bandwidth,16063,0.0022962122603504831,6.0947564087814481e-05,-0.012118315245381685,-0.0073501401169985695,-0.0039706890651368927,-0.00107161059001883,2.3510690896604666e-06,0.0011976314274417081,0.0041003627829919289,0.0074903867930476804,0.012292333404902149,3.9567602147743681,2
distill:fred-econ,DGS10,TimesFM-zero-shot,16063,0.0022962122603504831,8.0398385762237012e-06,-4.3460364395286888e-05,-0.012635244056582451,-0.0082186488434672356,-0.005055560264736414,-0.0024720800574868917,0.0024752295576035976,0.0050916243344545364,0.0082084424793720245,0.012685608118772507,3.2945280029996145,2
distill:fred-econ,DGS10,TimesFM-laplace-qd,16063,0.0022962122603504831,-7.7386139309965074e-06,-6.0306439991109073e-05,-0.010743331164121628,-0.0069090472534298897,-0.0039697880856692791,-0.0015072358073666692,0.0014620870351791382,0.0039499802514910698,0.0068339756689965725,0.010745929554104805,3.5357417517093581,2
distill:fred-econ,DGS10,Laplace-q-fixed-bandwidth,16064,0.013667638728663611,0.00062716071544350346,-0.011268782320419488,-0.0065985780329309521,-0.0033013553227135249,-0.0004809713263695616,2.9293436466487958e-05,0.0018817646662767711,0.0047058071598275394,0.008013490648954907,0.01271707613026786,2.5169901399297294,2
distill:fred-econ,DGS10,TimesFM-zero-shot,16064,0.013667638728663611,0.00024426169693470001,0.00013918877812102437,-0.012375502847135067,-0.0079431347548961639,-0.0048309848643839359,-0.0022373017854988575,0.0026966107543557882,0.0053039016202092171,0.0084618590772151947,0.012920585460960865,2.7026489056004008,2
distill:fred-econ,DGS10,TimesFM-laplace-qd,16064,0.013667638728663611,0.00043529938557185233,0.00031490536639466882,-0.010282255709171295,-0.0064110024832189083,-0.0035219669807702303,-0.0010418621823191643,0.0019101174548268318,0.0043965429067611694,0.0073308497667312622,0.011218859814107418,2.5290057530189936,2
distill:fred-econ,DGS10,Laplace-q-fixed-bandwidth,16065,-0.0045351551653911581,0.00036393252233916435,-0.011825802148225251,-0.0070907407902790782,-0.0037404285033500457,-0.00087468846080831727,1.7047197503954351e-05,0.0016769863622019539,0.0045464791788967906,0.0079073760961253826,0.012676043140567275,3.5703367536933825,2
distill:fred-econ,DGS10,TimesFM-zero-shot,16065,-0.0045351551653911581,0.00069648982025682926,0.00057638599537312984,-0.011990916915237904,-0.0075381211936473846,-0.004387405700981617,-0.0017767376266419888,0.0031500714831054211,0.0057270200923085213,0.0088334027677774429,0.013246041722595692,3.6149032382097275,2
distill:fred-econ,DGS10,TimesFM-laplace-qd,16065,-0.0045351551653911581,0.0008880711393430829,0.00073989550583064556,-0.010068424977362156,-0.0061311838217079639,-0.0031471895053982735,-0.00060826586559414864,0.0023777368478477001,0.004880094900727272,0.0078077781945466995,0.01171502098441124,3.7843053072340243,2
distill:fred-econ,DGS10,Laplace-q-fixed-bandwidth,16066,-0.0022753138371356396,0.0013562867080895873,-0.010572689402844591,-0.005912179866817034,-0.002623077001890785,-6.6664098474661433e-05,0.00014710146535799982,0.0028224589480937579,0.0056335560755209858,0.0089331526023243828,0.013626929134708945,3.9083604926040838,2
distill:fred-econ,DGS10,TimesFM-zero-shot,16066,-0.0022753138371356396,0.00067359709646552801,0.00055820128181949258,-0.011859344318509102,-0.0074711330235004425,-0.0043679168447852135,-0.0017964165890589356,0.0031273108907043934,0.0057327188551425934,0.0088588176295161247,0.013304848223924637,3.3277049490075292,2
distill:fred-econ,DGS10,TimesFM-laplace-qd,16066,-0.0022753138371356396,0.0009065321646630764,0.00079308345448225737,-0.0099043780937790871,-0.0060245459899306297,-0.0031083868816494942,-0.00060492724878713489,0.0024661426432430744,0.0050154551863670349,0.0079810740426182747,0.011960501782596111,3.6320892702757863,2
distill:fred-econ,DGS10,Laplace-q-fixed-bandwidth,16067,0.013574869091068864,0.0010692522373160428,-0.010709556180911286,-0.0061342481960113063,-0.0029155158122313096,-0.00017518572709977344,7.5546533069976627e-05,0.0025286512852959603,0.0052731983700188331,0.0085023168921181617,0.013110527507669634,2.6133668590467658,2
distill:fred-econ,DGS10,TimesFM-zero-shot,16067,0.013574869091068864,0.00046215459587983787,0.00042256823508068919,-0.011984286829829216,-0.0076143122278153896,-0.0045152744278311729,-0.0019850372336804867,0.002900292631238699,0.0055005503818392754,0.008585778996348381,0.013024697080254555,2.7318973132267281,2
distill:fred-econ,DGS10,TimesFM-laplace-qd,16067,0.013574869091068864,0.00051306298701092601,0.00050417863531038165,-0.010099026374518871,-0.006290217861533165,-0.0033938959240913391,-0.00095972907729446888,0.0019819033332169056,0.0044919089414179325,0.0073819281533360481,0.011284689418971539,2.549973874137812,2
distill:fred-econ,DGS10,Laplace-q-fixed-bandwidth,16068,-0.0045045121211044759,0.00039662307885230606,-0.011686083327122657,-0.0070530764443412757,-0.0037863946089997788,-0.0010041587491781108,2.1812557039784844e-05,0.0018648364600299104,0.004650901923338998,0.0079280743312668874,0.012594164859104725,3.6056695230790696,2
distill:fred-econ,DGS10,TimesFM-zero-shot,16068,-0.0045045121211044759,0.0010202182456851006,0.00087318051373586059,-0.011624333448708057,-0.007174415048211813,-0.0040616504848003387,-0.0014793172013014555,0.0034777317196130753,0.0061094630509614944,0.0092627936974167824,0.013687157072126865,3.6632707238827997,2
distill:fred-econ,DGS10,TimesFM-laplace-qd,16068,-0.0045045121211044759,0.0010077941697090864,0.00083250156603753567,-0.0098909121006727219,-0.0059637334197759628,-0.0030444958247244358,-0.00054498098324984312,0.0025591449812054634,0.0050978232175111771,0.0080688847228884697,0.011989968828856945,3.7981636941519485,2
distill:fred-econ,DGS10,Laplace-q-fixed-bandwidth,16069,-0.015927526696101202,0.0014959434627950326,-0.011012369790727311,-0.0065634561215714574,-0.0034734229348661024,-0.00089456763309758106,0.0014892648332635533,0.0038743420276378931,0.0064575890724011707,0.0095582804626880222,0.014039768229878433,2.0597097142736023,2
distill:fred-econ,DGS10,TimesFM-zero-shot,16069,-0.015927526696101202,0.00053504295647144318,0.00049479142762720585,-0.012092662043869495,-0.0076471869833767414,-0.0045099197886884212,-0.0019250749610364437,0.002980812918394804,0.0055420547723770142,0.0086221825331449509,0.013002804480493069,0.5393671076369726,2
distill:fred-econ,DGS10,TimesFM-laplace-qd,16069,-0.015927526696101202,0.00075880408985540271,0.00071701349224895239,-0.010002152994275093,-0.006116760428994894,-0.0031889830715954304,-0.00071427575312554836,0.0022341557778418064,0.0046772309578955173,0.0075426646508276463,0.011361246928572655,-0.9840248792664481,2
distill:fred-econ,DGS10,Laplace-q-fixed-bandwidth,16070,0.01140263209781156,0.0016625791175820552,-0.011379654913921348,-0.0067602752360754678,-0.0035367630309536486,-0.00083986674231611275,0.0016557071692957415,0.0041525665630234125,0.0068539934891038174,0.010088471681092011,0.014741274504629455,3.0716553595998857,2
distill:fred-econ,DGS10,TimesFM-zero-shot,16070,0.01140263209781156,0.00073969352524727583,0.00073444773443043232,-0.012062146328389645,-0.0075610741041600704,-0.0043970700353384018,-0.0017607149202376604,0.0032225623726844788,0.0058508403599262238,0.0090074902400374413,0.013471245765686035,2.9859163147055243,2
distill:fred-econ,DGS10,TimesFM-laplace-qd,16070,0.01140263209781156,0.001244756393134594,0.0011842024978250265,-0.0098259001970291138,-0.0058279288932681084,-0.0028483979403972626,-0.00029158502002246678,0.0027523625176399946,0.005286121740937233,0.0082516130059957504,0.012161113321781158,2.9518630416114631,2
distill:fred-econ,DGS10,Laplace-q-fixed-bandwidth,16071,-0.0068259650703998975,-8.2911598779665126e-05,-0.013143823303219889,-0.0085229754438454659,-0.0052944928102807223,-0.0025916269948176316,-8.9791134653578308e-05,0.0024133286369065025,0.0051207168774155092,0.008360142104392683,0.013014320303607996,3.4134587519472941,2
distill:fred-econ,DGS10,TimesFM-zero-shot,16071,-0.0068259650703998975,0.00050257850671187043,0.00054346409160643816,-0.012253572233021259,-0.0078002465888857841,-0.0046014566905796528,-0.0019912859424948692,0.002984123770147562,0.0056085838004946709,0.0087219802662730217,0.013182169757783413,3.7093852612025868,2
distill:fred-econ,DGS10,TimesFM-laplace-qd,16071,-0.0068259650703998975,0.00036675931187346578,0.00041124073322862387,-0.010755946859717369,-0.0067841229028999805,-0.0037477535661309958,-0.0011958120157942176,0.0019162901444360614,0.0044669527560472488,0.0074160112999379635,0.011401808820664883,3.5922172602214575,2
distill:fred-econ,DGS10,Laplace-q-fixed-bandwidth,16072,0.0090909717012519486,0.0012811163731620955,-0.011653455469023376,-0.0070749382569102546,-0.0038778482323955279,-0.0012021177785983435,0.0012742579625047129,0.0037519062178684799,0.0064321222692929007,0.0096400665194459993,0.014251652143556413,3.2968107960319193,2
distill:fred-econ,DGS10,TimesFM-zero-shot,16072,0.0090909717012519486,0.0003719226224347949,0.00033623515628278255,-0.012293256819248199,-0.0078192651271820068,-0.0046996488235890865,-0.0020970546174794436,0.0028363296296447515,0.005426350049674511,0.0085909925401210785,0.013045270927250385,3.1275056101056857,2
distill:fred-econ,DGS10,TimesFM-laplace-qd,16072,0.0090909717012519486,0.00047571328468620777,0.00036990435910411179,-0.010365573689341545,-0.0064251869916915894,-0.0035087934229522943,-0.001002972130663693,0.0019590361043810844,0.0044518313370645046,0.0074030514806509018,0.011274811811745167,3.1172509683077356,2
distill:fred-econ,DGS10,Laplace-q-fixed-bandwidth,16073,0.0090090699423659437,3.0959388834930765e-05,-0.012830077547957158,-0.0082781437781032224,-0.0050991952075719708,-0.0024384616930610116,2.411291470182454e-05,0.0024879529188565289,0.0051531451337430241,0.0083428817957407926,0.012927677927960037,3.1617596872999476,2
distill:fred-econ,DGS10,TimesFM-zero-shot,16073,0.0090090699423659437,0.00074360845610499382,0.00077252346090972424,-0.011964703910052776,-0.0075046122074127197,-0.0043257288634777069,-0.0017227537464350462,0.0032176540698856115,0.0058139204047620296,0.0089203594252467155,0.013336241245269775,3.1623249771883577,2
distill:fred-econ,DGS10,TimesFM-laplace-qd,16073,0.0090090699423659437,0.00062025216175243258,0.00062334106769412756,-0.010196381248533726,-0.0062894402071833611,-0.0033286497928202152,-0.00084602623246610165,0.0020954024512320757,0.004571019671857357,0.0074491561390459538,0.0112799983471632,3.1460081617420861,2
distill:fred-econ,DGS10,Laplace-q-fixed-bandwidth,16074,0,0.00041274818265617404,-0.012434115045049658,-0.007890715770302429,-0.0047150322947929167,-0.0020557951751997228,0.00040590161627992668,0.0028688592126016599,0.0055325404286515889,0.0087189732278863188,0.013295101697031356,3.8003930266906911,2
distill:fred-econ,DGS10,TimesFM-zero-shot,16074,0,0.00030208259704522789,0.00023014756152406335,-0.012149940244853497,-0.0077817891724407673,-0.0046899612061679363,-0.0021520792506635189,0.0027397931553423405,0.0053239427506923676,0.0084431683644652367,0.012871166691184044,3.2935093922189145,2
distill:fred-econ,DGS10,TimesFM-laplace-qd,16074,0,0.00048002455150708556,0.00037108862306922674,-0.010071543045341969,-0.0062697296962141991,-0.0033930717036128044,-0.00097355787875130773,0.0019436702132225037,0.0044185644946992397,0.0073171490803360939,0.011175298132002354,3.5680560529387315,2
distill:fred-econ,DGS10,Laplace-q-fixed-bandwidth,16075,0.0022396425935047315,0.0011793656730301211,-0.010521545856087812,-0.005907404772779872,-0.0026360330110106241,-7.0365199901777743e-05,6.6464404871165259e-05,0.0024805110919390756,0.0052883343643518399,0.0085699482453829752,0.013216671983830461,4.0129987480143354,2
distill:fred-econ,DGS10,TimesFM-zero-shot,16075,0.0022396425935047315,0.00024280221259687096,0.00018897047266364098,-0.012315507978200912,-0.0079166777431964874,-0.0047751739621162415,-0.0022144308313727379,0.0026949832681566477,0.0052768969908356667,0.0083373123779892921,0.012756729498505592,3.3062841572794337,2
distill:fred-econ,DGS10,TimesFM-laplace-qd,16075,0.0022396425935047315,0.00042459036922082305,0.00031941122142598033,-0.010315942578017712,-0.0064677372574806213,-0.0035259765572845936,-0.0010603965492919087,0.0019179380033165216,0.004385809414088726,0.007226953748613596,0.011087242513895035,3.5520549889762449,2
distill:fred-econ,DGS10,Laplace-q-fixed-bandwidth,16076,0.026491615446976313,0.0010201465489138794,-0.010486755920319162,-0.0059712505631248679,-0.0027827857314352772,-0.0001036129717401766,5.7657668173391752e-05,0.0023332141012364091,0.0050619908863515726,0.0082605847114195392,0.012808286693854868,0.66442029733039776,2
distill:fred-econ,DGS10,TimesFM-zero-shot,16076,0.026491615446976313,0.0002316212048754096,0.00012573768617585301,-0.012192696332931519,-0.0078298449516296387,-0.0047586061991751194,-0.0022008530795574188,0.0026520383544266224,0.0051880590617656708,0.0082763731479644775,0.012638737447559834,0.57792694785219312,2
distill:fred-econ,DGS10,TimesFM-laplace-qd,16076,0.026491615446976313,0.00053092825692147017,0.00035857208422385156,-0.0099860159680247307,-0.0061904136091470718,-0.0033348719589412212,-0.0008999495767056942,0.0019839177839457989,0.0044070635922253132,0.0072610313072800636,0.011037220247089863,-0.19303937478393032,2
distill:fred-econ,DGS10,Laplace-q-fixed-bandwidth,16077,0.0043478329361035239,2.4623776380628082e-05,-0.012875366848015109,-0.0079293567181667104,-0.0044199272627068239,-0.0014155400776929114,-7.7119951281678461e-07,0.0013810763210782028,0.0043952195177328519,0.0079319308405871227,0.01296461140970758,3.6154237281910708,2
distill:fred-econ,DGS10,TimesFM-zero-shot,16077,0.0043478329361035239,-0.00010849875980056822,-0.00015885176253505051,-0.012802198529243469,-0.0083531914278864861,-0.0051977615803480148,-0.0026043923571705818,0.0023696282878518105,0.0049779424443840981,0.0081191277131438255,0.012609191238880157,3.2796922809141154,2
distill:fred-econ,DGS10,TimesFM-laplace-qd,16077,0.0043478329361035239,-0.00014369588461704552,-0.00022848090156912804,-0.010982892476022243,-0.007091904990375042,-0.0041345092467963696,-0.001646527904085815,0.001369988895021379,0.0038883448578417301,0.0068328836932778358,0.010793188586831093,3.4380311239236283,2
distill:fred-econ,DGS10,Laplace-q-fixed-bandwidth,16078,0.01293121467224867,0.0019978103205384292,-0.010510118784811898,-0.0056473168104859382,-0.0022066054589275894,-3.1278555129628512e-05,0.00080248621517855644,0.0036069760342421274,0.0065556799574307944,0.010023391010113732,0.014971850097785622,2.8081224439843155,2
distill:fred-econ,DGS10,TimesFM-zero-shot,16078,0.01293121467224867,0.00038269389187917113,0.00019473909924272448,-0.01207942608743906,-0.0076881367713212967,-0.0046068187803030014,-0.0020636660046875477,0.0028077899478375912,0.0053760646842420101,0.0084935529157519341,0.01288103312253952,2.7956736266883913,2
distill:fred-econ,DGS10,TimesFM-laplace-qd,16078,0.01293121467224867,0.00081053492613136768,0.00056357018183916807,-0.0098351780325174332,-0.0059809139929711819,-0.0030945807229727507,-0.00064346927683800459,0.0023128322791308165,0.0048043904826045036,0.0077406242489814758,0.011619382537901402,2.6909200521385901,2
distill:fred-econ,DGS10,Laplace-q-fixed-bandwidth,16079,-0.021645866774692601,0.002021814619293683,-0.010603541621683393,-0.0057271555113082781,-0.0022734832866076887,-3.2589981489988549e-05,0.00088354866849314219,0.0036935012974632433,0.0066523786184564384,0.010133086139130078,0.015094964246491042,1.1894505982829606,2
distill:fred-econ,DGS10,TimesFM-zero-shot,16079,-0.021645866774692601,0.0005268673412501812,0.0004421033663675189,-0.012048837728798389,-0.0076530752703547478,-0.0045011751353740692,-0.0019484951626509428,0.0029776440933346748,0.0055853803642094135,0.0086702127009630203,0.013091817498207092,-1.499220837703761,2
distill:fred-econ,DGS10,TimesFM-laplace-qd,16079,-0.021645866774692601,0.00080767623148858547,0.00070546363713219762,-0.0099163157865405083,-0.0060721701011061668,-0.0031400739680975676,-0.00069664919283241034,0.0022853112313896418,0.0047849095426499844,0.0076670115813612938,0.011556991375982761,-4.8292128868518356,2
distill:fred-econ,DGS10,Laplace-q-fixed-bandwidth,16080,0,0.0035249481300171684,-0.010939091594334406,-0.0058212896043161252,-0.0022473048178261457,0.00074687161832422003,0.0035194874220728033,0.006293499815349532,0.009292596895219803,0.012878506097637707,0.018032968058949703,3.5949224985365889,2
distill:fred-econ,DGS10,TimesFM-zero-shot,16080,0,0.00029823271324858069,0.00020856273476965725,-0.012138691730797291,-0.0077641247771680355,-0.0047050113789737225,-0.0021443131845444441,0.0027482016012072563,0.0052999020554125309,0.0084205260500311852,0.012797562405467033,3.2937267527005609,2
distill:fred-econ,DGS10,TimesFM-laplace-qd,16080,0,0.00091876811347901821,0.00080610357690602541,-0.0097661130130290985,-0.0059107043780386448,-0.0030190341640263796,-0.00053566123824566603,0.0024349913001060486,0.0049250549636781216,0.0078812437132000923,0.011764248833060265,3.5496938844441406,2
distill:fred-econ,DGS10,Laplace-q-fixed-bandwidth,16081,-0.0021905813798186458,0.0015641478338211472,-0.011448270785263058,-0.0061963009530044359,-0.0024596430134124049,-4.7771030277064466e-05,7.6173959817595632e-05,0.0028372726044718095,0.0060631046403295183,0.0098110550392900408,0.015099597027105087,3.9027166416890937,2
distill:fred-econ,DGS10,TimesFM-zero-shot,16081,-0.0021905813798186458,0.00014842009113635868,0.00012257223716005683,-0.012595316395163536,-0.0081133423373103142,-0.0049624019302427769,-0.0023425363469868898,0.0026285049971193075,0.0052091325633227825,0.0083451764658093452,0.012776026502251625,3.2834100045380827,2
distill:fred-econ,DGS10,TimesFM-laplace-qd,16081,-0.0021905813798186458,0.00034658776712603867,0.00028806889895349741,-0.01067075040191412,-0.0066980286501348019,-0.0037269482854753733,-0.0011853789910674095,0.0018608076497912407,0.0043665678240358829,0.0073230755515396595,0.011228721588850021,3.5703862449098764,2
distill:fred-econ,DGS10,Laplace-q-fixed-bandwidth,16082,-0.013245226750020489,0.0016133439371659058,-0.011217900765387381,-0.0060639144175889531,-0.0024096344733534015,-4.5538146134762172e-05,9.2937120849784032e-05,0.0029519223287787924,0.0060975322594794441,0.0097630092602387572,0.014953162349661889,2.28970384069572,2
distill:fred-econ,DGS10,TimesFM-zero-shot,16082,-0.013245226750020489,0.0007877392927184701,0.00074340082937851548,-0.011758515611290932,-0.0073369452729821205,-0.0042305039241909981,-0.0016655157087370753,0.0032369652763009071,0.0057993223890662193,0.0089077716693282127,0.013266981579363346,1.322665919903071,2
distill:fred-econ,DGS10,TimesFM-laplace-qd,16082,-0.013245226750020489,0.0013798746513202786,0.0012873330852016807,-0.0093681123107671738,-0.0054774638265371323,-0.0025567249394953251,-7.6289259595796466e-05,0.0028812643140554428,0.0053676208481192589,0.0083001693710684776,0.01214247103780508,0.16369839745410353,2
distill:fred-econ,DGS10,Laplace-q-fixed-bandwidth,16083,-0.0044543503493803538,0.0020306262881760006,-0.011072021814687772,-0.0058373986567686071,-0.0021185614362473596,-2.9713505603468386e-05,0.00045176020220746588,0.0035273011201339553,0.0067278374189317491,0.010458028189114694,0.015729146498534321,3.4320272934794493,2
distill:fred-econ,DGS10,TimesFM-zero-shot,16083,-0.0044543503493803538,0.00014030645252205431,0.00015883335436228663,-0.012350097298622131,-0.007929505780339241,-0.0048263994976878166,-0.0022847012151032686,0.00257866270840168,0.0051114149391651154,0.0081393187865614891,0.012410405091941357,3.5543341715451691,2
distill:fred-econ,DGS10,TimesFM-laplace-qd,16083,-0.0044543503493803538,0.0002607420610729605,0.00025728211039677262,-0.010505146346986294,-0.0065992753952741623,-0.0036713727749884129,-0.0012053822865709662,0.0017346807289868593,0.0041877934709191322,0.0070284930989146233,0.010790337808430195,3.7957374711042045,2
distill:fred-econ,DGS10,Laplace-q-fixed-bandwidth,16084,-0.0067189502487450259,0.0011125443512988759,-0.012010567918097029,-0.0068447825463474263,-0.003182300937714488,-0.00011198317704256584,5.628201728749167e-05,0.0025427737246678712,0.0056883693322500404,0.0093621309794912136,0.014564079842197562,3.0746088720887546,2
distill:fred-econ,DGS10,TimesFM-zero-shot,16084,-0.0067189502487450259,0.00020702353504020721,0.00020563988073263317,-0.012122086249291897,-0.0077598718926310539,-0.0047522657550871372,-0.0022060615010559559,0.0026262574829161167,0.0051362169906497002,0.0082263490185141563,0.012540879659354687,3.7693859389969653,2
distill:fred-econ,DGS10,TimesFM-laplace-qd,16084,-0.0067189502487450259,0.00032512014149688184,0.00029938857187516987,-0.010204415768384933,-0.0063751665875315666,-0.003564795944839716,-0.0011161768343299627,0.0017787211108952761,0.0041958773508667946,0.0070953844115138054,0.010870488360524178,3.5799332614436379,2
distill:fred-econ,DGS10,Laplace-q-fixed-bandwidth,16085,0,0.0010196204060742831,-0.012062741252501511,-0.0069459939941925999,-0.0033227060037365752,-0.00021971781987624157,5.3523154594062197e-05,0.0024970949528222743,0.0056041348794591472,0.009238650531771652,0.014391292099026468,4.0518595494268421,2
distill:fred-econ,DGS10,TimesFM-zero-shot,16085,0,-0.00058352714404463768,-0.00046533753629773855,-0.012887469492852688,-0.0085521088913083076,-0.005512650590389967,-0.0029771332629024982,0.001803570194169879,0.0043190745636820793,0.0073520713485777378,0.011633181013166904,3.3192264229197237,2
distill:fred-econ,DGS10,TimesFM-laplace-qd,16085,0,-0.00055285420967265964,-0.00044200633419677615,-0.011227380484342575,-0.0073832347989082336,-0.0045135868713259697,-0.0020449385046958923,0.00086807250045239925,0.0033026053570210934,0.0061653382144868374,0.0099427569657564163,3.5707659238628726,2
distill:fred-econ,DGS10,Laplace-q-fixed-bandwidth,16086,0.0044843124473286089,0.00053149226038118433,-0.011964923871099856,-0.0068676242422191919,-0.0032382132937298857,-0.00012989361707527473,1.7722777725924342e-05,0.0013409429883528647,0.0044875043078480992,0.0081277608101370819,0.013260614112872495,3.5254121163159438,2
distill:fred-econ,DGS10,TimesFM-zero-shot,16086,0.0044843124473286089,-8.2224752986803651e-05,-0.00013141456292942166,-0.012353986501693726,-0.0080379461869597435,-0.005010844673961401,-0.0024893162772059441,0.0023041139356791973,0.0048093516379594803,0.0078505435958504677,0.012150953523814678,3.3132826557066326,2
distill:fred-econ,DGS10,TimesFM-laplace-qd,16086,0.0044843124473286089,4.695779352914542e-05,-3.9869555621407926e-05,-0.010407375171780586,-0.0066360663622617722,-0.0038163005374372005,-0.0013947258703410625,0.0014607368502765894,0.0038791911210864782,0.0067511689849197865,0.010535459034144878,3.4691504623348997,2
distill:fred-econ,DGS10,Laplace-q-fixed-bandwidth,16087,-0.0022396425935047315,0.00034938581083512573,-0.012016945887952454,-0.0070164064130667139,-0.0034690264391896764,-0.00040699587561488447,1.2105868687078037e-05,0.0012145350630755982,0.0042800192662983006,0.0078381608576417548,0.012873866398113677,3.9301401649054215,2
distill:fred-econ,DGS10,TimesFM-zero-shot,16087,-0.0022396425935047315,-0.00025353426462970674,-0.00024294962349813432,-0.012586768716573715,-0.0082579543814063072,-0.0052065998315811157,-0.0026770506519824266,0.0021427622996270657,0.0046785059385001659,0.007717963308095932,0.012040063738822937,3.3074050483481292,2
distill:fred-econ,DGS10,TimesFM-laplace-qd,16087,-0.0022396425935047315,-0.00025712145725265145,-0.00022384419571608305,-0.010811823420226574,-0.0070199691690504551,-0.0041697141714394093,-0.001732079079374671,0.0011700282339006662,0.0036220115143805742,0.0064826570451259613,0.010298964567482471,3.5893608714413689,2
distill:fred-econ,DGS10,Laplace-q-fixed-bandwidth,16088,0.0067039357221903018,0.00073937665738628368,-0.011365010480899348,-0.0064699010808346655,-0.0030118073978775408,-0.00010803108745765197,2.8251357338862613e-05,0.0017428257167197798,0.0047212331339397152,0.0081899866129777395,0.013119853443278187,3.2786306827035907,2
distill:fred-econ,DGS10,TimesFM-zero-shot,16088,0.0067039357221903018,0.00013146022683940828,9.041800512932241e-05,-0.012055912055075169,-0.0077400058507919312,-0.004765660036355257,-0.0022651071194559336,0.0025241475086659193,0.0050167031586170197,0.0080723334103822708,0.012312136590480804,3.2623084641898963,2
distill:fred-econ,DGS10,TimesFM-laplace-qd,16088,0.0067039357221903018,0.00039604515768587589,0.00033871576306410134,-0.010048928670585155,-0.0062466608360409737,-0.0034650485031306744,-0.0010496822651475668,0.0018552099354565144,0.0042700939811766148,0.007153521291911602,0.01088932529091835,3.3418268033572298,2
distill:fred-econ,DGS10,Laplace-q-fixed-bandwidth,16089,-0.0044642931286855703,0.00029035984797001562,-0.011783091355025111,-0.0069575507750856847,-0.00355683538417515,-0.00063851513821567315,1.1123979741183275e-05,0.0012971180343416882,0.0042189679237136651,0.0076302745045565851,0.012490248880098139,3.5205735150472339,2
distill:fred-econ,DGS10,TimesFM-zero-shot,16089,-0.0044642931286855703,-0.00016404523921664804,-0.00013178330846130848,-0.012417631223797798,-0.0081201242282986641,-0.0050899428315460682,-0.0025584260001778603,0.0022319755516946316,0.0047462335787713528,0.0077597773633897305,0.012060674838721752,3.5326342334735421,2
distill:fred-econ,DGS10,TimesFM-laplace-qd,16089,-0.0044642931286855703,-0.00067914975807070732,-0.00072677561547607183,-0.011243900284171104,-0.0074351099319756031,-0.0046197348274290562,-0.0021820571273565292,0.00079279486089944839,0.0032446002587676048,0.0060935704968869686,0.0099184233695268631,3.7389226886577465,2
distill:fred-econ,DGS10,Laplace-q-fixed-bandwidth,16090,0.01773882433738172,0.00095379511803782399,-0.010875928561578161,-0.0061332521198518789,-0.0028010977777004117,-8.7463304898177289e-05,4.3104668930979313e-05,0.0021177071709182742,0.004973210493673148,0.0083158644929052297,0.013092613975699365,2.0750636650410259,2
distill:fred-econ,DGS10,TimesFM-zero-shot,16090,0.01773882433738172,0.00052252976456657052,0.00053952599409967661,-0.011433973908424377,-0.0072410563006997108,-0.0043060658499598503,-0.0018267936538904905,0.0029273133259266615,0.0053634019568562508,0.0083332350477576256,0.012560125440359116,2.1355698998676949,2
distill:fred-econ,DGS10,TimesFM-laplace-qd,16090,0.01773882433738172,0.00087639217963442206,0.00091282831272110343,-0.0094368420541286469,-0.005769799929112196,-0.0031259623356163502,-0.0008326983661390841,0.0025848571676760912,0.0048469505272805691,0.0074907536618411541,0.01117219589650631,1.8684642321270672,2
distill:fred-econ,DGS10,Laplace-q-fixed-bandwidth,16091,0.0021953905634355397,-0.00031790282297924558,-0.012831210081181113,-0.0079331675843913527,-0.0044797974900740332,-0.0015233046465048315,-1.3830954617429293e-05,0.00079275505314503288,0.003752969245126395,0.0072171433291222213,0.012149987518529901,3.9496258344859676,2
distill:fred-econ,DGS10,TimesFM-zero-shot,16091,0.0021953905634355397,3.1631501769879833e-05,-2.3230983060784638e-05,-0.012156211771070957,-0.0078808628022670746,-0.0048628896474838257,-0.0023829869460314512,0.0024551157839596272,0.0050107194110751152,0.0080496687442064285,0.012353715486824512,3.3176992033376536,2
distill:fred-econ,DGS10,TimesFM-laplace-qd,16091,0.0021953905634355397,-0.00052939791930839419,-0.00061369093600660563,-0.011127764359116554,-0.0073278900235891342,-0.0044762738980352879,-0.0020438074134290218,0.00095598160987719893,0.0034469056408852339,0.0063572400249540806,0.010208342224359512,3.5192397876903119,2
distill:fred-econ,DGS10,Laplace-q-fixed-bandwidth,16092,-0.0066006840313519444,0.0010327110163323361,-0.011089463844505862,-0.0062922299361465213,-0.0029230469003856466,-0.00010570075389059074,5.4330829064766658e-05,0.002364133751015767,0.0052440201346972571,0.0086238899340321355,0.013455522630947615,3.0922977817516673,2
distill:fred-econ,DGS10,TimesFM-zero-shot,16092,-0.0066006840313519444,0.00060715782456099987,0.00045876047806814313,-0.011797337792813778,-0.0074215391650795937,-0.0043813302181661129,-0.0018404757138341665,0.0030364163685590029,0.0055789165198802948,0.0086707258597016335,0.012995555996894836,3.7240378935601113,2
distill:fred-econ,DGS10,TimesFM-laplace-qd,16092,-0.0066006840313519444,0.00090439268387854099,0.00070859905099496245,-0.0098637361079454422,-0.0059675658121705055,-0.0030838632956147194,-0.0006078607402741909,0.0024164412170648575,0.004897222388535738,0.0078248884528875351,0.011664319783449173,3.4724255975050293,2
distill:fred-econ,DGS10,Laplace-q-fixed-bandwidth,16093,0.0044052934679164046,0.0014734303564844383,-0.010558780126487078,-0.0058028155931087594,-0.0024659653434626742,-5.3016027661229625e-05,0.00019275278191792345,0.0029111452297400251,0.005759200832236272,0.0091066905748463968,0.013896808559112909,3.6697732516135799,2
distill:fred-econ,DGS10,TimesFM-zero-shot,16093,0.0044052934679164046,0.00068619399098679423,0.00073518254794180393,-0.011533348821103573,-0.0072725643403828144,-0.0042598508298397064,-0.0017280417960137129,0.0030989199876785278,0.005590374581515789,0.0085984533652663231,0.012848607264459133,3.3248224462615581,2
distill:fred-econ,DGS10,TimesFM-laplace-qd,16093,0.0044052934679164046,-1.1045136488974094e-05,0.00011272211850155145,-0.010625384747982025,-0.0068214400671422482,-0.0040519014000892639,-0.0016410797834396362,0.0017100437544286251,0.0040546725504100323,0.0068231318145990372,0.010552410036325455,3.4646765413988803,2
distill:fred-econ,DGS10,Laplace-q-fixed-bandwidth,16094,-0.022223136784710329,0.00070720086930765543,-0.011207718319851762,-0.0065471998356380831,-0.0032891834006319723,-0.00051923891154650331,3.8019250291800608e-05,0.0020833999741964732,0.0048570893625746875,0.008125623792452099,0.012819901846139199,1.1681821006436275,2
distill:fred-econ,DGS10,TimesFM-zero-shot,16094,-0.022223136784710329,0.00063053035410121083,0.00049712002510204911,-0.011596282012760639,-0.0072954343631863594,-0.004283316433429718,-0.0017796964384615421,0.003026485675945878,0.0055573694407939911,0.0086028464138507843,0.012885022908449173,-1.9535725611253774,2
distill:fred-econ,DGS10,TimesFM-laplace-qd,16094,-0.022223136784710329,0.00086084776557981968,0.00073541596066206694,-0.0095033086836338043,-0.0057774260640144348,-0.0029813605360686779,-0.00057632906828075647,0.0023116488009691238,0.0047588255256414413,0.0076100658625364304,0.011373945511877537,-5.7667456136227937,2
distill:fred-econ,DGS10,Laplace-q-fixed-bandwidth,16095,0.0067189502487450259,0.0023017843135536213,-0.010475155116127118,-0.0054244095650495452,-0.0018959500847486443,-1.3740756808866644e-05,0.0012104147723983965,0.0040607144208042907,0.0070555252359396099,0.010578580011933323,0.015612008820133156,3.4735029620295927,2
distill:fred-econ,DGS10,TimesFM-zero-shot,16095,0.0067189502487450259,-0.00049243925604969263,-0.00052707194117829204,-0.013075247406959534,-0.008636140264570713,-0.0055228043347597122,-0.0029509058222174644,0.0019807475619018078,0.0045376247726380825,0.0075755808502435684,0.011881938204169273,3.2303607063646838,2
distill:fred-econ,DGS10,TimesFM-laplace-qd,16095,0.0067189502487450259,-0.00072645442560315132,-0.00068921828642487526,-0.011762930080294609,-0.0077595044858753681,-0.0048049469478428364,-0.0022777160629630089,0.00086636870400980115,0.0033349143341183662,0.0061902757734060287,0.010011457838118076,3.2529558877998843,2
distill:fred-econ,DGS10,Laplace-q-fixed-bandwidth,16096,-0.002234637801416417,-0.00018897840559982537,-0.013037305035297351,-0.0080736016987252267,-0.0046160632771363279,-0.0016859505253517231,-8.6536087618526339e-06,0.0013366623233143345,0.0042648439554092091,0.007717065094643539,0.012663741687539726,3.8984368371087292,2
distill:fred-econ,DGS10,TimesFM-zero-shot,16096,-0.002234637801416417,0.00017055698845069855,4.8956480895867571e-05,-0.01220745500177145,-0.0078572100028395653,-0.0048158778809010983,-0.002276136539876461,0.0025942104402929544,0.0051481407135725021,0.0082328943535685539,0.012582241557538509,3.3110992043171938,2
distill:fred-econ,DGS10,TimesFM-laplace-qd,16096,-0.002234637801416417,5.3817002481082454e-05,-0.00010771123925223947,-0.01067806500941515,-0.0068175839260220528,-0.0039534675888717175,-0.0014840395888313651,0.0015551156830042601,0.0040529561229050159,0.0069836392067372799,0.010863728821277618,3.5736817427719134,2
distill:fred-econ,DGS10,Laplace-q-fixed-bandwidth,16097,-0.0089888245684330847,0.00064063247122759636,-0.012509671492748915,-0.0077643553628327106,-0.0045131944457056389,-0.0018158103365517003,0.00067082069102641808,0.0031568329845193459,0.0058520276326629195,0.0090978355810410923,0.013826518178401772,3.074774195762088,2
distill:fred-econ,DGS10,TimesFM-zero-shot,16097,-0.0089888245684330847,0.00048608012730255723,0.00050794455455616117,-0.011885304003953934,-0.0075507215224206448,-0.0044814115390181541,-0.0019317603437229991,0.0029004882089793682,0.0054167495109140873,0.0084558054804801941,0.012777880765497684,3.0218044705427962,2
distill:fred-econ,DGS10,TimesFM-laplace-qd,16097,-0.0089888245684330847,0.00044948159484192729,0.00046457539428956807,-0.010221212171018124,-0.0063869943842291832,-0.003498241538181901,-0.001035053632222116,0.0019121047807857394,0.0043344092555344105,0.0071823443286120892,0.010971345007419586,2.568777262962326,2
distill:fred-econ,DGS10,Laplace-q-fixed-bandwidth,16098,0.013453117697118655,0.001012966882164093,-0.01215128766418851,-0.0074066444335342835,-0.0041515106591203804,-0.001449028999402104,0.0010429922916260674,0.0035343986944080755,0.0062347077081199662,0.009484534929534081,0.014212706756999947,2.7388625013365786,2
distill:fred-econ,DGS10,TimesFM-zero-shot,16098,0.013453117697118655,0.00061868096236139536,0.00056560966186225414,-0.011465561576187611,-0.0072102518752217293,-0.004233943298459053,-0.0017523097340017557,0.0029933603946119547,0.0054754703305661678,0.0084645962342619896,0.012693659402430058,2.752355371611332,2
distill:fred-econ,DGS10,TimesFM-laplace-qd,16098,0.013453117697118655,0.0012180435005575418,0.0011155717074871063,-0.0092370649799704552,-0.0054488489404320717,-0.0026360736228525639,-0.00022230730974115431,0.0026805445086210966,0.0050801816396415234,0.0078903818503022194,0.011606632731854916,2.6546907087172666,2
distill:fred-econ,DGS10,Laplace-q-fixed-bandwidth,16099,-0.0067039357221903018,-0.00095445680166679925,-0.014292859160335394,-0.0094979979116161951,-0.006198680726307651,-0.0034554831890777757,-0.00092436674066048437,0.0016061340787530878,0.0043471564348760722,0.0076411712671525783,0.012419611605147566,3.4942160778248903,2
distill:fred-econ,DGS10,TimesFM-zero-shot,16099,-0.0067039357221903018,0.00013249073526822031,-3.1501716875936836e-05,-0.012122983112931252,-0.0078439768403768539,-0.0047963527031242847,-0.0022883829660713673,0.0025126766413450241,0.0050262799486517906,0.0080334842205047607,0.012352044694125652,3.756381715633208,2
distill:fred-econ,DGS10,TimesFM-laplace-qd,16099,-0.0067039357221903018,-0.0002409904554951936,-0.00042053393553942442,-0.010910803452134132,-0.007097544614225626,-0.004220297560095787,-0.0017780752386897802,0.0012138865422457457,0.0036682712379842997,0.0065172971226274967,0.010371856391429901,3.729167086917649,2
distill:fred-econ,DGS10,Laplace-q-fixed-bandwidth,16100,0.011148387482614375,0.0011202583664815765,-0.012039558284754611,-0.0073034724359921852,-0.0040488198468009327,-0.0013445428735427377,0.0011499795860023397,0.0036438979488228659,0.0063460366892527731,0.009595472970621674,0.014315388510204467,3.0376331520477069,2
distill:fred-econ,DGS10,TimesFM-zero-shot,16100,0.011148387482614375,0.00021518580615520477,0.00024315004702657461,-0.011896752752363682,-0.0076398015953600407,-0.0046684779226779938,-0.0021803248673677444,0.0026013923343271017,0.0050899083726108074,0.0081141004338860512,0.012375213205814362,2.9613066927264633,2
distill:fred-econ,DGS10,TimesFM-laplace-qd,16100,0.011148387482614375,0.00055267778225243092,0.0005617381539195776,-0.009921608492732048,-0.0061546461656689644,-0.0033465893939137459,-0.00092442566528916359,0.0020476835779845715,0.0044663441367447376,0.0073140412569046021,0.01109620463103056,2.8881155398562797,2
distill:fred-econ,DGS10,Laplace-q-fixed-bandwidth,16101,-0.0022197567383128725,-0.00073344114359663939,-0.013924472750452239,-0.0091835949444535707,-0.0059206780650855233,-0.0032074476532910762,-0.00070385293130918627,0.0017991420159565463,0.0045102489674201975,0.0077679907179681821,0.012492845269241756,3.7631806508990069,2
distill:fred-econ,DGS10,TimesFM-zero-shot,16101,-0.0022197567383128725,0.00061194581212475896,0.0005948671605437994,-0.011590089648962021,-0.0073114656843245029,-0.0042651528492569923,-0.0017913965275511146,0.0029746671207249165,0.0054881242103874683,0.0084652760997414589,0.012745016254484653,3.3607172274850923,2
distill:fred-econ,DGS10,TimesFM-laplace-qd,16101,-0.0022197567383128725,0.00071016978472471237,0.00068379478761926293,-0.0098329950124025345,-0.0060586375184357166,-0.0031838319264352322,-0.00078543543349951506,0.002152537927031517,0.004598772618919611,0.0073971995152533054,0.011197869665920734,3.6559798784291093,2
distill:fred-econ,DGS10,Laplace-q-fixed-bandwidth,16102,-0.020202707317519497,0.00086027411177925128,-0.012040905270544158,-0.007390916237228126,-0.0042008906872779096,-0.0015526020173158299,0.00088940772313633536,0.0033308306770107043,0.0059770433489675272,0.0091619952391533768,0.013796242039115902,1.5954378902351813,2
distill:fred-econ,DGS10,TimesFM-zero-shot,16102,-0.020202707317519497,0.00028072320856153965,0.00018497869314160198,-0.011917248368263245,-0.0076289456337690353,-0.0046246121637523174,-0.0021116952411830425,0.0026496127247810364,0.0051452871412038803,0.0081523023545742035,0.012408053502440453,-1.0717515129450224,2
distill:fred-econ,DGS10,TimesFM-laplace-qd,16102,-0.020202707317519497,0.00034686352591961622,0.00020545552251860499,-0.010232618078589439,-0.006409965455532074,-0.0035654155071824789,-0.0011154648382216692,0.0018146593356505036,0.0042353742755949497,0.0070729819126427174,0.010831858962774277,-3.6228609677352268,2
distill:fred-econ,DGS10,Laplace-q-fixed-bandwidth,16103,-0.002270148534539107,0.0023815917184502747,-0.011331744281515352,-0.0064138906157294832,-0.0030208227443059795,-0.00019594492246771862,0.0024119806609954508,0.005019292637271678,0.007842001785060445,0.011229790848709372,0.016131334809952456,3.5669698010907966,2
distill:fred-econ,DGS10,TimesFM-zero-shot,16103,-0.002270148534539107,0.00066798424813896418,0.00075716932769864798,-0.011835452169179916,-0.0074538644403219223,-0.0043317545205354691,-0.0017763498472049832,0.0031144982203841209,0.0056623141281306744,0.0086997849866747856,0.013051651418209076,3.3348619110150448,2
distill:fred-econ,DGS10,TimesFM-laplace-qd,16103,-0.002270148534539107,0.001350351027213037,0.001450413023121655,-0.0096142645925283432,-0.0056888731196522713,-0.0027021702844649553,-0.00018964601622428745,0.0028972697909921408,0.0053639421239495277,0.0082221683114767075,0.012084796093404293,3.6737440391527625,2
distill:fred-econ,DGS10,Laplace-q-fixed-bandwidth,16104,-0.0045558165358607905,0.00011800269650652761,-0.013369799240357926,-0.0085243241606162354,-0.0051877505225614512,-0.0024127668062446503,0.00014797848040028745,0.0027081216244860228,0.0054809774355545062,0.0088123634804662988,0.013641794820194689,3.5768393389436302,2
distill:fred-econ,DGS10,TimesFM-zero-shot,16104,-0.0045558165358607905,0.00027125264750793576,0.00025903503410518169,-0.011902119033038616,-0.0076219011098146439,-0.0046243383549153805,-0.0021197523456066847,0.0026537594385445118,0.0051587074995040894,0.0081865154206752777,0.012436249293386936,3.6353747799480023,2
distill:fred-econ,DGS10,TimesFM-laplace-qd,16104,-0.0045558165358607905,0.00050893827574327588,0.00043757708044722676,-0.010009144432842731,-0.0061931959353387356,-0.0033601806499063969,-0.00092816707910969853,0.0019891900010406971,0.004421792458742857,0.0072801560163497925,0.011032694950699806,3.833843274512275,2
distill:fred-econ,DGS10,Laplace-q-fixed-bandwidth,16105,0,0.00022740884042831138,-0.01303822186458747,-0.0082642638274579815,-0.0049833854183582854,-0.0022574518999623518,0.00025698068090175498,0.0027708223734346504,0.0054946667678143803,0.0087704496921834213,0.013528626189814156,3.7790433578246088,2
distill:fred-econ,DGS10,TimesFM-zero-shot,16105,0,-4.0733862988417968e-05,5.7145676692016423e-05,-0.012221219018101692,-0.0079497508704662323,-0.0049300752580165863,-0.0024093950632959604,0.002338476711884141,0.0047983517870306969,0.0077826492488384247,0.012002403847873211,3.3262039035659234,2
distill:fred-econ,DGS10,TimesFM-laplace-qd,16105,0,-0.00034919922472909093,-0.00027357687940821052,-0.010971012525260448,-0.0071418699808418751,-0.0042654196731746197,-0.0018133007688447833,0.0011263674823567271,0.0035165213048458099,0.0063342270441353321,0.010065291076898575,3.5756895712141961,2
distill:fred-econ,DGS10,Laplace-q-fixed-bandwidth,16106,0.013605652055778794,-0.00026019627642148214,-0.012566541266071447,-0.0077499705830763191,-0.0043988042430036451,-0.0015537834757176315,-1.1223500175906744e-05,0.0010369018159472735,0.0038802159217169903,0.0072265512025058527,0.012027527930996051,2.4094902484586989,2
distill:fred-econ,DGS10,TimesFM-zero-shot,16106,0.013605652055778794,0.00025827443460002542,0.00026466185227036476,-0.011884115636348724,-0.0076074674725532532,-0.0045893057249486446,-0.0021087913773953915,0.0026204953901469707,0.0051194983534514904,0.0081068538129329681,0.012352759018540382,2.6879709830904064,2
distill:fred-econ,DGS10,TimesFM-laplace-qd,16106,0.013605652055778794,-4.0184782847063616e-05,-2.671819856914226e-05,-0.010510534048080444,-0.0067150825634598732,-0.0038677402772009373,-0.0014685834757983685,0.0014020743547007442,0.0038238640408962965,0.0066391085274517536,0.010387162677943707,2.4377010968773063,2
distill:fred-econ,DGS10,Laplace-q-fixed-bandwidth,16107,0.0089686699827602467,-0.0013202960586518339,-0.014043746815498283,-0.0091451935438976242,-0.0057274556281158651,-0.0028252328042486742,-0.00010957963999619789,8.6974518880560939e-05,0.0028590883744833628,0.0062719576459699519,0.011154889194863449,2.791637060576428,2
distill:fred-econ,DGS10,TimesFM-zero-shot,16107,0.0089686699827602467,-0.00036440754774957895,-0.00040424885810352862,-0.012668298557400703,-0.0083419820293784142,-0.0052817966789007187,-0.0027601951733231544,0.0020302357152104378,0.0045342994853854179,0.0075470386072993279,0.011822032742202282,3.1036439689863045,2
distill:fred-econ,DGS10,TimesFM-laplace-qd,16107,0.0089686699827602467,-0.0010062269866466522,-0.0010587724391371012,-0.011509023606777191,-0.0077169891446828842,-0.0048636896535754204,-0.0024461015127599239,0.00041890665306709707,0.0028215001802891493,0.0056417221203446388,0.0093888714909553528,2.9557026258778247,2
distill:fred-econ,DGS10,Laplace-q-fixed-bandwidth,16108,0.0022296553272691533,-0.00041092069824012116,-0.01310840294758359,-0.0082074868329849587,-0.0047854581252583968,-0.0018811195516231897,-2.0633333273012012e-05,0.0010379649853568325,0.0039405526413727691,0.0073577388112266058,0.012243173871352197,3.9078154514956767,2
distill:fred-econ,DGS10,TimesFM-zero-shot,16108,0.0022296553272691533,-3.3801057725213468e-05,-8.1299207522533834e-05,-0.012230384163558483,-0.0079229902476072311,-0.0049258586950600147,-0.0024136770516633987,0.002344758715480566,0.0048305601812899113,0.0078530134633183479,0.012110395357012749,3.334937529995698,2
distill:fred-econ,DGS10,TimesFM-laplace-qd,16108,0.0022296553272691533,-0.00017714541172608733,-0.00026675499975681305,-0.010652966797351837,-0.0068387868814170361,-0.0040171104483306408,-0.0015956769930198789,0.0012932963436469436,0.0037006926722824574,0.0065511185675859451,0.010315980762243271,3.5587540849998822,2
distill:fred-econ,DGS10,Laplace-q-fixed-bandwidth,16109,-0.0022296553272691533,0.00030522123082585008,-0.012087676055254785,-0.0072851944096226865,-0.0039441445919563608,-0.0011155693240583507,1.8946256676032172e-05,0.0018485225029177686,0.004675366068443574,0.0080116610815342895,0.012798939849942154,3.9167389416089859,2
distill:fred-econ,DGS10,TimesFM-zero-shot,16109,-0.0022296553272691533,0.00015027570771053433,0.00012902765593025833,-0.011954175308346748,-0.0076927691698074341,-0.0046737901866436005,-0.0022040691692382097,0.0025004544295370579,0.0049706199206411839,0.0079318415373563766,0.012163425795733929,3.3464141771137013,2
distill:fred-econ,DGS10,TimesFM-laplace-qd,16109,-0.0022296553272691533,0.00014564154844265431,0.00012962571054231375,-0.010251267813146114,-0.0064840679988265038,-0.0036499393172562122,-0.0012719149235635996,0.0015783931594341993,0.0039608548395335674,0.0067435353994369507,0.010481509380042553,3.6362115040170111,2
distill:fred-econ,DGS10,Laplace-q-fixed-bandwidth,16110,0.015504186535965303,0.0006431213712808281,-0.012085977987807622,-0.007489311870999534,-0.0043426825000525892,-0.0017334209152748211,0.0006714613565769374,0.0030757913643748615,0.0056830977322817342,0.0088249439852769555,0.013406757825313247,2.407676583001356,2
distill:fred-econ,DGS10,TimesFM-zero-shot,16110,0.015504186535965303,0.00023815056192688644,0.0002541994908824563,-0.011918713338673115,-0.0076287910342216492,-0.0046156374737620354,-0.0021319193765521049,0.002598899882286787,0.005082243587821722,0.0080598611384630203,0.012258424423635006,2.4309319261656204,2
distill:fred-econ,DGS10,TimesFM-laplace-qd,16110,0.015504186535965303,0.0004702777077909559,0.00046791008207947016,-0.0099122263491153717,-0.0061455154791474342,-0.0033274651505053043,-0.00093979656230658293,0.0018998312298208475,0.0042827446013689041,0.0070742019452154636,0.010765166021883488,2.1954482035956993,2
distill:fred-econ,DGS10,Laplace-q-fixed-bandwidth,16111,0.0021953905634355397,-0.00062859391126564876,-0.013712405160567119,-0.0090056366487532465,-0.0057695344043523404,-0.0030804616566051327,-0.00059991491327814062,0.0018800711483493808,0.0045671635122048792,0.0077984355966332995,0.012490261544591413,3.7223647196844176,2
distill:fred-econ,DGS10,TimesFM-zero-shot,16111,0.0021953905634355397,6.4224252128042281e-05,-3.8398662582039833e-05,-0.012171613983809948,-0.0078613562509417534,-0.0047974931076169014,-0.0023236023262143135,0.0024261744692921638,0.0049442416056990623,0.0079267583787441254,0.012181841768324375,3.3380264298491555,2
distill:fred-econ,DGS10,TimesFM-laplace-qd,16111,0.0021953905634355397,2.38799984799698e-05,-6.5708154579624534e-05,-0.010447303764522076,-0.0066673588007688522,-0.0038018480408936739,-0.0014279808383435011,0.0014457602519541979,0.0038658773992210627,0.0066599240526556969,0.010419256985187531,3.5702996594374441,2
distill:fred-econ,DGS10,Laplace-q-fixed-bandwidth,16112,-0.0043956114730381302,0.00073019284470208189,-0.012083677840640071,-0.0074622822844351375,-0.0042940728108745232,-0.0016651731572577501,0.00075844609932159942,0.003181518536588655,0.0058084803917891042,0.0089719551519607758,0.013578670344615308,3.571403141462552,2
distill:fred-econ,DGS10,TimesFM-zero-shot,16112,-0.0043956114730381302,0.00051186454948037863,0.00042340782238170505,-0.01167638972401619,-0.0073905508033931255,-0.0043932637199759483,-0.0018782189581543207,0.0028924711514264345,0.0053751715458929539,0.0084118414670228958,0.012691923417150974,3.640617122704203,2
distill:fred-econ,DGS10,TimesFM-laplace-qd,16112,-0.0043956114730381302,0.00080846052151173353,0.00069395534228533506,-0.0096132848411798477,-0.0058407722972333431,-0.0030444234143942595,-0.00063119386322796345,0.0022413944825530052,0.0046192831359803677,0.0074674440547823906,0.011229581199586391,3.8459924650277486,2
distill:fred-econ,DGS10,Laplace-q-fixed-bandwidth,16113,0.0043956114730381302,0.0011766577251750652,-0.011442847307945068,-0.0068851197266029205,-0.0037656582992596018,-0.0011792061191444321,0.001204549206000282,0.0035877679201173763,0.0061723195537028534,0.0092871295658968692,0.013830415824089105,3.7328072619112573,2
distill:fred-econ,DGS10,TimesFM-zero-shot,16113,0.0043956114730381302,0.00059006479568779469,0.00061046238988637924,-0.011611142195761204,-0.0073244757950305939,-0.0042832712642848492,-0.0017891431925818324,0.0029857838526368141,0.0054888734593987465,0.008493092842400074,0.012790417298674583,3.3273925203095809,2
distill:fred-econ,DGS10,TimesFM-laplace-qd,16113,0.0043956114730381302,0.0011340598575770855,0.0011502442648634315,-0.0092037096619606018,-0.005488094873726368,-0.002672914881259203,-0.0003120219917036593,0.0025807186029851437,0.0049464153125882149,0.0077262241393327713,0.011496639810502529,3.5391541299500715,2
distill:fred-econ,DGS10,Laplace-q-fixed-bandwidth,16114,0.013072081567352845,0.00046220001456227176,-0.011899593261964391,-0.0074243676031156176,-0.0043698069307018406,-0.0018403655586420884,0.00048968873172079296,0.0028192184059983084,0.0053468013530500336,0.0083968059053927766,0.012857845528839479,2.6737786526987706,2
distill:fred-econ,DGS10,TimesFM-zero-shot,16114,0.013072081567352845,0.00017632637172937393,0.00011611617810558528,-0.011963104829192162,-0.0077064912766218185,-0.0046784807927906513,-0.0022000984754413366,0.0025390922091901302,0.005029591266065836,0.0080115552991628647,0.012248440645635128,2.7433199373651682,2
distill:fred-econ,DGS10,TimesFM-laplace-qd,16114,0.013072081567352845,0.0001847290841396898,0.00010136014316231012,-0.010101220570504665,-0.0063868877477943897,-0.0035835595335811377,-0.0012306735152378678,0.0016175425844267011,0.0039883442223072052,0.0067658345215022564,0.010470572859048843,2.5387064012826777,2
distill:fred-econ,DGS10,Laplace-q-fixed-bandwidth,16115,-0.0086957069675539511,0.00011038120166126834,-0.012477521054418236,-0.0079344970776982805,-0.0048225094987463793,-0.0022412943084899779,0.00013798788276170784,0.0025167424590795094,0.0050960889395868002,0.0082035073849752449,0.012732359283415356,3.1702281101285448,2
distill:fred-econ,DGS10,TimesFM-zero-shot,16115,-0.0086957069675539511,0.0004085650434717536,0.00033622744376771152,-0.011909268796443939,-0.0075765922665596008,-0.0045096129179000854,-0.0019891823176294565,0.0028083038050681353,0.0053102266974747181,0.0083297565579414368,0.012632161378860474,3.1844357987028218,2
distill:fred-econ,DGS10,TimesFM-laplace-qd,16115,-0.0086957069675539511,0.00056702992878854275,0.00047611625632271171,-0.0099529577419161797,-0.0061582638882100582,-0.0032955941278487444,-0.00087813066784292459,0.0020185806788504124,0.0044083092361688614,0.0072300476022064686,0.011020909063518047,2.6365731637840821,2
distill:fred-econ,DGS10,Laplace-q-fixed-bandwidth,16116,-0.0065717651632344332,0.0017988269486649468,-0.010778220159968488,-0.006243335958289976,-0.0031336273486957584,-0.00055299317485515065,0.0018262513030318532,0.0042049728662998057,0.0067837562749156876,0.0098889419668273786,0.014409812644259865,3.2247565916239131,2
distill:fred-econ,DGS10,TimesFM-zero-shot,16116,-0.0065717651632344332,0.00087741273455321789,0.00076084374450147152,-0.011368096806108952,-0.00703019043430686,-0.0040023610927164555,-0.0015106361825019121,0.003250212175771594,0.0057522044517099857,0.0087834708392620087,0.013015132397413254,3.6767887985115872,2
distill:fred-econ,DGS10,TimesFM-laplace-qd,16116,-0.0065717651632344332,0.0014611060032621026,0.0013481671921908855,-0.0090595399960875511,-0.0052325236611068249,-0.0023841769434511662,2.5215646019205451e-05,0.0029263130854815245,0.0053367684595286846,0.0081860655918717384,0.011939366348087788,3.2202206927284247,2
distill:fred-econ,DGS10,Laplace-q-fixed-bandwidth,16117,0.0043859719432541855,0.0013143098521003975,-0.011228755092380369,-0.006709112061677255,-0.0036075366043846003,-0.0010327159683794409,0.0013415288177494999,0.0037152562677386751,0.0062882460142344668,0.0093853499999317653,0.013891146818866921,3.7452885633824549,2
distill:fred-econ,DGS10,TimesFM-zero-shot,16117,0.0043859719432541855,0.00045810488518327475,0.00043917982839047909,-0.011650934815406799,-0.0073961894959211349,-0.0043737194500863552,-0.0019177058711647987,0.0028105482924729586,0.0053061204962432384,0.0082864938303828239,0.012521643191576004,3.3343336566051311,2
distill:fred-econ,DGS10,TimesFM-laplace-qd,16117,0.0043859719432541855,0.00068360823206603527,0.0006634046440012753,-0.0096301250159740448,-0.0059100314974784851,-0.0030915883835405111,-0.00073567486833781004,0.0020905865821987391,0.0044806264340877533,0.0072722653858363628,0.010998480021953583,3.5229081591987503,2
distill:fred-econ,DGS10,Laplace-q-fixed-bandwidth,16118,-0.0043859719432541855,0.00040581190384316818,-0.011882165464839476,-0.0074437686791224058,-0.0044063916641373917,-0.0018881839742224411,0.00043263359153731086,0.0027529454148590158,0.0052693628914847433,0.0083023594873074917,0.012727155249684985,3.6251264261465734,2
distill:fred-econ,DGS10,TimesFM-zero-shot,16118,-0.0043859719432541855,0.00043423293391242623,0.00035851530265063047,-0.011752813123166561,-0.0074625206179916859,-0.0044492031447589397,-0.0019537245389074087,0.0028098269831389189,0.0053208097815513611,0.0083383657038211823,0.012602034956216812,3.6278131694595039,2
distill:fred-econ,DGS10,TimesFM-laplace-qd,16118,-0.0043859719432541855,0.0005383283132687211,0.00042937384569086134,-0.0098518738523125648,-0.0060919774696230888,-0.0032822918146848679,-0.00088372355094179511,0.00198702747002244,0.0043990653939545155,0.0072319032624363899,0.011001515202224255,3.8406976301195117,2
distill:fred-econ,DGS10,Laplace-q-fixed-bandwidth,16119,0.010929070532190055,0.0010837738134398037,-0.011009453057364105,-0.0066349254817128648,-0.0036464431888160748,-0.0011707197476823615,0.0011102471193975626,0.0033907192034224589,0.0058646876932168272,0.0088488697892188869,0.013210024069550984,3.0333254875242184,2
distill:fred-econ,DGS10,TimesFM-zero-shot,16119,0.010929070532190055,0.00031580374343320727,0.00028961789212189615,-0.011739474721252918,-0.0074935322627425194,-0.0044889613054692745,-0.0020405000541359186,0.0026569981127977371,0.0051221414469182491,0.0080610597506165504,0.012236924842000008,2.9946700519129856,2
distill:fred-econ,DGS10,TimesFM-laplace-qd,16119,0.010929070532190055,0.00040421175071969628,0.00038855688762851059,-0.0099029084667563438,-0.0061790160834789276,-0.003375915577635169,-0.001028318190947175,0.0017942865379154682,0.0041482076048851013,0.006890956312417984,0.010547248646616936,2.8762367285145398,2
distill:fred-econ,DGS10,Laplace-q-fixed-bandwidth,16120,0.0065005646030935615,-0.00012348702453873159,-0.012281913438994554,-0.0078914303676293172,-0.0048860043505959674,-0.0023939547992312309,-9.7107611363944418e-05,0.0021992458785645031,0.00468954928629763,0.0076907020860331708,0.012067924703773877,3.4450041118650576,2
distill:fred-econ,DGS10,TimesFM-zero-shot,16120,0.0065005646030935615,0.00064887996995821595,0.0005733996513299644,-0.011329802684485912,-0.0071186148561537266,-0.0041728252544999123,-0.001702713780105114,0.0029953836929053068,0.0054593104869127274,0.008456135168671608,0.012678510509431362,3.2980024760958981,2
distill:fred-econ,DGS10,TimesFM-laplace-qd,16120,0.0065005646030935615,0.00074659474194049835,0.00064763380214571953,-0.0094059165567159653,-0.0057340376079082489,-0.0029987830203026533,-0.0006461511948145926,0.0021595095749944448,0.004507698118686676,0.0072930408641695976,0.010983559302985668,3.3986808055643318,2
distill:fred-econ,DGS10,Laplace-q-fixed-bandwidth,16121,0.0086022035826631704,0.00056483256166274933,-0.011480880272767009,-0.0071295845885104812,-0.0041522214159838353,-0.0016838942114065036,0.00059093386847885987,0.0028652771661625632,0.0053318850850247049,0.0083050396716006607,0.012643269348121978,3.272580291432388,2
distill:fred-econ,DGS10,TimesFM-zero-shot,16121,0.0086022035826631704,0.00045320668141357601,0.00033105307375080884,-0.01155721303075552,-0.0073233898729085922,-0.0043516848236322403,-0.0018956693820655346,0.0027727365959435701,0.0052048154175281525,0.0081396540626883507,0.012289531528949738,3.198977266437129,2
distill:fred-econ,DGS10,TimesFM-laplace-qd,16121,0.0086022035826631704,0.00047706402256153524,0.00035518611548468471,-0.009751063771545887,-0.0060437670908868313,-0.003278220072388649,-0.00093504163669422269,0.0018598637543618679,0.0041885422542691231,0.0069216098636388779,0.010552827268838882,3.1771618393694769,2
distill:fred-econ,DGS10,Laplace-q-fixed-bandwidth,16122,0.008528836347520441,0.00068124908985639217,-0.011328364699317863,-0.0069927993344609477,-0.0040240967885157956,-0.001562129931245691,0.00070714779188659534,0.0029759456170881391,0.0054362126017112929,0.0084007550956877244,0.012723415476962081,3.2971499845271679,2
distill:fred-econ,DGS10,TimesFM-zero-shot,16122,0.008528836347520441,0.00055129028623923659,0.00037940841866657138,-0.011565417051315308,-0.0072915907949209213,-0.0042928732000291348,-0.0018226824468001723,0.002876663114875555,0.0053457384929060936,0.0083279069513082504,0.012520027346909046,3.2025300448640341,2
distill:fred-econ,DGS10,TimesFM-laplace-qd,16122,0.008528836347520441,0.00078951200703158975,0.00058327877195551991,-0.0095570599660277367,-0.0058028101921081543,-0.0030035651288926601,-0.0006388183101080358,0.0021827819291502237,0.004546821117401123,0.0073279235512018204,0.010988599620759487,3.2181653711823994,2
distill:m4-hourly,H16,Laplace-q-fixed-bandwidth,635,0.04180336980436028,0.0088752437384538099,-0.0079773711607016851,-0.00084774057383429978,0.0033676654121954008,0.0064504430495110317,0.0091256116006263148,0.011782888294868125,0.014798531639958576,0.018839553015564007,0.025507361735815932,0.69577774428689732,2
distill:m4-hourly,H16,TimesFM-zero-shot,635,0.04180336980436028,0.023789374157786369,0.024471389129757881,0.0022036256268620491,0.010820805095136166,0.016027957201004028,0.019661048427224159,0.02782861515879631,0.031793851405382156,0.037366822361946106,0.045311596244573593,2.4021467300537847,2
distill:m4-hourly,H16,TimesFM-laplace-qd,635,0.04180336980436028,0.014936705119907856,0.016493545845150948,-0.0062283631414175034,0.0014945567818358541,0.0070176888257265091,0.011752686463296413,0.015627484768629074,0.020401520654559135,0.025929315015673637,0.033324588090181351,1.5513231744880847,2
distill:m4-hourly,H16,Laplace-q-fixed-bandwidth,636,0.029250698616902326,-0.015055126019427732,-0.033799439875888293,-0.026168112926140033,-0.021438940760505662,-0.017918892125328392,-0.014856202298565362,-0.011810127260143688,-0.0083508893435296945,-0.0037685603806850792,0.0034875384603549405,-0.34363092285343583,2
distill:m4-hourly,H16,TimesFM-zero-shot,636,0.029250698616902326,0.0268377885222435,0.026810020208358765,0.0056390031240880489,0.013722904026508331,0.01922990009188652,0.022800933569669724,0.031037729233503342,0.034640725702047348,0.039644598960876465,0.048012308776378632,2.859135484137576,2
distill:m4-hourly,H16,TimesFM-laplace-qd,636,0.029250698616902326,-0.005818511825054884,-0.0035944720730185509,-0.028475798666477203,-0.020795222371816635,-0.014440900646150112,-0.0093306098133325577,-0.0050797360017895699,-5.5183190852403641e-06,0.0057387794367969036,0.014536644332110882,0.99804408688274637,2
distill:m4-hourly,H16,Laplace-q-fixed-bandwidth,637,0.080195624563504708,0.044256023017511588,0.022693672532143973,0.031175728219704463,0.036624819975243784,0.040770633085470499,0.044400452104998468,0.048015603792992988,0.052109275962409496,0.057439775654414604,0.065615224684778151,0.98837435841739363,2
distill:m4-hourly,H16,TimesFM-zero-shot,637,0.080195624563504708,0.063840329647064209,0.063579723238945007,0.041562497615814209,0.050056044012308121,0.055986825376749039,0.059605859220027924,0.068085424602031708,0.071807697415351868,0.076924994587898254,0.085631929337978363,2.4740138730828489,2
distill:m4-hourly,H16,TimesFM-laplace-qd,637,0.080195624563504708,0.05581214651465416,0.057265441864728928,0.031143829226493835,0.040012937039136887,0.046749595552682877,0.052242256700992584,0.057569358497858047,0.06293042004108429,0.069096870720386505,0.078485891222953796,1.8575769837200995,2
distill:m4-hourly,H16,Laplace-q-fixed-bandwidth,638,0.098640740751489098,0.08212072036560851,0.058928390818261497,0.067839286178229735,0.073703351962515151,0.078255254857162559,0.082269388930378329,0.086268008996988027,0.090766161259486666,0.096512247613383173,0.10510967229735244,2.5069986530723605,2
distill:m4-hourly,H16,TimesFM-zero-shot,638,0.098640740751489098,0.085435561835765839,0.085194222629070282,0.063946865499019623,0.072287283837795258,0.077893927693367004,0.08144591748714447,0.089623294770717621,0.093284361064434052,0.098282217979431152,0.10674932599067688,2.6454260374742677,2
distill:m4-hourly,H16,TimesFM-laplace-qd,638,0.098640740751489098,0.080862045288085938,0.081751622259616852,0.058824006468057632,0.06718108057975769,0.073203399777412415,0.078250579535961151,0.083031833171844482,0.088182605803012848,0.094284661114215851,0.10351666808128357,2.2581717980949598,2
distill:m4-hourly,H16,Laplace-q-fixed-bandwidth,639,0.076776300695921229,0.089435731768692031,0.06616855997785466,0.075049824366382592,0.080930348004471894,0.085522836312415099,0.089583169046238906,0.093628077812025548,0.098167504583250451,0.1039323609745909,0.11250303538704899,2.7526997373777413,2
distill:m4-hourly,H16,TimesFM-zero-shot,639,0.076776300695921229,0.082438267767429352,0.081316277384757996,0.06103135272860527,0.069241024553775787,0.074661858379840851,0.078395947813987732,0.086792357265949249,0.090097755193710327,0.095293678343296051,0.10390759259462357,2.9276206382747665,2
distill:m4-hourly,H16,TimesFM-laplace-qd,639,0.076776300695921229,0.081880435347557068,0.08139532059431076,0.060453072190284729,0.068653620779514313,0.074543796479701996,0.079771742224693298,0.083761319518089294,0.088573232293128967,0.094600789248943329,0.10312839597463608,3.0183044134978312,2
distill:m4-hourly,H16,Laplace-q-fixed-bandwidth,640,0.063383119507014918,0.071372769461221786,0.048236707065652758,0.057055657697439373,0.062902407691093593,0.067474525653475725,0.071519219255305494,0.075548601891796324,0.080068124155337206,0.085800358456896902,0.094311126199469575,3.0482039944690609,2
distill:m4-hourly,H16,TimesFM-zero-shot,640,0.063383119507014918,0.064982518553733826,0.06460157036781311,0.044532589614391327,0.052778091281652451,0.058119494467973709,0.061323214322328568,0.06877465546131134,0.072129778563976288,0.076795279979705811,0.084440097212791443,2.9625534874658697,2
distill:m4-hourly,H16,TimesFM-laplace-qd,640,0.063383119507014918,0.075368665158748627,0.075703494250774384,0.055864531546831131,0.063687048852443695,0.069238454103469849,0.073845870792865753,0.077006325125694275,0.08140970766544342,0.086718834936618805,0.094140574336051941,2.9514771429602913,2
distill:m4-hourly,H16,Laplace-q-fixed-bandwidth,641,0.056877385273552683,0.065989944896729325,0.043235068711600239,0.051963988336182931,0.057717229850770407,0.062189627349516954,0.06613612501418327,0.070067403768366274,0.074487157509880955,0.080125030703694311,0.088546848734628397,2.9929997431702278,2
distill:m4-hourly,H16,TimesFM-zero-shot,641,0.056877385273552683,0.062914788722991943,0.061890400946140289,0.041686519980430603,0.050374004989862442,0.055687062442302704,0.059011951088905334,0.066644661128520966,0.070217333734035492,0.075374677777290344,0.083019986748695374,3.013218106506534,2
distill:m4-hourly,H16,TimesFM-laplace-qd,641,0.056877385273552683,0.069141186773777008,0.067597471177577972,0.050461228936910629,0.05829949676990509,0.063584446907043457,0.068277478218078613,0.071598313748836517,0.076183699071407318,0.081680580973625183,0.089260444045066833,2.8176561153547888,2
distill:m4-hourly,H16,Laplace-q-fixed-bandwidth,642,0.057044641725371825,0.068578454859260174,0.046141217970795484,0.054786436733143568,0.060460521381093896,0.06485373696167232,0.068724136629554455,0.072579437024455296,0.076920164224734106,0.082478595477205291,0.090818079502064775,2.8338884418760917,2
distill:m4-hourly,H16,TimesFM-zero-shot,642,0.057044641725371825,0.059436354786157608,0.059860646724700928,0.038984023034572601,0.047090757638216019,0.052189528942108154,0.055640965700149536,0.063194051384925842,0.066713958978652954,0.071668028831481934,0.079200044274330139,2.927184926108076,2
distill:m4-hourly,H16,TimesFM-laplace-qd,642,0.057044641725371825,0.064791806042194366,0.064889945089817047,0.045958679169416428,0.053992047905921936,0.059581324458122253,0.064331449568271637,0.067869484424591064,0.072644807398319244,0.078139640390872955,0.08592098206281662,3.0874488245650498,2
distill:m4-hourly,H16,Laplace-q-fixed-bandwidth,643,0.046607931587298701,0.049164078560385613,0.026894271467365075,0.03547232525239101,0.041104067743539537,0.045465745282785373,0.049308842899314219,0.053136950381301319,0.057446533631080293,0.062963522610771955,0.071238135827214361,3.2996073514597111,2
distill:m4-hourly,H16,TimesFM-zero-shot,643,0.046607931587298701,0.046900268644094467,0.047467976808547974,0.026887960731983185,0.034819405525922775,0.039815567433834076,0.043068792670965195,0.050783671438694,0.054427903145551682,0.059451587498188019,0.067284487187862396,2.9054510015897135,2
distill:m4-hourly,H16,TimesFM-laplace-qd,643,0.046607931587298701,0.051553208380937576,0.051450256258249283,0.033169753849506378,0.040828041732311249,0.046293441206216812,0.051053918898105621,0.054522629827260971,0.059585779905319214,0.065378181636333466,0.073142103850841522,3.1058451419661077,2
distill:m4-hourly,H16,Laplace-q-fixed-bandwidth,644,0.024917727962949776,0.03671256425988461,0.015041373685151571,0.023518615054691806,0.028998048052100274,0.033185849714415183,0.036857977689018578,0.04051532757599334,0.044650889058697366,0.050012586972918882,0.058184378840306292,2.8120385181953891,2
distill:m4-hourly,H16,TimesFM-zero-shot,644,0.024917727962949776,0.039155498147010803,0.039881125092506409,0.02011004276573658,0.027504345402121544,0.032426889985799789,0.035481002181768417,0.042988650500774384,0.046634651720523834,0.051565352827310562,0.059750504791736603,2.6259323021412078,2
distill:m4-hourly,H16,TimesFM-laplace-qd,644,0.024917727962949776,0.040258433669805527,0.040010347962379456,0.021384123712778091,0.029091650620102882,0.0348476842045784,0.039504043757915497,0.043636150658130646,0.048768326640129089,0.054569780826568604,0.062734402716159821,2.3553841398077022,2
distill:m4-hourly,H16,Laplace-q-fixed-bandwidth,645,0.011933315835013225,0.027981025562126709,0.006431125241896922,0.014846169562354208,0.020295451407650305,0.024466292163166422,0.028125400461642348,0.031769815870762649,0.035888823512159579,0.041221604751460778,0.049333915923945044,2.4664529528863275,2
distill:m4-hourly,H16,TimesFM-zero-shot,645,0.011933315835013225,0.022429745644330978,0.023270430043339729,0.0038923991378396749,0.011155371554195881,0.015894502401351929,0.018891820684075356,0.026229312643408775,0.029663382098078728,0.034649830311536789,0.042403277009725571,3.2730876917451353,2
distill:m4-hourly,H16,TimesFM-laplace-qd,645,0.011933315835013225,0.032179322093725204,0.031396511942148209,0.014612030237913132,0.022149156779050827,0.02757587842643261,0.032062515616416931,0.035469885915517807,0.040441129356622696,0.046248879283666611,0.053948502987623215,0.95063046232403514,2
distill:m4-hourly,H16,Laplace-q-fixed-bandwidth,646,-0.019162262978164257,0.0083467150515484125,-0.013369127304318908,-0.0049696572027066645,0.00052273884926249531,0.0047608336592975271,0.0084898029644690474,0.012204061114296692,0.016390791187892134,0.021769389058212858,0.029869889952860398,1.6298765240095481,2
distill:m4-hourly,H16,TimesFM-zero-shot,646,-0.019162262978164257,-0.00083373044617474079,-0.00048682978376746178,-0.0198966134339571,-0.012334655039012432,-0.0075566926971077919,-0.0046905679628252983,0.0025616318453103304,0.0061573004350066185,0.010883827693760395,0.018252836540341377,1.4694513171858701,2
distill:m4-hourly,H16,TimesFM-laplace-qd,646,-0.019162262978164257,0.0065458081662654877,0.0055818129330873489,-0.010154170915484428,-0.002955645089969039,0.0019277918618172407,0.0058857602998614311,0.0091121448203921318,0.014184108003973961,0.019733205437660217,0.027130525559186935,-1.0380508356121383,2
distill:m4-hourly,H16,Laplace-q-fixed-bandwidth,647,-0.019536640908278002,-0.010880915475163754,-0.033529209539911398,-0.024925699880943446,-0.019203167048530714,-0.014713917058082808,-0.010736761801974328,-0.0067745763684556384,-0.002336580506391473,0.0032746461805101008,0.011577340488082987,3.0214108616947675,2
distill:m4-hourly,H16,TimesFM-zero-shot,647,-0.019536640908278002,-0.02441883273422718,-0.024689657613635063,-0.044730976223945618,-0.036752503365278244,-0.031751658767461777,-0.028348471969366074,-0.020767414942383766,-0.017196301370859146,-0.01228471752256155,-0.0044525936245918274,2.8928116142835867,2
distill:m4-hourly,H16,TimesFM-laplace-qd,647,-0.019536640908278002,-0.013192238286137581,-0.014491626061499119,-0.033250045031309128,-0.025196583941578865,-0.019410831853747368,-0.014497284777462482,-0.0099883945658802986,-0.0049446383491158485,0.00096962339011952281,0.0095184957608580589,3.0172361534025898,2
distill:m4-hourly,H16,Laplace-q-fixed-bandwidth,648,-0.037052904253881636,-0.033172702544843252,-0.055493941590612689,-0.046974542424401522,-0.041331994028883143,-0.036925281294121634,-0.033028979998653618,-0.029147567740325151,-0.024792091384352778,-0.019261273625192487,-0.011041234410374003,3.2538399538044747,2
distill:m4-hourly,H16,TimesFM-zero-shot,648,-0.037052904253881636,-0.043051563203334808,-0.043363705277442932,-0.063809841871261597,-0.05556115135550499,-0.050326328724622726,-0.046925850212574005,-0.039461001753807068,-0.036180395632982254,-0.031390424817800522,-0.023854602128267288,2.9228353910698766,2
distill:m4-hourly,H16,TimesFM-laplace-qd,648,-0.037052904253881636,-0.040156781673431396,-0.041465248912572861,-0.060170348733663559,-0.051888827234506607,-0.045976944267749786,-0.041201259940862656,-0.036712199449539185,-0.031420890241861343,-0.025073409080505371,-0.016192663460969925,2.9351759295551272,2
distill:m4-hourly,H16,Laplace-q-fixed-bandwidth,649,-0.070227524226272209,-0.038834628515680147,-0.060621229817112661,-0.052199459304207836,-0.046688700279878668,-0.042434392970560043,-0.038690476543463283,-0.034961343674106311,-0.030758627145480999,-0.025362076682284879,-0.017240324911350566,1.3621271188943722,2
distill:m4-hourly,H16,TimesFM-zero-shot,649,-0.070227524226272209,-0.045764349400997162,-0.04642622172832489,-0.065660856664180756,-0.058049604296684265,-0.053009968250989914,-0.0496537946164608,-0.042390745133161545,-0.039375409483909607,-0.034602053463459015,-0.026709405705332756,0.19643342560604882,2
distill:m4-hourly,H16,TimesFM-laplace-qd,649,-0.070227524226272209,-0.043298728764057159,-0.04355347529053688,-0.062081340700387955,-0.054654061794281006,-0.049071535468101501,-0.044707518070936203,-0.040835026651620865,-0.035865269601345062,-0.03014998696744442,-0.021460419520735741,-0.74231487560204235,2
distill:m4-hourly,H16,Laplace-q-fixed-bandwidth,650,-0.018006026638754058,-0.0064196119547015838,-0.029435900599265964,-0.020708112159121161,-0.014893133547200543,-0.01032388947861039,-0.0062728654147236381,-0.0022370385638185333,0.002280266630472092,0.007982608412295358,0.016405284887425937,2.8304310913113673,2
distill:m4-hourly,H16,TimesFM-zero-shot,650,-0.018006026638754058,-0.022069327533245087,-0.021999292075634003,-0.044490505009889603,-0.035725068300962448,-0.030557043850421906,-0.026457119733095169,-0.01813080906867981,-0.014685214497148991,-0.0091604404151439667,-0.00074904924258589745,2.8251987624929265,2
distill:m4-hourly,H16,TimesFM-laplace-qd,650,-0.018006026638754058,-0.0033886986784636974,-0.0037727528251707554,-0.027452919632196426,-0.017884992063045502,-0.011488718912005424,-0.0059001552872359753,-0.00043096649460494518,0.0047464403323829174,0.011171014979481697,0.01982363685965538,2.8085408184898446,2
distill:m4-hourly,H16,Laplace-q-fixed-bandwidth,651,-0.032673360935011608,-0.037790459149399783,-0.060623961303192017,-0.051964236118476059,-0.046195246085671132,-0.041662772916528992,-0.037644570952068843,-0.033641459072638893,-0.029160571365321745,-0.023503471279420929,-0.015146683856111797,3.2070861692588366,2
distill:m4-hourly,H16,TimesFM-zero-shot,651,-0.032673360935011608,-0.045970343053340912,-0.045843526721000671,-0.065526798367500305,-0.057576794177293777,-0.052995048463344574,-0.049791149795055389,-0.042584884911775589,-0.039655432105064392,-0.035024214535951614,-0.027684809640049934,2.6515713071853582,2
distill:m4-hourly,H16,TimesFM-laplace-qd,651,-0.032673360935011608,-0.039326600730419159,-0.03976856917142868,-0.05871867761015892,-0.05087507888674736,-0.045662529766559601,-0.041372958570718765,-0.038052048534154892,-0.033181551843881607,-0.027789229527115822,-0.020149737596511841,2.9206174780086442,2
distill:m4-hourly,H16,Laplace-q-fixed-bandwidth,652,-0.074163513823874538,-0.076005282457377921,-0.098329736987232894,-0.089768187799181845,-0.084122260781922448,-0.079732763054623318,-0.075859092594508279,-0.072000467144397187,-0.067663020840246127,-0.062131175707074437,-0.053872500467999365,3.3153126949446223,2
distill:m4-hourly,H16,TimesFM-zero-shot,652,-0.074163513823874538,-0.088949032127857208,-0.089529857039451599,-0.10873208194971085,-0.10101771354675293,-0.096360154449939728,-0.092927888035774231,-0.085536330938339233,-0.082453653216362,-0.077618569135665894,-0.069692827761173248,2.5308049267992558,2
distill:m4-hourly,H16,TimesFM-laplace-qd,652,-0.074163513823874538,-0.08661574125289917,-0.087960682809352875,-0.10672105848789215,-0.098742976784706116,-0.093421533703804016,-0.088857129216194153,-0.08544834703207016,-0.080435179173946381,-0.074754796922206879,-0.066672757267951965,2.551238157747894,2
distill:m4-hourly,H16,Laplace-q-fixed-bandwidth,653,-0.10916938452850555,-0.097600173778621332,-0.11931229827728621,-0.11085195867382605,-0.10536000719151078,-0.10114941378730988,-0.097453238613935567,-0.09377193476650876,-0.089613699012271106,-0.084239050690235823,-0.076083543492854455,2.8310271150705839,2
distill:m4-hourly,H16,TimesFM-zero-shot,653,-0.10916938452850555,-0.092231705784797668,-0.09211847186088562,-0.11101878434419632,-0.1035359650850296,-0.098927959799766541,-0.095763154327869415,-0.088384710252285004,-0.085166260600090027,-0.080386921763420105,-0.072644904255867004,1.854725662416377,2
distill:m4-hourly,H16,TimesFM-laplace-qd,653,-0.10916938452850555,-0.096069261431694031,-0.095870859920978546,-0.11348068714141846,-0.10640447586774826,-0.10152728855609894,-0.097484417259693146,-0.095321327447891235,-0.09116075187921524,-0.086382240056991577,-0.079418614506721497,2.622068381528277,2
distill:m4-hourly,H16,Laplace-q-fixed-bandwidth,654,-0.063556060862632435,-0.081002288252528643,-0.10257585355595067,-0.094179331558616686,-0.088722185716346713,-0.084534104416095213,-0.080856358409724938,-0.077193385019495242,-0.073057252339832651,-0.067716296790469727,-0.059622060469512642,2.3988139851854338,2
distill:m4-hourly,H16,TimesFM-zero-shot,654,-0.063556060862632435,-0.080302707850933075,-0.080256469547748566,-0.10110322386026382,-0.092862457036972046,-0.087897062301635742,-0.084352903068065643,-0.076141357421875,-0.07248995453119278,-0.0672803595662117,-0.059429362416267395,2.4789293752753698,2
distill:m4-hourly,H16,TimesFM-laplace-qd,654,-0.063556060862632435,-0.08310960978269577,-0.082519903779029846,-0.10286833345890045,-0.09506852924823761,-0.089709490537643433,-0.085016712546348572,-0.082219280302524567,-0.07761751115322113,-0.07239726185798645,-0.065065450966358185,2.0506737763506715,2
distill:m4-hourly,H16,Laplace-q-fixed-bandwidth,655,-0.057049688642776708,-0.059512600640452329,-0.08130401239975335,-0.072911211641855461,-0.067398770407175956,-0.063129596682764327,-0.059367913363304346,-0.055621023583800555,-0.05140328005890691,-0.046004159005238326,-0.037910068270054512,3.3330061000672897,2
distill:m4-hourly,H16,TimesFM-zero-shot,655,-0.057049688642776708,-0.054527133703231812,-0.053884066641330719,-0.074522428214550018,-0.066890470683574677,-0.062097460031509399,-0.05839923769235611,-0.050527829676866531,-0.04717051237821579,-0.042204461991786957,-0.034246012568473816,2.8865298686930378,2
distill:m4-hourly,H16,TimesFM-laplace-qd,655,-0.057049688642776708,-0.058311130851507187,-0.057318210601806641,-0.078617110848426819,-0.07098320871591568,-0.065586358308792114,-0.060463521629571915,-0.057722914963960648,-0.053021285682916641,-0.047502439469099045,-0.039762474596500397,3.1075204144867534,2
distill:m4-hourly,H16,Laplace-q-fixed-bandwidth,656,-0.027779564107075494,-0.044036832975866719,-0.065227331608800496,-0.056934034154299387,-0.051574963814574187,-0.047480996359848149,-0.043891463913461479,-0.040316505398606539,-0.036274101665518116,-0.031031416813036811,-0.023039078100874445,2.4844221592191915,2
distill:m4-hourly,H16,TimesFM-zero-shot,656,-0.027779564107075494,-0.039294745773077011,-0.038443755358457565,-0.059325065463781357,-0.05160989984869957,-0.046712052077054977,-0.04292818158864975,-0.035206522792577744,-0.032063018530607224,-0.027013331651687622,-0.01918531209230423,2.7462154500452902,2
distill:m4-hourly,H16,TimesFM-laplace-qd,656,-0.027779564107075494,-0.04354323074221611,-0.041278034448623657,-0.064333796501159668,-0.056899029761552811,-0.051789548248052597,-0.046559527516365051,-0.043168347328901291,-0.038849201053380966,-0.033239275217056274,-0.025404671207070351,2.254950185324498,2
distill:m4-hourly,H16,Laplace-q-fixed-bandwidth,657,-0.032722755990867824,-0.02898697606928257,-0.050340453342326855,-0.042063502196890368,-0.036661250407642579,-0.032500898926122228,-0.02884290105481813,-0.025199512091925187,-0.021090304274448753,-0.015801751702498004,-0.0078218150691420733,3.3087452477798616,2
distill:m4-hourly,H16,TimesFM-zero-shot,657,-0.032722755990867824,-0.022279731929302216,-0.022810645401477814,-0.042731601744890213,-0.034831725060939789,-0.029622094705700874,-0.026163171976804733,-0.018480269238352776,-0.015209155157208443,-0.010283580981194973,-0.00263212900608778,3.1641513320247361,2
distill:m4-hourly,H16,TimesFM-laplace-qd,657,-0.032722755990867824,-0.026594022288918495,-0.025561315938830376,-0.04832889512181282,-0.040419161319732666,-0.034715984016656876,-0.029760777950286865,-0.0260454211384058,-0.021713480353355408,-0.016734853386878967,-0.0093245320022106171,3.1081288159241787,2
distill:m4-hourly,H16,Laplace-q-fixed-bandwidth,658,0,-0.011180608388752299,-0.03197902068930436,-0.023799097453784425,-0.018541039034918355,-0.014539920331426405,-0.011036101483031188,-0.0075466297048770248,-0.0035965400809042326,0.0015453313257570748,0.0094261510666230289,2.9049471432512726,2
distill:m4-hourly,H16,TimesFM-zero-shot,658,0,0.0053931325674057007,0.0050062090158462524,-0.01504157017916441,-0.0072010653093457222,-0.0020269814413040876,0.0015953332185745239,0.0090329237282276154,0.012096060439944267,0.01682889461517334,0.024375669658184052,3.0068071912727374,2
distill:m4-hourly,H16,TimesFM-laplace-qd,658,0,7.0326263085007668e-05,0.0013292469084262848,-0.023526202887296677,-0.015072259120643139,-0.0087552694603800774,-0.0035032087471336126,0.00034004112239927053,0.0045441659167408943,0.0094419550150632858,0.017168113961815834,3.0744855285687205,2
distill:m4-hourly,H16,Laplace-q-fixed-bandwidth,659,0.0367388256457577,0.033560894919371816,0.012924593696186041,0.021038551819183987,0.026255753400833526,0.030226723241532111,0.033704456757896399,0.037167947567374647,0.041088275639837114,0.046190213991899882,0.054007406148521293,3.3846308980110389,2
distill:m4-hourly,H16,TimesFM-zero-shot,659,0.0367388256457577,0.034937065094709396,0.035863343626260757,0.014114048331975937,0.022350979968905449,0.027510453015565872,0.031055314466357231,0.038839954882860184,0.042088393121957779,0.046779755502939224,0.05368531122803688,2.9251620619374137,2
distill:m4-hourly,H16,TimesFM-laplace-qd,659,0.0367388256457577,0.03290911391377449,0.035171527415513992,0.0084398798644542694,0.017251875251531601,0.023839140310883522,0.029854899272322655,0.034208476543426514,0.039218604564666748,0.044860523194074631,0.052367385476827621,2.9131075524290369,2
distill:m4-hourly,H16,Laplace-q-fixed-bandwidth,660,0.038333931918063335,0.019000969382617413,-0.0010256052689910622,0.0069865737612817419,0.012037285691131931,0.015832719240059016,0.019145048897638038,0.022443548917708063,0.026188942762879967,0.031121897204316462,0.038833245248764803,2.1738240135142286,2
distill:m4-hourly,H16,TimesFM-zero-shot,660,0.038333931918063335,0.033632040023803711,0.03407624363899231,0.014731028117239475,0.022043602541089058,0.026918750256299973,0.030085565522313118,0.037458688020706177,0.040460247546434402,0.044678159058094025,0.051967248320579529,2.9932521496823208,2
distill:m4-hourly,H16,TimesFM-laplace-qd,660,0.038333931918063335,0.018741181120276451,0.021069567650556564,-0.0043061655014753342,0.0035621265415102243,0.0097966492176055908,0.015240638516843319,0.019273150712251663,0.023826811462640762,0.028725659474730492,0.036431349813938141,2.0315608740834237,2
distill:m4-hourly,H16,Laplace-q-fixed-bandwidth,661,0.056247252045702467,0.070875965597568938,0.05038157435787978,0.058438275349273941,0.063619943919554042,0.06756436407046594,0.071018993508704956,0.074459459525268917,0.07835352433135305,0.083420611457317204,0.091182412117048861,2.5646744455944317,2
distill:m4-hourly,H16,TimesFM-zero-shot,661,0.056247252045702467,0.068285010755062103,0.068843364715576172,0.049840688705444336,0.056860163807868958,0.061971411108970642,0.064910784363746643,0.07208588719367981,0.075086474418640137,0.079087942838668823,0.08647339791059494,3.0144872736165063,2
distill:m4-hourly,H16,TimesFM-laplace-qd,661,0.056247252045702467,0.071412757039070129,0.073326177895069122,0.049707215279340744,0.057666145265102386,0.063760019838809967,0.068842403590679169,0.072675801813602448,0.076917551457881927,0.081208370625972748,0.088495127856731415,2.6096651620986702,2
distill:m4-hourly,H16,Laplace-q-fixed-bandwidth,662,0.089742375500861726,0.092523222808296085,0.071906173314985264,0.079939117747534552,0.085154895273158185,0.089154059880454217,0.092664964358197696,0.096161665745384151,0.10011081646344329,0.10521448323367773,0.11295660544017662,3.3746693013448459,2
distill:m4-hourly,H16,TimesFM-zero-shot,662,0.089742375500861726,0.080426253378391266,0.080726280808448792,0.060674306005239487,0.068376794457435608,0.073530018329620361,0.076725609600543976,0.08453948050737381,0.088044255971908569,0.092636175453662872,0.10069354623556137,2.8248277699032371,2
distill:m4-hourly,H16,TimesFM-laplace-qd,662,0.089742375500861726,0.088816247880458832,0.089839078485965729,0.06556934118270874,0.074279956519603729,0.080773532390594482,0.086347892880439758,0.091276094317436218,0.096683092415332794,0.10257135331630707,0.11124946922063828,2.8792962701214888,2
distill:m4-hourly,H16,Laplace-q-fixed-bandwidth,663,0.082347741348753445,0.077571163213514885,0.057533801755648914,0.065469533804126095,0.070531557760848809,0.074363153189771214,0.077713431365434654,0.08104982944677841,0.084831695249919001,0.089778982996689904,0.097420864900984755,3.3546476362468294,2
distill:m4-hourly,H16,TimesFM-zero-shot,663,0.082347741348753445,0.074572436511516571,0.07410266250371933,0.056261636316776276,0.063379533588886261,0.068086437880992889,0.071114033460617065,0.078327812254428864,0.081424422562122345,0.085836552083492279,0.093388631939888,2.9252432539773929,2
distill:m4-hourly,H16,TimesFM-laplace-qd,663,0.082347741348753445,0.077914156019687653,0.076553039252758026,0.056517843157052994,0.064669802784919739,0.070867821574211121,0.075995072722434998,0.079635389149188995,0.084364891052246094,0.089655227959156036,0.097101897001266479,3.0135074662946231,2
distill:m4-hourly,H16,Laplace-q-fixed-bandwidth,664,0.049411248163603538,0.06553804418382822,0.046043365052267637,0.053880497675192984,0.058792411014529547,0.062471748841405203,0.065680514097611151,0.068875804632325399,0.072506158442892724,0.077301622571570375,0.08484146766549952,2.3902063252918362,2
distill:m4-hourly,H16,TimesFM-zero-shot,664,0.049411248163603538,0.064378716051578522,0.064662374556064606,0.044781465083360672,0.052708923816680908,0.057725265622138977,0.060732528567314148,0.068340346217155457,0.071998000144958496,0.076552532613277435,0.084143005311489105,2.5221034385772327,2
distill:m4-hourly,H16,TimesFM-laplace-qd,664,0.049411248163603538,0.064751774072647095,0.06426335871219635,0.041426151990890503,0.050486821681261063,0.057281024754047394,0.062834873795509338,0.067012719810009003,0.072599701583385468,0.078005149960517883,0.085938282310962677,2.6557497692934708,2
distill:m4-hourly,H16,Laplace-q-fixed-bandwidth,665,0.051256770711073152,0.059679773370689602,0.039880117006628975,0.047725268978751172,0.052727073281114874,0.056511857871652034,0.05982096449220959,0.063116337567121539,0.06685189681449677,0.071740010187127862,0.079294152462177858,3.0946192563970571,2
distill:m4-hourly,H16,TimesFM-zero-shot,665,0.051256770711073152,0.059059020131826401,0.059199992567300797,0.03875463455915451,0.04701705276966095,0.051984824240207672,0.055171169340610504,0.06273283064365387,0.066468730568885803,0.071368426084518433,0.078809045255184174,3.1780350164579589,2
distill:m4-hourly,H16,TimesFM-laplace-qd,665,0.051256770711073152,0.061490774154663086,0.060021612793207169,0.039748363196849823,0.048494786024093628,0.054880276322364807,0.060347571969032288,0.06371915340423584,0.06912444531917572,0.075024224817752838,0.082505479454994202,2.9153596131531176,2
distill:m4-hourly,H16,Laplace-q-fixed-bandwidth,666,0.051397383349010006,0.058203350924605692,0.03868247196522305,0.046450787265554974,0.051378937355771495,0.055096362283898387,0.058343906449165914,0.061577907586912659,0.065246574620304532,0.070061148657850875,0.077539235583230087,3.2231572127884656,2
distill:m4-hourly,H16,TimesFM-zero-shot,666,0.051397383349010006,0.053473401814699173,0.054479427635669708,0.034651603549718857,0.04203738272190094,0.046677727252244949,0.049729563295841217,0.0567355677485466,0.060149922966957092,0.06467108428478241,0.071857228875160217,3.0038442526773568,2
distill:m4-hourly,H16,TimesFM-laplace-qd,666,0.051397383349010006,0.056998070329427719,0.056530468165874481,0.036836445331573486,0.045061405748128891,0.051333941519260406,0.056478235870599747,0.059877820312976837,0.065480858087539673,0.071300946176052094,0.078864164650440216,3.0148328713175099,2
distill:m4-hourly,H16,Laplace-q-fixed-bandwidth,667,0.060740943718041507,0.046720402950683831,0.027582104077059778,0.035264005613793996,0.0400877513560364,0.04370502989805982,0.046860611073285832,0.050002934158120724,0.053572085425573263,0.05828174897968013,0.065672474970606562,2.6266885934163593,2
distill:m4-hourly,H16,TimesFM-zero-shot,667,0.060740943718041507,0.042418830096721649,0.043334312736988068,0.025364656001329422,0.032060060650110245,0.036271829158067703,0.038816187530755997,0.045539937913417816,0.048872262239456177,0.053397256880998611,0.060625877231359482,2.2689343404475233,2
distill:m4-hourly,H16,TimesFM-laplace-qd,667,0.060740943718041507,0.039007794111967087,0.038423143327236176,0.020696979016065598,0.02844521775841713,0.033966254442930222,0.038585532456636429,0.041988350450992584,0.047057412564754486,0.05232512578368187,0.059279646724462509,2.1366625662883498,2
distill:m4-hourly,H16,Laplace-q-fixed-bandwidth,668,0.032949899660214221,0.029609753099331084,0.01034392682886871,0.01800183238332579,0.022866510292737303,0.026539284777549989,0.029748665779911102,0.032944664283460316,0.036569312390697301,0.041322118106719763,0.048694085052650563,3.4492049205511255,2
distill:m4-hourly,H16,TimesFM-zero-shot,668,0.032949899660214221,0.038162078708410263,0.037956524640321732,0.021006530150771141,0.027610111981630325,0.031783685088157654,0.034549988806247711,0.041649218648672104,0.045177962630987167,0.050079960376024246,0.057750102132558823,3.2089361287868234,2
distill:m4-hourly,H16,TimesFM-laplace-qd,668,0.032949899660214221,0.027016898617148399,0.025510219857096672,0.0095752552151679993,0.016693806275725365,0.021671112626791,0.026368223130702972,0.029849888756871223,0.035009473562240601,0.040618326514959335,0.048114273697137833,2.9793071326766682,2
distill:m4-hourly,H16,Laplace-q-fixed-bandwidth,669,0.020790769669074116,0.01772613865592635,-0.00095214645465909213,0.0066044349773806011,0.011303527928919572,0.014809787717162877,0.01786541013121911,0.020908124932050839,0.024367187799706442,0.028952525067670126,0.03621838053414507,3.4993648326924731,2
distill:m4-hourly,H16,TimesFM-zero-shot,669,0.020790769669074116,0.020395724102854729,0.020433094352483749,0.0049905544146895409,0.010996108874678612,0.014775869436562061,0.017258485779166222,0.023540252819657326,0.026282714679837227,0.030760610476136208,0.037704963237047195,3.1152901361637513,2
distill:m4-hourly,H16,TimesFM-laplace-qd,669,0.020790769669074116,0.014202635735273361,0.013235674239695072,-0.00029780587647110224,0.0062123518437147141,0.010443243198096752,0.014541805721819401,0.017093803733587265,0.021690018475055695,0.027046248316764832,0.033877141773700714,3.0836038285990064,2
distill:m4-hourly,H16,Laplace-q-fixed-bandwidth,670,0.0070299059282579179,-0.0098292299389622136,-0.027883762569660967,-0.020440502158379104,-0.015925239332878868,-0.012590992965848383,-0.0096897384368232024,-0.0068007950232497685,-0.0035122603204017821,0.00088824681441285929,0.0080340868038352858,2.2992248270264919,2
distill:m4-hourly,H16,TimesFM-zero-shot,670,0.0070299059282579179,-0.0019696885719895363,-0.0023002275265753269,-0.017133770510554314,-0.011058188043534756,-0.0073547610081732273,-0.004994658287614584,0.0011136825196444988,0.0040386877954006195,0.0082324640825390816,0.014583604410290718,2.9364932757984104,2
distill:m4-hourly,H16,TimesFM-laplace-qd,670,0.0070299059282579179,-0.0086611509323120117,-0.010546145960688591,-0.023987455293536186,-0.017229469493031502,-0.01300223171710968,-0.0089313257485628128,-0.0062652002088725567,-0.0017426082631573081,0.0034889564849436283,0.0096745789051055908,2.4880230673732395,2
distill:m4-hourly,H16,Laplace-q-fixed-bandwidth,671,-0.01056347850956918,-0.017830207309139354,-0.036324046417597823,-0.028841369274084747,-0.024188657187506402,-0.02071715870881282,-0.017691809075951338,-0.014679256177745414,-0.011254550991663618,-0.0067146549111122573,0.00047977344056026255,3.2536984886685127,2
distill:m4-hourly,H16,TimesFM-zero-shot,671,-0.01056347850956918,-0.018416730687022209,-0.018960000947117805,-0.033902682363986969,-0.027999190613627434,-0.024023180827498436,-0.021609056740999222,-0.015363523736596107,-0.012602358125150204,-0.0085990997031331062,-0.0020112954080104828,2.9951544834067874,2
distill:m4-hourly,H16,TimesFM-laplace-qd,671,-0.01056347850956918,-0.021862024441361427,-0.023742794990539551,-0.037959665060043335,-0.031298398971557617,-0.026603836566209793,-0.022535698488354683,-0.019322209060192108,-0.014669094234704971,-0.009309966117143631,-0.0023551010526716709,2.7603812955328899,2
distill:m4-hourly,H16,Laplace-q-fixed-bandwidth,672,-0.040330473252065069,-0.037070226299149515,-0.055202920214491351,-0.04780695686857931,-0.043255604987330727,-0.03987560789343652,-0.036932317850489872,-0.034001516821527557,-0.030667501520780141,-0.026228955094855663,-0.019122453842754752,3.5019833405288727,2
distill:m4-hourly,H16,TimesFM-zero-shot,672,-0.040330473252065069,-0.038382790982723236,-0.038448438048362732,-0.054967194795608521,-0.048599895089864731,-0.044450912624597549,-0.041737746447324753,-0.035194672644138336,-0.03234003484249115,-0.028053171932697296,-0.021142594516277313,3.1070354028030733,2
distill:m4-hourly,H16,TimesFM-laplace-qd,672,-0.040330473252065069,-0.041410975158214569,-0.042983010411262512,-0.056928880512714386,-0.05032024160027504,-0.045685850083827972,-0.041440367698669434,-0.03835054486989975,-0.033356726169586182,-0.027879765257239342,-0.020567316561937332,3.1422326632957027,2
distill:m4-hourly,H16,Laplace-q-fixed-bandwidth,673,-0.048452383385946263,-0.060313365082030425,-0.077853255542298272,-0.070572105995360707,-0.066197449888082349,-0.062977083879401347,-0.060175428380933725,-0.057385671185229192,-0.054209705673700564,-0.049948222221642136,-0.04296308821861821,2.7954335114508311,2
distill:m4-hourly,H16,TimesFM-zero-shot,673,-0.048452383385946263,-0.049699738621711731,-0.050430487841367722,-0.066259227693080902,-0.060113575309514999,-0.055966611951589584,-0.053268119692802429,-0.046618472784757614,-0.043901592493057251,-0.039606127887964249,-0.032361339777708054,3.0776288555954157,2
distill:m4-hourly,H16,TimesFM-laplace-qd,673,-0.048452383385946263,-0.065064609050750732,-0.066397078335285187,-0.08095107227563858,-0.074525080621242523,-0.069569848477840424,-0.065607272088527679,-0.062531992793083191,-0.057903937995433807,-0.052702657878398895,-0.045064184814691544,2.3572925115661763,2
distill:m4-hourly,H16,Laplace-q-fixed-bandwidth,674,-0.073562567177017257,-0.015388321396236242,-0.032992104458174465,-0.025741337632229758,-0.021337357780073743,-0.018083390058977605,-0.015251590529236034,-0.012431831797565617,-0.0092225386189876083,-0.0049305241191783915,0.0020303450245111052,-2.7824447365605409,2
distill:m4-hourly,H16,TimesFM-zero-shot,674,-0.073562567177017257,-0.016043566167354584,-0.016702529042959213,-0.03294023871421814,-0.026195753365755081,-0.022432763129472733,-0.019538931548595428,-0.012831730768084526,-0.010356578975915909,-0.005982779897749424,0.00057412369642406702,-13.790564962934708,2
distill:m4-hourly,H16,TimesFM-laplace-qd,674,-0.073562567177017257,-0.019072320312261581,-0.020872496068477631,-0.034444317221641541,-0.027735698968172073,-0.023376502096652985,-0.019391287118196487,-0.016937665641307831,-0.012954730540513992,-0.0080399122089147568,-0.0018040821887552738,-14.691341455248013,2
distill:m4-hourly,H16,Laplace-q-fixed-bandwidth,675,-0.018914749543004206,-0.03551436420945208,-0.05784429410531515,-0.048876308054082794,-0.043218861051243625,-0.038965340455366558,-0.035257003871797525,-0.031568960998667475,-0.027388625519576007,-0.021902209493537203,-0.013373129587563738,2.4687723600424829,2
distill:m4-hourly,H16,TimesFM-zero-shot,675,-0.018914749543004206,-0.051228202879428864,-0.051555879414081573,-0.072560518980026245,-0.064216636121273041,-0.059256158769130707,-0.055586382746696472,-0.047039661556482315,-0.043418493121862411,-0.037622883915901184,-0.029249956831336021,1.3731758829968514,2
distill:m4-hourly,H16,TimesFM-laplace-qd,675,-0.018914749543004206,-0.033514656126499176,-0.035281181335449219,-0.057934515178203583,-0.048293538391590118,-0.042003341019153595,-0.0361337810754776,-0.03041057288646698,-0.024642443284392357,-0.017929129302501678,-0.0094134146347641945,2.5166055841449735,2
distill:m4-hourly,H16,Laplace-q-fixed-bandwidth,676,-0.12969958396309345,-0.078523622550735181,-0.10100290555633848,-0.092062739187169548,-0.086360104395764081,-0.08204140870718582,-0.078268620065421055,-0.074516262807724984,-0.070270531003290601,-0.064735280169138779,-0.056226486386482366,-0.22837031276272327,2
distill:m4-hourly,H16,TimesFM-zero-shot,676,-0.12969958396309345,-0.088313333690166473,-0.089748695492744446,-0.10748657584190369,-0.10029018670320511,-0.095751002430915833,-0.09244152158498764,-0.084701135754585266,-0.081345908343791962,-0.07609114795923233,-0.067802056670188904,-3.9882233444774511,2
distill:m4-hourly,H16,TimesFM-laplace-qd,676,-0.12969958396309345,-0.080284126102924347,-0.082634992897510529,-0.10058052092790604,-0.092926643788814545,-0.087413795292377472,-0.082441471517086029,-0.078316599130630493,-0.073235489428043365,-0.067258678376674652,-0.059138014912605286,-7.2753129996011587,2
distill:m4-hourly,H16,Laplace-q-fixed-bandwidth,677,-0.12141280370696261,-0.10456162355336653,-0.13028878633518337,-0.12024291652722932,-0.11369583139109886,-0.10864215364037126,-0.10420215825738087,-0.099790543363366194,-0.09483550569192814,-0.088505926498392826,-0.079039770894531472,2.4389285411480701,2
distill:m4-hourly,H16,TimesFM-zero-shot,677,-0.12141280370696261,-0.10451965779066086,-0.10579030215740204,-0.12514209747314453,-0.11712698638439178,-0.11218215525150299,-0.10855732858181,-0.10070395469665527,-0.097475238144397736,-0.092211805284023285,-0.08424774557352066,2.3419678434568718,2
distill:m4-hourly,H16,TimesFM-laplace-qd,677,-0.12141280370696261,-0.093165360391139984,-0.094995595514774323,-0.11998018622398376,-0.10942177474498749,-0.10242490470409393,-0.096265092492103577,-0.090807497501373291,-0.085082858800888062,-0.078555330634117126,-0.069420516490936279,0.77511983980459331,2
distill:m4-hourly,H16,Laplace-q-fixed-bandwidth,678,-0.09931820120186341,-0.06940951801732731,-0.095187762456790975,-0.085183081202326122,-0.078625697576979181,-0.073535634968563773,-0.069053183227864384,-0.064598929082860385,-0.059606229483919422,-0.053262071707581814,-0.043830982531296518,1.616847805172259,2
distill:m4-hourly,H16,TimesFM-zero-shot,678,-0.09931820120186341,-0.084105297923088074,-0.08547501266002655,-0.10650584846735001,-0.097457639873027802,-0.092158354818820953,-0.088422611355781555,-0.080062314867973328,-0.076490886509418488,-0.071263514459133148,-0.063619457185268402,2.779496196433592,2
distill:m4-hourly,H16,TimesFM-laplace-qd,678,-0.09931820120186341,-0.066656090319156647,-0.069394975900650024,-0.091716751456260681,-0.081449978053569794,-0.074854806065559387,-0.069126494228839874,-0.064325869083404541,-0.058648616075515747,-0.052648410201072693,-0.044591106474399567,-0.49580438072776151,2
distill:m4-hourly,H16,Laplace-q-fixed-bandwidth,679,-0.056804117999218917,-0.060418462499807757,-0.08709521544173357,-0.076899000960381061,-0.070126114114787849,-0.064790591270993028,-0.060059711849923744,-0.055357146318196257,-0.050117847435370344,-0.043553325763434514,-0.033933553441746062,3.1074115645442157,2
distill:m4-hourly,H16,TimesFM-zero-shot,679,-0.056804117999218917,-0.059546556323766708,-0.060860909521579742,-0.081528440117835999,-0.07284083217382431,-0.06771879643201828,-0.063668571412563324,-0.055569726973772049,-0.052241504192352295,-0.047095075249671936,-0.039356060326099396,2.879859049165006,2
distill:m4-hourly,H16,TimesFM-laplace-qd,679,-0.056804117999218917,-0.050586126744747162,-0.053790770471096039,-0.077688373625278473,-0.067147307097911835,-0.060256998986005783,-0.05398501455783844,-0.049041740596294403,-0.043738920241594315,-0.037748381495475769,-0.029288645833730698,2.814937891358789,2
distill:m4-hourly,H16,Laplace-q-fixed-bandwidth,680,-0.032400242325421047,-0.034590723369989286,-0.060628567458865322,-0.050551050604190267,-0.043928870897774433,-0.038775643745331025,-0.034232671855148077,-0.029718052222182191,-0.024662435255578673,-0.018253425580616801,-0.0087515146563079595,3.1607288092379826,2
distill:m4-hourly,H16,TimesFM-zero-shot,680,-0.032400242325421047,-0.039257362484931946,-0.038908164948225021,-0.059592626988887787,-0.051633439958095551,-0.046700447797775269,-0.042978923767805099,-0.035236842930316925,-0.032043352723121643,-0.027202704921364784,-0.019627815112471581,2.8952477039528572,2
distill:m4-hourly,H16,TimesFM-laplace-qd,680,-0.032400242325421047,-0.035127207636833191,-0.034187193959951401,-0.061259951442480087,-0.051637768745422363,-0.044880900532007217,-0.038929928094148636,-0.033618040382862091,-0.028146049007773399,-0.022098753601312637,-0.013273801654577255,2.8210906157384041,2
distill:m4-hourly,H16,Laplace-q-fixed-bandwidth,681,-0.0221984697891493,-0.03320610184579062,-0.058551013357045822,-0.048590454523022894,-0.042138750966113442,-0.037187995913306598,-0.032848343809187538,-0.028536801346572736,-0.0236844651874209,-0.017451704920628378,-0.0080686800551376531,2.8884433409450656,2
distill:m4-hourly,H16,TimesFM-zero-shot,681,-0.0221984697891493,-0.024849362671375275,-0.024915678426623344,-0.044371362775564194,-0.036779444664716721,-0.031847227364778519,-0.028453756123781204,-0.020987445488572121,-0.017722250893712044,-0.012970630079507828,-0.0053039323538541794,2.9447244966094379,2
distill:m4-hourly,H16,TimesFM-laplace-qd,681,-0.0221984697891493,-0.031401757150888443,-0.031125104054808617,-0.057761937379837036,-0.04793408140540123,-0.041282527148723602,-0.035234097391366959,-0.029925856739282608,-0.024188101291656494,-0.017588570713996887,-0.0080221518874168396,2.6310443216592789,2
distill:m4-hourly,H16,Laplace-q-fixed-bandwidth,682,0.0044792908040465207,-0.0042238720578061401,-0.029202460331163069,-0.019338232401666121,-0.012979844098068061,-0.008121074907508713,-0.003868464220045342,0.0003563573181950903,0.0051173066465247524,0.011256462173134054,0.020545832122066711,3.0189599708036696,2
distill:m4-hourly,H16,TimesFM-zero-shot,682,0.0044792908040465207,0.0071081188507378101,0.0057875951752066612,-0.011210523545742035,-0.0040549589321017265,0.00055696582421660423,0.0037515419535338879,0.010712090879678726,0.013565767556428909,0.018046397715806961,0.025263598188757896,3.0338318046983437,2
distill:m4-hourly,H16,TimesFM-laplace-qd,682,0.0044792908040465207,0.0029551531188189983,0.0013503232039511204,-0.022721171379089355,-0.013404503464698792,-0.0068246005102992058,-0.0010313182137906551,0.0037556895986199379,0.0087610017508268356,0.014430580660700798,0.023278137668967247,2.9036964603485167,2
distill:m4-hourly,H16,Laplace-q-fixed-bandwidth,683,0.037285020538982749,0.0318081526756415,0.0073226845431456945,0.01708156123345235,0.023311998541786262,0.028036888483751625,0.03216184122967107,0.036259451572676279,0.040887134074022752,0.046896326247336764,0.056080278798137984,3.1730557332956195,2
distill:m4-hourly,H16,TimesFM-zero-shot,683,0.037285020538982749,0.036732856184244156,0.037045236676931381,0.019308431074023247,0.026515446603298187,0.03070969320833683,0.033703502267599106,0.04031221941113472,0.042755089700222015,0.046794544905424118,0.052847109735012054,3.1053186758305777,2
distill:m4-hourly,H16,TimesFM-laplace-qd,683,0.037285020538982749,0.037610266357660294,0.038195051252841949,0.015873124822974205,0.024178437888622284,0.029718725010752678,0.034763626754283905,0.038383293896913528,0.04272378608584404,0.048033669590950012,0.055165816098451614,3.0822043312133154,2
distill:m4-hourly,H16,Laplace-q-fixed-bandwidth,684,0.058532902358250816,0.026144739717814402,0.0023195920212209257,0.011962723182898956,0.018014621104242845,0.022550689709068983,0.026497576870049735,0.03041785362370094,0.034857823302553534,0.040684563719187897,0.049747546538366133,1.3910359678691928,2
distill:m4-hourly,H16,TimesFM-zero-shot,684,0.058532902358250816,0.032826948910951614,0.033042807132005692,0.014860985800623894,0.022065730765461922,0.026590831577777863,0.029580697417259216,0.036503229290246964,0.03898756206035614,0.042981024831533432,0.049498744308948517,1.5095144075330453,2
distill:m4-hourly,H16,TimesFM-laplace-qd,684,0.058532902358250816,0.023700056597590446,0.024007340893149376,0.0027373749762773514,0.010252032428979874,0.015917012467980385,0.020466160029172897,0.023841457441449165,0.028527397662401199,0.033728435635566711,0.041348475962877274,0.75035311572253849,2
distill:m4-hourly,H16,Laplace-q-fixed-bandwidth,685,0.053372349927138352,0.057997672157975647,0.032948659367895344,0.042844149848393145,0.04922077700843365,0.054091554311179318,0.058354123142321287,0.06258884220333466,0.067361531224881449,0.073518162025173334,0.082837618762456794,3.1376662155906714,2
distill:m4-hourly,H16,TimesFM-zero-shot,685,0.053372349927138352,0.071896165609359741,0.072087392210960388,0.052136152982711792,0.059886559844017029,0.064892299473285675,0.068306460976600647,0.075847990810871124,0.078727021813392639,0.082957997918128967,0.090032592415809631,1.5739984588293765,2
distill:m4-hourly,H16,TimesFM-laplace-qd,685,0.053372349927138352,0.066134564578533173,0.066287010908126831,0.041919004172086716,0.051054757088422775,0.057314638048410416,0.063133828341960907,0.067454256117343903,0.072255484759807587,0.078031629323959351,0.086134195327758789,3.0270969783465498,2
distill:m4-hourly,H16,Laplace-q-fixed-bandwidth,686,0.054320469176002639,0.088045120550305209,0.063637493615760543,0.073418980354465257,0.079627020977384,0.08431417735890756,0.088400709098395563,0.0924599814203029,0.09704965284631803,0.10303355810955478,0.11223545329206709,1.3100849718061771,2
distill:m4-hourly,H16,TimesFM-zero-shot,686,0.054320469176002639,0.080779500305652618,0.081021681427955627,0.062149625271558762,0.069529712200164795,0.074045613408088684,0.077142432332038879,0.084704920649528503,0.087825432419776917,0.092295199632644653,0.099871136248111725,-0.5125742694182055,2
distill:m4-hourly,H16,TimesFM-laplace-qd,686,0.054320469176002639,0.088808923959732056,0.08897080272436142,0.066469810903072357,0.074988327920436859,0.081010788679122925,0.086481370031833649,0.090716823935508728,0.095683552324771881,0.10179338604211807,0.11022503674030304,-1.88480227595726,2
distill:m4-hourly,H16,Laplace-q-fixed-bandwidth,687,0.060999906635207601,0.080365545209403075,0.054604300490641286,0.064690817913882037,0.071248789806485274,0.076296590489162319,0.080726565471860162,0.085128112842147385,0.090076745570970701,0.09641518569093524,0.10592104009644374,2.2664505974837077,2
distill:m4-hourly,H16,TimesFM-zero-shot,687,0.060999906635207601,0.070686273276805878,0.070624895393848419,0.051502708345651627,0.059223409742116928,0.063620403409004211,0.066905371844768524,0.074542313814163208,0.077791713178157806,0.082453742623329163,0.08988603949546814,3.3062823680030178,2
distill:m4-hourly,H16,TimesFM-laplace-qd,687,0.060999906635207601,0.08786647766828537,0.087700709700584412,0.06539539247751236,0.074393652379512787,0.08022046834230423,0.085831813514232635,0.089834146201610565,0.095040656626224518,0.10154671967029572,0.11004438996315002,0.10025603686790058,2
distill:m4-hourly,H16,Laplace-q-fixed-bandwidth,688,0.062338418294169529,0.05632926224105643,0.030355839997078436,0.040431122060187466,0.047039643577645784,0.052169664965441336,0.056687424149062499,0.06117685505013884,0.066209052985033906,0.072603421823671535,0.082104438443962799,3.0885616419936586,2
distill:m4-hourly,H16,TimesFM-zero-shot,688,0.062338418294169529,0.060756195336580276,0.060807362198829651,0.042262818664312363,0.049940135329961777,0.054338283836841583,0.057129714637994766,0.06446634978055954,0.067815758287906647,0.072211407124996185,0.079172320663928986,2.9801809395837058,2
distill:m4-hourly,H16,TimesFM-laplace-qd,688,0.062338418294169529,0.06397082656621933,0.064228996634483337,0.042716626077890396,0.05121554434299469,0.057142604142427444,0.062292691320180893,0.066049464046955109,0.071485713124275208,0.077256672084331512,0.085473008453845978,2.9952119230287702,2
distill:m4-hourly,H16,Laplace-q-fixed-bandwidth,689,0.064739951292346554,0.055363888806000149,0.029998097795215277,0.039960159265702268,0.046418036078966669,0.051375178827825968,0.055721129055360204,0.06003902823197705,0.064897978100999842,0.07113751116912842,0.080524708444681958,2.9751409471935579,2
distill:m4-hourly,H16,TimesFM-zero-shot,689,0.064739951292346554,0.058968368917703629,0.059052679687738419,0.04278232529759407,0.04956473782658577,0.053491968661546707,0.055760011076927185,0.062113922089338303,0.065271459519863129,0.069466762244701385,0.076070308685302734,3.0163533148352442,2
distill:m4-hourly,H16,TimesFM-laplace-qd,689,0.064739951292346554,0.058755312114953995,0.060060404241085052,0.040187079459428787,0.047901462763547897,0.053275227546691895,0.057785775512456894,0.060414019972085953,0.065358862280845642,0.070749126374721527,0.078017495572566986,3.0125521534512965,2
distill:m4-hourly,H16,Laplace-q-fixed-bandwidth,690,0.060802320617435512,0.054206276980497368,0.0293020534913392,0.039160476039648659,0.04550033366844998,0.050334074326976008,0.054561654525749903,0.058761558539732944,0.063497576460438729,0.069617448824971909,0.078901992354750414,3.1148260471877185,2
distill:m4-hourly,H16,TimesFM-zero-shot,690,0.060802320617435512,0.052893240004777908,0.054030220955610275,0.038762819021940231,0.044640529900789261,0.048008859157562256,0.050033431500196457,0.05545835942029953,0.058196227997541428,0.062000442296266556,0.068196110427379608,3.0074707508969083,2
distill:m4-hourly,H16,TimesFM-laplace-qd,690,0.060802320617435512,0.05242621898651123,0.05456123873591423,0.037181999534368515,0.043877478688955307,0.048381254076957703,0.052248179912567139,0.054457597434520721,0.058750227093696594,0.063881978392601013,0.070728950202465057,2.9409583237943506,2
distill:m4-hourly,H16,Laplace-q-fixed-bandwidth,691,0.054628168163315394,0.054807827234121337,0.030511023684855872,0.040257039992844357,0.046436485667800925,0.051098371393910713,0.055162120423093791,0.059198781789322669,0.063763675203904399,0.069719621904542547,0.078888743759552085,3.2687568889434999,2
distill:m4-hourly,H16,TimesFM-zero-shot,691,0.054628168163315394,0.051045197993516922,0.051787815988063812,0.036515980958938599,0.04256841167807579,0.045962065458297729,0.048017945140600204,0.053831767290830612,0.056847892701625824,0.061007093638181686,0.067640013992786407,3.0821068108925131,2
distill:m4-hourly,H16,TimesFM-laplace-qd,691,0.054628168163315394,0.050683833658695221,0.052529569715261459,0.033567238599061966,0.041336767375469208,0.046070761978626251,0.050319135189056396,0.053391043096780777,0.058191694319248199,0.063739359378814697,0.071133457124233246,3.0968723337410378,2
distill:m4-hourly,H16,Laplace-q-fixed-bandwidth,692,0.045387599335629858,0.033132544623192713,0.0096256631473652376,0.019246389615110545,0.025204975466305814,0.029636919743893642,0.033486604991878999,0.037310210239817301,0.041646948168979056,0.047377182213646632,0.056410922390843513,2.8222437702169598,2
distill:m4-hourly,H16,TimesFM-zero-shot,692,0.045387599335629858,0.039852768182754517,0.039675824344158173,0.024156682193279266,0.030547412112355232,0.034183435142040253,0.036572176963090897,0.042826857417821884,0.045935943722724915,0.050403911620378494,0.057602357119321823,2.9877636172713995,2
distill:m4-hourly,H16,TimesFM-laplace-qd,692,0.045387599335629858,0.032792866230010986,0.032833162695169449,0.016078455373644829,0.023318270221352577,0.027911361306905746,0.032071053981781006,0.034708976745605469,0.039303939789533615,0.045038651674985886,0.052493356168270111,2.5762479140918488,2
distill:m4-hourly,H16,Laplace-q-fixed-bandwidth,693,0.023515541790994021,0.021525528571605675,-0.0017446219560046708,0.0077898188506899946,0.013686726151307317,0.018069806052038319,0.02187662901581456,0.025657662224188457,0.029946500483883857,0.035616805840399841,0.044568607293855846,3.3236105324706644,2
distill:m4-hourly,H16,TimesFM-zero-shot,693,0.023515541790994021,0.024838592857122421,0.024727076292037964,0.0095423813909292221,0.015757501125335693,0.019457204267382622,0.021749181672930717,0.0277593694627285,0.030570106580853462,0.034727789461612701,0.041607216000556946,3.1937859335072516,2
distill:m4-hourly,H16,TimesFM-laplace-qd,693,0.023515541790994021,0.021550597622990608,0.020617514848709106,0.0051177563145756721,0.012199985794723034,0.017041986808180809,0.020945776253938675,0.023476777598261833,0.028154544532299042,0.033525429666042328,0.040455203503370285,3.2185790672512491,2
distill:m4-hourly,H16,Laplace-q-fixed-bandwidth,694,-0.003145645877919101,0.0036705959238603003,-0.018775362755040697,-0.0093813895434629417,-0.0037286469014543942,0.0004224554054191663,0.0040210724448466991,0.0075952032127768682,0.011655268259120926,0.017078979168063172,0.025875875129092712,3.1399740315672156,2
distill:m4-hourly,H16,TimesFM-zero-shot,694,-0.003145645877919101,0.0047742929309606552,0.0043756347149610519,-0.010994195938110352,-0.004488091915845871,-0.00077017815783619881,0.0017609854694455862,0.0079176882281899452,0.010863468982279301,0.014742722734808922,0.021125573664903641,3.4408001548024147,2
distill:m4-hourly,H16,TimesFM-laplace-qd,694,-0.003145645877919101,-0.0010590811725705862,-0.002369374968111515,-0.017624281346797943,-0.01049993559718132,-0.005642513744533062,-0.001313821179792285,0.00096807023510336876,0.0058640772476792336,0.011727525852620602,0.018404137343168259,3.2188144240220904,2
distill:m4-hourly,H16,Laplace-q-fixed-bandwidth,695,-0.064412505133372377,-0.013125482157152896,-0.035014105873699686,-0.025748109562443472,-0.020260406492535285,-0.016251483202964101,-0.012777186551178857,-0.0093264776932857115,-0.0054059460263046252,-0.00014616294714506019,0.008516294260455139,-0.25217437104457752,2
distill:m4-hourly,H16,TimesFM-zero-shot,695,-0.064412505133372377,-0.015913447365164757,-0.015746155753731728,-0.03204820305109024,-0.025549076497554779,-0.021772060543298721,-0.019218301400542259,-0.012736414559185505,-0.010017682798206806,-0.0060354163870215416,0.00056403042981401086,-10.173143153802668,2
distill:m4-hourly,H16,TimesFM-laplace-qd,695,-0.064412505133372377,-0.012591628357768059,-0.015089932829141617,-0.030193224549293518,-0.022802500054240227,-0.01786903478205204,-0.01335255429148674,-0.009989449754357338,-0.0053050154820084572,0.00021202780772000551,0.0070197880268096924,-10.524343296472274,2
distill:m4-hourly,H16,Laplace-q-fixed-bandwidth,696,-0.061675240727555369,-0.039566168316219674,-0.06489131658300798,-0.054465084128239818,-0.04802575341448187,-0.043244986408886063,-0.039099629385679971,-0.03498768758572933,-0.030328823163176248,-0.02418125957548424,-0.014508695635670277,2.0146372602186307,2
distill:m4-hourly,H16,TimesFM-zero-shot,696,-0.061675240727555369,-0.044745370745658875,-0.043833043426275253,-0.066499590873718262,-0.057988114655017853,-0.052725166082382202,-0.04897279292345047,-0.040644574910402298,-0.036960948258638382,-0.031827244907617569,-0.023625655099749565,2.2689617952559074,2
distill:m4-hourly,H16,TimesFM-laplace-qd,696,-0.061675240727555369,-0.032655250281095505,-0.034949880093336105,-0.055504303425550461,-0.046024758368730545,-0.039546240121126175,-0.033849183470010757,-0.029084198176860809,-0.023146970197558403,-0.016512924805283546,-0.0079866759479045868,0.056260750009386462,2
distill:m4-hourly,H16,Laplace-q-fixed-bandwidth,697,-0.037135683193229241,-0.049773886866726409,-0.075620666791286026,-0.065162156394968598,-0.058572214233215972,-0.05361904265343477,-0.049310866728564426,-0.045036910869398386,-0.040206529107004646,-0.033900607773104302,-0.024178368486177743,2.7927890926618746,2
distill:m4-hourly,H16,TimesFM-zero-shot,697,-0.037135683193229241,-0.056664302945137024,-0.056498415768146515,-0.077930048108100891,-0.069820784032344818,-0.064669482409954071,-0.060948729515075684,-0.052552435547113419,-0.048894282430410385,-0.043857984244823456,-0.035373847931623459,2.2716776326240118,2
distill:m4-hourly,H16,TimesFM-laplace-qd,697,-0.037135683193229241,-0.065894901752471924,-0.067339740693569183,-0.085247114300727844,-0.077583931386470795,-0.071682050824165344,-0.066461451351642609,-0.062274612486362457,-0.056393027305603027,-0.049916911870241165,-0.040968354791402817,1.7528414095831053,2
distill:m4-hourly,H16,Laplace-q-fixed-bandwidth,698,-0.011189971293543266,-0.049780841115423281,-0.075314515594228193,-0.064953009264741041,-0.058445280921462464,-0.053564438147199044,-0.049321607306512277,-0.04511255051967035,-0.040353258153169688,-0.03412828520240957,-0.024498699387991769,1.0826229725436389,2
distill:m4-hourly,H16,TimesFM-zero-shot,698,-0.011189971293543266,-0.023261236026883125,-0.023025721311569214,-0.042074840515851974,-0.034822613000869751,-0.030407970771193504,-0.027105322107672691,-0.019639641046524048,-0.016881082206964493,-0.01267145574092865,-0.0055729025043547153,2.7632845547689229,2
distill:m4-hourly,H16,TimesFM-laplace-qd,698,-0.011189971293543266,-0.041300792247056961,-0.042450424283742905,-0.061093606054782867,-0.053419526666402817,-0.047685403376817703,-0.042741108685731888,-0.039288405328989029,-0.034137364476919174,-0.028616039082407951,-0.021212561056017876,1.4367584911957278,2
distill:m4-hourly,H7,Laplace-q-fixed-bandwidth,635,-0.0047180941459519232,-0.018527510007521748,-0.031639454352157509,-0.025602438903513568,-0.022384085424608159,-0.020040571960919559,-0.017995351814762486,-0.015973486349412293,-0.01371906596384535,-0.010756941518217562,-0.0055927278027888749,2.4393434687700752,2
distill:m4-hourly,H7,TimesFM-zero-shot,635,-0.0047180941459519232,-0.0088970065116882324,-0.009924301877617836,-0.018597528338432312,-0.014481689780950546,-0.012043720111250877,-0.010760700330138206,-0.0070247314870357513,-0.0057398248463869095,-0.0031713633798062801,0.00098420027643442154,3.5690961791109248,2
distill:m4-hourly,H7,TimesFM-laplace-qd,635,-0.0047180941459519232,-0.011957158334553242,-0.012197005562484264,-0.024698574095964432,-0.019833005964756012,-0.016341796144843102,-0.01389414444565773,-0.011761323548853397,-0.0094339819625020027,-0.006029459647834301,-0.0010543821845203638,2.9786544356676288,2
distill:m4-hourly,H7,Laplace-q-fixed-bandwidth,636,0.017002646732548143,-0.0049853598021850345,-0.0186462791930068,-0.012448977185593388,-0.0090564162693472887,-0.0065949716017754123,-0.004454864010652048,-0.0023399492849469996,2.5574198358690312e-05,0.0031478492630681444,0.0085032236243458154,1.5180710095932963,2
distill:m4-hourly,H7,TimesFM-zero-shot,636,0.017002646732548143,0.018513577058911324,0.017786247655749321,0.0095307342708110809,0.013399772346019745,0.015581103041768074,0.016828812658786774,0.020147155970335007,0.0211197379976511,0.023290811106562614,0.026933871209621429,3.8657682580975776,2
distill:m4-hourly,H7,TimesFM-laplace-qd,636,0.017002646732548143,0.013220446184277534,0.013396715745329857,0.0012621075147762895,0.0057080038823187351,0.0090356823056936264,0.011408121325075626,0.013123185373842716,0.015254320576786995,0.018268553540110588,0.022830657660961151,3.4408046100639922,2
distill:m4-hourly,H7,Laplace-q-fixed-bandwidth,637,0.036178755753292435,0.0059216506612936072,-0.0089153273401706909,-0.002389778531863708,0.0013658182655817473,0.0040964479251451311,0.0064610399465906713,0.008796756318998851,0.01141855306567495,0.014883043475962723,0.020606794788084137,0.6303668845784165,2
distill:m4-hourly,H7,TimesFM-zero-shot,637,0.036178755753292435,0.034633815288543701,0.03409712016582489,0.027080398052930832,0.030563918873667717,0.032402880489826202,0.033222958445549011,0.036067113280296326,0.036700911819934845,0.038311362266540527,0.041217464953660965,4.110500506349779,2
distill:m4-hourly,H7,TimesFM-laplace-qd,637,0.036178755753292435,0.02561584860086441,0.026854202151298523,0.015379194170236588,0.019312344491481781,0.022120915353298187,0.024009482935070992,0.02502160519361496,0.026633461937308311,0.028960239142179489,0.032534059137105942,2.2623150238924916,2
distill:m4-hourly,H7,Laplace-q-fixed-bandwidth,638,0.055397754498983431,0.014130012166392734,-0.0024314392236699824,0.004572027624344859,0.0088165884350864046,0.011944574160661997,0.014654414301806907,0.01733395454052733,0.020349972712073141,0.02431523149431267,0.030604626406262578,-0.59842726850321304,2
distill:m4-hourly,H7,TimesFM-zero-shot,638,0.055397754498983431,0.048649802803993225,0.048594240099191666,0.042014338076114655,0.044984977692365646,0.046794738620519638,0.047330271452665329,0.049767483025789261,0.050306417047977448,0.051468763500452042,0.05442105233669281,2.8564242967703417,2
distill:m4-hourly,H7,TimesFM-laplace-qd,638,0.055397754498983431,0.03956911712884903,0.041293870657682419,0.030799901112914085,0.034048024564981461,0.036607168614864349,0.038195610046386719,0.038521759212017059,0.039962705224752426,0.041853655129671097,0.045324657112360001,0.94347557316079289,2
distill:m4-hourly,H7,Laplace-q-fixed-bandwidth,639,0.061392079370188313,0.040364610126669434,0.021221220760238357,0.029019885421022837,0.033948933931191999,0.037656440186610018,0.04088315101484942,0.044078139878588454,0.047671539357359849,0.052334450194344073,0.059464223558113968,2.0559945688575554,2
distill:m4-hourly,H7,TimesFM-zero-shot,639,0.061392079370188313,0.061942443251609802,0.061418421566486359,0.054356135427951813,0.057647388428449631,0.059767130762338638,0.060618635267019272,0.063235014677047729,0.063685059547424316,0.0649896040558815,0.068172834813594818,4.1587222823924304,2
distill:m4-hourly,H7,TimesFM-laplace-qd,639,0.061392079370188313,0.055310159921646118,0.055786259472370148,0.045877076685428619,0.049432054162025452,0.052341386675834656,0.054355558007955551,0.055205810815095901,0.056754987686872482,0.059091020375490189,0.063379004597663879,2.9548909855165659,2
distill:m4-hourly,H7,Laplace-q-fixed-bandwidth,640,0.064058691125280731,0.054675885737766911,0.034972007019409848,0.042843450154450125,0.047925394860826559,0.051803775970978114,0.055193819370810138,0.058551249334618791,0.062314528945421846,0.067137257566379893,0.074352274175753824,3.1021688605463655,2
distill:m4-hourly,H7,TimesFM-zero-shot,640,0.064058691125280731,0.058913175016641617,0.058712717145681381,0.052130971103906631,0.055158644914627075,0.056916959583759308,0.057691577821969986,0.060102421790361404,0.060577373951673508,0.061839267611503601,0.064665623009204865,3.3554301714694263,2
distill:m4-hourly,H7,TimesFM-laplace-qd,640,0.064058691125280731,0.056381050497293472,0.056685224175453186,0.048494234681129456,0.051652196794748306,0.054091587662696838,0.055764295160770416,0.056237939745187759,0.057758539915084839,0.059842292219400406,0.063481993973255157,2.6999944682344159,2
distill:m4-hourly,H7,Laplace-q-fixed-bandwidth,641,0.048621461735635307,0.048555117030137089,0.029132577256452657,0.036927492029510171,0.041935753493800791,0.045744188473637488,0.04906923801197987,0.052362063523058423,0.056056231229654883,0.060805109121697488,0.067945217427968829,3.4742432137495602,2
distill:m4-hourly,H7,TimesFM-zero-shot,641,0.048621461735635307,0.054830599576234818,0.054642189294099808,0.04721330851316452,0.050418995320796967,0.052400007843971252,0.053412854671478271,0.056366592645645142,0.057104453444480896,0.058646973222494125,0.062050968408584595,3.2754657803540388,2
distill:m4-hourly,H7,TimesFM-laplace-qd,641,0.048621461735635307,0.053934302181005478,0.053945831954479218,0.045515358448028564,0.048901811242103577,0.051421564072370529,0.053227182477712631,0.054234612733125687,0.056059665977954865,0.05850517749786377,0.06264476478099823,3.7275716510276933,2
distill:m4-hourly,H7,Laplace-q-fixed-bandwidth,642,0.048987110465922967,0.045470232387310211,0.026669994315966221,0.034364333091385271,0.039201657509123349,0.042828705750245832,0.045982935983932487,0.049105956716010105,0.052620259884405954,0.057192194675173474,0.064219823410911425,3.4802566986958396,2
distill:m4-hourly,H7,TimesFM-zero-shot,642,0.048987110465922967,0.045623984187841415,0.044951882213354111,0.038812216371297836,0.041923616081476212,0.043794795870780945,0.04439762607216835,0.046889543533325195,0.047569658607244492,0.048973426222801208,0.051976773887872696,3.9408334968762984,2
distill:m4-hourly,H7,TimesFM-laplace-qd,642,0.048987110465922967,0.049059022217988968,0.0487542524933815,0.04227016493678093,0.045390989631414413,0.047582145780324936,0.04892285168170929,0.049377482384443283,0.05097506195306778,0.053161915391683578,0.056677065789699554,4.4136598660600583,2
distill:m4-hourly,H7,Laplace-q-fixed-bandwidth,643,0.041641496431235936,0.03930419626156835,0.021115955236132189,0.02870259451127527,0.033363229392808086,0.036817685459540228,0.039814876980520747,0.042782131256494799,0.046126712491180097,0.050518649509196656,0.057424205728587779,3.5576010386750783,2
distill:m4-hourly,H7,TimesFM-zero-shot,643,0.041641496431235936,0.038253314793109894,0.03789886087179184,0.0300140380859375,0.033598333597183228,0.035589162260293961,0.036757767200469971,0.039708022028207779,0.04056033119559288,0.042238321155309677,0.04530775174498558,3.8844725935937525,2
distill:m4-hourly,H7,TimesFM-laplace-qd,643,0.041641496431235936,0.039337784051895142,0.038928702473640442,0.031586717814207077,0.035093944519758224,0.037545859813690186,0.039565250277519226,0.040220759809017181,0.041917920112609863,0.044313445687294006,0.048002872616052628,4.0342188508720103,2
distill:m4-hourly,H7,Laplace-q-fixed-bandwidth,644,0.031679569067328828,0.038996724328422924,0.02148608940855028,0.028946425315973173,0.033402396330494633,0.036671639484735355,0.03950518821621915,0.042310426023380657,0.045474208644606925,0.049660860851487444,0.056419729617265491,3.1777827942292598,2
distill:m4-hourly,H7,TimesFM-zero-shot,644,0.031679569067328828,0.031935364007949829,0.031922012567520142,0.023282816633582115,0.02705211378633976,0.029154485091567039,0.030288772657513618,0.033502973616123199,0.034692645072937012,0.036699134856462479,0.040265649557113647,3.8685558695825737,2
distill:m4-hourly,H7,TimesFM-laplace-qd,644,0.031679569067328828,0.032950162887573242,0.032574094831943512,0.023596614599227905,0.027782458811998367,0.030740045011043549,0.032959591597318649,0.0344829261302948,0.036764346063137054,0.039552979171276093,0.043902982026338577,3.8268055721802501,2
distill:m4-hourly,H7,Laplace-q-fixed-bandwidth,645,0.038313613858223405,0.040849133087986329,0.023614238363894244,0.03098958942772137,0.03536745625086981,0.038574003134702495,0.041353255648725232,0.044104757889822481,0.047207657716822837,0.051318434078213092,0.057992223529578495,3.5629318357053155,2
distill:m4-hourly,H7,TimesFM-zero-shot,645,0.038313613858223405,0.03669772669672966,0.037090860307216644,0.0283677838742733,0.031926784664392471,0.034058589488267899,0.035163715481758118,0.038405381143093109,0.039522167295217514,0.041295100003480911,0.044684916734695435,3.8778109289902485,2
distill:m4-hourly,H7,TimesFM-laplace-qd,645,0.038313613858223405,0.041645240038633347,0.041404921561479568,0.032933108508586884,0.036879740655422211,0.039764702320098877,0.041867677122354507,0.04315822571516037,0.045354675501585007,0.047970980405807495,0.052064955234527588,3.7577475512675118,2
distill:m4-hourly,H7,Laplace-q-fixed-bandwidth,646,0.039531736990106481,0.034953452096830318,0.018359247587026215,0.025590097324855288,0.029769814839994475,0.032814122302115258,0.03545431636796257,0.038068382104642126,0.041014158687237352,0.044930765418220442,0.051439848010848783,3.5680208430230214,2
distill:m4-hourly,H7,TimesFM-zero-shot,646,0.039531736990106481,0.030823845416307449,0.031371753662824631,0.022615151479840279,0.02596355602145195,0.028057828545570374,0.02915743924677372,0.032227754592895508,0.033238325268030167,0.03507150337100029,0.038799982517957687,2.7544282761376282,2
distill:m4-hourly,H7,TimesFM-laplace-qd,646,0.039531736990106481,0.03483273833990097,0.034518267959356308,0.02653125673532486,0.030230928212404251,0.032977569848299026,0.035078063607215881,0.036308098584413528,0.038521237671375275,0.041305933147668839,0.045668423175811768,3.5829783924850291,2
distill:m4-hourly,H7,Laplace-q-fixed-bandwidth,647,0.030623814906959979,0.02489024171871022,0.0089118996341779888,0.015982915705694541,0.019972207247702458,0.022870251950234653,0.025387147926610985,0.027879465573645536,0.03068422422471798,0.034417192887415599,0.040747891600553074,3.5080428722298436,2
distill:m4-hourly,H7,TimesFM-zero-shot,647,0.030623814906959979,0.025948630645871162,0.026190420612692833,0.017568215727806091,0.020961817353963852,0.023277491331100464,0.02435685321688652,0.027427451685070992,0.02814478799700737,0.02974918857216835,0.033162947744131088,3.6285082082706293,2
distill:m4-hourly,H7,TimesFM-laplace-qd,647,0.030623814906959979,0.025288349017500877,0.025356054306030273,0.016647079959511757,0.020277552306652069,0.023276057094335556,0.025379715487360954,0.026653546839952469,0.028460068628191948,0.030985662713646889,0.035120211541652679,3.5031764953407847,2
distill:m4-hourly,H7,Laplace-q-fixed-bandwidth,648,0.019320861609298134,0.018771203489246786,0.0033157134046697657,0.010230359454540264,0.014061363783517491,0.016843469178521593,0.019263517687697108,0.021660238362386008,0.024353507513241127,0.027935796691287852,0.034097958425527826,3.7843454490750119,2
distill:m4-hourly,H7,TimesFM-zero-shot,648,0.019320861609298134,0.01500967051833868,0.015023579820990562,0.0050377151928842068,0.0091191474348306656,0.011753084138035774,0.013064502738416195,0.016702573746442795,0.018045743927359581,0.019958155229687691,0.023515218868851662,3.6556360538924282,2
distill:m4-hourly,H7,TimesFM-laplace-qd,648,0.019320861609298134,0.016564279794692993,0.015586002729833126,0.0058790878392755985,0.010458902455866337,0.013770419172942638,0.016269931569695473,0.018464557826519012,0.021025875583291054,0.024184541776776314,0.028615111485123634,3.6113495146253163,2
distill:m4-hourly,H7,Laplace-q-fixed-bandwidth,649,-0.0035664284395142687,0.0017880397833612675,-0.012877033599892444,-0.0062117451683244623,-0.0026205478023974193,-6.3327022665090083e-06,0.0022754655419557328,0.0045358591735332205,0.0070683097342249717,0.01042495474136549,0.016315913746472628,3.4399886891794447,2
distill:m4-hourly,H7,TimesFM-zero-shot,649,-0.0035664284395142687,-0.0022932440042495728,-0.0026274160481989384,-0.012310624122619629,-0.0082165021449327469,-0.0056573841720819473,-0.004337881226092577,-0.00066432170569896698,0.00056139333173632622,0.0026515386998653412,0.0063713602721691132,3.759454151742152,2
distill:m4-hourly,H7,TimesFM-laplace-qd,649,-0.0035664284395142687,-0.00058025610633194447,-0.0026403861120343208,-0.010742893442511559,-0.0063342624343931675,-0.003164269495755434,-0.00068628066219389439,0.0015295976772904396,0.0038856198079884052,0.0068242880515754223,0.011240286752581596,3.6016770432278089,2
distill:m4-hourly,H7,Laplace-q-fixed-bandwidth,650,-0.022931160307663845,-0.02123569319631444,-0.035506662655326413,-0.028990291709613071,-0.025510234653415856,-0.02297219055542396,-0.020753574932074061,-0.018555544925051751,-0.016096160916016587,-0.012843197004783421,-0.0071023063779605908,3.8018835097236572,2
distill:m4-hourly,H7,TimesFM-zero-shot,650,-0.022931160307663845,-0.025755181908607483,-0.026097822934389114,-0.035373140126466751,-0.031516805291175842,-0.029147829860448837,-0.027657417580485344,-0.023954480886459351,-0.022819941863417625,-0.020529961213469505,-0.016443906351923943,3.6968516973307524,2
distill:m4-hourly,H7,TimesFM-laplace-qd,650,-0.022931160307663845,-0.024349169805645943,-0.026348540559411049,-0.033621069043874741,-0.029483849182724953,-0.02652343362569809,-0.024118535220623016,-0.022169634699821472,-0.019827323034405708,-0.01680908165872097,-0.012140790931880474,3.7457735149313391,2
distill:m4-hourly,H7,Laplace-q-fixed-bandwidth,651,-0.03230759368229208,-0.030035592996112085,-0.043580096019716269,-0.037343184975812911,-0.034068843080775547,-0.031666958168843767,-0.029559524305302162,-0.027471093242838189,-0.025141782114426171,-0.02207910418793671,-0.016623995906124109,3.8066251192292349,2
distill:m4-hourly,H7,TimesFM-zero-shot,651,-0.03230759368229208,-0.029776571318507195,-0.030538124963641167,-0.040552761405706406,-0.036191169172525406,-0.033438447862863541,-0.031780935823917389,-0.027813058346509933,-0.026662420481443405,-0.024302184581756592,-0.020163742825388908,3.6696122235710451,2
distill:m4-hourly,H7,TimesFM-laplace-qd,651,-0.03230759368229208,-0.029263351112604141,-0.031362466514110565,-0.039789997041225433,-0.035314809530973434,-0.031983420252799988,-0.029450090602040291,-0.027480842545628548,-0.02539348229765892,-0.022603096440434456,-0.018113985657691956,3.6086992033355121,2
distill:m4-hourly,H7,Laplace-q-fixed-bandwidth,652,-0.023374793802132032,-0.016430664791855787,-0.02929852315079496,-0.023349427927497425,-0.020256727299066302,-0.017972591679645038,-0.015961220448606837,-0.013967490234062106,-0.011750601859554378,-0.0088547318857339734,-0.0036821856464816166,3.22471718578044,2
distill:m4-hourly,H7,TimesFM-zero-shot,652,-0.023374793802132032,-0.020226053893566132,-0.020981088280677795,-0.030392050743103027,-0.026126064360141754,-0.023608699440956116,-0.022119719535112381,-0.018320148810744286,-0.017040969803929329,-0.014719588682055473,-0.010632537305355072,3.7660594651903017,2
distill:m4-hourly,H7,TimesFM-laplace-qd,652,-0.023374793802132032,-0.015489937737584114,-0.017623689025640488,-0.025258038192987442,-0.020938865840435028,-0.017998069524765015,-0.015767334029078484,-0.014071626588702202,-0.011995387263596058,-0.0094741620123386383,-0.0054612262174487114,2.9430087047780584,2
distill:m4-hourly,H7,Laplace-q-fixed-bandwidth,653,-0.058893484846279875,-0.042508314877379494,-0.05527337036726554,-0.049373686320727153,-0.046304643848273999,-0.044038689540105466,-0.042043683785199709,-0.040066217592879261,-0.037867126215660643,-0.034993734279862382,-0.029863061155325749,1.9574952269060406,2
distill:m4-hourly,H7,TimesFM-zero-shot,653,-0.058893484846279875,-0.048957053571939468,-0.049128573387861252,-0.059210840612649918,-0.05483834445476532,-0.052381724119186401,-0.050882898271083832,-0.046932701021432877,-0.045779861509799957,-0.043225236237049103,-0.038790136575698853,2.1159631288097365,2
distill:m4-hourly,H7,TimesFM-laplace-qd,653,-0.058893484846279875,-0.046018224209547043,-0.047707505524158478,-0.056020762771368027,-0.051554635167121887,-0.048667710274457932,-0.046478096395730972,-0.044700320810079575,-0.042658630758523941,-0.039675150066614151,-0.035395149141550064,0.95121153678468129,2
distill:m4-hourly,H7,Laplace-q-fixed-bandwidth,654,-0.10116413202060137,-0.083964378022467118,-0.097764547340563501,-0.091455957151969747,-0.088094981958204338,-0.085641601448717741,-0.083495782333691648,-0.081369860121344895,-0.078992501254796704,-0.075851336040555606,-0.070301701552066109,1.9403946250407875,2
distill:m4-hourly,H7,TimesFM-zero-shot,654,-0.10116413202060137,-0.094293557107448578,-0.093810535967350006,-0.10485154390335083,-0.10040052235126495,-0.097710870206356049,-0.096294812858104706,-0.092186816036701202,-0.09061209112405777,-0.087713450193405151,-0.082908801734447479,3.5569076258527281,2
distill:m4-hourly,H7,TimesFM-laplace-qd,654,-0.10116413202060137,-0.093413218855857849,-0.093937680125236511,-0.10579211264848709,-0.10071166604757309,-0.097138144075870514,-0.094737514853477478,-0.092347577214241028,-0.089684367179870605,-0.086271248757839203,-0.081229038536548615,3.3590384115755776,2
distill:m4-hourly,H7,Laplace-q-fixed-bandwidth,655,-0.095218386404205546,-0.089636133087902026,-0.10441335944502936,-0.097798105598505519,-0.094137552409139374,-0.091478388720096226,-0.089164685199619814,-0.086873387327517121,-0.08429955116802329,-0.08087818981658676,-0.074989754523111546,3.4116001087044987,2
distill:m4-hourly,H7,TimesFM-zero-shot,655,-0.095218386404205546,-0.089978858828544617,-0.0892467200756073,-0.099949568510055542,-0.095571927726268768,-0.093097157776355743,-0.091791823506355286,-0.087814763188362122,-0.086253143846988678,-0.083590686321258545,-0.079495854675769806,3.8866417975027976,2
distill:m4-hourly,H7,TimesFM-laplace-qd,655,-0.095218386404205546,-0.088331982493400574,-0.087869010865688324,-0.099673286080360413,-0.094967857003211975,-0.091742873191833496,-0.089524365961551666,-0.087467581033706665,-0.085152611136436462,-0.082167215645313263,-0.078016266226768494,3.5083834729510128,2
distill:m4-hourly,H7,Laplace-q-fixed-bandwidth,656,-0.070523412006991748,-0.069338780717430742,-0.083767539196779262,-0.077272874170992073,-0.073713119641696273,-0.071125741978870616,-0.068872048203272113,-0.06664000143005816,-0.064135168238649398,-0.060808845998038874,-0.055043829531411334,3.8143189153518873,2
distill:m4-hourly,H7,TimesFM-zero-shot,656,-0.070523412006991748,-0.067165322601795197,-0.066646620631217957,-0.077278397977352142,-0.072930380702018738,-0.070391498506069183,-0.069037057459354401,-0.065233759582042694,-0.063761457800865173,-0.061092410236597061,-0.056871037930250168,3.8900324284518888,2
distill:m4-hourly,H7,TimesFM-laplace-qd,656,-0.070523412006991748,-0.066889293491840363,-0.065860293805599213,-0.078306443989276886,-0.073777854442596436,-0.070533022284507751,-0.068308517336845398,-0.066752173006534576,-0.064498677849769592,-0.061587773263454437,-0.057375136762857437,3.883782808506723,2
distill:m4-hourly,H7,Laplace-q-fixed-bandwidth,657,-0.041777115215035465,-0.03288450965254254,-0.046596601200319415,-0.040342721439240309,-0.036996456145023282,-0.034555905085184094,-0.032422789578128053,-0.030309620212677142,-0.02794526379644835,-0.024818647543392414,-0.01931068723532936,2.9428898791592948,2
distill:m4-hourly,H7,TimesFM-zero-shot,657,-0.041777115215035465,-0.043696567416191101,-0.043075002729892731,-0.054329656064510345,-0.050060532987117767,-0.047414757311344147,-0.045692387968301773,-0.041598986834287643,-0.040247801691293716,-0.03760051354765892,-0.033142544329166412,3.5913051537353815,2
distill:m4-hourly,H7,TimesFM-laplace-qd,657,-0.041777115215035465,-0.040594290941953659,-0.038798756897449493,-0.053725395351648331,-0.048878446221351624,-0.045420326292514801,-0.042534191161394119,-0.040106743574142456,-0.037747029215097427,-0.034529276192188263,-0.029781922698020935,3.5865723702570365,2
distill:m4-hourly,H7,Laplace-q-fixed-bandwidth,658,-0.035613577495579918,-0.032531632136123423,-0.046348363710948325,-0.040077424787936647,-0.036691496146054318,-0.034225884420357018,-0.032073836883067905,-0.029942156390236729,-0.0275543082390814,-0.024391046972102148,-0.018851753630067247,3.7206627583875971,2
distill:m4-hourly,H7,TimesFM-zero-shot,658,-0.035613577495579918,-0.028627166524529457,-0.028503043577075005,-0.03818105161190033,-0.034083180129528046,-0.031607586890459061,-0.030315354466438293,-0.026837950572371483,-0.025499111041426659,-0.023088566958904266,-0.019001571461558342,3.3500994336223515,2
distill:m4-hourly,H7,TimesFM-laplace-qd,658,-0.035613577495579918,-0.030696161091327667,-0.029184456914663315,-0.043467026203870773,-0.038629468530416489,-0.035273145884275436,-0.032659206539392471,-0.030926033854484558,-0.028556454926729202,-0.025270765647292137,-0.020577449351549149,3.8813038832781452,2
distill:m4-hourly,H7,Laplace-q-fixed-bandwidth,659,-0.015929816802065844,-0.0097824582529816573,-0.023023223669179808,-0.016962754880025022,-0.013742954740891301,-0.011389700433963177,-0.0093299258274275321,-0.0072892281345292055,-0.0050088470614505342,-0.0020000915621016732,0.0033214267826771633,3.3526820633898993,2
distill:m4-hourly,H7,TimesFM-zero-shot,659,-0.015929816802065844,-0.0093795023858547211,-0.010063069872558117,-0.019076641649007797,-0.014922373928129673,-0.012493857182562351,-0.011206641793251038,-0.0077027636580169201,-0.0065585756674408913,-0.0042630950920283794,-0.00040017708670347929,3.5550976731460406,2
distill:m4-hourly,H7,TimesFM-laplace-qd,659,-0.015929816802065844,-0.0072673428803682327,-0.0067245331592857838,-0.02057579904794693,-0.015496164560317993,-0.011860299855470657,-0.0092613063752651215,-0.0074369944632053375,-0.0052757835946977139,-0.0023584729060530663,0.0019714783411473036,3.3273762805056375,2
distill:m4-hourly,H7,Laplace-q-fixed-bandwidth,660,0.016583782784723056,0.011551374081778277,-0.0014767558034729572,0.0044929260762146487,0.0076571835397044015,0.0099719107276212207,0.011999086830050501,0.014007551165019727,0.016250813969704715,0.019207827436051018,0.024443757943520744,3.6846064314360025,2
distill:m4-hourly,H7,TimesFM-zero-shot,660,0.016583782784723056,0.012740383855998516,0.012020977213978767,0.0039544235914945602,0.0079352948814630508,0.010069361887872219,0.011320930905640125,0.01419518981128931,0.014999876730144024,0.017085026949644089,0.02048502117395401,3.7681884456098871,2
distill:m4-hourly,H7,TimesFM-laplace-qd,660,0.016583782784723056,0.014261179603636265,0.014895736239850521,0.002347961999475956,0.007009127177298069,0.010314308106899261,0.01278158463537693,0.014038094319403172,0.0158559400588274,0.018659874796867371,0.022715914994478226,3.7120921014652133,2
distill:m4-hourly,H7,Laplace-q-fixed-bandwidth,661,0.031964800276842453,0.029342579831265658,0.016795830253358984,0.02257065051790319,0.025602656678085582,0.027829676570766328,0.029784776083500698,0.031722156985400152,0.033881548077651868,0.03671644243242464,0.041758597127364128,3.9365325113310075,2
distill:m4-hourly,H7,TimesFM-zero-shot,661,0.031964800276842453,0.034690842032432556,0.03453652560710907,0.026072444394230843,0.030035872012376785,0.032228048890829086,0.033313669264316559,0.036055631935596466,0.036734044551849365,0.038299404084682465,0.04123595729470253,3.9974744321545956,2
distill:m4-hourly,H7,TimesFM-laplace-qd,661,0.031964800276842453,0.032639913260936737,0.034260697662830353,0.02045784704387188,0.02521231584250927,0.028563674539327621,0.031009189784526825,0.032192680984735489,0.033959634602069855,0.036342650651931763,0.040156055241823196,3.9726226290684958,2
distill:m4-hourly,H7,Laplace-q-fixed-bandwidth,662,0.053560193486045904,0.044918078591148963,0.033048485661225369,0.038531858033988925,0.041383323879904815,0.043493756790592572,0.045353860940221077,0.047197614170116059,0.049245781855522502,0.051915212680722564,0.056672735241283523,3.1391508225786913,2
distill:m4-hourly,H7,TimesFM-zero-shot,662,0.053560193486045904,0.048400167375802994,0.048217993229627609,0.040261596441268921,0.04400194063782692,0.046219166368246078,0.047022629529237747,0.0496930330991745,0.050278957933187485,0.05154736340045929,0.054339494556188583,3.4652737359224099,2
distill:m4-hourly,H7,TimesFM-laplace-qd,662,0.053560193486045904,0.04710586741566658,0.048596054315567017,0.03556080162525177,0.040172778069972992,0.043389786034822464,0.045609813183546066,0.046523638069629669,0.048257876187562943,0.050376277416944504,0.053983218967914581,2.9353076422125035,2
distill:m4-hourly,H7,Laplace-q-fixed-bandwidth,663,0.059654226239054253,0.055812823999870718,0.043893522672195165,0.049394977886925262,0.052262965708377421,0.054380614909340763,0.056244845388901607,0.058092516030125496,0.06014705695939089,0.062830652846311313,0.067611930448078644,3.8683158177340724,2
distill:m4-hourly,H7,TimesFM-zero-shot,663,0.059654226239054253,0.060264322906732559,0.060251414775848389,0.051775187253952026,0.055354643613100052,0.057859860360622406,0.058818347752094269,0.061693955212831497,0.062287736684083939,0.063476510345935822,0.066550463438034058,4.046959430116873,2
distill:m4-hourly,H7,TimesFM-laplace-qd,663,0.059654226239054253,0.062586404383182526,0.063361018896102905,0.050626892596483231,0.055318400263786316,0.058866661041975021,0.061395581811666489,0.062665358185768127,0.064434781670570374,0.06663358211517334,0.070604860782623291,3.8544049576250572,2
distill:m4-hourly,H7,Laplace-q-fixed-bandwidth,664,0.057194784509983165,0.059396174785308321,0.048032537893177608,0.053282022755090433,0.056007226761434839,0.058032876355136077,0.059821847262015525,0.061595315260159947,0.063562024260497535,0.066115043157366382,0.070657260781722353,3.9456429693668067,2
distill:m4-hourly,H7,TimesFM-zero-shot,664,0.057194784509983165,0.055301528424024582,0.054514884948730469,0.04671279713511467,0.050358142703771591,0.052668172866106033,0.053797520697116852,0.056848049163818359,0.057671871036291122,0.059187136590480804,0.062430180609226227,4.0325699631673766,2
distill:m4-hourly,H7,TimesFM-laplace-qd,664,0.057194784509983165,0.059235278517007828,0.058976620435714722,0.047513719648122787,0.052114665508270264,0.055685028433799744,0.058228090405464172,0.059746567159891129,0.061759985983371735,0.06403350830078125,0.06822088360786438,3.8072779341256715,2
distill:m4-hourly,H7,Laplace-q-fixed-bandwidth,665,0.05813845418119179,0.04807298486494864,0.037284608127172242,0.042258243702399306,0.044841735890397652,0.046776858024255012,0.048491769758910883,0.050192216714288994,0.05207251821001066,0.054496386853796,0.058784955383036623,2.8523389600448201,2
distill:m4-hourly,H7,TimesFM-zero-shot,665,0.05813845418119179,0.049170307815074921,0.04881555587053299,0.04146207869052887,0.044964529573917389,0.047066643834114075,0.047945167869329453,0.05072760209441185,0.051414407789707184,0.052625875920057297,0.05552147701382637,2.5575803090272284,2
distill:m4-hourly,H7,TimesFM-laplace-qd,665,0.05813845418119179,0.052924841642379761,0.053138252347707748,0.042851142585277557,0.047020599246025085,0.050190020352602005,0.052414063364267349,0.053142398595809937,0.054868064820766449,0.056632701307535172,0.059964228421449661,3.3940504832872667,2
distill:m4-hourly,H7,Laplace-q-fixed-bandwidth,666,0.061846765208731114,0.047115770092607256,0.035998511682762538,0.04113257962457012,0.043798592725429797,0.045781414293507197,0.047532993175416788,0.049269396032689899,0.051194533238442641,0.053692102704117201,0.058132516592381334,2.1653539107832458,2
distill:m4-hourly,H7,TimesFM-zero-shot,666,0.061846765208731114,0.049016140401363373,0.048284377902746201,0.040141429752111435,0.044209495186805725,0.046466127038002014,0.047494065016508102,0.050595439970493317,0.051505856215953827,0.05299723893404007,0.055971302092075348,1.826523099092501,2
distill:m4-hourly,H7,TimesFM-laplace-qd,666,0.061846765208731114,0.052471082657575607,0.052071776241064072,0.04202621802687645,0.046660937368869781,0.049608927220106125,0.051794286817312241,0.052998296916484833,0.055078160017728806,0.057518757879734039,0.061328493058681488,2.7400931462220544,2
distill:m4-hourly,H7,Laplace-q-fixed-bandwidth,667,0.051589875359443482,0.039968844244072654,0.027992242962543608,0.033498169563744525,0.036394918875069841,0.038522095105818464,0.040389093897320948,0.042239044726520021,0.044301165919075999,0.04700855622956366,0.051815828243564573,2.6564273187006524,2
distill:m4-hourly,H7,TimesFM-zero-shot,667,0.051589875359443482,0.043808072805404663,0.04374246671795845,0.034584447741508484,0.038429699838161469,0.040899895131587982,0.042131111025810242,0.04548465833067894,0.046467259526252747,0.047895222902297974,0.051186308264732361,3.0232261993365572,2
distill:m4-hourly,H7,TimesFM-laplace-qd,667,0.051589875359443482,0.042958736419677734,0.043051674962043762,0.033641558140516281,0.037783361971378326,0.040727272629737854,0.042893283069133759,0.043882932513952255,0.045867171138525009,0.04822201281785965,0.052098799496889114,2.8701535505756062,2
distill:m4-hourly,H7,Laplace-q-fixed-bandwidth,668,0.040297260498158849,0.032565461595017643,0.020160672997131854,0.025816864438034735,0.028842464100298802,0.03105187130272067,0.03298404957455419,0.03489805454315837,0.0370380784840268,0.039863711346834689,0.044836342455699972,3.2964344522458848,2
distill:m4-hourly,H7,TimesFM-zero-shot,668,0.040297260498158849,0.039449919015169144,0.039757739752531052,0.030080998316407204,0.034024614840745926,0.03643372654914856,0.037707224488258362,0.041130874305963516,0.042349338531494141,0.044175799936056137,0.047851379960775375,3.8217630626184667,2
distill:m4-hourly,H7,TimesFM-laplace-qd,668,0.040297260498158849,0.036379866302013397,0.036677330732345581,0.025558128952980042,0.030262075364589691,0.033560160547494888,0.036252748221158981,0.037963293492794037,0.04073280468583107,0.043770637363195419,0.048439539968967438,3.5585173914287287,2
distill:m4-hourly,H7,Laplace-q-fixed-bandwidth,669,0.054621160022165327,0.037888038991930911,0.025574095421598751,0.031184364879919744,0.03418971646835918,0.036383945591709335,0.038302495852907403,0.04020295756569045,0.042328133039249816,0.045134680462956545,0.050068725679195,2.0058574779223952,2
distill:m4-hourly,H7,TimesFM-zero-shot,669,0.054621160022165327,0.040743310004472733,0.041181508451700211,0.032417759299278259,0.035835474729537964,0.037977077066898346,0.039056476205587387,0.042351290583610535,0.043479308485984802,0.045268964022397995,0.048832938075065613,1.8740416444096644,2
distill:m4-hourly,H7,TimesFM-laplace-qd,669,0.054621160022165327,0.0400567427277565,0.040102533996105194,0.030196761712431908,0.034478910267353058,0.037663701921701431,0.040152039378881454,0.041984051465988159,0.044743411242961884,0.047508493065834045,0.051840431988239288,2.357258467241877,2
distill:m4-hourly,H7,Laplace-q-fixed-bandwidth,670,0.043786936791558873,0.035930933449780794,0.022734652240606945,0.028616911119540372,0.031893328426697634,0.034275677309548322,0.036348178178857521,0.038400288848702571,0.040705107641880997,0.04376559030751917,0.049000924905418033,3.2886273120980407,2
distill:m4-hourly,H7,TimesFM-zero-shot,670,0.043786936791558873,0.040688212960958481,0.041238661855459213,0.030507052317261696,0.034544188529253006,0.037097029387950897,0.038681585341691971,0.042532738298177719,0.043866109102964401,0.046160094439983368,0.050329536199569702,3.6303911511953189,2
distill:m4-hourly,H7,TimesFM-laplace-qd,670,0.043786936791558873,0.038222115486860275,0.038333430886268616,0.02784372866153717,0.0324082151055336,0.035593729466199875,0.038357317447662354,0.040224257856607437,0.043038871139287949,0.04646775871515274,0.051182422786951065,3.4086032841100904,2
distill:m4-hourly,H7,Laplace-q-fixed-bandwidth,671,0.032120200795267451,0.027045829101975529,0.013967996637493513,0.019795374879980378,0.023042930918877783,0.02540456619686917,0.027459057623505999,0.029493316646989072,0.031778035658689724,0.034811479547083662,0.039997988182635127,3.6683596460342738,2
distill:m4-hourly,H7,TimesFM-zero-shot,671,0.032120200795267451,0.029660999774932861,0.030329810455441475,0.020590770989656448,0.02433633990585804,0.026661824434995651,0.027860168367624283,0.031346369534730911,0.032429367303848267,0.034348934888839722,0.037880439311265945,3.8020818315509115,2
distill:m4-hourly,H7,TimesFM-laplace-qd,671,0.032120200795267451,0.028978608548641205,0.029104892164468765,0.020560812205076218,0.024547193199396133,0.027405021712183952,0.029499027878046036,0.030501676723361015,0.032986395061016083,0.035518720746040344,0.039056409150362015,3.835182272979484,2
distill:m4-hourly,H7,Laplace-q-fixed-bandwidth,672,0.02048284607982076,0.017090840487942724,0.004424785007759874,0.010118957796847915,0.013244146484951737,0.015518302570473493,0.0174999833372869,0.019462403174675534,0.021663176635983043,0.024581135829511439,0.029626881098683631,3.8622981036161077,2
distill:m4-hourly,H7,TimesFM-zero-shot,672,0.02048284607982076,0.019978936761617661,0.020441461354494095,0.011075637303292751,0.014759681187570095,0.017066767439246178,0.018259799107909203,0.021761884912848473,0.022932020947337151,0.024883309379220009,0.028313381597399712,3.8084331619646123,2
distill:m4-hourly,H7,TimesFM-laplace-qd,672,0.02048284607982076,0.02022656612098217,0.019293220713734627,0.011150945909321308,0.01557501032948494,0.018619570881128311,0.020767942070960999,0.022001573815941811,0.024524856358766556,0.0274458397179842,0.031286697834730148,3.8860458698070621,2
distill:m4-hourly,H7,Laplace-q-fixed-bandwidth,673,-0.0014674091127648836,-0.0035111410742291937,-0.015621952768666549,-0.010116123712257046,-0.0071552429964185987,-0.0049946017467253174,-0.0031064009254184169,-0.0012361430148216804,0.00085602394316027018,0.0036203318929645188,0.0084665892126970753,3.9968565620008141,2
distill:m4-hourly,H7,TimesFM-zero-shot,673,-0.0014674091127648836,0.00090217927936464548,0.0012627781834453344,-0.0074964771047234535,-0.0041077537462115288,-0.0018551386892795563,-0.00081880111247301102,0.0027011814527213573,0.0040175151079893112,0.0060350075364112854,0.0099452389404177666,3.9932632484653894,2
distill:m4-hourly,H7,TimesFM-laplace-qd,673,-0.0014674091127648836,0.0026921131648123264,0.0018541229655966163,-0.0052124494686722755,-0.0012810190673917532,0.001493229647167027,0.0034377994015812874,0.0050752777606248856,0.0075187506154179573,0.010169899091124535,0.014482549391686916,4.8714177614124452,2
distill:m4-hourly,H7,Laplace-q-fixed-bandwidth,674,-0.021893194303888919,-0.025326641880060365,-0.036799201801071629,-0.031534335436261385,-0.028755523667041344,-0.026716103449747321,-0.02492695859817215,-0.023154316249824287,-0.021177859670687901,-0.018581947425597399,-0.01398351529738307,3.9335105344041685,2
distill:m4-hourly,H7,TimesFM-zero-shot,674,-0.021893194303888919,-0.024107374250888824,-0.023963920772075653,-0.032165180891752243,-0.028991654515266418,-0.026979070156812668,-0.025822311639785767,-0.022355705499649048,-0.021265938878059387,-0.019254755228757858,-0.015125527046620846,3.7650783409308199,2
distill:m4-hourly,H7,TimesFM-laplace-qd,674,-0.021893194303888919,-0.024508435279130936,-0.025576964020729065,-0.032204367220401764,-0.028486955910921097,-0.025747332721948624,-0.023639306426048279,-0.022185739129781723,-0.019777640700340271,-0.017060831189155579,-0.012374077923595905,3.8354849897280516,2
distill:m4-hourly,H7,Laplace-q-fixed-bandwidth,675,-0.033310301675275156,-0.031158280614802927,-0.042095535797854938,-0.037055540335456993,-0.034421191585888813,-0.032476082295252021,-0.030764047897218441,-0.029067410620242949,-0.027180958546933011,-0.024717692582440089,-0.020340350933710279,3.9839389165196621,2
distill:m4-hourly,H7,TimesFM-zero-shot,675,-0.033310301675275156,-0.025355402380228043,-0.025195019319653511,-0.034649699926376343,-0.030928462743759155,-0.028593938797712326,-0.027312647551298141,-0.023382069543004036,-0.02211412787437439,-0.019726680591702461,-0.015594715252518654,2.7920426490264667,2
distill:m4-hourly,H7,TimesFM-laplace-qd,675,-0.033310301675275156,-0.026131611317396164,-0.027046279981732368,-0.036344803869724274,-0.031726907938718796,-0.028497077524662018,-0.026111887767910957,-0.024080414324998856,-0.021673707291483879,-0.018509354442358017,-0.013857016339898109,3.1717586681162535,2
distill:m4-hourly,H7,Laplace-q-fixed-bandwidth,676,-0.029778979592805399,-0.021664114788640599,-0.032064922779869262,-0.027266923843750197,-0.024770950370593271,-0.022914974034611658,-0.021275783798225756,-0.019650949839895689,-0.01784952829785803,-0.015512687207261344,-0.011365388175297933,2.9530802808706085,2
distill:m4-hourly,H7,TimesFM-zero-shot,676,-0.029778979592805399,-0.021498769521713257,-0.021293573081493378,-0.031259141862392426,-0.02718130499124527,-0.024909563362598419,-0.023648638278245926,-0.019533857703208923,-0.018092207610607147,-0.015688158571720123,-0.011545651592314243,2.7104800434420055,2
distill:m4-hourly,H7,TimesFM-laplace-qd,676,-0.029778979592805399,-0.021466508507728577,-0.022378247231245041,-0.031326804310083389,-0.026909090578556061,-0.02398759126663208,-0.021680537611246109,-0.019747272133827209,-0.017188653349876404,-0.014069016091525555,-0.0095876818522810936,2.8947709373935924,2
distill:m4-hourly,H7,Laplace-q-fixed-bandwidth,677,-0.064879643433220835,-0.051660446318562536,-0.062313589550478485,-0.057403686534290926,-0.054839599569367237,-0.052943835359257022,-0.051274153735063735,-0.049619439030074805,-0.047780660874099226,-0.04538278301387115,-0.041123127838859116,2.1970304444952697,2
distill:m4-hourly,H7,TimesFM-zero-shot,677,-0.064879643433220835,-0.051366120576858521,-0.050827644765377045,-0.060798600316047668,-0.056684732437133789,-0.054733678698539734,-0.05355631560087204,-0.04951140284538269,-0.048167988657951355,-0.045401699841022491,-0.04107704758644104,0.19779326773712658,2
distill:m4-hourly,H7,TimesFM-laplace-qd,677,-0.064879643433220835,-0.049311906099319458,-0.050209671258926392,-0.060390360653400421,-0.05535849928855896,-0.052446529269218445,-0.050038270652294159,-0.047848224639892578,-0.045221030712127686,-0.041518636047840118,-0.037039831280708313,-0.16915333113147374,2
distill:m4-hourly,H7,Laplace-q-fixed-bandwidth,678,-0.10249617845868642,-0.094741738528973662,-0.10621069062280165,-0.10097728890758359,-0.098183621449695238,-0.096140662736608498,-0.094352659855180501,-0.092581523924464934,-0.09060292983305808,-0.087994956603048291,-0.083404405588081806,3.0656901103635343,2
distill:m4-hourly,H7,TimesFM-zero-shot,678,-0.10249617845868642,-0.099183045327663422,-0.099173441529273987,-0.10864713042974472,-0.10461845993995667,-0.10253188014030457,-0.10130006074905396,-0.097130261361598969,-0.095453731715679169,-0.092522226274013519,-0.087422773241996765,3.948221119800448,2
distill:m4-hourly,H7,TimesFM-laplace-qd,678,-0.10249617845868642,-0.098402403295040131,-0.098945602774620056,-0.10956848412752151,-0.10483814775943756,-0.10179882496595383,-0.099295191466808319,-0.097366474568843842,-0.094723142683506012,-0.091209538280963898,-0.086114451289176941,3.7074673793317561,2
distill:m4-hourly,H7,Laplace-q-fixed-bandwidth,679,-0.10426350266910411,-0.092267275685881153,-0.10386039431577268,-0.098597339845895082,-0.09576043970047704,-0.09369021351902404,-0.091881326209217407,-0.090089744130649768,-0.08808553641502978,-0.085437807551786538,-0.080805308012057708,2.421252265051332,2
distill:m4-hourly,H7,TimesFM-zero-shot,679,-0.10426350266910411,-0.095142766833305359,-0.09575624018907547,-0.10580020397901535,-0.10097807645797729,-0.098611466586589813,-0.097319044172763824,-0.092882916331291199,-0.091053932905197144,-0.0878586545586586,-0.082922622561454773,2.7802970029892289,2
distill:m4-hourly,H7,TimesFM-laplace-qd,679,-0.10426350266910411,-0.090012788772583008,-0.090675942599773407,-0.10237472504377365,-0.09702841192483902,-0.093732766807079315,-0.091236390173435211,-0.088860534131526947,-0.085990436375141144,-0.08248138427734375,-0.07727416604757309,0.98815895235967632,2
distill:m4-hourly,H7,Laplace-q-fixed-bandwidth,680,-0.075380325975100249,-0.070281266662069075,-0.08244778766445407,-0.077020481500111398,-0.074002571148158114,-0.071806772359371884,-0.069895690522693704,-0.068003511353998042,-0.065879581240268964,-0.063062170633549075,-0.058239735957539118,3.5310902435800102,2
distill:m4-hourly,H7,TimesFM-zero-shot,680,-0.075380325975100249,-0.074124976992607117,-0.07495030015707016,-0.086310647428035736,-0.081032097339630127,-0.078184671700000763,-0.076368235051631927,-0.071751251816749573,-0.069628618657588959,-0.066272810101509094,-0.060760397464036942,3.4642901767376904,2
distill:m4-hourly,H7,TimesFM-laplace-qd,680,-0.075380325975100249,-0.069543734192848206,-0.070205599069595337,-0.084267869591712952,-0.078260384500026703,-0.074425153434276581,-0.071236394345760345,-0.06872279942035675,-0.065267384052276611,-0.061298079788684845,-0.055289950221776962,3.490689482172769,2
distill:m4-hourly,H7,Laplace-q-fixed-bandwidth,681,-0.056613916223083649,-0.041747057169100377,-0.053681385120562877,-0.048337784025026351,-0.045385500804416626,-0.043236769889248988,-0.041365299990679311,-0.039512244514753145,-0.037433590597340777,-0.034678003658399653,-0.029939107212165278,2.1083807518660427,2
distill:m4-hourly,H7,TimesFM-zero-shot,681,-0.056613916223083649,-0.046942044049501419,-0.046963457018136978,-0.05840388685464859,-0.053384929895401001,-0.050783116370439529,-0.049031324684619904,-0.044671863317489624,-0.042983118444681168,-0.039993308484554291,-0.035278558731079102,2.6246351421140592,2
distill:m4-hourly,H7,TimesFM-laplace-qd,681,-0.056613916223083649,-0.040141135454177856,-0.039493437856435776,-0.05389418825507164,-0.048131152987480164,-0.044770717620849609,-0.041788958013057709,-0.039714615792036057,-0.036855287849903107,-0.033196732401847839,-0.028221022337675095,0.1482889733213803,2
distill:m4-hourly,H7,Laplace-q-fixed-bandwidth,682,-0.032931328217188138,-0.035837092934636217,-0.048536092562443539,-0.042997449410917411,-0.039803766884037965,-0.037474886160255315,-0.035453325425148487,-0.033452295149602171,-0.031200841110026821,-0.028214760820046515,-0.023250506462907355,3.8829252284467231,2
distill:m4-hourly,H7,TimesFM-zero-shot,682,-0.032931328217188138,-0.036262504756450653,-0.036114759743213654,-0.046440832316875458,-0.041899312287569046,-0.039472863078117371,-0.037998329848051071,-0.033983569592237473,-0.032150872051715851,-0.02917829342186451,-0.02449127659201622,3.4754291902197405,2
distill:m4-hourly,H7,TimesFM-laplace-qd,682,-0.032931328217188138,-0.035883914679288864,-0.034977030009031296,-0.049780577421188354,-0.044252734631299973,-0.040684878826141357,-0.037621039897203445,-0.035916149616241455,-0.03299296647310257,-0.029286159202456474,-0.024241155013442039,3.4272423445667028,2
distill:m4-hourly,H7,Laplace-q-fixed-bandwidth,683,-0.015791814069572752,-0.015540174099897504,-0.027718547662753251,-0.022318093240506164,-0.019285419220601618,-0.017078539309630596,-0.01515945196691958,-0.013259540281885619,-0.011125433710358464,-0.0082937918670232119,-0.0034843006557959658,4.0066673547460088,2
distill:m4-hourly,H7,TimesFM-zero-shot,683,-0.015791814069572752,-0.0096510453149676323,-0.0096666449680924416,-0.018352197483181953,-0.014457582496106625,-0.012335245497524738,-0.011290899477899075,-0.0077007226645946503,-0.0063353516161441803,-0.0039468393661081791,0.00031378731364384294,3.5499563112804746,2
distill:m4-hourly,H7,TimesFM-laplace-qd,683,-0.015791814069572752,-0.01080437283962965,-0.01045526098459959,-0.022376237437129021,-0.017702652141451836,-0.014568745158612728,-0.012193525210022926,-0.010985151864588261,-0.0086965635418891907,-0.0059099234640598297,-0.001460343599319458,3.8322462586561934,2
distill:m4-hourly,H7,Laplace-q-fixed-bandwidth,684,0.012057568722948275,0.012353140254190336,0.00077488005544729273,0.0059944444581355762,0.0088438000313836428,0.010919657722933076,0.012730301728559797,0.014523299116162547,0.016531906545287793,0.019190488304569361,0.023801262697958785,4.0630310924091209,2
distill:m4-hourly,H7,TimesFM-zero-shot,684,0.012057568722948275,0.011029635556042194,0.010332468897104263,0.0037247135769575834,0.0072407601401209831,0.0088394023478031158,0.0097715891897678375,0.012518433853983879,0.013318194076418877,0.01528440322726965,0.018554920330643654,4.0329235928576121,2
distill:m4-hourly,H7,TimesFM-laplace-qd,684,0.012057568722948275,0.0095395250245928764,0.0094154095277190208,0.00010330311488360167,0.0040365960448980331,0.0064971838146448135,0.0085907373577356339,0.0088709611445665359,0.010471431538462639,0.012982632033526897,0.016679875552654266,3.646439360074651,2
distill:m4-hourly,H7,Laplace-q-fixed-bandwidth,685,0.036058980840289578,0.02814764772783615,0.017180428952499344,0.02218579800978606,0.024855809672733979,0.026809756677352727,0.028520484552099518,0.030215022517727314,0.03210720364035434,0.034598970333920745,0.038983914116444224,3.2230304574882416,2
distill:m4-hourly,H7,TimesFM-zero-shot,685,0.036058980840289578,0.032321590930223465,0.032144032418727875,0.024955039843916893,0.028632991015911102,0.030414402484893799,0.031279195100069046,0.033752121031284332,0.034079119563102722,0.035483267158269882,0.038152474910020828,3.9028936633104574,2
distill:m4-hourly,H7,TimesFM-laplace-qd,685,0.036058980840289578,0.027579156681895256,0.027932299301028252,0.017468476668000221,0.021481180563569069,0.024215135723352432,0.026474703103303909,0.026901461184024811,0.028417812660336494,0.030743112787604332,0.033958230167627335,2.5953328920442682,2
distill:m4-hourly,H7,Laplace-q-fixed-bandwidth,686,0.047157073407390726,0.045869244211848147,0.034850218688268882,0.039861821747170047,0.04255296677879513,0.044519291922570335,0.046238833711535858,0.047941934322517442,0.049845543146192085,0.052356513942678019,0.056757526034899856,4.116629970833019,2
distill:m4-hourly,H7,TimesFM-zero-shot,686,0.047157073407390726,0.049974098801612854,0.050691213458776474,0.043069463223218918,0.046541843563318253,0.048166137188673019,0.048925019800662994,0.051188770681619644,0.051538646221160889,0.052932325750589371,0.055799525231122971,4.3059551437420085,2
distill:m4-hourly,H7,TimesFM-laplace-qd,686,0.047157073407390726,0.048952274024486542,0.049845244735479355,0.039452731609344482,0.043329872190952301,0.045894909650087357,0.048112630844116211,0.048100363463163376,0.049489729106426239,0.051822680979967117,0.055434845387935638,4.3637204209934994,2
distill:m4-hourly,H7,Laplace-q-fixed-bandwidth,687,0.065071509310238085,0.055853105675094369,0.045441155478953256,0.050219372832553684,0.052738745868144636,0.054591268240245287,0.056217906537958932,0.057829475753632294,0.059624547920605404,0.06197705511292359,0.066139598372440433,2.955388824085321,2
distill:m4-hourly,H7,TimesFM-zero-shot,687,0.065071509310238085,0.056441415101289749,0.056955177336931229,0.050467632710933685,0.053413096815347672,0.054721742868423462,0.055390842258930206,0.057659976184368134,0.057823099195957184,0.059096928685903549,0.06206836923956871,2.3688656514736874,2
distill:m4-hourly,H7,TimesFM-laplace-qd,687,0.065071509310238085,0.059912949800491333,0.060269817709922791,0.052102837711572647,0.055467791855335236,0.057514403015375137,0.059496268630027771,0.059235617518424988,0.060297254472970963,0.062275607138872147,0.065467521548271179,2.9773999348009057,2
distill:m4-hourly,H7,Laplace-q-fixed-bandwidth,688,0.060906677060838632,0.056166591647950008,0.045491843519252936,0.050361935652275057,0.05296103871204081,0.054863529829135303,0.056529318165374189,0.058179308518696342,0.060021540667352109,0.062446826000193037,0.066712078703262012,3.7890843919758885,2
distill:m4-hourly,H7,TimesFM-zero-shot,688,0.060906677060838632,0.059350959956645966,0.059413440525531769,0.052151139825582504,0.055382110178470612,0.057012435048818588,0.058058090507984161,0.060756262391805649,0.061252821236848831,0.062805615365505219,0.066310055553913116,4.1257741215600729,2
distill:m4-hourly,H7,TimesFM-laplace-qd,688,0.060906677060838632,0.064361125230789185,0.063659176230430603,0.058069333434104919,0.060803472995758057,0.062618188560009003,0.064680680632591248,0.06381978839635849,0.065105795860290527,0.066887885332107544,0.070012994110584259,3.9372734950988626,2
distill:m4-hourly,H7,Laplace-q-fixed-bandwidth,689,0.057764041421375367,0.053847275910380764,0.043495459257881584,0.048235880754196436,0.050746350254045121,0.052589231104591572,0.054205731245641819,0.055807105480078265,0.057592310496483209,0.059935662023390068,0.064072703461241637,3.9278602407961776,2
distill:m4-hourly,H7,TimesFM-zero-shot,689,0.057764041421375367,0.055861800909042358,0.055249854922294617,0.049145646393299103,0.052428081631660461,0.053923144936561584,0.05463699996471405,0.057020999491214752,0.05734851211309433,0.058452866971492767,0.06104104220867157,4.3498853216561582,2
distill:m4-hourly,H7,TimesFM-laplace-qd,689,0.057764041421375367,0.057896226644515991,0.057221285998821259,0.051522254943847656,0.054645858705043793,0.056414112448692322,0.057873174548149109,0.05717170238494873,0.058312691748142242,0.059518568217754364,0.061950571835041046,5.0217609935582015,2
distill:m4-hourly,H7,Laplace-q-fixed-bandwidth,690,0.064758734682229147,0.055170670629067796,0.045220203160713505,0.049793474931890395,0.052195455642784681,0.05396677404892164,0.055524490417739068,0.05706791181227034,0.058784783082947316,0.061028394168328177,0.065001424258801982,2.859096440306967,2
distill:m4-hourly,H7,TimesFM-zero-shot,690,0.064758734682229147,0.055111285299062729,0.054667260497808456,0.047932982444763184,0.051423169672489166,0.053101725876331329,0.053892917931079865,0.056136589497327805,0.056686673313379288,0.057789739221334457,0.060474645346403122,2.1185335333009379,2
distill:m4-hourly,H7,TimesFM-laplace-qd,690,0.064758734682229147,0.062663175165653229,0.061628874391317368,0.055484399199485779,0.059073913842439651,0.06107422336935997,0.062932051718235016,0.061987470835447311,0.063500575721263885,0.065196610987186432,0.068077512085437775,3.9345285939807484,2
distill:m4-hourly,H7,Laplace-q-fixed-bandwidth,691,0.053435467820749594,0.046244218697071543,0.035946311150416993,0.040650659522662072,0.043154036897750228,0.044988881317668442,0.046596704659757057,0.048189334982959436,0.04996624410650935,0.052302232952741209,0.056415325023219831,3.334228287179771,2
distill:m4-hourly,H7,TimesFM-zero-shot,691,0.053435467820749594,0.05016055703163147,0.050385341048240662,0.04173651710152626,0.04549567773938179,0.047492146492004395,0.048530023545026779,0.051531556993722916,0.052557386457920074,0.054117072373628616,0.05759517103433609,3.8435746451580362,2
distill:m4-hourly,H7,TimesFM-laplace-qd,691,0.053435467820749594,0.053535103797912598,0.053436070680618286,0.046693481504917145,0.050260789692401886,0.052368931472301483,0.054166421294212341,0.053575102239847183,0.055478807538747787,0.057534083724021912,0.060576241463422775,4.5473925601002554,2
distill:m4-hourly,H7,Laplace-q-fixed-bandwidth,692,0.048065882182852349,0.037536388816235437,0.0272226721943572,0.031922554183554615,0.034435687548883036,0.03627524057700867,0.037885693435653671,0.03948080167561626,0.041261843048251749,0.043606447502652072,0.047723197927596876,2.7192525435629236,2
distill:m4-hourly,H7,TimesFM-zero-shot,692,0.048065882182852349,0.045930709689855576,0.046722341328859329,0.038115784525871277,0.041755679994821548,0.043651748448610306,0.044477783143520355,0.047282081097364426,0.048210117965936661,0.049543838948011398,0.052838131785392761,4.0242404840753689,2
distill:m4-hourly,H7,TimesFM-laplace-qd,692,0.048065882182852349,0.045736808329820633,0.045817192643880844,0.039632700383663177,0.042913753539323807,0.045009542256593704,0.046532213687896729,0.045765016227960587,0.047579355537891388,0.04929077997803688,0.052133321762084961,4.1226149430603556,2
distill:m4-hourly,H7,Laplace-q-fixed-bandwidth,693,0.057441035641987881,0.047726798516382583,0.037002628045001727,0.041829125682622988,0.04447033338318835,0.046395595977109828,0.048074961269905889,0.049737834225833465,0.051600289202291059,0.054063725469250902,0.058325448923686997,2.8880332494941596,2
distill:m4-hourly,H7,TimesFM-zero-shot,693,0.057441035641987881,0.049450017511844635,0.050296086817979813,0.040872436016798019,0.044625159353017807,0.04679914191365242,0.047690123319625854,0.051137279719114304,0.052546311169862747,0.054233849048614502,0.058154448866844177,3.0537476269479535,2
distill:m4-hourly,H7,TimesFM-laplace-qd,693,0.057441035641987881,0.051341991871595383,0.050744548439979553,0.04557192325592041,0.048665624111890793,0.050862397998571396,0.052540414035320282,0.051897983998060226,0.05401214212179184,0.056124277412891388,0.05908096581697464,3.2618001403155574,2
distill:m4-hourly,H7,Laplace-q-fixed-bandwidth,694,0.038413502023750823,0.039183183564527518,0.028184804020777655,0.033073878218692315,0.035806897189582729,0.037797128391316992,0.039529145166803892,0.041243801343952433,0.043168115984002289,0.045718201091972541,0.050061441472430551,4.0870246948792861,2
distill:m4-hourly,H7,TimesFM-zero-shot,694,0.038413502023750823,0.044816188514232635,0.044537283480167389,0.035283137112855911,0.039337065070867538,0.041709691286087036,0.042892452329397202,0.046488579362630844,0.047898761928081512,0.050054267048835754,0.054372448474168777,3.6148091464971013,2
distill:m4-hourly,H7,TimesFM-laplace-qd,694,0.038413502023750823,0.045110180974006653,0.042931288480758667,0.038807082921266556,0.042159155011177063,0.044482607394456863,0.04640575498342514,0.045466195791959763,0.047931328415870667,0.050710994750261307,0.054169587790966034,2.9336574311933026,2
distill:m4-hourly,H7,Laplace-q-fixed-bandwidth,695,0.023975401127172447,0.028644809716160145,0.018178992411597497,0.022901923944867879,0.02547371390126105,0.027349751452028913,0.028987376352507487,0.030608986874078401,0.032424015757024693,0.034822423069095457,0.038985008892086448,3.6275578934474604,2
distill:m4-hourly,H7,TimesFM-zero-shot,695,0.023975401127172447,0.029459875077009201,0.029296865686774254,0.020507609471678734,0.024623872712254524,0.026852129027247429,0.027842491865158081,0.031096218153834343,0.032168630510568619,0.033899936825037003,0.037481550127267838,3.726902176401186,2
distill:m4-hourly,H7,TimesFM-laplace-qd,695,0.023975401127172447,0.032696854323148727,0.031079279258847237,0.026361873373389244,0.029983546584844589,0.032342057675123215,0.033977936953306198,0.033128585666418076,0.035356827080249786,0.03812863677740097,0.041113730520009995,1.5794777217208309,2
distill:m4-hourly,H7,Laplace-q-fixed-bandwidth,696,0.012434040152184522,0.018217548393186744,0.0079332664621470043,0.012584252808143086,0.015106715186219612,0.016948127583924923,0.018556570045235622,0.020149352686623212,0.021931092197875066,0.024283437079191405,0.02837645695251963,3.4121412056901033,2
distill:m4-hourly,H7,TimesFM-zero-shot,696,0.012434040152184522,0.017097268253564835,0.01717710867524147,0.0083802640438079834,0.012399725615978241,0.01447175070643425,0.015567602589726448,0.018629282712936401,0.01961095817387104,0.02125595323741436,0.024354152381420135,3.9259116406000691,2
distill:m4-hourly,H7,TimesFM-laplace-qd,696,0.012434040152184522,0.019274789839982986,0.017470238730311394,0.013544535264372826,0.016846468672156334,0.019191714003682137,0.020798789337277412,0.019920917227864265,0.022154813632369041,0.024707380682229996,0.027235003188252449,2.456580684455326,2
distill:m4-hourly,H7,Laplace-q-fixed-bandwidth,697,-0.010873680572391464,-0.0022852138796363203,-0.012534720932290551,-0.0079089131053078094,-0.0053909504352730939,-0.003553572318923854,-0.0019494076995867863,-0.00036093574085058601,0.0014166679992994348,0.0037647215585570239,0.0078399839690238352,2.8773781175431359,2
distill:m4-hourly,H7,TimesFM-zero-shot,697,-0.010873680572391464,-0.0033098973799496889,-0.0028607517015188932,-0.010773749090731144,-0.0073699271306395531,-0.0055225510150194168,-0.0046921316534280777,-0.0018817808013409376,-0.001271513756364584,8.3980150520801544e-05,0.0031601404771208763,1.8837010840443347,2
distill:m4-hourly,H7,TimesFM-laplace-qd,697,-0.010873680572391464,-0.0015568125527352095,-0.0039097694680094719,-0.0062853684648871422,-0.0033838057424873114,-0.0011586598120629787,0.00044298777356743813,-0.00067979702726006508,0.0010092654265463352,0.0031858140137046576,0.0055997944436967373,0.80340017905832406,2
distill:m4-hourly,H7,Laplace-q-fixed-bandwidth,698,-0.023295114463687483,-0.024259875731874499,-0.034800353991195729,-0.030101925867480353,-0.027488227887906114,-0.025584120612682944,-0.023926001589677573,-0.022284469847438315,-0.020443383275155623,-0.018005412600660256,-0.013839163045843034,4.1591065451258444,2
distill:m4-hourly,H7,TimesFM-zero-shot,698,-0.023295114463687483,-0.028478842228651047,-0.027777716517448425,-0.035860322415828705,-0.032463647425174713,-0.030679579824209213,-0.029768031090497971,-0.02704881876707077,-0.026429526507854462,-0.024964600801467896,-0.021762434393167496,3.4702458982257456,2
distill:m4-hourly,H7,TimesFM-laplace-qd,698,-0.023295114463687483,-0.027265250682830811,-0.028908152133226395,-0.031177684664726257,-0.02849014475941658,-0.026372212916612625,-0.025076143443584442,-0.025932256132364273,-0.024266272783279419,-0.021998994052410126,-0.019209649413824081,3.8956025096268285,2
distill:m4-hourly,H8,Laplace-q-fixed-bandwidth,635,0.05538733578254984,0.043949191756411529,0.022576772989743081,0.030518238946874304,0.035907931293679252,0.040184127413184167,0.04400093652952336,0.047819465914075765,0.052101519953170666,0.057503851424827196,0.065478972760194459,2.8774501985202861,2
distill:m4-hourly,H8,TimesFM-zero-shot,635,0.05538733578254984,0.065258108079433441,0.065227366983890533,0.049764838069677353,0.055862799286842346,0.0598444864153862,0.062233719974756241,0.06830248236656189,0.07059478759765625,0.074028871953487396,0.080463074147701263,3.2580837786505459,2
distill:m4-hourly,H8,TimesFM-laplace-qd,635,0.05538733578254984,0.052884336560964584,0.054473727941513062,0.033619549125432968,0.040374185889959335,0.045569367706775665,0.050116457045078278,0.053219959139823914,0.057415831834077835,0.062521740794181824,0.070298172533512115,3.1020050706696241,2
distill:m4-hourly,H8,Laplace-q-fixed-bandwidth,636,0.072372987660825672,0.09593403917953415,0.074723064676980214,0.082603458017208573,0.087952398567694975,0.092196719928171134,0.095985303981400108,0.099775591705515129,0.10402571312751317,0.10938716540588715,0.11730087314104,1.9409743292596819,2
distill:m4-hourly,H8,TimesFM-zero-shot,636,0.072372987660825672,0.080033861100673676,0.079871766269207001,0.066217400133609772,0.071868859231472015,0.075402542948722839,0.077368281781673431,0.082636818289756775,0.08457561582326889,0.087499558925628662,0.092899948358535767,3.4913314317364286,2
distill:m4-hourly,H8,TimesFM-laplace-qd,636,0.072372987660825672,0.089999541640281677,0.091309309005737305,0.073046177625656128,0.079421930015087128,0.084129601716995239,0.088188566267490387,0.091081507503986359,0.094934947788715363,0.099765561521053314,0.10677437484264374,1.0482516086681011,2
distill:m4-hourly,H8,Laplace-q-fixed-bandwidth,637,0.078016667772025983,0.09567454889848645,0.073884429503658172,0.081880441582523861,0.087366327746119465,0.091771631744336557,0.095726800103626469,0.09968365772379062,0.10409464913310221,0.10959275325263679,0.11762212050088461,2.4161760124166536,2
distill:m4-hourly,H8,TimesFM-zero-shot,637,0.078016667772025983,0.08456825464963913,0.084222130477428436,0.071658395230770111,0.076956965029239655,0.080080732703208923,0.082065574824810028,0.087193652987480164,0.089098349213600159,0.09203917533159256,0.09731234610080719,3.620720702490364,2
distill:m4-hourly,H8,TimesFM-laplace-qd,637,0.078016667772025983,0.094204403460025787,0.095266722142696381,0.07690863311290741,0.083427183330059052,0.088282577693462372,0.092906966805458069,0.095303207635879517,0.099374890327453613,0.10445920377969742,0.11133099347352982,1.6070539756958073,2
distill:m4-hourly,H8,Laplace-q-fixed-bandwidth,638,0.090468135051054333,0.086538135225368656,0.064584051794580571,0.072588345947522392,0.078108919737884946,0.08257081007695008,0.086590537817559682,0.090611925524256121,0.0950793787348366,0.10061191905638109,0.1086493567465501,3.2428770455243594,2
distill:m4-hourly,H8,TimesFM-zero-shot,638,0.090468135051054333,0.081808865070343018,0.081743136048316956,0.068224474787712097,0.073758929967880249,0.077169068157672882,0.07927299290895462,0.08448445051908493,0.086393333971500397,0.089232377707958221,0.094424895942211151,3.1049079521672613,2
distill:m4-hourly,H8,TimesFM-laplace-qd,638,0.090468135051054333,0.090487547218799591,0.091411076486110687,0.072272628545761108,0.079478815197944641,0.084490515291690826,0.089117236435413361,0.092124849557876587,0.096514664590358734,0.10151027888059616,0.10845015197992325,3.1645260994422602,2
distill:m4-hourly,H8,Laplace-q-fixed-bandwidth,639,0.081795054494326891,0.072047412101739691,0.050555356931541194,0.058462524757324524,0.063875951046783938,0.068211528723704118,0.072098834979207396,0.075987815086976385,0.080329038569126821,0.085754594379798613,0.093694661279554559,2.9918180328446775,2
distill:m4-hourly,H8,TimesFM-zero-shot,639,0.081795054494326891,0.07407873123884201,0.074105113744735718,0.059394344687461853,0.065384551882743835,0.069098182022571564,0.071367532014846802,0.076863743364810944,0.079261653125286102,0.082333967089653015,0.087747760117053986,3.1497428027784942,2
distill:m4-hourly,H8,TimesFM-laplace-qd,639,0.081795054494326891,0.074408859014511108,0.074887894093990326,0.057839967310428619,0.064694195985794067,0.069482207298278809,0.073597677052021027,0.076365672051906586,0.080619111657142639,0.085228845477104187,0.091984421014785767,3.0270190469947904,2
distill:m4-hourly,H8,Laplace-q-fixed-bandwidth,640,0.060766685140972498,0.061471227498997152,0.040226787635269934,0.048061516343037111,0.053414539475506215,0.057691627814162566,0.061522030840674591,0.065354094798261042,0.069636802652838448,0.075001906965672216,0.082869224387304125,3.3389895839314163,2
distill:m4-hourly,H8,TimesFM-zero-shot,640,0.060766685140972498,0.061450883746147156,0.061595380306243896,0.045987699180841446,0.052077170461416245,0.055884048342704773,0.058439251035451889,0.064251787960529327,0.066845007240772247,0.070139974355697632,0.075998984277248383,3.203960916243966,2
distill:m4-hourly,H8,TimesFM-laplace-qd,640,0.060766685140972498,0.068153701722621918,0.068683803081512451,0.052131112664937973,0.058565471321344376,0.063410520553588867,0.067738533020019531,0.070311099290847778,0.074503853917121887,0.079047068953514099,0.08578837662935257,3.2769482946770738,2
distill:m4-hourly,H8,Laplace-q-fixed-bandwidth,641,0.043143630641845121,0.052191092634933683,0.031479010421192818,0.039216994012896536,0.044443156746673346,0.048567848241145434,0.052240876323071173,0.05591557009894077,0.060045965621219485,0.065284487557008747,0.073054977360817147,3.046866265823712,2
distill:m4-hourly,H8,TimesFM-zero-shot,641,0.043143630641845121,0.047506563365459442,0.047781128436326981,0.03289216011762619,0.038642451167106628,0.04235062375664711,0.044808320701122284,0.050273191183805466,0.052793718874454498,0.055941428989171982,0.06196318194270134,3.3995485751948618,2
distill:m4-hourly,H8,TimesFM-laplace-qd,641,0.043143630641845121,0.057278618216514587,0.057836785912513733,0.0410502590239048,0.047592546790838242,0.053011845797300339,0.057263180613517761,0.059835843741893768,0.064226977527141571,0.068791836500167847,0.075935475528240204,2.1819951686757935,2
distill:m4-hourly,H8,Laplace-q-fixed-bandwidth,642,0.031902772680352243,0.036825061783114434,0.016379919666780832,0.024044472668923872,0.029204340613563737,0.033263936569005989,0.036874217933182171,0.040486148953706946,0.04455141736229315,0.04972361831796214,0.057420410935103847,3.2866795129309869,2
distill:m4-hourly,H8,TimesFM-zero-shot,642,0.031902772680352243,0.032041370868682861,0.032019399106502533,0.017874998971819878,0.023434801027178764,0.027008134871721268,0.029204970225691795,0.034780126065015793,0.037272509187459946,0.040499776601791382,0.046267107129096985,3.2636550731095575,2
distill:m4-hourly,H8,TimesFM-laplace-qd,642,0.031902772680352243,0.040067814290523529,0.040266182273626328,0.023646354675292969,0.030396116897463799,0.035773620009422302,0.039946399629116058,0.042735587805509567,0.047473173588514328,0.052586190402507782,0.059646982699632645,3.127647137180356,2
distill:m4-hourly,H8,Laplace-q-fixed-bandwidth,643,0.019122965984500695,0.020789740813166577,0.00080723110056320376,0.0083822645796996411,0.013426416193046955,0.017356417916546171,0.020838032794542397,0.024321280243635786,0.028256963828748732,0.033313637023677588,0.040920867412556343,3.4147407291791008,2
distill:m4-hourly,H8,TimesFM-zero-shot,643,0.019122965984500695,0.0079974653199315071,0.0079342620447278023,-0.0052797212265431881,-0.00036431220360100269,0.0031594890169799328,0.0052503263577818871,0.010574941523373127,0.012980285100638866,0.016066549345850945,0.022055374458432198,2.8149595376389351,2
distill:m4-hourly,H8,TimesFM-laplace-qd,643,0.019122965984500695,0.016393132507801056,0.016285710036754608,0.00026795081794261932,0.0067579569295048714,0.012141483835875988,0.016470825299620628,0.01895398274064064,0.02373591810464859,0.02880808524787426,0.036049880087375641,3.1942235747707199,2
distill:m4-hourly,H8,Laplace-q-fixed-bandwidth,644,0.0005481500074964174,0.014014125835492037,-0.0053898920445769639,0.0020886926783857725,0.0069819480755581361,0.01074385521635355,0.01406148492893956,0.017380715592975618,0.021148289494400306,0.026054369477546677,0.033565375254149057,2.6819057129775037,2
distill:m4-hourly,H8,TimesFM-zero-shot,644,0.0005481500074964174,0.0050736656412482262,0.0050365719944238663,-0.0079406499862670898,-0.0028958169277757406,0.00042738625779747963,0.0024057072587311268,0.0073907840996980667,0.0095081180334091187,0.012245537713170052,0.017279896885156631,3.5749503451377658,2
distill:m4-hourly,H8,TimesFM-laplace-qd,644,0.0005481500074964174,0.011591251008212566,0.01016572117805481,-0.0033482832368463278,0.0028567963745445013,0.0078099016100168228,0.01195510383695364,0.01404973492026329,0.018481092527508736,0.023229764774441719,0.029713127762079239,2.7332726570449446,2
distill:m4-hourly,H8,Laplace-q-fixed-bandwidth,645,-0.017995861139199931,0.002684806910977808,-0.016778293779348891,-0.0093299966292766622,-0.0044188306985485041,-0.00062223339412240423,0.0027319842670529789,0.0060877968749161685,0.0098900055976161583,0.014813716173601364,0.022293911361895367,2.0667883296771099,2
distill:m4-hourly,H8,TimesFM-zero-shot,645,-0.017995861139199931,-0.0079833175987005234,-0.0084182769060134888,-0.021410433575510979,-0.016062615439295769,-0.012738438323140144,-0.010823953896760941,-0.0057427086867392063,-0.003508398775011301,-0.00063048279844224453,0.0044779139570891857,3.0540396450965446,2
distill:m4-hourly,H8,TimesFM-laplace-qd,645,-0.017995861139199931,-0.0017324453219771385,-0.0040125381201505661,-0.016408901661634445,-0.010040083900094032,-0.0053796814754605293,-0.0016224919818341732,0.00034064275678247213,0.004698166623711586,0.0093263331800699234,0.015424789860844612,1.560240974223527,2
distill:m4-hourly,H8,Laplace-q-fixed-bandwidth,646,-0.031246505093776022,-0.021564473454378938,-0.041559114587345618,-0.034031483481157573,-0.028984230780205237,-0.025028743530722344,-0.02151661443721857,-0.01800287494282251,-0.014041823404574891,-0.0089824169079551815,-0.0014232704492225302,3.0128489904853293,2
distill:m4-hourly,H8,TimesFM-zero-shot,646,-0.031246505093776022,-0.025081748142838478,-0.025173598900437355,-0.039642028510570526,-0.033969495445489883,-0.030380571261048317,-0.028127280995249748,-0.022471372038125992,-0.020105283707380295,-0.016785701736807823,-0.010968714021146297,3.5456520270933396,2
distill:m4-hourly,H8,TimesFM-laplace-qd,646,-0.031246505093776022,-0.022455694153904915,-0.024531131610274315,-0.037344314157962799,-0.030802955850958824,-0.026214621961116791,-0.022281786426901817,-0.020073221996426582,-0.015928003937005997,-0.010945410467684269,-0.0045026196166872978,3.7820038405775493,2
distill:m4-hourly,H8,Laplace-q-fixed-bandwidth,647,-0.041867014463099039,-0.03973073366315092,-0.059514118104159741,-0.052052695778006072,-0.047058631558100167,-0.043150971116260456,-0.039683409369013933,-0.036214255515610388,-0.032301077712171097,-0.027294934943898539,-0.019802280604959106,3.4110923756531077,2
distill:m4-hourly,H8,TimesFM-zero-shot,647,-0.041867014463099039,-0.03772030770778656,-0.038241107016801834,-0.052337139844894409,-0.046445406973361969,-0.042988155037164688,-0.040601585060358047,-0.035018756985664368,-0.032713308930397034,-0.02920023538172245,-0.023440424352884293,3.3700200833985177,2
distill:m4-hourly,H8,TimesFM-laplace-qd,647,-0.041867014463099039,-0.039682358503341675,-0.040835011750459671,-0.055163975805044174,-0.048246104270219803,-0.043445728719234467,-0.039584778249263763,-0.037307471036911011,-0.03306092694401741,-0.028101883828639984,-0.021625185385346413,3.2964682161393775,2
distill:m4-hourly,H8,Laplace-q-fixed-bandwidth,648,-0.028113190070882865,-0.038510348391503538,-0.05774496160689753,-0.050376853585668929,-0.045523617647748336,-0.04177495116841351,-0.038463936750027967,-0.03515135572724043,-0.031397169380614869,-0.026531568869115944,-0.019132080938119758,2.9637303326674447,2
distill:m4-hourly,H8,TimesFM-zero-shot,648,-0.028113190070882865,-0.039314594119787216,-0.039743222296237946,-0.053480450063943863,-0.047716405242681503,-0.044340331107378006,-0.042000066488981247,-0.036677885800600052,-0.034601092338562012,-0.031409930437803268,-0.026100605726242065,2.839537739339967,2
distill:m4-hourly,H8,TimesFM-laplace-qd,648,-0.028113190070882865,-0.040334619581699371,-0.041153557598590851,-0.056388650089502335,-0.049731891602277756,-0.045045029371976852,-0.040929604321718216,-0.038991797715425491,-0.035145111382007599,-0.030709709972143173,-0.024842493236064911,2.6568451337149708,2
distill:m4-hourly,H8,Laplace-q-fixed-bandwidth,649,-0.039964099909191475,-0.033473542500065435,-0.052561103343703057,-0.045251914366012592,-0.04043572951396434,-0.0367146200620442,-0.033427577084495751,-0.030138981891914933,-0.026412410682230776,-0.021583994446042899,-0.014243761167704851,3.260236763491295,2
distill:m4-hourly,H8,TimesFM-zero-shot,649,-0.039964099909191475,-0.036088217049837112,-0.035944726318120956,-0.050509661436080933,-0.044674824923276901,-0.041253171861171722,-0.038922004401683807,-0.033554639667272568,-0.031290091574192047,-0.027869852259755135,-0.022272273898124695,3.3988389564113932,2
distill:m4-hourly,H8,TimesFM-laplace-qd,649,-0.039964099909191475,-0.031827766448259354,-0.032550860196352005,-0.047071658074855804,-0.040635306388139725,-0.036201596260070801,-0.032388586550951004,-0.030417140573263168,-0.02674761600792408,-0.022209139540791512,-0.016260325908660889,3.2044080217295225,2
distill:m4-hourly,H8,Laplace-q-fixed-bandwidth,650,-0.080179017759720139,-0.079745619485087793,-0.098450456702353584,-0.091223844360078077,-0.086508448839984015,-0.082889967815704402,-0.079700354093060061,-0.076509217365558074,-0.072885324758332898,-0.06815762360046182,-0.060899990598655945,3.5109376074913308,2
distill:m4-hourly,H8,TimesFM-zero-shot,650,-0.080179017759720139,-0.077209852635860443,-0.077180124819278717,-0.089311659336090088,-0.08443586528301239,-0.081505365669727325,-0.079706914722919464,-0.074903309345245361,-0.072901725769042969,-0.069837108254432678,-0.064422793686389923,3.5485539637057038,2
distill:m4-hourly,H8,TimesFM-laplace-qd,650,-0.080179017759720139,-0.079708248376846313,-0.079593062400817871,-0.093123845756053925,-0.087782405316829681,-0.083843164145946503,-0.080443359911441803,-0.079109080135822296,-0.075640477240085602,-0.071406401693820953,-0.065376155078411102,3.556737627797145,2
distill:m4-hourly,H8,Laplace-q-fixed-bandwidth,651,-0.096469078916667783,-0.097379119417911761,-0.11546892892437829,-0.10834448567211863,-0.10379984538346342,-0.10035813636318623,-0.097334702957074956,-0.094309801415303096,-0.090862774481410724,-0.086305575149636909,-0.079149627630152389,3.5570017881237095,2
distill:m4-hourly,H8,TimesFM-zero-shot,651,-0.096469078916667783,-0.096755526959896088,-0.096774615347385406,-0.10738005489110947,-0.1030784472823143,-0.1005726233124733,-0.098960414528846741,-0.094616279006004333,-0.092876225709915161,-0.089986316859722137,-0.084851101040840149,3.5140743776853562,2
distill:m4-hourly,H8,TimesFM-laplace-qd,651,-0.096469078916667783,-0.097576364874839783,-0.097694620490074158,-0.1113494411110878,-0.10592252016067505,-0.10197872668504715,-0.098609335720539093,-0.097348414361476898,-0.093990981578826904,-0.089970387518405914,-0.084011726081371307,3.541188737637571,2
distill:m4-hourly,H8,Laplace-q-fixed-bandwidth,652,-0.08003399508864284,-0.088317609855790055,-0.10575835567154968,-0.098749331214224939,-0.094393817055505286,-0.091132867078206975,-0.088273975624897361,-0.08541368806756236,-0.082147591778731932,-0.077779380685549376,-0.070738135702144517,3.1599860751386899,2
distill:m4-hourly,H8,TimesFM-zero-shot,652,-0.08003399508864284,-0.086333893239498138,-0.086253076791763306,-0.097663499414920807,-0.093053579330444336,-0.090383663773536682,-0.088623233139514923,-0.083824694156646729,-0.081825047731399536,-0.078899860382080078,-0.073491565883159637,3.2502262415131149,2
distill:m4-hourly,H8,TimesFM-laplace-qd,652,-0.08003399508864284,-0.086134061217308044,-0.085493616759777069,-0.10085079818964005,-0.095028534531593323,-0.090829484164714813,-0.087186142802238464,-0.085718691349029541,-0.081938780844211578,-0.077622443437576294,-0.071530774235725403,3.0930395352412541,2
distill:m4-hourly,H8,Laplace-q-fixed-bandwidth,653,-0.063031998667902656,-0.066329044986399147,-0.083526595858099406,-0.07659222885314218,-0.072302877243499042,-0.069096531766759589,-0.066285927306456827,-0.063473953674314548,-0.060262545538829496,-0.055960610017078624,-0.04899418856527385,3.5503885331490106,2
distill:m4-hourly,H8,TimesFM-zero-shot,653,-0.063031998667902656,-0.063018307089805603,-0.062905460596084595,-0.076609529554843903,-0.071093417704105377,-0.067924335598945618,-0.06553012877702713,-0.060361973941326141,-0.058442514389753342,-0.055093441158533096,-0.049353279173374176,3.3315980591970855,2
distill:m4-hourly,H8,TimesFM-laplace-qd,653,-0.063031998667902656,-0.063987091183662415,-0.063421197235584259,-0.081537537276744843,-0.074949532747268677,-0.070187963545322418,-0.065737724304199219,-0.063983425498008728,-0.060024295002222061,-0.055147446691989899,-0.048632342368364334,3.3177986311184116,2
distill:m4-hourly,H8,Laplace-q-fixed-bandwidth,654,-0.046924119110032692,-0.047434599479103598,-0.064028291116731029,-0.057221471977849048,-0.053113343324245263,-0.050064155521647988,-0.047392147948963542,-0.044718845555691208,-0.041664813217896154,-0.037544168740153719,-0.030704552903855428,3.6784696386354465,2
distill:m4-hourly,H8,TimesFM-zero-shot,654,-0.046924119110032692,-0.047082755714654922,-0.047008387744426727,-0.060843817889690399,-0.055328786373138428,-0.051859062165021896,-0.049515914171934128,-0.044379133731126785,-0.042458944022655487,-0.039361786097288132,-0.033627230674028397,3.3512870198839142,2
distill:m4-hourly,H8,TimesFM-laplace-qd,654,-0.046924119110032692,-0.045049700886011124,-0.044153589755296707,-0.062909670174121857,-0.056519579142332077,-0.051323339343070984,-0.046942029148340225,-0.045639563351869583,-0.04193342849612236,-0.037372250109910965,-0.031079664826393127,3.4328875027746717,2
distill:m4-hourly,H8,Laplace-q-fixed-bandwidth,655,-0.034121007527785352,-0.028063588732921141,-0.043937158562864731,-0.037296747898810392,-0.033409594326828912,-0.030539341841548905,-0.028021754727696996,-0.025502965524557143,-0.022628165259244291,-0.018728748136607853,-0.012054413915536329,3.4030242474748826,2
distill:m4-hourly,H8,TimesFM-zero-shot,655,-0.034121007527785352,-0.027430346235632896,-0.027956925332546234,-0.041339688003063202,-0.03572460263967514,-0.032242093235254288,-0.030003169551491737,-0.02478073351085186,-0.022801380604505539,-0.019661996513605118,-0.014095847494900227,3.528217547919783,2
distill:m4-hourly,H8,TimesFM-laplace-qd,655,-0.034121007527785352,-0.025343744084239006,-0.02466236799955368,-0.043419092893600464,-0.036935746669769287,-0.03179825097322464,-0.027487475425004959,-0.025610985234379768,-0.021835153922438622,-0.017531631514430046,-0.011468937620520592,3.3685202855392049,2
distill:m4-hourly,H8,Laplace-q-fixed-bandwidth,656,-0.0080117758848761156,-0.0074677438448544744,-0.022938859438472934,-0.016418139778257262,-0.012648528516679535,-0.0098676296830235814,-0.0074264275627183695,-0.0049840728015133357,-0.0021987942246157167,0.0015828182346705661,0.0081377088035900838,3.7658803206255547,2
distill:m4-hourly,H8,TimesFM-zero-shot,656,-0.0080117758848761156,-0.0057436740025877953,-0.0070053706876933575,-0.018413357436656952,-0.013336707837879658,-0.010320437140762806,-0.0082556596025824547,-0.0033972710371017456,-0.0016444238135591149,0.0013399306917563081,0.0066331168636679649,3.4391358855872216,2
distill:m4-hourly,H8,TimesFM-laplace-qd,656,-0.0080117758848761156,-0.0027893544174730778,-0.0023883250541985035,-0.020738638937473297,-0.014510535635054111,-0.0093024587258696556,-0.0050291712395846844,-0.0033799344673752785,0.00014855340123176575,0.0041581513360142708,0.010296998545527458,3.3970082802994002,2
distill:m4-hourly,H8,Laplace-q-fixed-bandwidth,657,0.031669024811060709,0.030761316892436625,0.016046216192348556,0.02234667618776941,0.025888181106559605,0.028501776380695985,0.030802145228215113,0.033103573195509634,0.035721211233003397,0.039274155908731428,0.045609914281716415,3.8199776509161545,2
distill:m4-hourly,H8,TimesFM-zero-shot,657,0.031669024811060709,0.023732986301183701,0.023010674864053726,0.011229546740651131,0.016585253179073334,0.019484307616949081,0.021442897617816925,0.026039987802505493,0.027484670281410217,0.030295349657535553,0.034889470785856247,3.171923275188326,2
distill:m4-hourly,H8,TimesFM-laplace-qd,657,0.031669024811060709,0.028518717736005783,0.029572989791631699,0.010875807143747807,0.017181355506181717,0.022203564643859863,0.026383131742477417,0.028258748352527618,0.03180612251162529,0.035788305103778839,0.041563082486391068,3.2958122137448238,2
distill:m4-hourly,H8,Laplace-q-fixed-bandwidth,658,0.050528586776378503,0.04483065084989734,0.030884342485683551,0.036924047604345735,0.040242134525156625,0.042700216963746783,0.04487107878114175,0.047042908358399062,0.04950469549218952,0.052833498484628698,0.058909371691953309,3.4980536091333487,2
distill:m4-hourly,H8,TimesFM-zero-shot,658,0.050528586776378503,0.042056933045387268,0.041638381779193878,0.029992925003170967,0.035067547112703323,0.038055039942264557,0.039875529706478119,0.044318690896034241,0.045803405344486237,0.048300337046384811,0.052751488983631134,3.115008525386171,2
distill:m4-hourly,H8,TimesFM-laplace-qd,658,0.050528586776378503,0.039049673825502396,0.040569491684436798,0.020869066938757896,0.027382088825106621,0.032576225697994232,0.03698045015335083,0.039091501384973526,0.043261870741844177,0.047499783337116241,0.05350874736905098,2.6235741820201675,2
distill:m4-hourly,H8,Laplace-q-fixed-bandwidth,659,0.055938547423831864,0.052344235313657728,0.038794731893274981,0.044680549481642282,0.047891177533164436,0.050275377318518374,0.052384229330565218,0.054494007187688223,0.056881751110625753,0.060102693089456746,0.066024617319738202,3.7457161905723244,2
distill:m4-hourly,H8,TimesFM-zero-shot,659,0.055938547423831864,0.056296661496162415,0.055830981582403183,0.043791837990283966,0.048697769641876221,0.051852405071258545,0.053802270442247391,0.058657150715589523,0.060374096035957336,0.062967456877231598,0.067968562245368958,3.4481837093553773,2
distill:m4-hourly,H8,TimesFM-laplace-qd,659,0.055938547423831864,0.050965499132871628,0.051979843527078629,0.03240671381354332,0.038993880152702332,0.044349879026412964,0.048795226961374283,0.051260698586702347,0.055482335388660431,0.059681892395019531,0.065886348485946655,3.1195030486947566,2
distill:m4-hourly,H8,Laplace-q-fixed-bandwidth,660,0.06896734793509296,0.076089855550233496,0.063145785051769876,0.068788637243477752,0.071836221370181391,0.074111273803230709,0.076129499003515511,0.078148586790995622,0.080426937650689256,0.083484188220634442,0.089163177539867883,3.2962909595370178,2
distill:m4-hourly,H8,TimesFM-zero-shot,660,0.06896734793509296,0.071231745183467865,0.070622377097606659,0.058375883847475052,0.063532710075378418,0.066688470542430878,0.068666972219944,0.073813654482364655,0.07569219172000885,0.078446626663208008,0.083648189902305603,3.4138331954253704,2
distill:m4-hourly,H8,TimesFM-laplace-qd,660,0.06896734793509296,0.076713263988494873,0.076726727187633514,0.059255514293909073,0.065773963928222656,0.07090555876493454,0.07514963299036026,0.077791102230548859,0.082053966820240021,0.0865669846534729,0.0930052250623703,3.2894832010075952,2
distill:m4-hourly,H8,Laplace-q-fixed-bandwidth,661,0.080336778035425382,0.080493107375674819,0.067705546940173444,0.073279722154906746,0.076289802626200803,0.078537742016056428,0.08053228212390745,0.082527671297430744,0.084778857373639355,0.087798456053376328,0.093408317793696377,3.9752506969709547,2
distill:m4-hourly,H8,TimesFM-zero-shot,661,0.080336778035425382,0.077111870050430298,0.076577141880989075,0.064390853047370911,0.069591507315635681,0.072693310678005219,0.074616201221942902,0.079887077212333679,0.081975370645523071,0.0850071981549263,0.090249925851821899,3.3415906632117407,2
distill:m4-hourly,H8,TimesFM-laplace-qd,661,0.080336778035425382,0.081271834671497345,0.081004925072193146,0.064512252807617188,0.070958077907562256,0.076023995876312256,0.080094963312149048,0.082451976835727692,0.086648620665073395,0.091298609972000122,0.097941741347312927,3.2986141364042321,2
distill:m4-hourly,H8,Laplace-q-fixed-bandwidth,662,0.083107219256492115,0.086662462087911979,0.07463279349803012,0.079876622975155409,0.082691617352194935,0.084812112626368619,0.086701419612055963,0.088591500319456895,0.090714948000262502,0.093538621046033249,0.098817705661036231,3.8177274353157031,2
distill:m4-hourly,H8,TimesFM-zero-shot,662,0.083107219256492115,0.080612108111381531,0.080038078129291534,0.067313879728317261,0.072835810482501984,0.076188109815120697,0.078209184110164642,0.083335883915424347,0.085322961211204529,0.088070474565029144,0.092990495264530182,3.409375400760605,2
distill:m4-hourly,H8,TimesFM-laplace-qd,662,0.083107219256492115,0.086018756031990051,0.085577510297298431,0.069254249334335327,0.075995974242687225,0.080984674394130707,0.085002951323986053,0.08740987628698349,0.091460593044757843,0.095771394670009613,0.10207455605268478,3.3048409346022334,2
distill:m4-hourly,H8,Laplace-q-fixed-bandwidth,663,0.072954184261948996,0.075892624674674683,0.064405197232015488,0.069397524815373396,0.072080192817204375,0.074114056627902436,0.075931310745798397,0.077749289373008318,0.079785910618513006,0.082476667328177461,0.087503351294261844,3.9131635895432257,2
distill:m4-hourly,H8,TimesFM-zero-shot,663,0.072954184261948996,0.069591768085956573,0.069517694413661957,0.056089997291564941,0.061678595840930939,0.065117180347442627,0.067025132477283478,0.072139263153076172,0.074334956705570221,0.076995067298412323,0.081923313438892365,3.3849589619384828,2
distill:m4-hourly,H8,TimesFM-laplace-qd,663,0.072954184261948996,0.070679150521755219,0.070322491228580475,0.054803881794214249,0.06141001358628273,0.066215865314006805,0.070011653006076813,0.07244417816400528,0.076623529195785522,0.080988049507141113,0.087219923734664917,3.2953471712920948,2
distill:m4-hourly,H8,Laplace-q-fixed-bandwidth,664,0.038734509181139742,0.057861494922705224,0.046942592139034831,0.051660231148284733,0.054208790194971879,0.056155342259918764,0.057899971836615272,0.059645277046386232,0.061594390023773635,0.064150426375024716,0.068901075685573104,1.5135318220743541,2
distill:m4-hourly,H8,TimesFM-zero-shot,664,0.038734509181139742,0.056793108582496643,0.057352613657712936,0.044010210782289505,0.049232568591833115,0.052267514169216156,0.05419660359621048,0.059017427265644073,0.061238106340169907,0.064087919890880585,0.068974196910858154,-0.39052599824008699,2
distill:m4-hourly,H8,TimesFM-laplace-qd,664,0.038734509181139742,0.056523039937019348,0.056845739483833313,0.042706072330474854,0.048590131103992462,0.052905768156051636,0.056631062179803848,0.058222182095050812,0.062356080859899521,0.066806778311729431,0.072411946952342987,0.29211570227363332,2
distill:m4-hourly,H8,Laplace-q-fixed-bandwidth,665,0.034907884059128591,0.043273871257578825,0.031013808434607604,0.036359960684354722,0.039237100957653974,0.041394323100393482,0.043312128031894069,0.045230729455323644,0.047390992362444984,0.050277062337019875,0.055657998379605007,3.0833539702861215,2
distill:m4-hourly,H8,TimesFM-zero-shot,665,0.034907884059128591,0.036920845508575439,0.037613201886415482,0.022485598921775818,0.028376331552863121,0.031834926456212997,0.03408370167016983,0.039569418877363205,0.042219109833240509,0.045849893242120743,0.051597617566585541,3.2834859850741331,2
distill:m4-hourly,H8,TimesFM-laplace-qd,665,0.034907884059128591,0.043131496757268906,0.044283971190452576,0.027474407106637955,0.034029457718133926,0.038931015878915787,0.043073307722806931,0.045361276715993881,0.050063632428646088,0.055272419005632401,0.061921902000904083,3.2115093788498936,2
distill:m4-hourly,H8,Laplace-q-fixed-bandwidth,666,0.013173843218170944,0.031829670512894474,0.019506994256962305,0.024877701072515225,0.027775337910825502,0.029942795608656918,0.031867417461940342,0.033792845333646702,0.035963381219482449,0.038870045950415225,0.04427506082464757,1.7382401971210486,2
distill:m4-hourly,H8,TimesFM-zero-shot,666,0.013173843218170944,0.025804257020354271,0.026163678616285324,0.012036986649036407,0.01776445284485817,0.020895814523100853,0.023044377565383911,0.028355540707707405,0.030830860137939453,0.034423317760229111,0.03991907462477684,1.9601749225326781,2
distill:m4-hourly,H8,TimesFM-laplace-qd,666,0.013173843218170944,0.029073117300868034,0.029194220900535583,0.014754319563508034,0.021115591749548912,0.025404375046491623,0.029346710070967674,0.031070219352841377,0.035357177257537842,0.040683530271053314,0.04684704914689064,1.2029260823670458,2
distill:m4-hourly,H8,Laplace-q-fixed-bandwidth,667,0.0043873302541896919,0.016950860050857774,0.0034500623253533183,0.0092701264369499485,0.012496041393265354,0.014882995833503745,0.01698867772279954,0.019095290476633227,0.021485802613530725,0.024721930427915081,0.03057528724773265,2.518624957369247,2
distill:m4-hourly,H8,TimesFM-zero-shot,667,0.0043873302541896919,0.0039234585128724575,0.0042290883138775826,-0.0099256476387381554,-0.0042354781180620193,-0.00094138772692531347,0.0012178883189335465,0.0066711972467601299,0.0092483200132846832,0.012999285943806171,0.018589101731777191,3.2473144012942949,2
distill:m4-hourly,H8,TimesFM-laplace-qd,667,0.0043873302541896919,0.0097146322950720787,0.010066507384181023,-0.0045316978357732296,0.0018198484322056174,0.0061082658357918262,0.0099441800266504288,0.011599628254771233,0.015938982367515564,0.021211549639701843,0.027274858206510544,3.3630842703714867,2
distill:m4-hourly,H8,Laplace-q-fixed-bandwidth,668,0.010196849982657241,0.0033679127564783884,-0.010596846883183252,-0.0046468335636976887,-0.001274110938318558,0.0012154425571043858,0.0034054381661542494,0.0055964234826462872,0.0080897521096173243,0.011473064671185054,0.01745497558930291,3.3497016269810573,2
distill:m4-hourly,H8,TimesFM-zero-shot,668,0.010196849982657241,-0.0013513162266463041,-0.0012596924789249897,-0.014469671994447708,-0.0089903492480516434,-0.0056807957589626312,-0.0036601764149963856,0.0012676791520789266,0.0035257225390523672,0.0067293792963027954,0.011724377050995827,2.8288692376934166,2
distill:m4-hourly,H8,TimesFM-laplace-qd,668,0.010196849982657241,0.0035628816112875938,0.0025969573762267828,-0.01088445633649826,-0.0045397775247693062,-4.2682047933340073e-05,0.0037853613030165434,0.0056434152647852898,0.0099660381674766541,0.01501317135989666,0.020710669457912445,3.1390596523571137,2
distill:m4-hourly,H8,Laplace-q-fixed-bandwidth,669,-0.023312641938536771,-0.01275640999377611,-0.02648868351665367,-0.020624530894407106,-0.017314575860177206,-0.014870461932073668,-0.012719320991751186,-0.010567214065886616,-0.0081194145717636886,-0.0047990724058289882,0.0010968114970962058,2.806748294795629,2
distill:m4-hourly,H8,TimesFM-zero-shot,669,-0.023312641938536771,-0.010550523176789284,-0.01036072988063097,-0.023119492456316948,-0.018106831237673759,-0.014886176213622093,-0.013003896921873093,-0.0081036491319537163,-0.0057416548952460289,-0.0025439644232392311,0.00290320860221982,1.6643958090753208,2
distill:m4-hourly,H8,TimesFM-laplace-qd,669,-0.023312641938536771,-0.012388212606310844,-0.012935773469507694,-0.02592933177947998,-0.020071385428309441,-0.015628606081008911,-0.011982635594904423,-0.010379641316831112,-0.0060686175711452961,-0.0010348277864977717,0.0053298319689929485,2.638946437419845,2
distill:m4-hourly,H8,Laplace-q-fixed-bandwidth,670,-0.037211617857670021,-0.028490446941532376,-0.042438241921401013,-0.03653336864032615,-0.033148309207301371,-0.030649618248601282,-0.028453696873369703,-0.026256777279496879,-0.023754292162616958,-0.020358722619983324,-0.014423183426357129,3.0789839876283636,2
distill:m4-hourly,H8,TimesFM-zero-shot,670,-0.037211617857670021,-0.030903352424502373,-0.030383391305804253,-0.043365903198719025,-0.038381766527891159,-0.035423226654529572,-0.033371459692716599,-0.028242340311408043,-0.025993309915065765,-0.022612148895859718,-0.016879141330718994,3.7858983520910434,2
distill:m4-hourly,H8,TimesFM-laplace-qd,670,-0.037211617857670021,-0.032340191304683685,-0.032318722456693649,-0.044046349823474884,-0.038769800215959549,-0.034923847764730453,-0.031624384224414825,-0.030425181612372398,-0.026901759207248688,-0.022241260856389999,-0.016181772574782372,3.4351958901259154,2
distill:m4-hourly,H8,Laplace-q-fixed-bandwidth,671,-0.043361753026825767,-0.040896090104235901,-0.054837976955416375,-0.04895734022169123,-0.045564835492311613,-0.043060022987636414,-0.040859725609963239,-0.038658426305173306,-0.036149808327979462,-0.032746842184133394,-0.026836174733879059,3.7950817466265723,2
distill:m4-hourly,H8,TimesFM-zero-shot,671,-0.043361753026825767,-0.040075834840536118,-0.039918836206197739,-0.052986603230237961,-0.047618571668863297,-0.044711094349622726,-0.042551390826702118,-0.037412293255329132,-0.035233769565820694,-0.031858783215284348,-0.026301924139261246,3.4604792259687489,2
distill:m4-hourly,H8,TimesFM-laplace-qd,671,-0.043361753026825767,-0.043588936328887939,-0.043303504586219788,-0.054585538804531097,-0.049551647156476974,-0.046114969998598099,-0.042910303920507431,-0.04230518639087677,-0.039097357541322708,-0.034724075347185135,-0.029359877109527588,3.7228631224300717,2
distill:m4-hourly,H8,Laplace-q-fixed-bandwidth,672,-0.027263079701725701,-0.03240278853426895,-0.045730293142080838,-0.040033727147952974,-0.03682477984629684,-0.034454135928017326,-0.032366852936973653,-0.030278641721436305,-0.027904455122173686,-0.024685500718953406,-0.018958119074172167,3.580735499217556,2
distill:m4-hourly,H8,TimesFM-zero-shot,672,-0.027263079701725701,-0.038389738649129868,-0.038243383169174194,-0.050944041460752487,-0.045774921774864197,-0.043037097901105881,-0.040926847606897354,-0.035749934613704681,-0.033600181341171265,-0.030389584600925446,-0.025053683668375015,2.8434774718696767,2
distill:m4-hourly,H8,TimesFM-laplace-qd,672,-0.027263079701725701,-0.035174813121557236,-0.035011481493711472,-0.048331372439861298,-0.043100938200950623,-0.039169866591691971,-0.035727687180042267,-0.034370459616184235,-0.031032528728246689,-0.026735307648777962,-0.021284786984324455,2.9636043901604139,2
distill:m4-hourly,H8,Laplace-q-fixed-bandwidth,673,-0.036521577849445208,-0.036976433095297322,-0.049919776744424743,-0.044356959890826594,-0.041256721870989263,-0.038963211810269113,-0.036940907589815643,-0.034917716963883627,-0.032620820635043193,-0.029510912454314631,-0.023917131789116034,3.9560098059276427,2
distill:m4-hourly,H8,TimesFM-zero-shot,673,-0.036521577849445208,-0.036777466535568237,-0.036603953689336777,-0.04909917339682579,-0.043943479657173157,-0.041202981024980545,-0.039195515215396881,-0.034370481967926025,-0.032363627105951309,-0.029114279896020889,-0.023966612294316292,3.3897999239058407,2
distill:m4-hourly,H8,TimesFM-laplace-qd,673,-0.036521577849445208,-0.035601049661636353,-0.035486068576574326,-0.048307612538337708,-0.043125562369823456,-0.039396867156028748,-0.035994336009025574,-0.035039104521274567,-0.031850080937147141,-0.027459105476737022,-0.022239642217755318,3.6384006756418343,2
distill:m4-hourly,H8,Laplace-q-fixed-bandwidth,674,-0.07860942233119772,-0.078691428350407711,-0.090931550648063769,-0.085622526429054602,-0.082721961336083893,-0.080565062936228587,-0.078656217324802907,-0.076746563199062562,-0.074586571560677911,-0.071677017339920879,-0.066336444355332813,4.0182598684482231,2
distill:m4-hourly,H8,TimesFM-zero-shot,674,-0.07860942233119772,-0.073721855878829956,-0.074159912765026093,-0.085063233971595764,-0.080459631979465485,-0.077859871089458466,-0.075983330607414246,-0.07141103595495224,-0.069665826857089996,-0.066710807383060455,-0.061315011233091354,3.7744512766060363,2
distill:m4-hourly,H8,TimesFM-laplace-qd,674,-0.07860942233119772,-0.079244859516620636,-0.079842090606689453,-0.091145344078540802,-0.086704887449741364,-0.083170413970947266,-0.079800494015216827,-0.079319745302200317,-0.076638020575046539,-0.072480767965316772,-0.067328140139579773,3.7613900325264935,2
distill:m4-hourly,H8,Laplace-q-fixed-bandwidth,675,-0.09194739864872048,-0.096233444419946704,-0.10776800284384905,-0.10274594496978215,-0.10003475104161641,-0.098003457761554669,-0.096198474181341143,-0.094392753800632972,-0.092358646399612082,-0.089639204304048203,-0.084585533119454187,3.7523338673942304,2
distill:m4-hourly,H8,TimesFM-zero-shot,675,-0.09194739864872048,-0.092730864882469177,-0.093530893325805664,-0.10352200269699097,-0.099133968353271484,-0.096667982637882233,-0.094956740736961365,-0.090644612908363342,-0.089144885540008545,-0.08646199107170105,-0.081551305949687958,3.5536632352357933,2
distill:m4-hourly,H8,TimesFM-laplace-qd,675,-0.09194739864872048,-0.09210638701915741,-0.093146555125713348,-0.10539469867944717,-0.10037681460380554,-0.096477590501308441,-0.092998124659061432,-0.092460304498672485,-0.089812010526657104,-0.086196549236774445,-0.081419579684734344,3.7795080486646166,2
distill:m4-hourly,H8,Laplace-q-fixed-bandwidth,676,-0.075337935533706712,-0.082871167383194097,-0.093987410096982055,-0.089148925375957089,-0.086543564596429784,-0.084582689222533841,-0.082836513116868515,-0.081089638996330871,-0.079126101503661672,-0.076512928732707153,-0.071643263237540084,3.2033311640696498,2
distill:m4-hourly,H8,TimesFM-zero-shot,676,-0.075337935533706712,-0.081667460501194,-0.082307755947113037,-0.092742554843425751,-0.088131844997406006,-0.085442639887332916,-0.083766981959342957,-0.079320795834064484,-0.077654257416725159,-0.075105980038642883,-0.070361070334911346,3.3425518173919913,2
distill:m4-hourly,H8,TimesFM-laplace-qd,676,-0.075337935533706712,-0.079319402575492859,-0.080517396330833435,-0.092596001923084259,-0.087503395974636078,-0.083476565778255463,-0.08036523312330246,-0.079631827771663666,-0.076708346605300903,-0.073031648993492126,-0.06820310652256012,3.3753436154692302,2
distill:m4-hourly,H8,Laplace-q-fixed-bandwidth,677,-0.062138699651521634,-0.063670012380440372,-0.074820311436185866,-0.069966753420343919,-0.067349723119070531,-0.065384281536741085,-0.063635830015520339,-0.061886675083390637,-0.059918547447732361,-0.057293640386604373,-0.052409264319000927,4.0637350811759099,2
distill:m4-hourly,H8,TimesFM-zero-shot,677,-0.062138699651521634,-0.061031214892864227,-0.061344508081674576,-0.073043577373027802,-0.06795947253704071,-0.065085463225841522,-0.063229560852050781,-0.058864451944828033,-0.057093322277069092,-0.05440109595656395,-0.049622025340795517,3.5174136939147562,2
distill:m4-hourly,H8,TimesFM-laplace-qd,677,-0.062138699651521634,-0.058668181300163269,-0.058751251548528671,-0.073030486702919006,-0.067721530795097351,-0.063478805124759674,-0.060260925441980362,-0.059316955506801605,-0.056210242211818695,-0.052497409284114838,-0.047553930431604385,3.6646148076773608,2
distill:m4-hourly,H8,Laplace-q-fixed-bandwidth,678,-0.04634033725870168,-0.04766518725444089,-0.058181579759101987,-0.053616005850844445,-0.051157012579327421,-0.049294487875500503,-0.047631182673691333,-0.045967231991465365,-0.044102250314816335,-0.041636056267941202,-0.037040389360812068,4.1250010965953443,2
distill:m4-hourly,H8,TimesFM-zero-shot,678,-0.04634033725870168,-0.048279426991939545,-0.047787029296159744,-0.059462063014507294,-0.054897744208574295,-0.051992595195770264,-0.050337225198745728,-0.046054702252149582,-0.044347073882818222,-0.041934359818696976,-0.037011899054050446,3.5437949596809197,2
distill:m4-hourly,H8,TimesFM-laplace-qd,678,-0.04634033725870168,-0.045726113021373749,-0.044859856367111206,-0.059041924774646759,-0.054499518126249313,-0.050521809607744217,-0.04729543998837471,-0.046937189996242523,-0.044042438268661499,-0.040484689176082611,-0.035473842173814774,3.8003804718665961,2
distill:m4-hourly,H8,Laplace-q-fixed-bandwidth,679,-0.030003994983832882,-0.032966746629491124,-0.042870397962488212,-0.038599951047840662,-0.036286420569043,-0.03451809647778839,-0.03293286605579749,-0.031347041980525403,-0.029576468014614291,-0.027256381892893526,-0.022957147885475253,4.0096019090392927,2
distill:m4-hourly,H8,TimesFM-zero-shot,679,-0.030003994983832882,-0.028786715120077133,-0.028952375054359436,-0.039724566042423248,-0.035296645015478134,-0.032540708780288696,-0.030916949734091759,-0.026621140539646149,-0.024903204292058945,-0.022387955337762833,-0.01755877211689949,3.5714920131041845,2
distill:m4-hourly,H8,TimesFM-laplace-qd,679,-0.030003994983832882,-0.0293862484395504,-0.028730340301990509,-0.041281502693891525,-0.037436749786138535,-0.033712077885866165,-0.030822649598121643,-0.030534055083990097,-0.027795134112238884,-0.024429615586996078,-0.019588634371757507,3.887121123533769,2
distill:m4-hourly,H8,Laplace-q-fixed-bandwidth,680,-0.0051487020086486979,-0.0094744232614275524,-0.018917420334439446,-0.014875212927345088,-0.012667279919666402,-0.010968127727059018,-0.0094407218614384544,-0.0079127577492458315,-0.0062115042693654324,-0.0039974816564745785,7.2127008417583127e-05,3.8086328517032957,2
distill:m4-hourly,H8,TimesFM-zero-shot,680,-0.0051487020086486979,-0.005791704636067152,-0.0067333593033254147,-0.015866579487919807,-0.011806496419012547,-0.0092473095282912254,-0.0077637345530092716,-0.0038988441228866577,-0.0024485029280185699,-0.00010564818512648344,0.0045076566748321056,3.6648907124296857,2
distill:m4-hourly,H8,TimesFM-laplace-qd,680,-0.0051487020086486979,-0.0048246840015053749,-0.0046613803133368492,-0.01631997711956501,-0.01268595177680254,-0.0090032098814845085,-0.0062093897722661495,-0.0062218937091529369,-0.0037343939766287804,-0.00081565417349338531,0.0036085243336856365,3.9925752369560534,2
distill:m4-hourly,H8,Laplace-q-fixed-bandwidth,681,0.034164066165541129,0.027613755678351521,0.018455525330523189,0.02235782104809983,0.024501271499619233,0.026156820110054227,0.027647164484243786,0.029138044148822713,0.030795608252282926,0.032944876869055978,0.036873577367936339,3.349432422215584,2
distill:m4-hourly,H8,TimesFM-zero-shot,681,0.034164066165541129,0.025450481101870537,0.024711485952138901,0.014391060918569565,0.019142180681228638,0.021798023954033852,0.023506456986069679,0.027512645348906517,0.028846144676208496,0.031275156885385513,0.035483032464981079,3.0404043223332238,2
distill:m4-hourly,H8,TimesFM-laplace-qd,681,0.034164066165541129,0.030310932546854019,0.0313531793653965,0.016679082065820694,0.021596109494566917,0.02569204568862915,0.028910510241985321,0.029433723539113998,0.03221193328499794,0.035627726465463638,0.040187429636716843,3.3319393836956372,2
distill:m4-hourly,H8,Laplace-q-fixed-bandwidth,682,0.053014171234618601,0.042995716109415938,0.033816089215738754,0.037738622795764024,0.039885870864943732,0.041540481924021891,0.043028603191705997,0.044517261739492303,0.046173901246443078,0.048327017257131469,0.052276014515917665,2.6656150162674392,2
distill:m4-hourly,H8,TimesFM-zero-shot,682,0.053014171234618601,0.043391507118940353,0.043343398720026016,0.032248809933662415,0.037221916019916534,0.039930917322635651,0.041437238454818726,0.045405194163322449,0.046685054898262024,0.048997219651937485,0.053035911172628403,2.8717044222239032,2
distill:m4-hourly,H8,TimesFM-laplace-qd,682,0.053014171234618601,0.048022177070379257,0.050167810171842575,0.03539106622338295,0.03998187929391861,0.043591003865003586,0.046540439128875732,0.047331944108009338,0.050031978636980057,0.053866095840930939,0.058417607098817825,3.1241786270333676,2
distill:m4-hourly,H8,Laplace-q-fixed-bandwidth,683,0.051972129141825363,0.053282581702994603,0.043614381194089294,0.047791120988104979,0.050050320366251205,0.051772574780817454,0.053314781388451762,0.054857565935137437,0.056582015330552834,0.058847620529725517,0.063052060823718281,4.194492470891567,2
distill:m4-hourly,H8,TimesFM-zero-shot,683,0.051972129141825363,0.057245243340730667,0.057335995137691498,0.046769246459007263,0.051195308566093445,0.053770691156387329,0.055209144949913025,0.059200979769229889,0.060373257845640182,0.062495723366737366,0.066581450402736664,3.8418460296121033,2
distill:m4-hourly,H8,TimesFM-laplace-qd,683,0.051972129141825363,0.055392611771821976,0.056609936058521271,0.04356725886464119,0.04805653914809227,0.051582168787717819,0.05443718284368515,0.054792657494544983,0.057140100747346878,0.060219448059797287,0.064589135348796844,3.8913163332324858,2
distill:m4-hourly,H8,Laplace-q-fixed-bandwidth,684,0.062329089457916709,0.073301903305341823,0.064190115990995791,0.068091340918730189,0.070222068627655079,0.071861025413785765,0.07333401020068292,0.07480752769344115,0.076448498714366833,0.078585063438758831,0.082512453513449199,2.4899613611554514,2
distill:m4-hourly,H8,TimesFM-zero-shot,684,0.062329089457916709,0.070291489362716675,0.069718748331069946,0.061290845274925232,0.065360546112060547,0.067435532808303833,0.068572200834751129,0.071991398930549622,0.072937794029712677,0.074836254119873047,0.078552044928073883,2.7753702579880164,2
distill:m4-hourly,H8,TimesFM-laplace-qd,684,0.062329089457916709,0.071689799427986145,0.071625426411628723,0.061957515776157379,0.06587856262922287,0.069119788706302643,0.071780793368816376,0.071547076106071472,0.073918901383876801,0.077047310769557953,0.081348583102226257,2.3590281118663756,2
distill:m4-hourly,H8,Laplace-q-fixed-bandwidth,685,0.069928599641373879,0.081389301394018468,0.071657846517740209,0.075873156785766227,0.078148413780052411,0.079876175683803577,0.081420754668460368,0.082965919284482659,0.084695905993877343,0.086977672201651562,0.091220494283707154,2.4506767224368358,2
distill:m4-hourly,H8,TimesFM-zero-shot,685,0.069928599641373879,0.073134265840053558,0.072426199913024902,0.064441069960594177,0.06849072128534317,0.070410408079624176,0.071527257561683655,0.074930943548679352,0.075990207493305206,0.077999994158744812,0.081696547567844391,3.9653246865073237,2
distill:m4-hourly,H8,TimesFM-laplace-qd,685,0.069928599641373879,0.076556578278541565,0.075351953506469727,0.067355357110500336,0.070979222655296326,0.074308685958385468,0.07688622921705246,0.076442040503025055,0.078819781541824341,0.081681892275810242,0.085998572409152985,3.173615314073877,2
distill:m4-hourly,H8,Laplace-q-fixed-bandwidth,686,0.074907253327667789,0.083007378098164247,0.072628907164919362,0.0771411115460887,0.079580262825923606,0.081410719667148732,0.083038339241726669,0.084666603726856068,0.086499524642316264,0.088945888601758741,0.093485912876333024,3.0566094019704355,2
distill:m4-hourly,H8,TimesFM-zero-shot,686,0.074907253327667789,0.074232123792171478,0.073992066085338593,0.065833218395709991,0.069953955709934235,0.071674294769763947,0.072728186845779419,0.075858190655708313,0.076848581433296204,0.078602373600006104,0.081973046064376831,3.9387653311759485,2
distill:m4-hourly,H8,TimesFM-laplace-qd,686,0.074907253327667789,0.080493524670600891,0.079460576176643372,0.070997424423694611,0.075100332498550415,0.07828579843044281,0.080829218029975891,0.080202102661132812,0.082513362169265747,0.085681125521659851,0.089813858270645142,3.3435131272120389,2
distill:m4-hourly,H8,Laplace-q-fixed-bandwidth,687,0.067628056207537313,0.071769437115886625,0.061204702212465073,0.065792364520027402,0.068284716914339988,0.070147309000783586,0.071799964318078224,0.073453285775581884,0.075318424194693201,0.077818206213776692,0.082433264644197396,3.7979834621365001,2
distill:m4-hourly,H8,TimesFM-zero-shot,687,0.067628056207537313,0.062608987092971802,0.062777996063232422,0.054554350674152374,0.058531682938337326,0.0603167824447155,0.06122284010052681,0.064183987677097321,0.065335460007190704,0.067088596522808075,0.070433609187602997,3.6032440979897684,2
distill:m4-hourly,H8,TimesFM-laplace-qd,687,0.067628056207537313,0.067230179905891418,0.066571243107318878,0.05928478017449379,0.062924794852733612,0.065888762474060059,0.068170294165611267,0.067484565079212189,0.070090100169181824,0.073509044945240021,0.078017070889472961,4.2323518179902235,2
distill:m4-hourly,H8,Laplace-q-fixed-bandwidth,688,0.059608385318108859,0.045224179165496786,0.035002887135371578,0.039444950204112185,0.041848698140338557,0.043651671789784491,0.045254405449314077,0.046857773145966702,0.048663169233484023,0.051074002750305568,0.055543203014020881,2.0825806513485285,2
distill:m4-hourly,H8,TimesFM-zero-shot,688,0.059608385318108859,0.048405326902866364,0.048797514289617538,0.04040975496172905,0.044119447469711304,0.045848257839679718,0.046832460910081863,0.049926452338695526,0.051235675811767578,0.0533631332218647,0.057079754769802094,2.447060002603028,2
distill:m4-hourly,H8,TimesFM-laplace-qd,688,0.059608385318108859,0.047035146504640579,0.046988226473331451,0.039149481803178787,0.042706314474344254,0.045603204518556595,0.047970473766326904,0.047740206122398376,0.050625808537006378,0.054007038474082947,0.058607637882232666,2.4653589263262803,2
distill:m4-hourly,H8,Laplace-q-fixed-bandwidth,689,0.050842842368664876,0.038307268678376478,0.02720691830015794,0.03199125979074853,0.03463820424469459,0.036602252929454321,0.03833737889197622,0.040073227529714553,0.042040040904907469,0.044694934786234569,0.049505727159058585,2.4010977226802703,2
distill:m4-hourly,H8,TimesFM-zero-shot,689,0.050842842368664876,0.038707084953784943,0.039307866245508194,0.028398893773555756,0.032776147127151489,0.035208873450756073,0.036675911396741867,0.040629707276821136,0.042360924184322357,0.045150447636842728,0.049856085330247879,2.5356778819866337,2
distill:m4-hourly,H8,TimesFM-laplace-qd,689,0.050842842368664876,0.037418421357870102,0.037770576775074005,0.027248509228229523,0.031435441225767136,0.035195618867874146,0.038284331560134888,0.038614258170127869,0.04215901717543602,0.046352148056030273,0.051843974739313126,2.4470298303179181,2
distill:m4-hourly,H8,Laplace-q-fixed-bandwidth,690,0.03623781692559902,0.020607873944164634,0.0089062464148953104,0.013874769478528472,0.016704698334118979,0.018796791132582719,0.020637856007882073,0.022479713851523742,0.024574825190028741,0.027413182342163826,0.032406901317331607,2.0666396393976996,2
distill:m4-hourly,H8,TimesFM-zero-shot,690,0.03623781692559902,0.028109248727560043,0.027891555801033974,0.018263790756464005,0.022704556584358215,0.024815769866108894,0.026243576779961586,0.029995495453476906,0.031527768820524216,0.034262269735336304,0.038856927305459976,3.0750346565450211,2
distill:m4-hourly,H8,TimesFM-laplace-qd,690,0.03623781692559902,0.021827327087521553,0.020677248015999794,0.010710781440138817,0.01540384441614151,0.019022976979613304,0.022340428084135056,0.02310040220618248,0.02671443484723568,0.031512655317783356,0.037346053868532181,2.3732745041425822,2
distill:m4-hourly,H8,Laplace-q-fixed-bandwidth,691,0.016776634693705716,0.0085446500400356007,-0.0039382216348843469,0.0012334867285039917,0.004303531694828824,0.0065785644091007293,0.0085749168771052462,0.010572151735200609,0.012850508295646395,0.015929368910734577,0.021124873513506781,3.1423380323477748,2
distill:m4-hourly,H8,TimesFM-zero-shot,691,0.016776634693705716,0.015299910679459572,0.014988790266215801,0.0049485401250422001,0.0094588035717606544,0.011956461705267429,0.013433340005576611,0.017337854951620102,0.018858619034290314,0.021433904767036438,0.025987638160586357,3.6254598183438196,2
distill:m4-hourly,H8,TimesFM-laplace-qd,691,0.016776634693705716,0.013502559624612331,0.012161285616457462,0.00093569629825651646,0.0061991941183805466,0.010135955177247524,0.013694154098629951,0.014765026047825813,0.018495151773095131,0.023179890587925911,0.028969766572117805,3.4422582305224152,2
distill:m4-hourly,H8,Laplace-q-fixed-bandwidth,692,0.0029931180681312952,0.008593805090326272,-0.0039178228180586812,0.0012357660461271146,0.0043226664926854126,0.0066137951060098853,0.0086237931209852889,0.010634680903575958,0.012929149830711216,0.016024799363999333,0.021201625962921761,3.5307626456911492,2
distill:m4-hourly,H8,TimesFM-zero-shot,692,0.0029931180681312952,0.0044895247556269169,0.0043849973008036613,-0.0050752861425280571,-0.00066917331423610449,0.0015618096804246306,0.0028683522250503302,0.00632121367380023,0.0074965069070458412,0.0096280034631490707,0.013530872762203217,3.8190972222625743,2
distill:m4-hourly,H8,TimesFM-laplace-qd,692,0.0029931180681312952,0.0065847234800457954,0.0052815419621765614,-0.0041086785495281219,0.0007513726013712585,0.0041390722617506981,0.0072940792888402939,0.0077065764926373959,0.011102607473731041,0.015433843247592449,0.020214613527059555,3.5396242976192238,2
distill:m4-hourly,H8,Laplace-q-fixed-bandwidth,693,-0.0054441609879276598,-0.016993788872350063,-0.029278667007712863,-0.024194578943395835,-0.02117171940324291,-0.01893072528910366,-0.016964172701813499,-0.014996754013363128,-0.012752501432903065,-0.0097210174279483853,-0.0046137053222058411,2.6434575979241712,2
distill:m4-hourly,H8,TimesFM-zero-shot,693,-0.0054441609879276598,-0.014806881546974182,-0.014759711921215057,-0.024601226672530174,-0.020413333550095558,-0.018063984811306,-0.016702553257346153,-0.012876260094344616,-0.011409396305680275,-0.0089202737435698509,-0.0042779939249157906,2.8788254280683629,2
distill:m4-hourly,H8,TimesFM-laplace-qd,693,-0.0054441609879276598,-0.015421116724610329,-0.016129236668348312,-0.025573475286364555,-0.021016450598835945,-0.017460215836763382,-0.01451454870402813,-0.014171935617923737,-0.011117914691567421,-0.0072269067168235779,-0.0026078296359628439,2.7856854285904418,2
distill:m4-hourly,H8,Laplace-q-fixed-bandwidth,694,-0.02317938438127598,-0.0326202160337744,-0.045249989979800141,-0.040114235153126357,-0.036978626827770422,-0.034641082191289641,-0.032590632986375247,-0.030539274739322299,-0.028198348323770307,-0.025054126334941036,-0.019896141781137383,2.976620934069909,2
distill:m4-hourly,H8,TimesFM-zero-shot,694,-0.02317938438127598,-0.028105607256293297,-0.027424437925219536,-0.037386838346719742,-0.033336762338876724,-0.031132422387599945,-0.029818512499332428,-0.026289815083146095,-0.02514982782304287,-0.023081125691533089,-0.018701856955885887,3.5348642248609772,2
distill:m4-hourly,H8,TimesFM-laplace-qd,694,-0.02317938438127598,-0.032541722059249878,-0.03296869620680809,-0.040971804410219193,-0.036873467266559601,-0.033837303519248962,-0.03121577575802803,-0.031462151557207108,-0.028880346566438675,-0.025520296767354012,-0.02119758166372776,2.8112157088135148,2
distill:m4-hourly,H8,Laplace-q-fixed-bandwidth,695,-0.041041997020201393,-0.041986617017407683,-0.054737663885265617,-0.04960591488158822,-0.046426621788579009,-0.044046035362694413,-0.041957204762563899,-0.039867449814972117,-0.037483446647373464,-0.034295648124623809,-0.029142308322817029,3.9173559005406364,2
distill:m4-hourly,H8,TimesFM-zero-shot,695,-0.041041997020201393,-0.037056714296340942,-0.036227129399776459,-0.047383248805999756,-0.042840100824832916,-0.040450934320688248,-0.039006255567073822,-0.035155341029167175,-0.033942222595214844,-0.031762879341840744,-0.027394881471991539,3.9629076013387543,2
distill:m4-hourly,H8,TimesFM-laplace-qd,695,-0.041041997020201393,-0.04009232297539711,-0.040410470217466354,-0.048597376793622971,-0.044400312006473541,-0.0416385717689991,-0.039087019860744476,-0.039145886898040771,-0.03667932003736496,-0.03356499969959259,-0.029339628294110298,3.9895839927486114,2
distill:m4-hourly,H8,Laplace-q-fixed-bandwidth,696,-0.03364376988653639,-0.031034248489185193,-0.043274353377974993,-0.038249556611391775,-0.035224817432657207,-0.032977184120509977,-0.031005302887679928,-0.029032555541732841,-0.026781676900276219,-0.023748495136890133,-0.018701449873372966,3.8776849814813614,2
distill:m4-hourly,H8,TimesFM-zero-shot,696,-0.03364376988653639,-0.036075394600629807,-0.035617895424365997,-0.045796789228916168,-0.041438966989517212,-0.039323505014181137,-0.037935934960842133,-0.034123625606298447,-0.032920591533184052,-0.030697256326675415,-0.026311567053198814,3.6799478468890578,2
distill:m4-hourly,H8,TimesFM-laplace-qd,696,-0.03364376988653639,-0.031452927738428116,-0.031246591359376907,-0.042414035648107529,-0.037636816501617432,-0.034344606101512909,-0.031333714723587036,-0.030454546213150024,-0.027465485036373138,-0.023435734212398529,-0.018449742347002029,3.7120646943664486,2
distill:m4-hourly,H8,Laplace-q-fixed-bandwidth,697,-0.033443613218985035,-0.035507968080915324,-0.047290408957127474,-0.042379303174131501,-0.03949300146471902,-0.03735596315402951,-0.035479427755211922,-0.033602079129578778,-0.031461967759865067,-0.028567400292455684,-0.023633492880669522,3.9613944205462861,2
distill:m4-hourly,H8,TimesFM-zero-shot,697,-0.033443613218985035,-0.037865109741687775,-0.037557773292064667,-0.048962760716676712,-0.044120386242866516,-0.041596964001655579,-0.039960678666830063,-0.035801563411951065,-0.034448187798261642,-0.031819362193346024,-0.027164526283740997,3.4918541069768585,2
distill:m4-hourly,H8,TimesFM-laplace-qd,697,-0.033443613218985035,-0.032486885786056519,-0.032218329608440399,-0.04417269304394722,-0.038904912769794464,-0.035569958388805389,-0.032610289752483368,-0.031615845859050751,-0.028661996126174927,-0.024759668856859207,-0.01989857479929924,3.7246513983260412,2
distill:m4-hourly,H8,Laplace-q-fixed-bandwidth,698,-0.078903531918712133,-0.078046602133324691,-0.089326154434453492,-0.084554712167371204,-0.081820101208003648,-0.079797646832816843,-0.078018425011061543,-0.076238447870655035,-0.074213120481126799,-0.071470537432612002,-0.066675654948315649,4.0717073884405597,2
distill:m4-hourly,H8,TimesFM-zero-shot,698,-0.078903531918712133,-0.074191249907016754,-0.074724137783050537,-0.084265753626823425,-0.079814225435256958,-0.077578835189342499,-0.076113685965538025,-0.072293981909751892,-0.070966526865959167,-0.068448081612586975,-0.063633561134338379,3.8798022922739799,2
distill:m4-hourly,H8,TimesFM-laplace-qd,698,-0.078903531918712133,-0.076123446226119995,-0.076247788965702057,-0.087217003107070923,-0.082501843571662903,-0.079205282032489777,-0.076299697160720825,-0.075957521796226501,-0.073234982788562775,-0.069485068321228027,-0.064641572535037994,3.7943570037922036,2
distill:fred-econ,T10Y2Y,Laplace-q-fixed-bandwidth,12468,0,0.0020476701461420842,-0.020022763939757431,-0.019655432520102115,-0.01004576317739308,-0.0099094935985833531,-0.00011689412122728462,0.003398179607148341,0.0099761918089052559,0.01149469496495085,0.030100735013727384,2.9337618524961213,2
distill:fred-econ,T10Y2Y,TimesFM-zero-shot,12468,0,-0.00041162065463140607,0.0010662878630682826,-0.029447726905345917,-0.019205246120691299,-0.012124293483793736,-0.0062419474124908447,0.0053508584387600422,0.011656307615339756,0.019524434581398964,0.031678304076194763,2.417557955875171,2
distill:fred-econ,T10Y2Y,TimesFM-laplace-qd,12468,0,0.00074284197762608528,0.002371086273342371,-0.026318611577153206,-0.0166353490203619,-0.0094529334455728531,-0.0032456661574542522,0.0046354513615369797,0.011181418783962727,0.019056433811783791,0.030704298987984657,2.5904024186335595,2
distill:fred-econ,T10Y2Y,Laplace-q-fixed-bandwidth,12469,0.020000000000000018,-0.00014615427307513272,-0.0200302827158741,-0.019633303566174341,-0.010047999500612706,-0.0099077592504112893,-0.00015675556384515927,8.4976089456671489e-05,0.0098467648448538354,0.010076998049590271,0.022081961888402488,2.1248302649755946,2
distill:fred-econ,T10Y2Y,TimesFM-zero-shot,12469,0.020000000000000018,-0.00034678392694331706,0.0016416539438068867,-0.030422993004322052,-0.019904397428035736,-0.012617673724889755,-0.0064244945533573627,0.0057185506448149681,0.012323071248829365,0.020538216456770897,0.033275235444307327,2.1851752169429375,2
distill:fred-econ,T10Y2Y,TimesFM-laplace-qd,12469,0.020000000000000018,-0.00040670472662895918,0.0016852184198796749,-0.027380680665373802,-0.017733577638864517,-0.010550491511821747,-0.0043061035685241222,0.0033462925348430872,0.0099306683987379074,0.01778952032327652,0.029504247009754181,2.1643898149954026,2
distill:fred-econ,T10Y2Y,Laplace-q-fixed-bandwidth,12470,0.039999999999999925,-0.0042712593156155896,-0.020192874188408809,-0.019946210397838449,-0.010183828675827452,-0.0099917733525102838,-0.0096266789808015438,-1.8219336751032683e-06,0.009821256433904569,0.010080473468334961,0.019984169082310745,0.54524473293933517,2
distill:fred-econ,T10Y2Y,TimesFM-zero-shot,12470,0.039999999999999925,0.0010461680358275771,0.0019684871658682823,-0.027948208153247833,-0.017535539343953133,-0.010466608218848705,-0.0046419729478657246,0.0067672440782189369,0.012900621630251408,0.020455818623304367,0.032042615115642548,1.4217769572800685,2
distill:fred-econ,T10Y2Y,TimesFM-laplace-qd,12470,0.039999999999999925,0.0004055834433529526,0.00092091341502964497,-0.026389364153146744,-0.016423832625150681,-0.0092574935406446457,-0.0031619940418750048,0.004085941705852747,0.01040822546929121,0.017858877778053284,0.028767092153429985,1.2186825910153511,2
distill:fred-econ,T10Y2Y,Laplace-q-fixed-bandwidth,12471,-0.049999999999999933,-0.0065014071874357881,-0.02938851709242055,-0.020031327772062249,-0.017553308537929559,-0.010045893473552992,-0.0098730757611615785,-5.7690789049727078e-05,0.0052243690749166731,0.010057460858728154,0.01997339406819992,0.39527667374176717,2
distill:fred-econ,T10Y2Y,TimesFM-zero-shot,12471,-0.049999999999999933,-0.0019675965886563063,-0.00059011322446167469,-0.032144520431756973,-0.021540896967053413,-0.014209732413291931,-0.0080409999936819077,0.0039918436668813229,0.010699506849050522,0.01890404149889946,0.03127356618642807,-1.4580687656705464,2
distill:fred-econ,T10Y2Y,TimesFM-laplace-qd,12471,-0.049999999999999933,-0.0037883471231907606,-0.002104245824739337,-0.030279302969574928,-0.020712211728096008,-0.013655334711074829,-0.0075398152694106102,-0.00017439063230995089,0.0064869937486946583,0.014387455768883228,0.025792021304368973,-2.9132048758163798,2
distill:fred-econ,T10Y2Y,Laplace-q-fixed-bandwidth,12472,-0.020000000000000018,0.011821334864480251,-0.019957102970697773,-0.010092933107001378,-0.0099104399193380467,-4.1746929928831018e-05,0.0097911854778044323,0.010117268095315414,0.019991417638503196,0.030961140465239095,0.052758603709100502,2.310574749672945,2
distill:fred-econ,T10Y2Y,TimesFM-zero-shot,12472,-0.020000000000000018,-0.001332696876488626,-6.1967119108885527e-05,-0.03290928527712822,-0.021666599437594414,-0.013947289437055588,-0.0075114676728844643,0.004876128863543272,0.011548876762390137,0.019780442118644714,0.03200351819396019,2.8191750768620003,2
distill:fred-econ,T10Y2Y,TimesFM-laplace-qd,12472,-0.020000000000000018,0.0012675010366365314,0.0026577501557767391,-0.027704304084181786,-0.017063135281205177,-0.0093026924878358841,-0.0027554570697247982,0.0053030038252472878,0.011995132081210613,0.019992969930171967,0.031410541385412216,2.2671932934073125,2
distill:fred-econ,T10Y2Y,Laplace-q-fixed-bandwidth,12473,0.020000000000000018,0.0038410564147779622,-0.020032299322770959,-0.019792294507403718,-0.0100294788865831,-0.0097701625520303995,2.0459775212551868e-05,0.0098270729380805465,0.010161708900468424,0.01997602547769136,0.029958301491206183,2.4000727469203929,2
distill:fred-econ,T10Y2Y,TimesFM-zero-shot,12473,0.020000000000000018,-0.005034108180552721,-0.0045774402096867561,-0.037573792040348053,-0.026148196309804916,-0.01801777072250843,-0.01142407301813364,0.0012917963322252035,0.0080496463924646378,0.016283322125673294,0.028287952765822411,2.0924555139419088,2
distill:fred-econ,T10Y2Y,TimesFM-laplace-qd,12473,0.020000000000000018,-0.003586901118978858,-0.0030848379246890545,-0.031535051763057709,-0.021481737494468689,-0.013868964277207851,-0.0075310864485800266,0.00021347752772271633,0.0067515736445784569,0.014567092061042786,0.025451909750699997,2.0740783890217376,2
distill:fred-econ,T10Y2Y,Laplace-q-fixed-bandwidth,12474,-0.010000000000000009,-0.0042144827450791046,-0.022702055264572987,-0.019995837583326251,-0.01633146055249525,-0.010023360315836578,-0.0094529490295233304,2.2161177606791446e-05,0.0098958506082686172,0.013675678102523278,0.020037564967162622,3.0284260822707365,2
distill:fred-econ,T10Y2Y,TimesFM-zero-shot,12474,-0.010000000000000009,-0.0038800975307822227,-0.0033860830590128899,-0.036390680819749832,-0.024994928389787674,-0.016980953514575958,-0.010327314026653767,0.0025221086107194424,0.0093675646930932999,0.01788068562746048,0.030385436490178108,2.3442928538376853,2
distill:fred-econ,T10Y2Y,TimesFM-laplace-qd,12474,-0.010000000000000009,-0.0050118719227612019,-0.004261440597474575,-0.032859105616807938,-0.022864725440740585,-0.015351352281868458,-0.0090510742738842964,-0.0011582726147025824,0.0054172351956367493,0.013398720882833004,0.024773763492703438,2.6130137150211494,2
distill:fred-econ,T10Y2Y,Laplace-q-fixed-bandwidth,12475,-0.010000000000000009,0.0021049474809824117,-0.020029801930403657,-0.018810341734686268,-0.010037300099090523,-0.0098691182745102267,-4.7676163654219539e-05,0.007609311913358994,0.010109443917718265,0.019929696541710253,0.020355887350630267,2.8059977063175223,2
distill:fred-econ,T10Y2Y,TimesFM-zero-shot,12475,-0.010000000000000009,-0.00054111529607325792,-0.00015155972505453974,-0.032846115529537201,-0.021414930000901222,-0.013399780727922916,-0.0068413838744163513,0.0058138747699558735,0.012531016021966934,0.020849777385592461,0.032934822142124176,2.471240472004927,2
distill:fred-econ,T10Y2Y,TimesFM-laplace-qd,12475,-0.010000000000000009,-0.001350361155346036,-0.0011390828294679523,-0.029506193473935127,-0.019287379458546638,-0.011626017279922962,-0.005272706039249897,0.0026070361491292715,0.0091172857210040092,0.017021607607603073,0.028009792789816856,2.7181833518754859,2
distill:fred-econ,T10Y2Y,Laplace-q-fixed-bandwidth,12476,0,0.001804355706184321,-0.020015009366780537,-0.01234822335316877,-0.010036810446307411,-0.0099053467722837046,-0.0001209339202014842,0.0039830277007447254,0.010070653898187374,0.019913946657526931,0.020288002009110837,2.7829112871478356,2
distill:fred-econ,T10Y2Y,TimesFM-zero-shot,12476,0,0.0022387660574167967,0.0033406114671379328,-0.029212633147835732,-0.01816827803850174,-0.010464289225637913,-0.0039891931228339672,0.0086255399510264397,0.015350452624261379,0.023757949471473694,0.036039579659700394,2.3431279563886012,2
distill:fred-econ,T10Y2Y,TimesFM-laplace-qd,12476,0,0.0030132504180073738,0.0042406660504639149,-0.023858724161982536,-0.014150132425129414,-0.0069610453210771084,-0.00076131639070808887,0.0069344872608780861,0.013405361212790012,0.021302873268723488,0.032358050346374512,2.6108395312330206,2
distill:fred-econ,T10Y2Y,Laplace-q-fixed-bandwidth,12477,-0.010000000000000009,-0.00042514914607529747,-0.020034071346913318,-0.016353066057544656,-0.010047530611468288,-0.0099143525910210129,-0.00018776634262137351,7.6941734671190576e-05,0.0099167940909247725,0.017239065204516971,0.02007565394422578,3.187507780740122,2
distill:fred-econ,T10Y2Y,TimesFM-zero-shot,12477,-0.010000000000000009,-0.00029109715251252055,9.9504803074523807e-05,-0.032197035849094391,-0.020988199859857559,-0.013096542097628117,-0.0065850904211401939,0.0059832390397787094,0.012620302848517895,0.020770329982042313,0.032705016434192657,2.494944062012431,2
distill:fred-econ,T10Y2Y,TimesFM-laplace-qd,12477,-0.010000000000000009,-0.00055871863150969148,0.00025528515106998384,-0.027603033930063248,-0.017789939418435097,-0.010504523292183876,-0.0043417694978415966,0.0032887251581996679,0.0097255222499370575,0.017412673681974411,0.028197731822729111,2.8203420130019277,2
distill:fred-econ,T10Y2Y,Laplace-q-fixed-bandwidth,12478,0,0.00155069394015258,-0.019987665003782729,-0.010168230488834066,-0.010017919138680659,-0.009900984881132148,-0.00011939390700992835,0.00013300219077324332,0.0099986875593553511,0.019864450904700418,0.020195872907350726,2.8975022729754816,2
distill:fred-econ,T10Y2Y,TimesFM-zero-shot,12478,0,-0.0024557136930525303,-0.0021628732793033123,-0.035007372498512268,-0.023543013259768486,-0.015540787950158119,-0.0088562658056616783,0.003924789372831583,0.010676881298422813,0.018967226147651672,0.03080189973115921,2.3338659549865257,2
distill:fred-econ,T10Y2Y,TimesFM-laplace-qd,12478,0,-0.0042195478454232216,-0.0036543570458889008,-0.031723752617835999,-0.02176067978143692,-0.014401176944375038,-0.00808671023696661,-0.00046345841838046908,0.0059575135819613934,0.013623724691569805,0.024120261892676353,2.5923360940285027,2
distill:fred-econ,T10Y2Y,Laplace-q-fixed-bandwidth,12479,-0.010000000000000009,-0.00068674881019216817,-0.020005970303808497,-0.010225880413363255,-0.010026732818254624,-0.0099091427517245499,-0.00017179784712915665,3.3935372519378496e-05,0.0083645234200684319,0.011270008882288395,0.020046034568006632,5.0629701710620871,2
distill:fred-econ,T10Y2Y,TimesFM-zero-shot,12479,-0.010000000000000009,-0.0012492365203797817,-0.0007059117779135704,-0.033705253154039383,-0.022303851321339607,-0.014279146678745747,-0.0076427743770182133,0.0051354812458157539,0.011934151872992516,0.020238002762198448,0.03218933567404747,2.4195556794919018,2
distill:fred-econ,T10Y2Y,TimesFM-laplace-qd,12479,-0.010000000000000009,-0.0030058089178055525,-0.0020849066786468029,-0.030124975368380547,-0.020360808819532394,-0.013070623390376568,-0.0068459482863545418,0.00073454179801046848,0.007153321523219347,0.014860052615404129,0.025490941479802132,2.6975320994443024,2
distill:fred-econ,T10Y2Y,Laplace-q-fixed-bandwidth,12480,-0.010000000000000009,0.0013138903877582249,-0.019976423930804895,-0.010144352275996554,-0.010018618971439516,-0.0099184222396017062,-0.00046699847891388868,2.1358004360518688e-05,0.0059307884957062211,0.019919641223627757,0.023693510398574986,5.3644531948992382,2
distill:fred-econ,T10Y2Y,TimesFM-zero-shot,12480,-0.010000000000000009,-0.0035089706070721149,-0.0031263802666217089,-0.034439947456121445,-0.02350323274731636,-0.01580127514898777,-0.0095650097355246544,0.0025627377908676863,0.0090217962861061096,0.01680169440805912,0.028129173442721367,2.4174752083806816,2
distill:fred-econ,T10Y2Y,TimesFM-laplace-qd,12480,-0.010000000000000009,-0.0032861076761037111,-0.0028239055536687374,-0.02894946001470089,-0.019554663449525833,-0.012610320933163166,-0.006849194411188364,0.00020473598851822317,0.0062619405798614025,0.013381185941398144,0.023334858939051628,2.7724857925470361,2
distill:fred-econ,T10Y2Y,Laplace-q-fixed-bandwidth,12481,-0.0099999999999999534,0.001003540992016899,-0.019961907216019995,-0.010127131503742849,-0.010021054438340065,-0.0099352704433309791,-0.0061751549399190267,-3.9085565859917795e-06,0.0039058581962307928,0.019897723582145348,0.023248242368451216,5.5486377307307544,2
distill:fred-econ,T10Y2Y,TimesFM-zero-shot,12481,-0.0099999999999999534,-0.0034898542799055576,-0.002469601109623909,-0.033665794879198074,-0.022983716800808907,-0.015574634075164795,-0.0094954073429107666,0.0025014819111675024,0.0088510215282440186,0.016635080799460411,0.02832813560962677,2.439135667167136,2
distill:fred-econ,T10Y2Y,TimesFM-laplace-qd,12481,-0.0099999999999999534,-0.0034966454841196537,-0.0023093088530004025,-0.029290340840816498,-0.019844125956296921,-0.012927372939884663,-0.0071980156935751438,0.00020075569045729935,0.0062685697339475155,0.013549617491662502,0.024075502529740334,2.7553728199700158,2
distill:fred-econ,T10Y2Y,Laplace-q-fixed-bandwidth,12482,0.019999999999999962,0.00058579674003070618,-0.01996825601752384,-0.010133055406883716,-0.010020551148839631,-0.0099314835684112014,-0.0048008109815689095,4.592564890941957e-07,0.0042158130544903971,0.019843345859290644,0.021867220199820708,2.7036234462517741,2
distill:fred-econ,T10Y2Y,TimesFM-zero-shot,12482,0.019999999999999962,-0.00030120761948637664,0.00079058075789362192,-0.0286905188113451,-0.018590005114674568,-0.011694640852510929,-0.0059415972791612148,0.0054825404658913612,0.011653803288936615,0.019419899210333824,0.030985515564680099,2.2298663956829126,2
distill:fred-econ,T10Y2Y,TimesFM-laplace-qd,12482,0.019999999999999962,-0.0010930628050118685,0.00084066292038187385,-0.025052372366189957,-0.016333406791090965,-0.0099868196994066238,-0.0045242700725793839,0.0024211523123085499,0.0082909082993865013,0.015552772209048271,0.026106700301170349,2.1482218029014959,2
distill:fred-econ,T10Y2Y,Laplace-q-fixed-bandwidth,12483,-0.010000000000000009,-0.0049178418209261986,-0.020133669735849305,-0.019697269714922479,-0.010115572100245192,-0.010007466976316803,-0.0099084699602599666,-0.0037097783511755343,5.070008535925751e-06,0.0051306544329073021,0.019996510148330041,5.4686378406758216,2
distill:fred-econ,T10Y2Y,TimesFM-zero-shot,12483,-0.010000000000000009,-0.0006346388254314661,0.00061414157971739769,-0.029021460562944412,-0.019019924104213715,-0.012124423868954182,-0.0063151875510811806,0.0050968234427273273,0.011222641915082932,0.018869318068027496,0.030492596328258514,2.6696489879337637,2
distill:fred-econ,T10Y2Y,TimesFM-laplace-qd,12483,-0.010000000000000009,-0.0026016912888735533,-0.00083187676500529051,-0.026780357584357262,-0.018026476725935936,-0.011672452092170715,-0.0061256936751306057,0.00091714912559837103,0.0068260179832577705,0.014042448252439499,0.024636233225464821,2.8805302935665242,2
distill:fred-econ,T10Y2Y,Laplace-q-fixed-bandwidth,12484,0.030000000000000027,0.0012163471502792519,-0.019948052336376299,-0.010115501782798877,-0.010017496285506543,-0.0099356320213288066,-0.0068196311796991536,-1.0117734297189351e-05,0.0037079404674528176,0.015722264887685217,0.029531705207413373,1.3719508927242865,2
distill:fred-econ,T10Y2Y,TimesFM-zero-shot,12484,0.030000000000000027,-0.0015544996131211519,-0.00031624955590814352,-0.030280450358986855,-0.020282676443457603,-0.013324413448572159,-0.0073513025417923927,0.0042814710177481174,0.01061475183814764,0.018552538007497787,0.03051578626036644,1.8124789170029965,2
distill:fred-econ,T10Y2Y,TimesFM-laplace-qd,12484,0.030000000000000027,-0.001576688140630722,-0.00016008838429115713,-0.026070317253470421,-0.017272494733333588,-0.010811733081936836,-0.005061224102973938,0.0019985833205282688,0.008089851588010788,0.015535342507064342,0.026264198124408722,1.6344734057359869,2
distill:fred-econ,T10Y2Y,Laplace-q-fixed-bandwidth,12485,0.040000000000000036,-0.0061178774450284246,-0.02018130375894258,-0.019239772722857443,-0.010133850386075713,-0.010021760434032358,-0.0099336874524246672,-0.0079955072712289722,-8.0788302574882589e-05,0.00019229593682545607,0.013512139293361314,0.058101880192441148,2
distill:fred-econ,T10Y2Y,TimesFM-zero-shot,12485,0.040000000000000036,-0.001968031283468008,-0.0012144125066697598,-0.031487669795751572,-0.021225934848189354,-0.013942697085440159,-0.0078729214146733284,0.0038744537159800529,0.010281842201948166,0.018077593296766281,0.029782222583889961,1.3039946543512699,2
distill:fred-econ,T10Y2Y,TimesFM-laplace-qd,12485,0.040000000000000036,-0.0035046865232288837,-0.0025692940689623356,-0.028589757159352303,-0.019604507833719254,-0.012844499200582504,-0.0070970612578094006,0.00010773332178359851,0.0062754550017416477,0.01359068788588047,0.024203969165682793,0.95782939603919637,2
distill:fred-econ,T10Y2Y,Laplace-q-fixed-bandwidth,12486,0,-0.0059202718222606115,-0.021669469334086637,-0.019815103733592028,-0.010160651121202565,-0.010025847669338919,-0.0099263176327530171,-0.0072380193135333842,-6.1568315053928506e-05,0.0013190500929687544,0.015888817332327401,2.7874108254642538,2
distill:fred-econ,T10Y2Y,TimesFM-zero-shot,12486,0,-0.001755980309098959,-0.0010386700741946697,-0.03317735344171524,-0.022268317639827728,-0.014535943046212196,-0.0080601759254932404,0.0045393216423690319,0.011320318095386028,0.01967599056661129,0.031926348805427551,2.3377694707813568,2
distill:fred-econ,T10Y2Y,TimesFM-laplace-qd,12486,0,-0.0027984906919300556,-0.0017908962909132242,-0.029222911223769188,-0.019818147644400597,-0.012739446945488453,-0.0065973130986094475,0.0010351748205721378,0.0076088057830929756,0.015538748353719711,0.026738177984952927,2.5871577171584006,2
distill:fred-econ,T10Y2Y,Laplace-q-fixed-bandwidth,12487,-0.010000000000000009,0.0016993909536400411,-0.019945990820638033,-0.010119627498915268,-0.010002520168575517,-0.009889036865405371,-0.00029944919090213381,2.4663694411875747e-05,0.0041653203522936857,0.015920480336992483,0.030379929803304076,5.3484841432262105,2
distill:fred-econ,T10Y2Y,TimesFM-zero-shot,12487,-0.010000000000000009,-0.0023071332834661007,-0.0017723741475492716,-0.033724527806043625,-0.022785160690546036,-0.014976439997553825,-0.0084945736452937126,0.003876684233546257,0.010539203882217407,0.018631322309374809,0.030521808192133904,2.4170546428890436,2
distill:fred-econ,T10Y2Y,TimesFM-laplace-qd,12487,-0.010000000000000009,-0.0010515707544982433,-0.00080848939251154661,-0.027730733156204224,-0.018103046342730522,-0.010894816368818283,-0.0047652199864387512,0.0026682275347411633,0.0090590799227356911,0.01653246209025383,0.027181882411241531,2.8004307172785516,2
distill:fred-econ,T10Y2Y,Laplace-q-fixed-bandwidth,12488,-0.040000000000000036,0.0030528105573216406,-0.010185456991938216,-0.010040017944785099,-0.0099525291393601448,-0.0097746786886725705,-0.00010785049715480541,8.3426766959712587e-05,0.0069633362936059439,0.016990348443217923,0.03044559696952967,-1.3868910610418528,2
distill:fred-econ,T10Y2Y,TimesFM-zero-shot,12488,-0.040000000000000036,-0.0010164062259718776,-0.00080766936298459768,-0.031726937741041183,-0.020958762615919113,-0.013402187265455723,-0.0070450901985168457,0.0050592939369380474,0.011570816859602928,0.019572891294956207,0.031156556680798531,-0.15473901083468133,2
distill:fred-econ,T10Y2Y,TimesFM-laplace-qd,12488,-0.040000000000000036,-0.00026968875317834318,0.00017204511095769703,-0.025886183604598045,-0.01661333255469799,-0.0097707584500312805,-0.0037856462877243757,0.0033196541480720043,0.0095232045277953148,0.016995379701256752,0.027398871257901192,-1.7112486365123107,2
distill:fred-econ,T10Y2Y,Laplace-q-fixed-bandwidth,12489,-0.059999999999999998,0.0070310798904661392,-0.010137652286691296,-0.010016129338390863,-0.0099141633464929421,-0.0034671095294480556,4.9409847498777017e-06,0.0036816041448180172,0.014573041893738547,0.024807868851371102,0.038854596065635974,-4.4501695814027489,2
distill:fred-econ,T10Y2Y,TimesFM-zero-shot,12489,-0.059999999999999998,5.7784272939898074e-06,0.00057186518097296357,-0.031774818897247314,-0.020701700821518898,-0.012841354124248028,-0.0062434673309326172,0.0063632098026573658,0.013063118793070316,0.021265596151351929,0.033192072063684464,-2.9159674357357188,2
distill:fred-econ,T10Y2Y,TimesFM-laplace-qd,12489,-0.059999999999999998,0.0021789507009088993,0.0030199796892702579,-0.024675341323018074,-0.015017143450677395,-0.0077813463285565376,-0.0015322829131036997,0.0060566714964807034,0.012568742968142033,0.020301096141338348,0.031096654012799263,-6.9141904355350858,2
distill:fred-econ,T10Y2Y,Laplace-q-fixed-bandwidth,12490,0.059999999999999998,0.0062613961011350481,-0.010251513427291973,-0.010042198074132593,-0.0099267298952786555,-0.0063705672181526563,-3.0192648677269273e-05,0.0019573415199002141,0.013383985739011034,0.024546963032565206,0.040097475715331142,0.73372409417669393,2
distill:fred-econ,T10Y2Y,TimesFM-zero-shot,12490,0.059999999999999998,-0.001949480501934886,-0.0011788476258516312,-0.034811638295650482,-0.023391103371977806,-0.015291434712707996,-0.0084467465057969093,0.0046112523414194584,0.011521345935761929,0.020048048347234726,0.032247595489025116,0.30687007305895198,2
distill:fred-econ,T10Y2Y,TimesFM-laplace-qd,12490,0.059999999999999998,-0.0025011692196130753,-0.0016037910245358944,-0.030724547803401947,-0.020631773397326469,-0.013079440221190453,-0.0064819268882274628,0.0014961821725592017,0.0082648508250713348,0.016344174742698669,0.027348242700099945,-0.16502052917000803,2
distill:fred-econ,T10Y2Y,Laplace-q-fixed-bandwidth,12491,-0.010000000000000009,-0.011005297517466955,-0.041352729697371804,-0.026105186155295612,-0.014613768583736444,-0.010104384452632925,-0.00997093774528518,-0.0097808965276432597,-0.00020125029132418059,0.00010910641294590181,0.012704890540265194,5.0869623283145611,2
distill:fred-econ,T10Y2Y,TimesFM-zero-shot,12491,-0.010000000000000009,0.001105485949665308,0.0026391837745904922,-0.031027350574731827,-0.020004931837320328,-0.012017891742289066,-0.005362778902053833,0.0076760607771575451,0.014717753045260906,0.023380644619464874,0.03644891083240509,2.5707216764897636,2
distill:fred-econ,T10Y2Y,TimesFM-laplace-qd,12491,-0.010000000000000009,9.5799900009296834e-05,0.0020856398623436689,-0.028738722205162048,-0.018583539873361588,-0.010779616422951221,-0.004109975416213274,0.0045378752984106541,0.011701875366270542,0.020214652642607689,0.032694339752197266,2.7683485484445507,2
distill:fred-econ,T10Y2Y,Laplace-q-fixed-bandwidth,12492,-0.019999999999999962,0.0015937029724950637,-0.01746295883124762,-0.010117762647664853,-0.0099965696961740909,-0.0098717176980028087,-0.0032001892613250987,2.3303978928838304e-05,0.0051695449932099378,0.016933467578190982,0.033199443945868684,2.3836283987749676,2
distill:fred-econ,T10Y2Y,TimesFM-zero-shot,12492,-0.019999999999999962,-0.0010561711387708783,-0.00025843377807177603,-0.032713823020458221,-0.021620837971568108,-0.013732848688960075,-0.0073199952021241188,0.0051205623894929886,0.011804516427218914,0.019916839897632599,0.032018240541219711,2.787949543415543,2
distill:fred-econ,T10Y2Y,TimesFM-laplace-qd,12492,-0.019999999999999962,-0.00055918254656717181,0.00034562413929961622,-0.028761593624949455,-0.01851237379014492,-0.010867351666092873,-0.0045151012018322945,0.0034322403371334076,0.010099822655320168,0.017938887700438499,0.029152289032936096,2.5164132722916843,2
distill:fred-econ,T10Y2Y,Laplace-q-fixed-bandwidth,12493,0.0099999999999999534,0.0027748362286384659,-0.016510890226152757,-0.010103713586087765,-0.0099815980224397631,-0.0098347323615107472,-0.0007016243377366701,9.2905299750999364e-05,0.0079193591521989869,0.019272037160519451,0.035226195681502141,2.3936412287638382,2
distill:fred-econ,T10Y2Y,TimesFM-zero-shot,12493,0.0099999999999999534,0.00035613513318821788,0.0013642520643770695,-0.031572975218296051,-0.020435778424143791,-0.012556977570056915,-0.0059872688725590706,0.0066700177267193794,0.013442790135741234,0.021752964705228806,0.034003168344497681,2.3195047765901537,2
distill:fred-econ,T10Y2Y,TimesFM-laplace-qd,12493,0.0099999999999999534,0.0016277488321065903,0.0031216926872730255,-0.026451410725712776,-0.016378512606024742,-0.0088397413492202759,-0.0024278066121041775,0.005551943089812994,0.012211930006742477,0.020138880237936974,0.031338054686784744,2.5002413489884479,2
distill:fred-econ,T10Y2Y,Laplace-q-fixed-bandwidth,12494,-0.049999999999999989,-0.0023177222934174947,-0.025407965142932892,-0.011171504204111277,-0.010058046293310684,-0.0099386626806723787,-0.0085758762244301547,-0.00012780485763057075,0.00027712504513830165,0.010876041988421809,0.026276416319458963,0.31309778643035141,2
distill:fred-econ,T10Y2Y,TimesFM-zero-shot,12494,-0.049999999999999989,-0.0063252570107579231,-0.0054717524908483028,-0.037513665854930878,-0.026522763073444366,-0.018868183717131615,-0.012584281153976917,-0.00015088880900293589,0.0064545799978077412,0.014608563855290413,0.026504997164011002,-0.74015821588611685,2
distill:fred-econ,T10Y2Y,TimesFM-laplace-qd,12494,-0.049999999999999989,-0.0074479351751506329,-0.0063162865117192268,-0.035318814218044281,-0.025185108184814453,-0.0178180281072855,-0.011557051911950111,-0.0035922902170568705,0.0030320377554744482,0.011039282195270061,0.022128049284219742,-1.7482744192547117,2
distill:fred-econ,T10Y2Y,Laplace-q-fixed-bandwidth,12495,-0.010000000000000009,0.0074165450487799333,-0.01202111311766965,-0.010055195423789213,-0.0099222218532987044,-0.0056178621719514977,1.2803989194450289e-05,0.0058237269160988734,0.016423313421398515,0.027557327287419775,0.043565376618483233,3.9378408542403158,2
distill:fred-econ,T10Y2Y,TimesFM-zero-shot,12495,-0.010000000000000009,-0.0059235827066004276,-0.0053029907867312431,-0.037820696830749512,-0.026709124445915222,-0.018781427294015884,-0.012231224216520786,0.00049404776655137539,0.0073443385772407055,0.01562435831874609,0.027747467160224915,2.3367319807665314,2
distill:fred-econ,T10Y2Y,TimesFM-laplace-qd,12495,-0.010000000000000009,-0.0070468145422637463,-0.0061613754369318485,-0.03506147488951683,-0.025028925389051437,-0.017478417605161667,-0.011061138473451138,-0.003074627835303545,0.0037411879748106003,0.011765211820602417,0.023028727620840073,2.5717697400555513,2
distill:fred-econ,T10Y2Y,Laplace-q-fixed-bandwidth,12496,0,-0.00047005064264000953,-0.022595052407803986,-0.010199753741878245,-0.010034622326308126,-0.009918891959757252,-0.0075489061280956974,-6.2094939657703825e-05,0.0030125179099731994,0.014351705989078653,0.030370963821801489,2.8081385755091635,2
distill:fred-econ,T10Y2Y,TimesFM-zero-shot,12496,0,-0.0011798519408330321,-0.00073976756539195776,-0.033359147608280182,-0.022033588960766792,-0.014098018407821655,-0.0075196325778961182,0.0052561503835022449,0.012066390365362167,0.020312083885073662,0.032370101660490036,2.3327883934352003,2
distill:fred-econ,T10Y2Y,TimesFM-laplace-qd,12496,0,-0.0022609611041843891,-0.0017945435829460621,-0.030928656458854675,-0.020518194884061813,-0.012852045707404613,-0.0063552297651767731,0.0018963253824040294,0.0086873630061745644,0.016710937023162842,0.027872625738382339,2.5451847836797148,2
distill:fred-econ,T10Y2Y,Laplace-q-fixed-bandwidth,12497,0.010000000000000009,-0.0021499438117373601,-0.023992150533148328,-0.010249272186915931,-0.010041612951621981,-0.009923298287643486,-0.0073671807694579315,-9.353292001383394e-05,0.00016098086776594972,0.0098175015717427497,0.025630070395714362,2.3901948353798832,2
distill:fred-econ,T10Y2Y,TimesFM-zero-shot,12497,0.010000000000000009,4.2060361010953784e-05,0.00098068814259022474,-0.031207457184791565,-0.020243523642420769,-0.012544741854071617,-0.0061600804328918457,0.0063781095668673515,0.012974712066352367,0.021196065470576286,0.033504243940114975,2.3302968269866366,2
distill:fred-econ,T10Y2Y,TimesFM-laplace-qd,12497,0.010000000000000009,-0.00077956379391252995,-1.1751311831176281e-05,-0.029157986864447594,-0.018901100382208824,-0.011281145736575127,-0.0048380289226770401,0.0034596025943756104,0.010055487044155598,0.017994122579693794,0.029422828927636147,2.4567104787357454,2
distill:fred-econ,T10Y2Y,Laplace-q-fixed-bandwidth,12498,-0.03999999999999998,-0.0035080849864377573,-0.026730726714420661,-0.012527219969323447,-0.010070355612050521,-0.0099484171245943116,-0.0091037243236731548,-0.00016069042146257082,0.00010468740526706885,0.0079597956554252926,0.023296241179107929,0.92066104206770571,2
distill:fred-econ,T10Y2Y,TimesFM-zero-shot,12498,-0.03999999999999998,0.00079261825885623693,0.0011246772482991219,-0.030843582004308701,-0.019664367660880089,-0.01180440466850996,-0.0053495736792683601,0.0069190850481390953,0.013359420001506805,0.021164907142519951,0.032665740698575974,-0.32874864490603417,2
distill:fred-econ,T10Y2Y,TimesFM-laplace-qd,12498,-0.03999999999999998,-0.00035449705319479108,-0.00016364728799089789,-0.028613835573196411,-0.018295925110578537,-0.010657520964741707,-0.004248534794896841,0.0036361555103212595,0.010098138824105263,0.017666922882199287,0.028317369520664215,-1.0653773268700406,2
distill:fred-econ,T10Y2Y,Laplace-q-fixed-bandwidth,12499,0.029999999999999971,0.0042792210972410153,-0.015432802590721693,-0.010080334499289301,-0.0099476013014389089,-0.0081591622877573156,-8.002468662477111e-05,0.00030665284656206771,0.010754348956419375,0.02167580312450567,0.037249504833029926,1.4970620070308549,2
distill:fred-econ,T10Y2Y,TimesFM-zero-shot,12499,0.029999999999999971,-0.0015303341206163168,-0.00056597602088004351,-0.033434651792049408,-0.022259563207626343,-0.014393612742424011,-0.0078391674906015396,0.0047959247604012489,0.01149993110448122,0.019724886864423752,0.031691312789916992,1.8665627417495263,2
distill:fred-econ,T10Y2Y,TimesFM-laplace-qd,12499,0.029999999999999971,-0.0022350833751261234,-0.0010900460183620453,-0.030330901965498924,-0.020191660150885582,-0.012662804685533047,-0.0062430966645479202,0.0016569094732403755,0.0082534356042742729,0.016050156205892563,0.026839215308427811,1.6855669155558992,2
distill:fred-econ,T10Y2Y,Laplace-q-fixed-bandwidth,12500,-0.0099999999999999534,-0.0076367808786375908,-0.035629131143567833,-0.021263963499062913,-0.010708804884103872,-0.010038636734636945,-0.0098945749535866399,-0.004944708695796063,-2.5105741286656066e-05,0.0030631230386007572,0.018583896768960485,4.3687656752714741,2
distill:fred-econ,T10Y2Y,TimesFM-zero-shot,12500,-0.0099999999999999534,-0.0039317961782217026,-0.0034746872261166573,-0.035165462642908096,-0.024028118699789047,-0.016331139951944351,-0.0100351357832551,0.0022344025783240795,0.00865984708070755,0.016608269885182381,0.028120264410972595,2.3995598856468998,2
distill:fred-econ,T10Y2Y,TimesFM-laplace-qd,12500,-0.0099999999999999534,-0.0060475217178463936,-0.0058076959103345871,-0.034642741084098816,-0.024105781689286232,-0.016397411003708839,-0.010050706565380096,-0.0019196739885956049,0.0046087466180324554,0.012308389879763126,0.023093344643712044,2.5868352299405357,2
distill:fred-econ,T10Y2Y,Laplace-q-fixed-bandwidth,12501,0.019999999999999962,-0.00013076738775209866,-0.023692086466937552,-0.010273389170410194,-0.010019495479035925,-0.0098585442494802597,-0.002786218013832868,2.7000784499448465e-05,0.0047276886626196266,0.014992350843225095,0.029961469549032119,1.8065887153403539,2
distill:fred-econ,T10Y2Y,TimesFM-zero-shot,12501,0.019999999999999962,-0.0050170412287116051,-0.0048810252919793129,-0.03716379776597023,-0.025797737762331963,-0.017829997465014458,-0.011287083849310875,0.0012510342057794333,0.0079169999808073044,0.016037404537200928,0.027691919356584549,2.1039451963797373,2
distill:fred-econ,T10Y2Y,TimesFM-laplace-qd,12501,0.019999999999999962,-0.007712273858487606,-0.0076128551736474037,-0.035621326416730881,-0.025451542809605598,-0.017966128885746002,-0.011626364663243294,-0.0038991663604974747,0.002622310072183609,0.010339053347706795,0.020902346819639206,1.9036799671014675,2
distill:fred-econ,T10Y2Y,Laplace-q-fixed-bandwidth,12502,-0.019999999999999962,-0.0053172334007937213,-0.032086630195012074,-0.018420303394436656,-0.010180543367932376,-0.0099922047468936469,-0.0097626519015802365,-0.0011673205065374627,8.8031910394059345e-05,0.0075107359313580698,0.022307518606595519,2.421256453216845,2
distill:fred-econ,T10Y2Y,TimesFM-zero-shot,12502,-0.019999999999999962,-0.0057078688405454159,-0.0054065999574959278,-0.037125881761312485,-0.026090865954756737,-0.018332874402403831,-0.01187397725880146,0.0005451554898172617,0.007098970003426075,0.015149941667914391,0.026963412761688232,2.81430937303714,2
distill:fred-econ,T10Y2Y,TimesFM-laplace-qd,12502,-0.019999999999999962,-0.0067528965882956982,-0.0064439880661666393,-0.03484586626291275,-0.024676850065588951,-0.01708720438182354,-0.010707765817642212,-0.0027940252330154181,0.0037811908405274153,0.011593542993068695,0.022575551643967628,2.8802945487817744,2
distill:fred-econ,T10Y2Y,Laplace-q-fixed-bandwidth,12503,-0.010000000000000009,0.0020870735251485397,-0.02120596064533399,-0.01016008940160832,-0.0099771448663044174,-0.0087730324505674116,-0.00015642380020387077,0.00025679561789601483,0.0088840215338696436,0.01863192966878479,0.033083183945141925,3.9173362706553241,2
distill:fred-econ,T10Y2Y,TimesFM-zero-shot,12503,-0.010000000000000009,-0.00048372510354965925,-0.00014777840988244861,-0.032710161060094833,-0.021365391090512276,-0.013417555019259453,-0.0068197408691048622,0.0058736423961818218,0.012531942687928677,0.020733799785375595,0.03249620646238327,2.4658664590853991,2
distill:fred-econ,T10Y2Y,TimesFM-laplace-qd,12503,-0.010000000000000009,-0.00077038130257278681,-0.0001690775970928371,-0.028569018468260765,-0.018484888598322868,-0.011029986664652824,-0.0047056251205503941,0.0030658803880214691,0.0095170177519321442,0.017221627756953239,0.027741478756070137,2.7651051965709272,2
distill:fred-econ,T10Y2Y,Laplace-q-fixed-bandwidth,12504,0.010000000000000009,-0.00020702542701395911,-0.022486873758192569,-0.010219001029736777,-0.010019966633277512,-0.0098800402492624263,-0.0039334071186832159,1.5660172995924161e-05,0.0048408999339612773,0.014648424088097967,0.028989439636580627,2.4797206859278673,2
distill:fred-econ,T10Y2Y,TimesFM-zero-shot,12504,0.010000000000000009,9.2086498625576496e-05,0.00024319498334079981,-0.031848900020122528,-0.020522650331258774,-0.012689424678683281,-0.0061711049638688564,0.0063620186410844326,0.012939246371388435,0.020974740386009216,0.032661598175764084,2.3507177523794325,2
distill:fred-econ,T10Y2Y,TimesFM-laplace-qd,12504,0.010000000000000009,-0.00061438372358679771,-0.00032136306981556118,-0.028377419337630272,-0.018251171335577965,-0.010821733623743057,-0.0045517599210143089,0.003276916453614831,0.0096900053322315216,0.017313674092292786,0.027933964505791664,2.499596847958633,2
distill:fred-econ,T10Y2Y,Laplace-q-fixed-bandwidth,12505,-0.020000000000000018,-0.0038954076623268202,-0.027761644290136327,-0.014127849938064247,-0.010075157920483689,-0.0099410251926059182,-0.0071571685460027536,-5.4833364852872613e-05,0.0037074515885339981,0.00999512608216469,0.017681073003272096,2.0829545146414601,2
distill:fred-econ,T10Y2Y,TimesFM-zero-shot,12505,-0.020000000000000018,-0.00010146827844437212,-3.7550926208496094e-06,-0.032414767891168594,-0.02108902670443058,-0.013053956441581249,-0.00643195491284132,0.0062031191773712635,0.012837406247854233,0.020928224548697472,0.032772082835435867,2.7068426090057769,2
distill:fred-econ,T10Y2Y,TimesFM-laplace-qd,12505,-0.020000000000000018,-0.0023588398471474648,-0.0022703176364302635,-0.029998717829585075,-0.020001571625471115,-0.012485248036682606,-0.0062052430585026741,0.0015586054651066661,0.0079780956730246544,0.015539932996034622,0.026177302002906799,2.7021368942671593,2
distill:fred-econ,T10Y2Y,Laplace-q-fixed-bandwidth,12506,-0.090000000000000024,0.0016002421536228616,-0.018559495407963748,-0.010105185927906726,-0.0099598181357579627,-0.0078016219803041008,-6.8490099107335135e-05,0.0031441213896451024,0.0099421407969119448,0.013247891605949847,0.027541354667657079,-7.2945870278131162,2
distill:fred-econ,T10Y2Y,TimesFM-zero-shot,12506,-0.090000000000000024,-0.00041278259595856071,1.1265219654887915e-06,-0.032739505171775818,-0.021340062841773033,-0.013354136608541012,-0.0067540872842073441,0.0058920290321111679,0.012546166777610779,0.020703868940472603,0.032511431723833084,-8.4559811351113421,2
distill:fred-econ,T10Y2Y,TimesFM-laplace-qd,12506,-0.090000000000000024,-0.00027469341875985265,0.00036490213824436069,-0.027865184471011162,-0.017813768237829208,-0.010336738079786301,-0.0040884795598685741,0.0035680786240845919,0.0099656973034143448,0.017540792003273964,0.028003590181469917,-14.931667143386083,2
distill:fred-econ,T10Y2Y,Laplace-q-fixed-bandwidth,12507,-0.019999999999999962,0.010436293783911968,-0.01030502003855616,-0.010006012248328431,-0.0097647622288941881,-3.8411535310463087e-05,0.0063161087428736749,0.010085362759431556,0.018577826561222237,0.030520792147258006,0.047449809906185497,1.6302844978409339,2
distill:fred-econ,T10Y2Y,TimesFM-zero-shot,12507,-0.019999999999999962,-0.0024932364467531443,-0.0023418061900883913,-0.03786810114979744,-0.025298576802015305,-0.016496883705258369,-0.0092957904562354088,0.0043050842359662056,0.011394272558391094,0.020032657310366631,0.032382428646087646,2.7135266839691514,2
distill:fred-econ,T10Y2Y,TimesFM-laplace-qd,12507,-0.019999999999999962,-0.002736598951742053,-0.0027150537353008986,-0.034916654229164124,-0.023042313754558563,-0.014382253400981426,-0.0072126383893191814,0.0017583279404789209,0.008845028467476368,0.017124729230999947,0.028400931507349014,2.6986452262268301,2
distill:fred-econ,T10Y2Y,Laplace-q-fixed-bandwidth,12508,0,-0.0030593471096062729,-0.028486678295476575,-0.020002785044185581,-0.013550043004422975,-0.010050218984297171,-0.0098506866326497546,-0.0015486338952898191,0.0097708893168133217,0.011620606802573269,0.02869436162151591,2.6557352736900608,2
distill:fred-econ,T10Y2Y,TimesFM-zero-shot,12508,0,-0.0058403876610100269,-0.0055720796808600426,-0.03932831808924675,-0.02739398367702961,-0.019125930964946747,-0.012329111807048321,0.0006923489854671061,0.0075311237014830112,0.015900930389761925,0.027858458459377289,2.3227872762621158,2
distill:fred-econ,T10Y2Y,TimesFM-laplace-qd,12508,0,-0.0085303029045462608,-0.0081719271838665009,-0.038674287497997284,-0.027553675696253777,-0.019556637853384018,-0.012805632315576077,-0.0044287559576332569,0.0023654629476368427,0.010403675958514214,0.021350761875510216,2.4886090418250957,2
distill:fred-econ,T10Y2Y,Laplace-q-fixed-bandwidth,12509,0.070000000000000007,-0.0053767967468583387,-0.029757212688625474,-0.020024772418269089,-0.014342919062858919,-0.010055791077771022,-0.0098500719498363556,-0.0012721969070125553,6.8508689991347128e-05,0.0074895503129333157,0.024298625917339424,-0.52935970613444683,2
distill:fred-econ,T10Y2Y,TimesFM-zero-shot,12509,0.070000000000000007,-0.0031047309748828411,-0.002992863766849041,-0.036814633756875992,-0.024874050170183182,-0.016485735774040222,-0.009643087163567543,0.0033803223632276058,0.010132836177945137,0.018315264955163002,0.03018898144364357,-0.60303544526230368,2
distill:fred-econ,T10Y2Y,TimesFM-laplace-qd,12509,0.070000000000000007,-0.0046886736527085304,-0.0047530499286949635,-0.034731607884168625,-0.023736957460641861,-0.015666546300053596,-0.0089265480637550354,-0.00059693114599213004,0.0059921671636402607,0.013712404295802116,0.024488691240549088,-1.4072624863540935,2
distill:fred-econ,T10Y2Y,Laplace-q-fixed-bandwidth,12510,-0.040000000000000036,-0.012060383100089996,-0.045247773519176443,-0.027891766575379662,-0.020032330063413911,-0.014620420847158009,-0.010057534655902839,-0.0098057868238030643,-0.00020126162586391326,0.00019205902825688274,0.016979861625426512,1.5267811284533996,2
distill:fred-econ,T10Y2Y,TimesFM-zero-shot,12510,-0.040000000000000036,-0.00063183449674397707,-0.00045871219481341541,-0.034817736595869064,-0.022861111909151077,-0.014380214735865593,-0.0073368172161281109,0.006126748863607645,0.013176205568015575,0.021865366026759148,0.03427433967590332,0.20153246505339706,2
distill:fred-econ,T10Y2Y,TimesFM-laplace-qd,12510,-0.040000000000000036,-0.0033374717459082603,-0.0026248081121593714,-0.033995114266872406,-0.023046046495437622,-0.014868319965898991,-0.0078328680247068405,0.0010161472018808126,0.0080969557166099548,0.016621449962258339,0.028289182111620903,-0.024686713876626798,2
distill:fred-econ,T10Y2Y,Laplace-q-fixed-bandwidth,12511,0.010000000000000009,0.0025595892688802507,-0.022148739695484199,-0.01973220161462081,-0.010105280359411897,-0.0098597723558476146,-0.00038163277203653829,0.00014888165170446536,0.010041102372117864,0.022936460367944674,0.041409142445644212,2.3694579636989852,2
distill:fred-econ,T10Y2Y,TimesFM-zero-shot,12511,0.010000000000000009,-0.0014784068334847689,-0.00098418293055146933,-0.035819429904222488,-0.023713253438472748,-0.015236667357385159,-0.0081919869408011436,0.005314953625202179,0.012417575344443321,0.021108312532305717,0.033505599945783615,2.272164110464538,2
distill:fred-econ,T10Y2Y,TimesFM-laplace-qd,12511,0.010000000000000009,-0.0026169349439442158,-0.0019383952021598816,-0.032757632434368134,-0.021869156509637833,-0.013773008249700069,-0.0068992497399449348,0.0015923940809443593,0.0085242725908756256,0.016807455569505692,0.028027830645442009,2.4010697862553503,2
distill:fred-econ,T10Y2Y,Laplace-q-fixed-bandwidth,12512,0,-0.0051422212571791588,-0.03330769948430904,-0.020060343434354776,-0.01360537498912168,-0.010014576416927556,-0.0082715512567616591,-4.0713299118416357e-05,0.0051550150751654197,0.01003354669461827,0.020849985809757131,2.9544499059410132,2
distill:fred-econ,T10Y2Y,TimesFM-zero-shot,12512,0,-0.0021594671998172998,-0.0019309704657644033,-0.035818930715322495,-0.023943429812788963,-0.015618422999978065,-0.0087151462212204933,0.0044309701770544052,0.011301483027637005,0.019770564511418343,0.03190925344824791,2.3099148826313325,2
distill:fred-econ,T10Y2Y,TimesFM-laplace-qd,12512,0,-0.0046955626457929611,-0.0043471143580973148,-0.034251920878887177,-0.023460360243916512,-0.015532663092017174,-0.0088055673986673355,-0.00055715162307024002,0.0061899684369564056,0.014278258197009563,0.025268498808145523,2.5313384059445694,2
distill:fred-econ,T10Y2Y,Laplace-q-fixed-bandwidth,12513,-0.029999999999999971,-0.0034330031930691904,-0.034267038880924056,-0.017565139714426539,-0.010089282480000083,-0.0098104695891566736,-0.00023671903471417179,7.3233350073630506e-05,0.007330386400493381,0.010079945131093129,0.023001427863521634,1.4003587144678287,2
distill:fred-econ,T10Y2Y,TimesFM-zero-shot,12513,-0.029999999999999971,-0.0024148169904947281,-0.0022032556589692831,-0.035899564623832703,-0.024075465276837349,-0.015812346711754799,-0.0089677460491657257,0.0040971585549414158,0.01099950447678566,0.019410068169236183,0.031582832336425781,1.68758895371412,2
distill:fred-econ,T10Y2Y,TimesFM-laplace-qd,12513,-0.029999999999999971,-0.0039253309369087219,-0.0038687656633555889,-0.033610772341489792,-0.02276449091732502,-0.014821335673332214,-0.0080921724438667297,0.00019979028729721904,0.0070155593566596508,0.015026597306132317,0.026050101965665817,1.5797102826420817,2
distill:fred-econ,T10Y2Y,Laplace-q-fixed-bandwidth,12514,0.019999999999999962,0.00064969291978826183,-0.027937186123688514,-0.01147441356782691,-0.0099624897033724173,-0.0048111530532739481,-3.2091598813548092e-05,0.0017229295960281086,0.0099243582320675174,0.013010420006815135,0.030749562613808217,2.0700630868762842,2
distill:fred-econ,T10Y2Y,TimesFM-zero-shot,12514,0.019999999999999962,-0.0022332975640892982,-0.001574354013428092,-0.035658601671457291,-0.023880649358034134,-0.015576097182929516,-0.0087300166487693787,0.0043599638156592846,0.011272231116890907,0.019744314253330231,0.032077014446258545,2.1555730161454081,2
distill:fred-econ,T10Y2Y,TimesFM-laplace-qd,12514,0.019999999999999962,-0.0023819454945623875,-0.0016911749262362719,-0.032244309782981873,-0.021430585533380508,-0.013360843062400818,-0.006561491172760725,0.0018668909324333072,0.0087746428325772285,0.016995783895254135,0.028528125956654549,2.1262668417020008,2
distill:fred-econ,T10Y2Y,Laplace-q-fixed-bandwidth,12515,0.010000000000000009,-0.0068033031194457087,-0.040423621352537131,-0.024310201867315036,-0.012453898188588098,-0.0099783491888281693,-0.0055356018377297027,-3.6299116047557928e-05,0.0022699717893248585,0.00998903198448748,0.019012375019338008,2.6431166953566274,2
distill:fred-econ,T10Y2Y,TimesFM-zero-shot,12515,0.010000000000000009,-0.0039689927361905575,-0.003134516067802906,-0.036108154803514481,-0.02474825456738472,-0.016857167705893517,-0.010339205153286457,0.0024824985302984715,0.0093305902555584908,0.017597511410713196,0.029854409396648407,2.2891037237276626,2
distill:fred-econ,T10Y2Y,TimesFM-laplace-qd,12515,0.010000000000000009,-0.0061952797695994377,-0.0048731281422078609,-0.035448268055915833,-0.024818418547511101,-0.017129804939031601,-0.010488249361515045,-0.001929984544403851,0.0050559197552502155,0.013274388387799263,0.025116927921772003,2.3010818557062764,2
distill:fred-econ,T10Y2Y,Laplace-q-fixed-bandwidth,12516,0.03999999999999998,-0.0047260858277909587,-0.036923101817794457,-0.020765785189046204,-0.01018371370287605,-0.0098627367407808364,-0.00046612406143136818,8.7849375177286975e-05,0.0094172016464015469,0.010055247010149024,0.019717729157002178,0.49103285773628413,2
distill:fred-econ,T10Y2Y,TimesFM-zero-shot,12516,0.03999999999999998,-0.0028471762780100107,-0.0019134411122649908,-0.033676616847515106,-0.02281440794467926,-0.015304363332688808,-0.0089777037501335144,0.0034070983529090881,0.0099838823080062866,0.018095348030328751,0.03024652972817421,1.3128091891217699,2
distill:fred-econ,T10Y2Y,TimesFM-laplace-qd,12516,0.03999999999999998,-0.0032597875688225031,-0.0017572459764778614,-0.031667411327362061,-0.021362004801630974,-0.013915856368839741,-0.007439157459884882,0.00088549655629321933,0.0075959465466439724,0.015632813796401024,0.027265029028058052,1.1226272266840098,2
distill:fred-econ,T10Y2Y,Laplace-q-fixed-bandwidth,12517,0,-0.0081102419958697311,-0.043980772586623904,-0.027406115678025714,-0.015101646760182072,-0.010016854656628759,-0.0061559121320997612,-2.3543925863701737e-05,0.0045322786792544884,0.0099974188133710607,0.016324600177747978,3.0858770596375056,2
distill:fred-econ,T10Y2Y,TimesFM-zero-shot,12517,0,-0.0024039819836616516,-0.0016656592488288879,-0.033088237047195435,-0.022275133058428764,-0.014774730429053307,-0.0085027776658535004,0.0038342056795954704,0.010413413867354393,0.018422864377498627,0.030546609312295914,2.3648212210477162,2
distill:fred-econ,T10Y2Y,TimesFM-laplace-qd,12517,0,-0.005821573082357645,-0.0045645851641893387,-0.035134900361299515,-0.024442838504910469,-0.016754757612943649,-0.010119728744029999,-0.0014399625360965729,0.0055163619108498096,0.013782700523734093,0.025869997218251228,2.480223521611487,2
distill:fred-econ,T10Y2Y,Laplace-q-fixed-bandwidth,12518,0.010000000000000009,-0.0017055263400357903,-0.031920094605728339,-0.015463733338622008,-0.010007578460102489,-0.0054189109243956632,-6.1011439651250982e-05,0.00020660086748183033,0.0098251500262273046,0.010147495104735565,0.024904180717091523,2.8113596027827925,2
distill:fred-econ,T10Y2Y,TimesFM-zero-shot,12518,0.010000000000000009,-0.0030594260897487402,-0.0025323817972093821,-0.035456210374832153,-0.023992603644728661,-0.016001759096980095,-0.0094276675954461098,0.0034096078015863895,0.010225718840956688,0.018543992191553116,0.030561316758394241,2.3015935798095457,2
distill:fred-econ,T10Y2Y,TimesFM-laplace-qd,12518,0.010000000000000009,-0.0059264651499688625,-0.0051535735838115215,-0.034734979271888733,-0.024195892736315727,-0.016546092927455902,-0.010029250755906105,-0.0017696872819215059,0.0050250641070306301,0.013076102361083031,0.024148965254426003,2.3380258207068714,2
distill:fred-econ,T10Y2Y,Laplace-q-fixed-bandwidth,12519,-0.010000000000000009,-0.0029821953012343109,-0.033715440172663272,-0.017306365291543981,-0.010042521391139536,-0.0063421967513760166,-6.5314570586136003e-05,0.00022118717089965941,0.0098503722347759552,0.010078078804304565,0.01993435076726548,2.8738947132803982,2
distill:fred-econ,T10Y2Y,TimesFM-zero-shot,12519,-0.010000000000000009,-0.00078370817936956882,-0.00038656711694784462,-0.032943874597549438,-0.021651959046721458,-0.013668232597410679,-0.0071013057604432106,0.0056149065494537354,0.01228709239512682,0.020480575039982796,0.032470431178808212,2.455466148435141,2
distill:fred-econ,T10Y2Y,TimesFM-laplace-qd,12519,-0.010000000000000009,-0.00091528735356405377,-0.00034084959770552814,-0.029285715892910957,-0.019017880782485008,-0.011355490423738956,-0.0048849466256797314,0.0031808570493012667,0.009871521033346653,0.017822511494159698,0.029002513736486435,2.7236544409205274,2
distill:fred-econ,T10Y2Y,Laplace-q-fixed-bandwidth,12520,0.030000000000000027,-7.3483296093891025e-05,-0.02588081386412026,-0.010259591088520831,-0.0099450865541381578,-0.0039490463268324772,-1.3990440931430631e-05,0.002401687439115484,0.0099161029311198648,0.010151754484789655,0.024321990507585715,1.2328425513444503,2
distill:fred-econ,T10Y2Y,TimesFM-zero-shot,12520,0.030000000000000027,-0.0013278904370963573,-0.00097358261700719595,-0.033797618001699448,-0.022238608449697495,-0.014188072644174099,-0.007594723254442215,0.0050406721420586109,0.011761143803596497,0.019914606586098671,0.031670387834310532,1.8846990686211702,2
distill:fred-econ,T10Y2Y,TimesFM-laplace-qd,12520,0.030000000000000027,-0.00219906703568995,-0.0015716729685664177,-0.030658261850476265,-0.020157722756266594,-0.012574173510074615,-0.0061120851896703243,0.0017965093720704317,0.0083533031865954399,0.016142405569553375,0.026865636929869652,1.6931757399421992,2
distill:fred-econ,T10Y2Y,Laplace-q-fixed-bandwidth,12521,-0.030000000000000027,-0.0055279789337612647,-0.036919799707383467,-0.020740797184962655,-0.010173172526209187,-0.0098990038258101026,-0.0015104853603587424,4.334559878378775e-05,0.0072085596845043332,0.010012429951766277,0.015702042956277557,1.4126532855767155,2
distill:fred-econ,T10Y2Y,TimesFM-zero-shot,12521,-0.030000000000000027,-0.00022827595239505172,-1.1568714398890734e-05,-0.033310201019048691,-0.021622691303491592,-0.013422749936580658,-0.0066922944970428944,0.0062460522167384624,0.013055539689958096,0.021324237808585167,0.033320851624011993,1.2893164416685794,2
distill:fred-econ,T10Y2Y,TimesFM-laplace-qd,12521,-0.030000000000000027,0.00047556834761053324,0.00077482964843511581,-0.028197526931762695,-0.017741546034812927,-0.010033420287072659,-0.0035353689454495907,0.0045244409702718258,0.01116549875587225,0.018982332199811935,0.029875459149479866,0.64891642692570528,2
distill:fred-econ,T10Y2Y,Laplace-q-fixed-bandwidth,12522,0.010000000000000009,0.0035957447368643071,-0.021255395490640115,-0.010095697605081465,-0.0097853511650774147,-0.00016136211762113518,0.00013929862618136636,0.0094564259184243341,0.01004747126009262,0.015750389974609501,0.032818691931556059,3.0908038257787336,2
distill:fred-econ,T10Y2Y,TimesFM-zero-shot,12522,0.010000000000000009,-0.00041548654553480446,-0.00026902311947196722,-0.033155690878629684,-0.02158970944583416,-0.013486512005329132,-0.0067784017883241177,0.006005946546792984,0.012780405580997467,0.021032368764281273,0.03285718709230423,2.327243329213724,2
distill:fred-econ,T10Y2Y,TimesFM-laplace-qd,12522,0.010000000000000009,0.00068408792139962316,0.0009115449502132833,-0.027980787679553032,-0.017553502693772316,-0.0098383203148841858,-0.0032936439383774996,0.0047010751441121101,0.011331671848893166,0.019184829667210579,0.029936879873275757,2.5035597825040954,2
distill:fred-econ,T10Y2Y,Laplace-q-fixed-bandwidth,12523,0.040000000000000036,-0.0030048557780457115,-0.032313806443227046,-0.016557798452539393,-0.010050739135284353,-0.0084398957960769745,-9.1305604832115037e-05,0.00038583661015977218,0.0098760459023623619,0.010070731041421033,0.01841764206355688,0.32256480379045838,2
distill:fred-econ,T10Y2Y,TimesFM-zero-shot,12523,0.040000000000000036,-0.0020313621498644352,-0.0014992710202932358,-0.032529551535844803,-0.021728990599513054,-0.014248207211494446,-0.0080639868974685669,0.0040762824937701225,0.010549100115895271,0.018372155725955963,0.030102616176009178,1.3289289755905593,2
distill:fred-econ,T10Y2Y,TimesFM-laplace-qd,12523,0.040000000000000036,-0.0012308914447203279,-0.00076570810051634908,-0.028866525739431381,-0.018696656450629234,-0.011322584003210068,-0.0051257801242172718,0.0026863373350352049,0.0091724824160337448,0.016747107729315758,0.027753965929150581,1.169659982411059,2
distill:fred-econ,T10Y2Y,Laplace-q-fixed-bandwidth,12524,0.019999999999999962,-0.006636416686208995,-0.04021099404842144,-0.024072958180457911,-0.01173459192216111,-0.0099386024364776851,-0.0024957975914975099,6.149814704939794e-05,0.0096873811971145696,0.010019473599871678,0.014253157812713347,2.2972750206581551,2
distill:fred-econ,T10Y2Y,TimesFM-zero-shot,12524,0.019999999999999962,-0.00034792072256095707,-0.00030824702116660774,-0.032577581703662872,-0.021153766661882401,-0.013203587383031845,-0.0066146804019808769,0.0059009427204728127,0.012499936856329441,0.020494051277637482,0.032340109348297119,2.2225302570783625,2
distill:fred-econ,T10Y2Y,TimesFM-laplace-qd,12524,0.019999999999999962,-0.00048595055704936385,-0.0010860238689929247,-0.030350269749760628,-0.019368086010217667,-0.011386950500309467,-0.0046480204910039902,0.0038532821927219629,0.01054768729954958,0.018394956365227699,0.029657643288373947,2.2145764878134346,2
distill:fred-econ,T10Y2Y,Laplace-q-fixed-bandwidth,12525,-0.010000000000000009,-0.0025063986442235334,-0.03501951293538963,-0.017799849452381038,-0.01004482085883637,-0.0065602063763610316,-3.7712959954140642e-06,0.0071799224479910297,0.010000203626860325,0.013185735576316613,0.020104471092508226,2.7027351708470504,2
distill:fred-econ,T10Y2Y,TimesFM-zero-shot,12525,-0.010000000000000009,-0.0016456217272207141,-0.001474844291806221,-0.034718841314315796,-0.023044224828481674,-0.014924469403922558,-0.0081009427085518837,0.004822390154004097,0.011652526445686817,0.01998620480298996,0.032004192471504211,2.3787569119472707,2
distill:fred-econ,T10Y2Y,TimesFM-laplace-qd,12525,-0.010000000000000009,-0.0024598399177193642,-0.0020559742115437984,-0.031532645225524902,-0.021015236154198647,-0.013319135643541813,-0.0066319177858531475,0.0016339094145223498,0.0083761969581246376,0.016410320997238159,0.027540406212210655,2.6194632149193735,2
distill:fred-econ,T10Y2Y,Laplace-q-fixed-bandwidth,12526,-0.03999999999999998,0.0018011636357004798,-0.023425596326259512,-0.010138697150724053,-0.0099028049338697188,-0.00098792686316557122,0.00013372778994898474,0.0098318941729508801,0.01007746452180364,0.019734689831541918,0.021990510279790251,0.52337871372280098,2
distill:fred-econ,T10Y2Y,TimesFM-zero-shot,12526,-0.03999999999999998,-0.00030418764799833298,-7.2514609200879931e-05,-0.031260371208190918,-0.020210787653923035,-0.012588461861014366,-0.0063086766749620438,0.0057382127270102501,0.012133452109992504,0.019851172342896461,0.031374439597129822,-0.26810847503226287,2
distill:fred-econ,T10Y2Y,TimesFM-laplace-qd,12526,-0.03999999999999998,0.00010197632946074009,0.0001447895192541182,-0.02835024893283844,-0.017832942306995392,-0.010243946686387062,-0.0038705505430698395,0.0041729966178536415,0.010692790150642395,0.018310587853193283,0.029299266636371613,-1.0958261176685793,2
distill:fred-econ,T10Y2Y,Laplace-q-fixed-bandwidth,12527,0.020000000000000018,0.0050948150456575454,-0.018442394963542094,-0.010048999559583119,-0.0096485667328063095,-5.4672150893984957e-05,0.0044444451067392945,0.0099614837199493676,0.010759002649658938,0.019988521332467757,0.030852373017918804,2.451921748739168,2
distill:fred-econ,T10Y2Y,TimesFM-zero-shot,12527,0.020000000000000018,-1.8502789316698909e-05,0.00033821794204413891,-0.032849904149770737,-0.021195732057094574,-0.013075013644993305,-0.006371078547090292,0.0063693439587950706,0.013112389482557774,0.021335462108254433,0.033149257302284241,2.2226054950256575,2
distill:fred-econ,T10Y2Y,TimesFM-laplace-qd,12527,0.020000000000000018,0.002416594885289669,0.0028894846327602863,-0.026597285643219948,-0.015989489853382111,-0.0082155000418424606,-0.0015858883270993829,0.0064626270905137062,0.013135043904185295,0.021045573055744171,0.032055877149105072,2.3017997868649775,2
distill:fred-econ,T10Y2Y,Laplace-q-fixed-bandwidth,12528,-0.020000000000000018,-0.0033130290783221516,-0.03402098030649528,-0.01835465598789477,-0.010114801610318297,-0.0098444815404616966,-0.00073451460885593975,0.00019807706878395825,0.0098362366927130622,0.010109950546336127,0.022510516816982983,2.3472604822599656,2
distill:fred-econ,T10Y2Y,TimesFM-zero-shot,12528,-0.020000000000000018,-0.00020736195438075811,4.9520866014063358e-05,-0.03320244699716568,-0.021574143320322037,-0.013367868028581142,-0.0066270106472074986,0.0062156692147254944,0.012992296367883682,0.021149871870875359,0.033054124563932419,2.7190061671161403,2
distill:fred-econ,T10Y2Y,TimesFM-laplace-qd,12528,-0.020000000000000018,0.0010299650020897388,0.0010544881224632263,-0.028002273291349411,-0.017379198223352432,-0.009481026791036129,-0.0028969431295990944,0.0050996541976928711,0.011793334968388081,0.019565265625715256,0.030417414382100105,2.3567015766080468,2
distill:fred-econ,T10Y2Y,Laplace-q-fixed-bandwidth,12529,-0.010000000000000009,0.0024693226144153033,-0.024722145555239876,-0.010234901365790909,-0.0099119767414356727,-0.0026140163048122087,0.0001103245047848682,0.0087251259257328968,0.010044903239531531,0.015731332055735646,0.032135229500485342,2.9243802995263524,2
distill:fred-econ,T10Y2Y,TimesFM-zero-shot,12529,-0.010000000000000009,-0.00084309023804962635,-0.00057439715601503849,-0.033803593367338181,-0.022197281941771507,-0.014022104442119598,-0.0072357463650405407,0.0055916793644428253,0.012387027032673359,0.02062949538230896,0.032487668097019196,2.4185236139013937,2
distill:fred-econ,T10Y2Y,TimesFM-laplace-qd,12529,-0.010000000000000009,0.00038965349085628986,0.00055605999659746885,-0.028729388490319252,-0.018101781606674194,-0.010251493193209171,-0.0035563814453780651,0.0044159740209579468,0.011131220497190952,0.019013077020645142,0.029875332489609718,2.7372236887792072,2
distill:fred-econ,T10Y2Y,Laplace-q-fixed-bandwidth,12530,-0.019999999999999962,0.00056021018219477641,-0.025420795494903264,-0.010351096696837706,-0.0099868561468979405,-0.0080472138699826702,-6.2869592737287459e-05,0.0042146201479061531,0.0099577411453952228,0.012046757748400076,0.028344367197995757,2.099288969521647,2
distill:fred-econ,T10Y2Y,TimesFM-zero-shot,12530,-0.019999999999999962,1.8579128663986921e-05,0.00022340117720887065,-0.032625932246446609,-0.021107997745275497,-0.013032178394496441,-0.0063328654505312443,0.0064268256537616253,0.013225889764726162,0.021424258127808571,0.033160071820020676,2.7006722365629128,2
distill:fred-econ,T10Y2Y,TimesFM-laplace-qd,12530,-0.019999999999999962,0.0010712887160480022,0.0011945697478950024,-0.027380535379052162,-0.016987139359116554,-0.0093038063496351242,-0.0028032287955284119,0.0049901199527084827,0.011600138619542122,0.019290881231427193,0.029803505167365074,2.3090157395405915,2
distill:fred-econ,T10Y2Y,Laplace-q-fixed-bandwidth,12531,0.019999999999999962,0.0015435123015396194,-0.026934619597877484,-0.0126560138790893,-0.010020648546988057,-0.0096352656469900679,-7.1803234235750035e-05,0.0092466174582531788,0.010078683404674889,0.016991248649746771,0.032402738868633159,2.3514256706785259,2
distill:fred-econ,T10Y2Y,TimesFM-zero-shot,12531,0.019999999999999962,-0.00087324075866490602,-0.00057216227287426591,-0.033422496169805527,-0.021988976746797562,-0.013950823806226254,-0.0072400001809000969,0.0055502364411950111,0.012367751449346542,0.020655643194913864,0.032549876719713211,2.2001205102816619,2
distill:fred-econ,T10Y2Y,TimesFM-laplace-qd,12531,0.019999999999999962,-0.00095664558466523886,-0.00056555797345936298,-0.028899554163217545,-0.018793968483805656,-0.011271825060248375,-0.0048241391777992249,0.0029086766298860312,0.0095023037865757942,0.017302345484495163,0.027942823246121407,2.192637858921171,2
distill:fred-price-return,VIXCLS,Laplace-q-fixed-bandwidth,9171,-0.037575888105806587,0.00239968046705006,-0.096624603354400512,-0.059511653265969897,-0.035683525701333096,-0.016968188227987534,-0.00012863730894618208,0.016813840981586649,0.035900557495033222,0.060647702949153601,0.10044885789984526,1.5898610437973906,2
distill:fred-price-return,VIXCLS,TimesFM-zero-shot,9171,-0.037575888105806587,-0.00018179550534114242,-0.00033682212233543396,-0.087547719478607178,-0.055980641394853592,-0.034603506326675415,-0.016992826014757156,0.016603386029601097,0.034339617937803268,0.056032571941614151,0.087237544357776642,1.7328467379999222,2
distill:fred-price-return,VIXCLS,TimesFM-laplace-qd,9171,-0.037575888105806587,-0.0021279130596667528,-0.0016447773668915033,-0.081193380057811737,-0.051376476883888245,-0.030831759795546532,-0.013427658006548882,0.0088234748691320419,0.026551766321063042,0.047700103372335434,0.076995775103569031,1.8379595410010834,2
distill:fred-price-return,VIXCLS,Laplace-q-fixed-bandwidth,9172,-0.010599820305142948,0.0018095499495078388,-0.095060402223367702,-0.058579909073385138,-0.035320132468709173,-0.017091430662309174,-0.00069622394714084746,0.015799647201508581,0.034392986913590981,0.058563856785709065,0.09773498350428958,1.8624856760887181,2
distill:fred-price-return,VIXCLS,TimesFM-zero-shot,9172,-0.010599820305142948,-0.00046638998901471496,0.00012929504737257957,-0.077462039887905121,-0.048695940524339676,-0.030190585181117058,-0.014885774813592434,0.014049367979168892,0.029349856078624725,0.047922082245349884,0.076435625553131104,1.5160505056375342,2
distill:fred-price-return,VIXCLS,TimesFM-laplace-qd,9172,-0.010599820305142948,-0.0028366642072796822,-0.00046869250945746899,-0.074181929230690002,-0.046578168869018555,-0.028587032109498978,-0.01326044462621212,0.0072626834735274315,0.023256015032529831,0.042084377259016037,0.070309057831764221,1.6780525670125233,2
distill:fred-price-return,VIXCLS,Laplace-q-fixed-bandwidth,9173,0.053506211437890361,0.0011632535064917348,-0.092235124784419892,-0.056723259167221263,-0.034403648597773492,-0.016981328285302525,-0.0013205456335136558,0.014436858336200207,0.032211776851880064,0.055429782586672652,0.093657877288843033,1.2767488285438673,2
distill:fred-price-return,VIXCLS,TimesFM-zero-shot,9173,0.053506211437890361,-0.0026717758737504482,-0.0025842536706477404,-0.084777005016803741,-0.055260349065065384,-0.035058517009019852,-0.018493017181754112,0.01305188424885273,0.029716551303863525,0.049986246973276138,0.080301880836486816,1.245433307039683,2
distill:fred-price-return,VIXCLS,TimesFM-laplace-qd,9173,0.053506211437890361,-0.003121762303635478,-0.0040512215346097946,-0.075838275253772736,-0.048606645315885544,-0.029214100912213326,-0.012954181060194969,0.0071666338481009007,0.023333244025707245,0.042486876249313354,0.071172676980495453,1.197792241647857,2
distill:fred-price-return,VIXCLS,Laplace-q-fixed-bandwidth,9174,-0.10766691249323035,0.0011212891725338374,-0.091794140969133076,-0.056514293453946526,-0.034297753689110963,-0.016943931647912174,-0.0013418382715714708,0.014356595728779221,0.032061671469061234,0.055171185184055685,0.09314419249700967,0.34387460481045706,2
distill:fred-price-return,VIXCLS,TimesFM-zero-shot,9174,-0.10766691249323035,0.00019684748258441687,-0.00047984713455662131,-0.084882549941539764,-0.054108001291751862,-0.033116213977336884,-0.016037618741393089,0.016429072245955467,0.033576741814613342,0.054161548614501953,0.084554433822631836,-1.254020060935515,2
distill:fred-price-return,VIXCLS,TimesFM-laplace-qd,9174,-0.10766691249323035,-0.0047802869230508804,-0.0038455575704574585,-0.077051952481269836,-0.049711465835571289,-0.030826851725578308,-0.014967946335673332,0.0047795441932976246,0.021080614998936653,0.040050804615020752,0.066959194839000702,-2.2589498325998312,2
distill:fred-price-return,VIXCLS,Laplace-q-fixed-bandwidth,9175,0.0059032048641318724,0.0026095513236545241,-0.093949797555905601,-0.057727743973393725,-0.034505551984966021,-0.016272023001205407,0.00013479575444616835,0.016642720289255925,0.035241430504476368,0.059369666075261854,0.098247880712071106,1.8699106423465437,2
distill:fred-price-return,VIXCLS,TimesFM-zero-shot,9175,0.0059032048641318724,0.00020699028391391039,0.00016350497025996447,-0.090160474181175232,-0.057956792414188385,-0.035538621246814728,-0.017168052494525909,0.017629887908697128,0.03595496341586113,0.058034103363752365,0.090008184313774109,1.3386428709031519,2
distill:fred-price-return,VIXCLS,TimesFM-laplace-qd,9175,0.0059032048641318724,0.0044057369232177734,0.0020065708085894585,-0.078139759600162506,-0.047265388071537018,-0.025044551119208336,-0.0066119874827563763,0.016065521165728569,0.034123804420232773,0.055174786597490311,0.084795117378234863,1.5494546010715111,2
distill:fred-price-return,VIXCLS,Laplace-q-fixed-bandwidth,9176,0.073729526718933514,0.00032986830948448587,-0.092795490653877585,-0.057509627529103005,-0.035216657824930622,-0.01779103318015381,-0.0021237109987745691,0.013640816381068094,0.031420296934126291,0.054608829799474026,0.092577296219622671,0.86905117860782988,2
distill:fred-price-return,VIXCLS,TimesFM-zero-shot,9176,0.073729526718933514,0.0010889535769820213,-6.7931017838418484e-05,-0.074864253401756287,-0.045965258032083511,-0.02734561450779438,-0.012871565297245979,0.015348881483078003,0.029907770454883575,0.047249369323253632,0.074599586427211761,1.0028917963298569,2
distill:fred-price-return,VIXCLS,TimesFM-laplace-qd,9176,0.073729526718933514,0.00050225201994180679,-0.00070428202161565423,-0.07175067812204361,-0.043132692575454712,-0.024404337629675865,-0.0094216112047433853,0.010866034775972366,0.02585502527654171,0.043359532952308655,0.069778405129909515,0.88872214353248546,2
distill:fred-price-return,VIXCLS,Laplace-q-fixed-bandwidth,9177,-0.051034342565528412,0.00045060284717231676,-0.093977295634728397,-0.058443394057214174,-0.035766217514297358,-0.017986187210122889,-0.0019912846307348314,0.014102753856165672,0.032241786444240625,0.055815429973348478,0.093993819717517274,1.4233650959101405,2
distill:fred-price-return,VIXCLS,TimesFM-zero-shot,9177,-0.051034342565528412,-9.9081546068191528e-05,-0.0011223898036405444,-0.087532125413417816,-0.055839929729700089,-0.034226685762405396,-0.016716113314032555,0.016506627202033997,0.033717989921569824,0.054613102227449417,0.085303276777267456,1.732347987006313,2
distill:fred-price-return,VIXCLS,TimesFM-laplace-qd,9177,-0.051034342565528412,-0.0025958707556128502,-0.0045256353914737701,-0.081216461956501007,-0.051263093948364258,-0.030457902699708939,-0.013460464775562286,0.0083160838112235069,0.024953566491603851,0.044385749846696854,0.072467170655727386,1.658876551852225,2
distill:fred-price-return,VIXCLS,Laplace-q-fixed-bandwidth,9178,0.00057520852894610286,0.002437690962954537,-0.090867733208675958,-0.05572485090243666,-0.033329813357464946,-0.015775493917241017,1.703835518970636e-05,0.015907594490711937,0.033817185090255789,0.057101472747923016,0.094875479627453033,1.9171967435967039,2
distill:fred-price-return,VIXCLS,TimesFM-zero-shot,9178,0.00057520852894610286,-0.00031054008286446333,-0.0028614907059818506,-0.086474597454071045,-0.05451887845993042,-0.033259004354476929,-0.016297498717904091,0.015741454437375069,0.03211728110909462,0.051622938364744186,0.081363782286643982,1.4326655976597193,2
distill:fred-price-return,VIXCLS,TimesFM-laplace-qd,9178,0.00057520852894610286,-0.0011656103888526559,-0.0047709723003208637,-0.079036712646484375,-0.04872049018740654,-0.028375448659062386,-0.011844394728541374,0.0095713622868061066,0.025317860767245293,0.043674971908330917,0.070976585149765015,1.650380835596148,2
distill:fred-price-return,VIXCLS,Laplace-q-fixed-bandwidth,9179,-0.017987140005768065,0.0012916305509019527,-0.088554857721014679,-0.054382530572120197,-0.032924797508501302,-0.016171543361939725,-0.0011077873037491702,0.014049872926480338,0.031146033694797827,0.053479477078076459,0.090308934600306173,1.8970544100364346,2
distill:fred-price-return,VIXCLS,TimesFM-zero-shot,9179,-0.017987140005768065,-0.00084521085955202579,-0.0013635889627039433,-0.090323373675346375,-0.05848105251789093,-0.036325909197330475,-0.018231421709060669,0.016456810757517815,0.034577548503875732,0.056458532810211182,0.088391624391078949,1.3522819818341496,2
distill:fred-price-return,VIXCLS,TimesFM-laplace-qd,9179,-0.017987140005768065,0.00062290695495903492,-0.0023344303481280804,-0.076981537044048309,-0.048069044947624207,-0.027100460603833199,-0.0099339419975876808,0.0117604099214077,0.02877458743751049,0.048469670116901398,0.077146291732788086,1.6444961638396474,2
distill:fred-price-return,VIXCLS,Laplace-q-fixed-bandwidth,9180,0.0064196310343342944,0.0014445825617508119,-0.085224718384357967,-0.052016207462541583,-0.031414298161268034,-0.015364314706228999,-0.00093201546632762518,0.013590182293473774,0.029970265919233068,0.051429295647100269,0.087310736430883273,1.9864955346421667,2
distill:fred-price-return,VIXCLS,TimesFM-zero-shot,9180,0.0064196310343342944,0.0011975476518273354,0.0012750548776239157,-0.0876474529504776,-0.055877622216939926,-0.033698942512273788,-0.015871863812208176,0.018097309395670891,0.035831674933433533,0.056938398629426956,0.08780428022146225,1.3693678661798112,2
distill:fred-price-return,VIXCLS,TimesFM-laplace-qd,9180,0.0064196310343342944,0.0022427227813750505,0.0011743754148483276,-0.073078818619251251,-0.044635653495788574,-0.024237779900431633,-0.007710637990385294,0.012168468907475471,0.028547247871756554,0.047321584075689316,0.074244961142539978,1.666722967732424,2
distill:fred-price-return,VIXCLS,Laplace-q-fixed-bandwidth,9181,0.066935297532782823,0.0010882757386080288,-0.082117712913014826,-0.05001906297180872,-0.030346157488570398,-0.015037422266326969,-0.0012642606357384169,0.012594248532795515,0.028217916199415688,0.048722265608978507,0.083505817979741478,0.95149884902934168,2
distill:fred-price-return,VIXCLS,TimesFM-zero-shot,9181,0.066935297532782823,-0.0021754719782620668,-0.00079258193727582693,-0.073503561317920685,-0.047071591019630432,-0.029938817024230957,-0.015886643901467323,0.011669856496155262,0.025928691029548645,0.043953198939561844,0.072400636970996857,1.0376952786830973,2
distill:fred-price-return,VIXCLS,TimesFM-laplace-qd,9181,0.066935297532782823,-0.0051382090896368027,-0.0025212878827005625,-0.074007138609886169,-0.047657027840614319,-0.030064107850193977,-0.015247066505253315,0.0051019340753555298,0.020447703078389168,0.039031125605106354,0.067873664200305939,0.88638127027347147,2
distill:fred-price-return,VIXCLS,Laplace-q-fixed-bandwidth,9182,-0.021447068965099181,0.0010302589296025029,-0.083505603446910659,-0.0510499570705331,-0.030988015979696068,-0.015363147673080373,-0.0013100450232388036,0.012830732899482652,0.028778044225477927,0.049681657044623559,0.084789651221603674,1.9214944700514556,2
distill:fred-price-return,VIXCLS,TimesFM-zero-shot,9182,-0.021447068965099181,-0.0030954787507653236,-0.0014702719636261463,-0.084036663174629211,-0.055113635957241058,-0.035544466227293015,-0.019100792706012726,0.013004572130739689,0.029918733984231949,0.050880979746580124,0.081767715513706207,1.4595784356564638,2
distill:fred-price-return,VIXCLS,TimesFM-laplace-qd,9182,-0.021447068965099181,-0.0097771650180220604,-0.004872435238212347,-0.083728387951850891,-0.056299731135368347,-0.037279840558767319,-0.02074720710515976,0.0003178557672072202,0.01769217848777771,0.038763687014579773,0.068590603768825531,1.6270590884606204,2
distill:fred-price-return,VIXCLS,Laplace-q-fixed-bandwidth,9183,-0.0066927187911050012,0.002627699378022126,-0.078945412299516321,-0.047466994433362636,-0.028192597558830589,-0.013189765062059107,0.00031157828154296078,0.0138967286513887,0.0292089322689165,0.049301517177736398,0.083435239037683878,2.0601512743570698,2
distill:fred-price-return,VIXCLS,TimesFM-zero-shot,9183,-0.0066927187911050012,-0.0063002156093716621,-0.0058839572593569756,-0.087826073169708252,-0.058403924107551575,-0.038582917302846909,-0.022279499098658562,0.0096779847517609596,0.026611320674419403,0.047239560633897781,0.07736380398273468,1.4197990509828471,2
distill:fred-price-return,VIXCLS,TimesFM-laplace-qd,9183,-0.0066927187911050012,-0.015669414773583412,-0.012815467081964016,-0.085181050002574921,-0.059079825878143311,-0.040949109941720963,-0.025702880695462227,-0.0065883593633770943,0.0094284899532794952,0.02845047228038311,0.055802993476390839,1.6818364271094057,2
distill:fred-price-return,VIXCLS,Laplace-q-fixed-bandwidth,9184,-0.034731643516054955,0.0021663245515898266,-0.075951214286411439,-0.045666186857843877,-0.027304078335562913,-0.013005358340851616,-0.00012406316141338897,0.012836408425834065,0.027428409150355673,0.046576807629420562,0.079513468462130837,1.7370366351225559,2
distill:fred-price-return,VIXCLS,TimesFM-zero-shot,9184,-0.034731643516054955,0.00053203350398689508,0.00010755693801911548,-0.077907726168632507,-0.048818513751029968,-0.029704954475164413,-0.014131730422377586,0.015238495543599129,0.030544603243470192,0.049176942557096481,0.077174007892608643,1.8623944511658239,2
distill:fred-price-return,VIXCLS,TimesFM-laplace-qd,9184,-0.034731643516054955,-0.00042021219269372523,-0.00066543382126837969,-0.069553419947624207,-0.042770110070705414,-0.024791555479168892,-0.0099649503827095032,0.0087831299751996994,0.023318631574511528,0.040260430425405502,0.065619736909866333,1.9497344258800664,2
distill:fred-price-return,VIXCLS,Laplace-q-fixed-bandwidth,9185,0.065588086026449943,0.0021883039093617495,-0.074189865506904124,-0.044556130522668977,-0.026633593933764577,-0.012666996197415084,-7.7564997170896546e-05,0.012588938198364357,0.026841239145298387,0.045532735952906432,0.077796839096839376,0.95685168742061899,2
distill:fred-price-return,VIXCLS,TimesFM-zero-shot,9185,0.065588086026449943,0.0029889040160924196,0.0058072744868695736,-0.075857177376747131,-0.04715636745095253,-0.028149241581559181,-0.012238238006830215,0.018416492268443108,0.034653309732675552,0.054968953132629395,0.085343889892101288,1.164517693649251,2
distill:fred-price-return,VIXCLS,TimesFM-laplace-qd,9185,0.065588086026449943,0.0027479729615151882,0.0078800134360790253,-0.065451018512248993,-0.039639469236135483,-0.022020170465111732,-0.0068978229537606239,0.01228820439428091,0.027977820485830307,0.046880774199962616,0.074708789587020874,1.0680416884985702,2
distill:fred-price-return,VIXCLS,Laplace-q-fixed-bandwidth,9186,-0.03365834963906833,0.0010873555251693836,-0.076834727235571859,-0.046693646135359347,-0.028338574124295413,-0.014043228039158868,-0.0011683623179690769,0.011786243730872111,0.026376533200103136,0.045518031130385446,0.078271055513073867,1.7803019446745456,2
distill:fred-price-return,VIXCLS,TimesFM-zero-shot,9186,-0.03365834963906833,0.0040233982726931572,0.0034036715514957905,-0.069268055260181427,-0.041916381567716599,-0.024218380451202393,-0.0097381696105003357,0.017699794843792915,0.032170984894037247,0.049686875194311142,0.076598323881626129,1.9655473090694042,2
distill:fred-price-return,VIXCLS,TimesFM-laplace-qd,9186,-0.03365834963906833,0.0024565132334828377,0.0022717430256307125,-0.061562754213809967,-0.036588866263628006,-0.020154913887381554,-0.0061256373301148415,0.010768411681056023,0.024740828201174736,0.041101992130279541,0.065771713852882385,1.9795446304090132,2
distill:fred-price-return,VIXCLS,Laplace-q-fixed-bandwidth,9187,0.013378125946176045,0.0028923696529070085,-0.073148533449978931,-0.043696086011233613,-0.025821586813909628,-0.011892130734885632,0.00066075281838195174,0.013291045919869311,0.027507138404554675,0.046149825950578573,0.078196335840767212,2.0765618745058081,2
distill:fred-price-return,VIXCLS,TimesFM-zero-shot,9187,0.013378125946176045,0.00049769296310842037,0.00097943819127976894,-0.076938636600971222,-0.048007633537054062,-0.029561474919319153,-0.014158884063363075,0.015161693096160889,0.030617499724030495,0.049689467996358871,0.077617183327674866,1.5084660290404188,2
distill:fred-price-return,VIXCLS,TimesFM-laplace-qd,9187,0.013378125946176045,6.2229082686826587e-05,0.0013034522999078035,-0.067266933619976044,-0.041001942008733749,-0.023925280198454857,-0.0092459730803966522,0.0086318599060177803,0.023297160863876343,0.040911108255386353,0.065605297684669495,1.7417812918559732,2
distill:fred-price-return,VIXCLS,Laplace-q-fixed-bandwidth,9188,-0.034933129508005756,0.0019208423437608521,-0.071044908923691502,-0.042724394616739679,-0.025643945223175771,-0.012312977935388965,-0.00028408090796218236,0.011818138348339512,0.025421122036962451,0.043237350994455616,0.074129194148707667,1.7537628874236326,2
distill:fred-price-return,VIXCLS,TimesFM-zero-shot,9188,-0.034933129508005756,0.0021229961421340704,0.0011227908544242382,-0.074407987296581268,-0.04616725817322731,-0.027511570602655411,-0.012281072326004505,0.01657710038125515,0.031673017889261246,0.049972429871559143,0.07746800035238266,1.90585507276368,2
distill:fred-price-return,VIXCLS,TimesFM-laplace-qd,9188,-0.034933129508005756,0.0035778393503278494,0.0025484762154519558,-0.060082271695137024,-0.035497236996889114,-0.018830865621566772,-0.0047034258022904396,0.011849492788314819,0.025697683915495872,0.04178185760974884,0.065970934927463531,1.8964014297996643,2
distill:fred-price-return,VIXCLS,Laplace-q-fixed-bandwidth,9189,-0.039771323426896821,0.0025425467141437443,-0.068942600787169156,-0.041199194593512713,-0.024484683768755622,-0.011427135712618632,0.00036170833317149286,0.01222214457357523,0.025545350662050333,0.042979987476941879,0.073267550107759205,1.6227600649792417,2
distill:fred-price-return,VIXCLS,TimesFM-zero-shot,9189,-0.039771323426896821,-0.00015391147462651134,0.00086192716844379902,-0.079673498868942261,-0.050488647073507309,-0.031277973204851151,-0.015258553437888622,0.015117495320737362,0.031209120526909828,0.050911277532577515,0.079941973090171814,1.9249499448960377,2
distill:fred-price-return,VIXCLS,TimesFM-laplace-qd,9189,-0.039771323426896821,0.0006670693401247263,0.0017681092722341418,-0.067415840923786163,-0.040917173027992249,-0.02332855761051178,-0.0084991222247481346,0.0098221655935049057,0.024544712156057358,0.041962813585996628,0.067377291619777679,1.8755732700614929,2
distill:fred-price-return,VIXCLS,Laplace-q-fixed-bandwidth,9190,-0.0035863756312273232,0.0019140921132705959,-0.06869941347784729,-0.041305754091032015,-0.024797941978224484,-0.011895878727495864,-0.00024475598444335565,0.011477111535672813,0.024641661316321957,0.041861110224814937,0.071775020302676976,2.2189811728745212,2
distill:fred-price-return,VIXCLS,TimesFM-zero-shot,9190,-0.0035863756312273232,0.0036349445581436157,0.0033885017037391663,-0.066725000739097595,-0.040792625397443771,-0.023499570786952972,-0.0097529320046305656,0.016998788341879845,0.031138371676206589,0.048270400613546371,0.074792720377445221,1.6013573902868403,2
distill:fred-price-return,VIXCLS,TimesFM-laplace-qd,9190,-0.0035863756312273232,0.0083404500037431717,0.013210897333920002,-0.053525287657976151,-0.030233237892389297,-0.014132342301309109,-0.00046824087621644139,0.016931436955928802,0.031046509742736816,0.048234660178422928,0.073859192430973053,1.8447765090106139,2
distill:fred-price-return,VIXCLS,Laplace-q-fixed-bandwidth,9191,-0.0066086152203563842,0.00095774106087061922,-0.066437642180319445,-0.040306815655660695,-0.024609059569170678,-0.012303668923469763,-0.0011720281884095025,0.01002611873648444,0.022578433677340637,0.038949789244204704,0.067550728220984874,2.2579357858121156,2
distill:fred-price-return,VIXCLS,TimesFM-zero-shot,9191,-0.0066086152203563842,-0.0029270865488797426,-0.0014031729660928249,-0.069307141005992889,-0.044215824455022812,-0.02834087610244751,-0.015189895406365395,0.009524935856461525,0.0231498833745718,0.039507400244474411,0.065008774399757385,1.6610671183453152,2
distill:fred-price-return,VIXCLS,TimesFM-laplace-qd,9191,-0.0066086152203563842,-0.0011724559590220451,0.002289715688675642,-0.058932393789291382,-0.036431226879358292,-0.021740840747952461,-0.0089934822171926498,0.0065658031962811947,0.019792107865214348,0.035322707146406174,0.059171423316001892,1.9014654969284783,2
distill:fred-price-return,VIXCLS,Laplace-q-fixed-bandwidth,9192,0.025001302205417186,0.00090459674192096447,-0.063417848893898177,-0.038543818116660064,-0.023602906772532857,-0.011847973550870044,-0.0011944145226628368,0.0095216962810075276,0.021508799162870823,0.037085088415765133,0.06435873707199391,1.9551967521988811,2
distill:fred-price-return,VIXCLS,TimesFM-zero-shot,9192,0.025001302205417186,-0.0062897037714719772,-0.0014900234527885914,-0.057172056287527084,-0.037840835750102997,-0.026154506951570511,-0.01599741168320179,0.0037208963185548782,0.014626573771238327,0.028404276818037033,0.051297534257173538,1.6868639944873083,2
distill:fred-price-return,VIXCLS,TimesFM-laplace-qd,9192,0.025001302205417186,-0.0077053415589034557,-0.00039649993414059281,-0.054129648953676224,-0.036158546805381775,-0.024584129452705383,-0.014014602638781071,-0.0017287575174123049,0.009708174504339695,0.023491661995649338,0.045226834714412689,1.6276653839750683,2
distill:fred-price-return,VIXCLS,Laplace-q-fixed-bandwidth,9193,-0.043249983793816504,0.00061907515538277855,-0.062001179497268771,-0.037836459429824346,-0.023303219838531147,-0.011846257805232185,-0.0014530529646008645,0.0090007098404137446,0.020682331046021424,0.035830580106777504,0.062343503924833732,1.5630573510414478,2
distill:fred-price-return,VIXCLS,TimesFM-zero-shot,9193,-0.043249983793816504,-0.0031553511507809162,-0.0018325755372643471,-0.062948666512966156,-0.040144778788089752,-0.026044245809316635,-0.014282058924436569,0.0081275049597024918,0.020259244367480278,0.035082872956991196,0.059187646955251694,1.8604233223121858,2
distill:fred-price-return,VIXCLS,TimesFM-laplace-qd,9193,-0.043249983793816504,-0.008820422925055027,-0.0040181498043239117,-0.062682949006557465,-0.041611358523368835,-0.028187878429889679,-0.01615033857524395,-0.0016179513186216354,0.010832068510353565,0.025942999869585037,0.049819320440292358,2.014460142623824,2
distill:fred-price-return,VIXCLS,Laplace-q-fixed-bandwidth,9194,-0.03434617962469666,0.0015758933384321587,-0.060816476346307199,-0.036734420803152701,-0.022246943340004301,-0.010830933265949323,-0.00047722997570324419,0.0099370758916135886,0.021577905375276915,0.036680457472440434,0.063099954626936405,1.7963897009725129,2
distill:fred-price-return,VIXCLS,TimesFM-zero-shot,9194,-0.03434617962469666,-0.0025414051488041878,-0.001279016025364399,-0.077393114566802979,-0.050577186048030853,-0.0322246253490448,-0.016980726271867752,0.011951752938330173,0.02742026187479496,0.046261057257652283,0.074853129684925079,1.9103840379940857,2
distill:fred-price-return,VIXCLS,TimesFM-laplace-qd,9194,-0.03434617962469666,-0.0040449947118759155,-0.0007674556109122932,-0.057163167744874954,-0.037353742867708206,-0.023375207558274269,-0.011063712649047375,0.0030140189919620752,0.015573586337268353,0.030480839312076569,0.053085949271917343,2.239427612289858,2
distill:fred-price-return,VIXCLS,Laplace-q-fixed-bandwidth,9195,-0.02704607867681208,0.00053298393212419771,-0.060862388572559149,-0.037191300298498389,-0.02293788037251545,-0.011696379725158135,-0.0014969111204702647,0.0087621362552041931,0.020224592520336468,0.035082379854219019,0.061057877091075984,2.0237610056663642,2
distill:fred-price-return,VIXCLS,TimesFM-zero-shot,9195,-0.02704607867681208,-0.0059742177836596966,-0.0049405195750296116,-0.069880448281764984,-0.046030990779399872,-0.030575843527913094,-0.017921160906553268,0.00619156239554286,0.019033424556255341,0.034548696130514145,0.058990269899368286,1.8987392991282703,2
distill:fred-price-return,VIXCLS,TimesFM-laplace-qd,9195,-0.02704607867681208,-0.0064476500265300274,-0.00325164501555264,-0.058191556483507156,-0.038368839770555496,-0.025017343461513519,-0.013396205380558968,0.00015173968859016895,0.011740531772375107,0.025507919490337372,0.046768262982368469,2.2972428264520808,2
distill:fred-price-return,VIXCLS,Laplace-q-fixed-bandwidth,9196,0.046549685263579832,-0.00035847584233131996,-0.060066351464250961,-0.037104734626139085,-0.023253030650725655,-0.012304738005538173,-0.0023614936520643956,0.0076393521019635976,0.01880113432959294,0.033236709349812918,0.058447144309155305,1.2811298397484385,2
distill:fred-price-return,VIXCLS,TimesFM-zero-shot,9196,0.046549685263579832,-0.0067560193128883839,-0.0026168248150497675,-0.066075436770915985,-0.043923921883106232,-0.029895829036831856,-0.01803862489759922,0.0048059159889817238,0.017106270417571068,0.032436951994895935,0.057248592376708984,1.300215837976322,2
distill:fred-price-return,VIXCLS,TimesFM-laplace-qd,9196,0.046549685263579832,-0.0066802124492824078,0.00010747043415904045,-0.055527932941913605,-0.03687286376953125,-0.024432167410850525,-0.013366652652621269,-0.00022048977552913129,0.011165319941937923,0.025100551545619965,0.047397509217262268,1.1183528699470755,2
distill:fred-price-return,VIXCLS,Laplace-q-fixed-bandwidth,9197,-0.017599448601077761,-0.0010296981541918528,-0.061536809977040918,-0.038213946574938436,-0.024159899173796785,-0.013076696746692006,-0.0030216742847852798,0.007092384372372855,0.018394495065005786,0.033046833349127627,0.05864193131450382,2.2593805367247253,2
distill:fred-price-return,VIXCLS,TimesFM-zero-shot,9197,-0.017599448601077761,-0.0012595073785632849,-0.0010156362550333142,-0.071812428534030914,-0.045848950743675232,-0.028867937624454498,-0.014745937660336494,0.011954777874052525,0.025796256959438324,0.042902465909719467,0.069576174020767212,1.6447926113305267,2
distill:fred-price-return,VIXCLS,TimesFM-laplace-qd,9197,-0.017599448601077761,-0.0049316426739096642,-0.0026155624072998762,-0.066965803503990173,-0.043277867138385773,-0.027484742924571037,-0.013684441335499287,0.003141521941870451,0.016751466318964958,0.033202223479747772,0.058159634470939636,1.8663985098945273,2
distill:fred-price-return,VIXCLS,Laplace-q-fixed-bandwidth,9198,0.018222307543668492,0.00032497796231036275,-0.057789595380401459,-0.03547941219598378,-0.021999053886873177,-0.011331056496922263,-0.001637120052214793,0.0081128870153378933,0.018988600055510244,0.033036707791968351,0.057541191858764398,2.1532348683458844,2
distill:fred-price-return,VIXCLS,TimesFM-zero-shot,9198,0.018222307543668492,-0.0028007293585687876,-0.0017148845363408327,-0.073296405375003815,-0.047381464391946793,-0.030388288199901581,-0.016151644289493561,0.01075468398630619,0.024913707748055458,0.042428690940141678,0.068889573216438293,1.5776106021087162,2
distill:fred-price-return,VIXCLS,TimesFM-laplace-qd,9198,0.018222307543668492,-0.0058395224623382092,-0.0024204065557569265,-0.060701053589582443,-0.039737235754728317,-0.025634938850998878,-0.013171312399208546,0.0012030418729409575,0.013589665293693542,0.028617028146982193,0.050858031958341599,1.7797923687021824,2
distill:fred-price-return,VIXCLS,Laplace-q-fixed-bandwidth,9199,-0.04196419909903204,-0.00036959613718249223,-0.056633191115239456,-0.035114101332026804,-0.022070921555462544,-0.011720344299045608,-0.0023033815676726591,0.007167460412762618,0.017717436012910072,0.031305140470677131,0.054949550627756541,1.6065807586801977,2
distill:fred-price-return,VIXCLS,TimesFM-zero-shot,9199,-0.04196419909903204,-0.0057209376245737076,-0.0057167224586009979,-0.074301116168498993,-0.048927795141935349,-0.032504089176654816,-0.018817462027072906,0.0071914307773113251,0.020823318511247635,0.037596113979816437,0.063628211617469788,2.0587266986962645,2
distill:fred-price-return,VIXCLS,TimesFM-laplace-qd,9199,-0.04196419909903204,-0.010441082529723644,-0.0092777945101261139,-0.069493412971496582,-0.04682265967130661,-0.031646735966205597,-0.01856001652777195,-0.0029060700908303261,0.010090366005897522,0.025787727907299995,0.049384903162717819,2.1374596593521917,2
distill:fred-price-return,VIXCLS,Laplace-q-fixed-bandwidth,9200,0.33415043386005516,0.00049356033513540357,-0.055694504293639216,-0.034183608765441284,-0.021152743299731595,-0.010820329373627497,-0.0014233931179385285,0.0080276355941899039,0.018560278054288178,0.032137892197409812,0.055773223212705683,-17.404493092097489,2
distill:fred-price-return,VIXCLS,TimesFM-zero-shot,9200,0.33415043386005516,-0.005174846388399601,-0.0017327062087133527,-0.064728811383247375,-0.042209271341562271,-0.028339624404907227,-0.016564205288887024,0.0063193966634571552,0.018278487026691437,0.033758066594600677,0.058764513581991196,-15.280344697181086,2
distill:fred-price-return,VIXCLS,TimesFM-laplace-qd,9200,0.33415043386005516,-0.0061167175881564617,0.00017010446754284203,-0.06164056807756424,-0.040158245712518692,-0.026350755244493484,-0.014170951209962368,0.0015623997896909714,0.014088211581110954,0.02961508184671402,0.054000001400709152,-16.594224464384954,2
distill:fred-price-return,VIXCLS,Laplace-q-fixed-bandwidth,9201,-0.12829837965590629,-0.0033904155687589205,-0.08850376890730835,-0.055764654165059713,-0.036048252370832617,-0.020570370095201799,-0.0065535716111495652,0.0075628022093990263,0.023410559912678215,0.044137408070361206,0.080598759012685012,-0.052534477595375662,2
distill:fred-price-return,VIXCLS,TimesFM-zero-shot,9201,-0.12829837965590629,0.0053904037922620773,0.011578075587749481,-0.088341504335403442,-0.054482560604810715,-0.031716570258140564,-0.012849473394453526,0.023740740492939949,0.043593276292085648,0.068359322845935822,0.10698998719453812,-2.0017376944961374,2
distill:fred-price-return,VIXCLS,TimesFM-laplace-qd,9201,-0.12829837965590629,-0.016546033322811127,-0.0040509961545467377,-0.11415807902812958,-0.078534118831157684,-0.053980354219675064,-0.032807011157274246,-0.0010372924152761698,0.021726356819272041,0.049297988414764404,0.091706141829490662,-0.98041212537219646,2
distill:fred-price-return,VIXCLS,Laplace-q-fixed-bandwidth,9202,0.048991492939992831,0.014542328003107665,-0.07654987078217515,-0.041496435361098628,-0.020252547616870516,-0.0036532816865220427,0.011336642959503509,0.02643646134315579,0.043443327275097997,0.065787642425070153,0.1046553008143471,1.593133223460846,2
distill:fred-price-return,VIXCLS,TimesFM-zero-shot,9202,0.048991492939992831,0.00080687698209658265,0.0023068308364599943,-0.080901503562927246,-0.05033406987786293,-0.030521754175424576,-0.014866597019135952,0.01653398759663105,0.03311862051486969,0.053867030888795853,0.086301162838935852,1.2899792636101095,2
distill:fred-price-return,VIXCLS,TimesFM-laplace-qd,9202,0.048991492939992831,0.0052254339680075645,0.0081871822476387024,-0.084167852997779846,-0.049537405371665955,-0.026978703215718269,-0.0086326766759157181,0.018799044191837311,0.037815622985363007,0.060611534863710403,0.095654487609863281,1.2779485621421864,2
distill:fred-price-return,VIXCLS,Laplace-q-fixed-bandwidth,9203,0.11178172764775862,0.0011143246254505773,-0.087833002412172595,-0.053598747581264455,-0.032889934143388581,-0.016692090753504474,-0.0020548272413813775,0.012689137338243076,0.029282941832771602,0.051064324382152776,0.089071537303933218,0.13456432906767257,2
distill:fred-price-return,VIXCLS,TimesFM-zero-shot,9203,0.11178172764775862,-0.0098608266562223434,-0.0079296911135315895,-0.085224859416484833,-0.056723702698945999,-0.038739118725061417,-0.024146290495991707,0.0043462612666189671,0.019331552088260651,0.038138773292303085,0.067574061453342438,-0.060966513840479908,2
distill:fred-price-return,VIXCLS,TimesFM-laplace-qd,9203,0.11178172764775862,-0.016782678663730621,-0.011930371634662151,-0.092978224158287048,-0.063708767294883728,-0.044637486338615417,-0.028436793014407158,-0.0051643811166286469,0.011735563166439533,0.032187297940254211,0.063789747655391693,-0.17309156707877027,2
distill:fred-price-return,VIXCLS,Laplace-q-fixed-bandwidth,9204,-0.13365998517919087,-0.0010876372065645216,-0.095257618459735738,-0.059148294364099796,-0.037062961644888773,-0.019827507414856449,-0.0042840786928847723,0.011375363671764387,0.029039840834404633,0.052268308556000176,0.092171176277319355,-0.054533909985855944,2
distill:fred-price-return,VIXCLS,TimesFM-zero-shot,9204,-0.13365998517919087,0.0037520616315305233,0.0068467184901237488,-0.084523506462574005,-0.051892541348934174,-0.030661650002002716,-0.01327810063958168,0.020292734727263451,0.037991505116224289,0.060343720018863678,0.094699077308177948,-2.6339237074751956,2
distill:fred-price-return,VIXCLS,TimesFM-laplace-qd,9204,-0.13365998517919087,-0.0071946252137422562,-0.00046602671500295401,-0.098124369978904724,-0.063609912991523743,-0.040715280920267105,-0.021508099511265755,0.0066651101224124432,0.026004718616604805,0.049773816019296646,0.086565420031547546,-2.2328280642637957,2
distill:fred-price-return,VIXCLS,Laplace-q-fixed-bandwidth,9205,-0.094898741822795785,0.018421015790460991,-0.081632600421284424,-0.043602312410140218,-0.019938473521534023,-0.001459521511497332,0.01518533113128835,0.031956465174512838,0.050899282677255839,0.075769493045978992,0.11757914074826983,0.33189963421577351,2
distill:fred-price-return,VIXCLS,TimesFM-zero-shot,9205,-0.094898741822795785,0.0017188624478876591,-2.083613071590662e-05,-0.083483010530471802,-0.051079429686069489,-0.030166953802108765,-0.013870840892195702,0.017488043755292892,0.033594820648431778,0.052836544811725616,0.082735106348991394,-0.76165122235326932,2
distill:fred-price-return,VIXCLS,TimesFM-laplace-qd,9205,-0.094898741822795785,0.0084640411660075188,0.0056396443396806717,-0.082645580172538757,-0.047114580869674683,-0.023590931668877602,-0.0047598909586668015,0.022217581048607826,0.040628515183925629,0.061773519963026047,0.094178982079029083,-0.89767800772250583,2
distill:fred-price-return,VIXCLS,Laplace-q-fixed-bandwidth,9206,-0.087422814971159113,0.010811554207349862,-0.093003247052764235,-0.053919344689412049,-0.029210884840570429,-0.0098601801672690455,0.0075693167523151091,0.02513168911491926,0.044966913956410795,0.070908067365545321,0.11371597944255589,0.62021959576402197,2
distill:fred-price-return,VIXCLS,TimesFM-zero-shot,9206,-0.087422814971159113,0.00027027609758079052,-0.0015953194815665483,-0.086768470704555511,-0.05373460054397583,-0.032245788723230362,-0.015558044426143169,0.015863280743360519,0.032472752034664154,0.052113324403762817,0.083112262189388275,-0.18432726283647061,2
distill:fred-price-return,VIXCLS,TimesFM-laplace-qd,9206,-0.087422814971159113,0.0073970891535282135,0.0048763556405901909,-0.086719103157520294,-0.04996345192193985,-0.025484031066298485,-0.0061166249215602875,0.020978827029466629,0.039805959910154343,0.061686526983976364,0.09557025134563446,-0.262103090699633,2
distill:fred-price-return,VIXCLS,Laplace-q-fixed-bandwidth,9207,0.012879662863661157,0.0079930697774451571,-0.097974381555431117,-0.058397877524102776,-0.033072864687331949,-0.013172586350026924,0.0047612973227398134,0.022831739364432311,0.043226859132651632,0.069790231769450067,0.11303250654280084,1.7734776050843113,2
distill:fred-price-return,VIXCLS,TimesFM-zero-shot,9207,0.012879662863661157,-0.0090498067438602448,-0.010032336227595806,-0.092262908816337585,-0.060064695775508881,-0.039976373314857483,-0.023939251899719238,0.0056007402017712593,0.021140806376934052,0.039952702820301056,0.068814434111118317,1.5072773498976626,2
distill:fred-price-return,VIXCLS,TimesFM-laplace-qd,9207,0.012879662863661157,0.00050185481086373329,1.2918259017169476e-05,-0.089349791407585144,-0.054235570132732391,-0.031215066090226173,-0.012344256974756718,0.012956002727150917,0.030750112608075142,0.051657438278198242,0.083348631858825684,1.5064481986132314,2
distill:fred-price-return,VIXCLS,Laplace-q-fixed-bandwidth,9208,0.11663131302644869,0.0025227724831802969,-0.099614391942692601,-0.061117422218663869,-0.036825960009063796,-0.017809016628426141,-0.00067992747861553553,0.016580053440959655,0.036074758164174964,0.061585149348836146,0.10377862033456063,0.22215545218097354,2
distill:fred-price-return,VIXCLS,TimesFM-zero-shot,9208,0.11663131302644869,-0.0058356816880404949,-0.0096828369423747063,-0.081773005425930023,-0.052051305770874023,-0.033490803092718124,-0.019169073551893234,0.0071506141684949398,0.02028699591755867,0.036097276955842972,0.06168380007147789,-0.38252894663544296,2
distill:fred-price-return,VIXCLS,TimesFM-laplace-qd,9208,0.11663131302644869,-0.0015511459205299616,-0.0079468972980976105,-0.088763132691383362,-0.054086867719888687,-0.031570158898830414,-0.01361391507089138,0.010480117984116077,0.02695724181830883,0.045970451086759567,0.075259953737258911,0.00044859474777025898,2
distill:fred-price-return,VIXCLS,Laplace-q-fixed-bandwidth,9209,-0.11724088329829518,-0.001830370627218077,-0.10820503656757401,-0.068580783684889152,-0.043124766966509728,-0.023099435137754053,-0.0050497122129720112,0.013137726133743633,0.033661041753234033,0.060356445010231838,0.10362519475630842,0.37059648113034416,2
distill:fred-price-return,VIXCLS,TimesFM-zero-shot,9209,-0.11724088329829518,-0.0064489701762795448,-0.0088522220030426979,-0.085666954517364502,-0.05509132519364357,-0.035656780004501343,-0.020719900727272034,0.0073130717501044273,0.021143320947885513,0.038118135184049606,0.064562946557998657,-2.0418952305996836,2
distill:fred-price-return,VIXCLS,TimesFM-laplace-qd,9209,-0.11724088329829518,-0.010091092437505722,-0.012523109093308449,-0.096348218619823456,-0.063277877867221832,-0.041295569390058517,-0.023058947175741196,0.0024443420115858316,0.019191265106201172,0.038882724940776825,0.068359889090061188,-1.4049352781688602,2
distill:fred-price-return,VIXCLS,Laplace-q-fixed-bandwidth,9210,0.022906366208907514,0.012297115067388913,-0.097290945961717001,-0.056916432655863998,-0.030575084140239982,-0.0097357513369815615,0.0090728179413132569,0.028023695244488951,0.049373021703471021,0.076957712618870799,0.1209250695254761,1.7056314503365568,2
distill:fred-price-return,VIXCLS,TimesFM-zero-shot,9210,0.022906366208907514,-0.0017017784994095564,-0.0056628584861755371,-0.084814727306365967,-0.052811894565820694,-0.032109908759593964,-0.016443707048892975,0.012589261867105961,0.027334010228514671,0.044962048530578613,0.072927974164485931,1.5503760036017287,2
distill:fred-price-return,VIXCLS,TimesFM-laplace-qd,9210,0.022906366208907514,0.0047602578997612,-0.00057909998577088118,-0.090785861015319824,-0.053664475679397583,-0.028759364038705826,-0.0090414909645915031,0.018377227708697319,0.036792665719985962,0.057940922677516937,0.090361841022968292,1.460405747020241,2
distill:fred-price-return,VIXCLS,Laplace-q-fixed-bandwidth,9211,0.029362062336849348,0.0019426846016303229,-0.10412429530351637,-0.064670799336819226,-0.039271398819641576,-0.019277892384611826,-0.0012545519452375874,0.016906581255003619,0.037397803519772899,0.064032449565042768,0.10710617326513396,1.6045192542889579,2
distill:fred-price-return,VIXCLS,TimesFM-zero-shot,9211,0.029362062336849348,-0.0032223777379840612,-0.0033392123878002167,-0.079002752900123596,-0.050336625427007675,-0.031663309782743454,-0.017311114817857742,0.010712566785514355,0.0250367671251297,0.042471077293157578,0.0705217644572258,1.5190253293419351,2
distill:fred-price-return,VIXCLS,TimesFM-laplace-qd,9211,0.029362062336849348,0.00053158379159867764,-0.001222668681293726,-0.084702633321285248,-0.051836390048265457,-0.029511772096157074,-0.011448847129940987,0.012621449306607246,0.029362741857767105,0.048821717500686646,0.079362951219081879,1.5087898543679861,2
distill:fred-price-return,VIXCLS,Laplace-q-fixed-bandwidth,9212,0.12035175014355959,0.0018080703185093274,-0.10145210878605174,-0.062801836234687547,-0.038148799715739784,-0.018796838687389149,-0.0013601269299008461,0.016210438032885681,0.036048358421100837,0.06192309978998424,0.10420371958385752,0.17582456402466795,2
distill:fred-price-return,VIXCLS,TimesFM-zero-shot,9212,0.12035175014355959,-0.0014489757595583797,-0.0068369321525096893,-0.079742826521396637,-0.049506794661283493,-0.030308665707707405,-0.015357058495283127,0.011776784434914589,0.025109432637691498,0.041215214878320694,0.066326901316642761,-0.34398701554965511,2
distill:fred-price-return,VIXCLS,TimesFM-laplace-qd,9212,0.12035175014355959,-0.00031537894392386079,-0.010076952166855335,-0.089649096131324768,-0.054658193141222,-0.031464196741580963,-0.012459589168429375,0.010986132547259331,0.02686484158039093,0.045232802629470825,0.072521306574344635,-0.14252887025913669,2
distill:fred-price-return,VIXCLS,Laplace-q-fixed-bandwidth,9213,-0.045128328905972293,-0.0030363702300446717,-0.11067468423062801,-0.070896259225044764,-0.045051262501207681,-0.024640233475070897,-0.0062265404348793929,0.012327557409275956,0.033243077672332179,0.06032481711815274,0.10368789462743315,1.5300270035808701,2
distill:fred-price-return,VIXCLS,TimesFM-zero-shot,9213,-0.045128328905972293,0.001328223617747426,0.00046496911090798676,-0.071727827191352844,-0.043581627309322357,-0.025876391679048538,-0.012092658318579197,0.014653120189905167,0.028656929731369019,0.045805890113115311,0.073017105460166931,1.7580630480510218,2
distill:fred-price-return,VIXCLS,TimesFM-laplace-qd,9213,-0.045128328905972293,-0.011147410608828068,-0.011384938843548298,-0.097935512661933899,-0.064415924251079559,-0.042360220104455948,-0.02429736964404583,0.0019799096044152975,0.020304469391703606,0.041520964354276657,0.074056744575500488,1.6953949966986057,2
distill:fred-price-return,VIXCLS,Laplace-q-fixed-bandwidth,9214,0.013859496899921275,0.0080447567442738198,-0.097167213525761853,-0.058079181724793802,-0.032872681854040464,-0.013018311157230275,0.0048830315059848264,0.022921598458104906,0.043271222413382382,0.06970446238871944,0.11237995983826868,1.7727209280401737,2
distill:fred-price-return,VIXCLS,TimesFM-zero-shot,9214,0.013859496899921275,-0.0060260975733399391,-0.0056393332779407501,-0.080567233264446259,-0.052329894155263901,-0.034138645976781845,-0.019876955077052116,0.0078746918588876724,0.022061271592974663,0.039791308343410492,0.067622482776641846,1.5686182278153153,2
distill:fred-price-return,VIXCLS,TimesFM-laplace-qd,9214,0.013859496899921275,-0.014593984931707382,-0.012507456354796886,-0.096073150634765625,-0.064715318381786346,-0.043935086578130722,-0.026775499805808067,-0.0024743261747062206,0.015172800980508327,0.036145180463790894,0.068108588457107544,1.4561595986009408,2
distill:fred-price-return,VIXCLS,Laplace-q-fixed-bandwidth,9215,-0.025738686268431898,0.0037000222719927767,-0.097831457469214234,-0.059748664708008166,-0.035534128683546336,-0.016543451947855441,0.00056569546927181104,0.017806801222774796,0.037277393989451894,0.062703882783095521,0.10440522697062932,1.7114075403231215,2
distill:fred-price-return,VIXCLS,TimesFM-zero-shot,9215,-0.025738686268431898,-0.0011966071324422956,-0.0016686945455148816,-0.072452045977115631,-0.045102719217538834,-0.028138630092144012,-0.014451346360146999,0.011972373351454735,0.025455724447965622,0.042274285107851028,0.068746753036975861,1.8215819899939452,2
distill:fred-price-return,VIXCLS,TimesFM-laplace-qd,9215,-0.025738686268431898,-0.0051945522427558899,-0.0050267912447452545,-0.083119742572307587,-0.052995096892118454,-0.033109813928604126,-0.016545750200748444,0.006380411796271801,0.022902455180883408,0.042575165629386902,0.072336331009864807,1.6737426747826796,2
distill:fred-price-return,VIXCLS,Laplace-q-fixed-bandwidth,9216,-0.042158211865680695,0.0062527755250819652,-0.092126556915119534,-0.054977512166183004,-0.031606974926942269,-0.013322293789452686,0.0031479856909460251,0.019745411459146944,0.038494972107831885,0.063057145363242625,0.10383982748895855,1.4810033812200014,2
distill:fred-price-return,VIXCLS,TimesFM-zero-shot,9216,-0.042158211865680695,0.0013059865450486541,-0.00042192020919173956,-0.065763875842094421,-0.039603907614946365,-0.023524923250079155,-0.01070875022560358,0.01316435169428587,0.025082176551222801,0.03989589586853981,0.063632078468799591,1.793535252720756,2
distill:fred-price-return,VIXCLS,TimesFM-laplace-qd,9216,-0.042158211865680695,0.0016035113949328661,0.00017050979658961296,-0.076229751110076904,-0.046146173030138016,-0.026326969265937805,-0.0094980942085385323,0.012378890998661518,0.027495868504047394,0.045595299452543259,0.073121875524520874,1.7760972471884995,2
distill:fred-price-return,VIXCLS,Laplace-q-fixed-bandwidth,9217,-0.070410306167924652,0.0068811618008102404,-0.089722514308291215,-0.053166471185384867,-0.030253734085694078,-0.012335796167472102,0.0038061884434307607,0.020072710443863943,0.03844678236231848,0.062535154157617998,0.10271022583586747,0.95152482671728045,2
distill:fred-price-return,VIXCLS,TimesFM-zero-shot,9217,-0.070410306167924652,-0.0068069291301071644,-0.0085843959823250771,-0.070160984992980957,-0.04554932564496994,-0.030589159578084946,-0.018370885401964188,0.0047741523012518883,0.016728363931179047,0.031623363494873047,0.055259130895137787,0.15700674826856775,2
distill:fred-price-return,VIXCLS,TimesFM-laplace-qd,9217,-0.070410306167924652,-0.0050594569183886051,-0.0098510244861245155,-0.076223686337471008,-0.048632413148880005,-0.030211444944143295,-0.014901834540069103,0.0044593727216124535,0.018636517226696014,0.035169258713722229,0.060586079955101013,0.60555508417721149,2
distill:fred-price-return,VIXCLS,Laplace-q-fixed-bandwidth,9218,0.0084746269909721228,0.0077505449927597458,-0.089691536033391889,-0.052984482435855691,-0.029810229579926524,-0.011658756092390362,0.0046958813566388025,0.021176874881506449,0.039789580555505653,0.064141113835824368,0.10441853023144494,1.87566816512556,2
distill:fred-price-return,VIXCLS,TimesFM-zero-shot,9218,0.0084746269909721228,-0.005201379768550396,-0.0061579803004860878,-0.074417859315872192,-0.0477161705493927,-0.030906748026609421,-0.017804477363824844,0.0073601710610091686,0.020140692591667175,0.035726983100175858,0.060417741537094116,1.6904783688571172,2
distill:fred-price-return,VIXCLS,TimesFM-laplace-qd,9218,0.0084746269909721228,0.0024081207811832428,-0.00027834356296807528,-0.074212267994880676,-0.044250138103961945,-0.024414557963609695,-0.0083731617778539658,0.013207851909101009,0.028329582884907722,0.046042196452617645,0.073109932243824005,1.6714879834610297,2
distill:fred-price-return,VIXCLS,Laplace-q-fixed-bandwidth,9219,-0.026880054533687581,0.0027346115143579925,-0.090903246856759226,-0.055345450413075967,-0.033195491857823514,-0.015886924610998755,-0.00029044351723299627,0.015426292932985759,0.033176544940967848,0.056475107972287636,0.095627456913923783,1.7732114893825524,2
distill:fred-price-return,VIXCLS,TimesFM-zero-shot,9219,-0.026880054533687581,-0.005189347080886364,-0.004121085163205862,-0.070798948407173157,-0.045431122183799744,-0.030014760792255402,-0.017554769292473793,0.0069429753348231316,0.01941397599875927,0.035335354506969452,0.060526438057422638,1.9032838423195881,2
distill:fred-price-return,VIXCLS,TimesFM-laplace-qd,9219,-0.026880054533687581,-0.0064934301190078259,-0.0042452714405953884,-0.075831755995750427,-0.048931412398815155,-0.031336542218923569,-0.016597695648670197,0.0036780098453164101,0.01848282665014267,0.03630930557847023,0.063664600253105164,1.8383490147310462,2
distill:fred-price-return,VIXCLS,Laplace-q-fixed-bandwidth,9220,-0.021277398447284934,0.0046810890854510363,-0.085939731829920374,-0.051371070647680879,-0.030018831231092676,-0.013344245104116192,0.0016877645130944203,0.016835142431951056,0.033934954429443005,0.056406365251181034,0.094569033280651221,1.8408343565741105,2
distill:fred-price-return,VIXCLS,TimesFM-zero-shot,9220,-0.021277398447284934,-0.0046478323638439178,-0.0041818129830062389,-0.067008227109909058,-0.042944740504026413,-0.028201621025800705,-0.016262967139482498,0.0069813113659620285,0.018640350550413132,0.033246606588363647,0.057369168847799301,1.8488296595143854,2
distill:fred-price-return,VIXCLS,TimesFM-laplace-qd,9220,-0.021277398447284934,0.0015165847726166248,0.0021261733490973711,-0.065581366419792175,-0.039601456373929977,-0.022392543032765388,-0.0081230476498603821,0.011015533469617367,0.024954779073596001,0.041347164660692215,0.067052997648715973,1.9154664766608949,2
distill:fred-price-return,VIXCLS,Laplace-q-fixed-bandwidth,9221,-0.015296665375473584,0.0040276271612758943,-0.083401817303619924,-0.04992348226482779,-0.029408978912705677,-0.01338699112704209,0.0010675008981361244,0.015632107497051281,0.032061179622360318,0.053659425268083753,0.090723089895256792,1.9377863137044091,2
distill:fred-price-return,VIXCLS,TimesFM-zero-shot,9221,-0.015296665375473584,-0.0069533893838524818,-0.0073831765912473202,-0.074718095362186432,-0.048408035188913345,-0.032495636492967606,-0.019424419850111008,0.0053107962012290955,0.017538178712129593,0.032878130674362183,0.057245150208473206,1.6856244813507719,2
distill:fred-price-return,VIXCLS,TimesFM-laplace-qd,9221,-0.015296665375473584,-0.0025114077143371105,-0.0042404620908200741,-0.073725990951061249,-0.04584323987364769,-0.027722787111997604,-0.012625414878129959,0.0074829570949077606,0.021549703553318977,0.038251142948865891,0.063873536884784698,1.7333159746610278,2
distill:fred-price-return,VIXCLS,Laplace-q-fixed-bandwidth,9222,0.035334906291210277,0.0034628834931469585,-0.080483081485257665,-0.048248699944238971,-0.028639243974275863,-0.01330838898018176,0.00053804723608609354,0.014488806455597622,0.030206277533143235,0.050856082564596089,0.086653513438953708,1.6721142701377643,2
distill:fred-price-return,VIXCLS,TimesFM-zero-shot,9222,0.035334906291210277,-0.0096394577994942665,-0.0076864482834935188,-0.068335525691509247,-0.045621152967214584,-0.031768742948770523,-0.020640470087528229,0.0016306713223457336,0.012982351705431938,0.027377516031265259,0.051365185528993607,1.4623975978881119,2
distill:fred-price-return,VIXCLS,TimesFM-laplace-qd,9222,0.035334906291210277,-0.0096644517034292221,-0.0075629479251801968,-0.070424608886241913,-0.046626858413219452,-0.031078623607754707,-0.018216894939541817,-0.0011129255872219801,0.011804105713963509,0.027109593152999878,0.051302190870046616,1.4144887744875898,2
distill:fred-price-return,VIXCLS,Laplace-q-fixed-bandwidth,9223,0.046632729791910243,0.00082312474967659072,-0.081155237863375529,-0.049665864636709661,-0.030548915347098853,-0.015588832649904617,-0.0020684578120832176,0.011553216740808822,0.026888929934395504,0.047020283737757726,0.082036036689796143,1.3784989759116519,2
distill:fred-price-return,VIXCLS,TimesFM-zero-shot,9223,0.046632729791910243,-0.0048148073256015778,-0.005327160470187664,-0.072747968137264252,-0.046462010592222214,-0.030363315716385841,-0.017356120049953461,0.0074798534624278545,0.01991848461329937,0.035460751503705978,0.060151774436235428,1.3624726480875411,2
distill:fred-price-return,VIXCLS,TimesFM-laplace-qd,9223,0.046632729791910243,-0.0064119710586965084,-0.0073142834007740021,-0.075812354683876038,-0.04840581864118576,-0.030672168359160423,-0.016160516068339348,0.0033437763340771198,0.017476888373494148,0.033963914960622787,0.059361305087804794,1.2870238590578054,2
distill:fred-price-return,VIXCLS,Laplace-q-fixed-bandwidth,9224,-0.064775235542748,0.00076434681085038884,-0.08067610528063214,-0.04941092531069434,-0.030410542167342187,-0.015539568442490739,-0.0020996907684045509,0.01144103130896388,0.026685829274260046,0.046694603822742847,0.08145458219008557,1.1076913993930813,2
distill:fred-price-return,VIXCLS,TimesFM-zero-shot,9224,-0.064775235542748,-0.0065484326332807541,-0.0053936513140797615,-0.074197940528392792,-0.048650007694959641,-0.032718919217586517,-0.019541285932064056,0.0063124047592282295,0.019600354135036469,0.036421850323677063,0.063135050237178802,0.72956544752746022,2
distill:fred-price-return,VIXCLS,TimesFM-laplace-qd,9224,-0.064775235542748,-0.01313155610114336,-0.011651652865111828,-0.082648791372776031,-0.055730216205120087,-0.038331091403961182,-0.023411767557263374,-0.0030615308787673712,0.011630927212536335,0.029642017558217049,0.057050343602895737,1.3591834202945634,2
distill:fred-price-return,VIXCLS,Laplace-q-fixed-bandwidth,9225,-0.052490182621396375,0.0067708559643966226,-0.075390700275735814,-0.043891521817346596,-0.024678309828187972,-0.0096488186690209289,0.0039268489683624095,0.017605149171646017,0.033014650080072525,0.053247610174772309,0.088216937505866636,1.2562660371035967,2
distill:fred-price-return,VIXCLS,TimesFM-zero-shot,9225,-0.052490182621396375,-0.0024504954926669598,-0.00080844393232837319,-0.070992946624755859,-0.044808808714151382,-0.028700504451990128,-0.015519955195486546,0.010385950095951557,0.02340390533208847,0.039791811257600784,0.066410303115844727,1.4272461283843094,2
distill:fred-price-return,VIXCLS,TimesFM-laplace-qd,9225,-0.052490182621396375,4.529583384282887e-05,0.0031400900334119797,-0.070153169333934784,-0.042716342955827713,-0.025134474039077759,-0.010390064679086208,0.01037979032844305,0.025097161531448364,0.042696438729763031,0.07031780481338501,1.2763226123396243,2
distill:fred-price-return,VIXCLS,Laplace-q-fixed-bandwidth,9226,0.1325328902949332,0.0050617943558812703,-0.077154598822708809,-0.045671778024630502,-0.026418756538948013,-0.011358713301980371,0.0022416010402375539,0.015945140389836111,0.031387059682826873,0.051661344298673847,0.0865839426532857,-0.20659733677077952,2
distill:fred-price-return,VIXCLS,TimesFM-zero-shot,9226,0.1325328902949332,-0.0080503933131694794,-0.0042000715620815754,-0.076788060367107391,-0.051058955490589142,-0.034591227769851685,-0.021241215988993645,0.0057355999015271664,0.020056555047631264,0.037698883563280106,0.066280446946620941,-0.64192316653625692,2
distill:fred-price-return,VIXCLS,TimesFM-laplace-qd,9226,0.1325328902949332,-0.0045587499625980854,0.0020931253675371408,-0.064635172486305237,-0.041748329997062683,-0.026390122249722481,-0.013349123299121857,0.0047590783797204494,0.018955681473016739,0.035933699458837509,0.062789343297481537,-0.80559806324024308,2
distill:fred-price-return,VIXCLS,Laplace-q-fixed-bandwidth,9227,-0.039220713153281572,-0.0050296334633281679,-0.093932914750448987,-0.060166354363150473,-0.039155563435628038,-0.022726535560795971,-0.0079149091365054245,0.0070115480986584957,0.02386261065327433,0.045974146993749951,0.08321022269857567,1.7424127206663655,2
distill:fred-price-return,VIXCLS,TimesFM-zero-shot,9227,-0.039220713153281572,-0.0040061492472887039,-0.0013048459077253938,-0.080868646502494812,-0.052385695278644562,-0.034041181206703186,-0.018881918862462044,0.010729561559855938,0.025631794705986977,0.044789176434278488,0.075764700770378113,1.9787557383525911,2
distill:fred-price-return,VIXCLS,TimesFM-laplace-qd,9227,-0.039220713153281572,-0.0098236240446567535,-0.0049779266119003296,-0.087401643395423889,-0.058203134685754776,-0.038533024489879608,-0.022023465484380722,0.0019745244644582272,0.018752861768007278,0.039166003465652466,0.071334414184093475,1.8649359636059633,2
distill:fred-price-return,VIXCLS,Laplace-q-fixed-bandwidth,9228,-0.051612324538605314,0.0062340191099960448,-0.080189213268321916,-0.047256005740191925,-0.026894108811890402,-0.010977114264200828,0.0033791244657042979,0.017846204939471921,0.034171640247032606,0.055608674686683207,0.092002208250303821,1.3030664267204208,2
distill:fred-price-return,VIXCLS,TimesFM-zero-shot,9228,-0.051612324538605314,-0.010133489035069942,-0.0065677165985107422,-0.080700725317001343,-0.054582621902227402,-0.037652801722288132,-0.023979373276233673,0.0039493865333497524,0.018171865493059158,0.036297719925642014,0.066318102180957794,2.0096428164784106,2
distill:fred-price-return,VIXCLS,TimesFM-laplace-qd,9228,-0.051612324538605314,-0.0086970021948218346,-0.0017102586571127176,-0.079692058265209198,-0.053155809640884399,-0.035190053284168243,-0.020062413066625595,0.0027061519213020802,0.018666442483663559,0.038326218724250793,0.069615386426448822,1.9098403140978881,2
distill:fred-price-return,VIXCLS,Laplace-q-fixed-bandwidth,9229,0.065455458630803154,0.0063726140425773249,-0.079734487285933034,-0.04696354385909024,-0.026658325118747793,-0.010779407570450749,0.0035428354792420751,0.017975818349122347,0.03426245523153594,0.055638081000315448,0.091835867408413749,1.1023639162925427,2
distill:fred-price-return,VIXCLS,TimesFM-zero-shot,9229,0.065455458630803154,-0.0067188018001616001,-0.0035368194803595543,-0.077461101114749908,-0.051054377108812332,-0.03411831334233284,-0.020325368270277977,0.0070532090030610561,0.021282700821757317,0.039214350283145905,0.06870819628238678,0.95932252238848492,2
distill:fred-price-return,VIXCLS,TimesFM-laplace-qd,9229,0.065455458630803154,-0.0077927792444825172,-0.0036689783446490765,-0.074691832065582275,-0.049086324870586395,-0.031979594379663467,-0.017628693953156471,0.0023339982144534588,0.017342070117592812,0.03557116910815239,0.064536571502685547,0.8414583784603773,2
distill:fred-price-return,VIXCLS,Laplace-q-fixed-bandwidth,9230,0.11505633559968498,-0.0011978527672139065,-0.087852824717057493,-0.054972724613499981,-0.034490429470807146,-0.0184622111285625,-0.0040070758571785891,0.010560217811186434,0.027000473380279562,0.048556787728736325,0.084824311922278461,0.050777103191737449,2
distill:fred-price-return,VIXCLS,TimesFM-zero-shot,9230,0.11505633559968498,-0.0088825905695557594,-0.0066377320326864719,-0.081786498427391052,-0.055089540779590607,-0.037694644182920456,-0.023129498586058617,0.0055206101387739182,0.020260399207472801,0.038766343146562576,0.068183891475200653,-0.12746758291894678,2
distill:fred-price-return,VIXCLS,TimesFM-laplace-qd,9230,0.11505633559968498,-0.015086968429386616,-0.0088270409032702446,-0.083481401205062866,-0.057976424694061279,-0.040740277618169785,-0.025802761316299438,-0.0045499983243644238,0.011000918224453926,0.030209189280867577,0.059774477034807205,-0.34874108663313713,2
distill:fred-price-return,VIXCLS,Laplace-q-fixed-bandwidth,9231,-0.0064137045085930211,-0.0019674615029258644,-0.093935362757994981,-0.059442252952176894,-0.037529347247194658,-0.020326680551417634,-0.0048159240675684821,0.010816077002534726,0.028460145594804455,0.051492284021349283,0.089349382969351784,1.934922144051372,2
distill:fred-price-return,VIXCLS,TimesFM-zero-shot,9231,-0.0064137045085930211,-0.011149322614073753,-0.0090731112286448479,-0.093887694180011749,-0.063300982117652893,-0.043382182717323303,-0.027036039158701897,0.0051634148694574833,0.02193186990916729,0.042745001614093781,0.075411908328533173,1.4169843201986005,2
distill:fred-price-return,VIXCLS,TimesFM-laplace-qd,9231,-0.0064137045085930211,-0.023513734340667725,-0.019940592348575592,-0.10434702038764954,-0.073685206472873688,-0.053090393543243408,-0.03600248321890831,-0.010784843005239964,0.0071886340156197548,0.028795519843697548,0.061758622527122498,1.4795681372229965,2
distill:fred-price-return,VIXCLS,Laplace-q-fixed-bandwidth,9232,-0.089695942360298986,0.0049918797151206791,-0.08341425440317278,-0.049978278200449394,-0.029024466639412244,-0.012619656073519909,0.002170492819987642,0.017076192536536514,0.033904424316892876,0.055952422817914141,0.092776739520581228,0.56335274403527524,2
distill:fred-price-return,VIXCLS,TimesFM-zero-shot,9232,-0.089695942360298986,-0.005735115148127079,-0.0020858827047049999,-0.077704958617687225,-0.050823558121919632,-0.033630449324846268,-0.019643565639853477,0.0082912184298038483,0.022921476513147354,0.041088514029979706,0.070872917771339417,-0.694135281120703,2
distill:fred-price-return,VIXCLS,TimesFM-laplace-qd,9232,-0.089695942360298986,-0.013679338619112968,-0.007684716023504734,-0.085267387330532074,-0.05786190927028656,-0.039787627756595612,-0.024680452421307564,-0.0025255694054067135,0.013840502128005028,0.033332392573356628,0.063838325440883636,-0.35175520960528694,2
distill:fred-price-return,VIXCLS,Laplace-q-fixed-bandwidth,9233,-0.024340768336462926,0.008832045223383678,-0.082382284335884196,-0.048185024733280693,-0.026446168716851869,-0.0093782245613144681,0.0060111907640678112,0.021521225317589536,0.039028181220023217,0.061879281841854927,0.099413919879069015,1.7366470765864537,2
distill:fred-price-return,VIXCLS,TimesFM-zero-shot,9233,-0.024340768336462926,-0.0027475019451230764,0.003091311315074563,-0.07631867378950119,-0.048922508955001831,-0.031473185867071152,-0.017122302204370499,0.011855578050017357,0.026973893865942955,0.046212509274482727,0.076774843037128448,1.6962786030743113,2
distill:fred-price-return,VIXCLS,TimesFM-laplace-qd,9233,-0.024340768336462926,0.0011102729476988316,0.0095326928421854973,-0.072630226612091064,-0.04485904797911644,-0.026162654161453247,-0.010526027530431747,0.012666345573961735,0.029451858252286911,0.050267882645130157,0.081974729895591736,1.8973756166037692,2
distill:fred-price-return,VIXCLS,Laplace-q-fixed-bandwidth,9234,0.11671408846747822,0.0046856207209207794,-0.084063127438323226,-0.050622045905297293,-0.029536690478326272,-0.013009336408295349,0.0018920010683351513,0.01691014489926821,0.033864343332891442,0.056043703950553685,0.092825463848680984,0.15009843363995856,2
distill:fred-price-return,VIXCLS,TimesFM-zero-shot,9234,0.11671408846747822,-0.0054568010382354259,-0.00028227019356563687,-0.075872406363487244,-0.049580607563257217,-0.032779976725578308,-0.018943758681416512,0.0084583675488829613,0.022671910002827644,0.040734462440013885,0.069413632154464722,-0.14649868274154487,2
distill:fred-price-return,VIXCLS,TimesFM-laplace-qd,9234,0.11671408846747822,-0.00029124558204784989,0.0079559441655874252,-0.068351596593856812,-0.04259810596704483,-0.025547116994857788,-0.010747608728706837,0.0099370013922452927,0.025520496070384979,0.04503655806183815,0.074662767350673676,-0.04697405665523785,2
distill:garch-returns,synthetic-garch-returns-5,Laplace-q-fixed-bandwidth,704,-0.21640718007712498,-0.61034635641839452,-2.3227080794429047,-1.638894584978339,-1.2145620391879997,-0.89658779440107661,-0.61759803108921862,-0.33820461734448315,-0.018743035555446205,0.40926074034283438,1.1025424896930083,-1.0915671374633538,2
distill:garch-returns,synthetic-garch-returns-5,TimesFM-zero-shot,704,-0.21640718007712498,-0.50391125679016113,-0.43029952049255371,-2.0801959037780762,-1.4925276041030884,-1.1222537755966187,-0.80649441480636597,-0.18729031085968018,0.1426081657409668,0.55825942754745483,1.2137103080749512,-1.5690316909945663,2
distill:garch-returns,synthetic-garch-returns-5,TimesFM-laplace-qd,704,-0.21640718007712498,-0.4735492467880249,-0.33998191356658936,-2.050600528717041,-1.4589664936065674,-1.0535647869110107,-0.68929523229598999,-0.25616079568862915,0.11853551864624023,0.56988799571990967,1.2396700382232666,-1.4795344459306763,2
distill:garch-returns,synthetic-garch-returns-5,Laplace-q-fixed-bandwidth,705,0.6586855395587079,-0.54839793288986549,-2.207255235454876,-1.534835760736609,-1.1262744542082572,-0.82221365656846879,-0.55559358687660532,-0.28858907726758981,0.016904623365178471,0.42912330206638588,1.1111627806108784,-1.8855803157445223,2
distill:garch-returns,synthetic-garch-returns-5,TimesFM-zero-shot,705,0.6586855395587079,-0.46020922064781189,-0.36841830611228943,-1.9943777322769165,-1.4336951971054077,-1.0695621967315674,-0.76169306039810181,-0.15157340466976166,0.1683073490858078,0.57421046495437622,1.228284478187561,-1.7804654383812593,2
distill:garch-returns,synthetic-garch-returns-5,TimesFM-laplace-qd,705,0.6586855395587079,-0.49313175678253174,-0.30037796497344971,-2.000145435333252,-1.4447243213653564,-1.055656909942627,-0.70554941892623901,-0.28713011741638184,0.073867321014404297,0.51711940765380859,1.1860634088516235,-1.8823821157698699,2
distill:garch-returns,synthetic-garch-returns-5,Laplace-q-fixed-bandwidth,706,1.0287601546385614,-0.37318517421677283,-2.0476720570769142,-1.3758385160921822,-0.96163691113533134,-0.65195592222788723,-0.38030599692724071,-0.10826528397898086,0.2028611033161189,0.62066858953565007,1.3018493210220878,-2.0856968927773392,2
distill:garch-returns,synthetic-garch-returns-5,TimesFM-zero-shot,706,1.0287601546385614,-0.27544507384300232,-0.20592513680458069,-1.888452410697937,-1.3089542388916016,-0.92497742176055908,-0.59920006990432739,0.041242927312850952,0.37047910690307617,0.78447675704956055,1.44921875,-1.8939632718549499,2
distill:garch-returns,synthetic-garch-returns-5,TimesFM-laplace-qd,706,1.0287601546385614,-0.35847896337509155,-0.23011752963066101,-1.9151121377944946,-1.3467937707901001,-0.93965387344360352,-0.57894903421401978,-0.15273712575435638,0.20922830700874329,0.65131813287734985,1.3130409717559814,-2.0484209563257534,2
distill:garch-returns,synthetic-garch-returns-5,Laplace-q-fixed-bandwidth,707,1.8419895284766701,-0.19560661401486537,-1.899676643694781,-1.2259009494356339,-0.80224227642776225,-0.48301525828097225,-0.20266401302537196,0.078087877740013661,0.39877873145439735,0.82597394191154316,1.508806042001424,-2.6629914544792097,2
distill:garch-returns,synthetic-garch-returns-5,TimesFM-zero-shot,707,1.8419895284766701,-0.20929419994354248,-0.14756819605827332,-1.8233613967895508,-1.2373380661010742,-0.85339647531509399,-0.53010451793670654,0.11012256145477295,0.44062286615371704,0.85464227199554443,1.531598687171936,-2.5193127754064406,2
distill:garch-returns,synthetic-garch-returns-5,TimesFM-laplace-qd,707,1.8419895284766701,-0.32113084197044373,-0.20648092031478882,-1.9004474878311157,-1.3181577920913696,-0.9090268611907959,-0.54438048601150513,-0.10599415004253387,0.2616192102432251,0.70993137359619141,1.389944314956665,-2.7098253022105503,2
distill:garch-returns,synthetic-garch-returns-5,Laplace-q-fixed-bandwidth,708,1.6454308029752562,0.057321971635032172,-1.7197838461034838,-1.0331078467052279,-0.58889939321152263,-0.24915899772088546,0.050244740314024941,0.35006743013764618,0.69130524794293502,1.1389648967478698,1.8344708960476201,-2.2010428994873976,2
distill:garch-returns,synthetic-garch-returns-5,TimesFM-zero-shot,708,1.6454308029752562,-0.021339552477002144,0.031875982880592346,-1.7606831789016724,-1.1281189918518066,-0.71156120300292969,-0.36548256874084473,0.32680073380470276,0.69056051969528198,1.1420811414718628,1.8612582683563232,-2.135415249997485,2
distill:garch-returns,synthetic-garch-returns-5,TimesFM-laplace-qd,708,1.6454308029752562,-0.20605939626693726,-0.10026406496763229,-1.9008480310440063,-1.272222638130188,-0.83169704675674438,-0.44687113165855408,0.034448441118001938,0.44099611043930054,0.9260292649269104,1.6516343355178833,-2.3683960771182542,2
distill:garch-returns,synthetic-garch-returns-5,Laplace-q-fixed-bandwidth,709,1.4173134411548889,0.26107157688699806,-1.5482715624162438,-0.85901990192431188,-0.40595103945571404,-0.055672807681318062,0.2540412487521459,0.56417850854955098,0.9159469750508189,1.3723652291264907,2.0702696934605713,-1.7612442354213194,2
distill:garch-returns,synthetic-garch-returns-5,TimesFM-zero-shot,709,1.4173134411548889,0.23713743686676025,0.27560883760452271,-1.5271575450897217,-0.88859611749649048,-0.46279430389404297,-0.11167425662279129,0.59208172559738159,0.96471893787384033,1.4177433252334595,2.1389210224151611,-1.8514029282852484,2
distill:garch-returns,synthetic-garch-returns-5,TimesFM-laplace-qd,709,1.4173134411548889,0.10509473085403442,0.17543365061283112,-1.6310278177261353,-0.99192351102828979,-0.53802031278610229,-0.14154745638370514,0.36035555601119995,0.78326535224914551,1.2791571617126465,2.0203957557678223,-1.980273232768581,2
distill:garch-returns,synthetic-garch-returns-5,Laplace-q-fixed-bandwidth,710,-0.47906437214661229,0.42102556482896314,-1.3879354065776861,-0.70221749027024627,-0.24909490624541053,0.10263445235016766,0.41406507339515641,0.72591601237072823,1.079117665728458,1.5355244117252036,2.2297690781735735,-1.5025774970715555,2
distill:garch-returns,synthetic-garch-returns-5,TimesFM-zero-shot,710,-0.47906437214661229,0.43620118498802185,0.40434944629669189,-1.3396155834197998,-0.68312937021255493,-0.26109769940376282,0.094312377274036407,0.78109866380691528,1.1324259042739868,1.564597487449646,2.2387187480926514,-1.2144812933163052,2
distill:garch-returns,synthetic-garch-returns-5,TimesFM-laplace-qd,710,-0.47906437214661229,0.42426049709320068,0.39703208208084106,-1.3074777126312256,-0.65407019853591919,-0.20420274138450623,0.18904142081737518,0.66673523187637329,1.0595405101776123,1.5209150314331055,2.1967020034790039,-1.2770905855316697,2
distill:garch-returns,synthetic-garch-returns-5,Laplace-q-fixed-bandwidth,711,-1.269304689965864,0.25881831511786552,-1.5316942058599556,-0.85194488556479198,-0.4034883905355604,-0.05580155667016231,0.25192522162641917,0.5600672202971424,0.90921092707302686,1.3609251738247403,2.0491185429922467,-2.1008482447123296,2
distill:garch-returns,synthetic-garch-returns-5,TimesFM-zero-shot,711,-1.269304689965864,-0.013723347336053848,0.0074752857908606529,-1.7083649635314941,-1.085369348526001,-0.68190693855285645,-0.33710116147994995,0.3260328471660614,0.67068850994110107,1.1085958480834961,1.7935540676116943,-1.7968970624483258,2
distill:garch-returns,synthetic-garch-returns-5,TimesFM-laplace-qd,711,-1.269304689965864,-0.064056023955345154,-0.01157342828810215,-1.7203353643417358,-1.0989106893539429,-0.66780555248260498,-0.28357526659965515,0.16260668635368347,0.54467833042144775,1.0147461891174316,1.6986535787582397,-1.7335665232161404,2
distill:garch-returns,synthetic-garch-returns-5,Laplace-q-fixed-bandwidth,712,-2.3231418051799397,0.037947599324798013,-1.7758981600797383,-1.0949732307651459,-0.64050477872582112,-0.28481094049948669,0.031102367046660875,0.34743034667028294,0.70456166265252573,1.1621950346839169,1.8514359302080892,-2.8197456781586703,2
distill:garch-returns,synthetic-garch-returns-5,TimesFM-zero-shot,712,-2.3231418051799397,-0.21114690601825714,-0.19090904295444489,-1.8992660045623779,-1.2726483345031738,-0.87378835678100586,-0.5384451150894165,0.12446539103984833,0.46820324659347534,0.89478510618209839,1.5602270364761353,-4.1478244581578059,2
distill:garch-returns,synthetic-garch-returns-5,TimesFM-laplace-qd,712,-2.3231418051799397,-0.16063825786113739,-0.10487754642963409,-1.830694317817688,-1.1955056190490723,-0.76216691732406616,-0.38330936431884766,0.065691262483596802,0.45006644725799561,0.90209108591079712,1.5696802139282227,-4.6313356006876454,2
distill:garch-returns,synthetic-garch-returns-5,Laplace-q-fixed-bandwidth,713,-0.34985836650023361,-0.26044295979561938,-2.1519369830908373,-1.4535946860942173,-0.98001872157022585,-0.60372981074125276,-0.26737637299745382,0.069395866990844796,0.44711164527155539,0.92378111700715149,1.6304754401123791,-1.1394722000293063,2
distill:garch-returns,synthetic-garch-returns-5,TimesFM-zero-shot,713,-0.34985836650023361,-0.71597540378570557,-0.67602574825286865,-2.4730970859527588,-1.8236218690872192,-1.4010062217712402,-1.051449179649353,-0.36537587642669678,-0.012797185219824314,0.42724272608757019,1.1131815910339355,-1.6431619728056674,2
distill:garch-returns,synthetic-garch-returns-5,TimesFM-laplace-qd,713,-0.34985836650023361,-0.61978209018707275,-0.55330848693847656,-2.4258136749267578,-1.7464625835418701,-1.2778987884521484,-0.87221324443817139,-0.36259368062019348,0.036603827029466629,0.51636922359466553,1.2288053035736084,-1.5725719832103249,2
distill:garch-returns,synthetic-garch-returns-5,Laplace-q-fixed-bandwidth,714,0.66387899154000829,-0.1899398599942283,-2.0325390927174172,-1.3428881877492782,-0.88118819441271534,-0.51891117600981684,-0.19683347450407868,0.1256614929082715,0.48938037664116862,0.95424316275208521,1.6522340257315298,-1.484217518186348,2
distill:garch-returns,synthetic-garch-returns-5,TimesFM-zero-shot,714,0.66387899154000829,-0.3625672459602356,-0.29148009419441223,-2.0093204975128174,-1.3944697380065918,-1.0078252553939819,-0.67972844839096069,-0.037734117358922958,0.29562577605247498,0.71199887990951538,1.3567827939987183,-1.7298917263682587,2
distill:garch-returns,synthetic-garch-returns-5,TimesFM-laplace-qd,714,0.66387899154000829,-0.36590570211410522,-0.23134484887123108,-1.99610435962677,-1.3762032985687256,-0.9610903263092041,-0.59192788600921631,-0.14135719835758209,0.24122481048107147,0.69863879680633545,1.3683351278305054,-1.7910981143181486,2
distill:garch-returns,synthetic-garch-returns-5,Laplace-q-fixed-bandwidth,715,-1.3373651218518883,-0.060719588371123373,-1.8826628042410825,-1.1991900484490099,-0.74265739945240083,-0.38514453028580664,-0.067548183337469023,0.25046075618450903,0.60940289714774187,1.069079474787773,1.7608140354477668,-1.8430281308800414,2
distill:garch-returns,synthetic-garch-returns-5,TimesFM-zero-shot,715,-1.3373651218518883,0.10681424289941788,0.13286429643630981,-1.5656851530075073,-0.93777984380722046,-0.54320305585861206,-0.21413609385490417,0.43833324313163757,0.7789425253868103,1.1912457942962646,1.8388617038726807,-2.4898394457116915,2
distill:garch-returns,synthetic-garch-returns-5,TimesFM-laplace-qd,715,-1.3373651218518883,0.090179972350597382,0.13787627220153809,-1.5725551843643188,-0.93680202960968018,-0.50769394636154175,-0.13538205623626709,0.31663066148757935,0.70473319292068481,1.1532262563705444,1.8184056282043457,-2.4232295667437249,2
distill:garch-returns,synthetic-garch-returns-5,Laplace-q-fixed-bandwidth,716,-0.55104202698912985,-0.27014329367408618,-2.0965631980774964,-1.4154662299832168,-0.95786602489058614,-0.59762157292008855,-0.27691049641802123,0.044209327483728675,0.40586087334317489,0.8665364311854542,1.5557869366705894,-1.133285564862091,2
distill:garch-returns,synthetic-garch-returns-5,TimesFM-zero-shot,716,-0.55104202698912985,-0.27980563044548035,-0.19660276174545288,-1.9098131656646729,-1.3044772148132324,-0.9170079231262207,-0.59488999843597412,0.04822695255279541,0.38356432318687439,0.80031472444534302,1.4565948247909546,-1.5570961159136312,2
distill:garch-returns,synthetic-garch-returns-5,TimesFM-laplace-qd,716,-0.55104202698912985,-0.31665864586830139,-0.18172256648540497,-1.8838303089141846,-1.2904237508773804,-0.87885886430740356,-0.52300399541854858,-0.1016257107257843,0.27381214499473572,0.71631640195846558,1.3757164478302002,-1.4083652696315072,2
distill:garch-returns,synthetic-garch-returns-5,Laplace-q-fixed-bandwidth,717,1.1429929254497526,-0.26356262265995067,-2.0432205942062884,-1.3705121122107533,-0.92462878716698871,-0.57771673941103474,-0.27028930240535853,0.037542171593802076,0.38586549494510203,0.83488491201006321,1.5157500073756767,-2.0007541762140457,2
distill:garch-returns,synthetic-garch-returns-5,TimesFM-zero-shot,717,1.1429929254497526,-0.19288140535354614,-0.12105287611484528,-1.8058393001556396,-1.2029428482055664,-0.81912267208099365,-0.49918678402900696,0.12854291498661041,0.46073564887046814,0.86948966979980469,1.5080952644348145,-1.8948752385457532,2
distill:garch-returns,synthetic-garch-returns-5,TimesFM-laplace-qd,717,1.1429929254497526,-0.2070164680480957,-0.10373580455780029,-1.7711561918258667,-1.1737345457077026,-0.7641294002532959,-0.4057028591632843,-0.0043734614737331867,0.36529126763343811,0.80440092086791992,1.4453269243240356,-2.0093055325772751,2
distill:garch-returns,synthetic-garch-returns-5,Laplace-q-fixed-bandwidth,718,-1.0602589368621929,-0.052115977542238394,-1.848327481360128,-1.1757478093045886,-0.72565530857765981,-0.37261716861630223,-0.058790349917367549,0.25543859778716971,0.60986717351723208,1.0630121407777846,1.7436299642976207,-1.5935743343594162,2
distill:garch-returns,synthetic-garch-returns-5,TimesFM-zero-shot,718,-1.0602589368621929,0.15887382626533508,0.22815269231796265,-1.4732546806335449,-0.86150211095809937,-0.48284867405891418,-0.15842294692993164,0.4767301082611084,0.81430220603942871,1.2322142124176025,1.8817344903945923,-1.8841539816659065,2
distill:garch-returns,synthetic-garch-returns-5,TimesFM-laplace-qd,718,-1.0602589368621929,0.11274808645248413,0.21860024333000183,-1.514604926109314,-0.89360237121582031,-0.48183348774909973,-0.11161517351865768,0.33207738399505615,0.72030431032180786,1.1832581758499146,1.8571109771728516,-1.7418942890657831,2
distill:garch-returns,synthetic-garch-returns-5,Laplace-q-fixed-bandwidth,719,-0.93604670804480572,-0.24019559951050154,-2.0254022555993885,-1.3576667718301023,-0.9103421325172909,-0.55913307343139684,-0.24680518074401014,0.065920509083404383,0.41850350820118776,0.86884118336331184,1.5445230627510289,-1.3338113036224379,2
distill:garch-returns,synthetic-garch-returns-5,TimesFM-zero-shot,719,-0.93604670804480572,-0.14615203440189362,-0.076891303062438965,-1.7105060815811157,-1.131226658821106,-0.76710593700408936,-0.45306593179702759,0.16597037017345428,0.49321648478507996,0.89963680505752563,1.5442602634429932,-0.96272513835928308,2
distill:garch-returns,synthetic-garch-returns-5,TimesFM-laplace-qd,719,-0.93604670804480572,-0.13298271596431732,-0.0040345815941691399,-1.7127522230148315,-1.1195675134658813,-0.71464246511459351,-0.35256308317184448,0.083986565470695496,0.46832400560379028,0.91870081424713135,1.5977116823196411,-1.02754146136064,2
distill:garch-returns,synthetic-garch-returns-5,Laplace-q-fixed-bandwidth,720,-2.2076458278871205,-0.30196503463838903,-2.0586947627878445,-1.3978458640557885,-0.95765195249991963,-0.6137528627286426,-0.30851715242307182,-0.0028882770213907328,0.34237716553312397,0.78558853618594338,1.4543304756440705,-2.4510456295607321,2
distill:garch-returns,synthetic-garch-returns-5,TimesFM-zero-shot,720,-2.2076458278871205,-0.27351042628288269,-0.20753052830696106,-1.8318538665771484,-1.2551963329315186,-0.89086383581161499,-0.5792773962020874,0.03289630264043808,0.35654440522193909,0.75862622261047363,1.3936189413070679,-4.033144980433045,2
distill:garch-returns,synthetic-garch-returns-5,TimesFM-laplace-qd,720,-2.2076458278871205,-0.24105104804039001,-0.12636440992355347,-1.7753453254699707,-1.1976344585418701,-0.80041110515594482,-0.44813692569732666,-0.046142544597387314,0.32139012217521667,0.75569742918014526,1.3968607187271118,-4.4960277045821728,2
distill:garch-returns,synthetic-garch-returns-5,Laplace-q-fixed-bandwidth,721,1.2296728108280679,-0.54682230649358154,-2.3520269357589014,-1.6828274189228503,-1.2306507490685754,-0.87275146747194732,-0.55338469971047255,-0.23362413585395675,0.12562270309715623,0.58072977351794286,1.2577676519065295,-2.3143337978093017,2
distill:garch-returns,synthetic-garch-returns-5,TimesFM-zero-shot,721,1.2296728108280679,-0.64273184537887573,-0.59870892763137817,-2.3267543315887451,-1.7086524963378906,-1.3085092306137085,-0.96801209449768066,-0.30842417478561401,0.047073345631361008,0.4867548942565918,1.1634454727172852,-2.2945927129344614,2
distill:garch-returns,synthetic-garch-returns-5,TimesFM-laplace-qd,721,1.2296728108280679,-0.66134291887283325,-0.58337551355361938,-2.2666335105895996,-1.6639372110366821,-1.2427562475204468,-0.87128651142120361,-0.45667657256126404,-0.065754279494285583,0.39548921585083008,1.063629150390625,-2.4424628118993006,2
distill:garch-returns,synthetic-garch-returns-5,Laplace-q-fixed-bandwidth,722,-0.64394344615376509,-0.2374736604944068,-2.0789393264272578,-1.403915479401856,-0.94315962094947348,-0.5745705743330326,-0.244032456005844,0.086895596130471667,0.45680473728018728,0.92041463912869226,1.6032359721862535,-1.1992041396416595,2
distill:garch-returns,synthetic-garch-returns-5,TimesFM-zero-shot,722,-0.64394344615376509,-0.18909464776515961,-0.10367419570684433,-1.8266435861587524,-1.2247829437255859,-0.84067660570144653,-0.51521867513656616,0.14427372813224792,0.50886076688766479,0.95473337173461914,1.6676663160324097,-1.4716359703198743,2
distill:garch-returns,synthetic-garch-returns-5,TimesFM-laplace-qd,722,-0.64394344615376509,-0.28883153200149536,-0.12707330286502838,-1.9062132835388184,-1.2968783378601074,-0.88430130481719971,-0.51948487758636475,-0.058916356414556503,0.35752356052398682,0.84407275915145874,1.5810698270797729,-1.4295898193512733,2
distill:garch-returns,synthetic-garch-returns-5,Laplace-q-fixed-bandwidth,723,0.50898127753097133,-0.35014900127141685,-2.1523744235765871,-1.485345784474488,-1.0339452707808359,-0.67614299681111234,-0.35665911987892085,-0.036785623731034771,0.32234783310727388,0.77663959680695971,1.4514194210289324,-1.479924389863946,2
distill:garch-returns,synthetic-garch-returns-5,TimesFM-zero-shot,723,0.50898127753097133,-0.32954484224319458,-0.23667830228805542,-1.9827334880828857,-1.3773304224014282,-0.98599851131439209,-0.65288454294204712,0.0066588800400495529,0.37403351068496704,0.82231694459915161,1.5342113971710205,-1.7305375620518271,2
distill:garch-returns,synthetic-garch-returns-5,TimesFM-laplace-qd,723,0.50898127753097133,-0.36531615257263184,-0.22492504119873047,-1.953073263168335,-1.3605711460113525,-0.94243025779724121,-0.57501047849655151,-0.15468169748783112,0.25128740072250366,0.72259622812271118,1.4336330890655518,-1.7412350158801009,2
distill:garch-returns,synthetic-garch-returns-5,Laplace-q-fixed-bandwidth,724,-0.065969171927905912,-0.21747304451329988,-2.0013785456918578,-1.3400873699353701,-0.89322470813969046,-0.53953421304295879,-0.22392181036169678,0.092076293339907522,0.44708676557150773,0.89682006452956142,1.5657845478813928,-1.0891500880047906,2
distill:garch-returns,synthetic-garch-returns-5,TimesFM-zero-shot,724,-0.065969171927905912,-0.16231717169284821,-0.10648644715547562,-1.7913138866424561,-1.1870347261428833,-0.80055683851242065,-0.47463506460189819,0.16101598739624023,0.4983634352684021,0.91626709699630737,1.5976738929748535,-1.5771389211360527,2
distill:garch-returns,synthetic-garch-returns-5,TimesFM-laplace-qd,724,-0.065969171927905912,-0.24291706085205078,-0.16428279876708984,-1.8773208856582642,-1.2518080472946167,-0.8288303017616272,-0.45907098054885864,-0.031683050096035004,0.35565650463104248,0.81323492527008057,1.508733868598938,-1.471545830628525,2
distill:garch-returns,synthetic-garch-returns-5,Laplace-q-fixed-bandwidth,725,0.49072385494091625,-0.22362278251315407,-1.9611081862753545,-1.3080457809884718,-0.87262651058217444,-0.53223359871251219,-0.23003418954706101,0.072548058626607348,0.41427043154612797,0.85262270433249654,1.5133560065280867,-1.3500418386087658,2
distill:garch-returns,synthetic-garch-returns-5,TimesFM-zero-shot,725,0.49072385494091625,-0.18621431291103363,-0.15872704982757568,-1.83441162109375,-1.2249151468276978,-0.82914608716964722,-0.49815711379051208,0.14199216663837433,0.47243133187294006,0.87920135259628296,1.5365141630172729,-1.613645557474584,2
distill:garch-returns,synthetic-garch-returns-5,TimesFM-laplace-qd,725,0.49072385494091625,-0.27515095472335815,-0.23252089321613312,-1.9457771778106689,-1.3125003576278687,-0.87463563680648804,-0.49338260293006897,-0.048002187162637711,0.33452853560447693,0.78502404689788818,1.4695425033569336,-1.6442812062940571,2
distill:garch-returns,synthetic-garch-returns-5,Laplace-q-fixed-bandwidth,726,0.79128572713857082,-0.13397360947274767,-1.84629209618639,-1.1997117986322472,-0.77064981994979054,-0.43653013283775655,-0.14032736919676631,0.15625337590722793,0.49169225637993808,0.92368315771263132,1.5778784459871287,-1.5333706488567371,2
distill:garch-returns,synthetic-garch-returns-5,TimesFM-zero-shot,726,0.79128572713857082,-0.07798563688993454,-0.069173224270343781,-1.667973518371582,-1.0777430534362793,-0.69743150472640991,-0.37682521343231201,0.23511430621147156,0.54540407657623291,0.9243510365486145,1.5392388105392456,-1.6163462091283043,2
distill:garch-returns,synthetic-garch-returns-5,TimesFM-laplace-qd,726,0.79128572713857082,-0.15260346233844757,-0.1541249006986618,-1.7632418870925903,-1.1506503820419312,-0.73066836595535278,-0.36184298992156982,0.06403370201587677,0.42140394449234009,0.83385169506072998,1.4664024114608765,-1.6871558315854205,2
distill:garch-returns,synthetic-garch-returns-5,Laplace-q-fixed-bandwidth,727,-0.033481510617000547,-0.036819762178439332,-1.7374893732442218,-1.0957881468660839,-0.66963855119347837,-0.33757055495876021,-0.043111244425734462,0.25172200957154311,0.58509411570320291,1.0141365772513113,1.6633654732963528,-1.0092491326473518,2
distill:garch-returns,synthetic-garch-returns-5,TimesFM-zero-shot,727,-0.033481510617000547,-0.13427752256393433,-0.12508375942707062,-1.7184839248657227,-1.1335268020629883,-0.75134968757629395,-0.43433335423469543,0.17659783363342285,0.48840641975402832,0.86979478597640991,1.4907099008560181,-1.5161641126523224,2
distill:garch-returns,synthetic-garch-returns-5,TimesFM-laplace-qd,727,-0.033481510617000547,-0.24024951457977295,-0.25098907947540283,-1.8492354154586792,-1.2388424873352051,-0.81484264135360718,-0.45051014423370361,-0.027469327673316002,0.33026692271232605,0.74330204725265503,1.3795983791351318,-1.4202236058711573,2
distill:garch-returns,synthetic-garch-returns-5,Laplace-q-fixed-bandwidth,728,-1.027512884632849,-0.070988709078417866,-1.7211742505153769,-1.0879059034838794,-0.67496949365505809,-0.35749723121809751,-0.077248433910382691,0.20336606691865383,0.52213688363085198,0.93803306958222699,1.5788815765682385,-1.5505534868305719,2
distill:garch-returns,synthetic-garch-returns-5,TimesFM-zero-shot,728,-1.027512884632849,-0.15801981091499329,-0.15265741944313049,-1.7410935163497925,-1.147210955619812,-0.7673383355140686,-0.45504957437515259,0.14782193303108215,0.46442869305610657,0.84427249431610107,1.4483660459518433,-1.1078002845493207,2
distill:garch-returns,synthetic-garch-returns-5,TimesFM-laplace-qd,728,-1.027512884632849,-0.20007741451263428,-0.20582091808319092,-1.7742128372192383,-1.167514443397522,-0.75306594371795654,-0.39954802393913269,0.0030793477781116962,0.36267828941345215,0.77706992626190186,1.3906670808792114,-1.1960961256842615,2
distill:garch-returns,synthetic-garch-returns-5,Laplace-q-fixed-bandwidth,729,1.2128132705280243,-0.20172927145646141,-1.8437057912844148,-1.2149114915173125,-0.80392871688059486,-0.48744572505179906,-0.20792578139410187,0.071956620958511019,0.3897238614277751,0.80362342100308681,1.4398984115731848,-2.056232106777959,2
distill:garch-returns,synthetic-garch-returns-5,TimesFM-zero-shot,729,1.2128132705280243,-0.30913752317428589,-0.27520754933357239,-1.9215849637985229,-1.3214777708053589,-0.93542158603668213,-0.61662012338638306,-0.002430994063615799,0.31785386800765991,0.70504939556121826,1.3111196756362915,-2.0316572769292973,2
distill:garch-returns,synthetic-garch-returns-5,TimesFM-laplace-qd,729,1.2128132705280243,-0.28278884291648865,-0.23418280482292175,-1.9442824125289917,-1.3093119859695435,-0.88010656833648682,-0.50904542207717896,-0.061105884611606598,0.31076866388320923,0.74318397045135498,1.3838120698928833,-2.089760531828682,2
distill:garch-returns,synthetic-garch-returns-5,Laplace-q-fixed-bandwidth,730,0.18152739014224206,0.018064728703438393,-1.648613042436474,-1.0183031394880757,-0.60069802480390633,-0.27590460741392253,0.011910575698286831,0.30008970328927465,0.62615560375196633,1.046593147328672,1.6842498522807841,-1.0082646090104199,2
distill:garch-returns,synthetic-garch-returns-5,TimesFM-zero-shot,730,0.18152739014224206,-0.087548263370990753,-0.063369937241077423,-1.685639500617981,-1.0957077741622925,-0.7074660062789917,-0.39124959707260132,0.22233553230762482,0.54450201988220215,0.93197757005691528,1.5607171058654785,-1.5308078906231639,2
distill:garch-returns,synthetic-garch-returns-5,TimesFM-laplace-qd,730,0.18152739014224206,-0.14534904062747955,-0.11755378544330597,-1.7244586944580078,-1.1293560266494751,-0.71369940042495728,-0.35631996393203735,0.072765365242958069,0.43083268404006958,0.85130149126052856,1.492613673210144,-1.4480981550956005,2
distill:garch-returns,synthetic-garch-returns-5,Laplace-q-fixed-bandwidth,731,0.50047677945786251,-0.002260750655859308,-1.6206876514636028,-0.99862773244576497,-0.5937216632771215,-0.28277934394898896,-0.0083815634704989227,0.2663717620506374,0.57857872735292293,0.98637620049502772,1.6158315021636569,-1.1426966691710785,2
distill:garch-returns,synthetic-garch-returns-5,TimesFM-zero-shot,731,0.50047677945786251,0.040857400745153427,0.05949193611741066,-1.4944334030151367,-0.92290300130844116,-0.55044358968734741,-0.25216692686080933,0.34235373139381409,0.65271437168121338,1.0320279598236084,1.6355078220367432,-1.5127926710689572,2
distill:garch-returns,synthetic-garch-returns-5,TimesFM-laplace-qd,731,0.50047677945786251,-0.0076563805341720581,0.035931624472141266,-1.5679413080215454,-0.97429823875427246,-0.57232433557510376,-0.22749954462051392,0.22830171883106232,0.59333705902099609,1.0132737159729004,1.6558403968811035,-1.5171547522346231,2
distill:garch-returns,synthetic-garch-returns-5,Laplace-q-fixed-bandwidth,732,-0.066514773740511082,0.055103520227852684,-1.5274553541159575,-0.91292364811766413,-0.51768605237924414,-0.21635730210468357,0.049030794867789718,0.31476574808034408,0.61734108410978994,1.015485227135674,1.63742290382094,-0.92232238129323907,2
distill:garch-returns,synthetic-garch-returns-5,TimesFM-zero-shot,732,-0.066514773740511082,0.11133544147014618,0.11909537017345428,-1.4639251232147217,-0.87245655059814453,-0.50332784652709961,-0.19108344614505768,0.42222598195075989,0.7385023832321167,1.128915548324585,1.7377394437789917,-1.5246736544430113,2
distill:garch-returns,synthetic-garch-returns-5,TimesFM-laplace-qd,732,-0.066514773740511082,0.073438063263893127,0.088492825627326965,-1.4456577301025391,-0.85808348655700684,-0.47036892175674438,-0.12624801695346832,0.28912100195884705,0.63617622852325439,1.0504826307296753,1.6632630825042725,-1.3822912826939047,2
distill:garch-returns,synthetic-garch-returns-5,Laplace-q-fixed-bandwidth,733,0.68073124645686423,0.020763698259975007,-1.5082197987012891,-0.90314907480786188,-0.52314006199775065,-0.23681050878474713,0.014724412327975528,0.26659128101518087,0.55413500267032068,0.93708887628223103,1.549693165460361,-1.2525386525383562,2
distill:garch-returns,synthetic-garch-returns-5,TimesFM-zero-shot,733,0.68073124645686423,0.084784917533397675,0.11187175661325455,-1.4423661231994629,-0.86730021238327026,-0.50277471542358398,-0.20187899470329285,0.37608757615089417,0.67574995756149292,1.0463489294052124,1.6292933225631714,-1.5069009900855881,2
distill:garch-returns,synthetic-garch-returns-5,TimesFM-laplace-qd,733,0.68073124645686423,0.11137203872203827,0.13760790228843689,-1.3889807462692261,-0.80831098556518555,-0.41953414678573608,-0.082326486706733704,0.31704169511795044,0.65079230070114136,1.0466513633728027,1.6349624395370483,-1.4589475460494845,2
distill:garch-returns,synthetic-garch-returns-5,Laplace-q-fixed-bandwidth,734,1.2738384341310562,0.11116241745652362,-1.3933135787921427,-0.79500749702926143,-0.42170627653384385,-0.14116819111474121,0.10518162013443447,0.35185596845172018,0.63358610237451363,1.0098101049729831,1.6156221114131561,-1.8526014328726459,2
distill:garch-returns,synthetic-garch-returns-5,TimesFM-zero-shot,734,1.2738384341310562,0.11442366242408752,0.11302492022514343,-1.4113003015518188,-0.83396905660629272,-0.46857506036758423,-0.17057092487812042,0.40213152766227722,0.69979912042617798,1.0634859800338745,1.6290665864944458,-1.7490628121027945,2
distill:garch-returns,synthetic-garch-returns-5,TimesFM-laplace-qd,734,1.2738384341310562,0.11177022755146027,0.10181459784507751,-1.3639205694198608,-0.78946125507354736,-0.40940779447555542,-0.085443004965782166,0.31678161025047302,0.64155018329620361,1.0223783254623413,1.5816895961761475,-1.8119641376670448,2
distill:garch-returns,synthetic-garch-returns-5,Laplace-q-fixed-bandwidth,735,-0.59605071272414911,0.25229586178916685,-1.269774535220898,-0.67152725092885079,-0.29249416841715459,-0.0057404851226080331,0.24637211065645179,0.49881418275016653,0.78676573915762527,1.1686628944553237,1.7742143918680024,-1.4411273358702639,2
distill:garch-returns,synthetic-garch-returns-5,TimesFM-zero-shot,735,-0.59605071272414911,0.058912336826324463,0.086936384439468384,-1.5238107442855835,-0.94062519073486328,-0.555794358253479,-0.24379569292068481,0.36518672108650208,0.69338184595108032,1.0857086181640625,1.7007237672805786,-1.1533099678693262,2
distill:garch-returns,synthetic-garch-returns-5,TimesFM-laplace-qd,735,-0.59605071272414911,0.0033774226903915405,0.01879461482167244,-1.5087054967880249,-0.93701690435409546,-0.53789669275283813,-0.2007330060005188,0.21536976099014282,0.57109940052032471,0.98062115907669067,1.5860382318496704,-1.1540045877795,2
distill:garch-returns,synthetic-garch-returns-5,Laplace-q-fixed-bandwidth,736,1.6461921424842092,0.10725525801590455,-1.404580009603202,-0.81104104673798738,-0.43445068935905823,-0.14933017012439009,0.10139280754887622,0.35244213521122308,0.63874792069202901,1.0181657993788327,1.6189143193346665,-2.2612195259496279,2
distill:garch-returns,synthetic-garch-returns-5,TimesFM-zero-shot,736,1.6461921424842092,-0.017192404717206955,0.016567371785640717,-1.5146788358688354,-0.95796895027160645,-0.59720957279205322,-0.30578872561454773,0.25976619124412537,0.55784511566162109,0.92216378450393677,1.4907346963882446,-2.2150431211692121,2
distill:garch-returns,synthetic-garch-returns-5,TimesFM-laplace-qd,736,1.6461921424842092,-0.030242957174777985,-0.022758264094591141,-1.5228546857833862,-0.95676314830780029,-0.56954997777938843,-0.23772042989730835,0.16237282752990723,0.48976266384124756,0.87328118085861206,1.4318351745605469,-2.3120294539852928,2
distill:garch-returns,synthetic-garch-returns-5,Laplace-q-fixed-bandwidth,737,-0.2841992606119802,0.34784890198344481,-1.2075003914044198,-0.60819503748442583,-0.2192158781977902,0.078976864839974653,0.34200736885374239,0.60537344794353976,0.90476304669665031,1.2964927324955242,1.9028203145349871,-1.2146317776910764,2
distill:garch-returns,synthetic-garch-returns-5,TimesFM-zero-shot,737,-0.2841992606119802,0.17462095618247986,0.20409910380840302,-1.3932058811187744,-0.81197696924209595,-0.43388983607292175,-0.12841816246509552,0.46967148780822754,0.78395652770996094,1.1708786487579346,1.7732079029083252,-1.3665341951970937,2
distill:garch-returns,synthetic-garch-returns-5,TimesFM-laplace-qd,737,-0.2841992606119802,0.092478811740875244,0.10865195840597153,-1.4833931922912598,-0.88191705942153931,-0.47196006774902344,-0.12681034207344055,0.30719667673110962,0.66266953945159912,1.0790653228759766,1.6850273609161377,-1.3479126808684634,2
distill:garch-returns,synthetic-garch-returns-5,Laplace-q-fixed-bandwidth,738,-1.289051283268132,0.24402364783900626,-1.2847892861609318,-0.69200157314821875,-0.31008704969740036,-0.018589293255364535,0.23823427965345423,0.49538675515203101,0.78806501239531068,1.1727256839516225,1.7725103640369062,-2.2169757127810827,2
distill:garch-returns,synthetic-garch-returns-5,TimesFM-zero-shot,738,-1.289051283268132,0.036423247307538986,0.066969618201255798,-1.507381796836853,-0.92669111490249634,-0.56071621179580688,-0.25929039716720581,0.32830312848091125,0.64073199033737183,1.0221267938613892,1.6096144914627075,-2.3941444815250801,2
distill:garch-returns,synthetic-garch-returns-5,TimesFM-laplace-qd,738,-1.289051283268132,0.048549551516771317,0.081972599029541016,-1.4041838645935059,-0.8411070704460144,-0.46518054604530334,-0.14315277338027954,0.24242052435874939,0.57493942975997925,0.96526962518692017,1.526423454284668,-2.6244497282957235,2
distill:garch-returns,synthetic-garch-returns-5,Laplace-q-fixed-bandwidth,739,2.7752040958992978,0.038699642339137308,-1.5289154470149828,-0.9312990792930218,-0.53871783948808805,-0.23533642470808075,0.032932118641253755,0.30153559743718777,0.60609845902481418,1.0013443764953043,1.6058086209995692,-3.4180334988457153,2
distill:garch-returns,synthetic-garch-returns-5,TimesFM-zero-shot,739,2.7752040958992978,-0.096065185964107513,-0.058282013982534409,-1.690718412399292,-1.0956834554672241,-0.71526926755905151,-0.39885085821151733,0.20890715718269348,0.52828341722488403,0.92150318622589111,1.5394822359085083,-3.4569769572465412,2
distill:garch-returns,synthetic-garch-returns-5,TimesFM-laplace-qd,739,2.7752040958992978,-0.099035173654556274,-0.042325116693973541,-1.6574733257293701,-1.0642232894897461,-0.66313773393630981,-0.31286144256591797,0.11916350573301315,0.47461667656898499,0.89595794677734375,1.5175738334655762,-3.4840480128894811,2
distill:garch-returns,synthetic-garch-returns-5,Laplace-q-fixed-bandwidth,740,-0.88502389310282026,0.44454589457900517,-1.2510354550997356,-0.61878017353017756,-0.19381025101018079,0.14071400227760822,0.43853545723138376,0.73671016331056938,1.0724513887040592,1.5000831798501886,2.1393586209939404,-1.9086489687808574,2
distill:garch-returns,synthetic-garch-returns-5,TimesFM-zero-shot,740,-0.88502389310282026,0.23023663461208344,0.31775903701782227,-1.4065587520599365,-0.80488109588623047,-0.41729509830474854,-0.089425869286060333,0.56000125408172607,0.90980839729309082,1.342876672744751,2.0194885730743408,-1.5154209378606343,2
distill:garch-returns,synthetic-garch-returns-5,TimesFM-laplace-qd,740,-0.88502389310282026,0.085241541266441345,0.22279413044452667,-1.482975959777832,-0.89673030376434326,-0.49558278918266296,-0.14158947765827179,0.32343438267707825,0.7119520902633667,1.1755154132843018,1.8564772605895996,-1.2464421536625552,2
distill:garch-returns,synthetic-garch-returns-5,Laplace-q-fixed-bandwidth,741,2.7620071101655483,0.27029954251469057,-1.4376165449436433,-0.80573564775599393,-0.37784490455390241,-0.038610729851460704,0.2643325031637872,0.56762542978593822,0.90805468942121303,1.3385416020753071,1.9773580820370769,-3.0050326055014991,2
distill:garch-returns,synthetic-garch-returns-5,TimesFM-zero-shot,741,2.7620071101655483,-0.067806929349899292,0.022139806300401688,-1.6332159042358398,-1.0561541318893433,-0.68452876806259155,-0.37461048364639282,0.25175482034683228,0.5868690013885498,1.0033562183380127,1.6602945327758789,-3.2935435378711557,2
distill:garch-returns,synthetic-garch-returns-5,TimesFM-laplace-qd,741,2.7620071101655483,-0.083717502653598785,0.044994227588176727,-1.611031174659729,-1.0403110980987549,-0.64758944511413574,-0.30741223692893982,0.15547619760036469,0.52562016248703003,0.97009092569351196,1.6396944522857666,-3.3269270683346908,2
distill:garch-returns,synthetic-garch-returns-5,Laplace-q-fixed-bandwidth,742,-3.8220880395027752,0.66249565845780067,-1.1375639030499847,-0.48156617851598715,-0.031352563560651484,0.33076087481709426,0.65637275247295523,0.98233788119814636,1.3456420628658394,1.7984275932991212,2.4615010585872463,-5.384760108782304,2
distill:garch-returns,synthetic-garch-returns-5,TimesFM-zero-shot,742,-3.8220880395027752,0.13122256100177765,0.22379621863365173,-1.5145432949066162,-0.91183781623840332,-0.52281266450881958,-0.19727078080177307,0.46803244948387146,0.83004915714263916,1.2833901643753052,1.9840723276138306,-9.5575457188772504,2
distill:garch-returns,synthetic-garch-returns-5,TimesFM-laplace-qd,742,-3.8220880395027752,-0.013199962675571442,0.14347898960113525,-1.6189359426498413,-1.0192283391952515,-0.61152201890945435,-0.2559625506401062,0.23709684610366821,0.63853555917739868,1.1252132654190063,1.8393534421920776,-10.443727264708169,2
distill:garch-returns,synthetic-garch-returns-5,Laplace-q-fixed-bandwidth,743,3.2864800276105464,0.19374687988421371,-1.8944948192728015,-1.1377355064871399,-0.61544940300476703,-0.19064696526438379,0.19355456667911458,0.57776101841229122,1.0025799106996538,1.5249018171393374,2.2817633252553362,-3.2218581841531448,2
distill:garch-returns,synthetic-garch-returns-5,TimesFM-zero-shot,743,3.2864800276105464,-0.26808768510818481,-0.27035635709762573,-2.2326135635375977,-1.492374062538147,-1.0222787857055664,-0.63929951190948486,0.10138750076293945,0.49076798558235168,0.97720211744308472,1.6974966526031494,-3.7393070888889803,2
distill:garch-returns,synthetic-garch-returns-5,TimesFM-laplace-qd,743,3.2864800276105464,-0.16163429617881775,-0.13416160643100739,-2.223536491394043,-1.4321651458740234,-0.90636241436004639,-0.46396481990814209,0.13354800641536713,0.58581078052520752,1.1275808811187744,1.8903129100799561,-3.5269292963043406,2
distill:garch-returns,synthetic-garch-returns-5,Laplace-q-fixed-bandwidth,744,0.19217929700155939,0.55830106629145215,-1.6401163108160848,-0.85071208847987256,-0.30217761687561706,0.14829139637018607,0.55810453489850842,0.96792221556931912,1.4184064027798171,1.9669742761098772,2.7564760750688233,-1.3669030916177807,2
distill:garch-returns,synthetic-garch-returns-5,TimesFM-zero-shot,744,0.19217929700155939,-0.0097955949604511261,0.033419668674468994,-1.9128772020339966,-1.2314745187759399,-0.76813733577728271,-0.38779240846633911,0.35987776517868042,0.74719202518463135,1.2402541637420654,1.9934316873550415,-1.734005147821448,2
distill:garch-returns,synthetic-garch-returns-5,TimesFM-laplace-qd,744,0.19217929700155939,-0.24696139991283417,-0.11488543450832367,-2.2523858547210693,-1.5218615531921387,-1.0125036239624023,-0.56679487228393555,0.052909523248672485,0.51403683423995972,1.0801814794540405,1.9056185483932495,-1.7647129522395295,2
distill:garch-returns,synthetic-garch-returns-5,Laplace-q-fixed-bandwidth,745,1.0060908867838876,0.56047914362784723,-1.5965381013984103,-0.81717332821091171,-0.27803624550876493,0.16179398857777696,0.56028837333820514,0.95878697987082973,1.3986313201648883,1.9377991775454051,2.7172523771007242,-1.3670178668858703,2
distill:garch-returns,synthetic-garch-returns-5,TimesFM-zero-shot,745,1.0060908867838876,-0.062417376786470413,0.0099046230316162109,-1.8080654144287109,-1.1625046730041504,-0.74145960807800293,-0.40316459536552429,0.27714860439300537,0.64238286018371582,1.1100430488586426,1.8212924003601074,-1.8134122108162394,2
distill:garch-returns,synthetic-garch-returns-5,TimesFM-laplace-qd,745,1.0060908867838876,-0.061484977602958679,0.10634933412075043,-1.8522707223892212,-1.1769112348556519,-0.72611749172210693,-0.34057191014289856,0.21633781492710114,0.64831793308258057,1.1809378862380981,1.9477506875991821,-1.8849212682529661,2
distill:garch-returns,synthetic-garch-returns-5,Laplace-q-fixed-bandwidth,746,-0.11855776096187583,0.54938537290093659,-1.5670265764174407,-0.79719102863224867,-0.26734423306919519,0.16189133120497312,0.54920020341321873,0.93651295157742609,1.3657615017296014,1.8956364553699374,2.6655515517867263,-1.4356760922718428,2
distill:garch-returns,synthetic-garch-returns-5,TimesFM-zero-shot,746,-0.11855776096187583,0.095088094472885132,0.19850935041904449,-1.6440563201904297,-1.0143312215805054,-0.59380453824996948,-0.25157901644706726,0.44614464044570923,0.82343953847885132,1.3024138212203979,2.0288476943969727,-1.6521831340506943,2
distill:garch-returns,synthetic-garch-returns-5,TimesFM-laplace-qd,746,-0.11855776096187583,-0.046927016228437424,0.13120783865451813,-1.7793318033218384,-1.1407700777053833,-0.69746065139770508,-0.31623619794845581,0.22665293514728546,0.66550207138061523,1.1932766437530518,1.9488604068756104,-1.6042533391538307,2
distill:garch-returns,synthetic-garch-returns-5,Laplace-q-fixed-bandwidth,747,-1.5762192581786973,0.45654305234958892,-1.625405856941891,-0.8640919071256743,-0.34230009907999359,0.078129432799228224,0.45636326521469217,0.8346005906282874,1.2550418662463114,1.7768590754984404,2.5382438842260191,-2.4108171416179678,2
distill:garch-returns,synthetic-garch-returns-5,TimesFM-zero-shot,747,-1.5762192581786973,0.27250498533248901,0.30012115836143494,-1.4389280080795288,-0.79884374141693115,-0.38879075646400452,-0.055832751095294952,0.60199302434921265,0.95007967948913574,1.3892476558685303,2.0593223571777344,-3.4914807882570029,2
distill:garch-returns,synthetic-garch-returns-5,TimesFM-laplace-qd,747,-1.5762192581786973,0.28489458560943604,0.33713087439537048,-1.4865740537643433,-0.80931580066680908,-0.36226636171340942,0.021460432559251785,0.54727941751480103,0.9605678915977478,1.4601913690567017,2.1732697486877441,-3.452650182221531,2
distill:garch-returns,synthetic-garch-returns-5,Laplace-q-fixed-bandwidth,748,-1.0993113311848981,0.26992051486893126,-1.848218064633337,-1.0799241899005403,-0.54995550945675642,-0.11939476712625269,0.26974280200586165,0.65888341717003396,1.089454352743418,1.6194451754971615,2.3878019970531899,-1.8812423976830579,2
distill:garch-returns,synthetic-garch-returns-5,TimesFM-zero-shot,748,-1.0993113311848981,-0.057896882295608521,0.0093436194583773613,-1.7255126237869263,-1.1054798364639282,-0.70642083883285522,-0.37965798377990723,0.26982137560844421,0.61465209722518921,1.0494339466094971,1.7170987129211426,-1.2771358407980609,2
distill:garch-returns,synthetic-garch-returns-5,TimesFM-laplace-qd,748,-1.0993113311848981,-0.012792847119271755,0.096469089388847351,-1.7570990324020386,-1.093367338180542,-0.64841920137405396,-0.26952841877937317,0.25230434536933899,0.65652960538864136,1.1443935632705688,1.8487077951431274,-1.384186367392668,2
distill:garch-returns,synthetic-garch-returns-5,Laplace-q-fixed-bandwidth,749,0.35788281360134638,0.12546436200791283,-1.9891888050562572,-1.2240146712889199,-0.69521758642673226,-0.26453226143641062,0.12529087271999206,0.51511662662566682,0.94581070985618498,1.4746268647535721,2.2398555206467861,-1.2950388551347254,2
distill:garch-returns,synthetic-garch-returns-5,TimesFM-zero-shot,749,0.35788281360134638,-0.058301202952861786,-0.0040825395844876766,-1.6682143211364746,-1.0677860975265503,-0.68250483274459839,-0.3692600429058075,0.25744286179542542,0.58887982368469238,1.0089685916900635,1.6675336360931396,-1.5842254396197826,2
distill:garch-returns,synthetic-garch-returns-5,TimesFM-laplace-qd,749,0.35788281360134638,0.003675863379612565,0.11329479515552521,-1.6963163614273071,-1.0548903942108154,-0.62832933664321899,-0.25638404488563538,0.26611366868019104,0.66366106271743774,1.1393624544143677,1.8479136228561401,-1.5932937421350455,2
distill:garch-returns,synthetic-garch-returns-5,Laplace-q-fixed-bandwidth,750,0.94144918441931424,0.11557705300016635,-1.9547838449898653,-1.1993169278605558,-0.68060565742247747,-0.26179229870410953,0.11540905138797386,0.49261267007319859,0.91143364535986349,1.4301614003695353,2.1856744839935205,-1.5062208119067173,2
distill:garch-returns,synthetic-garch-returns-5,TimesFM-zero-shot,750,0.94144918441931424,-0.063577741384506226,0.015493602491915226,-1.6684920787811279,-1.0727462768554688,-0.68863695859909058,-0.37335452437400818,0.24662677943706512,0.58444392681121826,1.0077131986618042,1.6670624017715454,-1.7375478727398448,2
distill:garch-returns,synthetic-garch-returns-5,TimesFM-laplace-qd,750,0.94144918441931424,-0.050376541912555695,0.077644586563110352,-1.6712682247161865,-1.0605404376983643,-0.64588874578475952,-0.29050201177597046,0.18580245971679688,0.57384556531906128,1.0348387956619263,1.7175402641296387,-1.7797431017285481,2
distill:garch-returns,synthetic-garch-returns-5,Laplace-q-fixed-bandwidth,751,0.52086513904148246,0.17534128078926159,-1.8675583795839699,-1.119584409835167,-0.60741748741501,-0.19530476484676407,0.17517830398003342,0.54566324804878419,0.95778228352084582,1.4699628530922417,2.2179747408567305,-1.2779777460949155,2
distill:garch-returns,synthetic-garch-returns-5,TimesFM-zero-shot,751,0.52086513904148246,-0.024889327585697174,0.03211607038974762,-1.5995510816574097,-1.0137102603912354,-0.63416141271591187,-0.32707369327545166,0.28156349062919617,0.60834014415740967,1.0216356515884399,1.6666510105133057,-1.5825823836537793,2
distill:garch-returns,synthetic-garch-returns-5,TimesFM-laplace-qd,751,0.52086513904148246,-0.091561943292617798,0.024929165840148926,-1.6499061584472656,-1.0622960329055786,-0.65877413749694824,-0.31389164924621582,0.12724873423576355,0.49918437004089355,0.94637852907180786,1.615513801574707,-1.5844540055624119,2
distill:garch-returns,synthetic-garch-returns-5,Laplace-q-fixed-bandwidth,752,0.72552807790830998,0.21146838486063996,-1.7873509425558998,-1.0484573049618382,-0.54658648537842658,-0.14657050309299563,0.21131069688275633,0.5691933928489008,0.96921445355333047,1.4710962610016609,2.2100198013714261,-1.3142170269836548,2
distill:garch-returns,synthetic-garch-returns-5,TimesFM-zero-shot,752,0.72552807790830998,-0.075825244188308716,-0.047413524240255356,-1.5848426818847656,-1.0122486352920532,-0.64197325706481934,-0.35949224233627319,0.21445620059967041,0.5165143609046936,0.88722211122512817,1.4729310274124146,-1.570359222374017,2
distill:garch-returns,synthetic-garch-returns-5,TimesFM-laplace-qd,752,0.72552807790830998,-0.12856310606002808,-0.06784655898809433,-1.6642299890518188,-1.073201060295105,-0.67381083965301514,-0.34543144702911377,0.085925936698913574,0.4531085193157196,0.86679971218109131,1.4818801879882812,-1.6486752518309844,2
distill:garch-returns,synthetic-garch-returns-5,Laplace-q-fixed-bandwidth,753,-1.9853654621618153,0.25033991998667088,-1.7082672139028543,-0.97786896889664576,-0.48564554238229668,-0.096567297996776463,0.25018736957530002,0.59694314078861477,0.98602516371885351,1.4782568070022704,2.208677042721221,-2.6383498685187661,2
distill:garch-returns,synthetic-garch-returns-5,TimesFM-zero-shot,753,-1.9853654621618153,0.15437738597393036,0.13316771388053894,-1.3951534032821655,-0.81331419944763184,-0.43215170502662659,-0.13315282762050629,0.44287031888961792,0.75026512145996094,1.1260244846343994,1.7085093259811401,-4.7431873546398036,2
distill:garch-returns,synthetic-garch-returns-5,TimesFM-laplace-qd,753,-1.9853654621618153,0.12601038813591003,0.10791856050491333,-1.3691929578781128,-0.79423654079437256,-0.40041947364807129,-0.072868376970291138,0.3189329206943512,0.65774059295654297,1.0607373714447021,1.6463627815246582,-5.1912536684792228,2
distill:garch-returns,synthetic-garch-returns-5,Laplace-q-fixed-bandwidth,754,-0.44070596698180375,0.11253917438621663,-1.9051970660793662,-1.1625534196427263,-0.65621079015711348,-0.2509405884445447,0.1123874604655274,0.47571622074869246,0.88098882522596811,1.3873366485231862,2.1299945460624836,-1.341565827506064,2
distill:garch-returns,synthetic-garch-returns-5,TimesFM-zero-shot,754,-0.44070596698180375,-0.12056021392345428,-0.052221972495317459,-1.5856614112854004,-1.0458670854568481,-0.69325393438339233,-0.40326040983200073,0.1703512966632843,0.47897881269454956,0.86477071046829224,1.4534270763397217,-1.4162345853385594,2
distill:garch-returns,synthetic-garch-returns-5,TimesFM-laplace-qd,754,-0.44070596698180375,-0.090509235858917236,0.043617434799671173,-1.5625839233398438,-1.0086390972137451,-0.63167053461074829,-0.30391716957092285,0.12558430433273315,0.48674324154853821,0.91863119602203369,1.5446444749832153,-1.3127045450759218,2
distill:garch-returns,synthetic-garch-returns-5,Laplace-q-fixed-bandwidth,755,1.0870145606103907,0.027640547492321841,-1.9516959921404842,-1.2174977203969837,-0.72028492587928084,-0.32531036008848968,0.027493939997760578,0.38029856142632368,0.77527422203107732,1.2724893889972768,2.0066940693049746,-1.6525693095092397,2
distill:garch-returns,synthetic-garch-returns-5,TimesFM-zero-shot,755,1.0870145606103907,-0.080876223742961884,-0.012419035658240318,-1.496040940284729,-0.97422641515731812,-0.63319253921508789,-0.35500583052635193,0.20268984138965607,0.4970039427280426,0.86234551668167114,1.4426743984222412,-1.7748383628082822,2
distill:garch-returns,synthetic-garch-returns-5,TimesFM-laplace-qd,755,1.0870145606103907,-0.042486224323511124,0.062346566468477249,-1.4675458669662476,-0.92879343032836914,-0.56250876188278198,-0.24788740277290344,0.16778141260147095,0.50630557537078857,0.90687966346740723,1.5169769525527954,-1.8238738392008349,2
distill:garch-returns,synthetic-garch-returns-5,Laplace-q-fixed-bandwidth,756,0.64353666738382631,0.087616384735112532,-1.8774305612309619,-1.1487213149864479,-0.65511289404947171,-0.26290453479698661,0.087474180856583178,0.43785282948686532,0.83006095974311789,1.3236688842888704,2.0523767879731554,-1.3193828215747805,2
distill:garch-returns,synthetic-garch-returns-5,TimesFM-zero-shot,756,0.64353666738382631,0.065079383552074432,0.082752779126167297,-1.447431206703186,-0.89573383331298828,-0.52831763029098511,-0.22815196216106415,0.36239799857139587,0.66904920339584351,1.046028733253479,1.6365493535995483,-1.5230438460560216,2
distill:garch-returns,synthetic-garch-returns-5,TimesFM-laplace-qd,756,0.64353666738382631,0.020377675071358681,0.067168042063713074,-1.5052281618118286,-0.9335978627204895,-0.53566443920135498,-0.19940273463726044,0.2432461678981781,0.58589714765548706,0.98903763294219971,1.6029447317123413,-1.5209092716816872,2
distill:garch-returns,synthetic-garch-returns-5,Laplace-q-fixed-bandwidth,757,-0.17716402784985033,0.14610935788122925,-1.7806176723126415,-1.0601358475935097,-0.57580699083325948,-0.19395837167463603,0.14597213738052106,0.48590219432691356,0.86774926193045854,1.3520747367801464,2.072547562479822,-1.2010416995571023,2
distill:garch-returns,synthetic-garch-returns-5,TimesFM-zero-shot,757,-0.17716402784985033,0.13851813971996307,0.11478336155414581,-1.4161041975021362,-0.83847802877426147,-0.45953616499900818,-0.1543537974357605,0.43291500210762024,0.74123668670654297,1.116098165512085,1.6820914745330811,-1.460085679273617,2
distill:garch-returns,synthetic-garch-returns-5,TimesFM-laplace-qd,757,-0.17716402784985033,0.067730173468589783,0.029352243989706039,-1.4756540060043335,-0.88261258602142334,-0.47769069671630859,-0.14015896618366241,0.2796744704246521,0.61777991056442261,1.0113422870635986,1.5803714990615845,-1.3615360292689196,2
distill:garch-returns,synthetic-garch-returns-5,Laplace-q-fixed-bandwidth,758,-1.1907963813475071,0.1337161630077725,-1.7455566493919883,-1.0338146154992731,-0.56125584052884481,-0.19286649422144894,0.13358401793487915,0.46003369930861926,0.8284201566063556,1.3009725428453043,2.0126978995468097,-1.8936237955925701,2
distill:garch-returns,synthetic-garch-returns-5,TimesFM-zero-shot,758,-1.1907963813475071,0.029343988746404648,0.016906274482607841,-1.4031562805175781,-0.86715906858444214,-0.52123421430587769,-0.2418830543756485,0.30882969498634338,0.59771668910980225,0.94782918691635132,1.4866616725921631,-2.1878321422667213,2
distill:garch-returns,synthetic-garch-returns-5,TimesFM-laplace-qd,758,-1.1907963813475071,0.0071898363530635834,-0.012088935822248459,-1.4158166646957397,-0.86551904678344727,-0.49715468287467957,-0.18439038097858429,0.20559687912464142,0.52068108320236206,0.88248562812805176,1.4183881282806396,-2.0908285661827906,2
distill:garch-returns,synthetic-garch-returns-5,Laplace-q-fixed-bandwidth,759,0.0083982175255770623,0.041127696161521891,-1.8441098242995193,-1.1347169353365265,-0.66068218289607139,-0.28905455215060416,0.040999160460521787,0.37105166907121967,0.74267513578623645,1.2167007539214922,1.9260695856814993,-1.120981613664374,2
distill:garch-returns,synthetic-garch-returns-5,TimesFM-zero-shot,759,0.0083982175255770623,-0.038052715361118317,-0.042504463344812393,-1.5873534679412842,-1.0030837059020996,-0.62948310375213623,-0.32814052700996399,0.25713357329368591,0.5681535005569458,0.9443022608757019,1.5130243301391602,-1.4836860957591418,2
distill:garch-returns,synthetic-garch-returns-5,TimesFM-laplace-qd,759,0.0083982175255770623,0.036604717373847961,0.023029476404190063,-1.5005608797073364,-0.90597736835479736,-0.50577622652053833,-0.17158913612365723,0.25322332978248596,0.58681535720825195,0.97146344184875488,1.5329307317733765,-1.3691217507118583,2
distill:garch-returns,synthetic-garch-returns-5,Laplace-q-fixed-bandwidth,760,0.15945789859527104,0.013386584008434708,-1.8187214638682176,-1.1183172881007863,-0.65777565239084912,-0.30153761268289869,0.013263129303441996,0.32806230701235617,0.68429485020459102,1.1448241649447479,1.8451965296029926,-1.0899334910387786,2
distill:garch-returns,synthetic-garch-returns-5,TimesFM-zero-shot,760,0.15945789859527104,0.0041414648294448853,-0.0057331379503011703,-1.4570931196212769,-0.90765476226806641,-0.55467522144317627,-0.26892095804214478,0.27345573902130127,0.55636137723922729,0.90234625339508057,1.4231089353561401,-1.3987231541351217,2
distill:garch-returns,synthetic-garch-returns-5,TimesFM-laplace-qd,760,0.15945789859527104,0.027196507900953293,0.029727498069405556,-1.382927417755127,-0.84012174606323242,-0.47114962339401245,-0.16068942844867706,0.21283388137817383,0.51393651962280273,0.86870503425598145,1.379439115524292,-1.2640092236196596,2
distill:garch-returns,synthetic-garch-returns-5,Laplace-q-fixed-bandwidth,761,3.4663223956026226,0.024240986526867188,-1.7527317110475529,-1.0616215533047006,-0.61580842039741213,-0.27544032486623393,0.024122530444556867,0.32368349536302454,0.66404482952119048,1.1098423417848313,1.8009126420111283,-3.9017556397357387,2
distill:garch-returns,synthetic-garch-returns-5,TimesFM-zero-shot,761,3.4663223956026226,0.019276967272162437,0.04199528694152832,-1.4690836668014526,-0.92553216218948364,-0.56382197141647339,-0.26788538694381714,0.30656185746192932,0.61739414930343628,0.99703896045684814,1.575580358505249,-4.4349258282790176,2
distill:garch-returns,synthetic-garch-returns-5,TimesFM-laplace-qd,761,3.4663223956026226,0.0053959917277097702,0.047570008784532547,-1.3909491300582886,-0.8673405647277832,-0.50178265571594238,-0.1883246898651123,0.19393932819366455,0.51332622766494751,0.88555949926376343,1.4331068992614746,-4.8071398158176128,2
distill:garch-returns,synthetic-garch-returns-5,Laplace-q-fixed-bandwidth,762,0.33955509589684058,0.25320036615799896,-1.708920470622866,-0.9670530669284565,-0.47509541951961271,-0.091938230363143053,0.24768890246296388,0.58772177872298625,0.97229335029822228,1.4673869455872803,2.217468397382687,-1.1566977792848081,2
distill:garch-returns,synthetic-garch-returns-5,TimesFM-zero-shot,762,0.33955509589684058,0.19835802912712097,0.23509204387664795,-1.462614893913269,-0.87052541971206665,-0.46307796239852905,-0.12515357136726379,0.52894139289855957,0.87721878290176392,1.3078849315643311,1.9747034311294556,-1.607249327428216,2
distill:garch-returns,synthetic-garch-returns-5,TimesFM-laplace-qd,762,0.33955509589684058,0.02986428514122963,0.10685905814170837,-1.6322543621063232,-1.0261023044586182,-0.59084844589233398,-0.21536023914813995,0.28855633735656738,0.67569631338119507,1.1400471925735474,1.8279833793640137,-1.5551058050449198,2
distill:garch-returns,synthetic-garch-returns-5,Laplace-q-fixed-bandwidth,763,0.82877568063921248,0.35244245328874352,-1.5523399808665292,-0.82007110506940517,-0.34306207426194524,0.023503817124088461,0.34694831058982478,0.67078994678321757,1.0387651838648893,1.5189822419337045,2.2595143067205354,-1.2385286540046108,2
distill:garch-returns,synthetic-garch-returns-5,TimesFM-zero-shot,763,0.82877568063921248,0.13756966590881348,0.17321048676967621,-1.3594545125961304,-0.81553971767425537,-0.44772917032241821,-0.15284767746925354,0.43964481353759766,0.754677414894104,1.1438947916030884,1.7615287303924561,-1.5745088077505731,2
distill:garch-returns,synthetic-garch-returns-5,TimesFM-laplace-qd,763,0.82877568063921248,0.050286382436752319,0.1183789074420929,-1.4617410898208618,-0.89913380146026611,-0.501808762550354,-0.16728171706199646,0.29008245468139648,0.64550590515136719,1.0702058076858521,1.7177578210830688,-1.6230720138516619,2
distill:garch-returns,synthetic-garch-returns-5,Laplace-q-fixed-bandwidth,764,1.2803145369417859,0.37809256154807469,-1.4788349124602393,-0.75579083032968686,-0.29170757119864976,0.061648644701671737,0.37263001904398252,0.6839979742655371,1.0387441141949596,1.5060683156237553,2.2374097806522455,-1.5320982563571277,2
distill:garch-returns,synthetic-garch-returns-5,TimesFM-zero-shot,764,1.2803145369417859,0.10769695043563843,0.14838595688343048,-1.454576849937439,-0.89623826742172241,-0.51567208766937256,-0.20018482208251953,0.42409160733222961,0.75891721248626709,1.1748433113098145,1.8250350952148438,-1.80822730989261,2
distill:garch-returns,synthetic-garch-returns-5,TimesFM-laplace-qd,764,1.2803145369417859,0.021942805498838425,0.10180194675922394,-1.5178862810134888,-0.95012044906616211,-0.54754000902175903,-0.20418745279312134,0.27010330557823181,0.63700294494628906,1.0748412609100342,1.7335200309753418,-1.9100280506520304,2
distill:garch-returns,synthetic-garch-returns-5,Laplace-q-fixed-bandwidth,765,0.16018415727920871,0.45295437167794766,-1.383627026631713,-0.66721204861220773,-0.20839217313055916,0.14054141861780201,0.44754579078583567,0.75493118429815076,1.1052371822505158,1.5672692340912469,2.2919057542525896,-1.1092685961977045,2
distill:garch-returns,synthetic-garch-returns-5,TimesFM-zero-shot,765,0.16018415727920871,0.30153712630271912,0.29058966040611267,-1.2590227127075195,-0.68859684467315674,-0.30393180251121521,0.0067330636084079742,0.60841739177703857,0.92860376834869385,1.3158955574035645,1.9219534397125244,-1.5148001896048005,2
distill:garch-returns,synthetic-garch-returns-5,TimesFM-laplace-qd,765,0.16018415727920871,0.27661994099617004,0.27733775973320007,-1.2604779005050659,-0.68304246664047241,-0.27758446335792542,0.060112267732620239,0.5156017541885376,0.86700421571731567,1.27525794506073,1.8912688493728638,-1.4180352622378021,2
distill:garch-returns,synthetic-garch-returns-5,Laplace-q-fixed-bandwidth,766,0.59431334643168776,0.43408078127613847,-1.3444296680979384,-0.63859864881013051,-0.19626082354340585,0.13654921805158798,0.42869719698381331,0.72121070097505335,1.0553586068290837,1.5009430044670979,2.2151118739276239,-1.0314837413771583,2
distill:garch-returns,synthetic-garch-returns-5,TimesFM-zero-shot,766,0.59431334643168776,0.15231132507324219,0.17117515206336975,-1.355014443397522,-0.80544215440750122,-0.43929672241210938,-0.13842187821865082,0.45783156156539917,0.77899587154388428,1.1753954887390137,1.801459789276123,-1.5408020778544067,2
distill:garch-returns,synthetic-garch-returns-5,TimesFM-laplace-qd,766,0.59431334643168776,0.14163264632225037,0.18914125859737396,-1.312947154045105,-0.76929718255996704,-0.38966470956802368,-0.065470732748508453,0.37402147054672241,0.72371304035186768,1.1400508880615234,1.7736579179763794,-1.479043383416083,2
distill:garch-returns,synthetic-garch-returns-5,Laplace-q-fixed-bandwidth,767,1.0647310141515496,0.43800304842199939,-1.2759226422646468,-0.58248777632173698,-0.15924353707756753,0.15613578934667618,0.43264581738398422,0.70950161043318882,1.0261663133703229,1.4526656556108999,2.154626420147447,-1.2607821973520212,2
distill:garch-returns,synthetic-garch-returns-5,TimesFM-zero-shot,767,1.0647310141515496,0.11732359230518341,0.14395257830619812,-1.4037203788757324,-0.85214245319366455,-0.48047894239425659,-0.17812435328960419,0.41920793056488037,0.7362818717956543,1.139551043510437,1.7540656328201294,-1.6734656406921795,2
distill:garch-returns,synthetic-garch-returns-5,TimesFM-laplace-qd,767,1.0647310141515496,0.14524036645889282,0.16221851110458374,-1.3366363048553467,-0.78258687257766724,-0.39386200904846191,-0.063397958874702454,0.36678594350814819,0.71104544401168823,1.1339859962463379,1.7426464557647705,-1.6763871609545822,2
distill:random-walk-price-change,synthetic-random-walk-price-change-2,Laplace-q-fixed-bandwidth,704,0.088419038624688584,-0.0213982065051775,-0.27723285552857352,-0.18783601848481779,-0.12408979028572509,-0.069904093205243822,-0.019438088138814008,0.030884792306782413,0.084567857027545004,0.14710231022792519,0.23280785738797524,0.55925028787329811,2
distill:random-walk-price-change,synthetic-random-walk-price-change-2,TimesFM-zero-shot,704,0.088419038624688584,-0.0070682251825928688,-0.0047807497903704643,-0.23497280478477478,-0.15499536693096161,-0.098808348178863525,-0.051507286727428436,0.038097411394119263,0.085061363875865936,0.14223659038543701,0.22423887252807617,0.36748405047223009,2
distill:random-walk-price-change,synthetic-random-walk-price-change-2,TimesFM-laplace-qd,704,0.088419038624688584,-0.015760781243443489,-0.011370756663382053,-0.20823191106319427,-0.13925866782665253,-0.087672367691993713,-0.042608082294464111,0.010464221239089966,0.054878249764442444,0.10728336870670319,0.17914585769176483,0.46634326892161915,2
distill:random-walk-price-change,synthetic-random-walk-price-change-2,Laplace-q-fixed-bandwidth,705,0.14592352500830597,-0.017858832540153313,-0.27104190624437363,-0.18257650974322256,-0.11948911935084418,-0.065863698017282785,-0.015920492188204481,0.033881085079915892,0.087009212068279856,0.14889802471526226,0.23371361709646465,0.3008178903186296,2
distill:random-walk-price-change,synthetic-random-walk-price-change-2,TimesFM-zero-shot,705,0.14592352500830597,-0.0088974181562662125,-0.0071997847408056259,-0.23613551259040833,-0.15672717988491058,-0.10042013972997665,-0.053331762552261353,0.036388400942087173,0.083606481552124023,0.14011505246162415,0.22229933738708496,0.2392495810912838,2
distill:random-walk-price-change,synthetic-random-walk-price-change-2,TimesFM-laplace-qd,705,0.14592352500830597,-0.016897134482860565,-0.012307757511734962,-0.20889103412628174,-0.14040187001228333,-0.088674142956733704,-0.043848011642694473,0.010071988217532635,0.054872818291187286,0.10674025863409042,0.17934469878673553,0.16622552833379767,2
distill:random-walk-price-change,synthetic-random-walk-price-change-2,Laplace-q-fixed-bandwidth,706,-0.21038684628780269,-0.013955189135584332,-0.26617457000862221,-0.17805613860418079,-0.11520866308922773,-0.061783974631423995,-0.012026012364480497,0.037590988235388735,0.090520695597951201,0.15217511864320279,0.23666119443346084,0.067144024594071094,2
distill:random-walk-price-change,synthetic-random-walk-price-change-2,TimesFM-zero-shot,706,-0.21038684628780269,-0.0082979332655668259,-0.0065351538360118866,-0.23312447965145111,-0.15487091243267059,-0.099521338939666748,-0.052812505513429642,0.036443136632442474,0.08289925754070282,0.1393907219171524,0.22237423062324524,-0.62699240442072723,2
distill:random-walk-price-change,synthetic-random-walk-price-change-2,TimesFM-laplace-qd,706,-0.21038684628780269,-0.011217957362532616,-0.0083295218646526337,-0.19815212488174438,-0.13127750158309937,-0.080976143479347229,-0.037064328789710999,0.014474289491772652,0.057894676923751831,0.10937461256980896,0.18089474737644196,-1.2285424966849217,2
distill:random-walk-price-change,synthetic-random-walk-price-change-2,Laplace-q-fixed-bandwidth,707,0.23255760127305036,-0.011501552985447326,-0.26444903396287855,-0.17608944894605411,-0.11306121158615232,-0.059477767427998818,-0.0095687765964455416,0.040199039400087413,0.093286652372690154,0.15511954021262186,0.23984003718638353,-0.18283012864456394,2
distill:random-walk-price-change,synthetic-random-walk-price-change-2,TimesFM-zero-shot,707,0.23255760127305036,-0.012029420584440231,-0.010361874476075172,-0.24165824055671692,-0.16102820634841919,-0.10450942069292068,-0.05693817138671875,0.033550884574651718,0.080543525516986847,0.13779634237289429,0.22052177786827087,-0.2049514154145371,2
distill:random-walk-price-change,synthetic-random-walk-price-change-2,TimesFM-laplace-qd,707,0.23255760127305036,-0.017212901264429092,-0.0142445033416152,-0.20904600620269775,-0.13996374607086182,-0.088389165699481964,-0.043462749570608139,0.0093085579574108124,0.053352132439613342,0.10604541748762131,0.1778501570224762,-0.47405503778415237,2
distill:random-walk-price-change,synthetic-random-walk-price-change-2,Laplace-q-fixed-bandwidth,708,-0.16011531000630796,-0.014700438145307148,-0.27029742592061606,-0.18102696528588619,-0.11733957663141406,-0.063189793259104024,-0.012749479891541963,0.037548401841822905,0.091197812703627951,0.15367856504920308,0.23927569497154416,0.3553486234307075,2
distill:random-walk-price-change,synthetic-random-walk-price-change-2,TimesFM-zero-shot,708,-0.16011531000630796,-0.0077266264706850052,-0.0066271061077713966,-0.23921166360378265,-0.15792708098888397,-0.10052961111068726,-0.052947457879781723,0.037945307791233063,0.085877083241939545,0.14363503456115723,0.22609859704971313,0.60266157369248996,2
distill:random-walk-price-change,synthetic-random-walk-price-change-2,TimesFM-laplace-qd,708,-0.16011531000630796,-0.011201641522347927,-0.0089551601558923721,-0.20353777706623077,-0.13422821462154388,-0.082111530005931854,-0.037531584501266479,0.014866204001009464,0.059677917510271072,0.11253060400485992,0.18343387544155121,0.2398390735451269,2
distill:random-walk-price-change,synthetic-random-walk-price-change-2,Laplace-q-fixed-bandwidth,709,-0.080305354420310504,-0.0076948748019560155,-0.2619089747479133,-0.17313041924258213,-0.10978698413499027,-0.055927294902587008,-0.0057561628409651877,0.044273407733240719,0.097635778663583195,0.15977998901031323,0.24490855550717047,0.66914724499704481,2
distill:random-walk-price-change,synthetic-random-walk-price-change-2,TimesFM-zero-shot,709,-0.080305354420310504,-0.0083225835114717484,-0.0058260555379092693,-0.24124009907245636,-0.15938037633895874,-0.10174127668142319,-0.05373174324631691,0.037684954702854156,0.085666686296463013,0.14370191097259521,0.22678424417972565,0.50896999081014505,2
distill:random-walk-price-change,synthetic-random-walk-price-change-2,TimesFM-laplace-qd,709,-0.080305354420310504,-0.010798998177051544,-0.0064716991037130356,-0.2054133266210556,-0.13557800650596619,-0.083024188876152039,-0.037558466196060181,0.016131754964590073,0.061025343835353851,0.11432856321334839,0.18701979517936707,0.84466007894917627,2
distill:random-walk-price-change,synthetic-random-walk-price-change-2,Laplace-q-fixed-bandwidth,710,3.131319632454499e-05,-0.010072065418307564,-0.26106509357990715,-0.1734147541079972,-0.11087167206658974,-0.05769367804859464,-0.0081592391509658305,0.041235412698350404,0.093922438759913657,0.1552820269449415,0.23933168501858784,0.8052704704664928,2
distill:random-walk-price-change,synthetic-random-walk-price-change-2,TimesFM-zero-shot,710,3.131319632454499e-05,-0.0070696179755032063,-0.0044441437348723412,-0.23759423196315765,-0.15644089877605438,-0.099320799112319946,-0.051960330456495285,0.03876788541674614,0.086645863950252533,0.14411526918411255,0.22687947750091553,0.37573883095095839,2
distill:random-walk-price-change,synthetic-random-walk-price-change-2,TimesFM-laplace-qd,710,3.131319632454499e-05,-0.0091869710013270378,-0.0054028523154556751,-0.20174106955528259,-0.13240182399749756,-0.080323658883571625,-0.035609874874353409,0.017566017806529999,0.062417976558208466,0.1149456799030304,0.18685746192932129,0.66391771296990676,2
distill:random-walk-price-change,synthetic-random-walk-price-change-2,Laplace-q-fixed-bandwidth,711,-0.037628662297692017,-0.012247110782966555,-0.2593954775818117,-0.17308646658963203,-0.11149779364852475,-0.059135382283134821,-0.010364592576712944,0.038268428854613568,0.090147193623461075,0.15057074857805103,0.2333369467508786,0.80191495707726634,2
distill:random-walk-price-change,synthetic-random-walk-price-change-2,TimesFM-zero-shot,711,-0.037628662297692017,-0.0061249565333127975,-0.0037804832682013512,-0.2359805554151535,-0.15525920689105988,-0.098382271826267242,-0.051189899444580078,0.039410814642906189,0.086598522961139679,0.14354147017002106,0.22561982274055481,0.3744037058629317,2
distill:random-walk-price-change,synthetic-random-walk-price-change-2,TimesFM-laplace-qd,711,-0.037628662297692017,-0.0082649234682321548,-0.005777379497885704,-0.19889447093009949,-0.13003075122833252,-0.078480720520019531,-0.034372724592685699,0.017874822020530701,0.061763085424900055,0.11341866850852966,0.18335914611816406,0.68770724460539134,2
distill:random-walk-price-change,synthetic-random-walk-price-change-2,Laplace-q-fixed-bandwidth,712,-0.076689910932695726,-0.011696366611695937,-0.25515263384735898,-0.17013022510355322,-0.10945759676993655,-0.057878981945486283,-0.0098428649003056614,0.038057389463603541,0.08915930443892639,0.148684373326992,0.23021946668435467,0.72700955745865681,2
distill:random-walk-price-change,synthetic-random-walk-price-change-2,TimesFM-zero-shot,712,-0.076689910932695726,-0.0045996406115591526,-0.0016065404051914811,-0.23306900262832642,-0.15252417325973511,-0.095847763121128082,-0.048922065645456314,0.040451470762491226,0.087382107973098755,0.14404189586639404,0.22548523545265198,0.54584895302084879,2
distill:random-walk-price-change,synthetic-random-walk-price-change-2,TimesFM-laplace-qd,712,-0.076689910932695726,-0.010529639199376106,-0.0049982229247689247,-0.19885891675949097,-0.13099849224090576,-0.080175913870334625,-0.036442022770643234,0.015325779095292091,0.058681488037109375,0.11042675375938416,0.18136125802993774,0.8788482356974705,2
distill:random-walk-price-change,synthetic-random-walk-price-change-2,Laplace-q-fixed-bandwidth,713,-0.14038650649402729,-0.011582955657346206,-0.25186891697297498,-0.16795269015918704,-0.10806672524175934,-0.057160654127723171,-0.0097545761921135586,0.037517297619870812,0.087952699823360792,0.14670630361911355,0.22718326926716961,0.45999048979702639,2
distill:random-walk-price-change,synthetic-random-walk-price-change-2,TimesFM-zero-shot,713,-0.14038650649402729,-0.015158780850470066,-0.013505404815077782,-0.24387671053409576,-0.16369594633579254,-0.10696136951446533,-0.05999813973903656,0.030005514621734619,0.077351018786430359,0.13418889045715332,0.21583658456802368,0.86412609495443748,2
distill:random-walk-price-change,synthetic-random-walk-price-change-2,TimesFM-laplace-qd,713,-0.14038650649402729,-0.019667427986860275,-0.017202910035848618,-0.20973344147205353,-0.14117710292339325,-0.089636974036693573,-0.045716967433691025,0.0063112862408161163,0.050272230058908463,0.10166218876838684,0.17122907936573029,0.78446387923891958,2
distill:random-walk-price-change,synthetic-random-walk-price-change-2,Laplace-q-fixed-bandwidth,714,-0.059775156715735189,-0.012999531664273527,-0.25172284193248484,-0.16836010829282988,-0.10886289225529126,-0.058285398021610202,-0.011184562347663532,0.035783025932426646,0.08589321038717361,0.14426621950542787,0.22421523422708345,0.79415050515986674,2
distill:random-walk-price-change,synthetic-random-walk-price-change-2,TimesFM-zero-shot,714,-0.059775156715735189,-0.013164401054382324,-0.010372665710747242,-0.23893748223781586,-0.15997214615345001,-0.10408200323581696,-0.057396601885557175,0.031595479696989059,0.078352473676204681,0.13473697006702423,0.21616540849208832,0.41069909366419299,2
distill:random-walk-price-change,synthetic-random-walk-price-change-2,TimesFM-laplace-qd,714,-0.059775156715735189,-0.022372357547283173,-0.015592336654663086,-0.20903770625591278,-0.1432318389415741,-0.092825382947921753,-0.048557661473751068,0.0035939756780862808,0.047447118908166885,0.098785638809204102,0.17050233483314514,0.70297825279075465,2
distill:random-walk-price-change,synthetic-random-walk-price-change-2,Laplace-q-fixed-bandwidth,715,-0.034815158354333908,-0.015959652677836909,-0.25132490150333353,-0.16913011208204809,-0.11046534350092985,-0.060601603531525258,-0.014170934547665921,0.032128170146035542,0.081530797381110687,0.13908719499880157,0.21791862208080803,0.85771181940702834,2
distill:random-walk-price-change,synthetic-random-walk-price-change-2,TimesFM-zero-shot,715,-0.034815158354333908,-0.015493413433432579,-0.0065981131047010422,-0.23469251394271851,-0.15939179062843323,-0.10623877495527267,-0.059281177818775177,0.029989317059516907,0.077385120093822479,0.1326618492603302,0.21762317419052124,0.38345112489345223,2
distill:random-walk-price-change,synthetic-random-walk-price-change-2,TimesFM-laplace-qd,715,-0.034815158354333908,-0.021990615874528885,-0.0088959848508238792,-0.20453172922134399,-0.14029979705810547,-0.092760659754276276,-0.048673547804355621,0.0055137956514954567,0.050110474228858948,0.099893860518932343,0.17434889078140259,0.66295332492857151,2
distill:random-walk-price-change,synthetic-random-walk-price-change-2,Laplace-q-fixed-bandwidth,716,0.015399477024888419,-0.016923052177634491,-0.24872417607067837,-0.16776381114522315,-0.10998123687431266,-0.060876996383210362,-0.015161774970171652,0.030423563217382293,0.079072995511633853,0.13576365799895912,0.21341353654241468,0.86467992760529411,2
distill:random-walk-price-change,synthetic-random-walk-price-change-2,TimesFM-zero-shot,716,0.015399477024888419,-0.013818913139402866,-0.011014854535460472,-0.23947034776210785,-0.16038835048675537,-0.10442852973937988,-0.057884842157363892,0.030719660222530365,0.0772281214594841,0.13311716914176941,0.21381707489490509,0.40583692130165949,2
distill:random-walk-price-change,synthetic-random-walk-price-change-2,TimesFM-laplace-qd,716,0.015399477024888419,-0.023306276649236679,-0.017154913395643234,-0.20923437178134918,-0.14299289882183075,-0.093019500374794006,-0.049335341900587082,0.0020161932334303856,0.045320987701416016,0.095747277140617371,0.16598528623580933,0.67244772929621899,2
distill:random-walk-price-change,synthetic-random-walk-price-change-2,Laplace-q-fixed-bandwidth,717,-0.062671889288774985,-0.016728009644384881,-0.24505191391503067,-0.16529244272935828,-0.10836950380096089,-0.060007562449838389,-0.014993279963863772,0.029892682615641576,0.077805781356232562,0.13365265351767169,0.21015299099845575,0.8360014523344681,2
distill:random-walk-price-change,synthetic-random-walk-price-change-2,TimesFM-zero-shot,717,-0.062671889288774985,-0.011965138837695122,-0.01023327000439167,-0.23996230959892273,-0.15974767506122589,-0.10328428447246552,-0.05632806196808815,0.033078614622354507,0.080139636993408203,0.13647641241550446,0.21745650470256805,0.41693102580444874,2
distill:random-walk-price-change,synthetic-random-walk-price-change-2,TimesFM-laplace-qd,717,-0.062671889288774985,-0.020195800811052322,-0.017110105603933334,-0.20796631276607513,-0.14004722237586975,-0.089326374232769012,-0.045772433280944824,0.0054600043222308159,0.048952605575323105,0.099615074694156647,0.16848678886890411,0.73698398681182509,2
distill:random-walk-price-change,synthetic-random-walk-price-change-2,Laplace-q-fixed-bandwidth,718,-0.046373334013368739,-0.015751580168473021,-0.24085944154810179,-0.1622094900115898,-0.1060811343008967,-0.058406215928923672,-0.014041374047253747,0.030196568448765393,0.077428093790820732,0.13249498039255458,0.2079333334191443,0.88356049597597774,2
distill:random-walk-price-change,synthetic-random-walk-price-change-2,TimesFM-zero-shot,718,-0.046373334013368739,-0.012399296276271343,-0.011555077508091927,-0.23707416653633118,-0.1577783077955246,-0.1020996943116188,-0.056003578007221222,0.031855575740337372,0.077811606228351593,0.13284845650196075,0.21192042529582977,0.40437800243230893,2
distill:random-walk-price-change,synthetic-random-walk-price-change-2,TimesFM-laplace-qd,718,-0.046373334013368739,-0.017393585294485092,-0.01572057232260704,-0.20163606107234955,-0.13456918299198151,-0.084537677466869354,-0.041946269571781158,0.0072558298707008362,0.049528025090694427,0.098735056817531586,0.16503866016864777,0.73504127701931932,2
distill:random-walk-price-change,synthetic-random-walk-price-change-2,Laplace-q-fixed-bandwidth,719,-0.2207999995690495,-0.016379026127377454,-0.23814484388355378,-0.16064109258138881,-0.10533653755136227,-0.058378148004021316,-0.014693812208790107,0.028864955761810127,0.075385254467821086,0.12964307009742537,0.2039840231437598,-0.026535970298329437,2
distill:random-walk-price-change,synthetic-random-walk-price-change-2,TimesFM-zero-shot,719,-0.2207999995690495,-0.012529958039522171,-0.010513371787965298,-0.23424667119979858,-0.15595002472400665,-0.10172321647405624,-0.055768474936485291,0.031405229121446609,0.077038772404193878,0.13231463730335236,0.21179775893688202,-0.81677610972845294,2
distill:random-walk-price-change,synthetic-random-walk-price-change-2,TimesFM-laplace-qd,719,-0.2207999995690495,-0.019497755914926529,-0.01535024493932724,-0.20142774283885956,-0.13537020981311798,-0.087279327213764191,-0.044560506939888,0.0057625607587397099,0.048069305717945099,0.097551055252552032,0.16590623557567596,-1.4148079946498804,2
distill:random-walk-price-change,synthetic-random-walk-price-change-2,Laplace-q-fixed-bandwidth,720,0.11211724464685902,-0.019481446273693595,-0.24344882042498134,-0.16520694985163054,-0.1093600931444471,-0.061923935117753362,-0.017782387683854685,0.026232948899203877,0.07322824975836266,0.12802018866060855,0.20307232401718578,0.50335424185452893,2
distill:random-walk-price-change,synthetic-random-walk-price-change-2,TimesFM-zero-shot,720,0.11211724464685902,-0.013742698356509209,-0.011373036541044712,-0.24137815833091736,-0.16098751127719879,-0.10446667671203613,-0.05782211571931839,0.030992442741990089,0.077683344483375549,0.13322536647319794,0.21292431652545929,0.33495012554718961,2
distill:random-walk-price-change,synthetic-random-walk-price-change-2,TimesFM-laplace-qd,720,0.11211724464685902,-0.020367395132780075,-0.017487229779362679,-0.20831328630447388,-0.13990224897861481,-0.088770501315593719,-0.045594282448291779,0.0048671895638108253,0.047927595674991608,0.097767971456050873,0.16505579650402069,0.36091206899464634,2
distill:random-walk-price-change,synthetic-random-walk-price-change-2,Laplace-q-fixed-bandwidth,721,-0.043432694958829954,-0.021044299616783706,-0.24369104417913556,-0.16591915402215501,-0.11040145607641534,-0.063242148350055802,-0.019356726847406518,0.024403340871941279,0.07112475566614658,0.12559457557401182,0.20019853423301703,0.90770623832215525,2
distill:random-walk-price-change,synthetic-random-walk-price-change-2,TimesFM-zero-shot,721,-0.043432694958829954,-0.015613577328622341,-0.012344367802143097,-0.2388329803943634,-0.1608404815196991,-0.1057882234454155,-0.059578079730272293,0.029182247817516327,0.075574077665805817,0.13173586130142212,0.21362975239753723,0.39407610976825724,2
distill:random-walk-price-change,synthetic-random-walk-price-change-2,TimesFM-laplace-qd,721,-0.043432694958829954,-0.028476636856794357,-0.020653944462537766,-0.21276116371154785,-0.14764010906219482,-0.098454549908638,-0.054650861769914627,-0.0023294915445148945,0.040673848241567612,0.091295778751373291,0.16380587220191956,0.68620233833904765,2
distill:random-walk-price-change,synthetic-random-walk-price-change-2,Laplace-q-fixed-bandwidth,722,-0.04531571371621701,-0.018013029302164328,-0.23728884521477284,-0.1606709305539053,-0.10598370563686477,-0.059547906994804445,-0.016350458930055767,0.026722940236670822,0.072726089191749471,0.12638014432960754,0.19987903700241849,0.91473303726442623,2
distill:random-walk-price-change,synthetic-random-walk-price-change-2,TimesFM-zero-shot,722,-0.04531571371621701,-0.016591668128967285,-0.014519102871417999,-0.24255955219268799,-0.16280497610569,-0.10727733373641968,-0.060675445944070816,0.028126217424869537,0.075092531740665436,0.13125221431255341,0.21185573935508728,0.38869188469809268,2
distill:random-walk-price-change,synthetic-random-walk-price-change-2,TimesFM-laplace-qd,722,-0.04531571371621701,-0.026036746799945831,-0.022619776427745819,-0.21206413209438324,-0.14471389353275299,-0.095131553709506989,-0.051741406321525574,-0.00058741914108395576,0.042703345417976379,0.093389138579368591,0.16281186044216156,0.69775350218990573,2
distill:random-walk-price-change,synthetic-random-walk-price-change-2,Laplace-q-fixed-bandwidth,723,0.0097552603788160219,-0.017976464692498202,-0.23395963619929011,-0.15846325542834472,-0.10458550510136704,-0.05885860324410315,-0.016337959649196668,0.026059791374681292,0.071358862893741562,0.12421746083339681,0.19664222161564182,0.94011200218906765,2
distill:random-walk-price-change,synthetic-random-walk-price-change-2,TimesFM-zero-shot,723,0.0097552603788160219,-0.017808258533477783,-0.014852385967969894,-0.24105413258075714,-0.16374893486499786,-0.10853834450244904,-0.061265364289283752,0.026340380311012268,0.071931436657905579,0.12789872288703918,0.20871138572692871,0.41325303842689309,2
distill:random-walk-price-change,synthetic-random-walk-price-change-2,TimesFM-laplace-qd,723,0.0097552603788160219,-0.028538800776004791,-0.01972048357129097,-0.21356897056102753,-0.14909191429615021,-0.099252074956893921,-0.054226431995630264,-0.0026519419625401497,0.040408004075288773,0.09091147780418396,0.16100230813026428,0.668646678429198,2
distill:random-walk-price-change,synthetic-random-walk-price-change-2,Laplace-q-fixed-bandwidth,724,0.14542153207151598,-0.018125785953642264,-0.23080227290439459,-0.1564234428627197,-0.10335602386935394,-0.058344440842550485,-0.016510876729193779,0.025200772804661702,0.069788900990826658,0.12185069177739344,0.19320487877314224,0.29538367720601211,2
distill:random-walk-price-change,synthetic-random-walk-price-change-2,TimesFM-zero-shot,724,0.14542153207151598,-0.016389288008213043,-0.013937871903181076,-0.23694720864295959,-0.15988060832023621,-0.10562072694301605,-0.059724189341068268,0.027162056416273117,0.072684817016124725,0.12722525000572205,0.20688003301620483,0.22673195035543858,2
distill:random-walk-price-change,synthetic-random-walk-price-change-2,TimesFM-laplace-qd,724,0.14542153207151598,-0.025964662432670593,-0.021156325936317444,-0.20653423666954041,-0.14173761010169983,-0.093740023672580719,-0.051274597644805908,-0.0014172233641147614,0.040482647716999054,0.089111365377902985,0.15713673830032349,0.09458542784496915,2
distill:random-walk-price-change,synthetic-random-walk-price-change-2,Laplace-q-fixed-bandwidth,725,-0.19816768280555341,-0.016911617572037199,-0.22981567564656902,-0.15538624402871443,-0.10226830145960854,-0.057197786008051033,-0.015297645329610227,0.026481007642226419,0.071129084836493509,0.12324238378306636,0.19464807414731272,0.12375935519561265,2
distill:random-walk-price-change,synthetic-random-walk-price-change-2,TimesFM-zero-shot,725,-0.19816768280555341,-0.014619448222219944,-0.010086510330438614,-0.23525393009185791,-0.15876798331737518,-0.10424818843603134,-0.057922139763832092,0.029658503830432892,0.075707808136940002,0.13132718205451965,0.21325786411762238,-0.28842073515810562,2
distill:random-walk-price-change,synthetic-random-walk-price-change-2,TimesFM-laplace-qd,725,-0.19816768280555341,-0.02205117791891098,-0.013714966364204884,-0.20426444709300995,-0.13963602483272552,-0.090932004153728485,-0.047752108424901962,0.0038674809038639069,0.046628531068563461,0.096533887088298798,0.16764372587203979,-0.78068858055618096,2
distill:random-walk-price-change,synthetic-random-walk-price-change-2,Laplace-q-fixed-bandwidth,726,0.067253822658262186,-0.011445426863040183,-0.22570024214719492,-0.15083390299138788,-0.097387102156009625,-0.052017433953643562,-0.0098242689005719301,0.032247327510589306,0.077193682280873421,0.12963191147174541,0.20145987699644435,0.79753096205560725,2
distill:random-walk-price-change,synthetic-random-walk-price-change-2,TimesFM-zero-shot,726,0.067253822658262186,-0.012901110574603081,-0.011401958763599396,-0.23808656632900238,-0.15889321267604828,-0.10334545373916626,-0.05673179030418396,0.031604323536157608,0.078023768961429596,0.13393470644950867,0.21423228085041046,0.398472089445433,2
distill:random-walk-price-change,synthetic-random-walk-price-change-2,TimesFM-laplace-qd,726,0.067253822658262186,-0.017060276120901108,-0.014182090759277344,-0.20314265787601471,-0.13596783578395844,-0.08606671541929245,-0.04266241192817688,0.0085060521960258484,0.051521793007850647,0.10195028781890869,0.1705860048532486,0.56939379949421287,2
distill:random-walk-price-change,synthetic-random-walk-price-change-2,Laplace-q-fixed-bandwidth,727,0.1672705798598606,-0.016342358350770345,-0.22804206160208829,-0.15405357583373067,-0.10123693935163053,-0.056414552467718017,-0.014740469062757364,0.026813104649339774,0.071216325562333288,0.12303577510010649,0.1940234815834681,0.14869813541287891,2
distill:random-walk-price-change,synthetic-random-walk-price-change-2,TimesFM-zero-shot,727,0.1672705798598606,-0.011531759053468704,-0.010995961725711823,-0.23623688519001007,-0.15704657137393951,-0.10194723308086395,-0.055398046970367432,0.032817162573337555,0.079180218279361725,0.13519482314586639,0.21488292515277863,0.15562326864099596,2
distill:random-walk-price-change,synthetic-random-walk-price-change-2,TimesFM-laplace-qd,727,0.1672705798598606,-0.017585210502147675,-0.016491241753101349,-0.20181044936180115,-0.13487134873867035,-0.085400119423866272,-0.042289592325687408,0.007422356866300106,0.050094854086637497,0.10036128759384155,0.16756296157836914,0.012883816409073878,2
distill:random-walk-price-change,synthetic-random-walk-price-change-2,Laplace-q-fixed-bandwidth,728,-0.10493838367816655,-0.015610139476218336,-0.22848398817903226,-0.15411824414481967,-0.1010161677034294,-0.055932824226325721,-0.014002266702816025,0.027807756236530586,0.072471295077143977,0.12457295981593657,0.19592566583088455,0.71967464493807398,2
distill:random-walk-price-change,synthetic-random-walk-price-change-2,TimesFM-zero-shot,728,-0.10493838367816655,-0.0091409534215927124,-0.0081870630383491516,-0.23408758640289307,-0.15490709245204926,-0.099411778151988983,-0.05307362973690033,0.035153433680534363,0.081392295658588409,0.13739696145057678,0.21739944815635681,0.78424257772395245,2
distill:random-walk-price-change,synthetic-random-walk-price-change-2,TimesFM-laplace-qd,728,-0.10493838367816655,-0.011151646263897419,-0.0088953953236341476,-0.19625495374202728,-0.12940065562725067,-0.079516597092151642,-0.036359153687953949,0.013820093125104904,0.056688904762268066,0.10738923400640488,0.17576925456523895,0.99647056667787803,2
distill:random-walk-price-change,synthetic-random-walk-price-change-2,Laplace-q-fixed-bandwidth,729,0.14772345182144431,-0.0085872579778608349,-0.21934420074308245,-0.14571276963093618,-0.093134594784183566,-0.048502023918500739,-0.0069958991603849396,0.034390711480479765,0.078607283136890249,0.13019494910789225,0.20084524779096669,0.34623989150051981,2
distill:random-walk-price-change,synthetic-random-walk-price-change-2,TimesFM-zero-shot,729,0.14772345182144431,-0.013818845152854919,-0.012482979334890842,-0.23706322908401489,-0.158400759100914,-0.10311691462993622,-0.057368956506252289,0.030179090797901154,0.076471284031867981,0.13212016224861145,0.21164710819721222,0.22625412774900178,2
distill:random-walk-price-change,synthetic-random-walk-price-change-2,TimesFM-laplace-qd,729,0.14772345182144431,-0.014760686084628105,-0.012524820864200592,-0.19823494553565979,-0.13196152448654175,-0.082203730940818787,-0.03965914249420166,0.0098856538534164429,0.05238381028175354,0.10245731472969055,0.16996590793132782,0.16422305350515809,2
distill:random-walk-price-change,synthetic-random-walk-price-change-2,Laplace-q-fixed-bandwidth,730,-0.048475580337626889,-0.01317369081450877,-0.22390239730230013,-0.15030319149300977,-0.097736333628409666,-0.053101530220298274,-0.011584764812480681,0.029812918409426764,0.07403289012125655,0.12561101441532399,0.19623315514510356,0.93505114124369193,2
distill:random-walk-price-change,synthetic-random-walk-price-change-2,TimesFM-zero-shot,730,-0.048475580337626889,-0.011792868375778198,-0.011693515814840794,-0.23595069348812103,-0.15701700747013092,-0.10177794843912125,-0.055637732148170471,0.03240479901432991,0.078893296420574188,0.13490359485149384,0.21507905423641205,0.40434544275382933,2
distill:random-walk-price-change,synthetic-random-walk-price-change-2,TimesFM-laplace-qd,730,-0.048475580337626889,-0.013758442364633083,-0.012571860104799271,-0.19756804406642914,-0.13108484447002411,-0.081599600613117218,-0.038860224187374115,0.011232544668018818,0.053962022066116333,0.10423977673053741,0.17241990566253662,0.73520632474668557,2
distill:random-walk-price-change,synthetic-random-walk-price-change-2,Laplace-q-fixed-bandwidth,731,-0.11161216224101267,-0.0071025746121838405,-0.21474778324179977,-0.14219605221953857,-0.090386746761574988,-0.046416869434393396,-0.0055359056072453085,0.035227012765799148,0.078786448737768799,0.12961995277700622,0.19923857435751302,0.64694932525255577,2
distill:random-walk-price-change,synthetic-random-walk-price-change-2,TimesFM-zero-shot,731,-0.11161216224101267,-0.016500426456332207,-0.015553891658782959,-0.23884235322475433,-0.16046816110610962,-0.10603205114603043,-0.059950314462184906,0.027270089834928513,0.072980247437953949,0.12849539518356323,0.20732976496219635,0.80131760583577183,2
distill:random-walk-price-change,synthetic-random-walk-price-change-2,TimesFM-laplace-qd,731,-0.11161216224101267,-0.017595032230019569,-0.016166193410754204,-0.2005237489938736,-0.1341068297624588,-0.085120640695095062,-0.042259152978658676,0.0070859123952686787,0.049302201718091965,0.099477484822273254,0.1661817878484726,1.0007218495797092,2
distill:random-walk-price-change,synthetic-random-walk-price-change-2,Laplace-q-fixed-bandwidth,732,0.023208214974702601,-0.006087256073327078,-0.21215348162494815,-0.14015631809703141,-0.088739398926850538,-0.045103192428772962,-0.0045334922470386622,0.035919060901642555,0.079148020162029237,0.12959700108486813,0.1986857358734383,0.98232577573780522,2
distill:random-walk-price-change,synthetic-random-walk-price-change-2,TimesFM-zero-shot,732,0.023208214974702601,-0.010184147395193577,-0.0085907932370901108,-0.23152318596839905,-0.15391331911087036,-0.098973043262958527,-0.053272910416126251,0.03365727886557579,0.079964876174926758,0.13513973355293274,0.21467959880828857,0.42077718966140787,2
distill:random-walk-price-change,synthetic-random-walk-price-change-2,TimesFM-laplace-qd,732,0.023208214974702601,-0.01266127172857523,-0.010300509631633759,-0.19545996189117432,-0.12961189448833466,-0.079890914261341095,-0.037261400371789932,0.012156209908425808,0.055065829306840897,0.10477626323699951,0.17218181490898132,0.70311898495120118,2
distill:random-walk-price-change,synthetic-random-walk-price-change-2,Laplace-q-fixed-bandwidth,733,0.053693613448211774,-0.01057609330537254,-0.21349740401067163,-0.14255762575776415,-0.091910218220118689,-0.04895642584974895,-0.0090442970082074935,0.030751523184655551,0.073301974418768789,0.12299393948925166,0.19106926966199317,0.89591544580302673,2
distill:random-walk-price-change,synthetic-random-walk-price-change-2,TimesFM-zero-shot,733,0.053693613448211774,-0.010513958521187305,-0.0095248566940426826,-0.23010380566120148,-0.15270759165287018,-0.098341315984725952,-0.053220447152853012,0.032988853752613068,0.078801438212394714,0.13303793966770172,0.21139830350875854,0.42979545329605195,2
distill:random-walk-price-change,synthetic-random-walk-price-change-2,TimesFM-laplace-qd,733,0.053693613448211774,-0.012323209084570408,-0.010291244834661484,-0.19300606846809387,-0.12769114971160889,-0.078696519136428833,-0.036633089184761047,0.012336276471614838,0.054808851331472397,0.1038011759519577,0.17071901261806488,0.64916714758663407,2
distill:random-walk-price-change,synthetic-random-walk-price-change-2,Laplace-q-fixed-bandwidth,734,0.043211920807207704,-0.010996893221617069,-0.21127254818728974,-0.14122688481622436,-0.091228030445108466,-0.048846632515722695,-0.0094839694607422934,0.029763192583669038,0.071744787716774866,0.12079902707967805,0.18801779726484885,0.94399687619443062,2
distill:random-walk-price-change,synthetic-random-walk-price-change-2,TimesFM-zero-shot,734,0.043211920807207704,-0.0074336263351142406,-0.0066124461591243744,-0.22486816346645355,-0.14849016070365906,-0.094859063625335693,-0.049991462379693985,0.03568045049905777,0.080897361040115356,0.1355501264333725,0.21429018676280975,0.43590653427702497,2
distill:random-walk-price-change,synthetic-random-walk-price-change-2,TimesFM-laplace-qd,734,0.043211920807207704,-0.0053860433399677277,-0.0035144186113029718,-0.18304847180843353,-0.11896643042564392,-0.071223869919776917,-0.029596420004963875,0.01893213763833046,0.060571964830160141,0.10972282290458679,0.17693041265010834,0.69711659556985373,2
distill:random-walk-price-change,synthetic-random-walk-price-change-2,Laplace-q-fixed-bandwidth,735,0.38588866572020897,-0.0094377100372976617,-0.20693046498660003,-0.13781499069693046,-0.088495442246163819,-0.04672014709381643,-0.007943949336151555,0.030717393592125726,0.072096076363220296,0.12048174228082265,0.18680901115636131,-1.9941310681873901,2
distill:random-walk-price-change,synthetic-random-walk-price-change-2,TimesFM-zero-shot,735,0.38588866572020897,-0.0082633337005972862,-0.0072377189062535763,-0.22615736722946167,-0.14938539266586304,-0.096020147204399109,-0.050999734550714493,0.034903205931186676,0.08007417619228363,0.13502949476242065,0.21370342373847961,-1.484583164908184,2
distill:random-walk-price-change,synthetic-random-walk-price-change-2,TimesFM-laplace-qd,735,0.38588866572020897,-0.0075348597019910812,-0.0053520016372203827,-0.1861037015914917,-0.12131664901971817,-0.07368200272321701,-0.032071672379970551,0.017159512266516685,0.05874355137348175,0.10802944749593735,0.17521375417709351,-2.1243890692923704,2
distill:random-walk-price-change,synthetic-random-walk-price-change-2,Laplace-q-fixed-bandwidth,736,0.10724661369789601,-0.011245288806667354,-0.22762809857085212,-0.15216691045632882,-0.09826728032412238,-0.052540080115879267,-0.010032678055761433,0.032379461293458325,0.077776189384822336,0.13089192564068916,0.20399134203203442,0.58358658036883737,2
distill:random-walk-price-change,synthetic-random-walk-price-change-2,TimesFM-zero-shot,736,0.10724661369789601,-0.0080773327499628067,-0.0080621913075447083,-0.23177877068519592,-0.15307416021823883,-0.097942754626274109,-0.051935158669948578,0.036160431802272797,0.08268158882856369,0.13868199288845062,0.21895673871040344,0.35257456609395899,2
distill:random-walk-price-change,synthetic-random-walk-price-change-2,TimesFM-laplace-qd,736,0.10724661369789601,-0.0074138492345809937,-0.0071599427610635757,-0.19277355074882507,-0.12578392028808594,-0.075763262808322906,-0.032742030918598175,0.018169844523072243,0.061454929411411285,0.1124780997633934,0.18158787488937378,0.43956445610335559,2
distill:random-walk-price-change,synthetic-random-walk-price-change-2,Laplace-q-fixed-bandwidth,737,0.17442215827391649,0.0014390588282622054,-0.2134132184660264,-0.13849012560452045,-0.084970466321463489,-0.039565204870079043,0.0026427175055837642,0.044756037186453088,0.089833147374299427,0.14257454056449809,0.21515351735452082,0.22334293365638924,2
distill:random-walk-price-change,synthetic-random-walk-price-change-2,TimesFM-zero-shot,737,0.17442215827391649,-0.0024899081327021122,-0.0039144759066402912,-0.2263721227645874,-0.14730040729045868,-0.092140860855579376,-0.046116940677165985,0.041333943605422974,0.087565839290618896,0.14289997518062592,0.22213417291641235,0.16507824012541605,2
distill:random-walk-price-change,synthetic-random-walk-price-change-2,TimesFM-laplace-qd,737,0.17442215827391649,0.0040809828788042068,0.0030134213156998158,-0.18064196407794952,-0.11352299898862839,-0.063397236168384552,-0.020505139604210854,0.028944499790668488,0.072114549577236176,0.12231877446174622,0.1899539977312088,0.11590924243587208,2
distill:random-walk-price-change,synthetic-random-walk-price-change-2,Laplace-q-fixed-bandwidth,738,0.093274037313213931,0.0069758998684554653,-0.20850373672361683,-0.1333981245392214,-0.079730460473085726,-0.034178534183229213,0.008181212126767104,0.050446586086805696,0.095670690063759278,0.14855940226209846,0.22131655432501357,0.75633256483440592,2
distill:random-walk-price-change,synthetic-random-walk-price-change-2,TimesFM-zero-shot,738,0.093274037313213931,-0.0043127480894327164,-0.0047990167513489723,-0.22497071325778961,-0.14743335545063019,-0.093004383146762848,-0.047544162720441818,0.039419636130332947,0.085772834718227386,0.14128069579601288,0.22108601033687592,0.38726575124450258,2
distill:random-walk-price-change,synthetic-random-walk-price-change-2,TimesFM-laplace-qd,738,0.093274037313213931,0.0034743321593850851,0.0031475983560085297,-0.17692133784294128,-0.11161793023347855,-0.062760911881923676,-0.020655455067753792,0.028603829443454742,0.0715608149766922,0.12173297256231308,0.18978320062160492,0.55726585637013248,2
distill:random-walk-price-change,synthetic-random-walk-price-change-2,Laplace-q-fixed-bandwidth,739,-0.077048000842494968,0.011575992278850986,-0.20150174544320365,-0.12721672948985352,-0.074139700133095274,-0.029102262111171166,0.012768477836854662,0.054545541173345674,0.099257933214178876,0.15156379306962431,0.2235264614901542,0.72691736015294039,2
distill:random-walk-price-change,synthetic-random-walk-price-change-2,TimesFM-zero-shot,739,-0.077048000842494968,-0.0039515215903520584,-0.0048111146315932274,-0.22520484030246735,-0.1467660665512085,-0.0926080122590065,-0.047059014439582825,0.039271146059036255,0.084498040378093719,0.13944482803344727,0.2173612117767334,0.59920528982627319,2
distill:random-walk-price-change,synthetic-random-walk-price-change-2,TimesFM-laplace-qd,739,-0.077048000842494968,0.0067054727114737034,0.0056711561046540737,-0.17596003413200378,-0.10927005112171173,-0.060299389064311981,-0.017753841355443001,0.031680777668952942,0.073890574276447296,0.12393245100975037,0.19076034426689148,0.97685238020455845,2
distill:random-walk-price-change,synthetic-random-walk-price-change-2,Laplace-q-fixed-bandwidth,740,-0.20943603725085902,0.010036536591643724,-0.20086972434446046,-0.1273295149741803,-0.074787192380905504,-0.030213755035941009,0.01121727770049641,0.052555307705032542,0.096806319637481986,0.14858463656068546,0.21982629763712677,-0.16238448926634863,2
distill:random-walk-price-change,synthetic-random-walk-price-change-2,TimesFM-zero-shot,740,-0.20943603725085902,0.0094568058848381042,0.010743273422122002,-0.21174828708171844,-0.13417090475559235,-0.079326331615447998,-0.033814862370491028,0.052757717669010162,0.098782509565353394,0.15410266816616058,0.23334728181362152,-1.0214970647538153,2
distill:random-walk-price-change,synthetic-random-walk-price-change-2,TimesFM-laplace-qd,740,-0.20943603725085902,0.027292430400848389,0.02871326170861721,-0.15484185516834259,-0.089169807732105255,-0.039694085717201233,0.0026132902130484581,0.052211195230484009,0.094628825783729553,0.14464615285396576,0.21237482130527496,-2.3522029411538012,2
distill:random-walk-price-change,synthetic-random-walk-price-change-2,Laplace-q-fixed-bandwidth,741,0.24883106059867277,0.0052020247986987464,-0.2091856955819564,-0.13448827671430522,-0.081092939847090512,-0.035761550605473806,0.0063994524853917337,0.048466751331942774,0.093472510158700783,0.14609377967909751,0.21845820883664721,-0.30670121942526929,2
distill:random-walk-price-change,synthetic-random-walk-price-change-2,TimesFM-zero-shot,741,0.24883106059867277,0.00087633775547146797,0.0017099988181143999,-0.22005760669708252,-0.14203310012817383,-0.087379321455955505,-0.042343243956565857,0.044307608157396317,0.090205125510692596,0.14503616094589233,0.22283118963241577,-0.24168251010193487,2
distill:random-walk-price-change,synthetic-random-walk-price-change-2,TimesFM-laplace-qd,741,0.24883106059867277,0.0074460990726947784,0.0085023706778883934,-0.17477543652057648,-0.10855970531702042,-0.059074237942695618,-0.017160743474960327,0.032256625592708588,0.074897326529026031,0.12475501745939255,0.19129063189029694,-0.44896325948715077,2
distill:random-walk-price-change,synthetic-random-walk-price-change-2,Laplace-q-fixed-bandwidth,742,-0.14932420916060218,0.00098019365251945066,-0.21786882842775976,-0.14166867427286228,-0.087174981017952888,-0.040880126442263978,0.002199965618666872,0.04518515847931491,0.091149517627928334,0.14485534177265508,0.21867723041608811,0.35036099756687955,2
distill:random-walk-price-change,synthetic-random-walk-price-change-2,TimesFM-zero-shot,742,-0.14932420916060218,-0.0021565274801105261,-0.002303070155903697,-0.22756297886371613,-0.14810082316398621,-0.092360556125640869,-0.046011418104171753,0.042056269943714142,0.088525548577308655,0.1446809321641922,0.22429865598678589,0.64704785859712199,2
distill:random-walk-price-change,synthetic-random-walk-price-change-2,TimesFM-laplace-qd,742,-0.14932420916060218,0.00054906134027987719,0.00056208297610282898,-0.18622462451457977,-0.11854720115661621,-0.06790972501039505,-0.02460864745080471,0.026173515245318413,0.069482177495956421,0.12074723839759827,0.18913166224956512,0.14795467587923117,2
distill:random-walk-price-change,synthetic-random-walk-price-change-2,Laplace-q-fixed-bandwidth,743,0.029857998979372802,0.0064572627909754397,-0.21212803923085366,-0.13603989970935154,-0.081615319908494299,-0.035368511505274286,0.0076744623302524226,0.050622897693859248,0.096540238781825299,0.15017872735210183,0.22389319224298884,0.93269643563669957,2
distill:random-walk-price-change,synthetic-random-walk-price-change-2,TimesFM-zero-shot,743,0.029857998979372802,0.0025088929105550051,0.0015831789933145046,-0.22418881952762604,-0.14413221180438995,-0.088475614786148071,-0.041697137057781219,0.046483173966407776,0.092416189610958099,0.14843450486660004,0.22698810696601868,0.41374603449066782,2
distill:random-walk-price-change,synthetic-random-walk-price-change-2,TimesFM-laplace-qd,743,0.029857998979372802,0.0098023479804396629,0.0088596316054463387,-0.17757576704025269,-0.10952594131231308,-0.059211473912000656,-0.015686694532632828,0.034799400717020035,0.077243484556674957,0.12783698737621307,0.19453980028629303,0.70921652386165945,2
distill:random-walk-price-change,synthetic-random-walk-price-change-2,Laplace-q-fixed-bandwidth,744,-0.14295702809280564,0.0013149516374707545,-0.21390691622008368,-0.13895338466088239,-0.085352595282016969,-0.03983178840990733,0.0025149629366289171,0.04476794269454331,0.08996265186499583,0.14278762480441012,0.21540301057587358,0.39065245357667755,2
distill:random-walk-price-change,synthetic-random-walk-price-change-2,TimesFM-zero-shot,744,-0.14295702809280564,0.00094672583509236574,0.00095575430896133184,-0.22232359647750854,-0.14392486214637756,-0.088821657001972198,-0.042798973619937897,0.044757187366485596,0.090737149119377136,0.14617893099784851,0.22540785372257233,0.69029028344737808,2
distill:random-walk-price-change,synthetic-random-walk-price-change-2,TimesFM-laplace-qd,744,-0.14295702809280564,0.0028487511444836855,0.0034321865532547235,-0.18128755688667297,-0.11505243182182312,-0.065300688147544861,-0.022467136383056641,0.027555285021662712,0.069938831031322479,0.12014328688383102,0.18779751658439636,0.21024757196362398,2
distill:random-walk-price-change,synthetic-random-walk-price-change-2,Laplace-q-fixed-bandwidth,745,0.17695398393208284,0.003387653028678893,-0.21143425452997763,-0.13664034054822799,-0.083142716189240823,-0.03769869811171013,0.0045843339795806166,0.046774018456378283,0.091893186010527261,0.14461727308719929,0.21707909847634146,0.22062938886859262,2
distill:random-walk-price-change,synthetic-random-walk-price-change-2,TimesFM-zero-shot,745,0.17695398393208284,-0.013595247641205788,-0.012579333037137985,-0.23738984763622284,-0.15894302725791931,-0.10380250215530396,-0.05777471512556076,0.030259469524025917,0.076286152005195618,0.13284815847873688,0.21261206269264221,0.095860210596174111,2
distill:random-walk-price-change,synthetic-random-walk-price-change-2,TimesFM-laplace-qd,745,0.17695398393208284,-0.012052386999130249,-0.0098656928166747093,-0.19741722941398621,-0.1308629959821701,-0.080924361944198608,-0.03805190697312355,0.013372157700359821,0.056113310158252716,0.10773627460002899,0.17629449069499969,-0.016936444332441791,2
distill:random-walk-price-change,synthetic-random-walk-price-change-2,Laplace-q-fixed-bandwidth,746,0.17365698279197295,-0.0046221900067914988,-0.22008059113675468,-0.14509357726346697,-0.091443420994913954,-0.045853738440486597,-0.0034234441331104891,0.038913608528582763,0.084178453629108752,0.13705400136539589,0.20970413144831093,0.18799810893007773,2
distill:random-walk-price-change,synthetic-random-walk-price-change-2,TimesFM-zero-shot,746,0.17365698279197295,-0.00046670809388160706,-0.00046982557978481054,-0.22358307242393494,-0.14636439085006714,-0.091024838387966156,-0.044483162462711334,0.043257415294647217,0.088629558682441711,0.14544498920440674,0.22580844163894653,0.166561875936037,2
distill:random-walk-price-change,synthetic-random-walk-price-change-2,TimesFM-laplace-qd,746,0.17365698279197295,0.00016714306548237801,0.002283923327922821,-0.18652021884918213,-0.12165665626525879,-0.070531837642192841,-0.026272587478160858,0.025347726419568062,0.067419439554214478,0.12071480602025986,0.19049124419689178,0.081160968723501981,2
distill:random-walk-price-change,synthetic-random-walk-price-change-2,Laplace-q-fixed-bandwidth,747,-0.40844080484959644,0.00083293167173364069,-0.21545253501190731,-0.14020497945059063,-0.086354477120949819,-0.040579249304110054,0.0020348560439603647,0.044555725804066255,0.090005791534043506,0.14307987588640619,0.2159836387609303,-1.7623936383074583,2
distill:random-walk-price-change,synthetic-random-walk-price-change-2,TimesFM-zero-shot,747,-0.40844080484959644,-0.0003741307882592082,0.0033516408875584602,-0.21814092993736267,-0.14448150992393494,-0.091127201914787292,-0.044411510229110718,0.044042337685823441,0.088457971811294556,0.14490680396556854,0.2299201488494873,-4.5855050037120471,2
distill:random-walk-price-change,synthetic-random-walk-price-change-2,TimesFM-laplace-qd,747,-0.40844080484959644,0.0031626415438950062,0.0097552323713898659,-0.17820762097835541,-0.11615222692489624,-0.067412450909614563,-0.023309402167797089,0.029745280742645264,0.071204155683517456,0.12337678670883179,0.19795002043247223,-8.0348364845364006,2
distill:random-walk-price-change,synthetic-random-walk-price-change-2,Laplace-q-fixed-bandwidth,748,0.10476849915901942,0.012387659645240507,-0.22316592856152154,-0.14074407534776592,-0.082046454225474769,-0.032221391019373741,0.014134933460384778,0.060359821620829132,0.10972527298403051,0.16732043907514638,0.24638864846413808,0.679484569897989,2
distill:random-walk-price-change,synthetic-random-walk-price-change-2,TimesFM-zero-shot,748,0.10476849915901942,-0.015173543244600296,-0.015179445967078209,-0.2390407919883728,-0.16048558056354523,-0.10484093427658081,-0.05876801535487175,0.029176719486713409,0.074441283941268921,0.12966275215148926,0.20817224681377411,0.35914448237977892,2
distill:random-walk-price-change,synthetic-random-walk-price-change-2,TimesFM-laplace-qd,748,0.10476849915901942,-0.0093990890309214592,-0.0083247451111674309,-0.19734899699687958,-0.12969540059566498,-0.078735686838626862,-0.035267438739538193,0.016662873327732086,0.05882229283452034,0.10953636467456818,0.17724967002868652,0.45407076873017038,2
distill:random-walk-price-change,synthetic-random-walk-price-change-2,Laplace-q-fixed-bandwidth,749,-0.020204020468781225,-0.0066803253140230411,-0.23957605208707153,-0.15807866078252195,-0.10003853584366659,-0.050778302862760728,-0.0049534089245854224,0.040741323963427549,0.089546700860166167,0.1464967483463803,0.22468056099287836,0.87569854952319948,2
distill:random-walk-price-change,synthetic-random-walk-price-change-2,TimesFM-zero-shot,749,-0.020204020468781225,-0.0076876166276633739,-0.0085812760517001152,-0.23439788818359375,-0.15468223392963409,-0.098958410322666168,-0.052358701825141907,0.036954708397388458,0.083906285464763641,0.14059917628765106,0.22133627533912659,0.38649888447180958,2
distill:random-walk-price-change,synthetic-random-walk-price-change-2,TimesFM-laplace-qd,749,-0.020204020468781225,-0.012614279985427856,-0.014212424866855145,-0.20083625614643097,-0.13256826996803284,-0.081992886960506439,-0.038626920431852341,0.013336943462491035,0.056933514773845673,0.10821418464183807,0.17711538076400757,0.68966735020627556,2
distill:random-walk-price-change,synthetic-random-walk-price-change-2,Laplace-q-fixed-bandwidth,750,-0.061983123273936069,-0.0029279445520810918,-0.23223549752126388,-0.15196641668498428,-0.094808982181876306,-0.046318702397323955,-0.0012269271900726313,0.043736013074969035,0.091776843249740434,0.1478596089728505,0.22486699634768997,0.79586349915325294,2
distill:random-walk-price-change,synthetic-random-walk-price-change-2,TimesFM-zero-shot,750,-0.061983123273936069,-0.010338952764868736,-0.010499925352632999,-0.23314473032951355,-0.15427336096763611,-0.099624395370483398,-0.053874023258686066,0.033295959234237671,0.07884293794631958,0.13433289527893066,0.21257767081260681,0.45024445028096327,2
distill:random-walk-price-change,synthetic-random-walk-price-change-2,TimesFM-laplace-qd,750,-0.061983123273936069,-0.014657184481620789,-0.015729043632745743,-0.19896908104419708,-0.13157393038272858,-0.082098111510276794,-0.039687298238277435,0.010088884271681309,0.052075594663619995,0.10212229937314987,0.16838113963603973,0.78511490462157774,2
distill:random-walk-price-change,synthetic-random-walk-price-change-2,Laplace-q-fixed-bandwidth,751,-0.22881911573165592,-0.0013164505184329086,-0.22756143797039818,-0.14834341881510427,-0.091939896905237586,-0.044105829086236545,0.00036218458037353421,0.04470254826337744,0.092091918711312004,0.1474341169958715,0.22343518579420341,-0.18136624777804644,2
distill:random-walk-price-change,synthetic-random-walk-price-change-2,TimesFM-zero-shot,751,-0.22881911573165592,0.0012704967521131039,0.0027912827208638191,-0.22165529429912567,-0.14306353032588959,-0.088133670389652252,-0.042346086353063583,0.045232299715280533,0.090900242328643799,0.14652225375175476,0.22567024827003479,-1.2120562379190107,2
distill:random-walk-price-change,synthetic-random-walk-price-change-2,TimesFM-laplace-qd,751,-0.22881911573165592,0.0067592104896903038,0.008142261765897274,-0.17785987257957458,-0.11078778654336929,-0.061058707535266876,-0.018556077033281326,0.032329536974430084,0.074381723999977112,0.12463206797838211,0.19206209480762482,-2.2613992948834793,2
distill:random-walk-price-change,synthetic-random-walk-price-change-2,Laplace-q-fixed-bandwidth,752,-0.11293933720865112,0.0022212847106791835,-0.22735967358996312,-0.14701680920183852,-0.089791687151087957,-0.041236087696883465,0.0039210901276026666,0.048949570395191412,0.097056083149912764,0.15320712200126241,0.23029084207611364,0.54888274883771215,2
distill:random-walk-price-change,synthetic-random-walk-price-change-2,TimesFM-zero-shot,752,-0.11293933720865112,-0.031041949987411499,-0.031252145767211914,-0.25325605273246765,-0.17467200756072998,-0.11930590122938156,-0.074378684163093567,0.012519153766334057,0.057510197162628174,0.11208608746528625,0.189626544713974,0.67781564095379299,2
distill:random-walk-price-change,synthetic-random-walk-price-change-2,TimesFM-laplace-qd,752,-0.11293933720865112,-0.034432008862495422,-0.034963283687829971,-0.22018945217132568,-0.15267837047576904,-0.1019243523478508,-0.060091607272624969,-0.0089953597635030746,0.032886404544115067,0.082454465329647064,0.14892521500587463,0.93700727160918296,2
distill:random-walk-price-change,synthetic-random-walk-price-change-2,Laplace-q-fixed-bandwidth,753,-0.2363188837601502,-0.0057971576930797913,-0.23363715918632061,-0.15390820542483807,-0.097115473855933512,-0.048926765505861086,-0.0041114637485446552,0.04057613409222266,0.08831928749332664,0.14404663131340811,0.22054393167261677,-0.19749875770724068,2
distill:random-walk-price-change,synthetic-random-walk-price-change-2,TimesFM-zero-shot,753,-0.2363188837601502,-0.013722186908125877,-0.01319331768900156,-0.2360239177942276,-0.15744203329086304,-0.10295462608337402,-0.057423211634159088,0.029780969023704529,0.075039371848106384,0.12975947558879852,0.20731490850448608,-1.0838060764582489,2
distill:random-walk-price-change,synthetic-random-walk-price-change-2,TimesFM-laplace-qd,753,-0.2363188837601502,-0.021080618724226952,-0.02126142755150795,-0.20538656413555145,-0.13829365372657776,-0.088863871991634369,-0.046607442200183868,0.0033303946256637573,0.044943489134311676,0.094030588865280151,0.15930977463722229,-1.7390126080710897,2
distill:random-walk-price-change,synthetic-random-walk-price-change-2,Laplace-q-fixed-bandwidth,754,0.14355809585156276,-0.0092621329721373734,-0.24053180453429091,-0.15964069161171407,-0.10200151506761394,-0.053073229739345848,-0.0075543207177380268,0.037835685731161278,0.086313595040582877,0.14287391663849913,0.22048964808400912,0.37026035395221379,2
distill:random-walk-price-change,synthetic-random-walk-price-change-2,TimesFM-zero-shot,754,0.14355809585156276,-0.0058205868117511272,-0.0037707246374338865,-0.2307647317647934,-0.15146152675151825,-0.095807217061519623,-0.049651429057121277,0.038570478558540344,0.08458787202835083,0.14014898240566254,0.21928930282592773,0.2728339027850033,2
distill:random-walk-price-change,synthetic-random-walk-price-change-2,TimesFM-laplace-qd,754,0.14355809585156276,-0.013907434418797493,-0.012772656977176666,-0.20221103727817535,-0.13378594815731049,-0.082816779613494873,-0.039886612445116043,0.011600441299378872,0.054173000156879425,0.10411527007818222,0.17103302478790283,0.21307579486577799,2
distill:random-walk-price-change,synthetic-random-walk-price-change-2,Laplace-q-fixed-bandwidth,755,0.024803505791394231,-0.01725424260368652,-0.24777296657054401,-0.16715916487346752,-0.10970859678738631,-0.060934009644726249,-0.015553803309642802,0.029698149497005083,0.078024477747940885,0.13440085032758453,0.21175332643054232,0.85405230444880864,2
distill:random-walk-price-change,synthetic-random-walk-price-change-2,TimesFM-zero-shot,755,0.024803505791394231,-0.024492431432008743,-0.02401256188750267,-0.24349614977836609,-0.16632375121116638,-0.11258921027183533,-0.067580677568912506,0.01856626570224762,0.063603468239307404,0.11828886717557907,0.19608697295188904,0.43624043178987315,2
distill:random-walk-price-change,synthetic-random-walk-price-change-2,TimesFM-laplace-qd,755,0.024803505791394231,-0.044823449105024338,-0.044488679617643356,-0.2277243435382843,-0.16127614676952362,-0.11215362697839737,-0.070070125162601471,-0.020094200968742371,0.021779369562864304,0.071533814072608948,0.13806445896625519,0.63549485435207131,2
distill:random-walk-price-change,synthetic-random-walk-price-change-2,Laplace-q-fixed-bandwidth,756,0.11029033939778965,-0.011650231932695041,-0.23877723912632229,-0.15932781189111517,-0.10271284636127073,-0.054664743995020644,-0.0099744039096153272,0.034589016702619324,0.082194165554923898,0.13774969235781828,0.21398689163263174,0.55378255105393537,2
distill:random-walk-price-change,synthetic-random-walk-price-change-2,TimesFM-zero-shot,756,0.11029033939778965,-0.015366004779934883,-0.014989243820309639,-0.23443278670310974,-0.15762051939964294,-0.10338985919952393,-0.058332856744527817,0.027596235275268555,0.07239948958158493,0.12657250463962555,0.20401249825954437,0.35538579150931549,2
distill:random-walk-price-change,synthetic-random-walk-price-change-2,TimesFM-laplace-qd,756,0.11029033939778965,-0.028999403119087219,-0.02871399000287056,-0.21113523840904236,-0.14542627334594727,-0.09594186395406723,-0.054073173552751541,-0.0045571424998342991,0.036732383072376251,0.085372641682624817,0.15085731446743011,0.32423201998835793,2
distill:random-walk-price-change,synthetic-random-walk-price-change-2,Laplace-q-fixed-bandwidth,757,0.24815852613591804,-0.01206797332343809,-0.23749780016319944,-0.15864697233759781,-0.10245364011001928,-0.054763138846768256,-0.010405871531894251,0.033825449668866553,0.081076452139049543,0.1362188242332725,0.2118841644770936,-0.38318427743123096,2
distill:random-walk-price-change,synthetic-random-walk-price-change-2,TimesFM-zero-shot,757,0.24815852613591804,-0.011968803592026234,-0.011034945957362652,-0.22771453857421875,-0.15270237624645233,-0.099630109965801239,-0.05474921315908432,0.030690513551235199,0.075197122991085052,0.12988583743572235,0.20858727395534515,-0.35409341156891738,2
distill:random-walk-price-change,synthetic-random-walk-price-change-2,TimesFM-laplace-qd,757,0.24815852613591804,-0.017514461651444435,-0.014828220941126347,-0.20061926543712616,-0.13611710071563721,-0.086609460413455963,-0.043387468904256821,0.0074183084070682526,0.049452781677246094,0.10010753571987152,0.16914346814155579,-0.66678957139305495,2
distill:random-walk-price-change,synthetic-random-walk-price-change-2,Laplace-q-fixed-bandwidth,758,0.023101794781970275,-0.011455352776885164,-0.2417926098304603,-0.16126540364111919,-0.10385788629197178,-0.055114162233766806,-0.0097604224507353253,0.035465397167846802,0.083762047940586323,0.14009841678779872,0.21737581092862435,0.86828907965330182,2
distill:random-walk-price-change,synthetic-random-walk-price-change-2,TimesFM-zero-shot,758,0.023101794781970275,-0.01342746801674366,-0.014718907885253429,-0.23347711563110352,-0.15597987174987793,-0.10162834823131561,-0.05658365786075592,0.02975059300661087,0.075112603604793549,0.12984438240528107,0.20842212438583374,0.43472113465213247,2
distill:random-walk-price-change,synthetic-random-walk-price-change-2,TimesFM-laplace-qd,758,0.023101794781970275,-0.017472906038165092,-0.018893234431743622,-0.20290154218673706,-0.13572227954864502,-0.085550792515277863,-0.042847178876399994,0.0076902508735656738,0.050652854144573212,0.10104642063379288,0.16908890008926392,0.68717010910437026,2
distill:random-walk-price-change,synthetic-random-walk-price-change-2,Laplace-q-fixed-bandwidth,759,0.16768814868925608,-0.0032501993367974398,-0.23013059902564711,-0.15078864471178682,-0.09423253891285481,-0.046229788516443639,-0.0015801866384007558,0.042942828088514927,0.090503845556259066,0.14600373610938097,0.2221456467794562,0.25400235416941253,2
distill:random-walk-price-change,synthetic-random-walk-price-change-2,TimesFM-zero-shot,759,0.16768814868925608,-0.00876582320779562,-0.008693263866007328,-0.2267509251832962,-0.15012209117412567,-0.096324585378170013,-0.051631074398756027,0.034012094140052795,0.078999504446983337,0.13365226984024048,0.21202684938907623,0.16441774358202399,2
distill:random-walk-price-change,synthetic-random-walk-price-change-2,TimesFM-laplace-qd,759,0.16768814868925608,-0.0062973452731966972,-0.0060877660289406776,-0.1893853098154068,-0.12327519804239273,-0.073776416480541229,-0.031403757631778717,0.018480464816093445,0.060576263815164566,0.11078903824090958,0.17838157713413239,0.082513661234661528,2
distill:random-walk-price-change,synthetic-random-walk-price-change-2,Laplace-q-fixed-bandwidth,760,0.033200368843393058,-0.0046349634298938182,-0.23161680860037637,-0.15226139830556606,-0.095683774096082558,-0.047651516552181999,-0.0029664338106190416,0.041592394904896843,0.089183770340892032,0.14470630206460755,0.22086404541898391,0.87639413669658794,2
distill:random-walk-price-change,synthetic-random-walk-price-change-2,TimesFM-zero-shot,760,0.033200368843393058,-0.0083163650706410408,-0.0071960212662816048,-0.22341221570968628,-0.14781937003135681,-0.094656378030776978,-0.050628196448087692,0.034039933234453201,0.078622885048389435,0.13256755471229553,0.21033555269241333,0.44997584359878418,2
distill:random-walk-price-change,synthetic-random-walk-price-change-2,TimesFM-laplace-qd,760,0.033200368843393058,-0.0042482716962695122,-0.0029650374781340361,-0.18414340913295746,-0.1193644106388092,-0.070433393120765686,-0.028808742761611938,0.020076271146535873,0.061855144798755646,0.11153395473957062,0.17869390547275543,0.71394972934897427,2
distill:random-walk-price-change,synthetic-random-walk-price-change-2,Laplace-q-fixed-bandwidth,761,-0.041473682722184657,0.00038265149083950843,-0.22321848681196538,-0.14501934478943923,-0.089273587327754228,-0.041967086474418228,0.002027014489655421,0.045896108796980542,0.092766804506808645,0.14747189417596457,0.22252179743354122,0.86649045942372194,2
distill:random-walk-price-change,synthetic-random-walk-price-change-2,TimesFM-zero-shot,761,-0.041473682722184657,-0.0031652178149670362,-0.0022814853582531214,-0.22070977091789246,-0.14404124021530151,-0.090058788657188416,-0.045758835971355438,0.039572630077600479,0.084477394819259644,0.1383911669254303,0.21567216515541077,0.44344294164750431,2
distill:random-walk-price-change,synthetic-random-walk-price-change-2,TimesFM-laplace-qd,761,-0.041473682722184657,0.0019268051255494356,0.0028408409561961889,-0.17964494228363037,-0.11378674209117889,-0.06426132470369339,-0.022563902661204338,0.026668353006243706,0.068825207650661469,0.1182120218873024,0.18465322256088257,0.78633898070116959,2
distill:random-walk-price-change,synthetic-random-walk-price-change-2,Laplace-q-fixed-bandwidth,762,-0.0018487733680701002,0.0010968583163744636,-0.2192854422693773,-0.14218348168771194,-0.087228595354144345,-0.040614569983765655,0.0027184206682809102,0.04592751849050504,0.092110376952062478,0.14603810843672826,0.22003675093003505,0.93774750228062453,2
distill:random-walk-price-change,synthetic-random-walk-price-change-2,TimesFM-zero-shot,762,-0.0018487733680701002,-0.0062485886737704277,-0.0047192149795591831,-0.22092652320861816,-0.14581321179866791,-0.092575296759605408,-0.048457324504852295,0.036307718604803085,0.081028953194618225,0.13526244461536407,0.21346035599708557,0.44260980685395901,2
distill:random-walk-price-change,synthetic-random-walk-price-change-2,TimesFM-laplace-qd,762,-0.0018487733680701002,-0.0031021572649478912,-0.0015640435740351677,-0.18121770024299622,-0.11717706918716431,-0.068476662039756775,-0.027052300050854683,0.021148690953850746,0.062969356775283813,0.11238071322441101,0.17935468256473541,0.74609524840339181,2
distill:random-walk-price-change,synthetic-random-walk-price-change-2,Laplace-q-fixed-bandwidth,763,-0.026672308262061462,-0.00052360001073839383,-0.21744232001253078,-0.14150618357645872,-0.087398069687921159,-0.041534878624641322,0.0010744130586220297,0.043560708420813388,0.088996956497225915,0.14209152912385237,0.2149725994085121,0.92930858304325525,2
distill:random-walk-price-change,synthetic-random-walk-price-change-2,TimesFM-zero-shot,763,-0.026672308262061462,-0.0064790872856974602,-0.0044214935041964054,-0.22267460823059082,-0.14683836698532104,-0.093360021710395813,-0.049022026360034943,0.036455970257520676,0.081458598375320435,0.13589295744895935,0.21430307626724243,0.43041138395673584,2
distill:random-walk-price-change,synthetic-random-walk-price-change-2,TimesFM-laplace-qd,763,-0.026672308262061462,-0.0029372484423220158,-0.0011200206354260445,-0.18171165883541107,-0.11720557510852814,-0.068576455116271973,-0.027092907577753067,0.021545402705669403,0.063524417579174042,0.11308398097753525,0.18021336197853088,0.74607702935573994,2
distill:random-walk-price-change,synthetic-random-walk-price-change-2,Laplace-q-fixed-bandwidth,764,-0.0629329406140966,-0.00036976072340790439,-0.21397591342910757,-0.13914717642454655,-0.085846654565731123,-0.040704575543022384,0.0012061692491621393,0.042994629262367454,0.087713417491808193,0.14001295687571727,0.211832331670922,0.83989361607008273,2
distill:random-walk-price-change,synthetic-random-walk-price-change-2,TimesFM-zero-shot,764,-0.0629329406140966,-0.0043271975591778755,-0.0036756270565092564,-0.21874545514583588,-0.14365558326244354,-0.090457290410995483,-0.046467512845993042,0.037966862320899963,0.082580551505088806,0.13600613176822662,0.21342378854751587,0.53240126287199985,2
distill:random-walk-price-change,synthetic-random-walk-price-change-2,TimesFM-laplace-qd,764,-0.0629329406140966,-0.00056593789486214519,-0.00019165728008374572,-0.17828808724880219,-0.11438163369894028,-0.065824903547763824,-0.024575302377343178,0.023423591628670692,0.065145567059516907,0.11377578228712082,0.18004362285137177,0.91595139954143789,2
distill:random-walk-price-change,synthetic-random-walk-price-change-2,Laplace-q-fixed-bandwidth,765,0.07547881683045965,-0.00063608015350186174,-0.21147608891729769,-0.13757838499131048,-0.084953953284876288,-0.040411702498235648,0.00092090828181445861,0.042131967071064209,0.086254320000132251,0.13788867207132033,0.20881586087601894,0.82055417565054012,2
distill:random-walk-price-change,synthetic-random-walk-price-change-2,TimesFM-zero-shot,765,0.07547881683045965,-0.00080851104576140642,0.00053493236191570759,-0.21469457447528839,-0.13976702094078064,-0.086667329072952271,-0.042735666036605835,0.041456811130046844,0.086101196706295013,0.1395585834980011,0.2168310284614563,0.44131642986375086,2
distill:random-walk-price-change,synthetic-random-walk-price-change-2,TimesFM-laplace-qd,765,0.07547881683045965,0.0031837699934840202,0.0047556678764522076,-0.17441219091415405,-0.11054094880819321,-0.062067270278930664,-0.020836802199482918,0.027330232784152031,0.069088675081729889,0.11793791502714157,0.18418984115123749,0.63798315218754698,2
distill:random-walk-price-change,synthetic-random-walk-price-change-2,Laplace-q-fixed-bandwidth,766,-0.17427310693930709,-0.0036685221115019778,-0.21192596790520124,-0.13889752032154035,-0.086904314632822124,-0.042922137487741915,-0.0021292575446083136,0.038542764701884252,0.082108225447980424,0.13312154046385302,0.20321582135907484,0.19206109112597547,2
distill:random-walk-price-change,synthetic-random-walk-price-change-2,TimesFM-zero-shot,766,-0.17427310693930709,0.0010737370466813445,0.0018825321458280087,-0.21231552958488464,-0.13798630237579346,-0.085128992795944214,-0.041087944060564041,0.043237388134002686,0.087904542684555054,0.14174243807792664,0.21991205215454102,-0.14291997766466835,2
distill:random-walk-price-change,synthetic-random-walk-price-change-2,TimesFM-laplace-qd,766,-0.17427310693930709,0.0058041191659867764,0.0064563960768282413,-0.17058289051055908,-0.10729631036520004,-0.059213727712631226,-0.018016144633293152,0.02964085154235363,0.07140747457742691,0.12045224010944366,0.18723954260349274,-0.93744931091332939,2
distill:random-walk-price-change,synthetic-random-walk-price-change-2,Laplace-q-fixed-bandwidth,767,-0.0094902258371456494,0.001604072963282557,-0.20769131484694342,-0.13435493177087526,-0.082116798443091499,-0.037893964767091899,0.0031468592756722863,0.044067302460461887,0.087874166022961608,0.13913117489431553,0.2095244533993158,0.98582201068850583,2
distill:random-walk-price-change,synthetic-random-walk-price-change-2,TimesFM-zero-shot,767,-0.0094902258371456494,-0.0049283942207694054,-0.0039690327830612659,-0.22023651003837585,-0.14490526914596558,-0.0916256383061409,-0.047164145857095718,0.037314973771572113,0.08162342756986618,0.13535594940185547,0.21262609958648682,0.44348129446636375,2
distill:random-walk-price-change,synthetic-random-walk-price-change-2,TimesFM-laplace-qd,767,-0.0094902258371456494,-0.0024457252584397793,-0.001586488913744688,-0.18207046389579773,-0.11756400018930435,-0.06869739294052124,-0.026836050674319267,0.021669298410415649,0.063212834298610687,0.11228568851947784,0.17849504947662354,0.74233613152109967,2
distill:seasonal-ar-economic,synthetic-seasonal-ar-economic-5,Laplace-q-fixed-bandwidth,704,1.3114876146022354,1.520588312981022,0.59407714510053777,0.95529049302073199,1.1881145155871677,1.3656668172156565,1.5218241239188699,1.6776422095840715,1.8539774306931132,2.0839685831361479,2.438119200634107,-0.48760965782678278,2
distill:seasonal-ar-economic,synthetic-seasonal-ar-economic-5,TimesFM-zero-shot,704,1.3114876146022354,1.9291712045669556,1.8420652151107788,1.1132863759994507,1.449255108833313,1.6595271825790405,1.8102908134460449,2.0404942035675049,2.1558542251586914,2.2891349792480469,2.5030748844146729,-1.1671783573236876,2
distill:seasonal-ar-economic,synthetic-seasonal-ar-economic-5,TimesFM-laplace-qd,704,1.3114876146022354,1.9563990831375122,1.8532708883285522,1.2158666849136353,1.5356800556182861,1.7595511674880981,1.9293229579925537,2.0096216201782227,2.1564712524414062,2.3099853992462158,2.5165290832519531,-1.6300242035879144,2
distill:seasonal-ar-economic,synthetic-seasonal-ar-economic-5,Laplace-q-fixed-bandwidth,705,1.3479956256681631,1.0542991738676009,0.15446565757554348,0.51047150586157786,0.73580177477647735,0.90608706021515761,1.0555530787202096,1.204692414137531,1.3737899098995618,1.5962712693021976,1.9451394707746932,-0.55369453607532804,2
distill:seasonal-ar-economic,synthetic-seasonal-ar-economic-5,TimesFM-zero-shot,705,1.3479956256681631,1.3455127477645874,1.2683448791503906,0.53160732984542847,0.8693280816078186,1.073020339012146,1.2233762741088867,1.4597663879394531,1.5814902782440186,1.723671555519104,1.9416096210479736,-0.58491068009504144,2
distill:seasonal-ar-economic,synthetic-seasonal-ar-economic-5,TimesFM-laplace-qd,705,1.3479956256681631,1.3387335538864136,1.2319722175598145,0.5726921558380127,0.9015318751335144,1.1279168128967285,1.3036881685256958,1.4007722139358521,1.5536601543426514,1.7129943370819092,1.9276421070098877,-0.37677040455646904,2
distill:seasonal-ar-economic,synthetic-seasonal-ar-economic-5,Laplace-q-fixed-bandwidth,706,-0.47567956563602487,1.0955076680710933,0.21819818106254285,0.56915893841702825,0.7880779433401861,0.95254397306053473,1.0967677528709689,1.2406764942925461,1.403986567565283,1.6200666207196921,1.963841973427213,-2.9201111927979455,2
distill:seasonal-ar-economic,synthetic-seasonal-ar-economic-5,TimesFM-zero-shot,706,-0.47567956563602487,1.2386423349380493,1.1349221467971802,0.39390870928764343,0.74197536706924438,0.94767856597900391,1.1069086790084839,1.3623489141464233,1.4928486347198486,1.6459161043167114,1.8718619346618652,-9.1389196002744271,2
distill:seasonal-ar-economic,synthetic-seasonal-ar-economic-5,TimesFM-laplace-qd,706,-0.47567956563602487,1.279767632484436,1.1413626670837402,0.52101629972457886,0.85239994525909424,1.0684598684310913,1.243899941444397,1.3519984483718872,1.5083935260772705,1.6767077445983887,1.896837592124939,-9.9543589629209421,2
distill:seasonal-ar-economic,synthetic-seasonal-ar-economic-5,Laplace-q-fixed-bandwidth,707,-0.47437878556239871,-0.40531157988520622,-1.3667521097573188,-0.99096909962814539,-0.74876275970839457,-0.56409892252153515,-0.40188670030985679,-0.24022240499000352,-0.057519113640059932,0.1801506592839241,0.54457199571940029,-0.42839873324268196,2
distill:seasonal-ar-economic,synthetic-seasonal-ar-economic-5,TimesFM-zero-shot,707,-0.47437878556239871,-0.46346676349639893,-0.53291124105453491,-1.5752053260803223,-1.1352587938308716,-0.86363989114761353,-0.6511160135269165,-0.28420150279998779,-0.08313305675983429,0.14940667152404785,0.47626817226409912,-1.039724957199631,2
distill:seasonal-ar-economic,synthetic-seasonal-ar-economic-5,TimesFM-laplace-qd,707,-0.47437878556239871,-0.50388926267623901,-0.58642870187759399,-1.4954947233200073,-1.0865293741226196,-0.81586223840713501,-0.59873676300048828,-0.38825643062591553,-0.16903354227542877,0.071635916829109192,0.38527381420135498,-0.82591660069084893,2
distill:seasonal-ar-economic,synthetic-seasonal-ar-economic-5,Laplace-q-fixed-bandwidth,708,-1.0217817078454852,-0.38328023475648182,-1.3125015521519423,-0.94239911574947643,-0.70928468199345374,-0.53366897133032176,-0.37982934993998996,-0.22651483644362772,-0.052810604726832355,0.17570958801543232,0.53425519214388673,-1.2079873032068653,2
distill:seasonal-ar-economic,synthetic-seasonal-ar-economic-5,TimesFM-zero-shot,708,-1.0217817078454852,-0.42836722731590271,-0.48366257548332214,-1.384590744972229,-1.0102612972259521,-0.77712678909301758,-0.59566229581832886,-0.26647716760635376,-0.085956282913684845,0.12565937638282776,0.43735259771347046,-0.83112859720280652,2
distill:seasonal-ar-economic,synthetic-seasonal-ar-economic-5,TimesFM-laplace-qd,708,-1.0217817078454852,-0.39631876349449158,-0.47554537653923035,-1.200106143951416,-0.86791068315505981,-0.64245736598968506,-0.4617365300655365,-0.30581769347190857,-0.11768614500761032,0.092283688485622406,0.37731066346168518,-1.2419799990659879,2
distill:seasonal-ar-economic,synthetic-seasonal-ar-economic-5,Laplace-q-fixed-bandwidth,709,-1.2557142193129118,-0.82849393228002199,-1.7615561547519434,-1.3928617652731761,-1.1583246620560617,-0.98078549929475245,-0.82509978950504048,-0.66994141207238167,-0.49430864364603255,-0.26428054182955368,0.093112852204913985,-0.80223976513463024,2
distill:seasonal-ar-economic,synthetic-seasonal-ar-economic-5,TimesFM-zero-shot,709,-1.2557142193129118,-0.93409621715545654,-0.97217857837677002,-1.9241060018539429,-1.543474555015564,-1.3041954040527344,-1.1135741472244263,-0.75393682718276978,-0.56005674600601196,-0.33132970333099365,-0.006191737949848175,-0.86648029813462002,2
distill:seasonal-ar-economic,synthetic-seasonal-ar-economic-5,TimesFM-laplace-qd,709,-1.2557142193129118,-0.95836257934570312,-1.0071079730987549,-1.8217346668243408,-1.4783840179443359,-1.2407181262969971,-1.0427010059356689,-0.85349225997924805,-0.64210265874862671,-0.4021838903427124,-0.088124513626098633,-0.68854344542146406,2
distill:seasonal-ar-economic,synthetic-seasonal-ar-economic-5,Laplace-q-fixed-bandwidth,710,-2.0057766567101378,-1.0165722273353794,-1.9368274114771047,-1.5719221931864125,-1.3408118068246,-1.1662328804630715,-1.0132056383119896,-0.86069606344292038,-0.68799450695989983,-0.46135742305007993,-0.1076806136408768,-1.8544436189589244,2
distill:seasonal-ar-economic,synthetic-seasonal-ar-economic-5,TimesFM-zero-shot,710,-2.0057766567101378,-0.93571221828460693,-0.9461371898651123,-1.869504451751709,-1.5177905559539795,-1.2937066555023193,-1.1130104064941406,-0.76364618539810181,-0.58024871349334717,-0.35094976425170898,-0.015796683728694916,-3.1824456850872931,2
distill:seasonal-ar-economic,synthetic-seasonal-ar-economic-5,TimesFM-laplace-qd,710,-2.0057766567101378,-0.93323898315429688,-0.95010662078857422,-1.752494215965271,-1.4318654537200928,-1.207195520401001,-1.0164302587509155,-0.84368735551834106,-0.64712953567504883,-0.40957516431808472,-0.094009071588516235,-4.0400732461795723,2
distill:seasonal-ar-economic,synthetic-seasonal-ar-economic-5,Laplace-q-fixed-bandwidth,711,-1.8766180458110211,-1.6478135649065453,-2.5980455830860274,-2.2288072616933414,-1.9892284983105237,-1.80581783863542,-1.6445080236201166,-1.4837328044841871,-1.3022247025122353,-1.0670034494565388,-0.70868542451511829,-0.53435814670437942,2
distill:seasonal-ar-economic,synthetic-seasonal-ar-economic-5,TimesFM-zero-shot,711,-1.8766180458110211,-1.5557099580764771,-1.5779827833175659,-2.4822592735290527,-2.1410794258117676,-1.9204051494598389,-1.7312493324279785,-1.3852084875106812,-1.1825258731842041,-0.93843156099319458,-0.57471084594726562,-0.7787964265772136,2
distill:seasonal-ar-economic,synthetic-seasonal-ar-economic-5,TimesFM-laplace-qd,711,-1.8766180458110211,-1.5601606369018555,-1.5750943422317505,-2.3566749095916748,-2.0463352203369141,-1.8293081521987915,-1.6349382400512695,-1.4604005813598633,-1.2472082376480103,-1.0020706653594971,-0.666282057762146,-0.56201846339274197,2
distill:seasonal-ar-economic,synthetic-seasonal-ar-economic-5,Laplace-q-fixed-bandwidth,712,-1.6970455605996191,-1.5387201585257724,-2.4637554081542223,-2.0994143627178161,-1.8667443711485279,-1.6902546980603794,-1.5354046652019837,-1.381072964905105,-1.2064520205197293,-0.97817566466843187,-0.62483370886280865,-0.43838969166535957,2
distill:seasonal-ar-economic,synthetic-seasonal-ar-economic-5,TimesFM-zero-shot,712,-1.6970455605996191,-1.5095502138137817,-1.5227910280227661,-2.3781321048736572,-2.0548186302185059,-1.8493094444274902,-1.6740028858184814,-1.3460311889648438,-1.1624312400817871,-0.92264002561569214,-0.56808644533157349,-0.88198060039006632,2
distill:seasonal-ar-economic,synthetic-seasonal-ar-economic-5,TimesFM-laplace-qd,712,-1.6970455605996191,-1.4768998622894287,-1.4870116710662842,-2.251028299331665,-1.9529162645339966,-1.7428727149963379,-1.5539456605911255,-1.4010555744171143,-1.2045087814331055,-0.95944869518280029,-0.62819546461105347,-0.57010365376630401,2
distill:seasonal-ar-economic,synthetic-seasonal-ar-economic-5,Laplace-q-fixed-bandwidth,713,-1.3683276076206274,-1.3958830936101239,-2.2916172674435535,-1.9328399623875516,-1.7085394323072498,-1.5400744027436739,-1.3925542641098774,-1.245530538584007,-1.0788814862461626,-0.85900191290056971,-0.51139428816057753,-0.32475222664578807,2
distill:seasonal-ar-economic,synthetic-seasonal-ar-economic-5,TimesFM-zero-shot,713,-1.3683276076206274,-1.3805742263793945,-1.3800253868103027,-2.2533948421478271,-1.9181531667709351,-1.707782506942749,-1.5379356145858765,-1.2184038162231445,-1.0431658029556274,-0.81073415279388428,-0.46672067046165466,-0.9035969454708328,2
distill:seasonal-ar-economic,synthetic-seasonal-ar-economic-5,TimesFM-laplace-qd,713,-1.3683276076206274,-1.3723636865615845,-1.3660650253295898,-2.1366508007049561,-1.8354302644729614,-1.6257293224334717,-1.4443328380584717,-1.3043767213821411,-1.1155339479446411,-0.87742018699645996,-0.55856907367706299,-0.60677517228238487,2
distill:seasonal-ar-economic,synthetic-seasonal-ar-economic-5,Laplace-q-fixed-bandwidth,714,-1.4532859036312682,-1.1241983141193297,-1.9854107721969068,-1.6334281131506923,-1.4194032645956667,-1.2601646087556695,-1.1208573327870237,-0.98201742128616021,-0.82451432834838756,-0.61490133189256668,-0.2743844059348659,-0.60080434597154087,2
distill:seasonal-ar-economic,synthetic-seasonal-ar-economic-5,TimesFM-zero-shot,714,-1.4532859036312682,-1.0829126834869385,-1.0833959579467773,-1.9199960231781006,-1.5968098640441895,-1.3989524841308594,-1.2347042560577393,-0.92802608013153076,-0.76309192180633545,-0.54065775871276855,-0.21939823031425476,-0.49210885143381078,2
distill:seasonal-ar-economic,synthetic-seasonal-ar-economic-5,TimesFM-laplace-qd,714,-1.4532859036312682,-1.0737278461456299,-1.0591940879821777,-1.8041207790374756,-1.5160560607910156,-1.3198914527893066,-1.1438338756561279,-1.0155107975006104,-0.83619421720504761,-0.60651504993438721,-0.30758973956108093,-0.42490232414251949,2
distill:seasonal-ar-economic,synthetic-seasonal-ar-economic-5,Laplace-q-fixed-bandwidth,715,-1.1671055952528946,-1.2050745791893085,-2.0471632156317674,-1.7003274327420539,-1.4918213342025726,-1.3371133120570424,-1.2017582941867189,-1.0668545923887218,-0.91383090925199917,-0.70967864285208226,-0.37435076171411796,-0.24364923575042186,2
distill:seasonal-ar-economic,synthetic-seasonal-ar-economic-5,TimesFM-zero-shot,715,-1.1671055952528946,-1.1407513618469238,-1.1462589502334595,-2.0014770030975342,-1.663078784942627,-1.4569809436798096,-1.2897975444793701,-0.98920083045959473,-0.82795649766921997,-0.60607254505157471,-0.29250335693359375,-0.84582895731175456,2
distill:seasonal-ar-economic,synthetic-seasonal-ar-economic-5,TimesFM-laplace-qd,715,-1.1671055952528946,-1.1616241931915283,-1.1422882080078125,-1.9425528049468994,-1.6285206079483032,-1.4185777902603149,-1.23723304271698,-1.110376238822937,-0.93519765138626099,-0.70831865072250366,-0.41921427845954895,-0.54913071903961153,2
distill:seasonal-ar-economic,synthetic-seasonal-ar-economic-5,Laplace-q-fixed-bandwidth,716,-1.1299552255892165,-0.96554378337649382,-1.7709887781068265,-1.4329354783529591,-1.2356011665566378,-1.0898702089864787,-0.96223727773464762,-0.83502297408945414,-0.69087052394484838,-0.49778091342542452,-0.17159568683478182,-0.29212989128433065,2
distill:seasonal-ar-economic,synthetic-seasonal-ar-economic-5,TimesFM-zero-shot,716,-1.1299552255892165,-0.94435214996337891,-0.94190645217895508,-1.7582107782363892,-1.4405810832977295,-1.2466312646865845,-1.0856873989105225,-0.80002188682556152,-0.64976894855499268,-0.43492484092712402,-0.12990172207355499,-0.74104006893902818,2
distill:seasonal-ar-economic,synthetic-seasonal-ar-economic-5,TimesFM-laplace-qd,716,-1.1299552255892165,-0.98742234706878662,-0.96435344219207764,-1.7198832035064697,-1.4307565689086914,-1.2341299057006836,-1.0557301044464111,-0.94965147972106934,-0.78681707382202148,-0.5703125,-0.29008024930953979,-0.45477209922980655,2
distill:seasonal-ar-economic,synthetic-seasonal-ar-economic-5,Laplace-q-fixed-bandwidth,717,-1.3458778237080486,-0.94028192936517818,-1.7134814912728007,-1.384581361759748,-1.1969187804938988,-1.0584704212377141,-0.93700494442132354,-0.81593006494506759,-0.67896279082461453,-0.49539162563396522,-0.17861542577693734,-0.74911566860862133,2
distill:seasonal-ar-economic,synthetic-seasonal-ar-economic-5,TimesFM-zero-shot,717,-1.3458778237080486,-0.96696776151657104,-0.96281886100769043,-1.7886805534362793,-1.4778237342834473,-1.2794032096862793,-1.113377571105957,-0.8165547251701355,-0.6584928035736084,-0.4451335072517395,-0.13332089781761169,-0.45735836084644799,2
distill:seasonal-ar-economic,synthetic-seasonal-ar-economic-5,TimesFM-laplace-qd,717,-1.3458778237080486,-1.023859977722168,-0.99386221170425415,-1.7493419647216797,-1.4722504615783691,-1.2762162685394287,-1.0991830825805664,-0.97871798276901245,-0.814716637134552,-0.60374462604522705,-0.32224056124687195,-0.34076945794485802,2
distill:seasonal-ar-economic,synthetic-seasonal-ar-economic-5,Laplace-q-fixed-bandwidth,718,-1.0536318194305445,-1.1272717984430991,-1.8918338645030994,-1.5664777466992659,-1.3809944454819201,-1.2441304941280387,-1.1240351022652253,-1.0043242187617314,-0.86891843099952903,-0.68746720162343444,-0.37409713591793797,-0.14117245059379835,2
distill:seasonal-ar-economic,synthetic-seasonal-ar-economic-5,TimesFM-zero-shot,718,-1.0536318194305445,-1.071318507194519,-1.0693224668502808,-1.9303803443908691,-1.6029667854309082,-1.3975417613983154,-1.2212474346160889,-0.91963130235671997,-0.7591022253036499,-0.54552239179611206,-0.23508094251155853,-0.85094679776279558,2
distill:seasonal-ar-economic,synthetic-seasonal-ar-economic-5,TimesFM-laplace-qd,718,-1.0536318194305445,-1.1532448530197144,-1.1191363334655762,-1.9374911785125732,-1.6383554935455322,-1.4275056123733521,-1.2369828224182129,-1.1133278608322144,-0.94356364011764526,-0.72775399684906006,-0.44362035393714905,-0.57309166838284198,2
distill:seasonal-ar-economic,synthetic-seasonal-ar-economic-5,Laplace-q-fixed-bandwidth,719,-0.50874327113019135,-0.88091828777173575,-1.6078067543158725,-1.2944645998518705,-1.1200949383649861,-0.99117724157936282,-0.87772437712684948,-0.76462447547585166,-0.63705022500947794,-0.46648749284327085,-0.16540809918491395,-0.62976117099195239,2
distill:seasonal-ar-economic,synthetic-seasonal-ar-economic-5,TimesFM-zero-shot,719,-0.50874327113019135,-0.78176224231719971,-0.76636964082717896,-1.6168234348297119,-1.2972085475921631,-1.0940041542053223,-0.92790812253952026,-0.63537359237670898,-0.47363120317459106,-0.26576310396194458,0.036390922963619232,-0.85536770219736913,2
distill:seasonal-ar-economic,synthetic-seasonal-ar-economic-5,TimesFM-laplace-qd,719,-0.50874327113019135,-0.84069281816482544,-0.78754538297653198,-1.6099343299865723,-1.3134772777557373,-1.1054434776306152,-0.92413878440856934,-0.80495858192443848,-0.63613307476043701,-0.4261709451675415,-0.15440188348293304,-0.82642304376931786,2
distill:seasonal-ar-economic,synthetic-seasonal-ar-economic-5,Laplace-q-fixed-bandwidth,720,0.069346035897520253,-0.42549499947838959,-1.1408109752698741,-0.83206704462303482,-0.66072389240545926,-0.53395945634552722,-0.42234376950739222,-0.3110727838096336,-0.1856205897996836,-0.018005272185455501,0.27858939108674124,-0.97314004282351685,2
distill:seasonal-ar-economic,synthetic-seasonal-ar-economic-5,TimesFM-zero-shot,720,0.069346035897520253,-0.32655355334281921,-0.33072987198829651,-1.1886820793151855,-0.84497493505477905,-0.63884508609771729,-0.47104960680007935,-0.18236961960792542,-0.031754016876220703,0.15600258111953735,0.42314055562019348,-0.83710603343638867,2
distill:seasonal-ar-economic,synthetic-seasonal-ar-economic-5,TimesFM-laplace-qd,720,0.069346035897520253,-0.40310311317443848,-0.36702033877372742,-1.2357693910598755,-0.90402096509933472,-0.683818519115448,-0.49266678094863892,-0.35972088575363159,-0.19251464307308197,0.0074405474588274956,0.26135355234146118,-1.0029251118824867,2
distill:seasonal-ar-economic,synthetic-seasonal-ar-economic-5,Laplace-q-fixed-bandwidth,721,-0.73626498010046637,0.053067060491446334,-0.66631855407199281,-0.35707280070376168,-0.1841021630497191,-0.056261021246866841,0.056185218460876207,0.16828205682065456,0.29479425186869757,0.46401684199568405,0.76139270987710106,-1.7323631591419972,2
distill:seasonal-ar-economic,synthetic-seasonal-ar-economic-5,TimesFM-zero-shot,721,-0.73626498010046637,0.32158935070037842,0.30978110432624817,-0.51443976163864136,-0.18301565945148468,0.017094485461711884,0.1794552356004715,0.46486854553222656,0.60803431272506714,0.79198175668716431,1.0552934408187866,-3.8073664275093471,2
distill:seasonal-ar-economic,synthetic-seasonal-ar-economic-5,TimesFM-laplace-qd,721,-0.73626498010046637,0.24331888556480408,0.27474871277809143,-0.5636400580406189,-0.24358320236206055,-0.026595881208777428,0.16291752457618713,0.285074383020401,0.44380325078964233,0.63945668935775757,0.88477247953414917,-3.9524531933677549,2
distill:seasonal-ar-economic,synthetic-seasonal-ar-economic-5,Laplace-q-fixed-bandwidth,722,-0.51296731229383186,-0.62459098580909433,-1.3796694049565073,-1.060620507095885,-0.87654882180618121,-0.74064423991197614,-0.62148332856489485,-0.50270232840840356,-0.36823455004392985,-0.18808355217574169,0.11966520308860565,-0.16200373156601655,2
distill:seasonal-ar-economic,synthetic-seasonal-ar-economic-5,TimesFM-zero-shot,722,-0.51296731229383186,-0.23574927449226379,-0.23731347918510437,-1.120801568031311,-0.76426255702972412,-0.55713099241256714,-0.38474366068840027,-0.078699439764022827,0.078473016619682312,0.28340223431587219,0.57372874021530151,-0.72386173674921261,2
distill:seasonal-ar-economic,synthetic-seasonal-ar-economic-5,TimesFM-laplace-qd,722,-0.51296731229383186,-0.44956552982330322,-0.41248244047164917,-1.3194786310195923,-0.96910035610198975,-0.73986911773681641,-0.53798449039459229,-0.3956456184387207,-0.22380682826042175,-0.0083655864000320435,0.26167654991149902,-0.60748155862714115,2
distill:seasonal-ar-economic,synthetic-seasonal-ar-economic-5,Laplace-q-fixed-bandwidth,723,-0.33087182730038239,-0.43300249072588826,-1.1535088639523119,-0.84487336265640112,-0.67110720538883006,-0.5427468943449969,-0.42992904208537508,-0.31746199206180781,-0.19043474760276069,-0.020404560694487185,0.2766597429520149,-0.10358768098415427,2
distill:seasonal-ar-economic,synthetic-seasonal-ar-economic-5,TimesFM-zero-shot,723,-0.33087182730038239,-0.17734178900718689,-0.17206451296806335,-0.93933683633804321,-0.6377105712890625,-0.45525628328323364,-0.3094499409198761,-0.03838605061173439,0.10244626551866531,0.2873128354549408,0.56302165985107422,-0.68854618583990712,2
distill:seasonal-ar-economic,synthetic-seasonal-ar-economic-5,TimesFM-laplace-qd,723,-0.33087182730038239,-0.3672766387462616,-0.34524998068809509,-1.1002694368362427,-0.80603444576263428,-0.60481113195419312,-0.43590837717056274,-0.328570157289505,-0.17626535892486572,0.013095949776470661,0.26108327507972717,-0.42070449658221842,2
distill:seasonal-ar-economic,synthetic-seasonal-ar-economic-5,Laplace-q-fixed-bandwidth,724,0.41407067453943774,-0.28438983616788066,-0.96940624042568357,-0.67294430951896356,-0.50942111990416716,-0.38822080649206014,-0.28136434819428952,-0.17483038738424911,-0.054858137990916572,0.10515715433609411,0.38985826923855632,-1.5382949918593758,2
distill:seasonal-ar-economic,synthetic-seasonal-ar-economic-5,TimesFM-zero-shot,724,0.41407067453943774,-0.016215939074754715,-0.0078807193785905838,-0.84892964363098145,-0.51732957363128662,-0.31516456604003906,-0.15863451361656189,0.13193967938423157,0.28808674216270447,0.48479682207107544,0.77446079254150391,-0.90718361506051881,2
distill:seasonal-ar-economic,synthetic-seasonal-ar-economic-5,TimesFM-laplace-qd,724,0.41407067453943774,-0.18039241433143616,-0.16058152914047241,-0.95754742622375488,-0.64109581708908081,-0.42733335494995117,-0.25212100148200989,-0.13919129967689514,0.021968584507703781,0.2161114513874054,0.47162404656410217,-1.2700377726206427,2
distill:seasonal-ar-economic,synthetic-seasonal-ar-economic-5,Laplace-q-fixed-bandwidth,725,0.57790071445573066,0.33494199552684822,-0.37922980768542658,-0.073823059765939669,0.098636393376125203,0.22602513144028041,0.33796122997917166,0.44955054721660359,0.57562214712781912,0.74440093714110445,1.0385108261343974,-0.31452402529187418,2
distill:seasonal-ar-economic,synthetic-seasonal-ar-economic-5,TimesFM-zero-shot,725,0.57790071445573066,0.63874191045761108,0.64679908752441406,-0.13284868001937866,0.16652114689350128,0.35563236474990845,0.50072473287582397,0.77572637796401978,0.91990959644317627,1.100597620010376,1.3731809854507446,-0.73412757982398857,2
distill:seasonal-ar-economic,synthetic-seasonal-ar-economic-5,TimesFM-laplace-qd,725,0.57790071445573066,0.57319635152816772,0.5857011079788208,-0.13656441867351532,0.15018266439437866,0.35474595427513123,0.51667499542236328,0.60826736688613892,0.76064121723175049,0.93894875049591064,1.1792114973068237,-0.35086801830715686,2
distill:seasonal-ar-economic,synthetic-seasonal-ar-economic-5,Laplace-q-fixed-bandwidth,726,1.1611105242328166,0.46527092570934347,-0.22472725936856924,0.072386229167734517,0.23793819658102683,0.36042444773404081,0.46824907817651329,0.57574591306806544,0.69698500912790318,0.85900606216142139,1.1447515773427983,-1.5230842918462197,2
distill:seasonal-ar-economic,synthetic-seasonal-ar-economic-5,TimesFM-zero-shot,726,1.1611105242328166,0.74423658847808838,0.74533390998840332,-0.049978669732809067,0.26451781392097473,0.4605146050453186,0.61087846755981445,0.87675821781158447,1.016910195350647,1.1922916173934937,1.4565205574035645,-0.82749303661323714,2
distill:seasonal-ar-economic,synthetic-seasonal-ar-economic-5,TimesFM-laplace-qd,726,1.1611105242328166,0.66437888145446777,0.65944451093673706,-0.057385217398405075,0.24270850419998169,0.45196264982223511,0.61387968063354492,0.70702159404754639,0.86007845401763916,1.0381393432617188,1.27482008934021,-1.0620226546578693,2
distill:seasonal-ar-economic,synthetic-seasonal-ar-economic-5,Laplace-q-fixed-bandwidth,727,1.7386025541764996,0.95530481919600607,0.23759862354503489,0.54244937657351466,0.71667470140425815,0.84533932377926768,0.95826970668191336,1.0708487196771772,1.1981817557451455,1.3687328955179345,1.6627027291336693,-1.6841277461698057,2
distill:seasonal-ar-economic,synthetic-seasonal-ar-economic-5,TimesFM-zero-shot,727,1.7386025541764996,1.2446739673614502,1.2273679971694946,0.41655847430229187,0.743274986743927,0.95017606019973755,1.1050727367401123,1.3792386054992676,1.5219874382019043,1.6936746835708618,1.9532260894775391,-0.90275105501504727,2
distill:seasonal-ar-economic,synthetic-seasonal-ar-economic-5,TimesFM-laplace-qd,727,1.7386025541764996,1.2397733926773071,1.2165012359619141,0.50410151481628418,0.81442832946777344,1.0310019254684448,1.1950085163116455,1.2823184728622437,1.4345818758010864,1.6100246906280518,1.8369367122650146,-1.045162221367532,2
distill:seasonal-ar-economic,synthetic-seasonal-ar-economic-5,Laplace-q-fixed-bandwidth,728,1.8259599246460978,1.4493840582488542,0.69966513908218553,1.0119930669236985,1.1963578774407213,1.3328140222398259,1.452327553558602,1.5714622643140714,1.7064950414724991,1.8870827140531952,2.1890718323558773,-0.63909831395240535,2
distill:seasonal-ar-economic,synthetic-seasonal-ar-economic-5,TimesFM-zero-shot,728,1.8259599246460978,1.6267693042755127,1.5966229438781738,0.73039108514785767,1.081472635269165,1.3084220886230469,1.4791492223739624,1.7678508758544922,1.9235110282897949,2.1017036437988281,2.3751585483551025,-0.75377701535513597,2
distill:seasonal-ar-economic,synthetic-seasonal-ar-economic-5,TimesFM-laplace-qd,728,1.8259599246460978,1.6569365262985229,1.61182701587677,0.86525827646255493,1.1984713077545166,1.434648871421814,1.6137512922286987,1.7151627540588379,1.8823586702346802,2.0679068565368652,2.3118364810943604,-0.49446756365307576,2
distill:seasonal-ar-economic,synthetic-seasonal-ar-economic-5,Laplace-q-fixed-bandwidth,729,1.6865133758996518,1.529557202138603,0.79048274235303739,1.0990712167450309,1.2805562765006802,1.4148344284049108,1.5324690756546537,1.6497329165208277,1.7826162142076776,1.9603816609003759,2.2587045001082684,-0.20056898755239572,2
distill:seasonal-ar-economic,synthetic-seasonal-ar-economic-5,TimesFM-zero-shot,729,1.6865133758996518,1.5727956295013428,1.5486568212509155,0.68639153242111206,1.027182936668396,1.2537809610366821,1.4233304262161255,1.7174115180969238,1.8798985481262207,2.0561027526855469,2.3340446949005127,-0.78099411040018163,2
distill:seasonal-ar-economic,synthetic-seasonal-ar-economic-5,TimesFM-laplace-qd,729,1.6865133758996518,1.6231250762939453,1.5812829732894897,0.8624950647354126,1.177257776260376,1.4094817638397217,1.5844353437423706,1.6900581121444702,1.861070990562439,2.0405921936035156,2.2886180877685547,-0.44765775944435915,2
distill:seasonal-ar-economic,synthetic-seasonal-ar-economic-5,Laplace-q-fixed-bandwidth,730,2.8168837699457372,1.417184662150311,0.70769660350955177,1.0080932455732365,1.1806924702962331,1.3081966625064436,1.4200741533822492,1.5316055985846164,1.6577999576883595,1.8268058909517824,2.1167072949153756,-3.0665339609620665,2
distill:seasonal-ar-economic,synthetic-seasonal-ar-economic-5,TimesFM-zero-shot,730,2.8168837699457372,1.2789661884307861,1.2370281219482422,0.35463571548461914,0.71139299869537354,0.9446224570274353,1.1192684173583984,1.4289336204528809,1.5890676975250244,1.7662575244903564,2.0347371101379395,-3.3152230265834173,2
distill:seasonal-ar-economic,synthetic-seasonal-ar-economic-5,TimesFM-laplace-qd,730,2.8168837699457372,1.3384122848510742,1.2714712619781494,0.54641687870025635,0.87427234649658203,1.1117277145385742,1.2937173843383789,1.413010835647583,1.5802567005157471,1.7562627792358398,1.993643045425415,-3.6904941834259808,2
distill:seasonal-ar-economic,synthetic-seasonal-ar-economic-5,Laplace-q-fixed-bandwidth,731,1.3908480444398332,2.448698903629432,1.654651223301328,1.9794633115702318,2.1756197253771008,2.321496530390923,2.4492997131860852,2.5768544095642723,2.721804670429643,2.9155744059897994,3.234096351317862,-2.122019427969545,2
distill:seasonal-ar-economic,synthetic-seasonal-ar-economic-5,TimesFM-zero-shot,731,1.3908480444398332,2.035027027130127,1.9921894073486328,0.99747592210769653,1.3954613208770752,1.6585239171981812,1.8551405668258667,2.2050578594207764,2.3860969543457031,2.5916450023651123,2.9006664752960205,-0.92575258750949685,2
distill:seasonal-ar-economic,synthetic-seasonal-ar-economic-5,TimesFM-laplace-qd,731,1.3908480444398332,2.2488622665405273,2.1689088344573975,1.3318694829940796,1.7092669010162354,1.9782998561859131,2.1842005252838135,2.3569328784942627,2.5550258159637451,2.7714595794677734,3.0591044425964355,-2.0398022631841615,2
distill:seasonal-ar-economic,synthetic-seasonal-ar-economic-5,Laplace-q-fixed-bandwidth,732,-0.4927935273442865,1.161509079776827,0.32174054511609668,0.65611220969301098,0.86582117988706164,1.0236558422116553,1.1620758969432399,1.3002273786024059,1.4570801224902878,1.664402799016399,1.9927448509315098,-3.2054330858540485,2
distill:seasonal-ar-economic,synthetic-seasonal-ar-economic-5,TimesFM-zero-shot,732,-0.4927935273442865,0.53297066688537598,0.47924229502677917,-0.43273487687110901,-0.053127679973840714,0.18668995797634125,0.363027423620224,0.69309353828430176,0.86939579248428345,1.0690213441848755,1.3604477643966675,-2.8575942170681161,2
distill:seasonal-ar-economic,synthetic-seasonal-ar-economic-5,TimesFM-laplace-qd,732,-0.4927935273442865,0.63052183389663696,0.55383831262588501,-0.21714556217193604,0.13736900687217712,0.38595792651176453,0.57290953397750854,0.72015941143035889,0.91377449035644531,1.1238847970962524,1.3955097198486328,-4.1061593021914211,2
distill:seasonal-ar-economic,synthetic-seasonal-ar-economic-5,Laplace-q-fixed-bandwidth,733,0.76270836529387454,-0.45529153448928816,-1.3883331082272456,-1.0252974455982473,-0.79024502523218232,-0.61049761567454985,-0.45248304364021613,-0.29496240614152613,-0.11697394259185551,0.1140465530021955,0.46691965028337895,-2.1896740994910067,2
distill:seasonal-ar-economic,synthetic-seasonal-ar-economic-5,TimesFM-zero-shot,733,0.76270836529387454,-0.81342852115631104,-0.82353800535202026,-1.8097482919692993,-1.4291732311248779,-1.1805787086486816,-0.99419856071472168,-0.62718158960342407,-0.42614811658859253,-0.19129849970340729,0.13329343497753143,-2.6870343547367486,2
distill:seasonal-ar-economic,synthetic-seasonal-ar-economic-5,TimesFM-laplace-qd,733,0.76270836529387454,-0.76384365558624268,-0.76651257276535034,-1.6587096452713013,-1.2981774806976318,-1.0382381677627563,-0.83610153198242188,-0.65417397022247314,-0.42490684986114502,-0.16777049005031586,0.15839788317680359,-2.6525611139716072,2
distill:seasonal-ar-economic,synthetic-seasonal-ar-economic-5,Laplace-q-fixed-bandwidth,734,1.3533161892812087,0.62690170549724078,-0.34877147310243684,0.022841439352565406,0.26903924498403087,0.46046080546767965,0.62966853968601766,0.79836698588308141,0.98801422436058572,1.2302847807571076,1.5918449972030055,-1.2943111692533453,2
distill:seasonal-ar-economic,synthetic-seasonal-ar-economic-5,TimesFM-zero-shot,734,1.3533161892812087,0.3027673065662384,0.29939621686935425,-0.6480247974395752,-0.28726828098297119,-0.050252310931682587,0.12752336263656616,0.46575832366943359,0.65447986125946045,0.87928545475006104,1.2075202465057373,-1.7568033114465291,2
distill:seasonal-ar-economic,synthetic-seasonal-ar-economic-5,TimesFM-laplace-qd,734,1.3533161892812087,0.55583751201629639,0.53993964195251465,-0.29119384288787842,0.052757792174816132,0.30013465881347656,0.49208664894104004,0.64997321367263794,0.86197358369827271,1.1020388603210449,1.4168918132781982,-1.4904725203973153,2
distill:seasonal-ar-economic,synthetic-seasonal-ar-economic-5,Laplace-q-fixed-bandwidth,735,-0.13390710684764062,1.1131749902607688,0.13257892740081875,0.50323379568493709,0.75066152845885037,0.94429196837951468,1.1158884948512653,1.2869792135907772,1.4788613200279133,1.7224565991901444,2.0832110836799789,-2.1649879412634316,2
distill:seasonal-ar-economic,synthetic-seasonal-ar-economic-5,TimesFM-zero-shot,735,-0.13390710684764062,0.34808382391929626,0.32773938775062561,-0.65755355358123779,-0.28463312983512878,-0.033820725977420807,0.1577637791633606,0.52204042673110962,0.7202003002166748,0.95312070846557617,1.3027582168579102,-0.69227282201198059,2
distill:seasonal-ar-economic,synthetic-seasonal-ar-economic-5,TimesFM-laplace-qd,735,-0.13390710684764062,0.65410906076431274,0.62972944974899292,-0.21389493346214294,0.13345345854759216,0.38475024700164795,0.58257579803466797,0.75635117292404175,0.97224646806716919,1.2123547792434692,1.5322301387786865,-1.8939379354895598,2
distill:seasonal-ar-economic,synthetic-seasonal-ar-economic-5,Laplace-q-fixed-bandwidth,736,2.1459499743389436,-0.12899077179578702,-1.1494088802749665,-0.76996790212109656,-0.51278137917416777,-0.30851342297248485,-0.12631190013257843,0.055379974901747717,0.25791510286861669,0.51135862143253763,0.88087919385787461,-4.1252278127780082,2
distill:seasonal-ar-economic,synthetic-seasonal-ar-economic-5,TimesFM-zero-shot,736,2.1459499743389436,-0.52731144428253174,-0.55507826805114746,-1.4466321468353271,-1.0922579765319824,-0.86771482229232788,-0.69909262657165527,-0.38023832440376282,-0.20978650450706482,-0.0010403469204902649,0.30466145277023315,-7.1406393401968042,2
distill:seasonal-ar-economic,synthetic-seasonal-ar-economic-5,TimesFM-laplace-qd,736,2.1459499743389436,-0.4278607964515686,-0.45207184553146362,-1.2105562686920166,-0.89096009731292725,-0.66936832666397095,-0.49170708656311035,-0.36376437544822693,-0.17645835876464844,0.040463931858539581,0.3227381706237793,-7.7311367866406746,2
distill:seasonal-ar-economic,synthetic-seasonal-ar-economic-5,Laplace-q-fixed-bandwidth,737,0.97923204831981925,1.7214720653944167,0.56981283879397115,0.9901329120487492,1.2788471167630984,1.5117295149850425,1.721201587435589,1.9303416103832827,2.1621091736147999,2.4484185863614485,2.8621174856362162,-1.276125312875249,2
distill:seasonal-ar-economic,synthetic-seasonal-ar-economic-5,TimesFM-zero-shot,737,0.97923204831981925,1.1960399150848389,1.1554605960845947,0.038747880607843399,0.48158788681030273,0.76296550035476685,0.98176896572113037,1.3805761337280273,1.604823112487793,1.8842601776123047,2.2718443870544434,-1.1117045293217569,2
distill:seasonal-ar-economic,synthetic-seasonal-ar-economic-5,TimesFM-laplace-qd,737,0.97923204831981925,1.570418119430542,1.5204176902770996,0.56269711256027222,0.97023630142211914,1.2479484081268311,1.4729397296905518,1.6757805347442627,1.9161500930786133,2.204413890838623,2.5669269561767578,-0.94516476388829762,2
distill:seasonal-ar-economic,synthetic-seasonal-ar-economic-5,Laplace-q-fixed-bandwidth,738,0.34615204372504438,0.80574700241136377,-0.34404068066952431,0.0744141160265928,0.36249927963766915,0.59552849202659641,0.80546051872894853,1.0150658483260098,1.247000052918156,1.5327205716171584,1.944625225538803,-0.92064355376636287,2
distill:seasonal-ar-economic,synthetic-seasonal-ar-economic-5,TimesFM-zero-shot,738,0.34615204372504438,0.49156594276428223,0.44328492879867554,-0.58180338144302368,-0.15717799961566925,0.099968791007995605,0.29657366871833801,0.65625202655792236,0.86618804931640625,1.128778338432312,1.4783059358596802,-1.0292212728537993,2
distill:seasonal-ar-economic,synthetic-seasonal-ar-economic-5,TimesFM-laplace-qd,738,0.34615204372504438,0.68483090400695801,0.65419107675552368,-0.23039568960666656,0.15583156049251556,0.40360397100448608,0.60081326961517334,0.76274585723876953,0.98623108863830566,1.2617391347885132,1.5885380506515503,-0.68738716226270991,2
distill:seasonal-ar-economic,synthetic-seasonal-ar-economic-5,Laplace-q-fixed-bandwidth,739,-0.39235620960444184,0.2847442954526368,-0.84987752158716146,-0.43561661589932205,-0.15113980906708163,0.078217931877843538,0.28447134271145574,0.49039960620404405,0.71866520090713792,1.0007862855719285,1.4085723772071899,-1.1861829456473973,2
distill:seasonal-ar-economic,synthetic-seasonal-ar-economic-5,TimesFM-zero-shot,739,-0.39235620960444184,0.16316461563110352,0.14396980404853821,-0.82975494861602783,-0.44347751140594482,-0.20312650501728058,-0.016583867371082306,0.32233837246894836,0.51898056268692017,0.76146465539932251,1.0985978841781616,-0.71487734366196509,2
distill:seasonal-ar-economic,synthetic-seasonal-ar-economic-5,TimesFM-laplace-qd,739,-0.39235620960444184,0.33063530921936035,0.33519041538238525,-0.51389354467391968,-0.16656799614429474,0.065764322876930237,0.25669360160827637,0.40157884359359741,0.61244839429855347,0.86557537317276001,1.1822118759155273,-1.7073890456431289,2
distill:seasonal-ar-economic,synthetic-seasonal-ar-economic-5,Laplace-q-fixed-bandwidth,740,0.27007683316171338,-0.3037825066747632,-1.4337818652425005,-1.0219361916918293,-0.73871171095952048,-0.50996639391558141,-0.30406587825383924,-0.098485838866270325,0.12918417624548362,0.41008789005261348,0.81553193344877584,-1.0408731123119777,2
distill:seasonal-ar-economic,synthetic-seasonal-ar-economic-5,TimesFM-zero-shot,740,0.27007683316171338,-0.52289360761642456,-0.53207224607467651,-1.5267510414123535,-1.1338038444519043,-0.89758884906768799,-0.70792233943939209,-0.36012345552444458,-0.15704372525215149,0.091328635811805725,0.42155805230140686,-1.3496615457776946,2
distill:seasonal-ar-economic,synthetic-seasonal-ar-economic-5,TimesFM-laplace-qd,740,0.27007683316171338,-0.45199978351593018,-0.4379199743270874,-1.3349764347076416,-0.97659802436828613,-0.74518281221389771,-0.54529237747192383,-0.38179567456245422,-0.16425755620002747,0.098868697881698608,0.41932666301727295,-1.4230452561232025,2
distill:seasonal-ar-economic,synthetic-seasonal-ar-economic-5,Laplace-q-fixed-bandwidth,741,1.1489865433340831,0.20529923210442924,-0.91491162164269912,-0.5064026336633094,-0.22559439220328875,0.0010620511621305122,0.20501666040338831,0.4086540979024782,0.63424583140367496,0.91275651155122239,1.3149386777988203,-1.5642177665157562,2
distill:seasonal-ar-economic,synthetic-seasonal-ar-economic-5,TimesFM-zero-shot,741,1.1489865433340831,-0.043894588947296143,-0.061089500784873962,-1.0458142757415771,-0.65796744823455811,-0.4176691472530365,-0.22598856687545776,0.12828454375267029,0.32171750068664551,0.55293047428131104,0.87634146213531494,-1.9597968368594789,2
distill:seasonal-ar-economic,synthetic-seasonal-ar-economic-5,TimesFM-laplace-qd,741,1.1489865433340831,0.056943956762552261,0.036075890064239502,-0.80105030536651611,-0.45365092158317566,-0.22087576985359192,-0.025621756911277771,0.13266192376613617,0.32828998565673828,0.55866926908493042,0.85218143463134766,-2.0381116438577203,2
distill:seasonal-ar-economic,synthetic-seasonal-ar-economic-5,Laplace-q-fixed-bandwidth,742,0.57399995060194997,0.90548889278675448,-0.22463312700401561,0.18493301186160979,0.46785716875141936,0.69765772147416683,0.90517328365999639,1.1123780376886603,1.3411388402359927,1.621812123757322,2.0250922506241125,-0.78879486280498523,2
distill:seasonal-ar-economic,synthetic-seasonal-ar-economic-5,TimesFM-zero-shot,742,0.57399995060194997,0.77446335554122925,0.7448003888130188,-0.34297424554824829,0.078008890151977539,0.3487449586391449,0.56515496969223022,0.9719092845916748,1.1894294023513794,1.4507150650024414,1.8182030916213989,-1.1221043422113703,2
distill:seasonal-ar-economic,synthetic-seasonal-ar-economic-5,TimesFM-laplace-qd,742,0.57399995060194997,0.98482704162597656,0.94495552778244019,0.069226846098899841,0.42990928888320923,0.67747282981872559,0.88459765911102295,1.0749690532684326,1.2797876596450806,1.5247756242752075,1.8378777503967285,-0.69804333128418095,2
distill:seasonal-ar-economic,synthetic-seasonal-ar-economic-5,Laplace-q-fixed-bandwidth,743,-0.032596934152202217,0.46141829598409684,-0.64956132238361808,-0.24469551729136146,0.033778306022331263,0.25868272482456983,0.46112736330453569,0.663260545444188,0.88711977420157395,1.1633378647677985,1.5619884046923596,-0.94352830473963545,2
distill:seasonal-ar-economic,synthetic-seasonal-ar-economic-5,TimesFM-zero-shot,743,-0.032596934152202217,0.53682124614715576,0.49785581231117249,-0.45436590909957886,-0.07705824077129364,0.16433095932006836,0.35410702228546143,0.70991599559783936,0.89824652671813965,1.1179128885269165,1.435354471206665,-0.75054824755323235,2
distill:seasonal-ar-economic,synthetic-seasonal-ar-economic-5,TimesFM-laplace-qd,743,-0.032596934152202217,0.59251081943511963,0.55461430549621582,-0.24449929594993591,0.08922278881072998,0.31925797462463379,0.50807088613510132,0.66323602199554443,0.84671705961227417,1.0575264692306519,1.331836462020874,-1.1711946321152236,2
distill:seasonal-ar-economic,synthetic-seasonal-ar-economic-5,Laplace-q-fixed-bandwidth,744,-0.14474792446066323,-0.02002712165111201,-1.1183844181088092,-0.71727216195140875,-0.4418440562982543,-0.21987804976199316,-0.020310259387717956,0.17894839299881349,0.39987541124965731,0.67306239261480427,1.0680314556465382,-0.63094874763740627,2
distill:seasonal-ar-economic,synthetic-seasonal-ar-economic-5,TimesFM-zero-shot,744,-0.14474792446066323,0.1554289311170578,0.12269101291894913,-0.7889752984046936,-0.42798987030982971,-0.2011864185333252,-0.017481230199337006,0.32897490262985229,0.5169147253036499,0.73805707693099976,1.0594812631607056,-0.8304767181183228,2
distill:seasonal-ar-economic,synthetic-seasonal-ar-economic-5,TimesFM-laplace-qd,744,-0.14474792446066323,0.11347883194684982,0.10072101652622223,-0.70499199628829956,-0.3835299015045166,-0.1590278148651123,0.031018383800983429,0.18591213226318359,0.37426498532295227,0.59180915355682373,0.88325178623199463,-0.58600280738235777,2
distill:seasonal-ar-economic,synthetic-seasonal-ar-economic-5,Laplace-q-fixed-bandwidth,745,0.56315376439381648,-0.11319276283145573,-1.1866611496145048,-0.79058024973339713,-0.52094073777615568,-0.30583217381974465,-0.11343480433937289,0.078651797901257564,0.29270708838634024,0.56007274377638339,0.95005673370493837,-1.1828479513068875,2
distill:seasonal-ar-economic,synthetic-seasonal-ar-economic-5,TimesFM-zero-shot,745,0.56315376439381648,0.076353400945663452,0.06573263555765152,-0.8030049204826355,-0.46855443716049194,-0.25215166807174683,-0.080520093441009521,0.24430133402347565,0.41846215724945068,0.64405137300491333,0.96564489603042603,-1.0296573760395571,2
distill:seasonal-ar-economic,synthetic-seasonal-ar-economic-5,TimesFM-laplace-qd,745,0.56315376439381648,-0.076436266303062439,-0.071052700281143188,-0.8661159873008728,-0.55524587631225586,-0.33401554822921753,-0.14981891214847565,-0.015652239322662354,0.16340774297714233,0.38368707895278931,0.66907632350921631,-1.3187450542775971,2
distill:seasonal-ar-economic,synthetic-seasonal-ar-economic-5,Laplace-q-fixed-bandwidth,746,1.1140752665845572,0.4383165270411038,-0.63253797761148056,-0.23855174415619423,0.030327340410451251,0.24541674558769699,0.43806052879287527,0.63039794485624845,0.84445149301934341,1.1110959993372791,1.4990585367304343,-1.1801233406980822,2
distill:seasonal-ar-economic,synthetic-seasonal-ar-economic-5,TimesFM-zero-shot,746,1.1140752665845572,0.67581909894943237,0.64095050096511841,-0.19088645279407501,0.14097175002098083,0.35187596082687378,0.5237695574760437,0.83950912952423096,1.0066554546356201,1.2168031930923462,1.5181676149368286,-0.94880693809641947,2
distill:seasonal-ar-economic,synthetic-seasonal-ar-economic-5,TimesFM-laplace-qd,746,1.1140752665845572,0.54026204347610474,0.51312971115112305,-0.23471949994564056,0.075157701969146729,0.29289108514785767,0.47640436887741089,0.59959441423416138,0.77328675985336304,0.98159736394882202,1.2485004663467407,-1.1809112650869311,2
distill:seasonal-ar-economic,synthetic-seasonal-ar-economic-5,Laplace-q-fixed-bandwidth,747,0.81720112782489218,0.87935118975295601,-0.18888808257302137,0.2030481827472429,0.4711602094288912,0.68620958837094514,0.87908158043929419,1.0716516550395483,1.2856824742906512,1.5515979885597964,1.9375814858254103,-0.58130948526494608,2
distill:seasonal-ar-economic,synthetic-seasonal-ar-economic-5,TimesFM-zero-shot,747,0.81720112782489218,1.1273890733718872,1.0723782777786255,0.24063551425933838,0.58341580629348755,0.79967266321182251,0.97200697660446167,1.2912359237670898,1.4535822868347168,1.6455370187759399,1.9327301979064941,-0.74672543615538167,2
distill:seasonal-ar-economic,synthetic-seasonal-ar-economic-5,TimesFM-laplace-qd,747,0.81720112782489218,1.0332955121994019,0.98718255758285522,0.2391408383846283,0.55947166681289673,0.78478556871414185,0.96648889780044556,1.1017354726791382,1.2712081670761108,1.4647234678268433,1.7237902879714966,-0.56991218543747424,2
distill:seasonal-ar-economic,synthetic-seasonal-ar-economic-5,Laplace-q-fixed-bandwidth,748,-0.57827968431850507,0.64942019921306338,-0.39298826857558056,-0.0059985629583121872,0.25603238520779059,0.46384022263045233,0.64919379941409971,0.83424467656754309,1.0410203565798937,1.3008153921862897,1.6818851862050828,-2.0607186267669446,2
distill:seasonal-ar-economic,synthetic-seasonal-ar-economic-5,TimesFM-zero-shot,748,-0.57827968431850507,0.92456144094467163,0.87101775407791138,0.054438300430774689,0.39542704820632935,0.60415494441986084,0.7719038724899292,1.0773453712463379,1.2346532344818115,1.422350287437439,1.7014285326004028,-6.2055801428755304,2
distill:seasonal-ar-economic,synthetic-seasonal-ar-economic-5,TimesFM-laplace-qd,748,-0.57827968431850507,0.78909957408905029,0.73228436708450317,-0.011821843683719635,0.31144589185714722,0.5347023606300354,0.71728795766830444,0.85590094327926636,1.0266177654266357,1.2183122634887695,1.4751961231231689,-6.4964016489978027,2
distill:seasonal-ar-economic,synthetic-seasonal-ar-economic-5,Laplace-q-fixed-bandwidth,749,-1.9740914861626964,-0.44761813875422174,-1.5235279296223276,-1.1292690277930899,-0.85926062085596411,-0.64245498392873679,-0.4479021102153537,-0.25365000105223895,-0.037858082213931318,0.22996511510558293,0.61829320461352477,-2.4626155145580917,2
distill:seasonal-ar-economic,synthetic-seasonal-ar-economic-5,TimesFM-zero-shot,749,-1.9740914861626964,-0.022017300128936768,-0.062887623906135559,-1.0242482423782349,-0.63554716110229492,-0.39467504620552063,-0.1982211172580719,0.15618421137332916,0.34458029270172119,0.57751345634460449,0.90681242942810059,-7.5866540769059965,2
distill:seasonal-ar-economic,synthetic-seasonal-ar-economic-5,TimesFM-laplace-qd,749,-1.9740914861626964,-0.26084479689598083,-0.29987829923629761,-1.1682925224304199,-0.80844378471374512,-0.55946600437164307,-0.35259953141212463,-0.17622429132461548,0.024195753037929535,0.25910085439682007,0.56278222799301147,-8.1106963373192027,2
distill:seasonal-ar-economic,synthetic-seasonal-ar-economic-5,Laplace-q-fixed-bandwidth,750,-0.92577308709794404,-1.5687791301640359,-2.6968774239827664,-2.2884275900766946,-2.0059774259552055,-1.7764507197660762,-1.5691289811926206,-1.3621075570108632,-1.133585283438479,-0.85330853124899275,-0.45091622183872848,-1.1282684426222278,2
distill:seasonal-ar-economic,synthetic-seasonal-ar-economic-5,TimesFM-zero-shot,750,-0.92577308709794404,-1.1343095302581787,-1.1551668643951416,-2.3486104011535645,-1.8785102367401123,-1.581025242805481,-1.3451341390609741,-0.90957409143447876,-0.67727053165435791,-0.38862758874893188,0.015283539891242981,-1.1844517172874189,2
distill:seasonal-ar-economic,synthetic-seasonal-ar-economic-5,TimesFM-laplace-qd,750,-0.92577308709794404,-1.5619837045669556,-1.5880880355834961,-2.6407051086425781,-2.2155308723449707,-1.9208893775939941,-1.6805152893066406,-1.4445904493331909,-1.2058582305908203,-0.91751426458358765,-0.53912246227264404,-1.2777524653843311,2
distill:seasonal-ar-economic,synthetic-seasonal-ar-economic-5,Laplace-q-fixed-bandwidth,751,-1.3094006504715239,-0.71659263719911404,-1.8382467493301737,-1.4324752270423793,-1.1516875158770161,-0.92332209719917546,-0.71694796711718622,-0.51087016308756306,-0.28349554533851329,-0.0048531496310384422,0.39492946675594409,-1.0680148392437727,2
distill:seasonal-ar-economic,synthetic-seasonal-ar-economic-5,TimesFM-zero-shot,751,-1.3094006504715239,-0.389748215675354,-0.39671909809112549,-1.5111570358276367,-1.080527663230896,-0.80682337284088135,-0.58722591400146484,-0.18996933102607727,0.015723809599876404,0.26967883110046387,0.63065981864929199,-1.7978460303043371,2
distill:seasonal-ar-economic,synthetic-seasonal-ar-economic-5,TimesFM-laplace-qd,751,-1.3094006504715239,-0.65717518329620361,-0.67546474933624268,-1.6123756170272827,-1.2327271699905396,-0.96985781192779541,-0.75514638423919678,-0.56117212772369385,-0.34834790229797363,-0.092968448996543884,0.24104860424995422,-1.0826333136968112,2
distill:seasonal-ar-economic,synthetic-seasonal-ar-economic-5,Laplace-q-fixed-bandwidth,752,-0.11211801787949299,-1.0283858249500852,-2.1417096692889857,-1.7389699734145023,-1.4602640260201147,-1.233590353153768,-1.0287426329134008,-0.82418785726875732,-0.59849373652463322,-0.32190881836603924,0.074911679549907989,-1.5171065604901219,2
distill:seasonal-ar-economic,synthetic-seasonal-ar-economic-5,TimesFM-zero-shot,752,-0.11211801787949299,-0.87344604730606079,-0.84663814306259155,-1.9577236175537109,-1.5433913469314575,-1.2795325517654419,-1.0684044361114502,-0.68131494522094727,-0.48036694526672363,-0.23592045903205872,0.11707299947738647,-1.3027289195545275,2
distill:seasonal-ar-economic,synthetic-seasonal-ar-economic-5,TimesFM-laplace-qd,752,-0.11211801787949299,-1.1538972854614258,-1.1467329263687134,-2.101038932800293,-1.7241846323013306,-1.4619511365890503,-1.2515853643417358,-1.0616095066070557,-0.85049206018447876,-0.60270100831985474,-0.27368295192718506,-1.8680380074562279,2
distill:seasonal-ar-economic,synthetic-seasonal-ar-economic-5,Laplace-q-fixed-bandwidth,753,-0.92213906124076528,-0.088269122864958471,-1.2096328075322051,-0.80605677012708443,-0.52568343787220062,-0.29645650012104702,-0.088653691007935381,0.11886237559025398,0.34713204197270286,0.62542236904172621,1.0231141963105765,-1.3960667962279829,2
distill:seasonal-ar-economic,synthetic-seasonal-ar-economic-5,TimesFM-zero-shot,753,-0.92213906124076528,0.19218051433563232,0.18418204784393311,-0.86848759651184082,-0.47230210900306702,-0.21143415570259094,-0.001536935567855835,0.37896633148193359,0.56629669666290283,0.7967526912689209,1.1296919584274292,-2.9478394711087725,2
distill:seasonal-ar-economic,synthetic-seasonal-ar-economic-5,TimesFM-laplace-qd,753,-0.92213906124076528,0.042105063796043396,0.014304697513580322,-0.94044661521911621,-0.55361831188201904,-0.28080558776855469,-0.06086316704750061,0.14971181750297546,0.35863122344017029,0.61035549640655518,0.94232761859893799,-2.4650443652413543,2
distill:seasonal-ar-economic,synthetic-seasonal-ar-economic-5,Laplace-q-fixed-bandwidth,754,0.80173052911065734,-0.7136917156357665,-1.8383352647859674,-1.4350329773450192,-1.1541027744356787,-0.92356698323118891,-0.71409656492407525,-0.50490709358720287,-0.27530886214013428,0.0035716919607090315,0.40103327293351632,-2.3746389242704971,2
distill:seasonal-ar-economic,synthetic-seasonal-ar-economic-5,TimesFM-zero-shot,754,0.80173052911065734,-0.52855080366134644,-0.51603388786315918,-1.5568113327026367,-1.1752283573150635,-0.92225974798202515,-0.716572105884552,-0.3463476300239563,-0.15873199701309204,0.070938505232334137,0.40468758344650269,-2.2162150897885686,2
distill:seasonal-ar-economic,synthetic-seasonal-ar-economic-5,TimesFM-laplace-qd,754,0.80173052911065734,-0.68985050916671753,-0.69410413503646851,-1.5478343963623047,-1.211005687713623,-0.97353047132492065,-0.7767065167427063,-0.60093992948532104,-0.40849488973617554,-0.17840492725372314,0.12333547323942184,-2.8799367932772859,2
distill:seasonal-ar-economic,synthetic-seasonal-ar-economic-5,Laplace-q-fixed-bandwidth,755,0.43905529417532158,0.59524949358057522,-0.57487825217818478,-0.15830270403836633,0.13337553056004839,0.37456075288901813,0.59479135572357511,0.81474368986471091,1.054998957800805,1.3446180830984882,1.7552151371023961,-0.72674341886041272,2
distill:seasonal-ar-economic,synthetic-seasonal-ar-economic-5,TimesFM-zero-shot,755,0.43905529417532158,0.62444978952407837,0.57918953895568848,-0.43789947032928467,-0.043027237057685852,0.22545015811920166,0.43661856651306152,0.80969023704528809,0.99591535329818726,1.2108786106109619,1.5367851257324219,-1.0553108788595995,2
distill:seasonal-ar-economic,synthetic-seasonal-ar-economic-5,TimesFM-laplace-qd,755,0.43905529417532158,0.63915121555328369,0.56950533390045166,-0.29236626625061035,0.078310549259185791,0.34352624416351318,0.55413466691970825,0.73900425434112549,0.93948984146118164,1.1668012142181396,1.4727895259857178,-0.76448779118326349,2
distill:seasonal-ar-economic,synthetic-seasonal-ar-economic-5,Laplace-q-fixed-bandwidth,756,0.0029492096783915178,0.33976284913559784,-0.80851264820651769,-0.39746855592651487,-0.11074654260111043,0.12494810224807083,0.33933428857832226,0.55343847302822202,0.78819213158209145,1.0728527141145099,1.4780022626235336,-0.8111931874813052,2
distill:seasonal-ar-economic,synthetic-seasonal-ar-economic-5,TimesFM-zero-shot,756,0.0029492096783915178,0.3197878897190094,0.28035661578178406,-0.72091162204742432,-0.32870915532112122,-0.065041311085224152,0.13627885282039642,0.49917206168174744,0.68730711936950684,0.89666002988815308,1.2103402614593506,-0.94215740119537905,2
distill:seasonal-ar-economic,synthetic-seasonal-ar-economic-5,TimesFM-laplace-qd,756,0.0029492096783915178,0.35983732342720032,0.29986757040023804,-0.55997735261917114,-0.19235408306121826,0.069360479712486267,0.27606919407844543,0.45541691780090332,0.65707683563232422,0.87803572416305542,1.1730611324310303,-0.75548323270348905,2
distill:seasonal-ar-economic,synthetic-seasonal-ar-economic-5,Laplace-q-fixed-bandwidth,757,-0.87902844297883631,0.0058688268686191911,-1.1241708563986097,-0.71793921712763487,-0.43542925979356067,-0.20423786771071961,0.0054613226763782314,0.21487729470581918,0.44512342882792533,0.72557542087231863,1.125989406235272,-1.4662204729999311,2
distill:seasonal-ar-economic,synthetic-seasonal-ar-economic-5,TimesFM-zero-shot,757,-0.87902844297883631,0.017608232796192169,-0.008352130651473999,-0.97571325302124023,-0.60887110233306885,-0.35822784900665283,-0.16209515929222107,0.19311103224754333,0.37457436323165894,0.57857966423034668,0.88657736778259277,-2.0628900860023265,2
distill:seasonal-ar-economic,synthetic-seasonal-ar-economic-5,TimesFM-laplace-qd,757,-0.87902844297883631,0.058044210076332092,0.016482293605804443,-0.82929039001464844,-0.47914609313011169,-0.22747066617012024,-0.023212671279907227,0.1492898017168045,0.34871658682823181,0.56795096397399902,0.86307716369628906,-2.7337733406521836,2
distill:seasonal-ar-economic,synthetic-seasonal-ar-economic-5,Laplace-q-fixed-bandwidth,758,-1.3709970788003407,-0.66631416183975456,-1.8019150643141777,-1.3953250219804467,-1.1117282611638251,-0.87867920077522899,-0.6667446033531067,-0.4550872416193561,-0.22296324920601565,0.058608329227390635,0.45941649732547302,-1.2114019942850904,2
distill:seasonal-ar-economic,synthetic-seasonal-ar-economic-5,TimesFM-zero-shot,758,-1.3709970788003407,-0.66294181346893311,-0.67532455921173096,-1.5899273157119751,-1.2499814033508301,-1.0212194919586182,-0.83756560087203979,-0.4862760603427887,-0.30407389998435974,-0.088055975735187531,0.23655387759208679,-1.2662190640025701,2
distill:seasonal-ar-economic,synthetic-seasonal-ar-economic-5,TimesFM-laplace-qd,758,-1.3709970788003407,-0.64392942190170288,-0.65492105484008789,-1.4636495113372803,-1.1447584629058838,-0.91412436962127686,-0.72065085172653198,-0.55786919593811035,-0.36382904648780823,-0.13926795125007629,0.16548255085945129,-1.7694975363313068,2
distill:seasonal-ar-economic,synthetic-seasonal-ar-economic-5,Laplace-q-fixed-bandwidth,759,-1.0739135125290631,-1.0545531861730628,-2.1864350854207304,-1.7817879346969439,-1.499233699590822,-1.2666830705667227,-1.0549924660688363,-0.84357466971159434,-0.61193449465675342,-0.33137817949107262,0.067544954192066201,-0.66009117779585114,2
distill:seasonal-ar-economic,synthetic-seasonal-ar-economic-5,TimesFM-zero-shot,759,-1.0739135125290631,-1.1897419691085815,-1.1840751171112061,-2.0586588382720947,-1.7369867563247681,-1.5219693183898926,-1.3548831939697266,-1.0274120569229126,-0.84741890430450439,-0.62884014844894409,-0.29839262366294861,-0.91841287401791871,2
distill:seasonal-ar-economic,synthetic-seasonal-ar-economic-5,TimesFM-laplace-qd,759,-1.0739135125290631,-1.1783524751663208,-1.1689516305923462,-1.949036717414856,-1.646320104598999,-1.4277899265289307,-1.2496911287307739,-1.1131393909454346,-0.92737406492233276,-0.70492315292358398,-0.40367013216018677,-0.61259857634644788,2
distill:seasonal-ar-economic,synthetic-seasonal-ar-economic-5,Laplace-q-fixed-bandwidth,760,-0.83321692339717868,-0.83113448636392695,-1.9399376543766471,-1.5407135219758907,-1.263367516810844,-1.0368098885603181,-0.83153934770521309,-0.62654592768879569,-0.40091357518468973,-0.12557746993823179,0.2679959067685932,-0.63126904128697214,2
distill:seasonal-ar-economic,synthetic-seasonal-ar-economic-5,TimesFM-zero-shot,760,-0.83321692339717868,-1.0460081100463867,-1.0365902185440063,-1.8728033304214478,-1.560757040977478,-1.3525391817092896,-1.1983004808425903,-0.89421528577804565,-0.72864139080047607,-0.52401542663574219,-0.20996634662151337,-0.85586545265858671,2
distill:seasonal-ar-economic,synthetic-seasonal-ar-economic-5,TimesFM-laplace-qd,760,-0.83321692339717868,-1.0126460790634155,-0.99649947881698608,-1.7701996564865112,-1.4729872941970825,-1.2513909339904785,-1.0773913860321045,-0.94274824857711792,-0.76013529300689697,-0.54078441858291626,-0.23757539689540863,-0.64621347814731989,2
distill:seasonal-ar-economic,synthetic-seasonal-ar-economic-5,Laplace-q-fixed-bandwidth,761,0.089435763400806056,-0.64577194803061577,-1.7306162233877047,-1.3366229985571372,-1.0647145346727038,-0.84456966689945701,-0.64613910325150725,-0.44798942495291694,-0.22878597219843139,0.041091322213643255,0.42949470782565813,-1.2592080272060324,2
distill:seasonal-ar-economic,synthetic-seasonal-ar-economic-5,TimesFM-zero-shot,761,0.089435763400806056,-0.74683278799057007,-0.73234575986862183,-1.5693625211715698,-1.254675030708313,-1.0485715866088867,-0.89921021461486816,-0.59752333164215088,-0.42759865522384644,-0.20966900885105133,0.11243346333503723,-1.4798793672084161,2
distill:seasonal-ar-economic,synthetic-seasonal-ar-economic-5,TimesFM-laplace-qd,761,0.089435763400806056,-0.68638509511947632,-0.6564907431602478,-1.4300942420959473,-1.1359282732009888,-0.91798996925354004,-0.74880468845367432,-0.62904691696166992,-0.45266938209533691,-0.23437409102916718,0.059525530785322189,-1.6034252056255163,2
distill:seasonal-ar-economic,synthetic-seasonal-ar-economic-5,Laplace-q-fixed-bandwidth,762,-0.75749766273219399,0.061372104131320195,-1.023096610008456,-0.63049536442665233,-0.35886158835778892,-0.1382355266179924,0.060989311926622714,0.25993813516364594,0.47964064239697823,0.74927827510351286,1.1363472162288653,-1.3874593582168859,2
distill:seasonal-ar-economic,synthetic-seasonal-ar-economic-5,TimesFM-zero-shot,762,-0.75749766273219399,0.10812802612781525,0.10398972779512405,-0.8363804817199707,-0.4705846905708313,-0.2355613112449646,-0.05753510445356369,0.26682811975479126,0.43606147170066833,0.65707856416702271,0.9862828254699707,-2.146954662081817,2
distill:seasonal-ar-economic,synthetic-seasonal-ar-economic-5,TimesFM-laplace-qd,762,-0.75749766273219399,0.20180171728134155,0.20738589763641357,-0.60812640190124512,-0.27909216284751892,-0.04877953976392746,0.1341453492641449,0.26534190773963928,0.43885296583175659,0.65459823608398438,0.93876397609710693,-3.5999300973192065,2
distill:seasonal-ar-economic,synthetic-seasonal-ar-economic-5,Laplace-q-fixed-bandwidth,763,-1.569015104800787,-0.57539423327585715,-1.6639974320171351,-1.2716203226343841,-0.99922278973380829,-0.77699296175517663,-0.57579889047051613,-0.37487534181335791,-0.15354911879285843,0.11688854751532936,0.50377856181186298,-1.6428090554323753,2
distill:seasonal-ar-economic,synthetic-seasonal-ar-economic-5,TimesFM-zero-shot,763,-1.569015104800787,-0.6308363676071167,-0.64832240343093872,-1.4715580940246582,-1.1332229375839233,-0.9314805269241333,-0.78282719850540161,-0.49159878492355347,-0.33865663409233093,-0.14031660556793213,0.15113767981529236,-3.0826262015691763,2
distill:seasonal-ar-economic,synthetic-seasonal-ar-economic-5,TimesFM-laplace-qd,763,-1.569015104800787,-0.60634708404541016,-0.58947718143463135,-1.3840737342834473,-1.0661768913269043,-0.8558351993560791,-0.68382251262664795,-0.55277347564697266,-0.38029932975769043,-0.16290092468261719,0.11746285110712051,-3.9294048469013823,2
distill:seasonal-ar-economic,synthetic-seasonal-ar-economic-5,Laplace-q-fixed-bandwidth,764,-2.3804169224372478,-1.2096898696715217,-2.3116750716947925,-1.9167951081570558,-1.6414592761586255,-1.4154742092105299,-1.2101262834637692,-1.0050429224142183,-0.77994059956270145,-0.50653261528158156,-0.11712774916087945,-1.8885957356881113,2
distill:seasonal-ar-economic,synthetic-seasonal-ar-economic-5,TimesFM-zero-shot,764,-2.3804169224372478,-1.2086266279220581,-1.1837877035140991,-2.0098536014556885,-1.693778395652771,-1.5003573894500732,-1.3594816923141479,-1.0652921199798584,-0.90151995420455933,-0.68447345495223999,-0.36575740575790405,-4.6108448454496873,2
distill:seasonal-ar-economic,synthetic-seasonal-ar-economic-5,TimesFM-laplace-qd,764,-2.3804169224372478,-1.2507257461547852,-1.2024353742599487,-2.0028469562530518,-1.7018522024154663,-1.4961584806442261,-1.3297866582870483,-1.1985598802566528,-1.0112354755401611,-0.77169126272201538,-0.45878928899765015,-5.2873083447901923,2
distill:seasonal-ar-economic,synthetic-seasonal-ar-economic-5,Laplace-q-fixed-bandwidth,765,-1.8698632899476568,-1.8773423649085652,-3.0023053795143211,-2.6016481848540582,-2.3210584810656623,-2.0892875517282237,-1.8778168920938176,-1.6666054004753712,-1.4356999630108502,-1.1570198617531715,-0.7618711571298179,-0.65728977706693237,2
distill:seasonal-ar-economic,synthetic-seasonal-ar-economic-5,TimesFM-zero-shot,765,-1.8698632899476568,-1.8239401578903198,-1.7994617223739624,-2.7583808898925781,-2.4008941650390625,-2.1703095436096191,-1.9967600107192993,-1.6523126363754272,-1.4621075391769409,-1.2100487947463989,-0.84034645557403564,-0.96640230308875918,2
distill:seasonal-ar-economic,synthetic-seasonal-ar-economic-5,TimesFM-laplace-qd,765,-1.8698632899476568,-1.8586176633834839,-1.7990368604660034,-2.7394335269927979,-2.3957736492156982,-2.1559901237487793,-1.9592620134353638,-1.7883710861206055,-1.5821912288665771,-1.3171926736831665,-0.96475625038146973,-0.73150389794876824,2
distill:seasonal-ar-economic,synthetic-seasonal-ar-economic-5,Laplace-q-fixed-bandwidth,766,-2.0032711851513327,-1.4767156587176924,-2.5793067963454002,-2.1840839370725735,-1.9085433276113817,-1.6824966525002192,-1.4771577370889273,-1.2720821750621669,-1.0469141240239022,-0.77329038982626064,-0.38350079710616414,-0.9782662432354472,2
distill:seasonal-ar-economic,synthetic-seasonal-ar-economic-5,TimesFM-zero-shot,766,-2.0032711851513327,-1.4924001693725586,-1.4629652500152588,-2.371953010559082,-2.0424165725708008,-1.8280309438705444,-1.6613035202026367,-1.3332849740982056,-1.1567434072494507,-0.92015725374221802,-0.57750618457794189,-0.5352417207841963,2
distill:seasonal-ar-economic,synthetic-seasonal-ar-economic-5,TimesFM-laplace-qd,766,-2.0032711851513327,-1.5439186096191406,-1.4852757453918457,-2.3419990539550781,-2.036607027053833,-1.8199119567871094,-1.6399697065353394,-1.4894930124282837,-1.3007407188415527,-1.0558257102966309,-0.73503673076629639,-0.51326724939235535,2
distill:seasonal-ar-economic,synthetic-seasonal-ar-economic-5,Laplace-q-fixed-bandwidth,767,-1.987312023812674,-1.5993034091841734,-2.6913891334980091,-2.2995659842631717,-2.0265734931748529,-1.8028454132770786,-1.5997404011907645,-1.3968965802609128,-1.1740400295933742,-0.90294638752053613,-0.5164901364631509,-0.82122616992245323,2
distill:seasonal-ar-economic,synthetic-seasonal-ar-economic-5,TimesFM-zero-shot,767,-1.987312023812674,-1.6097825765609741,-1.578761100769043,-2.4812331199645996,-2.1590731143951416,-1.9475749731063843,-1.7792924642562866,-1.4449788331985474,-1.2715247869491577,-1.0420324802398682,-0.69771355390548706,-0.48877018063074162,2
distill:seasonal-ar-economic,synthetic-seasonal-ar-economic-5,TimesFM-laplace-qd,767,-1.987312023812674,-1.7286909818649292,-1.6453059911727905,-2.5177352428436279,-2.2174315452575684,-2.0043070316314697,-1.8241113424301147,-1.6722646951675415,-1.4914464950561523,-1.2557531595230103,-0.93275123834609985,-0.44167543356527972,2
distill:sticky-repeating,synthetic-sticky-repeating-5,Laplace-q-fixed-bandwidth,704,0.81578902750754845,0.81430184590978028,0.60184708347264693,0.67661892935847312,0.72889679090073578,0.77311896643219358,0.81430179348533738,0.85548462485422605,0.89970681209984826,0.95198470508539446,1.0267566526994911,0.98844847170596029,2
distill:sticky-repeating,synthetic-sticky-repeating-5,TimesFM-zero-shot,704,0.81578902750754845,0.83104294538497925,0.75210458040237427,0.44493317604064941,0.62215381860733032,0.71746319532394409,0.77869457006454468,0.88168734312057495,0.92539721727371216,0.99066692590713501,1.1486217975616455,0.29246509374751373,2
distill:sticky-repeating,synthetic-sticky-repeating-5,TimesFM-laplace-qd,704,0.81578902750754845,0.86157530546188354,0.7575802206993103,0.4923902153968811,0.66720956563949585,0.78641265630722046,0.87402790784835815,0.871662437915802,0.95049291849136353,1.047177791595459,1.2171990871429443,0.47567440838135777,2
distill:sticky-repeating,synthetic-sticky-repeating-5,Laplace-q-fixed-bandwidth,705,0.78903784550922618,0.8157930948526696,0.60657344068175312,0.68020186011181338,0.7316845352668564,0.77523519694076781,0.81579304364203331,0.85635089396866615,0.89990156772713514,0.95138427309357176,1.0250127928254589,0.97963913251575274,2
distill:sticky-repeating,synthetic-sticky-repeating-5,TimesFM-zero-shot,705,0.78903784550922618,0.82828009128570557,0.74968183040618896,0.48284631967544556,0.64737021923065186,0.72931253910064697,0.77915370464324951,0.87125468254089355,0.90667915344238281,0.96136701107025146,1.101539134979248,0.4218897266299293,2
distill:sticky-repeating,synthetic-sticky-repeating-5,TimesFM-laplace-qd,705,0.78903784550922618,0.85461282730102539,0.75081014633178711,0.53064268827438354,0.69024479389190674,0.79359567165374756,0.86835980415344238,0.85858678817749023,0.9285818338394165,1.0135973691940308,1.163291335105896,0.4662727150912831,2
distill:sticky-repeating,synthetic-sticky-repeating-5,Laplace-q-fixed-bandwidth,706,0.8737256199619885,0.78907540396880727,0.58302593904486755,0.65553407484549253,0.70623748561127608,0.74913003170257908,0.78907535335861945,0.82902067857041062,0.87191323710684165,0.92261667750388265,0.995124912272908,0.78143254722849353,2
distill:sticky-repeating,synthetic-sticky-repeating-5,TimesFM-zero-shot,706,0.8737256199619885,0.80646848678588867,0.73037433624267578,0.47685208916664124,0.63607263565063477,0.71484363079071045,0.76153767108917236,0.84658622741699219,0.88092529773712158,0.93334007263183594,1.0692307949066162,0.50324398476549503,2
distill:sticky-repeating,synthetic-sticky-repeating-5,TimesFM-laplace-qd,706,0.8737256199619885,0.83544087409973145,0.73295783996582031,0.52752554416656494,0.68228936195373535,0.78162109851837158,0.85343992710113525,0.83698487281799316,0.90334153175354004,0.98411870002746582,1.1252815723419189,0.81715237211158964,2
distill:sticky-repeating,synthetic-sticky-repeating-5,Laplace-q-fixed-bandwidth,707,0.76989607219527878,0.87392335420319256,0.6708571349109208,0.74231123579168479,0.79228130163560351,0.83455446960920932,0.87392330428496245,0.91329214303914863,0.9555653232480541,1.0055354182236389,1.076989615821534,0.67506464852475556,2
distill:sticky-repeating,synthetic-sticky-repeating-5,TimesFM-zero-shot,707,0.76989607219527878,0.91564357280731201,0.836952805519104,0.51548886299133301,0.69821357727050781,0.79454290866851807,0.85503661632537842,0.96741795539855957,1.0093400478363037,1.0742183923721313,1.2327343225479126,0.10004126604495189,2
distill:sticky-repeating,synthetic-sticky-repeating-5,TimesFM-laplace-qd,707,0.76989607219527878,0.94903135299682617,0.84351086616516113,0.5685194730758667,0.74855244159698486,0.86732542514801025,0.95400428771972656,0.96271491050720215,1.0395973920822144,1.1369953155517578,1.3059108257293701,0.089992553492512339,2
distill:sticky-repeating,synthetic-sticky-repeating-5,Laplace-q-fixed-bandwidth,708,0.81836761353517162,0.77026592266784244,0.57005587176605421,0.64050094430705862,0.68976888394059643,0.7314490158886966,0.77026587399485691,0.80908273496880501,0.85076287838805853,0.90003084727303739,0.97047601559817132,0.963517407328776,2
distill:sticky-repeating,synthetic-sticky-repeating-5,TimesFM-zero-shot,708,0.81836761353517162,0.77774983644485474,0.69487875699996948,0.37597775459289551,0.5660366415977478,0.66313284635543823,0.72141522169113159,0.82698935270309448,0.86589938402175903,0.92945832014083862,1.0734689235687256,0.3599747338259105,2
distill:sticky-repeating,synthetic-sticky-repeating-5,TimesFM-laplace-qd,708,0.81836761353517162,0.81549972295761108,0.71359473466873169,0.45052802562713623,0.6344035267829895,0.7505994439125061,0.83233624696731567,0.82661491632461548,0.89719468355178833,0.98809784650802612,1.1372666358947754,0.71093535422574239,2
distill:sticky-repeating,synthetic-sticky-repeating-5,Laplace-q-fixed-bandwidth,709,0.77185380605806075,0.81954352288490873,0.62232971239966117,0.69171635648478036,0.74024772051967425,0.78130570076459094,0.81954347485450008,0.85778125176106057,0.89883924383591385,0.94737063660065335,1.0167573747619343,0.97748672602788522,2
distill:sticky-repeating,synthetic-sticky-repeating-5,TimesFM-zero-shot,709,0.77185380605806075,0.81942516565322876,0.74872809648513794,0.48026496171951294,0.64516788721084595,0.72524243593215942,0.77441567182540894,0.85108190774917603,0.87266069650650024,0.91863471269607544,1.0350663661956787,0.53354762413645807,2
distill:sticky-repeating,synthetic-sticky-repeating-5,TimesFM-laplace-qd,709,0.77185380605806075,0.8576626181602478,0.76725870370864868,0.53631311655044556,0.69750601053237915,0.79967588186264038,0.87564855813980103,0.86009949445724487,0.91641277074813843,0.99457365274429321,1.12308669090271,0.25641689930647105,2
distill:sticky-repeating,synthetic-sticky-repeating-5,Laplace-q-fixed-bandwidth,710,0.85005920489571618,0.77403417947756004,0.57977081432254463,0.64811533193917747,0.69592135672830646,0.73636664599612689,0.77403413208461602,0.81170162149384661,0.85214692183080643,0.89995297484623937,0.96829758544363909,0.86118795210100241,2
distill:sticky-repeating,synthetic-sticky-repeating-5,TimesFM-zero-shot,710,0.85005920489571618,0.76555097103118896,0.68416261672973633,0.44185838103294373,0.59299564361572266,0.67548298835754395,0.72136688232421875,0.79530692100524902,0.81146788597106934,0.85949552059173584,0.97331690788269043,0.58817170334687185,2
distill:sticky-repeating,synthetic-sticky-repeating-5,TimesFM-laplace-qd,710,0.85005920489571618,0.79864072799682617,0.70504915714263916,0.50366997718811035,0.64673972129821777,0.74870443344116211,0.81956338882446289,0.79412567615509033,0.84373223781585693,0.92044234275817871,1.0430585145950317,0.81316325848631821,2
distill:sticky-repeating,synthetic-sticky-repeating-5,Laplace-q-fixed-bandwidth,711,0.76569726054939868,0.85484528249361991,0.66340716039111058,0.73075386973432199,0.77786531771254563,0.81772387843412309,0.85484523574774496,0.89196659632796638,0.93182516848264152,0.97893664422696025,1.0462834450349543,0.79194587702040597,2
distill:sticky-repeating,synthetic-sticky-repeating-5,TimesFM-zero-shot,711,0.76569726054939868,0.85442495346069336,0.77449822425842285,0.52045226097106934,0.68013596534729004,0.7614520788192749,0.80588173866271973,0.88668334484100342,0.90475928783416748,0.9572911262512207,1.0798418521881104,0.40869439300856936,2
distill:sticky-repeating,synthetic-sticky-repeating-5,TimesFM-laplace-qd,711,0.76569726054939868,0.89647674560546875,0.80109584331512451,0.59339940547943115,0.74441921710968018,0.84526717662811279,0.91395115852355957,0.89349365234375,0.94521713256835938,1.0276336669921875,1.15892493724823,0.1814515623050359,2
distill:sticky-repeating,synthetic-sticky-repeating-5,Laplace-q-fixed-bandwidth,712,0.85227501833075048,0.7702217602429392,0.58151414414977798,0.64789657422460389,0.69433672368677857,0.73362820366535386,0.77022171411662832,0.80681522778371617,0.84610671901763901,0.8925468958142293,0.95892941646780505,0.84246296232037921,2
distill:sticky-repeating,synthetic-sticky-repeating-5,TimesFM-zero-shot,712,0.85227501833075048,0.75188916921615601,0.67109256982803345,0.42614257335662842,0.57716566324234009,0.66057115793228149,0.70603221654891968,0.78831678628921509,0.80211883783340454,0.84780901670455933,0.9645344614982605,0.49903994563823151,2
distill:sticky-repeating,synthetic-sticky-repeating-5,TimesFM-laplace-qd,712,0.85227501833075048,0.79214972257614136,0.69403141736984253,0.50609862804412842,0.64933830499649048,0.75027018785476685,0.81706446409225464,0.79465311765670776,0.83983784914016724,0.91192120313644409,1.0315091609954834,0.78787709590609767,2
distill:sticky-repeating,synthetic-sticky-repeating-5,Laplace-q-fixed-bandwidth,713,0.81244850818204983,0.85898899406134344,0.6729958569800023,0.73841975290505002,0.78419252907024273,0.82292022387366082,0.8589889486276121,0.895057677074373,0.93378538242867526,0.97955818549862328,1.0449821705786442,1.0300327021988034,2
distill:sticky-repeating,synthetic-sticky-repeating-5,TimesFM-zero-shot,713,0.81244850818204983,0.83360803127288818,0.7413867712020874,0.52328801155090332,0.66937386989593506,0.75310385227203369,0.79207897186279297,0.86686456203460693,0.87567222118377686,0.91616249084472656,1.021817684173584,0.72999729947231828,2
distill:sticky-repeating,synthetic-sticky-repeating-5,TimesFM-laplace-qd,713,0.81244850818204983,0.87209045886993408,0.75817549228668213,0.59916186332702637,0.73784232139587402,0.84016966819763184,0.90146148204803467,0.8737785816192627,0.91609513759613037,0.9860309362411499,1.0968060493469238,0.34428591842906564,2
distill:sticky-repeating,synthetic-sticky-repeating-5,Laplace-q-fixed-bandwidth,714,0.7636214161323529,0.81821697384267777,0.6350023007115132,0.69944519418072326,0.74453484284372751,0.78268541490636157,0.81821692956907643,0.85374844682532403,0.89189902978079616,0.93698870541654244,1.0014316860284573,1.0080386859239985,2
distill:sticky-repeating,synthetic-sticky-repeating-5,TimesFM-zero-shot,714,0.7636214161323529,0.78177875280380249,0.70314246416091919,0.50725400447845459,0.6414000391960144,0.71540755033493042,0.74638813734054565,0.80514711141586304,0.8152431845664978,0.85707110166549683,0.95895308256149292,0.92704334933309673,2
distill:sticky-repeating,synthetic-sticky-repeating-5,TimesFM-laplace-qd,714,0.7636214161323529,0.81674224138259888,0.72036689519882202,0.56998246908187866,0.69899314641952515,0.7930559515953064,0.84719938039779663,0.80780667066574097,0.85180634260177612,0.92311769723892212,1.0305557250976562,0.42827703849346843,2
distill:sticky-repeating,synthetic-sticky-repeating-5,Laplace-q-fixed-bandwidth,715,0.80918484888719788,0.76812758734311437,0.58762866417290294,0.65111277965792036,0.69553470594660349,0.73312114978155241,0.76812754366725344,0.80313394010411454,0.84072039465393589,0.88514234696445238,0.94862654918891309,1.0755116635374571,2
distill:sticky-repeating,synthetic-sticky-repeating-5,TimesFM-zero-shot,715,0.80918484888719788,0.74310380220413208,0.67526739835739136,0.46693879365921021,0.59893554449081421,0.66618305444717407,0.70181816816329956,0.76987355947494507,0.78214067220687866,0.82714241743087769,0.92995756864547729,0.74930482488747829,2
distill:sticky-repeating,synthetic-sticky-repeating-5,TimesFM-laplace-qd,715,0.80918484888719788,0.7777898907661438,0.69516891241073608,0.52750676870346069,0.65370529890060425,0.74156218767166138,0.80132883787155151,0.76661175489425659,0.81247180700302124,0.88739973306655884,0.99374610185623169,1.1587571081792563,2
distill:sticky-repeating,synthetic-sticky-repeating-5,Laplace-q-fixed-bandwidth,716,0.76791431819309097,0.81437891399781626,0.63658463767419504,0.69911399804740482,0.74287091330270938,0.7798954960924116,0.81437887094166883,0.8488622488018458,0.88588684212976587,0.92964378297788519,0.99217322815865794,1.0669378450051998,2
distill:sticky-repeating,synthetic-sticky-repeating-5,TimesFM-zero-shot,716,0.76791431819309097,0.80277329683303833,0.73751109838485718,0.55748271942138672,0.68436986207962036,0.73828428983688354,0.76686781644821167,0.81875914335250854,0.83106452226638794,0.86807852983474731,0.94881850481033325,0.98928179201078259,2
distill:sticky-repeating,synthetic-sticky-repeating-5,TimesFM-laplace-qd,716,0.76791431819309097,0.83171993494033813,0.75216633081436157,0.59235650300979614,0.71986240148544312,0.79856628179550171,0.85347765684127808,0.8087037205696106,0.85600215196609497,0.92425459623336792,1.0131134986877441,0.52137126459643723,2
distill:sticky-repeating,synthetic-sticky-repeating-5,Laplace-q-fixed-bandwidth,717,0.79674726719158917,0.77197780388211035,0.59683460296390756,0.65842819567000777,0.70153325857388693,0.7380070793528799,0.77197776124216078,0.80594844708099167,0.84242227773385991,0.88552736532242649,0.94712104195646418,1.1515917110523153,2
distill:sticky-repeating,synthetic-sticky-repeating-5,TimesFM-zero-shot,717,0.79674726719158917,0.73988139629364014,0.68354225158691406,0.5125434398651123,0.63300371170043945,0.6825721263885498,0.70843172073364258,0.74808859825134277,0.75904655456542969,0.79776394367218018,0.86433672904968262,0.90597351471669429,2
distill:sticky-repeating,synthetic-sticky-repeating-5,TimesFM-laplace-qd,717,0.79674726719158917,0.76108050346374512,0.6926429271697998,0.54237866401672363,0.66249227523803711,0.73586523532867432,0.78731131553649902,0.72797846794128418,0.77270042896270752,0.84257078170776367,0.91261911392211914,0.74685782486483165,2
distill:sticky-repeating,synthetic-sticky-repeating-5,Laplace-q-fixed-bandwidth,718,-2.2505739460305305,0.80114814609432061,0.62865337408208299,0.68931223998595081,0.73176608048512137,0.76768964907883741,0.8011481040048154,0.83460656281551882,0.87053014112104821,0.91298400687093362,0.97364295532521572,-282.63321157087518,2
distill:sticky-repeating,synthetic-sticky-repeating-5,TimesFM-zero-shot,718,-2.2505739460305305,0.78190994262695312,0.7237086296081543,0.57831084728240967,0.69028937816619873,0.73870682716369629,0.76067483425140381,0.78906595706939697,0.80068516731262207,0.8364633321762085,0.9090648889541626,-237.93820129682163,2
distill:sticky-repeating,synthetic-sticky-repeating-5,TimesFM-laplace-qd,718,-2.2505739460305305,0.80444395542144775,0.73450565338134766,0.61446809768676758,0.72463023662567139,0.7960963249206543,0.84312450885772705,0.77195954322814941,0.81759917736053467,0.88426661491394043,0.96002507209777832,-225.73094604694262,2
distill:sticky-repeating,synthetic-sticky-repeating-5,Laplace-q-fixed-bandwidth,719,-2.30976092785103,-2.2516233794022935,-2.5821777721426633,-2.4658244386516053,-2.3844892650466791,-2.315691458436314,-2.251623460988287,-2.1875554578448195,-2.1187576316168188,-2.0374224099170464,-1.9210689175864308,0.50104762398716152,2
distill:sticky-repeating,synthetic-sticky-repeating-5,TimesFM-zero-shot,719,-2.30976092785103,-1.7813029289245605,-1.7624965906143188,-2.4225106239318848,-2.1655707359313965,-2.0239865779876709,-1.9033689498901367,-1.6586520671844482,-1.5529273748397827,-1.3820561170578003,-1.0951163768768311,-1.3772199250570796,2
distill:sticky-repeating,synthetic-sticky-repeating-5,TimesFM-laplace-qd,719,-2.30976092785103,-1.8301759958267212,-1.7982488870620728,-2.4432544708251953,-2.1905884742736816,-2.0248255729675293,-1.8792353868484497,-1.7893667221069336,-1.6653183698654175,-1.4809350967407227,-1.2198683023452759,-1.1243813658475372,2
distill:sticky-repeating,synthetic-sticky-repeating-5,Laplace-q-fixed-bandwidth,720,-2.3193529668015751,-2.310556642673931,-2.6360613504774242,-2.5215051948550107,-2.4414090313716303,-2.3736546148663176,-2.3105567225384038,-2.2474588247562859,-2.1797043888582457,-2.0996081787111147,-1.9850518661288121,0.56077078299097316,2
distill:sticky-repeating,synthetic-sticky-repeating-5,TimesFM-zero-shot,720,-2.3193529668015751,-2.1983003616333008,-2.1740207672119141,-2.5920672416687012,-2.4308269023895264,-2.358689546585083,-2.2930769920349121,-2.1066086292266846,-2.0338795185089111,-1.8966010808944702,-1.6555944681167603,0.025572889592026748,2
distill:sticky-repeating,synthetic-sticky-repeating-5,TimesFM-laplace-qd,720,-2.3193529668015751,-2.2333536148071289,-2.2005658149719238,-2.6267361640930176,-2.4608733654022217,-2.3570749759674072,-2.2619903087615967,-2.2261490821838379,-2.1340148448944092,-1.986121654510498,-1.7745121717453003,0.2523622134925636,2
distill:sticky-repeating,synthetic-sticky-repeating-5,Laplace-q-fixed-bandwidth,721,-2.2844839368596586,-2.319924445331023,-2.640417896153886,-2.5276439136586215,-2.4487775703129717,-2.3820591138380052,-2.319924523498536,-2.2577899279353981,-2.1910714534677953,-2.112205063109128,-1.9994309273862494,0.55915066523950196,2
distill:sticky-repeating,synthetic-sticky-repeating-5,TimesFM-zero-shot,721,-2.2844839368596586,-2.2926852703094482,-2.2659440040588379,-2.548128604888916,-2.4440197944641113,-2.4073450565338135,-2.3675529956817627,-2.2255871295928955,-2.1748945713043213,-2.065648078918457,-1.8592910766601562,-0.12389637326978198,2
distill:sticky-repeating,synthetic-sticky-repeating-5,TimesFM-laplace-qd,721,-2.2844839368596586,-2.317237377166748,-2.2757036685943604,-2.5871179103851318,-2.4774477481842041,-2.4089646339416504,-2.3372049331665039,-2.329808235168457,-2.2565884590148926,-2.1335539817810059,-1.9490833282470703,0.44546374241571995,2
distill:sticky-repeating,synthetic-sticky-repeating-5,Laplace-q-fixed-bandwidth,722,-2.3211062632943693,-2.2848683880535456,-2.6004531481800495,-2.4894228087314598,-2.4117614797618776,-2.34605857150963,-2.2848684650180209,-2.2236783529517599,-2.1579754268606335,-2.0803140516214569,-1.969283561099854,0.57307101198778354,2
distill:sticky-repeating,synthetic-sticky-repeating-5,TimesFM-zero-shot,722,-2.3211062632943693,-2.3006765842437744,-2.2623376846313477,-2.515892505645752,-2.4299430847167969,-2.3972642421722412,-2.3607621192932129,-2.2488436698913574,-2.2060074806213379,-2.1017143726348877,-1.8941183090209961,0.13476867628945044,2
distill:sticky-repeating,synthetic-sticky-repeating-5,TimesFM-laplace-qd,722,-2.3211062632943693,-2.3316590785980225,-2.2657899856567383,-2.5735008716583252,-2.4767673015594482,-2.4119486808776855,-2.3425984382629395,-2.352492094039917,-2.2805354595184326,-2.1567094326019287,-1.9610378742218018,0.67471693584756087,2
distill:sticky-repeating,synthetic-sticky-repeating-5,Laplace-q-fixed-bandwidth,723,-2.3096835196328693,-2.3214223144070325,-2.6321815131998028,-2.5228637338808975,-2.446387288907732,-2.3816833290914481,-2.3214223901394613,-2.2611614463587593,-2.1964574677641346,-2.1199809777229515,-2.0106630497868929,0.6057608317068921,2
distill:sticky-repeating,synthetic-sticky-repeating-5,TimesFM-zero-shot,723,-2.3096835196328693,-2.362877368927002,-2.3182141780853271,-2.5471692085266113,-2.4660496711730957,-2.438309907913208,-2.4073061943054199,-2.3224549293518066,-2.2829029560089111,-2.1900229454040527,-2.0025060176849365,0.16715675769796245,2
distill:sticky-repeating,synthetic-sticky-repeating-5,TimesFM-laplace-qd,723,-2.3096835196328693,-2.3985486030578613,-2.3240270614624023,-2.6286551952362061,-2.5318269729614258,-2.4698774814605713,-2.4046549797058105,-2.4219462871551514,-2.3517551422119141,-2.2355389595031738,-2.0539391040802002,-0.12562374007269872,2
distill:sticky-repeating,synthetic-sticky-repeating-5,Laplace-q-fixed-bandwidth,724,-2.2945722829685304,-2.3099224647133654,-2.6159185318130316,-2.5082899697544203,-2.4329832909664244,-2.3692658120320491,-2.3099225391354405,-2.2505792605513824,-2.1868617640376149,-2.1115550407840997,-2.0039263324029069,0.61949712215875574,2
distill:sticky-repeating,synthetic-sticky-repeating-5,TimesFM-zero-shot,724,-2.2945722829685304,-2.3120009899139404,-2.2605035305023193,-2.4735312461853027,-2.4099538326263428,-2.3869364261627197,-2.3564634323120117,-2.2759811878204346,-2.2370254993438721,-2.1478302478790283,-1.9603471755981445,0.22719776862799912,2
distill:sticky-repeating,synthetic-sticky-repeating-5,TimesFM-laplace-qd,724,-2.2945722829685304,-2.3630263805389404,-2.2742955684661865,-2.5822100639343262,-2.499506950378418,-2.439577579498291,-2.3731577396392822,-2.3895916938781738,-2.3176777362823486,-2.202129602432251,-2.0153217315673828,0.073816133593481936,2
distill:sticky-repeating,synthetic-sticky-repeating-5,Laplace-q-fixed-bandwidth,725,-2.3303882441846655,-2.2947573144018238,-2.5960698509051374,-2.4901010574653952,-2.4159448120709541,-2.3531977979226388,-2.2947573877195326,-2.2363169715256639,-2.1735699404035245,-2.0994136510768282,-1.9934447128603425,0.61790903171142464,2
distill:sticky-repeating,synthetic-sticky-repeating-5,TimesFM-zero-shot,725,-2.3303882441846655,-2.2768678665161133,-2.22586989402771,-2.3857996463775635,-2.3453187942504883,-2.3362865447998047,-2.3149924278259277,-2.2534987926483154,-2.2304720878601074,-2.1557192802429199,-1.985727071762085,1.6421500821918689,2
distill:sticky-repeating,synthetic-sticky-repeating-5,TimesFM-laplace-qd,725,-2.3303882441846655,-2.3214879035949707,-2.2389621734619141,-2.4845516681671143,-2.4265902042388916,-2.383453369140625,-2.3294556140899658,-2.3556804656982422,-2.3026647567749023,-2.2065818309783936,-2.0405197143554688,1.140406513581836,2
distill:sticky-repeating,synthetic-sticky-repeating-5,Laplace-q-fixed-bandwidth,726,-2.269502337018773,-2.330550778297019,-2.6272716035271948,-2.5229288921389568,-2.4499007305283946,-2.3881055972975025,-2.3305508497097316,-2.2729960982569919,-2.2112009476337464,-2.1381727425422961,-2.0338298891164914,0.59188949142721969,2
distill:sticky-repeating,synthetic-sticky-repeating-5,TimesFM-zero-shot,726,-2.269502337018773,-2.302466869354248,-2.2608823776245117,-2.3835518360137939,-2.3504879474639893,-2.3487300872802734,-2.3345315456390381,-2.2831907272338867,-2.2701911926269531,-2.2078828811645508,-2.0534694194793701,0.67491038514900215,2
distill:sticky-repeating,synthetic-sticky-repeating-5,TimesFM-laplace-qd,726,-2.269502337018773,-2.3406047821044922,-2.270061731338501,-2.4735739231109619,-2.4238228797912598,-2.3892822265625,-2.3417038917541504,-2.3770227432250977,-2.3347749710083008,-2.2507307529449463,-2.0996112823486328,-0.39692601276879336,2
distill:sticky-repeating,synthetic-sticky-repeating-5,Laplace-q-fixed-bandwidth,727,-2.3244227503884192,-2.2696236992393688,-2.5618645823926571,-2.4591072844505679,-2.3871799389283255,-2.3263139352196212,-2.2696237695720121,-2.2129335992365209,-2.1520675786514443,-2.0801401909382702,-1.9773827532973196,0.61741663934623148,2
distill:sticky-repeating,synthetic-sticky-repeating-5,TimesFM-zero-shot,727,-2.3244227503884192,-2.2446415424346924,-2.1942155361175537,-2.3196125030517578,-2.2918612957000732,-2.2900862693786621,-2.2749905586242676,-2.2284011840820312,-2.2139406204223633,-2.1540548801422119,-1.9992134571075439,0.15445137694178712,2
distill:sticky-repeating,synthetic-sticky-repeating-5,TimesFM-laplace-qd,727,-2.3244227503884192,-2.2816970348358154,-2.2046122550964355,-2.4054155349731445,-2.3632481098175049,-2.3287689685821533,-2.2797646522521973,-2.3227860927581787,-2.2796366214752197,-2.2001428604125977,-2.0523505210876465,1.5698110185656908,2
distill:sticky-repeating,synthetic-sticky-repeating-5,Laplace-q-fixed-bandwidth,728,-2.2816723722437451,-2.3245378440574149,-2.6123596578795611,-2.5111655848310166,-2.4403242137269423,-2.3803749634127263,-2.3245379132290243,-2.2687008584917931,-2.2087515917848721,-2.1379101787883315,-2.0367159682232074,0.65149241984943185,2
distill:sticky-repeating,synthetic-sticky-repeating-5,TimesFM-zero-shot,728,-2.2816723722437451,-2.3167781829833984,-2.257530689239502,-2.3830139636993408,-2.3571939468383789,-2.3551454544067383,-2.3445053100585938,-2.2958283424377441,-2.2747743129730225,-2.2054734230041504,-2.0396232604980469,0.62155665293075235,2
distill:sticky-repeating,synthetic-sticky-repeating-5,TimesFM-laplace-qd,728,-2.2816723722437451,-2.3566381931304932,-2.2738058567047119,-2.4737796783447266,-2.4306137561798096,-2.3961732387542725,-2.3522374629974365,-2.3934288024902344,-2.3443746566772461,-2.2562005519866943,-2.0998909473419189,-0.44889477246205933,2
distill:sticky-repeating,synthetic-sticky-repeating-5,Laplace-q-fixed-bandwidth,729,-2.3282180409898734,-2.2817648910048991,-2.5652200743911902,-2.4655701192047026,-2.395801934976137,-2.3367587734289996,-2.2817649590119231,-2.2267711401681929,-2.1677279626851016,-2.0979597368459899,-1.9983096462038943,0.65989530441129807,2
distill:sticky-repeating,synthetic-sticky-repeating-5,TimesFM-zero-shot,729,-2.3282180409898734,-2.2796967029571533,-2.2190523147583008,-2.3474440574645996,-2.319713830947876,-2.3199937343597412,-2.3077216148376465,-2.2576332092285156,-2.2329413890838623,-2.1561639308929443,-1.9866673946380615,0.54198031856744744,2
distill:sticky-repeating,synthetic-sticky-repeating-5,TimesFM-laplace-qd,729,-2.3282180409898734,-2.3246779441833496,-2.238314151763916,-2.432112455368042,-2.390538215637207,-2.3616924285888672,-2.3202486038208008,-2.3633527755737305,-2.3135499954223633,-2.2206623554229736,-2.0652568340301514,1.4934439142206384,2
distill:sticky-repeating,synthetic-sticky-repeating-5,Laplace-q-fixed-bandwidth,730,-2.2896282266526309,-2.3283063729709887,-2.6074693849894981,-2.5093366113499895,-2.4406234208582829,-2.382471131826013,-2.3283064397973492,-2.2741417434594462,-2.2159894380520653,-2.1472762070535083,-2.0491433006894226,0.68628658671326481,2
distill:sticky-repeating,synthetic-sticky-repeating-5,TimesFM-zero-shot,730,-2.2896282266526309,-2.334510326385498,-2.2749061584472656,-2.4162085056304932,-2.3872613906860352,-2.3785910606384277,-2.3639848232269287,-2.3054730892181396,-2.2805173397064209,-2.206498384475708,-2.0225090980529785,0.44596417110450681,2
distill:sticky-repeating,synthetic-sticky-repeating-5,TimesFM-laplace-qd,730,-2.2896282266526309,-2.3876516819000244,-2.3026821613311768,-2.5183737277984619,-2.4745113849639893,-2.4329006671905518,-2.3861169815063477,-2.4179961681365967,-2.3649985790252686,-2.2731599807739258,-2.099088191986084,-0.5460767498334802,2
distill:sticky-repeating,synthetic-sticky-repeating-5,Laplace-q-fixed-bandwidth,731,-2.2529326635932425,-2.289701863559602,-2.5646300652096623,-2.4679937187108139,-2.4003215085002201,-2.3430483701537836,-2.2897019291629421,-2.2363554848131275,-2.1790823305115645,-2.111410079153544,-2.014773601654722,0.70343518383775416,2
distill:sticky-repeating,synthetic-sticky-repeating-5,TimesFM-zero-shot,731,-2.2529326635932425,-2.303480863571167,-2.2304103374481201,-2.3490297794342041,-2.3269836902618408,-2.3274068832397461,-2.3249800205230713,-2.2815160751342773,-2.2622864246368408,-2.1920726299285889,-2.0171444416046143,0.5587341591953281,2
distill:sticky-repeating,synthetic-sticky-repeating-5,TimesFM-laplace-qd,731,-2.2529326635932425,-2.3576970100402832,-2.2600109577178955,-2.4440305233001709,-2.4088351726531982,-2.3802285194396973,-2.3478975296020508,-2.3994061946868896,-2.354170560836792,-2.2674055099487305,-2.1072018146514893,-0.56395754126406705,2
distill:sticky-repeating,synthetic-sticky-repeating-5,Laplace-q-fixed-bandwidth,732,1.5752455222041499,-2.2529953050222464,-2.5237530741127383,-2.4285899462039557,-2.3619429722096408,-2.3055357973069501,-2.2529953701806935,-2.2004549381401466,-2.1440477476755371,-2.0774007343669005,-1.9822374770484779,-176.14273919428035,2
distill:sticky-repeating,synthetic-sticky-repeating-5,TimesFM-zero-shot,732,1.5752455222041499,-2.2700483798980713,-2.2021327018737793,-2.3381698131561279,-2.3053803443908691,-2.2981815338134766,-2.2916207313537598,-2.2465403079986572,-2.2292709350585938,-2.159306526184082,-1.9795464277267456,-50.97549646805151,2
distill:sticky-repeating,synthetic-sticky-repeating-5,TimesFM-laplace-qd,732,1.5752455222041499,-2.319460391998291,-2.2265002727508545,-2.4178290367126465,-2.374967098236084,-2.3399887084960938,-2.3032023906707764,-2.3631908893585205,-2.3209648132324219,-2.2357139587402344,-2.0729963779449463,-64.82953900312063,2
distill:sticky-repeating,synthetic-sticky-repeating-5,Laplace-q-fixed-bandwidth,733,1.6232955218634098,1.5752629073410767,1.1266919710616241,1.2853445333123592,1.3955828879719743,1.4886516138432226,1.5752627852315475,1.6618739646137481,1.7549427168647873,1.8651811378735721,2.0238339215546697,0.22770664680186603,2
distill:sticky-repeating,synthetic-sticky-repeating-5,TimesFM-zero-shot,733,1.6232955218634098,1.2404887676239014,1.1929740905761719,0.13136196136474609,0.55484455823898315,0.8308674693107605,1.0500547885894775,1.4122686386108398,1.5909328460693359,1.8345792293548584,2.2868726253509521,-1.0672337467321822,2
distill:sticky-repeating,synthetic-sticky-repeating-5,TimesFM-laplace-qd,733,1.6232955218634098,1.3460843563079834,1.2875151634216309,0.28468960523605347,0.70470911264419556,1.005918025970459,1.2496936321258545,1.4478700160980225,1.6607732772827148,1.9308180809020996,2.3764910697937012,-0.93465661637446074,2
distill:sticky-repeating,synthetic-sticky-repeating-5,Laplace-q-fixed-bandwidth,734,1.6065388887561991,1.6233035607484447,1.1822615922167996,1.3380950236128037,1.4465112886805001,1.5380779817427204,1.6233034433901854,1.7085289131512793,1.8000956320295933,1.9085119612687227,2.0643456095199135,0.25889921806112826,2
distill:sticky-repeating,synthetic-sticky-repeating-5,TimesFM-zero-shot,734,1.6065388887561991,1.5403982400894165,1.515863299369812,0.77028512954711914,1.0871990919113159,1.2835887670516968,1.4301964044570923,1.6408358812332153,1.7343066930770874,1.8537808656692505,2.1194205284118652,-0.41490981997358634,2
distill:sticky-repeating,synthetic-sticky-repeating-5,TimesFM-laplace-qd,734,1.6065388887561991,1.59339439868927,1.5551584959030151,0.88123023509979248,1.1881155967712402,1.4066158533096313,1.5771087408065796,1.6352881193161011,1.7647699117660522,1.9124466180801392,2.1773362159729004,-0.19413190770449007,2
distill:sticky-repeating,synthetic-sticky-repeating-5,Laplace-q-fixed-bandwidth,735,1.5946976799663954,1.6065387966563804,1.172808038881326,1.3259273949880401,1.4325699398680389,1.522669024175066,1.6065386831630959,1.6904083496550735,1.7805074598848321,1.8871500682073039,2.0402696364711055,0.2760256254808533,2
distill:sticky-repeating,synthetic-sticky-repeating-5,TimesFM-zero-shot,735,1.5946976799663954,1.5830661058425903,1.5789140462875366,1.0281254053115845,1.2613706588745117,1.4044839143753052,1.5073369741439819,1.6447576284408569,1.6954950094223022,1.7658449411392212,1.9597986936569214,0.018526882915717691,2
distill:sticky-repeating,synthetic-sticky-repeating-5,TimesFM-laplace-qd,735,1.5946976799663954,1.6185380220413208,1.5957423448562622,1.1005349159240723,1.3308341503143311,1.4976980686187744,1.6261724233627319,1.6291705369949341,1.7173949480056763,1.8187354803085327,2.0197949409484863,0.31317370743923223,2
distill:sticky-repeating,synthetic-sticky-repeating-5,Laplace-q-fixed-bandwidth,736,1.6112164607143384,1.5946826837646768,1.1680455854437757,1.3185520005468681,1.4234698817029903,1.5121372071041426,1.5946825742103814,1.6772279482794041,1.765895298366791,1.87081324218797,2.0213198655416056,0.29084559713883884,2
distill:sticky-repeating,synthetic-sticky-repeating-5,TimesFM-zero-shot,736,1.6112164607143384,1.6201508045196533,1.6279425621032715,1.1341228485107422,1.3609135150909424,1.4839231967926025,1.5626225471496582,1.6635136604309082,1.6972377300262451,1.7387514114379883,1.8763573169708252,0.31446653630664678,2
distill:sticky-repeating,synthetic-sticky-repeating-5,TimesFM-laplace-qd,736,1.6112164607143384,1.6485435962677002,1.6347229480743408,1.196331262588501,1.417271614074707,1.5616714954376221,1.6665716171264648,1.6508057117462158,1.7212507724761963,1.7946140766143799,1.9408791065216064,0.53055264910455535,2
distill:sticky-repeating,synthetic-sticky-repeating-5,Laplace-q-fixed-bandwidth,737,1.5796950934896765,1.6111794924122751,1.1914400354071875,1.3394222376133738,1.4426601085868791,1.5299288913806306,1.6111793857799244,1.6924298872499679,1.7796986947913456,1.8829366270446846,2.030919033124166,0.3005447953429119,2
distill:sticky-repeating,synthetic-sticky-repeating-5,TimesFM-zero-shot,737,1.5796950934896765,1.6437666416168213,1.6528284549713135,1.2316045761108398,1.4348266124725342,1.5401701927185059,1.6031534671783447,1.6698555946350098,1.6823179721832275,1.7047457695007324,1.8034017086029053,0.34310538342686026,2
distill:sticky-repeating,synthetic-sticky-repeating-5,TimesFM-laplace-qd,737,1.5796950934896765,1.6855247020721436,1.6709966659545898,1.2838505506515503,1.4888453483581543,1.6207823753356934,1.7138364315032959,1.6786935329437256,1.7329034805297852,1.7916989326477051,1.9066557884216309,-0.032792073303802516,2
distill:sticky-repeating,synthetic-sticky-repeating-5,Laplace-q-fixed-bandwidth,738,1.5996748111571293,1.5796064121940752,1.1665804743645483,1.3121195218226163,1.4137197522843419,1.4996220693213169,1.5796063081633041,1.6595905541602645,1.7454928954140718,1.847093186417879,1.9926324336648165,0.3211416563957108,2
distill:sticky-repeating,synthetic-sticky-repeating-5,TimesFM-zero-shot,738,1.5996748111571293,1.6242833137512207,1.6299867630004883,1.234583854675293,1.4307270050048828,1.5262513160705566,1.5831749439239502,1.644582986831665,1.6561744213104248,1.6780493259429932,1.7662181854248047,0.7043608809552433,2
distill:sticky-repeating,synthetic-sticky-repeating-5,TimesFM-laplace-qd,738,1.5996748111571293,1.6745686531066895,1.6567907333374023,1.2842652797698975,1.4862666130065918,1.6109240055084229,1.6990962028503418,1.6663229465484619,1.7211027145385742,1.7831251621246338,1.8932585716247559,0.27913006708371824,2
distill:sticky-repeating,synthetic-sticky-repeating-5,Laplace-q-fixed-bandwidth,739,1.5527104134072482,1.5995191052616788,1.1930572592820556,1.3362179829989027,1.4362151376915497,1.520777385017607,1.5995190041777423,1.6782606300376914,1.7628229005554119,1.8628201145156427,2.0059810351039422,0.32067061642692862,2
distill:sticky-repeating,synthetic-sticky-repeating-5,TimesFM-zero-shot,739,1.5527104134072482,1.63099205493927,1.6298457384109497,1.2593194246292114,1.4458150863647461,1.5350120067596436,1.5908769369125366,1.6547728776931763,1.6722520589828491,1.6936157941818237,1.7728942632675171,0.35685345753757258,2
distill:sticky-repeating,synthetic-sticky-repeating-5,TimesFM-laplace-qd,739,1.5527104134072482,1.6753097772598267,1.6549371480941772,1.3181723356246948,1.5050579309463501,1.6204344034194946,1.7068759202957153,1.6612409353256226,1.7183808088302612,1.7764919996261597,1.8710988759994507,-0.12649499622742133,2
distill:sticky-repeating,synthetic-sticky-repeating-5,Laplace-q-fixed-bandwidth,740,-0.3549719819412499,1.5524092044665556,1.1523413942074621,1.2931951223256402,1.3916289874752854,1.4748821465209132,1.552409105416015,1.6299360710933586,1.7131892533923865,1.8116231776444232,1.9524770985720439,-16.163820072969589,2
distill:sticky-repeating,synthetic-sticky-repeating-5,TimesFM-zero-shot,740,-0.3549719819412499,1.6113696098327637,1.6237936019897461,1.2591948509216309,1.4413154125213623,1.5294926166534424,1.5753173828125,1.6295902729034424,1.6454775333404541,1.6642436981201172,1.7426564693450928,-90.716180295913105,2
distill:sticky-repeating,synthetic-sticky-repeating-5,TimesFM-laplace-qd,740,-0.3549719819412499,1.6668541431427002,1.6588370800018311,1.3235064744949341,1.5078535079956055,1.6235098838806152,1.7029953002929688,1.6472694873809814,1.7047386169433594,1.7623882293701172,1.8586339950561523,-67.565803854032993,2
distill:sticky-repeating,synthetic-sticky-repeating-5,Laplace-q-fixed-bandwidth,741,-0.41455676484071891,-0.35484411178958003,-0.79510424567586879,-0.63841153850397414,-0.53039475963358562,-0.43942626559765446,-0.35484425380489742,-0.27026223410889078,-0.17929371425567731,-0.071276869524874775,0.085416063153077537,0.24037159771839067,2
distill:sticky-repeating,synthetic-sticky-repeating-5,TimesFM-zero-shot,741,-0.41455676484071891,-0.36682000756263733,-0.38708853721618652,-1.3390457630157471,-0.94945740699768066,-0.71666222810745239,-0.54144608974456787,-0.20760369300842285,-0.043091326951980591,0.17967933416366577,0.54743874073028564,-0.90993453410493741,2
distill:sticky-repeating,synthetic-sticky-repeating-5,TimesFM-laplace-qd,741,-0.41455676484071891,-0.35391700267791748,-0.37139257788658142,-1.2815952301025391,-0.90149497985839844,-0.64644038677215576,-0.44096335768699646,-0.27181899547576904,-0.075015336275100708,0.17748492956161499,0.54578578472137451,-0.71364192592744158,2
distill:sticky-repeating,synthetic-sticky-repeating-5,Laplace-q-fixed-bandwidth,742,-0.42588843266060811,-0.41438061628880946,-0.84628505175077628,-0.69292357041589114,-0.5868909545072567,-0.49751194435838664,-0.41438074590845098,-0.33124954077860413,-0.24187050391008866,-0.13583782406516035,0.017523874843978555,0.28463600296626668,2
distill:sticky-repeating,synthetic-sticky-repeating-5,TimesFM-zero-shot,742,-0.42588843266060811,-0.50555741786956787,-0.49225273728370667,-1.2033030986785889,-0.91196739673614502,-0.74653172492980957,-0.62564224004745483,-0.39663994312286377,-0.28218287229537964,-0.1159915030002594,0.16662287712097168,-0.55358227665543924,2
distill:sticky-repeating,synthetic-sticky-repeating-5,TimesFM-laplace-qd,742,-0.42588843266060811,-0.47905594110488892,-0.46100828051567078,-1.1469945907592773,-0.86061793565750122,-0.66928458213806152,-0.51606935262680054,-0.43996351957321167,-0.2925361692905426,-0.096920818090438843,0.18983578681945801,-0.31664028766437569,2
distill:sticky-repeating,synthetic-sticky-repeating-5,Laplace-q-fixed-bandwidth,743,-0.43538041470520539,-0.42573097948362992,-0.84972726472813997,-0.69945616335153737,-0.59531336450218986,-0.50746252487191057,-0.42573110034675465,-0.34399966888234446,-0.25614880409726892,-0.15200594279463403,-0.0017346289033729088,0.30200234172811391,2
distill:sticky-repeating,synthetic-sticky-repeating-5,TimesFM-zero-shot,743,-0.43538041470520539,-0.45272859930992126,-0.42200061678886414,-0.96639633178710938,-0.74951779842376709,-0.63755834102630615,-0.5511547327041626,-0.37326246500015259,-0.28121185302734375,-0.14811071753501892,0.091748028993606567,-0.3107496017878999,2
distill:sticky-repeating,synthetic-sticky-repeating-5,TimesFM-laplace-qd,743,-0.43538041470520539,-0.40212348103523254,-0.36162403225898743,-0.9004063606262207,-0.6848788857460022,-0.54387980699539185,-0.4247477650642395,-0.38977769017219543,-0.26196315884590149,-0.09687379002571106,0.15104749798774719,0.025904660837078985,2
distill:sticky-repeating,synthetic-sticky-repeating-5,Laplace-q-fixed-bandwidth,744,0.5841246049501041,-0.43523830170445416,-0.85173912594865353,-0.70434582737311202,-0.60200387341998685,-0.51562107836871263,-0.43523841618254028,-0.35485574765544298,-0.26847292724046851,-0.16613091304855493,-0.018737407600332046,-3.8856641299491588,2
distill:sticky-repeating,synthetic-sticky-repeating-5,TimesFM-zero-shot,744,0.5841246049501041,-0.46397718787193298,-0.4160066545009613,-0.8845636248588562,-0.70898562669754028,-0.61917281150817871,-0.54771524667739868,-0.39418372511863708,-0.31619924306869507,-0.19013833999633789,0.048845767974853516,-2.7744722362185046,2
distill:sticky-repeating,synthetic-sticky-repeating-5,TimesFM-laplace-qd,744,0.5841246049501041,-0.40141627192497253,-0.33978095650672913,-0.80603301525115967,-0.63237369060516357,-0.51462846994400024,-0.41095817089080811,-0.39981848001480103,-0.28534868359565735,-0.12754842638969421,0.1201440691947937,-2.4994114704702746,2
distill:sticky-repeating,synthetic-sticky-repeating-5,Laplace-q-fixed-bandwidth,745,0.61099807766437408,0.58403621382076731,0.15622699920417576,0.30899592616032345,0.41386333412993603,0.50206479647199087,0.58403605752983445,0.66600732593773593,0.7542088137222982,0.85907628614626375,1.0118454358657012,0.29337567314043134,2
distill:sticky-repeating,synthetic-sticky-repeating-5,TimesFM-zero-shot,745,0.61099807766437408,0.56717550754547119,0.56138134002685547,-0.10625395178794861,0.16283443570137024,0.31612029671669006,0.43975862860679626,0.67110419273376465,0.78761708736419678,0.95211875438690186,1.2404907941818237,-0.56514804591158674,2
distill:sticky-repeating,synthetic-sticky-repeating-5,TimesFM-laplace-qd,745,0.61099807766437408,0.66733372211456299,0.65887689590454102,0.025104016065597534,0.29006025195121765,0.47088494896888733,0.62579548358917236,0.70373845100402832,0.85805940628051758,1.0551331043243408,1.3512048721313477,-0.3070986620081384,2
distill:sticky-repeating,synthetic-sticky-repeating-5,Laplace-q-fixed-bandwidth,746,0.62452165198867526,0.61081312108355013,0.19179629361410871,0.34094190561350968,0.44374420874856357,0.53031809818203035,0.61081298544362284,0.69130787979617536,0.77788179404800051,0.88068415998869654,1.029829986742874,0.31618692805584026,2
distill:sticky-repeating,synthetic-sticky-repeating-5,TimesFM-zero-shot,746,0.62452165198867526,0.69393354654312134,0.71275240182876587,0.13703328371047974,0.36895900964736938,0.4944082498550415,0.59000521898269653,0.77782875299453735,0.87722510099411011,1.0205090045928955,1.2744481563568115,-0.33844912943375083,2
distill:sticky-repeating,synthetic-sticky-repeating-5,TimesFM-laplace-qd,746,0.62452165198867526,0.78829044103622437,0.80643922090530396,0.25390034914016724,0.48506647348403931,0.63927501440048218,0.76673811674118042,0.80635899305343628,0.94200819730758667,1.1163415908813477,1.3768141269683838,-0.084696289023441507,2
distill:sticky-repeating,synthetic-sticky-repeating-5,Laplace-q-fixed-bandwidth,747,0.55650985894461624,0.62426875438633023,0.21333197742412968,0.35924205980062118,0.46012827692551628,0.5451705616876259,0.62426863096841334,0.70336670756452246,0.78840901610142744,0.88929529540655627,1.0352055853552993,0.29452245047474479,2
distill:sticky-repeating,synthetic-sticky-repeating-5,TimesFM-zero-shot,747,0.55650985894461624,0.68236052989959717,0.68799746036529541,0.20415803790092468,0.40902981162071228,0.51655709743499756,0.5937349796295166,0.74884235858917236,0.82963204383850098,0.95075714588165283,1.1739979982376099,-0.037699723918891648,2
distill:sticky-repeating,synthetic-sticky-repeating-5,TimesFM-laplace-qd,747,0.55650985894461624,0.74361193180084229,0.74922418594360352,0.28736093640327454,0.49056485295295715,0.6242295503616333,0.7325817346572876,0.74765419960021973,0.86510217189788818,1.0161644220352173,1.2461931705474854,-0.03690097793164715,2
distill:sticky-repeating,synthetic-sticky-repeating-5,Laplace-q-fixed-bandwidth,748,0.60802876148307838,0.55620754472368594,0.15272421056499644,0.2957236457159591,0.39482832838424253,0.47842952858037768,0.55620742980239357,0.6339853376939486,0.71758656123347131,0.81669130392760836,0.95969093999844246,0.32756078912242992,2
distill:sticky-repeating,synthetic-sticky-repeating-5,TimesFM-zero-shot,748,0.60802876148307838,0.61873084306716919,0.61441701650619507,0.13021135330200195,0.34887570142745972,0.45831042528152466,0.53489667177200317,0.67926841974258423,0.74698227643966675,0.85424774885177612,1.0544083118438721,-0.073150975316720768,2
distill:sticky-repeating,synthetic-sticky-repeating-5,TimesFM-laplace-qd,748,0.60802876148307838,0.66648107767105103,0.66191285848617554,0.20657461881637573,0.42049688100814819,0.55459529161453247,0.65961164236068726,0.66162270307540894,0.76440078020095825,0.89961594343185425,1.1041855812072754,0.29853405521657028,2
distill:sticky-repeating,synthetic-sticky-repeating-5,Laplace-q-fixed-bandwidth,749,0.59691204276684662,0.60760334007060479,0.21122964858860377,0.35149761144424851,0.44889446879644079,0.53110388211642356,0.60760323070564715,0.6841025861609904,0.76631202313093993,0.86370893846369556,1.0039770981480947,0.36791706996312756,2
distill:sticky-repeating,synthetic-sticky-repeating-5,TimesFM-zero-shot,749,0.59691204276684662,0.64173078536987305,0.61242187023162842,0.15645304322242737,0.38130256533622742,0.49126383662223816,0.56516504287719727,0.69713640213012695,0.75568091869354248,0.86012279987335205,1.0426419973373413,0.0075124373781372267,2
distill:sticky-repeating,synthetic-sticky-repeating-5,TimesFM-laplace-qd,749,0.59691204276684662,0.66932666301727295,0.6392587423324585,0.20795038342475891,0.42934176325798035,0.56470263004302979,0.6692805290222168,0.6629565954208374,0.75823986530303955,0.8920825719833374,1.0811094045639038,0.29558008162928151,2
distill:sticky-repeating,synthetic-sticky-repeating-5,Laplace-q-fixed-bandwidth,750,0.60060736751277299,0.59634218109931947,0.20681558113728948,0.34448681978107537,0.44023259383543983,0.52108864911702524,0.59634207666145234,0.67159551120429317,0.75245158958064384,0.84819742102200157,0.98586885142232494,0.38531153789579409,2
distill:sticky-repeating,synthetic-sticky-repeating-5,TimesFM-zero-shot,750,0.60060736751277299,0.6173635721206665,0.58449292182922363,0.20326909422874451,0.4030059278011322,0.49322280287742615,0.55463755130767822,0.65747463703155518,0.69998383522033691,0.7849583625793457,0.93200218677520752,0.26776323089193532,2
distill:sticky-repeating,synthetic-sticky-repeating-5,TimesFM-laplace-qd,750,0.60060736751277299,0.63677084445953369,0.60104703903198242,0.23507049679756165,0.43626770377159119,0.55079472064971924,0.64229428768157959,0.61884582042694092,0.69733560085296631,0.81145012378692627,0.96468281745910645,0.64152638803577955,2
distill:sticky-repeating,synthetic-sticky-repeating-5,Laplace-q-fixed-bandwidth,751,0.59436677136976857,0.59984711960065529,0.21690423951610244,0.35210795352186941,0.44626074027718859,0.52580425641173845,0.59984701974087828,0.67388978887120654,0.75343332756593484,0.84758617039941075,0.98279007197694312,0.40145076270847424,2
distill:sticky-repeating,synthetic-sticky-repeating-5,TimesFM-zero-shot,751,0.59436677136976857,0.6135786771774292,0.59728896617889404,0.2997337281703949,0.46779462695121765,0.54082775115966797,0.57296442985534668,0.63799798488616943,0.65356624126434326,0.6970069408416748,0.79826080799102783,0.83390409423554224,2
distill:sticky-repeating,synthetic-sticky-repeating-5,TimesFM-laplace-qd,751,0.59436677136976857,0.62125504016876221,0.59742414951324463,0.31740966439247131,0.48631194233894348,0.58559060096740723,0.64768719673156738,0.58866202831268311,0.64368164539337158,0.71936404705047607,0.83224225044250488,1.23375621618329,2
distill:sticky-repeating,synthetic-sticky-repeating-5,Laplace-q-fixed-bandwidth,752,0.57738683765655774,0.59336708300849395,0.21678391961600185,0.34962703123286137,0.44223682169002748,0.52050364337629174,0.59336698636677565,0.66623033531600728,0.74449717904963753,0.83710702432728124,0.96995031947356569,0.41516349135178432,2
distill:sticky-repeating,synthetic-sticky-repeating-5,TimesFM-zero-shot,752,0.57738683765655774,0.56738001108169556,0.54574984312057495,0.25767868757247925,0.42265957593917847,0.49103397130966187,0.52169173955917358,0.5980953574180603,0.61827796697616577,0.65973919630050659,0.76459306478500366,0.79046857951906246,2
distill:sticky-repeating,synthetic-sticky-repeating-5,TimesFM-laplace-qd,752,0.57738683765655774,0.57022124528884888,0.5400734543800354,0.26575475931167603,0.43209099769592285,0.5276525616645813,0.59075874090194702,0.54464513063430786,0.60573393106460571,0.68188208341598511,0.80251413583755493,1.2179143691255598,2
distill:sticky-repeating,synthetic-sticky-repeating-5,Laplace-q-fixed-bandwidth,753,0.63239318714016568,0.57611455549889201,0.20569402782335944,0.33626801324788097,0.42737928530249542,0.50440194049005149,0.57611446167195668,0.64782698893492197,0.72484966568260156,0.8159609924667599,0.94653515755897644,0.39961571213436198,2
distill:sticky-repeating,synthetic-sticky-repeating-5,TimesFM-zero-shot,753,0.63239318714016568,0.57413578033447266,0.54393196105957031,0.31164258718490601,0.44714260101318359,0.50652998685836792,0.53167259693145752,0.59631741046905518,0.60124301910400391,0.62876582145690918,0.7232435941696167,0.90115308153603912,2
distill:sticky-repeating,synthetic-sticky-repeating-5,TimesFM-laplace-qd,753,0.63239318714016568,0.57865548133850098,0.53813707828521729,0.31145262718200684,0.45145654678344727,0.53922140598297119,0.59862875938415527,0.55282628536224365,0.59945225715637207,0.66581487655639648,0.78248333930969238,0.5335433608428084,2
distill:sticky-repeating,synthetic-sticky-repeating-5,Laplace-q-fixed-bandwidth,754,0.65923103659134752,0.63059070765469427,0.26611435568950637,0.39451616034726578,0.48417905179667287,0.55999530084721205,0.63059061641724068,0.70118593817608676,0.77700220837175282,0.86666515294184443,0.9950671339809064,0.44035203624386487,2
distill:sticky-repeating,synthetic-sticky-repeating-5,TimesFM-zero-shot,754,0.65923103659134752,0.64565896987915039,0.60688102245330811,0.40827295184135437,0.53735768795013428,0.59212779998779297,0.61147141456604004,0.67027580738067627,0.68060207366943359,0.7150418758392334,0.82242095470428467,1.103142222707185,2
distill:sticky-repeating,synthetic-sticky-repeating-5,TimesFM-laplace-qd,754,0.65923103659134752,0.64922761917114258,0.59857237339019775,0.40544334053993225,0.54030525684356689,0.62329435348510742,0.67549550533294678,0.63094997406005859,0.67863678932189941,0.74891531467437744,0.87421071529388428,1.5101343863804995,2
distill:sticky-repeating,synthetic-sticky-repeating-5,Laplace-q-fixed-bandwidth,755,0.57465705820396451,0.65675256018784689,0.29811047792902379,0.42438976787386734,0.51262933837142466,0.58725783596711989,0.65675247096808542,0.72624711271128506,0.80087563149685881,0.88911525400593616,1.0153947173225144,0.38859578201483469,2
distill:sticky-repeating,synthetic-sticky-repeating-5,TimesFM-zero-shot,755,0.57465705820396451,0.65128183364868164,0.62482345104217529,0.43666055798530579,0.55513131618499756,0.60404026508331299,0.62186789512634277,0.6683347225189209,0.66555953025817871,0.68649911880493164,0.77422511577606201,0.94419334202072847,2
distill:sticky-repeating,synthetic-sticky-repeating-5,TimesFM-laplace-qd,755,0.57465705820396451,0.65217757225036621,0.60892665386199951,0.42384782433509827,0.5524219274520874,0.63188135623931885,0.68287312984466553,0.63213491439819336,0.67062878608703613,0.72967004776000977,0.83805668354034424,0.47399316139923586,2
distill:sticky-repeating,synthetic-sticky-repeating-5,Laplace-q-fixed-bandwidth,756,0.61566322400427764,0.57194197700294236,0.21890154960509212,0.34315578901798982,0.43002648782582498,0.50350965092939881,0.57194189056986589,0.64037413564812917,0.71385731959658916,0.80072806915719053,0.92498247895437546,0.45800829109469299,2
distill:sticky-repeating,synthetic-sticky-repeating-5,TimesFM-zero-shot,756,0.61566322400427764,0.52872473001480103,0.49781990051269531,0.29909670352935791,0.41628181934356689,0.46427559852600098,0.49108213186264038,0.54919534921646118,0.56441015005111694,0.60176330804824829,0.70446211099624634,0.52934983134465918,2
distill:sticky-repeating,synthetic-sticky-repeating-5,TimesFM-laplace-qd,756,0.61566322400427764,0.52700042724609375,0.48045319318771362,0.2792503833770752,0.40654206275939941,0.48604017496109009,0.54783231019973755,0.50749880075454712,0.56366914510726929,0.64028400182723999,0.76392108201980591,0.15342235022943984,2
distill:sticky-repeating,synthetic-sticky-repeating-5,Laplace-q-fixed-bandwidth,757,0.58826398271162561,0.61221931742827995,0.26473543099094043,0.38698521362708371,0.47249729050546807,0.5448426956873218,0.61221923253232724,0.67959577533839099,0.75194120095815919,0.83745332807975026,0.95970327762552898,0.48921295125319708,2
distill:sticky-repeating,synthetic-sticky-repeating-5,TimesFM-zero-shot,757,0.58826398271162561,0.56686937808990479,0.52698791027069092,0.34049394726753235,0.45735648274421692,0.5038219690322876,0.53104507923126221,0.58401894569396973,0.60824441909790039,0.64653360843658447,0.76522815227508545,0.91752068026390221,2
distill:sticky-repeating,synthetic-sticky-repeating-5,TimesFM-laplace-qd,757,0.58826398271162561,0.56206512451171875,0.5035322904586792,0.31788423657417297,0.44524058699607849,0.5223388671875,0.58287131786346436,0.54354500770568848,0.60791134834289551,0.68318116664886475,0.8154447078704834,1.0699507761243587,2
distill:sticky-repeating,synthetic-sticky-repeating-5,Laplace-q-fixed-bandwidth,758,0.64739471613862964,0.58438802085550567,0.24236379158773552,0.36264989363676386,0.44682599389880084,0.51805123826616817,0.58438793821162172,0.65072464296553623,0.72194990736815812,0.80612605811903681,0.92641232365574278,0.46201728227378358,2
distill:sticky-repeating,synthetic-sticky-repeating-5,TimesFM-zero-shot,758,0.64739471613862964,0.55399173498153687,0.49190187454223633,0.32627177238464355,0.43802672624588013,0.48713505268096924,0.51726418733596802,0.56351327896118164,0.58096230030059814,0.61043071746826172,0.71552872657775879,0.32227914137471481,2
distill:sticky-repeating,synthetic-sticky-repeating-5,TimesFM-laplace-qd,758,0.64739471613862964,0.55332398414611816,0.47028970718383789,0.29527103900909424,0.4221845269203186,0.50680100917816162,0.57462763786315918,0.52853935956954956,0.59202969074249268,0.66557347774505615,0.79663467407226562,0.12256976360740657,2
distill:sticky-repeating,synthetic-sticky-repeating-5,Laplace-q-fixed-bandwidth,759,0.55829323091047411,0.64250390599053953,0.30577563162803623,0.42416386483164414,0.50704281364907555,0.57717881425188444,0.64250382482857638,0.70782884071264018,0.7779648617867404,0.86084385837051836,0.9792322530698695,0.43631027300673386,2
distill:sticky-repeating,synthetic-sticky-repeating-5,TimesFM-zero-shot,759,0.55829323091047411,0.63605725765228271,0.57561862468719482,0.39479842782020569,0.50302553176879883,0.55933582782745361,0.59787428379058838,0.64082014560699463,0.65195190906524658,0.68186688423156738,0.78838300704956055,0.72835450962315051,2
distill:sticky-repeating,synthetic-sticky-repeating-5,TimesFM-laplace-qd,759,0.55829323091047411,0.63925909996032715,0.55639278888702393,0.38248375058174133,0.50064146518707275,0.58699452877044678,0.65923452377319336,0.60908615589141846,0.66185331344604492,0.73201656341552734,0.85763895511627197,0.3899659739341339,2
distill:sticky-repeating,synthetic-sticky-repeating-5,Laplace-q-fixed-bandwidth,760,0.55663942310750758,0.55397428421774786,0.22239149146263321,0.33894116829608339,0.42055886364562289,0.48963449370921336,0.55397420479280646,0.61831392092154114,0.68738957044496263,0.76900731408371326,0.88555714947875264,0.54232316842995409,2
distill:sticky-repeating,synthetic-sticky-repeating-5,TimesFM-zero-shot,760,0.55663942310750758,0.51641172170639038,0.45666497945785522,0.25082772970199585,0.36153393983840942,0.41760760545730591,0.46870625019073486,0.52303284406661987,0.53697597980499268,0.57890802621841431,0.70617610216140747,0.79249716946108695,2
distill:sticky-repeating,synthetic-sticky-repeating-5,TimesFM-laplace-qd,760,0.55663942310750758,0.52789556980133057,0.43998861312866211,0.23135381937026978,0.35835504531860352,0.4464879035949707,0.53399431705474854,0.50122809410095215,0.56075966358184814,0.64588302373886108,0.79785674810409546,0.76284134344916099,2
distill:sticky-repeating,synthetic-sticky-repeating-5,Laplace-q-fixed-bandwidth,761,0.59021453963611992,0.55245334026055504,0.22602810768854073,0.34073583692553311,0.42108914917961204,0.4891015655344253,0.55245326215394552,0.61580496423693587,0.68381739971389455,0.76417075909040344,0.8788786447192285,0.53817201066931641,2
distill:sticky-repeating,synthetic-sticky-repeating-5,TimesFM-zero-shot,761,0.59021453963611992,0.51542931795120239,0.46194452047348022,0.27897214889526367,0.38717925548553467,0.439475417137146,0.4784199595451355,0.52045369148254395,0.53015702962875366,0.56012570858001709,0.67483097314834595,0.42164115034931826,2
distill:sticky-repeating,synthetic-sticky-repeating-5,TimesFM-laplace-qd,761,0.59021453963611992,0.53341901302337646,0.45078766345977783,0.28214091062545776,0.4014207124710083,0.48130881786346436,0.55175697803497314,0.50322616100311279,0.55675768852233887,0.62776666879653931,0.76190835237503052,0.49547296942867836,2
distill:sticky-repeating,synthetic-sticky-repeating-5,Laplace-q-fixed-bandwidth,762,0.63717176069055104,0.58566557092270233,0.26428044555483821,0.37719206966315821,0.45630910220781229,0.52328101552355544,0.58566549425101688,0.64804997817384891,0.71502191097223333,0.79413899027522539,0.90705076699756626,0.53559444496020392,2
distill:sticky-repeating,synthetic-sticky-repeating-5,TimesFM-zero-shot,762,0.63717176069055104,0.55899155139923096,0.49490180611610413,0.3073173463344574,0.42219576239585876,0.47935119271278381,0.51775479316711426,0.57481229305267334,0.59113943576812744,0.63237714767456055,0.76044380664825439,0.55393399240016183,2
distill:sticky-repeating,synthetic-sticky-repeating-5,TimesFM-laplace-qd,762,0.63717176069055104,0.59433066844940186,0.49421742558479309,0.32040867209434509,0.45028778910636902,0.5384824275970459,0.61155760288238525,0.57700264453887939,0.63821220397949219,0.72150063514709473,0.86856842041015625,0.79864148010019664,2
distill:sticky-repeating,synthetic-sticky-repeating-5,Laplace-q-fixed-bandwidth,763,0.57942957558287078,0.63212182895918201,0.31566715373071197,0.42682489985710015,0.50473199264030055,0.57068482869758708,0.6321217537743572,0.6935586844270808,0.75951153845132902,0.83741867770081024,0.94857657375839721,0.54795860017607123,2
distill:sticky-repeating,synthetic-sticky-repeating-5,TimesFM-zero-shot,763,0.57942957558287078,0.60367614030838013,0.54662823677062988,0.34470343589782715,0.46005082130432129,0.52119159698486328,0.56286424398422241,0.62258917093276978,0.64082878828048706,0.68636900186538696,0.82183390855789185,0.791747701171438,2
distill:sticky-repeating,synthetic-sticky-repeating-5,TimesFM-laplace-qd,763,0.57942957558287078,0.64887624979019165,0.56172245740890503,0.37298554182052612,0.50136816501617432,0.59098321199417114,0.66694170236587524,0.63607221841812134,0.69986921548843384,0.78924936056137085,0.94792860746383667,0.51391097090462412,2
distill:sticky-repeating,synthetic-sticky-repeating-5,Laplace-q-fixed-bandwidth,764,0.53961881056727512,0.57562547296299404,0.26401239247619995,0.37345022373053682,0.45016876540120643,0.51511998147117377,0.57562539935880297,0.6361308219856816,0.70108205642024135,0.77780064370618773,0.88723862246966667,0.58423928825232441,2
distill:sticky-repeating,synthetic-sticky-repeating-5,TimesFM-zero-shot,764,0.53961881056727512,0.5343775749206543,0.48152598738670349,0.2964145839214325,0.40322831273078918,0.45898661017417908,0.49638304114341736,0.55272269248962402,0.56266152858734131,0.60088920593261719,0.72654390335083008,0.99691032354756715,2
distill:sticky-repeating,synthetic-sticky-repeating-5,TimesFM-laplace-qd,764,0.53961881056727512,0.57336568832397461,0.49708226323127747,0.33377394080162048,0.44722607731819153,0.5284038782119751,0.59651696681976318,0.55719435214996338,0.60896110534667969,0.6853257417678833,0.82872474193572998,0.95389554427135148,2
distill:sticky-repeating,synthetic-sticky-repeating-5,Laplace-q-fixed-bandwidth,765,1.2303755663380838,0.53696734983435324,0.23013455656209844,0.33787593755078971,0.41342067991058995,0.4773823105973739,0.53696727714198578,0.59655224935750972,0.66051389762412072,0.73605868478412639,0.84380021151525586,-3.044858379437112,2
distill:sticky-repeating,synthetic-sticky-repeating-5,TimesFM-zero-shot,765,1.2303755663380838,0.50214159488677979,0.45383241772651672,0.32875636219978333,0.42009982466697693,0.46043947339057922,0.47995242476463318,0.50980091094970703,0.51501071453094482,0.5354384183883667,0.62563991546630859,-7.0220129008645706,2
distill:sticky-repeating,synthetic-sticky-repeating-5,TimesFM-laplace-qd,765,1.2303755663380838,0.53583192825317383,0.46883323788642883,0.3544977605342865,0.45245030522346497,0.51817774772644043,0.56900131702423096,0.51327419281005859,0.55831849575042725,0.61521923542022705,0.7239525318145752,-4.2821819382637267,2
distill:sticky-repeating,synthetic-sticky-repeating-5,Laplace-q-fixed-bandwidth,766,1.1970000257531106,1.2177254672835374,0.90835231347176482,1.0170751565106766,1.0932296381039643,1.1576863395882087,1.2177253932888363,1.2777644524619776,1.3422211717318921,1.418375697789354,1.5270986885861388,0.60497100620422062,2
distill:sticky-repeating,synthetic-sticky-repeating-5,TimesFM-zero-shot,766,1.1970000257531106,1.2450563907623291,1.1464748382568359,0.67469048500061035,0.90971839427947998,1.0477322340011597,1.1521693468093872,1.3308193683624268,1.4012699127197266,1.5098366737365723,1.7423862218856812,-0.27554373540643473,2
distill:sticky-repeating,synthetic-sticky-repeating-5,TimesFM-laplace-qd,766,1.1970000257531106,1.3199045658111572,1.1924222707748413,0.78612744808197021,1.0197978019714355,1.1797900199890137,1.3124308586120605,1.3512955904006958,1.4606605768203735,1.6030648946762085,1.8442867994308472,-0.11956862104088484,2
distill:sticky-repeating,synthetic-sticky-repeating-5,Laplace-q-fixed-bandwidth,767,1.2047495712454501,1.1850195559475409,0.88045799227091748,0.98746169481428092,1.06243673577021,1.1259018341245972,1.185019483180866,1.2441371374190942,1.3076022532625964,1.3825773389129292,1.4895811865511699,0.6208818746926914,2
distill:sticky-repeating,synthetic-sticky-repeating-5,TimesFM-zero-shot,767,1.2047495712454501,1.1646063327789307,1.0808142423629761,0.70687401294708252,0.899566650390625,1.0074392557144165,1.0914511680603027,1.2277880907058716,1.2585768699645996,1.3207173347473145,1.4811886548995972,0.22968044756759354,2
distill:sticky-repeating,synthetic-sticky-repeating-5,TimesFM-laplace-qd,767,1.2047495712454501,1.2330384254455566,1.1231712102890015,0.80653989315032959,0.99786591529846191,1.1279876232147217,1.2389442920684814,1.2455734014511108,1.3146339654922485,1.4106796979904175,1.5828983783721924,0.4528228979902329,2
