study,series,method,step,y,mean,q10,q20,q30,q40,q50,q60,q70,q80,q90,raw_logpdf,reconstruction_multiplier
distill:fred-econ,BAMLH0A0HYM2,Laplace-q-fixed-bandwidth,722,0.0035149421074445186,-0.00045435893149296845,-0.029132163161012088,-0.018134921797315219,-0.010999162722265973,-0.0055362821973200752,-0.00071679003280192429,0.0041147765179044057,0.0096208480082946059,0.016856163752917902,0.028105659124372025,3.0489486721511754,2
distill:fred-econ,BAMLH0A0HYM2,TimesFM-zero-shot,722,0.0035149421074445186,0.00046669924631714821,0.00065533583983778954,-0.023687083274126053,-0.015041221864521503,-0.0091158794239163399,-0.0042260135523974895,0.0051666158251464367,0.010081686079502106,0.016112856566905975,0.024961404502391815,2.649290047382963,2
distill:fred-econ,BAMLH0A0HYM2,TimesFM-laplace-qd,722,0.0035149421074445186,0.00027170099201612175,0.00042865765863098204,-0.020261760801076889,-0.012675026431679726,-0.0071015879511833191,-0.0023366543464362621,0.0028296997770667076,0.0076322038657963276,0.013296616263687611,0.021039316430687904,2.9203700484691657,2
distill:fred-econ,BAMLH0A0HYM2,Laplace-q-fixed-bandwidth,723,-0.010582109330536937,-8.6042923980894783e-07,-0.027789004977179538,-0.016950131714252109,-0.010063005621580898,-0.00484911618815239,-0.00026146638885362597,0.004337837081652772,0.009594111490394814,0.016582422016154744,0.027677441061788079,2.8611324906213205,2
distill:fred-econ,BAMLH0A0HYM2,TimesFM-zero-shot,723,-0.010582109330536937,0.001359812798909843,0.0013701618881896138,-0.022062310948967934,-0.013600947335362434,-0.0078276917338371277,-0.0031727475579828024,0.005826607346534729,0.01054940652102232,0.016245020553469658,0.024661805480718613,3.1258006831301346,2
distill:fred-econ,BAMLH0A0HYM2,TimesFM-laplace-qd,723,-0.010582109330536937,0.0008597089909017086,0.00086127978283911943,-0.018036432564258575,-0.010980975814163685,-0.005860879085958004,-0.0015610544942319393,0.0033083122689276934,0.0076994840055704117,0.012752478942275047,0.019884511828422546,3.1244795736905471,2
distill:fred-econ,BAMLH0A0HYM2,Laplace-q-fixed-bandwidth,724,0.0035398267051240939,-0.00064564613655519569,-0.027855018737285367,-0.01715179315366356,-0.010425921648696247,-0.0053587004086365292,-0.00090392237122829044,0.0035622054430132339,0.0086710223346472652,0.015498062389723137,0.026458505648289398,3.1090187250311128,2
distill:fred-econ,BAMLH0A0HYM2,TimesFM-zero-shot,724,0.0035398267051240939,-0.0010090694995597005,-0.0010735075920820236,-0.024692730978131294,-0.016205823048949242,-0.010338064283132553,-0.005573703907430172,0.0035688513889908791,0.008413383737206459,0.014169972389936447,0.022631429135799408,2.6809591386002545,2
distill:fred-econ,BAMLH0A0HYM2,TimesFM-laplace-qd,724,0.0035398267051240939,-0.0011269496753811836,-0.0011463123373687267,-0.021813668310642242,-0.014193048700690269,-0.0085561778396368027,-0.0037793992087244987,0.0015325272688642144,0.0063679949380457401,0.011852841824293137,0.019457127898931503,2.8998281721603725,2
distill:fred-econ,BAMLH0A0HYM2,Laplace-q-fixed-bandwidth,725,-0.021429391455899172,2.4664096019533307e-05,-0.026250653852305895,-0.015733661257009868,-0.0092829469449931118,-0.0044640477430229909,-0.00023165877121194059,0.0040115233736550734,0.008870535385117357,0.015422721271475183,0.026202817750206577,2.1347995473042172,2
distill:fred-econ,BAMLH0A0HYM2,TimesFM-zero-shot,725,-0.021429391455899172,0.00012680783402174711,-9.5213181339204311e-05,-0.023448456078767776,-0.01495063304901123,-0.0091911004856228828,-0.0044089700095355511,0.0046541569754481316,0.0093710720539093018,0.015184310264885426,0.023448606953024864,1.5794964167001968,2
distill:fred-econ,BAMLH0A0HYM2,TimesFM-laplace-qd,725,-0.021429391455899172,-0.0001526293926872313,-0.00038722815224900842,-0.020476451143622398,-0.012920997105538845,-0.0074360398575663567,-0.0026997122913599014,0.0024065990000963211,0.0070503661409020424,0.012493062764406204,0.019852543249726295,1.068191314734567,2
distill:fred-econ,BAMLH0A0HYM2,Laplace-q-fixed-bandwidth,726,0.0036036075032983561,-0.0010489310682634222,-0.027718402983792252,-0.017182010798335475,-0.010599656026146825,-0.0056517792879655984,-0.001303258690988276,0.0030563383897026959,0.0080449600857119847,0.014727394311916185,0.025519104688210968,3.1156616080465689,2
distill:fred-econ,BAMLH0A0HYM2,TimesFM-zero-shot,726,0.0036036075032983561,-0.00082626938819885254,-0.00073789659654721618,-0.024820845574140549,-0.016168389469385147,-0.01027853786945343,-0.0054213437251746655,0.0038224540185183287,0.0086131365969777107,0.014525928534567356,0.022943560034036636,2.6725368143704591,2
distill:fred-econ,BAMLH0A0HYM2,TimesFM-laplace-qd,726,0.0036036075032983561,-0.00086428842041641474,-0.00086681306129321456,-0.021921759471297264,-0.014089224860072136,-0.0084025440737605095,-0.003514233510941267,0.0017609642818570137,0.0064664576202630997,0.012049654498696327,0.019572271034121513,2.9087441647409848,2
distill:fred-econ,BAMLH0A0HYM2,Laplace-q-fixed-bandwidth,727,-0.0036036075032983561,-2.2079288923088782e-05,-0.02578370742963491,-0.015434658386638808,-0.009120874594880219,-0.0044110005583306473,-0.00027441762911079807,0.003872690360268263,0.0086217889769501614,0.015035645873193167,0.025645807982107454,3.2053881249431999,2
distill:fred-econ,BAMLH0A0HYM2,TimesFM-zero-shot,727,-0.0036036075032983561,-0.0016712844371795654,-0.0017525849398225546,-0.024820361286401749,-0.016313822939991951,-0.010678505524992943,-0.0060959132388234138,0.0026714694686233997,0.0072481562383472919,0.012790076434612274,0.020809255540370941,2.7097023543712808,2
distill:fred-econ,BAMLH0A0HYM2,TimesFM-laplace-qd,727,-0.0036036075032983561,-0.0024507076013833284,-0.0023731654509902,-0.020756097510457039,-0.013864427804946899,-0.0089239198714494705,-0.0046963091008365154,-0.00014487729640677571,0.0041443011723458767,0.0092206951230764389,0.016151027753949165,3.0589410241289441,2
distill:fred-econ,BAMLH0A0HYM2,Laplace-q-fixed-bandwidth,728,-0.0072464085207673001,-0.00069479932499654851,-0.025436469544149194,-0.015317731602235048,-0.0093125817477465525,-0.0048586115625797663,-0.00094508464201697594,0.0029783069692484168,0.0074694695259367103,0.013573461041987842,0.023961321603140448,3.1458078126082292,2
distill:fred-econ,BAMLH0A0HYM2,TimesFM-zero-shot,728,-0.0072464085207673001,-0.002254790160804987,-0.0023082592524588108,-0.02450580894947052,-0.016412828117609024,-0.010932215489447117,-0.0065303603187203407,0.0019457894377410412,0.0064546810463070869,0.011924342252314091,0.019915327429771423,2.7876944337643632,2
distill:fred-econ,BAMLH0A0HYM2,TimesFM-laplace-qd,728,-0.0072464085207673001,-0.00278847711160779,-0.0024697016924619675,-0.021420083940029144,-0.01445384044200182,-0.0093926973640918732,-0.0051382975652813911,-0.00042876770021393895,0.0039627868682146072,0.0090446770191192627,0.015991279855370522,3.0953330858760086,2
distill:fred-econ,BAMLH0A0HYM2,Laplace-q-fixed-bandwidth,729,0.014440684154794381,-0.00069863774582865047,-0.024563245679611358,-0.014677936935272369,-0.0089351582115060821,-0.0046851155558261378,-0.0009465349807012077,0.0028013486239211955,0.0070867023291980328,0.012926047078776089,0.023086566544406301,2.5002164605153254,2
distill:fred-econ,BAMLH0A0HYM2,TimesFM-zero-shot,729,0.014440684154794381,-0.0021428638137876987,-0.0020757880993187428,-0.023219071328639984,-0.015509458258748055,-0.010342640802264214,-0.0061628189869225025,0.0018215413438156247,0.006047319620847702,0.011298591271042824,0.01911143958568573,2.5004958238570678,2
distill:fred-econ,BAMLH0A0HYM2,TimesFM-laplace-qd,729,0.014440684154794381,-0.0022375332191586494,-0.0019771801307797432,-0.019105728715658188,-0.012772105634212494,-0.0082324892282485962,-0.0043729390017688274,-0.00013523560483008623,0.0036417590454220772,0.008167915977537632,0.014585286378860474,2.3644111428474233,2
distill:fred-econ,BAMLH0A0HYM2,Laplace-q-fixed-bandwidth,730,0.007142887512380236,1.5571433707803843e-05,-0.023907895538944013,-0.014048499231084645,-0.0082710940569494466,-0.0039921092857170045,-0.0002298592881381125,0.0035417951720478312,0.0078563863347550014,0.013730082301292088,0.023858627204119,3.1049632603112753,2
distill:fred-econ,BAMLH0A0HYM2,TimesFM-zero-shot,730,0.007142887512380236,0.0012265311088413,0.0014281198382377625,-0.021008230745792389,-0.012962155044078827,-0.0075112381018698215,-0.0030650615226477385,0.0054630516096949577,0.0099439211189746857,0.015467735007405281,0.023660359904170036,2.7362886172710281,2
distill:fred-econ,BAMLH0A0HYM2,TimesFM-laplace-qd,730,0.007142887512380236,0.0003984915092587471,0.00064346427097916603,-0.01786862313747406,-0.011008774861693382,-0.0061431792564690113,-0.0019736718386411667,0.0027781729586422443,0.0069329827092587948,0.011895762756466866,0.018995955586433411,2.9462306176609925,2
distill:fred-econ,BAMLH0A0HYM2,Laplace-q-fixed-bandwidth,731,-0.007142887512380236,-0.00038001532525687865,-0.023542651823300696,-0.013902604220871244,-0.0083493480966747823,-0.0042401961300754486,-0.0006229591725579823,0.0030032076560505341,0.0071463254708877856,0.012793462439994244,0.022707064798657937,3.1859082581996789,2
distill:fred-econ,BAMLH0A0HYM2,TimesFM-zero-shot,731,-0.007142887512380236,-0.0015441048890352249,-0.001714284997433424,-0.024214558303356171,-0.016035588458180428,-0.010480820201337337,-0.0059226644225418568,0.0028073340654373169,0.0074066654779016972,0.013014551252126694,0.021131975576281548,2.7747827392165547,2
distill:fred-econ,BAMLH0A0HYM2,TimesFM-laplace-qd,731,-0.007142887512380236,-0.0017012972384691238,-0.002086390508338809,-0.021669026464223862,-0.0142017537727952,-0.0088472245261073112,-0.004235501866787672,0.00083242385881021619,0.0054523106664419174,0.010864890180528164,0.018200188875198364,3.0374484992416679,2
distill:fred-econ,BAMLH0A0HYM2,Laplace-q-fixed-bandwidth,732,0.010695289116747997,-0.00051684892748039195,-0.022837097397843755,-0.013457143258072155,-0.0081504923795556565,-0.0042217764921072759,-0.0007572257127961429,0.0027157338432623173,0.0066765508965805831,0.01207381221395362,0.021732420391931382,2.8230594008356968,2
distill:fred-econ,BAMLH0A0HYM2,TimesFM-zero-shot,732,0.010695289116747997,-0.001357134897261858,-0.0011983939912170172,-0.022736243903636932,-0.014988725073635578,-0.0098049445077776909,-0.0055190627463161945,0.0026711565442383289,0.007104034535586834,0.012545561417937279,0.020408209413290024,2.6646245848152939,2
distill:fred-econ,BAMLH0A0HYM2,TimesFM-laplace-qd,732,0.010695289116747997,-0.0020506118889898062,-0.0019980550277978182,-0.020537827163934708,-0.013638717122375965,-0.008703993633389473,-0.0044651459902524948,0.00020693824626505375,0.0045074787922203541,0.009627009741961956,0.016623673960566521,2.6546988089032926,2
distill:fred-econ,BAMLH0A0HYM2,Laplace-q-fixed-bandwidth,733,0,0.00024209568579912466,-0.021793191038948452,-0.012525352157468975,-0.0072909908481375608,-0.0034147838559922305,4.3349004262480208e-06,0.0034317293857032772,0.0073395359394327186,0.012663259410648848,0.022207652457357542,3.4316332977467141,2
distill:fred-econ,BAMLH0A0HYM2,TimesFM-zero-shot,733,0,0.00074105092789977789,0.00056932645384222269,-0.022217446938157082,-0.013928377069532871,-0.0082789333537220955,-0.0036495265085250139,0.0051224171184003353,0.0096930703148245811,0.015282789245247841,0.023332159966230392,2.7105636201375587,2
distill:fred-econ,BAMLH0A0HYM2,TimesFM-laplace-qd,733,0,0.00027346122078597546,6.1584461946040392e-05,-0.018375393003225327,-0.01139499805867672,-0.0063043860718607903,-0.0020005169790238142,0.0025579198263585567,0.006816767156124115,0.011867186054587364,0.018693923950195312,3.0556369973720692,2
distill:fred-econ,BAMLH0A0HYM2,Laplace-q-fixed-bandwidth,734,-0.021506205220963803,-0.0002669276853184086,-0.021150582361993804,-0.012273799691607381,-0.0073713438615426105,-0.0037271813222574226,-0.00050201478747024467,0.0027307259480794073,0.0064038850027210107,0.011390206894219119,0.020550828497025997,1.956433258446785,2
distill:fred-econ,BAMLH0A0HYM2,TimesFM-zero-shot,734,-0.021506205220963803,-8.2402024418115616e-05,0.00013579876394942403,-0.022730171680450439,-0.014537855982780457,-0.0090513527393341064,-0.0044215028174221516,0.0041559846140444279,0.0087450100108981133,0.014420079067349434,0.022750465199351311,1.42410117218953,2
distill:fred-econ,BAMLH0A0HYM2,TimesFM-laplace-qd,734,-0.021506205220963803,-0.00019371596863493323,-0.00016948883421719074,-0.018878096714615822,-0.011872425675392151,-0.0068320254795253277,-0.002471638610586524,0.0020360876806080341,0.0063468902371823788,0.011466852389276028,0.018549617379903793,0.64379181697672105,2
distill:fred-econ,BAMLH0A0HYM2,Laplace-q-fixed-bandwidth,735,0.014388737452099676,-0.0006856986726519451,-0.022469114710147772,-0.013312542477444681,-0.0081353454420260464,-0.0043014085535823298,-0.00091982504446532463,0.0024699404462019854,0.0063351134672150035,0.0116005459049522,0.021029285369707655,2.4666987930384403,2
distill:fred-econ,BAMLH0A0HYM2,TimesFM-zero-shot,735,0.014388737452099676,-0.0021150251850485802,-0.0021623424254357815,-0.02623428963124752,-0.017480514943599701,-0.011554227210581303,-0.0067121083848178387,0.0023787429090589285,0.0071988450363278389,0.013048667460680008,0.02142101526260376,2.4929143370127438,2
distill:fred-econ,BAMLH0A0HYM2,TimesFM-laplace-qd,735,0.014388737452099676,-0.0017929202876985073,-0.001967073418200016,-0.022469911724328995,-0.014706060290336609,-0.0090673752129077911,-0.0043414393439888954,0.0006920697633177042,0.0054515190422534943,0.010965733788907528,0.018263069912791252,2.4666910302853413,2
distill:fred-econ,BAMLH0A0HYM2,Laplace-q-fixed-bandwidth,736,0.010657294473988221,0.00052861233012398265,-0.021454750969149734,-0.012269222183351063,-0.007016774815583676,-0.0031287470582462337,0.00029671162444972686,0.0037305404722782608,0.0076504544499216105,0.012991831785808875,0.022442319324681929,2.9194840341879358,2
distill:fred-econ,BAMLH0A0HYM2,TimesFM-zero-shot,736,0.010657294473988221,-0.00025120278587564826,-0.00042807863792404532,-0.023882966488599777,-0.01537667028605938,-0.0095180673524737358,-0.0047831609845161438,0.0042507476173341274,0.0090508144348859787,0.014773771166801453,0.023107333108782768,2.6457863377311117,2
distill:fred-econ,BAMLH0A0HYM2,TimesFM-laplace-qd,736,0.010657294473988221,-0.00096267333719879389,-0.001209320267662406,-0.02092939056456089,-0.013505587354302406,-0.008013497106730938,-0.0034176972694694996,0.0014859257498756051,0.0061423019506037235,0.011460107751190662,0.018706792965531349,2.7144645879645122,2
distill:fred-econ,BAMLH0A0HYM2,Laplace-q-fixed-bandwidth,737,0.010544913176614878,-0.00012391424665406537,-0.021731775647603244,-0.012680654419281432,-0.0075294531702609583,-0.003715367168192082,-0.00035330122330486921,0.0030169371318232779,0.0068621816250580264,0.012100763271884737,0.021416107609407604,2.8733122529148245,2
distill:fred-econ,BAMLH0A0HYM2,TimesFM-zero-shot,737,0.010544913176614878,-0.00095760106341913342,-0.001263978541828692,-0.024485476315021515,-0.015965623781085014,-0.010203775018453598,-0.0054536587558686733,0.0035200160928070545,0.0082758944481611252,0.01405700109899044,0.022271277382969856,2.6389184545856006,2
distill:fred-econ,BAMLH0A0HYM2,TimesFM-laplace-qd,737,0.010544913176614878,-0.0007571261958219111,-0.0013494378654286265,-0.020168382674455643,-0.012888949364423752,-0.0076065869070589542,-0.0031099270563572645,0.0016708835028111935,0.0061843432486057281,0.011425185948610306,0.018407858908176422,2.7460357727382978,2
distill:fred-econ,BAMLH0A0HYM2,Laplace-q-fixed-bandwidth,738,-0.0212022076506031,0.00019802647949165267,-0.021116128260775156,-0.012177453637021184,-0.0071020931755903629,-0.0033432527711042825,-2.8875373135472041e-05,0.0032935325900700354,0.0070830017463124079,0.012244486061177472,0.02144566591271093,1.970367638944041,2
distill:fred-econ,BAMLH0A0HYM2,TimesFM-zero-shot,738,-0.0212022076506031,0.0011897381627932191,0.00095155311282724142,-0.021276876330375671,-0.013113928027451038,-0.0075844051316380501,-0.0030237981118261814,0.0053313956595957279,0.0098009184002876282,0.015358995646238327,0.023304987698793411,1.2318468356391439,2
distill:fred-econ,BAMLH0A0HYM2,TimesFM-laplace-qd,738,-0.0212022076506031,0.0011096781818196177,0.0005767912371084094,-0.016930704936385155,-0.010165080428123474,-0.0051922351121902466,-0.00099911040160804987,0.0031764805316925049,0.0073280660435557365,0.012205897830426693,0.018622320145368576,0.19333775149832477,2
distill:fred-econ,BAMLH0A0HYM2,Laplace-q-fixed-bandwidth,739,-0.0071684894786125941,-0.00055500163459916028,-0.022685632189811827,-0.013548591502027411,-0.0082124377302894291,-0.0042588815174339038,-0.00078090816475142504,0.002705677864382602,0.0066918679132686445,0.012116709030865501,0.021504098651323474,3.219035547151667,2
distill:fred-econ,BAMLH0A0HYM2,TimesFM-zero-shot,739,-0.0071684894786125941,-0.0012211637804284692,-0.0014389492571353912,-0.023913314566016197,-0.015550174750387669,-0.0099447602406144142,-0.0053986557759344578,0.0029741895850747824,0.0074938870966434479,0.012981452979147434,0.020878273993730545,2.818690919823156,2
distill:fred-econ,BAMLH0A0HYM2,TimesFM-laplace-qd,739,-0.0071684894786125941,-0.0011265139328315854,-0.0014644190669059753,-0.01969621516764164,-0.012586138211190701,-0.0075460379011929035,-0.0033616509754210711,0.0010734873358160257,0.0053402278572320938,0.010273078456521034,0.016851210966706276,3.1706963682022566,2
distill:fred-econ,BAMLH0A0HYM2,Laplace-q-fixed-bandwidth,740,-0.014493007302566641,0.00022430488860984579,-0.02114227420285749,-0.012228365627098725,-0.0071175949878937769,-0.0033332161694934843,6.9515845876855471e-07,0.0033427437763362822,0.0071580984479343839,0.012355003599528652,0.021523969170972442,2.5545421081673547,2
distill:fred-econ,BAMLH0A0HYM2,TimesFM-zero-shot,740,-0.014493007302566641,-0.0011976220412179828,-0.0013396894792094827,-0.022906780242919922,-0.015036969445645809,-0.0096149947494268417,-0.0052558742463588715,0.0028494284488260746,0.0071852193213999271,0.012413732707500458,0.020084016025066376,3.0649983746851932,2
distill:fred-econ,BAMLH0A0HYM2,TimesFM-laplace-qd,740,-0.014493007302566641,-0.0011803567176684737,-0.0014074633363634348,-0.017526695504784584,-0.01141719426959753,-0.0068858787417411804,-0.0031047619413584471,0.00073184532811865211,0.0044913943856954575,0.0088512497022747993,0.014792057685554028,2.5291803242236854,2
distill:fred-econ,BAMLH0A0HYM2,Laplace-q-fixed-bandwidth,741,0,-0.0005461533774824128,-0.022029510299292406,-0.013116542755559506,-0.0079553762222527805,-0.0041326772810086482,-0.00076757504458218511,0.0026057975092947314,0.0064599039176613509,0.011707363438740046,0.020869206910221802,3.4437694234855227,2
distill:fred-econ,BAMLH0A0HYM2,TimesFM-zero-shot,741,0,-0.00012899999273940921,-0.00019781483570113778,-0.022966388612985611,-0.014798716641962528,-0.0091570159420371056,-0.0045039402320981026,0.0042792460881173611,0.0089683467522263527,0.01464235782623291,0.022794272750616074,2.7049140192006651,2
distill:fred-econ,BAMLH0A0HYM2,TimesFM-laplace-qd,741,0,-0.00027414990472607315,-0.0002880993124563247,-0.019650375470519066,-0.012513397261500359,-0.0071891266852617264,-0.0026340861804783344,0.0021356742363423109,0.0067124557681381702,0.012016528286039829,0.019068729132413864,2.9993076850547551,2
distill:fred-econ,BAMLH0A0HYM2,Laplace-q-fixed-bandwidth,742,-0.0073260400920729385,-0.00021668969592222647,-0.019328298966724486,-0.010752541460740093,-0.0058787607667479926,-0.0021129142308115288,-2.540032924258422e-05,0.0011436174705461702,0.0049327148631110908,0.0098827779215048539,0.018725141290495809,3.1252940768144604,2
distill:fred-econ,BAMLH0A0HYM2,TimesFM-zero-shot,742,-0.0073260400920729385,-0.00098401471041142941,-0.0010853903368115425,-0.023014567792415619,-0.015109924599528313,-0.0096084624528884888,-0.0051503535360097885,0.0032615414820611477,0.007732439786195755,0.013113386929035187,0.020933061838150024,2.8574581010654798,2
distill:fred-econ,BAMLH0A0HYM2,TimesFM-laplace-qd,742,-0.0073260400920729385,-0.0011987343896180391,-0.0013632250484079123,-0.019012080505490303,-0.012448719702661037,-0.0074810641817748547,-0.0033156333956867456,0.0010153877083212137,0.0051967892795801163,0.010032464750111103,0.016546009108424187,3.2126157699923481,2
distill:fred-econ,BAMLH0A0HYM2,Laplace-q-fixed-bandwidth,743,-0.0036832454162963879,-0.00079372312670256736,-0.019374678158397947,-0.011065722753235674,-0.0063875447101447436,-0.002772124093624562,-6.8760742254097797e-05,0.00053013628096198204,0.0041679387365176554,0.0089193857310001148,0.017495248312425861,3.614158801746572,2
distill:fred-econ,BAMLH0A0HYM2,TimesFM-zero-shot,743,-0.0036832454162963879,-0.0012410392519086599,-0.0012578058522194624,-0.023711778223514557,-0.015642335638403893,-0.010050815530121326,-0.0054922504350543022,0.0030162814073264599,0.0076005347073078156,0.013110009953379631,0.021004930138587952,2.7264761532016846,2
distill:fred-econ,BAMLH0A0HYM2,TimesFM-laplace-qd,743,-0.0036832454162963879,-0.001281926641240716,-0.0012360753025859594,-0.019490085542201996,-0.012736757285892963,-0.0077241812832653522,-0.0034496556036174297,0.00090771855320781469,0.005224437452852726,0.010193489491939545,0.016751863062381744,3.0761975008287177,2
distill:fred-econ,BAMLH0A0HYM2,Laplace-q-fixed-bandwidth,744,0.0036832454162963879,-0.00072692676327807564,-0.018382036978968688,-0.010485252446217678,-0.006086835093165475,-0.0026761955201729838,-6.8593428126514355e-05,0.00059961656657856691,0.0040311203036465532,0.0084977981150925076,0.0166616979040922,3.576382837567408,2
distill:fred-econ,BAMLH0A0HYM2,TimesFM-zero-shot,744,0.0036832454162963879,-0.0036930781789124012,-0.0036499868147075176,-0.023753216490149498,-0.016513163223862648,-0.011509456671774387,-0.0074568917043507099,0.00011150905629619956,0.0041807261295616627,0.0090550575405359268,0.016249166801571846,2.8379530726586975,2
distill:fred-econ,BAMLH0A0HYM2,TimesFM-laplace-qd,744,0.0036832454162963879,-0.0031602019444108009,-0.0030818874947726727,-0.01887943223118782,-0.013112365268170834,-0.008735346607863903,-0.0050276760011911392,-0.001312710577622056,0.002379024401307106,0.0065780496224761009,0.01234572846442461,3.0746251400875666,2
distill:fred-econ,BAMLH0A0HYM2,Laplace-q-fixed-bandwidth,745,0,-0.0005859266829032581,-0.017460610704513078,-0.009931002706000943,-0.0057555920013744738,-0.0025069384048604375,-6.0223344798425674e-05,0.00075825539846175556,0.0040265796435791888,0.0082659910458807752,0.016059351029656884,3.9031945750463293,2
distill:fred-econ,BAMLH0A0HYM2,TimesFM-zero-shot,745,0,-0.001477822894230485,-0.0014383853413164616,-0.021820375695824623,-0.014477449469268322,-0.0094281798228621483,-0.0052857217378914356,0.0023735929280519485,0.0065222186967730522,0.011567060835659504,0.018879704177379608,2.8389359847036202,2
distill:fred-econ,BAMLH0A0HYM2,TimesFM-laplace-qd,745,0,-0.0014722046907991171,-0.0014001436065882444,-0.017038905993103981,-0.011302079074084759,-0.0070054950192570686,-0.0033203805796802044,0.0003407420008443296,0.0040379068814218044,0.0083623649552464485,0.014198471792042255,3.22383583592568,2
distill:fred-econ,BAMLH0A0HYM2,Laplace-q-fixed-bandwidth,746,0.0073260400920729385,-0.00078198445103067364,-0.01619585138183998,-0.0092055311385488611,-0.0052549124937341877,-0.0020922321334294722,-5.0678416799008154e-05,0.00010262615992567175,0.0029844543352842939,0.0069907826539714613,0.014233259003521433,2.8848836666367168,2
distill:fred-econ,BAMLH0A0HYM2,TimesFM-zero-shot,746,0.0073260400920729385,-0.0024333931505680084,-0.0025450354442000389,-0.022876951843500137,-0.015463592484593391,-0.010365284979343414,-0.0062394659034907818,0.0013827350921928883,0.0054413005709648132,0.010326918214559555,0.017465317621827126,2.8000872424186918,2
distill:fred-econ,BAMLH0A0HYM2,TimesFM-laplace-qd,746,0.0073260400920729385,-0.0021568487863987684,-0.0022509950213134289,-0.016816906630992889,-0.011351657100021839,-0.0072785136289894581,-0.0038481331430375576,-0.00038889754796400666,0.002927092369645834,0.0067643621005117893,0.012008910067379475,2.9678587219679207,2
distill:fred-econ,BAMLH0A0HYM2,Laplace-q-fixed-bandwidth,747,-0.0073260400920729385,-0.00036953130632654772,-0.01547154480361034,-0.0086313487843443556,-0.0047687057914706232,-0.0016814474809694073,-2.9383517021752325e-05,0.00036723504213986391,0.0034701245600570526,0.0073873069742259791,0.014475228871326839,3.13970523330081,2
distill:fred-econ,BAMLH0A0HYM2,TimesFM-zero-shot,747,-0.0073260400920729385,-0.0018312281463295221,-0.002138220239430666,-0.021412733942270279,-0.014271201565861702,-0.0093716913834214211,-0.0054034464992582798,0.0017692060209810734,0.0055764210410416126,0.010220073163509369,0.01697472482919693,2.9849523603003272,2
distill:fred-econ,BAMLH0A0HYM2,TimesFM-laplace-qd,747,-0.0073260400920729385,-0.0016005842480808496,-0.0019364593317732215,-0.014780479483306408,-0.0098471855744719505,-0.0061495476402342319,-0.0030556672718375921,-4.8115209210664034e-05,0.0029262464959174395,0.0063058757223188877,0.010882486589252949,3.5418058203896559,2
distill:fred-econ,BAMLH0A0HYM2,Laplace-q-fixed-bandwidth,748,-0.0036832454162963879,-0.00096610225986379784,-0.01572859846120863,-0.0091293882301215819,-0.0053959283035577704,-0.0024104770325176017,-7.2387367606400435e-05,8.7707454089695037e-05,0.0027512886243053611,0.0065370800163514469,0.013376844921873595,3.7232507254124658,2
distill:fred-econ,BAMLH0A0HYM2,TimesFM-zero-shot,748,-0.0036832454162963879,-0.0024376427754759789,-0.0027332566678524017,-0.017923066392540932,-0.01217192318290472,-0.0082565750926733017,-0.0051799383945763111,0.00046019547153264284,0.0035294629633426666,0.0071533233858644962,0.012662753462791443,3.1373645144038638,2
distill:fred-econ,BAMLH0A0HYM2,TimesFM-laplace-qd,748,-0.0036832454162963879,-0.0027711424045264721,-0.0030705085955560207,-0.012748046778142452,-0.0089238164946436882,-0.0061144703067839146,-0.0037968247197568417,-0.0015449114143848419,0.00079917104449123144,0.003233620896935463,0.0069186128675937653,3.7129274357609994,2
distill:fred-econ,BAMLH0A0HYM2,Laplace-q-fixed-bandwidth,749,0.014652276786870311,-0.00091448038325276195,-0.014918429702267175,-0.0087340439854955848,-0.005203217560748403,-0.0023671134711607672,-7.4260365912328483e-05,9.2083751897145449e-05,0.0027003665475816823,0.0062794615931465242,0.012690249955151837,2.1035598681983725,2
distill:fred-econ,BAMLH0A0HYM2,TimesFM-zero-shot,749,0.014652276786870311,-0.0014566364698112011,-0.0016641613328829408,-0.018254227936267853,-0.012053410522639751,-0.007816726341843605,-0.0044823368079960346,0.0016123538371175528,0.0049570635892450809,0.0090489713475108147,0.015181343071162701,2.5102210764996293,2
distill:fred-econ,BAMLH0A0HYM2,TimesFM-laplace-qd,749,0.014652276786870311,-0.0017787878168746829,-0.0018900569994002581,-0.012004985474050045,-0.0081688705831766129,-0.0053029223345220089,-0.0029308774974197149,-0.00061924592591822147,0.0017580003477632999,0.0044250721111893654,0.0082910964265465736,1.8671840748462087,2
distill:fred-econ,BAMLH0A0HYM2,Laplace-q-fixed-bandwidth,750,-0.0036429912785009844,-7.9522426293452062e-08,-0.014643883453601257,-0.0080717365289592891,-0.0043772097008307146,-0.0014430244507019955,-1.1431672480183816e-05,0.0010019670896174527,0.0039519111700582824,0.0076992553433448165,0.014510595765321292,3.7066994476496,2
distill:fred-econ,BAMLH0A0HYM2,TimesFM-zero-shot,750,-0.0036429912785009844,-8.069913019426167e-05,-0.00024350301828235388,-0.021003404632210732,-0.01341946329921484,-0.0081726266071200371,-0.004003599751740694,0.0038399170152842999,0.0080073270946741104,0.013021871447563171,0.020365547388792038,2.8260105674081952,2
distill:fred-econ,BAMLH0A0HYM2,TimesFM-laplace-qd,750,-0.0036429912785009844,-0.00029555638320744038,-0.00031017721630632877,-0.015772992745041847,-0.010050463490188122,-0.0056965523399412632,-0.0021051003132015467,0.0015581280458718538,0.0050739282742142677,0.0091820014640688896,0.014751813374459743,3.2824526502443825,2
distill:fred-econ,BAMLH0A0HYM2,Laplace-q-fixed-bandwidth,751,0.0072727593290795589,-0.00065644878686449556,-0.014678470217751378,-0.0084885763587133449,-0.0049832956149673509,-0.0021872860791152336,-5.8529922874614302e-05,0.00028791873254782781,0.0030987701007020004,0.006653039531381826,0.013070016156619752,2.947433313813864,2
distill:fred-econ,BAMLH0A0HYM2,TimesFM-zero-shot,751,0.0072727593290795589,-0.00049312843475490808,-0.00072594638913869858,-0.020361330360174179,-0.013105088844895363,-0.0081688389182090759,-0.0042142751626670361,0.003141710301861167,0.0070832879282534122,0.011923221871256828,0.01890408992767334,2.855505155998844,2
distill:fred-econ,BAMLH0A0HYM2,TimesFM-laplace-qd,751,0.0072727593290795589,-0.00065961584914475679,-0.00094453612109646201,-0.013116113841533661,-0.0083962427452206612,-0.0049418024718761444,-0.0020745727233588696,0.00078182906145229936,0.0036681175697594881,0.0069230343215167522,0.011383474804461002,3.1372628561499396,2
distill:fred-econ,BAMLH0A0HYM2,Laplace-q-fixed-bandwidth,752,-0.0036297680505785745,4.4043440550100549e-05,-0.013714023850246972,-0.00763055913381166,-0.0041866770901441124,-0.0014429540094645379,-9.4340671012744844e-06,0.0011176981537879538,0.0038761818682367015,0.0073682531024587324,0.013675073868475281,3.7433852383428357,2
distill:fred-econ,BAMLH0A0HYM2,TimesFM-zero-shot,752,-0.0036297680505785745,0.00037607926060445607,0.00023972164490260184,-0.018612097948789597,-0.01166092325001955,-0.006910908967256546,-0.0031424283515661955,0.0038220097776502371,0.0075854519382119179,0.012168149463832378,0.01887124590575695,2.9593090381075613,2
distill:fred-econ,BAMLH0A0HYM2,TimesFM-laplace-qd,752,-0.0036297680505785745,0.00035018697963096201,6.7952234530821443e-05,-0.012755556963384151,-0.0077401245944201946,-0.0041112457402050495,-0.0010947785340249538,0.0018573439447209239,0.0048305708914995193,0.0082518206909298897,0.012871653772890568,3.5057262760539381,2
distill:fred-econ,BAMLH0A0HYM2,Laplace-q-fixed-bandwidth,753,0.010850016024065656,-0.00040149097878653138,-0.013568882749405811,-0.0078372254577913636,-0.0045596157847861019,-0.0019366032869537054,-4.2631851882198076e-05,0.0006345608861154506,0.0032715023244830194,0.0065938913729405232,0.012535415205225744,2.5517154514630986,2
distill:fred-econ,BAMLH0A0HYM2,TimesFM-zero-shot,753,0.010850016024065656,-0.00086220592493191361,-0.00096422701608389616,-0.021791962906718254,-0.01413637213408947,-0.0089497044682502747,-0.00476791150867939,0.0029627447947859764,0.0071176141500473022,0.012157926335930824,0.019417259842157364,2.7305781378362353,2
distill:fred-econ,BAMLH0A0HYM2,TimesFM-laplace-qd,753,0.010850016024065656,-0.00090580555843189359,-0.00074571161530911922,-0.015333570539951324,-0.0098589658737182617,-0.0058217532932758331,-0.0024863521102815866,0.00062580674421042204,0.0039934045635163784,0.007907520979642868,0.012922881171107292,2.7662753185040385,2
distill:fred-econ,BAMLH0A0HYM2,Laplace-q-fixed-bandwidth,754,0.0071684894786125941,0.00050089016725272158,-0.012856179034320131,-0.0069781413141295004,-0.0036510012631931999,-0.0010053348791205954,2.259164883383841e-05,0.0016980459074932967,0.004358248561855925,0.0077319906747391875,0.013826095211370003,3.191473651368903,2
distill:fred-econ,BAMLH0A0HYM2,TimesFM-zero-shot,754,0.0071684894786125941,0.0009964256314560771,0.00057504442520439625,-0.019451197236776352,-0.011960521340370178,-0.0068632564507424831,-0.002763416850939393,0.0047341776080429554,0.0087191769853234291,0.013543576002120972,0.020540961995720863,2.8712282165011747,2
distill:fred-econ,BAMLH0A0HYM2,TimesFM-laplace-qd,754,0.0071684894786125941,0.0012795580551028252,0.00077768496703356504,-0.013884969055652618,-0.0081353569403290749,-0.0038809343241155148,-0.00039988604839891195,0.0029231447260826826,0.0063138389959931374,0.010253103449940681,0.015458899550139904,3.1901566793308036,2
distill:fred-econ,BAMLH0A0HYM2,Laplace-q-fixed-bandwidth,755,-0.0071684894786125941,0.00080321887384323179,-0.013101235530962121,-0.007277800849135826,-0.004075948324994633,-0.0016062107135019384,0.00061728602711841102,0.0028452175948423192,0.0053317103437336595,0.0085821706538707493,0.014624585880944233,3.2342346370274528,2
distill:fred-econ,BAMLH0A0HYM2,TimesFM-zero-shot,755,-0.0071684894786125941,0.0016388810472562909,0.0010923481313511729,-0.018498439341783524,-0.011078527197241783,-0.0060659805312752724,-0.0020629535429179668,0.005259358324110508,0.0091798612847924232,0.013840130530297756,0.020694343373179436,3.1707184735859602,2
distill:fred-econ,BAMLH0A0HYM2,TimesFM-laplace-qd,755,-0.0071684894786125941,0.001694017555564642,0.00096613762434571981,-0.013840191997587681,-0.007905854843556881,-0.0035940380766987801,-6.8456094595603645e-05,0.003436308354139328,0.0069014448672533035,0.010840291157364845,0.01619429886341095,3.2880357636283097,2
distill:fred-econ,BAMLH0A0HYM2,Laplace-q-fixed-bandwidth,756,-0.025502292810935967,0.00012766452506744242,-0.013548908145763252,-0.0078292406906096054,-0.0046791347773776516,-0.002246701622354181,-5.5874321000130171e-05,0.0021393041891358535,0.0045881639297981457,0.0077858690895180466,0.013720530220033928,1.0855543389267437,2
distill:fred-econ,BAMLH0A0HYM2,TimesFM-zero-shot,756,-0.025502292810935967,0.00025453924899920821,-0.00015587825328111649,-0.019657110795378685,-0.012392747215926647,-0.0073512103408575058,-0.0034524316433817148,0.0038875543978065252,0.0078443959355354309,0.012513017281889915,0.01939409039914608,0.017716126438849678,2
distill:fred-econ,BAMLH0A0HYM2,TimesFM-laplace-qd,756,-0.025502292810935967,0.00031635264167562127,-0.00012961612083017826,-0.014846090227365494,-0.0091636814177036285,-0.0048694424331188202,-0.0014428513823077083,0.0020133308134973049,0.005503977183252573,0.0094541832804679871,0.014731688424944878,-2.5853394207999392,2
distill:fred-econ,BAMLH0A0HYM2,Laplace-q-fixed-bandwidth,757,-0.018622512098001809,-0.0014494585947537125,-0.016903240530914132,-0.010322162554605465,-0.0067536042912618409,-0.0040514742452458456,-0.0016374974181784111,0.00078164323609244903,0.0035034443106811727,0.0071296945914850265,0.013946271013290001,2.1073493402106824,2
distill:fred-econ,BAMLH0A0HYM2,TimesFM-zero-shot,757,-0.018622512098001809,-0.0023127335589379072,-0.0024135981220752001,-0.023198440670967102,-0.015597124584019184,-0.010385708883404732,-0.0062487591058015823,0.0015265082474797964,0.0057166209444403648,0.010795776732265949,0.018035613000392914,2.4294207959645222,2
distill:fred-econ,BAMLH0A0HYM2,TimesFM-laplace-qd,757,-0.018622512098001809,-0.0018071193480864167,-0.0020791906863451004,-0.01868433877825737,-0.012313734740018845,-0.0076556438580155373,-0.0038427747786045074,7.7904900535941124e-05,0.0039196936413645744,0.0083973435685038567,0.014259137213230133,1.5146451740661633,2
distill:fred-econ,BAMLH0A0HYM2,Laplace-q-fixed-bandwidth,758,0.018622512098001809,-0.0022071899956271389,-0.018542201280395826,-0.011577343522348885,-0.0077772881261007534,-0.0049281723600640148,-0.0023949350326586448,0.0001439493209492923,0.0030146478077966088,0.0068777717463344712,0.014077118008690584,1.7677820365558576,2
distill:fred-econ,BAMLH0A0HYM2,TimesFM-zero-shot,758,0.018622512098001809,-0.0043677007779479027,-0.0044388836249709129,-0.025236181914806366,-0.017627641558647156,-0.01241432037204504,-0.008253118023276329,-0.00049953372217714787,0.0036715203896164894,0.0086162146180868149,0.015873262658715248,2.1020766765119472,2
distill:fred-econ,BAMLH0A0HYM2,TimesFM-laplace-qd,758,0.018622512098001809,-0.0039489492774009705,-0.0038230516947805882,-0.021019533276557922,-0.014618238434195518,-0.0099456589668989182,-0.0060445941053330898,-0.0019408492371439934,0.0019456156296655536,0.0063977860845625401,0.012453880161046982,1.8453638022372112,2
distill:fred-econ,BAMLH0A0HYM2,Laplace-q-fixed-bandwidth,759,-0.029964788701936418,-0.0001497607517958517,-0.017697251289455138,-0.010280766459660714,-0.0061389559672939357,-0.0030606133950829961,-0.00033831644182982128,0.0023903412984363328,0.0054929893374053105,0.0097043870241376052,0.017347885802134637,1.127189299578327,2
distill:fred-econ,BAMLH0A0HYM2,TimesFM-zero-shot,759,-0.029964788701936418,-0.0002784802345559001,-0.00055040459847077727,-0.0210235845297575,-0.013409937731921673,-0.008292006328701973,-0.0041850954294204712,0.0036104319151490927,0.007675649132579565,0.012646229937672615,0.019940314814448357,-0.63165281583688893,2
distill:fred-econ,BAMLH0A0HYM2,TimesFM-laplace-qd,759,-0.029964788701936418,-0.0001040933420881629,-0.00012660509673878551,-0.016573226079344749,-0.010380350984632969,-0.005895332433283329,-0.0021620551124215126,0.0018827752210199833,0.0055841677822172642,0.0099682733416557312,0.015948494896292686,-3.5111844917478088,2
distill:fred-econ,BAMLH0A0HYM2,Laplace-q-fixed-bandwidth,760,0.011342276603934609,-0.0021691531318312452,-0.02147989486484643,-0.013504614118463784,-0.0088508062497152321,-0.005399750983761286,-0.0023620842772719029,0.00068298944222194261,0.0041621153928774069,0.0088923647961522256,0.017084395175559521,2.587227289146643,2
distill:fred-econ,BAMLH0A0HYM2,TimesFM-zero-shot,760,0.011342276603934609,-0.0037158592604100704,-0.0042210137471556664,-0.026770306751132011,-0.018395332619547844,-0.012613433413207531,-0.0080683305859565735,0.00050068402197211981,0.0050226068124175072,0.010313729755580425,0.018020361661911011,2.5886972312755323,2
distill:fred-econ,BAMLH0A0HYM2,TimesFM-laplace-qd,760,0.011342276603934609,-0.0025327936746180058,-0.0032722512260079384,-0.021608887240290642,-0.014457270503044128,-0.0091596068814396858,-0.0048709148541092873,-0.0003263368271291256,0.0039307381957769394,0.0087216543033719063,0.01524914987385273,2.6267391817689099,2
distill:fred-econ,BAMLH0A0HYM2,Laplace-q-fixed-bandwidth,761,0,-0.00076325062679978627,-0.020244970966008843,-0.012260780458673657,-0.0075411612292178715,-0.0040368314555704748,-0.00095436675184805029,0.0021356674211408175,0.0056685652194344936,0.010464670267301031,0.018659612845430759,3.5293912380178609,2
distill:fred-econ,BAMLH0A0HYM2,TimesFM-zero-shot,761,0,-0.0017941705882549286,-0.0022279757540673018,-0.023117674514651299,-0.015229660086333752,-0.0099497660994529724,-0.0057472181506454945,0.0021291726734489202,0.0061490191146731377,0.01100553385913372,0.018210805952548981,2.8451736129771397,2
distill:fred-econ,BAMLH0A0HYM2,TimesFM-laplace-qd,761,0,-0.0013121763477101922,-0.0019958277698606253,-0.018305158242583275,-0.011863877065479755,-0.0072962851263582706,-0.0035355528816580772,0.00074397132266312838,0.0042654601857066154,0.0084227435290813446,0.01417798176407814,3.190869047794723,2
distill:fred-econ,BAMLH0A0HYM2,Laplace-q-fixed-bandwidth,762,-0.0037664827954769775,-0.0012118279527985585,-0.018706531507640095,-0.010953332536630726,-0.0064800203409298056,-0.0030235921123985231,-0.00010092649627689609,0.00011208387812334589,0.0033605717331632156,0.0079027430974014864,0.015883796697144952,3.6463415234674712,2
distill:fred-econ,BAMLH0A0HYM2,TimesFM-zero-shot,762,-0.0037664827954769775,-0.0017935194773599505,-0.0022306181490421295,-0.022425523027777672,-0.014766933396458626,-0.0096662584692239761,-0.0056068738922476768,0.001975187798961997,0.0059096189215779305,0.010698119178414345,0.017791001126170158,2.852682235515744,2
distill:fred-econ,BAMLH0A0HYM2,TimesFM-laplace-qd,762,-0.0037664827954769775,-0.00086777133401483297,-0.0013838994782418013,-0.016952630132436752,-0.010815788991749287,-0.0064971642568707466,-0.0029141497798264027,0.001063515548594296,0.00444842129945755,0.008464394137263298,0.014077617786824703,3.2423419327372356,2
distill:fred-econ,BAMLH0A0HYM2,Laplace-q-fixed-bandwidth,763,0.022388994893478786,-0.0013200677709449865,-0.018020221612620908,-0.010594736408202386,-0.0063856072999589116,-0.003130457074259377,-0.00015011490634825433,9.0889360209492459e-05,0.0030456248946859549,0.0073197569930130157,0.014976626005482725,1.5186796024993239,2
distill:fred-econ,BAMLH0A0HYM2,TimesFM-zero-shot,763,0.022388994893478786,-0.0027972969692200422,-0.0031061682384461164,-0.023218266665935516,-0.015659788623452187,-0.010583981871604919,-0.0065674642100930214,0.00092016177950426936,0.0048275110311806202,0.0095378635451197624,0.016466826200485229,1.8651067888660777,2
distill:fred-econ,BAMLH0A0HYM2,TimesFM-laplace-qd,763,0.022388994893478786,-0.0020009917207062244,-0.0023390140850096941,-0.017126016318798065,-0.011307621374726295,-0.0072127771563827991,-0.0038189289625734091,-0.00028719726833514869,0.0030023278668522835,0.0068391715176403522,0.01213888730853796,1.3724081921689764,2
distill:fred-econ,BAMLH0A0HYM2,Laplace-q-fixed-bandwidth,764,0.018282044837448885,-3.2996901373722028e-05,-0.017902911711054008,-0.010024760181775012,-0.0054271419698788846,-0.0018943784679311942,-1.3456270282345307e-05,0.0014090377360657064,0.0049644151828399765,0.0096330475582874046,0.017733273962780217,2.0193284954996371,2
distill:fred-econ,BAMLH0A0HYM2,TimesFM-zero-shot,764,0.018282044837448885,-0.0007846714579500258,-0.0008064302965067327,-0.021840289235115051,-0.014170210808515549,-0.0090142982080578804,-0.0047937748022377491,0.0032037531491369009,0.0074025196954607964,0.012613099999725819,0.020266268402338028,2.3723835192050045,2
distill:fred-econ,BAMLH0A0HYM2,TimesFM-laplace-qd,764,0.018282044837448885,-0.00093807128723710775,-0.00015501689631491899,-0.017536841332912445,-0.01133780088275671,-0.0069308415986597538,-0.0031605588737875223,0.0011392160085961223,0.0049585150554776192,0.0095885880291461945,0.015920061618089676,2.1585343105885335,2
distill:fred-econ,BAMLH0A0HYM2,Laplace-q-fixed-bandwidth,765,0.0072202479734870817,0.00055488511787983759,-0.017960968971635322,-0.0099111914083776596,-0.0050950232286007657,-0.001398465619977645,2.3465194646037793e-05,0.0022153566148327883,0.0059361602686719278,0.010825491479779199,0.019087596729267665,3.156798595097027,2
distill:fred-econ,BAMLH0A0HYM2,TimesFM-zero-shot,765,0.0072202479734870817,0.00050976104103028774,0.00011348308180458844,-0.022251205518841743,-0.014049747958779335,-0.0084171751514077187,-0.0038201909046620131,0.0048214113339781761,0.0093484148383140564,0.014797037467360497,0.022689012810587883,2.7391290525055738,2
distill:fred-econ,BAMLH0A0HYM2,TimesFM-laplace-qd,765,0.0072202479734870817,0.00037354190135374665,-9.7915049991570413e-05,-0.018580291420221329,-0.011525291018188,-0.0062818257138133049,-0.0018871533684432507,0.002692479407414794,0.0070381509140133858,0.012063156813383102,0.018852774053812027,2.9521562495600047,2
distill:fred-econ,BAMLH0A0HYM2,Laplace-q-fixed-bandwidth,766,0.017825783952600815,0.00086523072828963903,-0.017165336641256475,-0.0092839792060842273,-0.0046293076623369882,-0.0010662637088728027,4.8160763148214123e-05,0.002565046363288746,0.0061516889445562073,0.010878080085531077,0.01897352845486093,2.1674875405582146,2
distill:fred-econ,BAMLH0A0HYM2,TimesFM-zero-shot,766,0.017825783952600815,0.0023121447302401066,0.0020493981428444386,-0.0188911072909832,-0.011167483404278755,-0.0059032910503447056,-0.0016682853456586599,0.0062319072894752026,0.010444436222314835,0.015575137920677662,0.023141827434301376,2.5673267013646344,2
distill:fred-econ,BAMLH0A0HYM2,TimesFM-laplace-qd,766,0.017825783952600815,0.001999951433390379,0.0014208146603778005,-0.015394521877169609,-0.0088236266747117043,-0.0040578632615506649,-0.00011006856948370114,0.004120965488255024,0.0080687049776315689,0.012731107883155346,0.019181238487362862,2.4527876167511771,2
distill:fred-econ,BAMLH0A0HYM2,Laplace-q-fixed-bandwidth,767,-0.010657294473988221,0.0019228167205152925,-0.017674074056677473,-0.0097730616901175009,-0.004980103292986985,-0.0014048883074637688,0.0017379646904498894,0.0048885871938449729,0.0084928377071324546,0.013360729823737049,0.021458928170847491,2.7518147328812699,2
distill:fred-econ,BAMLH0A0HYM2,TimesFM-zero-shot,767,-0.010657294473988221,0.0033843682613223791,0.0028673058841377497,-0.018708763644099236,-0.010637731291353703,-0.0051383133977651596,-0.00074752658838406205,0.0074664209969341755,0.011802137829363346,0.016953136771917343,0.024420799687504768,2.9749909731860571,2
distill:fred-econ,BAMLH0A0HYM2,TimesFM-laplace-qd,767,-0.010657294473988221,0.0032167313620448112,0.0025251428596675396,-0.014319690875709057,-0.0076550077646970749,-0.0028541574720293283,0.0010954429162666202,0.0053066168911755085,0.0092030772939324379,0.013687034137547016,0.019779274240136147,2.5828495947114645,2
distill:fred-econ,BAMLH0A0HYM2,Laplace-q-fixed-bandwidth,768,-0.01801850550267825,0.00089316133823031199,-0.018700511604238586,-0.010838435213990166,-0.0060349565593795021,-0.0024454103316716735,0.00071013332997023034,0.0038734845888099864,0.007492109584193685,0.012369835564064589,0.020425409372814514,2.1651821006347367,2
distill:fred-econ,BAMLH0A0HYM2,TimesFM-zero-shot,768,-0.01801850550267825,0.0011325874365866184,0.00033399465610273182,-0.021107768639922142,-0.012898287735879421,-0.0073836641386151314,-0.0029915240593254566,0.005160533357411623,0.0094067547470331192,0.014481810852885246,0.021770766004920006,1.9943106771079511,2
distill:fred-econ,BAMLH0A0HYM2,TimesFM-laplace-qd,768,-0.01801850550267825,0.0016241999110206962,0.00012685134424827993,-0.01623997651040554,-0.0093188118189573288,-0.0044889096170663834,-0.0005416040075942874,0.0037226658314466476,0.0074449912644922733,0.011751928366720676,0.017521185800433159,1.0167105650246961,2
distill:fred-econ,BAMLH0A0HYM2,Laplace-q-fixed-bandwidth,769,-0.0036429912785009844,0.0001010307271304668,-0.020030530508887555,-0.012096732731336759,-0.0071235862057096415,-0.0033770122235033135,-8.1098989953112176e-05,0.0032229700252974685,0.0069995032042377524,0.012046096490122194,0.020166363781783214,3.4054142522946496,2
distill:fred-econ,BAMLH0A0HYM2,TimesFM-zero-shot,769,-0.0036429912785009844,0.00059352186508476734,0.00027341573149897158,-0.022046109661459923,-0.013894013129174709,-0.0082719065248966217,-0.0036770100705325603,0.0048723071813583374,0.0093148862943053246,0.014667553827166557,0.02233787439763546,2.7397406706548182,2
distill:fred-econ,BAMLH0A0HYM2,TimesFM-laplace-qd,769,-0.0036429912785009844,0.00052594119915738702,6.0515609220601618e-05,-0.018166514113545418,-0.011167365126311779,-0.0060433181934058666,-0.0017226239433512092,0.0027863001450896263,0.0069843251258134842,0.011850766837596893,0.01833893358707428,3.0885389619695287,2
distill:fred-econ,BAMLH0A0HYM2,Laplace-q-fixed-bandwidth,770,0.0036429912785009844,0.00015648939667750237,-0.019272225436344388,-0.011484100786947823,-0.006718770591337739,-0.0031562112217654722,-2.4268175367629996e-05,0.0031154170655240346,0.0067067908397350166,0.011545532323002664,0.019524598584404026,3.4364867742716205,2
distill:fred-econ,BAMLH0A0HYM2,TimesFM-zero-shot,770,0.0036429912785009844,0.00019139901269227266,-0.0003306356375105679,-0.021865351125597954,-0.013679723255336285,-0.0082019409164786339,-0.0038301977328956127,0.0041525531560182571,0.0083315176889300346,0.013337562792003155,0.020578103139996529,2.8299760108414387,2
distill:fred-econ,BAMLH0A0HYM2,TimesFM-laplace-qd,770,0.0036429912785009844,0.00022972709848545492,-0.00040699203964322805,-0.017494695261120796,-0.010667565278708935,-0.0058762789703905582,-0.0018987790681421757,0.0022463651839643717,0.0059798029251396656,0.010327866300940514,0.016222808510065079,3.1541418603466616,2
distill:fred-econ,BAMLH0A0HYM2,Laplace-q-fixed-bandwidth,771,-0.0036429912785009844,0.00032876181560575254,-0.018385820116999206,-0.010763770639079989,-0.0062126438714747625,-0.0028275267551479762,0.0001495054437428529,0.0031338361064671811,0.0065463998913291785,0.011170030974008243,0.018988048842857444,3.4764671475923592,2
distill:fred-econ,BAMLH0A0HYM2,TimesFM-zero-shot,771,-0.0036429912785009844,-0.00078526267316192389,-0.0013951496221125126,-0.021507911384105682,-0.013775288127362728,-0.0085959788411855698,-0.0045151715166866779,0.0029654074460268021,0.0068913949653506279,0.011605320498347282,0.018432736396789551,2.8596243053448362,2
distill:fred-econ,BAMLH0A0HYM2,TimesFM-laplace-qd,771,-0.0036429912785009844,-0.00077881885226815939,-0.0013420057948678732,-0.017851918935775757,-0.011309945024549961,-0.0066358251497149467,-0.0028394965920597315,0.0011514539364725351,0.0047720205038785934,0.009013068862259388,0.014709482900798321,3.1989003920443215,2
distill:fred-econ,BAMLH0A0HYM2,Laplace-q-fixed-bandwidth,772,-0.0073260400920729385,-4.9356891269354867e-06,-0.016339779365919422,-0.0088712376902637703,-0.0045113161438160455,-0.0036111219547951246,-0.0014976327556687728,0.0016496336003039686,0.0050398240149907604,0.0094660794021487124,0.017145816809362429,3.447076532748091,2
distill:fred-econ,BAMLH0A0HYM2,TimesFM-zero-shot,772,-0.0073260400920729385,-0.0011459480738267303,-0.0016568698920309544,-0.020584465935826302,-0.013367992825806141,-0.0085010286420583725,-0.0046996059827506542,0.0023629846982657909,0.006146702915430069,0.010683442465960979,0.017460200935602188,3.0566920309198209,2
distill:fred-econ,BAMLH0A0HYM2,TimesFM-laplace-qd,772,-0.0073260400920729385,-0.00079215579899027944,-0.001525214989669621,-0.01625046506524086,-0.010322757996618748,-0.0060762166976928711,-0.002623638603836298,0.00096481718355789781,0.0044162464328110218,0.0083711333572864532,0.013913257978856564,3.3774182446466465,2
distill:fred-econ,BAMLH0A0HYM2,Laplace-q-fixed-bandwidth,773,-0.018553407895747775,-0.00041763165814573069,-0.016454287034532611,-0.0091488461146134476,-0.0049226838242563947,-0.0036274743714576757,-0.0018350921327515914,0.0012015749854239906,0.0044821846021148408,0.0087731179292353332,0.016290108367639479,1.9069248158583685,2
distill:fred-econ,BAMLH0A0HYM2,TimesFM-zero-shot,773,-0.018553407895747775,-0.0009481385350227356,-0.0012143104104325175,-0.022143833339214325,-0.014444198459386826,-0.0091802636161446571,-0.0049116541631519794,0.0030401411931961775,0.0072354571893811226,0.012281925417482853,0.019642481580376625,2.1580549162979681,2
distill:fred-econ,BAMLH0A0HYM2,TimesFM-laplace-qd,773,-0.018553407895747775,-0.00068765587639063597,-0.00095015671104192734,-0.017490111291408539,-0.011191653087735176,-0.006582330446690321,-0.0027065805625170469,0.0012715959455817938,0.0050849886611104012,0.0094930902123451233,0.015528654679656029,1.1584011238662191,2
distill:fred-econ,BAMLH0A0HYM2,Laplace-q-fixed-bandwidth,774,0.011173300598125269,-0.0015539007133955837,-0.018485535393342859,-0.010974472596728686,-0.0065211453340204509,-0.0037063239796442768,-0.0031064615205400633,7.0182791731833157e-05,0.0035181323561756747,0.008039006071282162,0.01575241661920947,2.5508558427858707,2
distill:fred-econ,BAMLH0A0HYM2,TimesFM-zero-shot,774,0.011173300598125269,-0.0020960662513971329,-0.0024275926407426596,-0.023126358166337013,-0.015387316234409809,-0.01015901193022728,-0.0059829046949744225,0.0017127866158261895,0.005747359711676836,0.010605782270431519,0.017725346609950066,2.694553892117149,2
distill:fred-econ,BAMLH0A0HYM2,TimesFM-laplace-qd,774,0.011173300598125269,-0.0018537396099418402,-0.0021885058376938105,-0.018652601167559624,-0.012287883087992668,-0.0076933656819164753,-0.0038738003931939602,5.4490548791363835e-05,0.003763219341635704,0.0080642970278859138,0.013966390863060951,2.6727144663501647,2
distill:fred-econ,BAMLH0A0HYM2,Laplace-q-fixed-bandwidth,775,0,-0.00031726617331808728,-0.017340331810118237,-0.0098149741532502187,-0.0053016466667502489,-0.0036312538439483631,-0.0016824316869172139,0.0015227317962427296,0.005013590583128889,0.0095948354621658641,0.017316835523003199,3.6850519093766732,2
distill:fred-econ,BAMLH0A0HYM2,TimesFM-zero-shot,775,0,-0.00079895887756720185,-0.0012312880717217922,-0.023297281935811043,-0.015139308758080006,-0.0095754610374569893,-0.0050113205797970295,0.0033702543005347252,0.007744369562715292,0.012964393943548203,0.020459040999412537,2.76370449004839,2
distill:fred-econ,BAMLH0A0HYM2,TimesFM-laplace-qd,775,0,-0.00091887719463557005,-0.0012491485103964806,-0.019538905471563339,-0.01253784354776144,-0.0074901827611029148,-0.0032068779692053795,0.0011828204151242971,0.0052524637430906296,0.0099448468536138535,0.016226688399910927,3.0951267981844239,2
distill:fred-econ,BAMLH0A0HYM2,Laplace-q-fixed-bandwidth,776,-0.0037105793965357403,-0.00058758087377403575,-0.015732959557081198,-0.0084362913567732276,-0.0041185075983966226,-0.0035407423586064756,-0.00031476395624363822,7.4112292497533475e-05,0.0030776943902060452,0.0074552561649980755,0.014962439223547334,3.8905511131959303,2
distill:fred-econ,BAMLH0A0HYM2,TimesFM-zero-shot,776,-0.0037105793965357403,-0.00049719889648258686,-0.00087022513616830111,-0.021314816549420357,-0.013649924658238888,-0.0085004530847072601,-0.0043213297612965107,0.003285145852714777,0.0072500118985772133,0.012063990347087383,0.019051913172006607,2.8422352508898197,2
distill:fred-econ,BAMLH0A0HYM2,TimesFM-laplace-qd,776,-0.0037105793965357403,-0.00051012804033234715,-0.00089869525982066989,-0.017618300393223763,-0.011117275804281235,-0.0064815222285687923,-0.002564914058893919,0.001420013140887022,0.0051321424543857574,0.0094805434346199036,0.015371646732091904,3.1875368780636304,2
distill:fred-econ,BAMLH0A0HYM2,Laplace-q-fixed-bandwidth,777,0,-0.00080199602842936642,-0.016674541317104621,-0.0096601080762266645,-0.0056372173729393339,-0.002540108101086232,-7.1459271930722739e-05,0.00039044466198615463,0.0035069626605359174,0.0075918473250354401,0.014813843761023082,3.9865629315930837,2
distill:fred-econ,BAMLH0A0HYM2,TimesFM-zero-shot,777,0,-0.00098374346271157265,-0.0014017382636666298,-0.021368727087974548,-0.013775916770100594,-0.0087222494184970856,-0.0046839034184813499,0.0026892854366451502,0.0065201269462704659,0.01112262811511755,0.017862245440483093,2.8974094710185203,2
distill:fred-econ,BAMLH0A0HYM2,TimesFM-laplace-qd,777,0,-0.00087639153935015202,-0.0011564916931092739,-0.017085295170545578,-0.010832938365638256,-0.0064515061676502228,-0.002791861305013299,0.00096164422575384378,0.0044464822858572006,0.0084848450496792793,0.014025979675352573,3.2509530371131028,2
distill:fred-econ,BAMLH0A0HYM2,Laplace-q-fixed-bandwidth,778,0.011090686694158247,-0.00070564877695303535,-0.015286495803324552,-0.0086247246025572422,-0.0048291544322541756,-0.0018307957459507143,-4.1246044400532016e-05,9.372462164722511e-05,0.0028125060702919157,0.0066634568479179077,0.013537348989931015,2.4745240790993677,2
distill:fred-econ,BAMLH0A0HYM2,TimesFM-zero-shot,778,0.011090686694158247,-0.0015524912159889936,-0.0017628050409257412,-0.021482354030013084,-0.014104855246841908,-0.0092227282002568245,-0.0052331201732158661,0.002085596788674593,0.0058662849478423595,0.010443249717354774,0.017227776348590851,2.7460063054188977,2
distill:fred-econ,BAMLH0A0HYM2,TimesFM-laplace-qd,778,0.011090686694158247,-0.0012779673561453819,-0.0013637691736221313,-0.016924073919653893,-0.010906335897743702,-0.0067423610016703606,-0.0031732851639389992,0.00045180879533290863,0.0038410720881074667,0.0077699720859527588,0.013230609707534313,2.7183762701149039,2
distill:fred-econ,BAMLH0A0HYM2,Laplace-q-fixed-bandwidth,779,-0.0036832454162963879,0.00019534815433871607,-0.014551157141408038,-0.0077935186118878244,-0.0039253534400454908,-0.00088826308221219997,1.4285286211714629e-06,0.00096036155779393947,0.0040138318989184768,0.0079392015528493322,0.014905132847837224,3.6225672432183664,2
distill:fred-econ,BAMLH0A0HYM2,TimesFM-zero-shot,779,-0.0036832454162963879,0.0001814077259041369,-0.00049605424283072352,-0.020151516422629356,-0.012590198777616024,-0.0075572272762656212,-0.0035155417863279581,0.0037979341577738523,0.0075359535403549671,0.011999045498669147,0.018518231809139252,2.8900889770843823,2
distill:fred-econ,BAMLH0A0HYM2,TimesFM-laplace-qd,779,-0.0036832454162963879,0.0002502875286154449,-0.0006635243771597743,-0.016021395102143288,-0.0097768288105726242,-0.0053638806566596031,-0.0017415016191080213,0.0021172971464693546,0.0055250944569706917,0.0093710264191031456,0.014656188897788525,3.2546390931696698,2
distill:fred-econ,BAMLH0A0HYM2,Laplace-q-fixed-bandwidth,780,0,-0.00027739239744253272,-0.014486303063362519,-0.0080168315682123542,-0.004351571683246392,-0.0014715500397502431,-2.2104402523521422e-05,0.00046252354193077738,0.0033581532356659208,0.0070774658460454401,0.013755181590436913,4.2085164744289116,2
distill:fred-econ,BAMLH0A0HYM2,TimesFM-zero-shot,780,0,-0.0005414302577264607,-0.0013091482687741518,-0.020401975139975548,-0.013012859039008617,-0.0080693941563367844,-0.0041536274366080761,0.002995265182107687,0.0066492585465312004,0.011030864901840687,0.017483072355389595,2.9322130086818783,2
distill:fred-econ,BAMLH0A0HYM2,TimesFM-laplace-qd,780,0,-0.00080808496568351984,-0.0016614472260698676,-0.01677599735558033,-0.010626818984746933,-0.0063070268370211124,-0.0027876622043550014,0.00096131046302616596,0.0043352493084967136,0.0081759113818407059,0.013463946990668774,3.2780488669487444,2
distill:fred-econ,BAMLH0A0HYM2,Laplace-q-fixed-bandwidth,781,0.0073529743052588303,-0.00018756059190597023,-0.013121666388664827,-0.0070674341683030825,-0.003601177373049283,-0.0007971411112259601,-1.3232401564838654e-05,0.00011037072898153352,0.0027746458248597747,0.006288111986912431,0.012546743355067858,2.9222459141589852,2
distill:fred-econ,BAMLH0A0HYM2,TimesFM-zero-shot,781,0.0073529743052588303,0.00017010986630339175,-0.00052898051217198372,-0.018888641148805618,-0.01169106736779213,-0.0070210685953497887,-0.0032760293688625097,0.0035117221996188164,0.0069668218493461609,0.011148510500788689,0.017339928075671196,2.9828676575553814,2
distill:fred-econ,BAMLH0A0HYM2,TimesFM-laplace-qd,781,0.0073529743052588303,0.00017437769565731287,-0.00047773582627996802,-0.01491907425224781,-0.0090362615883350372,-0.0050162062980234623,-0.0016503478400409222,0.0018290949519723654,0.0049882782623171806,0.0086501669138669968,0.013755818828940392,3.1462714975862798,2
distill:fred-econ,BAMLH0A0HYM2,Laplace-q-fixed-bandwidth,782,-0.01476041558312069,0.00042348048829269133,-0.012287493414780564,-0.0063177169479409871,-0.0029097971428492723,-0.00017188483048964035,1.063137125858944e-05,0.00079978347651526852,0.0035577262651940605,0.007012483617759668,0.0131843323752812,2.1559932179436281,2
distill:fred-econ,BAMLH0A0HYM2,TimesFM-zero-shot,782,-0.01476041558312069,0.00060062302509322762,-7.0975656853988767e-05,-0.01830572634935379,-0.011250660754740238,-0.0065532964654266834,-0.0028267698362469673,0.0039830328896641731,0.007491914089769125,0.01167598832398653,0.017924441024661064,2.4101843894457873,2
distill:fred-econ,BAMLH0A0HYM2,TimesFM-laplace-qd,782,-0.01476041558312069,0.0010213524801656604,7.4775940447580069e-05,-0.014141465537250042,-0.0082943970337510109,-0.0041443980298936367,-0.00073363259434700012,0.0027145799249410629,0.0059472951106727123,0.0095759192481637001,0.014627265743911266,1.461360253888659,2
distill:fred-econ,BAMLH0A0HYM2,Laplace-q-fixed-bandwidth,783,0,-0.00085038899924915271,-0.014557096538032405,-0.0082615377816956902,-0.0046674889138852965,-0.0018044105122476807,-4.5005186417857327e-05,6.3130730242583159e-05,0.002295550268023945,0.0059407952584698189,0.012439428378689985,4.3124809129211723,2
distill:fred-econ,BAMLH0A0HYM2,TimesFM-zero-shot,783,0,-0.0010123224928975105,-0.0015667695552110672,-0.020652845501899719,-0.013291275128722191,-0.0084871761500835419,-0.0045780478976666927,0.0024961130693554878,0.0061080111190676689,0.01046894583851099,0.016846047714352608,2.9449694056058675,2
distill:fred-econ,BAMLH0A0HYM2,TimesFM-laplace-qd,783,0,-0.00097999069839715958,-0.0016007358208298683,-0.016921939328312874,-0.01072204951196909,-0.0064752614125609398,-0.0028804028406739235,0.00076611805707216263,0.004096579272300005,0.0079112546518445015,0.013127055019140244,3.2884939818573238,2
distill:fred-econ,BAMLH0A0HYM2,Laplace-q-fixed-bandwidth,784,-0.0037243990909823221,-0.00060057079356675694,-0.013078585477544261,-0.0071878297176966414,-0.003778472782624978,-0.00097975390583309027,-2.5737092021798135e-05,5.4140196863358731e-05,0.0019080584856419917,0.005361997163728021,0.011450634387734419,3.5897137929521379,2
distill:fred-econ,BAMLH0A0HYM2,TimesFM-zero-shot,784,-0.0037243990909823221,-0.00042891586781479418,-0.001002731267362833,-0.018480008468031883,-0.011566712521016598,-0.0072511108592152596,-0.0037171493750065565,0.0027657190803438425,0.006097906269133091,0.010126050561666489,0.016011595726013184,3.0151376192257242,2
distill:fred-econ,BAMLH0A0HYM2,TimesFM-laplace-qd,784,-0.0037243990909823221,-0.0006062369211576879,-0.001204722560942173,-0.015544205904006958,-0.0096432864665985107,-0.0057749319821596146,-0.0024553805124014616,0.0010272681247442961,0.0041399141773581505,0.0077430242672562599,0.012605233117938042,3.3442003563515454,2
distill:fred-econ,BAMLH0A0HYM2,Laplace-q-fixed-bandwidth,785,0.033030525676481792,-0.00085617216283391398,-0.012844777651216242,-0.0072748417336627336,-0.0040506904935007533,-0.001404931445708931,-3.7815035321452885e-05,4.1357366297155779e-05,0.001577568108844951,0.0048434647751271417,0.0106044891068756,-0.48250612481562721,2
distill:fred-econ,BAMLH0A0HYM2,TimesFM-zero-shot,785,0.033030525676481792,-0.000750629638787359,-0.0011145329335704446,-0.018238261342048645,-0.011665249243378639,-0.0074782795272767544,-0.0040187048725783825,0.0024280569050461054,0.0057788966223597527,0.0098886918276548386,0.016078364104032516,0.58385996146991259,2
distill:fred-econ,BAMLH0A0HYM2,TimesFM-laplace-qd,785,0.033030525676481792,-0.00073035305831581354,-0.0012776852818205953,-0.015007368288934231,-0.0094761224463582039,-0.0057163680903613567,-0.002496474189683795,0.0008744408842176199,0.0040021967142820358,0.0076277717016637325,0.012717130593955517,-0.40370347606812856,2
distill:fred-price-return,DCOILWTICO,Laplace-q-fixed-bandwidth,10140,-10.549999999999997,-0.7795563352482745,-8.1913991652169926,-5.486720742458326,-3.6378065411583167,-2.1025415312325881,-0.68935027333461862,0.71992320408930399,2.241472900324454,4.0573248845619432,6.6571593203961719,-4.2196871802762246,2
distill:fred-price-return,DCOILWTICO,TimesFM-zero-shot,10140,-10.549999999999997,1.4384369850158691,1.3042758703231812,-4.7140331268310547,-2.622774600982666,-0.83303892612457275,0.47550719976425171,2.4198873043060303,3.7950928211212158,5.2314600944519043,6.881751537322998,-9.7417894463922234,2
distill:fred-price-return,DCOILWTICO,TimesFM-laplace-qd,10140,-10.549999999999997,1.2288637161254883,0.87942731380462646,-4.3570199012756348,-2.4501864910125732,-0.62547206878662109,0.76192700862884521,1.7321271896362305,3.1992599964141846,4.7178950309753418,6.3303852081298828,-10.661918332602133,2
distill:fred-price-return,DCOILWTICO,Laplace-q-fixed-bandwidth,10141,5.1500000000000057,-2.2685364936932495,-9.9789609651839903,-7.1750320336328031,-5.252321497244159,-3.6513655031857368,-2.1753803930546036,-0.70341178247318847,0.88346724434939405,2.7721493581518049,5.4677341501489725,-3.6270316769518733,2
distill:fred-price-return,DCOILWTICO,TimesFM-zero-shot,10141,5.1500000000000057,-0.15342366695404053,-0.2174246609210968,-7.6221513748168945,-4.7126269340515137,-2.9408841133117676,-1.4768775701522827,0.98255038261413574,2.4659078121185303,4.227447509765625,6.3125472068786621,-3.2075361202588688,2
distill:fred-price-return,DCOILWTICO,TimesFM-laplace-qd,10141,5.1500000000000057,0.22953037917613983,-0.078305035829544067,-7.2619132995605469,-4.3000507354736328,-2.3780500888824463,-0.70562136173248291,0.99818837642669678,2.6094064712524414,4.4908599853515625,6.5457806587219238,-3.196949727384927,2
distill:fred-price-return,DCOILWTICO,Laplace-q-fixed-bandwidth,10142,2.5799999999999983,-1.5052681550457347,-9.3161227211564217,-6.4813334090346899,-4.5340074275046742,-2.909964480688719,-1.4113048163559987,0.083318833043709378,1.6932039602594426,3.6062420923452456,6.3316090208791032,-2.9663370939481259,2
distill:fred-price-return,DCOILWTICO,TimesFM-zero-shot,10142,2.5799999999999983,0.97900974750518799,0.65469884872436523,-5.5670428276062012,-3.290839672088623,-1.4425561428070068,-0.068747401237487793,2.1206800937652588,3.5936191082000732,5.1172561645507812,7.1336393356323242,-2.8780541494309606,2
distill:fred-price-return,DCOILWTICO,TimesFM-laplace-qd,10142,2.5799999999999983,0.99047696590423584,0.55761396884918213,-5.140805721282959,-2.9242465496063232,-1.0444835424423218,0.38861793279647827,1.6850054264068604,3.2446577548980713,4.8851780891418457,6.8683581352233887,-2.7586592832042371,2
distill:fred-price-return,DCOILWTICO,Laplace-q-fixed-bandwidth,10143,1.1200000000000045,-0.94165480626483278,-8.6899178525871505,-5.8773354756727141,-3.9455164924480868,-2.3347067313415044,-0.84842996965294082,0.6338297707980608,2.230550076718254,4.1282578688227565,6.8320578494390851,-2.6913206166367454,2
distill:fred-price-return,DCOILWTICO,TimesFM-zero-shot,10143,1.1200000000000045,0.66554474830627441,0.445220947265625,-5.5144443511962891,-3.3752777576446533,-1.6673426628112793,-0.3601231575012207,1.5974273681640625,2.8596069812774658,4.2379803657531738,6.1519083976745605,-2.7734796095568286,2
distill:fred-price-return,DCOILWTICO,TimesFM-laplace-qd,10143,1.1200000000000045,0.73764312267303467,0.38180047273635864,-4.9310946464538574,-2.98457932472229,-1.211930513381958,0.17227715253829956,1.2175829410552979,2.5972208976745605,4.0442829132080078,5.9590606689453125,-2.5888610358862651,2
distill:fred-price-return,DCOILWTICO,Laplace-q-fixed-bandwidth,10144,4.5099999999999909,-0.64266001291222208,-8.272716456834301,-5.4986165914885419,-3.5958171702677264,-2.0113590812013982,-0.5505774151235987,0.90620500272552684,2.4766477307074481,4.3455779682625835,7.0119615552510162,-3.1590920372283096,2
distill:fred-price-return,DCOILWTICO,TimesFM-zero-shot,10144,4.5099999999999909,0.062527880072593689,-0.14899340271949768,-5.2837934494018555,-3.2296113967895508,-1.9057497978210449,-0.89465111494064331,0.9095492959022522,1.9188494682312012,3.1245241165161133,4.7988357543945312,-3.0670298266545171,2
distill:fred-price-return,DCOILWTICO,TimesFM-laplace-qd,10144,4.5099999999999909,-0.025304466485977173,-0.40504556894302368,-5.3091154098510742,-3.2262246608734131,-1.7716240882873535,-0.61764001846313477,0.48955202102661133,1.6213817596435547,2.9245460033416748,4.6545162200927734,-3.2052212492758825,2
distill:fred-price-return,DCOILWTICO,Laplace-q-fixed-bandwidth,10145,-0.84999999999999432,0.12014996219106587,-7.4955163751602925,-4.7285909280239284,-2.8294979410816659,-1.2472708093933109,0.21190897093060607,1.6671025043763854,3.235355700607931,5.100659792294536,7.7600659125863416,-2.6140529598703881,2
distill:fred-price-return,DCOILWTICO,TimesFM-zero-shot,10145,-0.84999999999999432,1.1678001880645752,1.0134735107421875,-4.0975809097290039,-2.2630147933959961,-0.82702994346618652,0.22977292537689209,2.0440373420715332,3.1175899505615234,4.3867688179016113,6.3742823600769043,-2.4662098338162584,2
distill:fred-price-return,DCOILWTICO,TimesFM-laplace-qd,10145,-0.84999999999999432,1.0400434732437134,0.76218950748443604,-3.8931927680969238,-2.1882424354553223,-0.68358123302459717,0.4465177059173584,1.5687260627746582,2.756711483001709,4.0683927536010742,6.009681224822998,-2.4179735005852629,2
distill:fred-price-return,DCOILWTICO,Laplace-q-fixed-bandwidth,10146,1.4699999999999989,-0.045947459819504717,-7.5320126156888332,-4.8063442965873033,-2.9390110552886135,-1.3860458529208848,0.044627215761279045,1.4713284466832115,3.0103841207746584,4.8441608522170476,7.4634157469413918,-2.6136122044204342,2
distill:fred-price-return,DCOILWTICO,TimesFM-zero-shot,10146,1.4699999999999989,1.4741079807281494,1.2189396619796753,-3.3512365818023682,-1.4193766117095947,-0.24564537405967712,0.65566867589950562,2.2379851341247559,3.0910379886627197,4.1295437812805176,5.6429657936096191,-2.4927738890414206,2
distill:fred-price-return,DCOILWTICO,TimesFM-laplace-qd,10146,1.4699999999999989,1.5342174768447876,1.0516877174377441,-3.5486366748809814,-1.475658655166626,-0.13017374277114868,0.92812526226043701,2.1098155975341797,3.1078696250915527,4.2728376388549805,5.8437371253967285,-2.445133348891197,2
distill:fred-price-return,DCOILWTICO,Laplace-q-fixed-bandwidth,10147,3.5600000000000023,0.16558227576003912,-7.1943795522206173,-4.50845231349461,-2.6720284617309886,-1.1476968309922713,0.25503357858996262,1.6538049420026948,3.1642836010601023,4.9673589512378307,7.5479036388820919,-2.8290738931067354,2
distill:fred-price-return,DCOILWTICO,TimesFM-zero-shot,10147,3.5600000000000023,1.4252076148986816,1.2649368047714233,-2.1385416984558105,-0.77675414085388184,0.11940422654151917,0.77223902940750122,1.9862725734710693,2.6814770698547363,3.5938804149627686,4.9326834678649902,-2.484045610554793,2
distill:fred-price-return,DCOILWTICO,TimesFM-laplace-qd,10147,3.5600000000000023,1.5255391597747803,1.2612359523773193,-2.0669889450073242,-0.67306339740753174,0.32730436325073242,1.0869927406311035,1.8632842302322388,2.6526839733123779,3.6620252132415771,5.0524911880493164,-2.512712281755979,2
distill:fred-price-return,DCOILWTICO,Laplace-q-fixed-bandwidth,10148,7.019999999999996,0.65506315352621813,-6.6274827495855337,-3.9677001887791086,-2.1503989653432072,-0.64295402429377335,0.74370290926095173,2.1264190509140808,3.6200777961694124,5.4042135503055375,7.9593391205416903,-3.4307196096018364,2
distill:fred-price-return,DCOILWTICO,TimesFM-zero-shot,10148,7.019999999999996,1.6424734592437744,1.3989675045013428,-2.865659236907959,-1.1153275966644287,-0.0075338482856750488,0.84225773811340332,2.35858154296875,3.2170844078063965,4.2362866401672363,5.6626310348510742,-3.5153006901317401,2
distill:fred-price-return,DCOILWTICO,TimesFM-laplace-qd,10148,7.019999999999996,1.551166296005249,1.2114725112915039,-2.9709708690643311,-1.1661922931671143,0.061791092157363892,1.0042647123336792,2.0025434494018555,2.9725899696350098,4.0743107795715332,5.5010557174682617,-3.6246835964860793,2
distill:fred-price-return,DCOILWTICO,Laplace-q-fixed-bandwidth,10149,-1.8299999999999983,1.587856982152803,-5.7548834311317698,-3.0788255582269839,-1.2468743355078056,0.27528969954445837,1.676824809051995,3.0744177568958433,4.5827827941632044,6.3814871307507097,8.9523913694682467,-2.8798780299447051,2
distill:fred-price-return,DCOILWTICO,TimesFM-zero-shot,10149,-1.8299999999999983,2.8652615547180176,2.4200491905212402,-1.8786944150924683,-0.0069472789764404297,1.158389687538147,2.057689905166626,3.5966916084289551,4.4384145736694336,5.4395747184753418,6.9062790870666504,-3.9537352010384428,2
distill:fred-price-return,DCOILWTICO,TimesFM-laplace-qd,10149,-1.8299999999999983,2.3683557510375977,1.6461793184280396,-2.3702006340026855,-0.47530770301818848,0.78977614641189575,1.796491265296936,2.912473201751709,3.8756537437438965,4.9699983596801758,6.483482837677002,-3.3299313563131356,2
distill:fred-price-return,DCOILWTICO,Laplace-q-fixed-bandwidth,10150,-3.2600000000000051,1.1495871421596104,-6.1273721845834945,-3.4741557129790195,-1.6584903694633994,-0.15042680559824917,1.2378221603259152,2.62214761721303,4.1164792597571598,5.8990732432052848,8.4477905159852327,-3.0663903630804055,2
distill:fred-price-return,DCOILWTICO,TimesFM-zero-shot,10150,-3.2600000000000051,1.6023566722869873,1.4066555500030518,-3.6294121742248535,-1.6192251443862915,-0.37753385305404663,0.6575092077255249,2.4589438438415527,3.400477409362793,4.6448826789855957,6.3348021507263184,-3.8774770438917594,2
distill:fred-price-return,DCOILWTICO,TimesFM-laplace-qd,10150,-3.2600000000000051,1.4858380556106567,1.214200496673584,-3.6848797798156738,-1.6723617315292358,-0.32529032230377197,0.8261217474937439,2.0539827346801758,3.1143174171447754,4.4310917854309082,6.1174874305725098,-3.7370144647244454,2
distill:fred-price-return,DCOILWTICO,Laplace-q-fixed-bandwidth,10151,4.3800000000000097,0.47053684086194436,-6.782501627918565,-4.139599654202879,-2.3299846770908896,-0.82625708648236662,0.55836059821583417,1.9390706267424165,3.429119109087889,5.2057761161890372,7.7444968735296129,-2.9137960584920295,2
distill:fred-price-return,DCOILWTICO,TimesFM-zero-shot,10151,4.3800000000000097,2.0670366287231445,1.7302237749099731,-4.6435308456420898,-2.0600261688232422,-0.50655192136764526,0.91703325510025024,3.0169467926025391,4.187950611114502,5.637397289276123,7.1936140060424805,-2.7665761486475118,2
distill:fred-price-return,DCOILWTICO,TimesFM-laplace-qd,10151,4.3800000000000097,2.2198410034179688,1.6985889673233032,-4.2623581886291504,-1.6710842847824097,-0.067902594804763794,1.4569095373153687,2.7743473052978516,4.0453906059265137,5.5896749496459961,7.0580940246582031,-2.7010925827948604,2
distill:fred-price-return,DCOILWTICO,Laplace-q-fixed-bandwidth,10152,-4.1000000000000085,1.0355970544338111,-6.1620408321969995,-3.5388940304233181,-1.7430304769607514,-0.25097300273019674,1.122767939020636,2.4926196016569424,3.9710629025720108,5.7341315207306822,8.253674788539179,-3.2194868878291132,2
distill:fred-price-return,DCOILWTICO,TimesFM-zero-shot,10152,-4.1000000000000085,2.4789268970489502,2.1145443916320801,-3.067845344543457,-0.93072950839996338,0.38722118735313416,1.4939106702804565,3.3290846347808838,4.3038439750671387,5.5671119689941406,7.0013580322265625,-5.2285211522960484,2
distill:fred-price-return,DCOILWTICO,TimesFM-laplace-qd,10152,-4.1000000000000085,2.2574725151062012,1.8427881002426147,-3.1671411991119385,-1.0213017463684082,0.37969544529914856,1.5806146860122681,2.8242650032043457,3.8979642391204834,5.2407832145690918,6.6370763778686523,-5.2348770471261794,2
distill:fred-price-return,DCOILWTICO,Laplace-q-fixed-bandwidth,10153,-6.9099999999999966,0.26237795191907987,-6.9477307881389816,-4.3234227720464098,-2.5246619166573296,-1.0286855284095258,0.34945622780511365,1.7237178776105342,3.2061066350142466,4.9721048438690865,7.4927809638174558,-3.6700117346204628,2
distill:fred-price-return,DCOILWTICO,TimesFM-zero-shot,10153,-6.9099999999999966,1.1933287382125854,0.70357120037078857,-5.1990952491760254,-2.7570011615753174,-1.1873483657836914,0.0681132972240448,2.2449979782104492,3.4104545116424561,4.7669868469238281,6.6192221641540527,-5.7169908337983388,2
distill:fred-price-return,DCOILWTICO,TimesFM-laplace-qd,10153,-6.9099999999999966,1.3017812967300415,0.73389679193496704,-4.8212437629699707,-2.4675352573394775,-0.79885303974151611,0.55825626850128174,2.0450694561004639,3.3440806865692139,4.7960362434387207,6.6929006576538086,-6.1670303982590156,2
distill:fred-price-return,DCOILWTICO,Laplace-q-fixed-bandwidth,10154,-0.37000000000000455,-0.83731699787304881,-8.17254643309915,-5.509276947584377,-3.6797633412150255,-2.1552247604700057,-0.74919305621083976,0.65293069390203207,2.1637721843948254,3.960192308284185,6.5184909829531179,-2.5470415084445097,2
distill:fred-price-return,DCOILWTICO,TimesFM-zero-shot,10154,-0.37000000000000455,0.80319070816040039,0.35707175731658936,-6.5361905097961426,-3.8721699714660645,-1.9587491750717163,-0.38103148341178894,1.977745532989502,3.389899730682373,4.9520401954650879,7.0288090705871582,-2.9924625261138229,2
distill:fred-price-return,DCOILWTICO,TimesFM-laplace-qd,10154,-0.37000000000000455,1.1100322008132935,0.63755583763122559,-5.6533236503601074,-3.1919775009155273,-1.2393509149551392,0.37228673696517944,1.8559457063674927,3.3926093578338623,5.0343780517578125,7.0812587738037109,-2.8067778194684951,2
distill:fred-price-return,DCOILWTICO,Laplace-q-fixed-bandwidth,10155,0.49000000000000909,-0.91342713603800663,-8.1175336235650377,-5.4956107972987596,-3.6982219651398558,-2.2034391432297968,-0.82646210269092668,0.54662041688124841,2.0277675641419362,3.7922913319383094,6.3103536169063403,-2.5710751681788824,2
distill:fred-price-return,DCOILWTICO,TimesFM-zero-shot,10155,0.49000000000000909,1.2783851623535156,0.96464675664901733,-5.503852367401123,-3.0861358642578125,-1.3040344715118408,0.11812794208526611,2.3360459804534912,3.6245501041412354,5.166900634765625,7.24090576171875,-2.9038217766503562,2
distill:fred-price-return,DCOILWTICO,TimesFM-laplace-qd,10155,0.49000000000000909,1.4126110076904297,1.0083558559417725,-4.8419175148010254,-2.5345427989959717,-0.74096328020095825,0.7264249324798584,2.0279052257537842,3.3797280788421631,4.9973978996276855,6.9905128479003906,-2.6958447173240048,2
distill:fred-price-return,DCOILWTICO,Laplace-q-fixed-bandwidth,10156,2.6899999999999977,-0.70476581358592938,-7.7860394221689759,-5.2026520291451863,-3.4353851973490785,-1.9685567113404996,-0.61887143600599293,0.72693214095503222,2.1801807633067671,3.9147855470293269,6.3953184470941338,-2.8126377142928476,2
distill:fred-price-return,DCOILWTICO,TimesFM-zero-shot,10156,2.6899999999999977,0.90967839956283569,0.55614936351776123,-4.7785978317260742,-2.4992611408233643,-1.097891092300415,-0.026752173900604248,1.8652284145355225,2.8520894050598145,3.9813969135284424,5.617429256439209,-2.6094070756088197,2
distill:fred-price-return,DCOILWTICO,TimesFM-laplace-qd,10156,2.6899999999999977,1.2087126970291138,0.69734233617782593,-4.4457817077636719,-2.1742963790893555,-0.66899460554122925,0.54441171884536743,1.9433143138885498,3.0900337696075439,4.3709068298339844,6.1182947158813477,-2.5972188184079976,2
distill:fred-price-return,DCOILWTICO,Laplace-q-fixed-bandwidth,10157,4.2199999999999989,-0.20350415371574412,-7.2143273658351976,-4.654913345766742,-2.9050716418856219,-1.4535349747041744,-0.11835366238919059,1.2129643927497562,2.6509877847566035,4.3683450251810765,6.8255875072626111,-3.0102615483703463,2
distill:fred-price-return,DCOILWTICO,TimesFM-zero-shot,10157,4.2199999999999989,0.95385921001434326,0.52619755268096924,-4.3123126029968262,-2.1890702247619629,-0.87200397253036499,0.076925605535507202,1.8225057125091553,2.7174410820007324,3.7178952693939209,5.2361884117126465,-2.7282663835107908,2
distill:fred-price-return,DCOILWTICO,TimesFM-laplace-qd,10157,4.2199999999999989,0.7013317346572876,0.10550476610660553,-4.671661376953125,-2.4996438026428223,-1.0653500556945801,0.043237298727035522,1.3806447982788086,2.4102537631988525,3.5631086826324463,5.1985621452331543,-2.8509274268796378,2
distill:fred-price-return,DCOILWTICO,Laplace-q-fixed-bandwidth,10158,-1.2600000000000051,0.43557932423726053,-6.5478496435306033,-3.9998079606740142,-2.2568658106269046,-0.81046531171087399,0.52029523718807624,1.8472092850341391,3.2801531243899982,4.990736158166948,7.4369703482733831,-2.595364271143354,2
distill:fred-price-return,DCOILWTICO,TimesFM-zero-shot,10158,-1.2600000000000051,1.5329155921936035,1.1571493148803711,-4.9118685722351074,-2.3603453636169434,-0.77136838436126709,0.44876754283905029,2.5181105136871338,3.6476597785949707,5.0367064476013184,6.7166433334350586,-2.6548518736778539,2
distill:fred-price-return,DCOILWTICO,TimesFM-laplace-qd,10158,-1.2600000000000051,1.3051817417144775,0.8118712306022644,-5.0815443992614746,-2.4846055507659912,-0.76451694965362549,0.60167396068572998,1.9141709804534912,3.1599681377410889,4.6706666946411133,6.3099269866943359,-2.6886366642368955,2
distill:fred-price-return,DCOILWTICO,Laplace-q-fixed-bandwidth,10159,0.14000000000000057,0.17153104762711124,-6.7013743704627293,-4.1880556168307068,-2.4722746441189702,-1.0510067169092301,0.25528451417647535,1.5577430788525117,2.9656094218927311,4.6492148766110875,7.0616180840175753,-2.4729762942359517,2
distill:fred-price-return,DCOILWTICO,TimesFM-zero-shot,10159,0.14000000000000057,0.88459479808807373,0.62916553020477295,-5.1144661903381348,-2.8132319450378418,-1.3363839387893677,-0.13426306843757629,1.8261367082595825,2.9073078632354736,4.2028346061706543,5.9702010154724121,-2.7579876598729416,2
distill:fred-price-return,DCOILWTICO,TimesFM-laplace-qd,10159,0.14000000000000057,0.83402109146118164,0.53384137153625488,-5.0033268928527832,-2.766979455947876,-1.1326316595077515,0.20237156748771667,1.3881393671035767,2.5987060070037842,3.9815483093261719,5.6913204193115234,-2.5965262883416447,2
distill:fred-price-return,DCOILWTICO,Laplace-q-fixed-bandwidth,10160,4.3299999999999983,0.14918015776803681,-6.5914308655248774,-4.1177722229642821,-2.4344419770310224,-1.0440130811061579,0.23191566163088173,1.5040194959101481,2.8810805643181916,4.5323815477932143,6.9060298784859313,-2.9573817958156523,2
distill:fred-price-return,DCOILWTICO,TimesFM-zero-shot,10160,4.3299999999999983,0.80692100524902344,0.6270906925201416,-4.5178399085998535,-2.4817445278167725,-1.14194655418396,-0.10890701413154602,1.6731052398681641,2.6508052349090576,3.8140869140625,5.4239006042480469,-2.8280752975502028,2
distill:fred-price-return,DCOILWTICO,TimesFM-laplace-qd,10160,4.3299999999999983,0.89268898963928223,0.68172097206115723,-4.3553838729858398,-2.3495278358459473,-0.86406797170639038,0.29848185181617737,1.467571496963501,2.6079871654510498,3.9283761978149414,5.5769147872924805,-2.880593212602065,2
distill:fred-price-return,DCOILWTICO,Laplace-q-fixed-bandwidth,10161,3.2600000000000051,0.75447056200125084,-5.956274283538443,-3.494899239239952,-1.8190768973830587,-0.43429020052682427,0.83674367380469761,2.103970630266867,3.4754512428508835,5.119384377878557,7.4811601170975521,-2.6365119601738565,2
distill:fred-price-return,DCOILWTICO,TimesFM-zero-shot,10161,3.2600000000000051,1.6185262203216553,1.253610372543335,-3.8454594612121582,-1.7502707242965698,-0.3508564829826355,0.68601244688034058,2.5299668312072754,3.5224857330322266,4.6432313919067383,6.2892217636108398,-2.6013041450978438,2
distill:fred-price-return,DCOILWTICO,TimesFM-laplace-qd,10161,3.2600000000000051,1.3367495536804199,0.76628351211547852,-4.0431056022644043,-1.9949268102645874,-0.44953489303588867,0.71122878789901733,1.9956313371658325,3.1170568466186523,4.3512754440307617,6.0361084938049316,-2.5940401558119697,2
distill:fred-price-return,DCOILWTICO,Laplace-q-fixed-bandwidth,10162,-0.15999999999999659,1.134254435774575,-5.48271228809317,-3.0510154368165483,-1.3983374771973689,-0.034787804419255927,1.2157013097369038,2.4623995181709417,3.8127000033736809,5.433651211637466,7.7664931943617148,-2.5025914264905071,2
distill:fred-price-return,DCOILWTICO,TimesFM-zero-shot,10162,-0.15999999999999659,1.7343926429748535,1.3289300203323364,-3.8760499954223633,-1.8147189617156982,-0.34066691994667053,0.78794270753860474,2.6242525577545166,3.6071963310241699,4.7418184280395508,6.4303359985351562,-2.6095741559953671,2
distill:fred-price-return,DCOILWTICO,TimesFM-laplace-qd,10162,-0.15999999999999659,1.5253808498382568,0.95406007766723633,-3.9321646690368652,-1.9614632129669189,-0.34405419230461121,0.91285514831542969,2.1521434783935547,3.3105134963989258,4.6135478019714355,6.4582633972167969,-2.5724138357618456,2
distill:fred-price-return,DCOILWTICO,Laplace-q-fixed-bandwidth,10163,-10.400000000000006,0.93612500483607453,-5.5625727392319115,-3.166297160831971,-1.5427644109662213,-0.20679327146902654,1.0166723929063806,2.2363589837226607,3.5591214763628978,5.1510582096889506,7.4492473080830424,-4.8374427662447239,2
distill:fred-price-return,DCOILWTICO,TimesFM-zero-shot,10163,-10.400000000000006,1.4724514484405518,1.1905316114425659,-4.4427990913391113,-2.1680483818054199,-0.73665368556976318,0.47827428579330444,2.3558783531188965,3.4082965850830078,4.7766919136047363,6.3014440536499023,-10.313087509931053,2
distill:fred-price-return,DCOILWTICO,TimesFM-laplace-qd,10163,-10.400000000000006,1.3680679798126221,0.95991706848144531,-4.3934483528137207,-2.1515066623687744,-0.56634581089019775,0.78173810243606567,1.8210091590881348,2.9922771453857422,4.462773323059082,5.9119982719421387,-10.983401699599865,2
distill:fred-price-return,DCOILWTICO,Laplace-q-fixed-bandwidth,10164,-1.4899999999999949,-0.76945500547839596,-7.7729430696528121,-5.2064394149979742,-3.457421367428311,-2.0113716605050653,-0.68377545849326626,0.63983384375293473,2.0719511597676092,3.787588384967532,6.2498957493184584,-2.5124897771767136,2
distill:fred-price-return,DCOILWTICO,TimesFM-zero-shot,10164,-1.4899999999999949,1.4396307468414307,0.81685185432434082,-5.9672074317932129,-3.3912012577056885,-1.3731462955474854,0.20853292942047119,2.6173896789550781,4.0282382965087891,5.6784605979919434,7.835233211517334,-2.8707572631181306,2
distill:fred-price-return,DCOILWTICO,TimesFM-laplace-qd,10164,-1.4899999999999949,1.5175731182098389,0.72175908088684082,-5.2222990989685059,-2.7991735935211182,-0.76898282766342163,0.84752124547958374,2.1752502918243408,3.6381356716156006,5.3064508438110352,7.3164706230163574,-2.8059164971826314,2
distill:fred-price-return,DCOILWTICO,Laplace-q-fixed-bandwidth,10165,0.14999999999999147,-1.3414871410489297,-8.2119450245838017,-5.6850196618628868,-3.9686895743478177,-2.553767904943812,-1.2568033397570089,0.03618335858668735,1.4372071885439213,3.1202934560935081,5.5438945862238249,-2.5281403421348596,2
distill:fred-price-return,DCOILWTICO,TimesFM-zero-shot,10165,0.14999999999999147,1.1248358488082886,0.67561221122741699,-5.888310432434082,-3.2807660102844238,-1.4935485124588013,-0.060697019100189209,2.2531771659851074,3.5586721897125244,5.1374430656433105,7.1565546989440918,-2.9349264931387515,2
distill:fred-price-return,DCOILWTICO,TimesFM-laplace-qd,10165,0.14999999999999147,1.1662129163742065,0.59759032726287842,-5.3694024085998535,-2.9169790744781494,-1.0777128934860229,0.43305191397666931,1.8348021507263184,3.2120344638824463,4.8511233329772949,6.8253302574157715,-2.7429160667013237,2
distill:fred-price-return,DCOILWTICO,Laplace-q-fixed-bandwidth,10166,-2.7199999999999989,-1.1172388744416732,-7.8614043201002417,-5.3719124093740138,-3.6867132300527823,-2.3013955153059413,-1.0334857129327752,0.23045795442869008,1.6019165349792561,3.2539973033812699,5.640950557365203,-2.5496494461406805,2
distill:fred-price-return,DCOILWTICO,TimesFM-zero-shot,10166,-2.7199999999999989,0.64177072048187256,0.29690957069396973,-5.7977995872497559,-3.5799465179443359,-1.8195555210113525,-0.44053360819816589,1.7429105043411255,3.1037793159484863,4.6800222396850586,6.7501707077026367,-2.6321630855790605,2
distill:fred-price-return,DCOILWTICO,TimesFM-laplace-qd,10166,-2.7199999999999989,0.59687244892120361,0.14195454120635986,-5.1958823204040527,-3.1164991855621338,-1.3206148147583008,0.096869006752967834,1.1370507478713989,2.5702540874481201,4.1820783615112305,6.1554141044616699,-2.7149154256726842,2
distill:fred-price-return,DCOILWTICO,Laplace-q-fixed-bandwidth,10167,-5.2800000000000011,-1.3487816572470508,-7.9746389220205423,-5.5203077721297618,-3.8643769234237064,-2.50674901586068,-1.2659011734127235,-0.029004318468489807,1.3148108100540599,2.9377465047912263,5.2902544078536682,-2.9627665855905181,2
distill:fred-price-return,DCOILWTICO,TimesFM-zero-shot,10167,-5.2800000000000011,0.2444019615650177,0.095062553882598877,-6.8091034889221191,-4.176447868347168,-2.4030327796936035,-0.93728792667388916,1.353177547454834,2.6616263389587402,4.259190559387207,6.1687808036804199,-3.4099654226598073,2
distill:fred-price-return,DCOILWTICO,TimesFM-laplace-qd,10167,-5.2800000000000011,0.34585446119308472,0.14678493142127991,-6.0369067192077637,-3.6391372680664062,-1.7862269878387451,-0.24979278445243835,0.89374363422393799,2.2797799110412598,3.8955841064453125,5.6911430358886719,-3.7989876617874194,2
distill:fred-price-return,DCOILWTICO,Laplace-q-fixed-bandwidth,10168,0.30000000000001137,-1.9593376953712545,-8.5590693528014974,-6.1164367134112547,-4.4670822265610655,-3.1140094072471198,-1.8769244395958147,-0.64377097136554728,0.69555795554233324,2.3120779836534462,4.6533396741147284,-2.5847451282955607,2
distill:fred-price-return,DCOILWTICO,TimesFM-zero-shot,10168,0.30000000000001137,-0.30141165852546692,-0.45976343750953674,-7.2280745506286621,-4.6821823120117188,-2.9065616130828857,-1.4652464389801025,0.7885514497756958,2.094933032989502,3.699289083480835,5.6721606254577637,-2.8811756079198525,2
distill:fred-price-return,DCOILWTICO,TimesFM-laplace-qd,10168,0.30000000000001137,0.05425146222114563,-0.24909305572509766,-6.2868938446044922,-3.9303340911865234,-2.076643705368042,-0.54811227321624756,0.55123424530029297,1.9498981237411499,3.5877950191497803,5.4413700103759766,-2.6491193882456283,2
distill:fred-price-return,DCOILWTICO,Laplace-q-fixed-bandwidth,10169,-1.4900000000000091,-1.756532432906291,-8.2508284291333318,-5.8400895229431402,-4.2169050991642116,-2.8882816801501017,-1.6749299822363457,-0.46549121706325902,0.8494450401291711,2.439929164521438,4.7499655581121374,-2.4022408505874511,2
distill:fred-price-return,DCOILWTICO,TimesFM-zero-shot,10169,-1.4900000000000091,0.12824095785617828,-0.087087243795394897,-6.5210647583007812,-4.0047698020935059,-2.3581531047821045,-1.0333414077758789,1.1916459798812866,2.4591705799102783,3.9888460636138916,5.8167552947998047,-2.8505351027463535,2
distill:fred-price-return,DCOILWTICO,TimesFM-laplace-qd,10169,-1.4900000000000091,0.19352537393569946,-0.028497308492660522,-5.8088822364807129,-3.5668041706085205,-1.8266397714614868,-0.40800336003303528,0.69740647077560425,2.0648429393768311,3.634831428527832,5.3828411102294922,-2.6201578074354486,2
distill:fred-price-return,DCOILWTICO,Laplace-q-fixed-bandwidth,10170,4.7999999999999972,-1.7074519792644114,-8.0588099488247025,-5.6880268246572694,-4.1003932400064365,-2.8062051155495347,-1.6267102530762378,-0.45111249642698448,0.82942447450287304,2.3844186441272619,4.6550724270939963,-3.5661614582093311,2
distill:fred-price-return,DCOILWTICO,TimesFM-zero-shot,10170,4.7999999999999972,-0.20560714602470398,-0.43599981069564819,-6.5609121322631836,-4.3105182647705078,-2.6291966438293457,-1.2847867012023926,0.85533767938613892,2.1550354957580566,3.6430425643920898,5.6879177093505859,-3.1637760495038769,2
distill:fred-price-return,DCOILWTICO,TimesFM-laplace-qd,10170,4.7999999999999972,-0.12725338339805603,-0.3339114785194397,-5.9171566963195801,-3.8300771713256836,-2.0990171432495117,-0.67906427383422852,0.38930407166481018,1.7994145154953003,3.394676685333252,5.3418521881103516,-3.2793956470647432,2
distill:fred-price-return,DCOILWTICO,Laplace-q-fixed-bandwidth,10171,1.5100000000000051,-0.74721085663857412,-7.2191481269937281,-4.8165359780861134,-3.198821896860669,-1.8748603538988893,-0.66588260257157161,0.53917767532437155,1.84943739900024,3.4344266437417588,5.7363577175961211,-2.570198662743346,2
distill:fred-price-return,DCOILWTICO,TimesFM-zero-shot,10171,1.5100000000000051,0.60505807399749756,0.18019592761993408,-5.5705337524414062,-3.1575126647949219,-1.6638185977935791,-0.45734965801239014,1.59389328956604,2.6864166259765625,3.9839069843292236,5.6341304779052734,-2.7132942544633609,2
distill:fred-price-return,DCOILWTICO,TimesFM-laplace-qd,10171,1.5100000000000051,0.43263447284698486,0.031319260597229004,-5.3294792175292969,-3.0165772438049316,-1.4852349758148193,-0.21382802724838257,0.95320528745651245,2.1139163970947266,3.4829950332641602,5.0156564712524414,-2.5484503548627986,2
distill:fred-price-return,DCOILWTICO,Laplace-q-fixed-bandwidth,10172,2.2900000000000063,-0.47932472813942323,-6.8468570362507482,-4.4756560282942939,-2.8839329810569101,-1.5842420747673582,-0.39878036353323476,0.78278446879722985,2.0688343642650917,3.6279631915414283,5.899111965396088,-2.6490716596992607,2
distill:fred-price-return,DCOILWTICO,TimesFM-zero-shot,10172,2.2900000000000063,0.56779325008392334,0.53198486566543579,-5.756476879119873,-3.3718812465667725,-1.8088297843933105,-0.54282939434051514,1.6018468141555786,2.8475041389465332,4.3648562431335449,6.1068005561828613,-2.8160414551320274,2
distill:fred-price-return,DCOILWTICO,TimesFM-laplace-qd,10172,2.2900000000000063,0.37912982702255249,0.3093096911907196,-5.4792189598083496,-3.230830192565918,-1.5871766805648804,-0.2190416157245636,0.87840712070465088,2.2186312675476074,3.7888097763061523,5.4500241279602051,-2.6928956560084867,2
distill:fred-price-return,DCOILWTICO,Laplace-q-fixed-bandwidth,10173,-2.9300000000000068,-0.086006950624829562,-6.3695140210725043,-4.0248101075227858,-2.454072348451942,-1.1734271436188126,-0.0061746170424688933,1.1572041671694175,2.4242801074366858,3.9625765225281935,6.2078288675911395,-2.7096057119204628,2
distill:fred-price-return,DCOILWTICO,TimesFM-zero-shot,10173,-2.9300000000000068,1.1367470026016235,0.83745121955871582,-4.6141824722290039,-2.3715906143188477,-0.98293554782867432,0.13641732931137085,2.0136973857879639,3.0610742568969727,4.3185138702392578,5.8146352767944336,-2.8654487825214741,2
distill:fred-price-return,DCOILWTICO,TimesFM-laplace-qd,10173,-2.9300000000000068,0.99523460865020752,0.60992366075515747,-4.3213515281677246,-2.1639595031738281,-0.7725602388381958,0.39745396375656128,1.4263427257537842,2.5197758674621582,3.8118185997009277,5.1584205627441406,-2.990943309318709,2
distill:fred-price-return,DCOILWTICO,Laplace-q-fixed-bandwidth,10174,-2.5100000000000051,-0.51897005885866598,-6.7341798812309435,-4.4121102794001796,-2.8584579233214846,-1.5928570776014017,-0.43979154599260306,0.7094237555534515,1.9615311007976111,3.482907312106549,5.7061056629497138,-2.5392010769874309,2
distill:fred-price-return,DCOILWTICO,TimesFM-zero-shot,10174,-2.5100000000000051,0.19379116594791412,0.1016627699136734,-5.362790584564209,-3.3687212467193604,-1.9389736652374268,-0.7850029468536377,1.166150689125061,2.2821569442749023,3.6548962593078613,5.3691458702087402,-2.4173135484627126,2
distill:fred-price-return,DCOILWTICO,TimesFM-laplace-qd,10174,-2.5100000000000051,0.22255407273769379,0.13547192513942719,-4.908811092376709,-3.0677070617675781,-1.5679534673690796,-0.31579476594924927,0.70691609382629395,1.9183721542358398,3.3694233894348145,5.0237832069396973,-2.4447724615390705,2
distill:fred-price-return,DCOILWTICO,Laplace-q-fixed-bandwidth,10175,0.68000000000000682,-0.83841305040305192,-6.9512834421777097,-4.659836123396742,-3.1318308992505672,-1.8900665914885411,-0.7599758282204494,0.36629009710890914,1.5946334012628502,3.090494440043535,5.2836278158453371,-2.4193394149429883,2
distill:fred-price-return,DCOILWTICO,TimesFM-zero-shot,10175,0.68000000000000682,-0.37153440713882446,-0.6207776665687561,-5.5250768661499023,-3.6264238357543945,-2.3315167427062988,-1.3027920722961426,0.54269838333129883,1.5116300582885742,2.6615943908691406,4.3435888290405273,-2.6074981642755617,2
distill:fred-price-return,DCOILWTICO,TimesFM-laplace-qd,10175,0.68000000000000682,-0.25585317611694336,-0.52637100219726562,-5.0822458267211914,-3.3718018531799316,-1.9819281101226807,-0.87573927640914917,0.30547207593917847,1.3502664566040039,2.5268425941467285,4.1512207984924316,-2.4759808295468932,2
distill:fred-price-return,DCOILWTICO,Laplace-q-fixed-bandwidth,10176,-3.0999999999999943,-0.63871860528049595,-6.625991336465157,-4.3702280545363532,-2.8738525109318673,-1.6620704375391289,-0.56104297572047301,0.53618884260933575,1.7346249879166726,3.1989562321603886,5.3568649441366656,-2.6068367825523611,2
distill:fred-price-return,DCOILWTICO,TimesFM-zero-shot,10176,-3.0999999999999943,0.084888085722923279,-0.22128701210021973,-4.8383922576904297,-2.9060370922088623,-1.7544784545898438,-0.79089546203613281,0.91111260652542114,1.8216292858123779,2.917771577835083,4.3488602638244629,-2.5110830236154196,2
distill:fred-price-return,DCOILWTICO,TimesFM-laplace-qd,10176,-3.0999999999999943,0.098550140857696533,-0.26228553056716919,-4.6108102798461914,-2.7154734134674072,-1.5362459421157837,-0.50173103809356689,0.56652045249938965,1.5454798936843872,2.7118663787841797,4.0421109199523926,-2.6328172433035548,2
distill:fred-price-return,DCOILWTICO,Laplace-q-fixed-bandwidth,10177,1.7800000000000011,-1.0112527409663423,-6.9181002360146708,-4.6878057685019394,-3.2117134567189529,-2.0180902886251939,-0.93424554229464218,0.14583261141290399,1.3261981023892457,2.7704112151941649,4.9033865636824023,-2.6204564562734411,2
distill:fred-price-return,DCOILWTICO,TimesFM-zero-shot,10177,1.7800000000000011,-0.29001465439796448,-0.43843457102775574,-5.2303376197814941,-3.3581497669219971,-2.1317234039306641,-1.1680647134780884,0.6168372631072998,1.5265156030654907,2.6044940948486328,4.19287109375,-2.5902046551138938,2
distill:fred-price-return,DCOILWTICO,TimesFM-laplace-qd,10177,1.7800000000000011,-0.27009245753288269,-0.47655460238456726,-5.0470719337463379,-3.260211706161499,-1.9184262752532959,-0.84765052795410156,0.34138554334640503,1.3383404016494751,2.4643070697784424,4.0441546440124512,-2.5530142353879786,2
distill:fred-price-return,DCOILWTICO,Laplace-q-fixed-bandwidth,10178,-2.1000000000000085,-0.64137389396054245,-6.4739278014858535,-4.267643071214664,-2.8103048156446855,-1.6332615356827693,-0.56501514037097433,0.49949375926633133,1.6633694103480061,3.0890009445879065,5.1985022277630328,-2.4019586409406921,2
distill:fred-price-return,DCOILWTICO,TimesFM-zero-shot,10178,-2.1000000000000085,0.09446561336517334,-0.21248427033424377,-4.216362476348877,-2.5294904708862305,-1.4742892980575562,-0.65567696094512939,0.80916750431060791,1.5438624620437622,2.4260716438293457,3.7168130874633789,-2.247339866102334,2
distill:fred-price-return,DCOILWTICO,TimesFM-laplace-qd,10178,-2.1000000000000085,0.012495756149291992,-0.35606718063354492,-4.1235084533691406,-2.4923095703125,-1.3953522443771362,-0.50656384229660034,0.48600596189498901,1.2986495494842529,2.2320024967193604,3.5037169456481934,-2.2776300938246967,2
distill:fred-price-return,DCOILWTICO,Laplace-q-fixed-bandwidth,10179,-2.9599999999999937,-0.87425339475544983,-6.5870233195622614,-4.4151697540901402,-2.9883235645922612,-1.8396617751752393,-0.79861188479318623,0.23873987330766233,1.3743405253922207,2.7696169234726158,4.8450722496632457,-2.5013065677193547,2
distill:fred-price-return,DCOILWTICO,TimesFM-zero-shot,10179,-2.9599999999999937,-0.34153890609741211,-0.62562006711959839,-4.8642992973327637,-3.1017498970031738,-2.0129387378692627,-1.1404159069061279,0.43616107106208801,1.2431029081344604,2.188854455947876,3.5712418556213379,-2.3186197798477792,2
distill:fred-price-return,DCOILWTICO,TimesFM-laplace-qd,10179,-2.9599999999999937,-0.23643830418586731,-0.57992351055145264,-4.6502823829650879,-2.9160411357879639,-1.7755627632141113,-0.82606786489486694,0.30489858984947205,1.189239501953125,2.1748769283294678,3.5435030460357666,-2.4291579077974417,2
distill:fred-price-return,DCOILWTICO,Laplace-q-fixed-bandwidth,10180,-3.9699999999999989,-1.2030115534092052,-6.8221598736597837,-4.6789484041934806,-3.2759637052155388,-2.1487906980689453,-1.1280451107931722,-0.11095976717552417,1.003263400270789,2.3748562657370313,4.4221289093310983,-2.6573494659345642,2
distill:fred-price-return,DCOILWTICO,TimesFM-zero-shot,10180,-3.9699999999999989,-0.58120286464691162,-0.76150107383728027,-5.115391731262207,-3.3457536697387695,-2.2868809700012207,-1.400759220123291,0.18606837093830109,0.99566340446472168,1.9521423578262329,3.3277213573455811,-2.7851177794852671,2
distill:fred-price-return,DCOILWTICO,TimesFM-laplace-qd,10180,-3.9699999999999989,-0.33003345131874084,-0.48667237162590027,-4.7257976531982422,-3.0140867233276367,-1.9181298017501831,-0.96059608459472656,0.19314101338386536,1.0643500089645386,2.0560894012451172,3.4098250865936279,-3.1581159610820424,2
distill:fred-price-return,DCOILWTICO,Laplace-q-fixed-bandwidth,10181,-4.8500000000000085,-1.6568911924638878,-7.2196653313045278,-5.0962283465810323,-3.7074839514539226,-2.5922700345943634,-1.582519781746484,-0.57640184646825887,0.52595417493667773,1.883499573018605,3.9115488161556313,-2.7730478336947568,2
distill:fred-price-return,DCOILWTICO,TimesFM-zero-shot,10181,-4.8500000000000085,-1.04973304271698,-1.2711540460586548,-5.610008716583252,-3.7887933254241943,-2.7102572917938232,-1.8483293056488037,-0.27954274415969849,0.5155029296875,1.4501100778579712,2.7629008293151855,-3.2092859645696885,2
distill:fred-price-return,DCOILWTICO,TimesFM-laplace-qd,10181,-4.8500000000000085,-0.7993241548538208,-0.98610115051269531,-5.1247491836547852,-3.4010274410247803,-2.2995352745056152,-1.3691331148147583,-0.29544046521186829,0.56495654582977295,1.5494269132614136,2.8065202236175537,-3.7245803699445763,2
distill:fred-price-return,DCOILWTICO,Laplace-q-fixed-bandwidth,10182,0.85000000000000853,-2.2301474105435548,-7.7632413996539444,-5.6528165019644145,-4.2713979358241563,-3.1614800927976621,-2.1562892018202451,-1.1547121071790378,-0.057582704893442804,1.2928199579043438,3.3084349005971916,-2.6759750926312815,2
distill:fred-price-return,DCOILWTICO,TimesFM-zero-shot,10182,0.85000000000000853,-1.9690096378326416,-2.1663739681243896,-6.6560831069946289,-4.8151168823242188,-3.7143936157226562,-2.8096039295196533,-1.1835556030273438,-0.33997377753257751,0.65586507320404053,2.0752317905426025,-2.6335989841121084,2
distill:fred-price-return,DCOILWTICO,TimesFM-laplace-qd,10182,0.85000000000000853,-1.6337847709655762,-1.7900397777557373,-6.2054071426391602,-4.3977608680725098,-3.2416040897369385,-2.2538745403289795,-1.1166361570358276,-0.21656575798988342,0.80002593994140625,2.1591722965240479,-2.5768498316040462,2
distill:fred-price-return,DCOILWTICO,Laplace-q-fixed-bandwidth,10183,-0.30000000000001137,-1.9395650198244281,-7.4243654331094904,-5.3316271608069163,-3.9623587942011165,-2.8623982086713093,-1.8662731367481415,-0.87373668892773426,0.21352082025062219,1.5519632572666924,3.5504492632818412,-2.3431303906837764,2
distill:fred-price-return,DCOILWTICO,TimesFM-zero-shot,10183,-0.30000000000001137,-0.57813429832458496,-0.91430521011352539,-5.5225849151611328,-3.6061534881591797,-2.422982931137085,-1.4526115655899048,0.23025181889533997,1.0528432130813599,2.0391571521759033,3.48063063621521,-2.5045350195155938,2
distill:fred-price-return,DCOILWTICO,TimesFM-laplace-qd,10183,-0.30000000000001137,-0.5722118616104126,-0.89239645004272461,-5.2929825782775879,-3.4569222927093506,-2.2510213851928711,-1.211911678314209,-0.05479779839515686,0.82109701633453369,1.8405086994171143,3.2165083885192871,-2.3690075363149008,2
distill:fred-price-return,DCOILWTICO,Laplace-q-fixed-bandwidth,10184,-1.4099999999999966,-1.7105438300455271,-7.0775307162547119,-5.019077481721288,-3.6801072099711205,-2.60782490295259,-1.6379359220449885,-0.67158627105919833,0.3881322449479353,1.6964611703831389,3.6609894672462517,-2.1852613117135578,2
distill:fred-price-return,DCOILWTICO,TimesFM-zero-shot,10184,-1.4099999999999966,-0.50184738636016846,-0.66077637672424316,-4.899165153503418,-3.1744093894958496,-2.1420226097106934,-1.289715051651001,0.23947562277317047,1.0082659721374512,1.9198001623153687,3.2119827270507812,-2.4531730252557971,2
distill:fred-price-return,DCOILWTICO,TimesFM-laplace-qd,10184,-1.4099999999999966,-0.49323761463165283,-0.60645157098770142,-4.5657401084899902,-2.9503293037414551,-1.9188014268875122,-1.024814248085022,-0.040562495589256287,0.7693597674369812,1.7017319202423096,2.9284553527832031,-2.263872945689771,2
distill:fred-price-return,DCOILWTICO,Laplace-q-fixed-bandwidth,10185,-4.3199999999999932,-1.6648123562747521,-6.8813931833534028,-4.8651027857650551,-3.5652334005693103,-2.5288240733167129,-1.5928954552824655,-0.66043782635042247,0.36359781178298445,1.6330411392221631,3.555523006145108,-2.6113788786159553,2
distill:fred-price-return,DCOILWTICO,TimesFM-zero-shot,10185,-4.3199999999999932,-1.0925787687301636,-1.2077364921569824,-5.3399257659912109,-3.7130806446075439,-2.6920499801635742,-1.8691928386688232,-0.36228752136230469,0.41930526494979858,1.3373332023620605,2.7027316093444824,-2.7780123009731703,2
distill:fred-price-return,DCOILWTICO,TimesFM-laplace-qd,10185,-4.3199999999999932,-1.104435920715332,-1.0781468152999878,-5.002812385559082,-3.5106844902038574,-2.5029711723327637,-1.634154200553894,-0.67096561193466187,0.14655520021915436,1.0793945789337158,2.3632404804229736,-3.0879694509130937,2
distill:fred-price-return,DCOILWTICO,Laplace-q-fixed-bandwidth,10186,-3.2000000000000028,-2.0631008204615973,-7.2288978682250944,-5.2311666228912168,-3.9441315563567114,-2.9181907726431149,-1.9917616670960543,-1.0687751656221121,-0.055111833423755863,1.2017071256617857,3.1062014585393536,-2.24341638013356,2
distill:fred-price-return,DCOILWTICO,TimesFM-zero-shot,10186,-3.2000000000000028,-1.8130698204040527,-1.9534132480621338,-5.9102921485900879,-4.3036503791809082,-3.3297548294067383,-2.5445818901062012,-1.1244597434997559,-0.39443337917327881,0.4630865752696991,1.7394886016845703,-2.2522431760495567,2
distill:fred-price-return,DCOILWTICO,TimesFM-laplace-qd,10186,-3.2000000000000028,-1.6282975673675537,-1.6736021041870117,-5.5007286071777344,-3.9807133674621582,-2.9930245876312256,-2.1534252166748047,-1.2005624771118164,-0.43391263484954834,0.42776197195053101,1.6157569885253906,-2.0978136917720338,2
distill:fred-price-return,DCOILWTICO,Laplace-q-fixed-bandwidth,10187,1.25,-2.3614943010486233,-7.3986288567820413,-5.43897387163857,-4.1855054914310506,-3.189403362082857,-2.2908386226175774,-1.3956475877618844,-0.41161827326958034,0.81192288733466189,2.6785907365049826,-2.8511534528285951,2
distill:fred-price-return,DCOILWTICO,TimesFM-zero-shot,10187,1.25,-2.0332365036010742,-2.1230316162109375,-6.0463628768920898,-4.503535270690918,-3.5516612529754639,-2.755467414855957,-1.3378216028213501,-0.59462267160415649,0.31599920988082886,1.6714507341384888,-2.7715156985798695,2
distill:fred-price-return,DCOILWTICO,TimesFM-laplace-qd,10187,1.25,-1.8039681911468506,-1.7204147577285767,-5.5526032447814941,-4.1146907806396484,-3.1649742126464844,-2.3267157077789307,-1.365882396697998,-0.59746760129928589,0.30259904265403748,1.5674424171447754,-2.7759329320639083,2
distill:fred-price-return,DCOILWTICO,Laplace-q-fixed-bandwidth,10188,-2.3700000000000045,-1.8711867456153959,-6.9142544279330647,-4.9578179402442508,-3.7021795841196732,-2.7028647733548903,-1.800937895639388,-0.90238803467210826,0.08486032134528447,1.310682358942213,3.1747777083409234,-2.1386097262777568,2
distill:fred-price-return,DCOILWTICO,TimesFM-zero-shot,10188,-2.3700000000000045,-1.1751997470855713,-1.3396930694580078,-5.1142768859863281,-3.5719525814056396,-2.6282403469085693,-1.8716540336608887,-0.50521266460418701,0.1808626651763916,1.008827805519104,2.2770414352416992,-2.2540315410610008,2
distill:fred-price-return,DCOILWTICO,TimesFM-laplace-qd,10188,-2.3700000000000045,-1.2888379096984863,-1.2829713821411133,-4.9352169036865234,-3.5204775333404541,-2.5897648334503174,-1.7902398109436035,-0.88066178560256958,-0.14305785298347473,0.69683659076690674,1.8789975643157959,-2.1101702308030976,2
distill:fred-price-return,DCOILWTICO,Laplace-q-fixed-bandwidth,10189,1.5700000000000074,-1.9868546561365545,-6.8833050300235286,-4.9698306816790421,-3.7526673229760696,-2.7874533541033824,-1.9172934987027159,-1.0504278066436687,-0.097033035635203158,1.0906579275367201,2.9119463590192938,-2.841560115622916,2
distill:fred-price-return,DCOILWTICO,TimesFM-zero-shot,10189,1.5700000000000074,-1.5170906782150269,-1.6547789573669434,-5.437255859375,-3.9116349220275879,-2.9781980514526367,-2.2226936817169189,-0.84140092134475708,-0.15000693500041962,0.66381949186325073,1.9365333318710327,-2.6989468487000776,2
distill:fred-price-return,DCOILWTICO,TimesFM-laplace-qd,10189,1.5700000000000074,-1.5982738733291626,-1.5996780395507812,-5.1317386627197266,-3.772451639175415,-2.8688178062438965,-2.0818684101104736,-1.1895684003829956,-0.46896696090698242,0.33803051710128784,1.5070486068725586,-2.8403678573827085,2
distill:fred-price-return,DCOILWTICO,Laplace-q-fixed-bandwidth,10190,-1.3100000000000023,-1.473909771955582,-6.379544766158971,-4.4681415011316261,-3.2478964131695918,-2.2788127958582551,-1.4047468476671776,-0.53398219096324184,0.42327550272427272,1.6141354824307694,3.4340050606296786,-2.0812079952984792,2
distill:fred-price-return,DCOILWTICO,TimesFM-zero-shot,10190,-1.3100000000000023,-0.66435599327087402,-0.76694941520690918,-4.6909751892089844,-3.1473095417022705,-2.1837642192840576,-1.4017760753631592,0.05908527597784996,0.82145005464553833,1.7512717247009277,3.1609086990356445,-2.3993778435361985,2
distill:fred-price-return,DCOILWTICO,TimesFM-laplace-qd,10190,-1.3100000000000023,-0.83774828910827637,-0.80926066637039185,-4.3698997497558594,-3.0095632076263428,-2.0942144393920898,-1.3058394193649292,-0.42945581674575806,0.34297871589660645,1.2278012037277222,2.480818510055542,-2.1664174515308567,2
distill:fred-price-return,DCOILWTICO,Laplace-q-fixed-bandwidth,10191,-0.82000000000000739,-1.4903754573271886,-6.2430704439720053,-4.3770654056011118,-3.1971003989612186,-2.2632915859534197,-1.421904640287813,-0.58372660304076118,0.33853758437077952,1.4895292191828591,3.2641534870937035,-2.0706246414854679,2
distill:fred-price-return,DCOILWTICO,TimesFM-zero-shot,10191,-0.82000000000000739,-0.98229473829269409,-1.0752911567687988,-4.9156522750854492,-3.3937728404998779,-2.4463410377502441,-1.6799805164337158,-0.29882222414016724,0.41517156362533569,1.3003668785095215,2.6314103603363037,-2.3384491968705587,2
distill:fred-price-return,DCOILWTICO,TimesFM-laplace-qd,10191,-0.82000000000000739,-1.1356377601623535,-1.0603830814361572,-4.4559421539306641,-3.1667189598083496,-2.3120691776275635,-1.567638635635376,-0.7780497670173645,-0.069593578577041626,0.76491695642471313,1.9338090419769287,-2.0850352133636179,2
distill:fred-price-return,DCOILWTICO,Laplace-q-fixed-bandwidth,10192,-0.0099999999999909051,-1.3959354544568554,-5.9997339655919806,-4.1797667962965344,-3.039072128694885,-2.138806748319185,-1.3281765672046431,-0.52065723224103633,0.36837330654073036,1.4806005563105624,3.2094698609247674,-2.1528105207103083,2
distill:fred-price-return,DCOILWTICO,TimesFM-zero-shot,10192,-0.0099999999999909051,-1.0318340063095093,-1.0810906887054443,-4.6142263412475586,-3.2489745616912842,-2.3789191246032715,-1.6777387857437134,-0.37882816791534424,0.29494154453277588,1.1110038757324219,2.4089443683624268,-2.2761753346722768,2
distill:fred-price-return,DCOILWTICO,TimesFM-laplace-qd,10192,-0.0099999999999909051,-1.118818998336792,-1.0350210666656494,-4.2774410247802734,-3.0670008659362793,-2.2386212348937988,-1.5259923934936523,-0.74952477216720581,-0.057703942060470581,0.73659199476242065,1.9070369005203247,-2.1531719281760684,2
distill:fred-price-return,DCOILWTICO,Laplace-q-fixed-bandwidth,10193,-0.13000000000000966,-1.1955616480436231,-5.6760969800077881,-3.8964987637700266,-2.7881325953009903,-1.9147441697564656,-1.1285157316299426,-0.34531295211682167,0.51711954606851585,1.5975287607000483,3.2865350473020176,-2.0656264379758262,2
distill:fred-price-return,DCOILWTICO,TimesFM-zero-shot,10193,-0.13000000000000966,-0.80194771289825439,-0.89414948225021362,-4.6098504066467285,-3.1730339527130127,-2.2354075908660889,-1.4895631074905396,-0.12392875552177429,0.60627424716949463,1.4535685777664185,2.7740480899810791,-2.3177365590729471,2
distill:fred-price-return,DCOILWTICO,TimesFM-laplace-qd,10193,-0.13000000000000966,-0.98349130153656006,-0.97537922859191895,-4.2450599670410156,-2.9959926605224609,-2.1169958114624023,-1.3785762786865234,-0.62783777713775635,0.11260230094194412,0.91245573759078979,2.0853033065795898,-2.1173839455704591,2
distill:fred-price-return,DCOILWTICO,Laplace-q-fixed-bandwidth,10194,1.9300000000000068,-1.0482117300111955,-5.3921960075510889,-3.6581134065331895,-2.5855799819957017,-1.7415914239702317,-0.98191245445676056,-0.22516071114548747,0.60819926853495176,1.6533989758998213,3.2974969182258551,-2.660162957263319,2
distill:fred-price-return,DCOILWTICO,TimesFM-zero-shot,10194,1.9300000000000068,-0.62841081619262695,-0.72684729099273682,-3.8117349147796631,-2.5890359878540039,-1.8128788471221924,-1.1784833669662476,-0.067408479750156403,0.53940576314926147,1.264310359954834,2.3867580890655518,-2.5291086367464262,2
distill:fred-price-return,DCOILWTICO,TimesFM-laplace-qd,10194,1.9300000000000068,-0.74963581562042236,-0.76319253444671631,-3.3705754280090332,-2.3761780261993408,-1.6750978231430054,-1.0668113231658936,-0.46633219718933105,0.123764768242836,0.77901583909988403,1.7322193384170532,-2.7536559198873203,2
distill:fred-price-return,DCOILWTICO,Laplace-q-fixed-bandwidth,10195,3.0300000000000011,-0.61804749780022594,-4.9554393619750492,-3.226848372666737,-2.155335589365833,-1.3116818387362281,-0.55222100538670904,0.20431056841357204,1.0373370084083837,2.0815807825279631,3.7208096258850021,-2.9334376335190724,2
distill:fred-price-return,DCOILWTICO,TimesFM-zero-shot,10195,3.0300000000000011,0.0053520128130912781,-0.14254364371299744,-3.7377095222473145,-2.3108701705932617,-1.3974262475967407,-0.64504462480545044,0.66189348697662354,1.3432586193084717,2.156480073928833,3.4476330280303955,-2.6949787083460874,2
distill:fred-price-return,DCOILWTICO,TimesFM-laplace-qd,10195,3.0300000000000011,-0.19657619297504425,-0.26929998397827148,-3.3522956371307373,-2.1497352123260498,-1.3102664947509766,-0.57754713296890259,0.14936688542366028,0.83507692813873291,1.5936568975448608,2.7270195484161377,-2.9535543999628739,2
distill:fred-price-return,DCOILWTICO,Laplace-q-fixed-bandwidth,10196,-1.4099999999999966,-0.074899089833292937,-4.4600589116689866,-2.7195820909501061,-1.6346819811941571,-0.77939766472482019,-0.0093209353640164132,0.75778291519217533,1.6023050172718931,2.6597554139851534,4.3113397019206907,-2.1553558819755043,2
distill:fred-price-return,DCOILWTICO,TimesFM-zero-shot,10196,-1.4099999999999966,0.18138971924781799,0.094251587986946106,-3.9121890068054199,-2.4076652526855469,-1.391288161277771,-0.57012820243835449,0.92783200740814209,1.7298181056976318,2.6621212959289551,4.1054401397705078,-2.1985286545062435,2
distill:fred-price-return,DCOILWTICO,TimesFM-laplace-qd,10196,-1.4099999999999966,0.014420703053474426,-0.063485786318778992,-3.4808197021484375,-2.1724810600280762,-1.2107936143875122,-0.40463829040527344,0.41800042986869812,1.2157710790634155,2.0977919101715088,3.3657169342041016,-2.0256704923305784,2
distill:fred-price-return,DCOILWTICO,Laplace-q-fixed-bandwidth,10197,-0.70000000000000284,-0.18553259610835943,-4.4608718682905719,-2.7576882243993488,-1.7014471556216986,-0.86958767810629856,-0.1206535082790593,0.62538587946988444,1.4467443989097351,2.4760462756872332,4.0909664338555691,-1.9679746904142608,2
distill:fred-price-return,DCOILWTICO,TimesFM-zero-shot,10197,-0.70000000000000284,-0.39506345987319946,-0.52313870191574097,-4.4896893501281738,-2.9757382869720459,-1.9512581825256348,-1.1402525901794434,0.35589337348937988,1.1585605144500732,2.0895774364471436,3.5189368724822998,-2.438087805273244,2
distill:fred-price-return,DCOILWTICO,TimesFM-laplace-qd,10197,-0.70000000000000284,-0.47662055492401123,-0.59519100189208984,-3.8636624813079834,-2.5831301212310791,-1.6596726179122925,-0.88422489166259766,-0.077951401472091675,0.68910121917724609,1.5368908643722534,2.7576699256896973,-2.1240727451451198,2
distill:fred-price-return,DCOILWTICO,Laplace-q-fixed-bandwidth,10198,6.75,-0.27770048231399092,-4.4088726868953447,-2.7547067685585045,-1.7362264956379099,-0.93498752184967593,-0.21358522732470231,0.50502962184855105,1.2961295768976842,2.2883874748927235,3.8550389566976895,-4.3174587527487729,2
distill:fred-price-return,DCOILWTICO,TimesFM-zero-shot,10198,6.75,-0.40337395668029785,-0.46080893278121948,-4.5209026336669922,-2.9743978977203369,-1.9753963947296143,-1.1583845615386963,0.33335903286933899,1.1294349431991577,2.0881342887878418,3.470064640045166,-4.4989880706440717,2
distill:fred-price-return,DCOILWTICO,TimesFM-laplace-qd,10198,6.75,-0.4347570538520813,-0.48100847005844116,-3.8722491264343262,-2.5553398132324219,-1.6420590877532959,-0.86538970470428467,-0.031550191342830658,0.72254961729049683,1.5898429155349731,2.7315199375152588,-5.304013481147825,2
distill:fred-price-return,DCOILWTICO,Laplace-q-fixed-bandwidth,10199,1.2399999999999949,0.73312887043443853,-3.7397723095149487,-1.9725752997311701,-0.86850087569056145,0.0025292107592304156,0.78725285813077428,1.5696840563562748,2.4324156354955391,3.5153340483430151,5.2140085099467033,-1.9932479045707547,2
distill:fred-price-return,DCOILWTICO,TimesFM-zero-shot,10199,1.2399999999999949,0.72721379995346069,0.70599520206451416,-3.6381430625915527,-2.0647590160369873,-0.99750906229019165,-0.096177265048027039,1.5389046669006348,2.4026913642883301,3.460054874420166,5.0630879402160645,-2.5155590595767103,2
distill:fred-price-return,DCOILWTICO,TimesFM-laplace-qd,10199,1.2399999999999949,0.51808303594589233,0.55789852142333984,-3.1298892498016357,-1.793190598487854,-0.80840492248535156,0.05965106189250946,0.96336686611175537,1.8000630140304565,2.7750039100646973,4.1712713241577148,-2.2579541274875936,2
distill:fred-price-return,DCOILWTICO,Laplace-q-fixed-bandwidth,10200,0.29000000000000625,1.445161652863171,-2.8767687920607705,-1.1588523318608734,-0.094480888359440018,0.74371791474703286,1.4987019836121216,2.2514733781064238,3.0816356807535041,4.1253271456410037,5.775031481297928,-2.0927209468171002,2
distill:fred-price-return,DCOILWTICO,TimesFM-zero-shot,10200,0.29000000000000625,0.081700034439563751,0.019751399755477905,-4.1797738075256348,-2.6022756099700928,-1.5739123821258545,-0.72471344470977783,0.85567605495452881,1.6955412626266479,2.7116620540618896,4.2204360961914062,-2.4805690233947248,2
distill:fred-price-return,DCOILWTICO,TimesFM-laplace-qd,10200,0.29000000000000625,-0.076323986053466797,-0.082371741533279419,-3.7033083438873291,-2.3292977809906006,-1.3679709434509277,-0.54443037509918213,0.34210386872291565,1.1597930192947388,2.1072757244110107,3.4088542461395264,-2.207594987514006,2
distill:fred-price-return,DCOILWTICO,Laplace-q-fixed-bandwidth,10201,-0.70000000000000284,1.2408789201271986,-2.9598682241508194,-1.2838163953318635,-0.25099747481880097,0.5617370309102061,1.2938414579506445,2.0237982379898383,2.8287162762409124,3.8412953283459745,5.4496257415799967,-2.322473987105143,2
distill:fred-price-return,DCOILWTICO,TimesFM-zero-shot,10201,-0.70000000000000284,0.02414993941783905,-0.028044909238815308,-4.0840535163879395,-2.5586855411529541,-1.5557422637939453,-0.7419588565826416,0.77291035652160645,1.573641300201416,2.5337519645690918,3.975318431854248,-2.4369117809928662,2
distill:fred-price-return,DCOILWTICO,TimesFM-laplace-qd,10201,-0.70000000000000284,-0.025200963020324707,-0.021739363670349121,-3.4346885681152344,-2.1371006965637207,-1.2259823083877563,-0.45644626021385193,0.36985856294631958,1.1247466802597046,1.9882736206054688,3.2013463973999023,-2.1117438109161673,2
distill:fred-price-return,DCOILWTICO,Laplace-q-fixed-bandwidth,10202,3.4000000000000057,0.90946840719136979,-2.8586532903522119,-1.1894648222483357,-0.69459515483593293,-0.052483571967361392,0.77501438927000721,1.5569296133638297,2.3891451786570048,3.4105602563358781,5.0123213605793095,-2.5547397259678739,2
distill:fred-price-return,DCOILWTICO,TimesFM-zero-shot,10202,3.4000000000000057,0.14991894364356995,0.096997857093811035,-4.1344218254089355,-2.5570418834686279,-1.4993381500244141,-0.63854318857192993,0.93669486045837402,1.756690502166748,2.7512779235839844,4.2135744094848633,-2.7499584784793081,2
distill:fred-price-return,DCOILWTICO,TimesFM-laplace-qd,10202,3.4000000000000057,0.14397206902503967,0.14794014394283295,-3.4186618328094482,-2.0613813400268555,-1.1008994579315186,-0.2838304340839386,0.54535073041915894,1.3223514556884766,2.2216174602508545,3.4462723731994629,-2.874202307142907,2
distill:fred-price-return,DCOILWTICO,Laplace-q-fixed-bandwidth,10203,0.94999999999998863,1.2502717908198233,-2.8498188761494578,-1.2128952098303269,-0.20529774649421872,0.5877581527412179,1.3022980353110523,2.0147353956607299,2.8001355074706806,3.7878753296340202,5.3580344980615742,-1.8987094914031464,2
distill:fred-price-return,DCOILWTICO,TimesFM-zero-shot,10203,0.94999999999998863,0.59393835067749023,0.54059445858001709,-3.5237624645233154,-1.9816088676452637,-1.0004223585128784,-0.17549328505992889,1.3412710428237915,2.119016170501709,3.094184398651123,4.5400233268737793,-2.4281313072240547,2
distill:fred-price-return,DCOILWTICO,TimesFM-laplace-qd,10203,0.94999999999998863,0.58777886629104614,0.55435431003570557,-2.8558986186981201,-1.531804084777832,-0.64109820127487183,0.14446955919265747,0.99198943376541138,1.7219623327255249,2.5984952449798584,3.8220276832580566,-2.1359058647897964,2
distill:fred-price-return,DEXJPUS,Laplace-q-fixed-bandwidth,13856,0.00031437643693177364,5.0173866496262507e-05,-0.0054528775695563648,-0.0031794720149993108,-0.0018270457527773008,-0.00080065266880313094,0.00010910747856642531,0.0010169030118563731,0.0020360155591445462,0.0033692386306945219,0.0055835947647734164,4.7672738736596756,2
distill:fred-price-return,DEXJPUS,TimesFM-zero-shot,13856,0.00031437643693177364,0.00074717839015647769,0.00067245122045278549,-0.0053239036351442337,-0.0031510083936154842,-0.0016652258345857263,-0.00041733746184036136,0.0019194214837625623,0.0031384453177452087,0.0046059652231633663,0.0067267403937876225,4.0265814495088428,2
distill:fred-price-return,DEXJPUS,TimesFM-laplace-qd,13856,0.00031437643693177364,0.00062031159177422523,0.00057334371376782656,-0.004482535645365715,-0.0025940649211406708,-0.0012029096251353621,1.5190453268587589e-05,0.0012342702830210328,0.0024349191226065159,0.0038223806768655777,0.0056741428561508656,4.3409096477049802,2
distill:fred-price-return,DEXJPUS,Laplace-q-fixed-bandwidth,13857,-0.0061166126948428712,5.9816950990468582e-05,-0.0052010915285750541,-0.003004761805859478,-0.0017201808503669183,-0.00074618214018291917,0.00011812205148545904,0.00098058505190204252,0.0019477242448691797,0.0032138410554678545,0.0053506615282560106,3.1077519263443145,2
distill:fred-price-return,DEXJPUS,TimesFM-zero-shot,13857,-0.0061166126948428712,0.0004354008415248245,0.0003913135442417115,-0.0056055109016597271,-0.0034379414282739162,-0.0019644023850560188,-0.00072965887375175953,0.0015954885166138411,0.0028263176791369915,0.0043000061996281147,0.006438777782022953,2.1817565025853454,2
distill:fred-price-return,DEXJPUS,TimesFM-laplace-qd,13857,-0.0061166126948428712,0.00032217532861977816,0.00028272255440242589,-0.0048026698641479015,-0.0029078163206577301,-0.0015203777002170682,-0.00030485220486298203,0.00093135883798822761,0.0021443963050842285,0.0035375249572098255,0.0054036770015954971,1.3771895508622505,2
distill:fred-price-return,DEXJPUS,Laplace-q-fixed-bandwidth,13858,0.0035358036584298702,-8.4904239053203691e-05,-0.0056099290321164341,-0.0033348907336757947,-0.0019745318446180282,-0.00094167589021392504,-2.6459706332954933e-05,0.00088677646889355585,0.0019123081666003743,0.0032534726679635398,0.0054702667561271987,4.0109905262127654,2
distill:fred-price-return,DEXJPUS,TimesFM-zero-shot,13858,0.0035358036584298702,0.00039289056439884007,0.00039592647226527333,-0.0057788356207311153,-0.003590503241866827,-0.0020777059253305197,-0.00080788292689248919,0.0015971304383128881,0.0028579903300851583,0.004385216161608696,0.0065672635100781918,3.9572586958855491,2
distill:fred-price-return,DEXJPUS,TimesFM-laplace-qd,13858,0.0035358036584298702,0.00037073195562697947,0.00036801872192882001,-0.0048804581165313721,-0.0029558127280324697,-0.0015307706780731678,-0.00028201256645843387,0.0010181951802223921,0.0022535971365869045,0.0036944677121937275,0.0055962186306715012,4.0228747536451497,2
distill:fred-price-return,DEXJPUS,Laplace-q-fixed-bandwidth,13859,0.004590481257104706,1.2676043299933475e-05,-0.0055062725264355544,-0.0032403919988481748,-0.0018797012146880079,-0.00084568893401901083,7.056347161841432e-05,0.00098483450491968242,0.0020115270628126491,0.0033531369813601854,0.0055615957343800124,3.6903972658602866,2
distill:fred-price-return,DEXJPUS,TimesFM-zero-shot,13859,0.004590481257104706,0.00039848752203397453,0.00040246930439025164,-0.0057824640534818172,-0.003584286430850625,-0.0020745373331010342,-0.00079992518294602633,0.0016001247568055987,0.0028639761731028557,0.0043950504623353481,0.0065865553915500641,3.852136311175991,2
distill:fred-price-return,DEXJPUS,TimesFM-laplace-qd,13859,0.004590481257104706,0.00032191202626563609,0.00030970020452514291,-0.0049853040836751461,-0.0030317411292344332,-0.0016000772593542933,-0.00033527056802995503,0.00098058010917156935,0.0022333462256938219,0.0036945852916687727,0.0056244712322950363,3.7963198472623629,2
distill:fred-price-return,DEXJPUS,Laplace-q-fixed-bandwidth,13860,0.00062719520370180248,0.00011233259549675971,-0.0054892673089771121,-0.0032084975324775371,-0.0018221352370560002,-0.00076601168565032659,0.00016980991692706161,0.001103603650903054,0.0021522750089960924,0.0035195092008222738,0.0057440457755367352,4.7290133746117213,2
distill:fred-price-return,DEXJPUS,TimesFM-zero-shot,13860,0.00062719520370180248,0.00039214099524542689,0.00038286860217340291,-0.0057796281762421131,-0.0036068116314709187,-0.0020873337052762508,-0.00081592804053798318,0.0015847375616431236,0.0028519623447209597,0.0043696514330804348,0.0065524028614163399,4.0081330365403547,2
distill:fred-price-return,DEXJPUS,TimesFM-laplace-qd,13860,0.00062719520370180248,0.00034878036240115762,0.00033514588722027838,-0.0049264454282820225,-0.003007685299962759,-0.0015681099612265825,-0.0003125281073153019,0.00099776196293532848,0.0022477887105196714,0.0036875132936984301,0.0056069805286824703,4.2929845434749332,2
distill:fred-price-return,DEXJPUS,Laplace-q-fixed-bandwidth,13861,-0.00031354843012376676,0.00011791926373382201,-0.0052575611831967364,-0.003041708616886725,-0.0017193184572369662,-0.00071518086745530588,0.00017482939311438668,0.00106292411188696,0.002059972772824633,0.0033637339578807914,0.0055227001209539883,4.7720932938792098,2
distill:fred-price-return,DEXJPUS,TimesFM-zero-shot,13861,-0.00031354843012376676,4.032038850709796e-05,-9.6320000011473894e-06,-0.0061333025805652142,-0.0039268415421247482,-0.002401688601821661,-0.0011470000026747584,0.0012193883303552866,0.0024639759212732315,0.0039364616386592388,0.0060620428994297981,4.0156315119161174,2
distill:fred-price-return,DEXJPUS,TimesFM-laplace-qd,13861,-0.00031354843012376676,0.00011299242032691836,6.4177846070379019e-05,-0.0051364465616643429,-0.0032056709751486778,-0.0017686506034806371,-0.00053190073231235147,0.00074651069007813931,0.0019685556180775166,0.003362713847309351,0.0052253096364438534,4.313231173122472,2
distill:fred-price-return,DEXJPUS,Laplace-q-fixed-bandwidth,13862,-0.00056463504119363961,0.00011218890633738137,-0.0050348124260227566,-0.0028907914411445525,-0.0016324900302636348,-0.00067818510522222133,0.00016849525274455511,0.0010133775002457654,0.0019609846601032141,0.0032013265593580763,0.0052880111801167484,4.7937419990074321,2
distill:fred-price-return,DEXJPUS,TimesFM-zero-shot,13862,-0.00056463504119363961,0.00010918694897554815,3.9090984500944614e-05,-0.0057519488036632538,-0.0036454685032367706,-0.0022052258718758821,-0.001010521431453526,0.001225169631652534,0.0024163101334124804,0.0038350566755980253,0.0058897384442389011,4.0658864402999217,2
distill:fred-price-return,DEXJPUS,TimesFM-laplace-qd,13862,-0.00056463504119363961,0.00021582080808002502,0.00016109281568787992,-0.0047710654325783253,-0.0029243743047118187,-0.001565469428896904,-0.00038565153954550624,0.00080217898357659578,0.0019720946438610554,0.0033134510740637779,0.0050909528508782387,4.3762436781565102,2
distill:fred-price-return,DEXJPUS,Laplace-q-fixed-bandwidth,13863,-0.00037660055679822335,0.00010417570581241998,-0.0048214596844450694,-0.0027534798751304166,-0.0015561471046569319,-0.00064752095174169084,0.00015984019177704418,0.00096551263802909415,0.0018678319849438549,0.0030479870199569556,0.0050585454395438555,4.8608732488671507,2
distill:fred-price-return,DEXJPUS,TimesFM-zero-shot,13863,-0.00037660055679822335,0.00017419899813830853,0.00015156652079895139,-0.0058236951008439064,-0.0036888897884637117,-0.0022184133995324373,-0.00098484184127300978,0.0013330669607967138,0.0025498401373624802,0.0040315128862857819,0.0061477972194552422,4.032093118931229,2
distill:fred-price-return,DEXJPUS,TimesFM-laplace-qd,13863,-0.00037660055679822335,0.00027293479070067406,0.00026857710327021778,-0.0048047695308923721,-0.0029363837093114853,-0.0015588796231895685,-0.00035117845982313156,0.00089285417925566435,0.0020806586835533381,0.0034656815696507692,0.0052891978994011879,4.3398606762109386,2
distill:fred-price-return,DEXJPUS,Laplace-q-fixed-bandwidth,13864,0.0015055520063587124,0.00010241563038143083,-0.0045957574017669936,-0.0026120139812637997,-0.0014759426488072068,-0.00061188136907181704,0.00015740187821052892,0.00092510813665488121,0.0017832646010419923,0.0029030625761547516,0.0048297106095731637,4.7605345089743007,2
distill:fred-price-return,DEXJPUS,TimesFM-zero-shot,13864,0.0015055520063587124,6.5446191001683474e-05,-2.1398969693109393e-05,-0.0056954142637550831,-0.0035657226108014584,-0.0021682365331798792,-0.0009985931683331728,0.001123931142501533,0.0022489470429718494,0.0036030400078743696,0.0055341627448797226,4.1423088994484498,2
distill:fred-price-return,DEXJPUS,TimesFM-laplace-qd,13864,0.0015055520063587124,9.4128918135538697e-05,7.623183773830533e-05,-0.004722177516669035,-0.0028889027889817953,-0.001609098631888628,-0.00048202218022197485,0.00063137384131550789,0.0017042909748852253,0.0029535898938775063,0.0045852758921682835,4.382980425509464,2
distill:fred-price-return,DEXJPUS,Laplace-q-fixed-bandwidth,13865,0.0043782907068825594,0.00015052965491153385,-0.0043684973418562046,-0.0024559987694204636,-0.0013666918711734246,-0.0005360105926773104,0.00020481841922331164,0.00094415340004750195,0.0017692395763644817,0.0028430350726783415,0.0046992183979952277,3.681470488242959,2
distill:fred-price-return,DEXJPUS,TimesFM-zero-shot,13865,0.0043782907068825594,0.00056047982070595026,0.00048408962902612984,-0.0052909101359546185,-0.0031287944875657558,-0.0016992406453937292,-0.00052397407125681639,0.0016198062803596258,0.0027414320502430201,0.0040893694385886192,0.0060074352659285069,3.9668906729650413,2
distill:fred-price-return,DEXJPUS,TimesFM-laplace-qd,13865,0.0043782907068825594,0.0005012925248593092,0.00047571977484039962,-0.0044182827696204185,-0.0025544241070747375,-0.0012351140612736344,-8.8802742538973689e-05,0.0010487826075404882,0.0021407485473901033,0.0034105624072253704,0.005070770625025034,3.8980941922343328,2
distill:fred-price-return,DEXJPUS,Laplace-q-fixed-bandwidth,13866,-0.022532431080696469,0.00026943655419149506,-0.0043756618308583538,-0.002416248046206985,-0.0012922373810858151,-0.00043746525029535969,0.00032340370164235229,0.0010827125397586089,0.0019316450528212934,0.0030395897883122749,0.0049429917035874356,-8.3075056886526273,2
distill:fred-price-return,DEXJPUS,TimesFM-zero-shot,13866,-0.022532431080696469,0.00095760414842516184,0.00090755656128749251,-0.0049080834724009037,-0.0027731619775295258,-0.001345060532912612,-0.00014954624930396676,0.0020457545761018991,0.0032138796523213387,0.0046283826231956482,0.0066637741401791573,-19.192755847633947,2
distill:fred-price-return,DEXJPUS,TimesFM-laplace-qd,13866,-0.022532431080696469,0.00073429371695965528,0.00069267250364646316,-0.004189841914921999,-0.0023424772080034018,-0.0010210459586232901,0.00013878486061003059,0.0013036527670919895,0.0024343177210539579,0.003744643647223711,0.0054879398085176945,-29.740841025011061,2
distill:fred-price-return,DEXJPUS,Laplace-q-fixed-bandwidth,13867,0.00063812139233831999,-0.00024855244305443952,-0.0069124301772349869,-0.0041162345947359418,-0.0024774108732025669,-0.0012391535143148509,-0.00014330534771679295,0.00094896884666806499,0.0021739274694659791,0.0037772348815750135,0.0064615619151432513,4.5550182403821644,2
distill:fred-price-return,DEXJPUS,TimesFM-zero-shot,13867,0.00063812139233831999,-0.0011685405625030398,-0.0015854056691750884,-0.0087716327980160713,-0.0059256330132484436,-0.0040420619770884514,-0.0025375382974743843,0.00016851344844326377,0.0015461074654012918,0.0031566573306918144,0.0054044569842517376,3.9495104688454123,2
distill:fred-price-return,DEXJPUS,TimesFM-laplace-qd,13867,0.00063812139233831999,-0.00069856049958616495,-0.0011560609564185143,-0.007090272381901741,-0.0046418593265116215,-0.002906289417296648,-0.0014716825680807233,5.5292577599175274e-05,0.00139881472568959,0.0029152112547308207,0.0048917029052972794,4.1812348101819916,2
distill:fred-price-return,DEXJPUS,Laplace-q-fixed-bandwidth,13868,0.0028665178719924356,-0.00031824511571635771,-0.0066924113994317243,-0.0039922907291895645,-0.0024343813733746075,-0.0012573255749672903,-0.00021417910656668801,0.00082561803091090011,0.0019901584210372915,0.0035140388668203158,0.0061017789247386342,4.1611937743731691,2
distill:fred-price-return,DEXJPUS,TimesFM-zero-shot,13868,0.0028665178719924356,0.0003035000991076231,0.00012132210395066068,-0.0061411806382238865,-0.0037458101287484169,-0.0021830599289387465,-0.00088503328152000904,0.0014600844588130713,0.0026491943281143904,0.0040677152574062347,0.0061042625457048416,4.0540912182351008,2
distill:fred-price-return,DEXJPUS,TimesFM-laplace-qd,13868,0.0028665178719924356,0.00020182460139039904,3.9436985389329493e-05,-0.0053612058982253075,-0.0032398460898548365,-0.0017590676434338093,-0.00047803769120946527,0.00083854497643187642,0.0020208689384162426,0.0033863894641399384,0.0051896050572395325,4.1474127602484065,2
distill:fred-price-return,DEXJPUS,Laplace-q-fixed-bandwidth,13869,0.0029851716410416174,-0.00025335687838687728,-0.0065104952212002264,-0.0038557298661273209,-0.0023285439177327355,-0.0011741004019753874,-0.00015046185787974837,0.00086990901701757039,0.0020121387433964777,0.0035060036875378575,0.0060493880499586077,4.1483645756116907,2
distill:fred-price-return,DEXJPUS,TimesFM-zero-shot,13869,0.0029851716410416174,0.00050679163541644812,0.00028886037762276828,-0.0058198766782879829,-0.0034642228856682777,-0.0019034126307815313,-0.00065281643765047193,0.0016380308661609888,0.0028138689231127501,0.0041954214684665203,0.006213595625013113,4.0758863478315268,2
distill:fred-price-return,DEXJPUS,TimesFM-laplace-qd,13869,0.0029851716410416174,0.00027820628019981086,-1.9957311451435089e-05,-0.0052140741609036922,-0.0031057186424732208,-0.0016128290444612503,-0.00036336074117571115,0.00091166677884757519,0.0021010758355259895,0.0034461594186723232,0.0052568675018846989,4.1482058155514778,2
distill:fred-price-return,DEXJPUS,Laplace-q-fixed-bandwidth,13870,-0.0078951129571507295,-0.00018756750864243945,-0.0063394116459575562,-0.0037264554534499781,-0.0022265877763783986,-0.0010921730798028381,-8.5830488466102605e-05,0.00091731754050057319,0.002039785659113948,0.0035069822117989678,0.0060096493236051884,2.8184556868538269,2
distill:fred-price-return,DEXJPUS,TimesFM-zero-shot,13870,-0.0078951129571507295,0.00096709601348266006,0.00068393262336030602,-0.0051035466603934765,-0.0028160491492599249,-0.0013385128695517778,-0.00013168781879357994,0.0020346916280686855,0.0031498817261308432,0.0044639804400503635,0.0063658296130597591,0.33617144984002584,2
distill:fred-price-return,DEXJPUS,TimesFM-laplace-qd,13870,-0.0078951129571507295,0.00073368445737287402,0.00035411631688475609,-0.0044525414705276489,-0.0024484230671077967,-0.0010603521950542927,0.00011659770098049194,0.0013280028942972422,0.002429847838357091,0.0036653643473982811,0.0053193187341094017,-1.1499239276130859,2
distill:fred-price-return,DEXJPUS,Laplace-q-fixed-bandwidth,13871,0.00025565639919378214,-0.00026987275469906479,-0.006789366329161179,-0.0040564967222827021,-0.0024526803286644286,-0.0012404712137936997,-0.00016760727397723701,0.00090177508935200209,0.0021010383457754685,0.0036703248354744361,0.0062946901448815203,4.5967023510287524,2
distill:fred-price-return,DEXJPUS,TimesFM-zero-shot,13871,0.00025565639919378214,0.00042871595360338688,8.9866924099624157e-05,-0.0061626485548913479,-0.0036672228015959263,-0.0020454730838537216,-0.00074673513881862164,0.0015871780924499035,0.0027611120603978634,0.0041235154494643211,0.0060711516998708248,4.0407233446390993,2
distill:fred-price-return,DEXJPUS,TimesFM-laplace-qd,13871,0.00025565639919378214,0.00066133786458522081,0.00014085019938647747,-0.0050096283666789532,-0.0027999249286949635,-0.0012648733099922538,1.1614079994615167e-05,0.0013229091418907046,0.00249269581399858,0.0037896258290857077,0.005512632429599762,4.3089713552280857,2
distill:fred-price-return,DEXJPUS,Laplace-q-fixed-bandwidth,13872,0.0010219724956925802,-0.0002926340294068235,-0.0065208500727432835,-0.0038840403576536437,-0.0023616787877979331,-0.0012111961000333946,-0.00019151158023223783,0.0008249161611946726,0.0019632348560870714,0.0034525402741555238,0.0059802642719554537,4.574227517642881,2
distill:fred-price-return,DEXJPUS,TimesFM-zero-shot,13872,0.0010219724956925802,0.00038620061241090298,9.837498510023579e-05,-0.0062440005131065845,-0.0037498327437788248,-0.0021174533758312464,-0.0008057313971221447,0.001552864327095449,0.0027435545343905687,0.0041373744606971741,0.0061029163189232349,4.0660133598288937,2
distill:fred-price-return,DEXJPUS,TimesFM-laplace-qd,13872,0.0010219724956925802,0.00043986432137899101,7.8386590757872909e-05,-0.0052403397858142853,-0.0030415607616305351,-0.001502697472460568,-0.00020224944455549121,0.0010890985140576959,0.0022801884915679693,0.0036196736618876457,0.0053619188256561756,4.3249257442644042,2
distill:fred-price-return,DEXJPUS,Laplace-q-fixed-bandwidth,13873,0.0025503711860057621,-0.00026115940824176186,-0.0062269870955309857,-0.0036849662133301726,-0.0022341716916354747,-0.0011361253495159726,-0.00016125522965308796,0.00081055595321656397,0.0018971473691839088,0.0033164240381925092,0.0057497015488636033,4.2772659193941731,2
distill:fred-price-return,DEXJPUS,TimesFM-zero-shot,13873,0.0025503711860057621,0.00028666949947364628,3.2283096516039222e-05,-0.0059909336268901825,-0.0036415860522538424,-0.0020945635624229908,-0.00085359934018924832,0.0013826685026288033,0.0025345089379698038,0.0038611474446952343,0.0057950634509325027,4.1169413674995852,2
distill:fred-price-return,DEXJPUS,TimesFM-laplace-qd,13873,0.0025503711860057621,0.00023893424076959491,-0.00013304341700859368,-0.0050719594582915306,-0.003033757908269763,-0.0015860970597714186,-0.00037114997394382954,0.00085440004477277398,0.0020042718388140202,0.0032706598285585642,0.0049939560703933239,4.2444730374108506,2
distill:fred-price-return,DEXJPUS,Laplace-q-fixed-bandwidth,13874,0.0042573535312602218,-0.00021101737330053285,-0.0060431244466733151,-0.0035543255719234518,-0.002138379589281262,-0.0010655390955756562,-0.0001122952789088133,0.00083798250184513503,0.0018997123366066549,0.0032849835454052435,0.0056662059939212358,3.7490272577015276,2
distill:fred-price-return,DEXJPUS,TimesFM-zero-shot,13874,0.0042573535312602218,0.00069695652928203344,0.00038424786180257797,-0.0057190456427633762,-0.0033063576556742191,-0.0017035416094586253,-0.00044046912807971239,0.0018217089818790555,0.0029767602682113647,0.0042760097421705723,0.0061711729504168034,4.0269321987301545,2
distill:fred-price-return,DEXJPUS,TimesFM-laplace-qd,13874,0.0042573535312602218,0.00049650773871690035,0.00010635889339027926,-0.0050264764577150345,-0.0028895733412355185,-0.0013759289868175983,-0.0001208029716508463,0.0011242586188018322,0.0022856190335005522,0.003542051650583744,0.005226917564868927,3.9792838957921157,2
distill:fred-price-return,DEXJPUS,Laplace-q-fixed-bandwidth,13875,0.00082395821489367194,-0.0001394127419225541,-0.0060258198499559381,-0.0035214693037071455,-0.0020888373941268506,-0.0010043334840221406,-4.1564903794338615e-05,0.0009181863156579441,0.0019914000409989975,0.0033930371766971237,0.0057911237292226176,4.6678835872329367,2
distill:fred-price-return,DEXJPUS,TimesFM-zero-shot,13875,0.00082395821489367194,0.0010604861890897155,0.00070908339694142342,-0.0049241539090871811,-0.0025991953443735838,-0.0011407198617234826,2.8920432669110596e-05,0.0020700432360172272,0.0031064723152667284,0.0043223574757575989,0.0060727754607796669,4.1637171274093827,2
distill:fred-price-return,DEXJPUS,TimesFM-laplace-qd,13875,0.00082395821489367194,0.00084232928929850459,0.00040928955422714353,-0.0043248883448541164,-0.0022743768058717251,-0.00090020697098225355,0.00026095737121067941,0.0014205145416781306,0.00246243248693645,0.0036382931284606457,0.0051976656541228294,4.4339619182000805,2
distill:fred-price-return,DEXJPUS,Laplace-q-fixed-bandwidth,13876,0.0015193722851982727,-0.00010440219194822367,-0.0057212134931915997,-0.0033200141458615308,-0.0019594200890337451,-0.00092660806408368182,-7.8042627098782505e-06,0.00090817916551826788,0.0019304233848801908,0.0032617153525144695,0.0055576616914927365,4.6026797487460973,2
distill:fred-price-return,DEXJPUS,TimesFM-zero-shot,13876,0.0015193722851982727,0.00091152871027588844,0.00058602006174623966,-0.0052302554249763489,-0.0028590974397957325,-0.0013677931856364012,-0.00015365044237114489,0.0019576817285269499,0.00302282371558249,0.0042601693421602249,0.0060385791584849358,4.1796663477464531,2
distill:fred-price-return,DEXJPUS,TimesFM-laplace-qd,13876,0.0015193722851982727,0.00087893335148692131,0.00043321290286257863,-0.0044178548268973827,-0.0023116199299693108,-0.00089858891442418098,0.00030551795498467982,0.0014684377238154411,0.0025357629638165236,0.0037148639094084501,0.0052836285904049873,4.4333804604925007,2
distill:fred-price-return,DEXJPUS,Laplace-q-fixed-bandwidth,13877,0.0038513795751926594,-8.0064412980913001e-05,-0.0054726965220144629,-0.0031630247308691954,-0.0018605401418872269,-0.00086873633523372484,1.5253236614045564e-05,0.00089657802236282815,0.0018783993131620642,0.0031530650142400883,0.0053592781357277419,3.9014709932736151,2
distill:fred-price-return,DEXJPUS,TimesFM-zero-shot,13877,0.0038513795751926594,0.00095601956127211452,0.00050172855844721198,-0.0032934627961367369,-0.0015640703495591879,-0.00054385198745876551,0.0002771278377622366,0.0016137841157615185,0.0023383013904094696,0.0031806165352463722,0.0044497447088360786,4.2883489020597549,2
distill:fred-price-return,DEXJPUS,TimesFM-laplace-qd,13877,0.0038513795751926594,0.00093335669953376055,0.00032447715057060122,-0.0027322778478264809,-0.0012345763389021158,-0.00027182279154658318,0.00055629527196288109,0.0013185954885557294,0.0020556631498038769,0.0028776815161108971,0.0040077203884720802,4.193939078047463,2
distill:fred-price-return,DEXJPUS,Laplace-q-fixed-bandwidth,13878,0.00088183427231314226,-2.6819268117645983e-05,-0.0054424234889877219,-0.0031254860763425853,-0.0018157769329263543,-0.00081962990841601201,6.7577972251704716e-05,0.00095209694374734886,0.0019381702055289013,0.003219873358250437,0.0054342114691228963,4.7494618553924566,2
distill:fred-price-return,DEXJPUS,TimesFM-zero-shot,13878,0.00088183427231314226,0.0010752086527645588,0.00065839570015668869,-0.0045084734447300434,-0.0023513620253652334,-0.00098532950505614281,9.55727300606668e-05,0.0020279530435800552,0.0030145519413053989,0.0041519878432154655,0.0058556399308145046,4.2272347157635775,2
distill:fred-price-return,DEXJPUS,TimesFM-laplace-qd,13878,0.00088183427231314226,0.00083764491137117147,0.00025787594495341182,-0.0039719776250422001,-0.0020583905279636383,-0.0007775641861371696,0.00027762178797274828,0.001394723542034626,0.0023858614731580019,0.0034868980292230844,0.0050057466141879559,4.495615840139342,2
distill:fred-price-return,DEXJPUS,Laplace-q-fixed-bandwidth,13879,0.0017613390727015954,-3.12275726698699e-07,-0.005158511594007046,-0.0029493429338945079,-0.0017055523918858265,-0.00075546086889024134,9.2763267198965366e-05,0.00093847448955078653,0.0018791589945082027,0.0030966791832060083,0.005205661498523589,4.6231661242783044,2
distill:fred-price-return,DEXJPUS,TimesFM-zero-shot,13879,0.0017613390727015954,0.0011537718819454312,0.00084425596287474036,-0.0038518479559570551,-0.001888748025521636,-0.00068700866540893912,0.00027792027685791254,0.002003873698413372,0.0029050332959741354,0.0039699836634099483,0.0055391318164765835,4.368847114453053,2
distill:fred-price-return,DEXJPUS,TimesFM-laplace-qd,13879,0.0017613390727015954,0.0010826508514583111,0.00063625501934438944,-0.0030074717942625284,-0.0013580834493041039,-0.00028896372532472014,0.00062468484975397587,0.0015670199645683169,0.0024353505577892065,0.0034315511584281921,0.0047686109319329262,4.6370585963833451,2
distill:fred-price-return,DEXJPUS,Laplace-q-fixed-bandwidth,13880,-0.0016983806567143489,2.3419736802589095e-05,-0.004942312822554756,-0.0028174647689652344,-0.001621552202708492,-0.00070476486935443683,0.00011519258566234687,0.00093276423681412928,0.0018406233136688305,0.003011578219634842,0.0050389133265070418,4.5867669597358631,2
distill:fred-price-return,DEXJPUS,TimesFM-zero-shot,13880,-0.0016983806567143489,0.001150664291344583,0.00082900689449161291,-0.0039276964962482452,-0.0019367733038961887,-0.00071206141728907824,0.00027603743365034461,0.0019929194822907448,0.0028800559230148792,0.0039415517821907997,0.0054930415935814381,4.4850052447847837,2
distill:fred-price-return,DEXJPUS,TimesFM-laplace-qd,13880,-0.0016983806567143489,0.0011489040916785598,0.00065746484324336052,-0.0029907620046287775,-0.001329307327978313,-0.00022940404596738517,0.00070044503081589937,0.0016346970805898309,0.0024873027577996254,0.0034665260463953018,0.0047906599938869476,4.3300674813683209,2
distill:fred-price-return,DEXJPUS,Laplace-q-fixed-bandwidth,13881,0.0020125792956768862,4.9586163412524177e-06,-0.0047948752180702403,-0.0027445048797864243,-0.0015891266067327254,-0.0007005280278766146,9.544278053240539e-05,0.00088913198431171084,0.001769204314216964,0.0029007534547427277,0.0048563949489557924,4.5857477203714261,2
distill:fred-price-return,DEXJPUS,TimesFM-zero-shot,13881,0.0020125792956768862,0.00083693151827901602,0.00038907694397494197,-0.0041271396912634373,-0.0021738589275628328,-0.00096844829386100173,-1.1239346349611878e-05,0.0016551394946873188,0.0025188643485307693,0.0035444370005279779,0.0050625973381102085,4.4189145774125942,2
distill:fred-price-return,DEXJPUS,TimesFM-laplace-qd,13881,0.0020125792956768862,0.00082692154683172703,0.0002993359521497041,-0.0031020853202790022,-0.0015189570840448141,-0.00047477794578298926,0.00041211492498405278,0.0012783539714291692,0.0020968420431017876,0.0030462369322776794,0.0043600271455943584,4.6482038072333536,2
distill:fred-price-return,DEXJPUS,Laplace-q-fixed-bandwidth,13882,0.00025128785155459354,1.9844231102120319e-05,-0.0046288764438780217,-0.0026474608103440166,-0.0015285240364644496,-0.00066529027804076405,0.00010904783609485298,0.00088119795986953738,0.0017362625349575988,0.0028323914503590722,0.0047219386164468018,4.9375504240905652,2
distill:fred-price-return,DEXJPUS,TimesFM-zero-shot,13882,0.00025128785155459354,0.00094453443307429552,0.00056236964883282781,-0.0041834581643342972,-0.0021803341805934906,-0.00091343279927968979,6.4372899942100048e-05,0.0017903801053762436,0.0027058320119976997,0.0037402482703328133,0.0053056869655847549,4.3133359584135338,2
distill:fred-price-return,DEXJPUS,TimesFM-laplace-qd,13882,0.00025128785155459354,0.00092049676459282637,0.00038684418541379273,-0.0032870031427592039,-0.0015969111118465662,-0.00045971645158715546,0.0004624605062417686,0.0014083500718697906,0.0022935213055461645,0.0032511777244508266,0.0045919273979961872,4.6111489231778773,2
distill:fred-price-return,DEXJPUS,Laplace-q-fixed-bandwidth,13883,0.0010045204260054064,3.0263842127717266e-05,-0.004381668645293952,-0.0025112054361476977,-0.0014485527375150519,-0.00062379703018797868,0.00011799381586803445,0.00085774348290329212,0.0016748918937479979,0.0027163725213329051,0.0044998558323743965,4.9023421247780652,2
distill:fred-price-return,DEXJPUS,TimesFM-zero-shot,13883,0.0010045204260054064,0.00096458918415009975,0.00050598446978256106,-0.0034847534261643887,-0.0016925380332395434,-0.00060544331790879369,0.0002330305433133617,0.0016590618761256337,0.0023980576079338789,0.003253870876505971,0.0045743375085294247,4.5373752068155397,2
distill:fred-price-return,DEXJPUS,TimesFM-laplace-qd,13883,0.0010045204260054064,0.001036696252413094,0.00043366965837776661,-0.0024649393744766712,-0.0010129599831998348,-7.4436989962123334e-05,0.00068296073004603386,0.001403811271302402,0.0020960867404937744,0.0028511155396699905,0.0039293640293180943,4.8775330073467282,2
distill:fred-price-return,DEXJPUS,Laplace-q-fixed-bandwidth,13884,0.00069002292359332529,4.1508929737221046e-05,-0.0041703536740289766,-0.002395476003591893,-0.0013795261282233701,-0.00058681212769595074,0.0001277731639365093,0.0008404348058556714,0.0016260023396279816,0.0026221407843537107,0.0043148245769286768,4.9887455220106744,2
distill:fred-price-return,DEXJPUS,TimesFM-zero-shot,13884,0.00069002292359332529,0.00088143686298280954,0.00058368564350530505,-0.0028075326699763536,-0.0013078604824841022,-0.00042661448242142797,0.00027292920276522636,0.0014774407027289271,0.0021221537608653307,0.0028927873354405165,0.0041236788965761662,4.6792247565712506,2
distill:fred-price-return,DEXJPUS,TimesFM-laplace-qd,13884,0.00069002292359332529,0.00085382559336721897,0.00053223175927996635,-0.0021182538475841284,-0.00088446144945919514,-9.9891476565971971e-05,0.00055293249897658825,0.0011938899988308549,0.0018319836817681789,0.0025357811246067286,0.0035946548450738192,4.9838122354881174,2
distill:fred-price-return,DEXJPUS,Laplace-q-fixed-bandwidth,13885,-0.0011293764533339967,5.2851296870439635e-05,-0.0039612533388734827,-0.0022822362967500837,-0.001311841070024429,-0.00055039767339740511,0.0001375943218226395,0.00082377789385827097,0.0015785186558426986,0.0025304340581526353,0.004132463466952843,4.8575573873353539,2
distill:fred-price-return,DEXJPUS,TimesFM-zero-shot,13885,-0.0011293764533339967,0.00085697800386697054,0.00070583651540800929,-0.0024495813995599747,-0.001117630279622972,-0.00030947025516070426,0.00030806646100245416,0.001395208528265357,0.001961858244612813,0.002631740877404809,0.0038049581926316023,4.8517011047701972,2
distill:fred-price-return,DEXJPUS,TimesFM-laplace-qd,13885,-0.0011293764533339967,0.00083907914813607931,0.00062816642457619309,-0.0019934787414968014,-0.00084364117356017232,-8.0649027950130403e-05,0.00053466670215129852,0.0011678908485919237,0.0017685233615338802,0.0024396241642534733,0.0035059810616075993,4.6996219709890319,2
distill:fred-price-return,DEXJPUS,Laplace-q-fixed-bandwidth,13886,-0.00037674243821239628,4.0461152970098513e-05,-0.0038264157913433725,-0.0022186158831301126,-0.0012819845030827574,-0.00054405541241849226,0.00012378124582614248,0.00078989280205548794,0.0015214390957625768,0.0024405521976686708,0.0039754365597116604,5.0574665111235602,2
distill:fred-price-return,DEXJPUS,TimesFM-zero-shot,13886,-0.00037674243821239628,0.00052618829067796469,0.00037045666249468923,-0.0027544153854250908,-0.0014197141863405704,-0.00063777179457247257,-1.8225837266072631e-05,0.0010497125331312418,0.0016403032932430506,0.0023146024905145168,0.0034464418422430754,4.8469096668685783,2
distill:fred-price-return,DEXJPUS,TimesFM-laplace-qd,13886,-0.00037674243821239628,0.00054982490837574005,0.00030035592499189079,-0.0023030715528875589,-0.0011550297494977713,-0.00039841560646891594,0.00024930699146352708,0.00084674835670739412,0.0014727318193763494,0.0021501220762729645,0.0031793334055691957,5.0309404967100599,2
distill:fred-price-return,DEXJPUS,Laplace-q-fixed-bandwidth,13887,0.0026968563493179332,2.902917896634778e-05,-0.0036672057914482088,-0.0021429127671417723,-0.0012450800920075756,-0.0005340383228619901,0.00011080043700381623,0.00075400919120222737,0.00145903736224188,0.0023404662178710426,0.0037968069774095082,4.3458965628678818,2
distill:fred-price-return,DEXJPUS,TimesFM-zero-shot,13887,0.0026968563493179332,0.00032567617017775774,0.00030897688702680171,-0.002541710389778018,-0.0013643363490700722,-0.0006643550586886704,-0.00014020722301211208,0.00078342697815969586,0.001314000110141933,0.0019168899161741138,0.0029908723663538694,4.3861971755934057,2
distill:fred-price-return,DEXJPUS,TimesFM-laplace-qd,13887,0.0026968563493179332,0.00029537058435380459,0.00032162759453058243,-0.0023487093858420849,-0.0012787923915311694,-0.00056861864868551493,9.8668315331451595e-06,0.00059759448049589992,0.0012073685647919774,0.0018825521692633629,0.0029452906455844641,4.2816230698440414,2
distill:fred-price-return,DEXJPUS,Laplace-q-fixed-bandwidth,13888,0.0012518779802199731,5.5982790059478052e-05,-0.0036171136657000918,-0.0021010946878921521,-0.0012091758644106145,-0.00050324391496201328,0.00013680374851253674,0.00077523075203990975,0.0014751844036947491,0.0023507851496720948,0.0037992000045506537,4.9673494534770981,2
distill:fred-price-return,DEXJPUS,TimesFM-zero-shot,13888,0.0012518779802199731,0.00093821506015956402,0.00079842179547995329,-0.0028662597760558128,-0.0013243263820186257,-0.00042348852730356157,0.00030991557287052274,0.0015553499106317759,0.0022300488781183958,0.0030313392635434866,0.0043165236711502075,4.6635582214198825,2
distill:fred-price-return,DEXJPUS,TimesFM-laplace-qd,13888,0.0012518779802199731,0.0010615711798891425,0.00078806048259139061,-0.0019984720274806023,-0.00072844687383621931,8.1537844380363822e-05,0.00076271337457001209,0.0013766667107120156,0.002022371394559741,0.0027554398402571678,0.00384301389567554,4.9838592821973293,2
distill:fred-price-return,DEXJPUS,Laplace-q-fixed-bandwidth,13889,0.00068786545563170876,8.8523364436634156e-05,-0.0034515633309296009,-0.0020000322871293651,-0.0011384192150597256,-0.00045378875157777397,0.00016790887450583619,0.00078805966703994349,0.0014669916225105231,0.0023131311508913649,0.0037009354797572693,5.1300770144961128,2
distill:fred-price-return,DEXJPUS,TimesFM-zero-shot,13889,0.00068786545563170876,0.00081883231177926064,0.00057253835257142782,-0.0031042073387652636,-0.001517079770565033,-0.00057833467144519091,0.00016648390737827867,0.0014467921573668718,0.0021521716844290495,0.0029691332019865513,0.0042774281464517117,4.6148941162231845,2
distill:fred-price-return,DEXJPUS,TimesFM-laplace-qd,13889,0.00068786545563170876,0.00087965826969593763,0.00049805414164438844,-0.0024752158205956221,-0.0011084653669968247,-0.00021477701375260949,0.00051894376520067453,0.0012597156455740333,0.0019668983295559883,0.0027558980509638786,0.0039291526190936565,4.8600815123845251,2
distill:fred-price-return,DEXJPUS,Laplace-q-fixed-bandwidth,13890,0,0.00010483399440929946,-0.0032901289399943625,-0.0019093663087352097,-0.0010806678688402764,-0.000419132934379791,0.00018268606148497536,0.00078303639186534137,0.0014391781000982335,0.0022533195575651036,0.0035747044015010439,5.1961130392235759,2
distill:fred-price-return,DEXJPUS,TimesFM-zero-shot,13890,0,0.00065845146309584379,0.00043220038060098886,-0.0023418376222252846,-0.0010979459621012211,-0.00037049734964966774,0.00016848489758558571,0.0011127053294330835,0.001626653247512877,0.0022114040330052376,0.0032167704775929451,4.9313523705603277,2
distill:fred-price-return,DEXJPUS,TimesFM-laplace-qd,13890,0,0.00071257760282605886,0.00035898399073630571,-0.0018041846342384815,-0.00076279416680335999,-8.1599471741355956e-05,0.0004608271992765367,0.00097020925022661686,0.0014909969177097082,0.0020423850510269403,0.002913190983235836,5.1472521986345434,2
distill:fred-price-return,DEXJPUS,Laplace-q-fixed-bandwidth,13891,0.0018111986964202131,0.00011065931931009986,-0.003146665482879315,-0.0018327929319970409,-0.0010353213257805467,-0.00039583291933740561,0.00018695258421065156,0.00076834278216784567,0.0014027221917068938,0.0021864923657996731,0.0034451338405835489,4.8221728945360134,2
distill:fred-price-return,DEXJPUS,TimesFM-zero-shot,13891,0.0018111986964202131,0.00034658508957363665,0.0003378423280082643,-0.0020724276546388865,-0.0010247220052406192,-0.00047605764120817184,-3.4819720895029604e-05,0.00070041167782619596,0.0011157840490341187,0.0016159192891791463,0.0025123802479356527,4.8486533633361102,2
distill:fred-price-return,DEXJPUS,TimesFM-laplace-qd,13891,0.0018111986964202131,0.00038158410461619496,0.00038781462353654206,-0.0018118516309186816,-0.00088503735605627298,-0.00032194593222811818,0.00016606334247626364,0.0005891796899959445,0.0010634532663971186,0.0015881683211773634,0.002436839509755373,4.8071637123900075,2
distill:fred-price-return,DEXJPUS,Laplace-q-fixed-bandwidth,13892,-0.00087396222555202741,0.00013012989888626519,-0.0030536650112671032,-0.0017737360444091829,-0.00099335238550154808,-0.00036647767092636268,0.00020519655856237836,0.00077551346539606091,0.0013974227929708239,0.0021645251879258073,0.0033912043574474502,5.0450357494430378,2
distill:fred-price-return,DEXJPUS,TimesFM-zero-shot,13892,-0.00087396222555202741,0.0010156568605452776,0.00088543351739645004,-0.0016983627574518323,-0.00053958536591380835,0.00010525240213610232,0.000586591602768749,0.0013853635173290968,0.0018020601710304618,0.0022839843295514584,0.0031067945528775454,4.7486842013563333,2
distill:fred-price-return,DEXJPUS,TimesFM-laplace-qd,13892,-0.00087396222555202741,0.0010224445722997189,0.00076449674088507891,-0.0014464722480624914,-0.00039588744402863085,0.00025888165691867471,0.00078566279262304306,0.001241192570887506,0.0017326538218185306,0.0022499810438603163,0.0030057858675718307,4.537852843193825,2
distill:fred-price-return,DEXJPUS,Laplace-q-fixed-bandwidth,13893,0.00068674889541586737,0.00014034278942432331,-0.0029473258412669877,-0.0017128624808106937,-0.0009545607364369904,-0.00034367751997377381,0.00021402913144814563,0.00077042813023064959,0.001376537563734959,0.0021221253640779877,0.0033060824411590582,5.2422916934422918,2
distill:fred-price-return,DEXJPUS,TimesFM-zero-shot,13893,0.00068674889541586737,0.000562240369617939,0.00033572161919437349,-0.0029894444160163403,-0.0015405939193442464,-0.00070939556462690234,-3.5445904359221458e-05,0.0011245907517150044,0.0017391325673088431,0.002482700627297163,0.0036775660701096058,4.7365333458916359,2
distill:fred-price-return,DEXJPUS,TimesFM-laplace-qd,13893,0.00068674889541586737,0.00050521525554358959,0.00028520452906377614,-0.0023879017680883408,-0.0011919456301257014,-0.00044938817154616117,0.00018450958305038512,0.00080993311712518334,0.0014181224396452308,0.0021098728757351637,0.0031501390039920807,5.0179246665534052,2
distill:fred-price-return,DEXJPUS,Laplace-q-fixed-bandwidth,13894,0.0014967261914797803,0.00014071108394574601,-0.0028377215421149849,-0.0016552948659291325,-0.00092199540162637007,-0.00032912168897879896,0.00021289492158155712,0.00075366167240678941,0.0013419805652414678,0.0020632140516566384,0.0031983077375905438,5.007618473611223,2
distill:fred-price-return,DEXJPUS,TimesFM-zero-shot,13894,0.0014967261914797803,0.0005694954888895154,0.00049106194637715816,-0.0025920141488313675,-0.0013050984125584364,-0.00056147447321563959,3.3710384741425514e-05,0.0010811146348714828,0.0016312296502292156,0.0022814834956079721,0.0033565512858331203,4.84474771235283,2
distill:fred-price-return,DEXJPUS,TimesFM-laplace-qd,13894,0.0014967261914797803,0.00051982712466269732,0.00042924744775518775,-0.0021502578165382147,-0.001058081747032702,-0.00036793269100598991,0.00021964577899780124,0.00079775857739150524,0.0013604066334664822,0.0019781221635639668,0.0029224720783531666,4.9794227426646991,2
distill:fred-price-return,DEXJPUS,Laplace-q-fixed-bandwidth,13895,0.00024923671385757018,0.00016451023202202768,-0.002739743962311407,-0.0015913925762552454,-0.00087536578257982529,-0.00029529857126712729,0.00023541705456950427,0.00076492106976982989,0.0013405752602283416,0.0020449507676781088,0.0031479424805375767,5.3329115921783208,2
distill:fred-price-return,DEXJPUS,TimesFM-zero-shot,13895,0.00024923671385757018,0.00088510889327153563,0.00071630842285230756,-0.0018705555703490973,-0.00066827086266130209,-3.9233913412317634e-05,0.00045208761002868414,0.0012920401059091091,0.0017481271643191576,0.0022876111324876547,0.00320405513048172,5.0457341336400052,2
distill:fred-price-return,DEXJPUS,TimesFM-laplace-qd,13895,0.00024923671385757018,0.00089994072914123535,0.00067334389314055443,-0.0014064684510231018,-0.00039815745549276471,0.00017881306121125817,0.00066681671887636185,0.0011431097518652678,0.0016203331761062145,0.0021531619131565094,0.0029637299012392759,5.2612825804442309,2
distill:fred-price-return,DEXJPUS,Laplace-q-fixed-bandwidth,13896,-0.0016835545675633057,0.00019003381130318613,-0.0026148877724105971,-0.001513250550555633,-0.00082010482451192954,-0.00025669691225946995,0.00025943830716208924,0.00077441171137290743,0.001333602400723393,0.0020156704919612068,0.0030747410853588413,4.6490358133363241,2
distill:fred-price-return,DEXJPUS,TimesFM-zero-shot,13896,-0.0016835545675633057,0.0005267502274364233,0.00043832219671458006,-0.0021973904222249985,-0.0010401960462331772,-0.00044218779657967389,7.3260525823570788e-05,0.00093954009935259819,0.0014147931942716241,0.0019873478449881077,0.0029427525587379932,4.265775107997734,2
distill:fred-price-return,DEXJPUS,TimesFM-laplace-qd,13896,-0.0016835545675633057,0.00055934296688064933,0.0005113859660923481,-0.0018078878056257963,-0.00082121207378804684,-0.00024460174608975649,0.0003006427432410419,0.00080200785305351019,0.0012997962767258286,0.0018708372954279184,0.0027512144297361374,3.6499862456991008,2
distill:fred-price-return,DEXJPUS,Laplace-q-fixed-bandwidth,13897,-0.00024965672330345967,0.00018420757142947799,-0.0025915434765119787,-0.0015011675477414094,-0.00081530989981249097,-0.00025789814554525749,0.00025271677731258967,0.00076218437902558106,0.0013154259265700939,0.0019903287735267678,0.0030385976636209443,5.3121994911105226,2
distill:fred-price-return,DEXJPUS,TimesFM-zero-shot,13897,-0.00024965672330345967,-0.00021068622299935669,-0.00027690804563462734,-0.0034378038253635168,-0.0021105108316987753,-0.001374428509734571,-0.0007603963022120297,0.00028242956614121795,0.00085399835370481014,0.0015337449731305242,0.0026539324317127466,4.8195245251312757,2
distill:fred-price-return,DEXJPUS,TimesFM-laplace-qd,13897,-0.00024965672330345967,-0.00018522077880334109,-0.0001112979807658121,-0.0030342545360326767,-0.0018840511329472065,-0.001171400654129684,-0.00054224312771111727,0.00012951967073604465,0.00072312215343117714,0.0014028502628207207,0.0024535388220101595,4.9964594751799822,2
distill:fred-price-return,DEXJPUS,Laplace-q-fixed-bandwidth,13898,0.0011853147150278076,0.00016283920523238007,-0.0025270331444331665,-0.0014764410079535556,-0.000810510880550925,-0.00026777540990975321,0.00022993066221011109,0.00072653182656553887,0.0012652627884691082,0.0019207204601898744,0.0029315234066140975,5.1974684659958195,2
distill:fred-price-return,DEXJPUS,TimesFM-zero-shot,13898,0.0011853147150278076,0.00013943554949946702,4.4120766688138247e-05,-0.0031153443269431591,-0.0017943584825843573,-0.0010295761749148369,-0.00040749047184363008,0.00066390121355652809,0.0012539122253656387,0.0019459424074739218,0.0031050611287355423,4.7811303131612588,2
distill:fred-price-return,DEXJPUS,TimesFM-laplace-qd,13898,0.0011853147150278076,0.00015029468340799212,0.0001401248446200043,-0.0025927065871655941,-0.0014859788352623582,-0.000784156727604568,-0.00016929279081523418,0.00044041895307600498,0.0010312744416296482,0.0016915935557335615,0.0027086266782134771,4.9108993305639377,2
distill:fred-price-return,DEXJPUS,Laplace-q-fixed-bandwidth,13899,-0.0010604785623158364,0.00017039605472964674,-0.0024502616591719536,-0.001430973840439317,-0.00078128352058904444,-0.00025071853367546421,0.00023620060916206996,0.00072205003887778078,0.0012487410492116038,0.0018883321488491716,0.0028695815442033026,5.0308744130846241,2
distill:fred-price-return,DEXJPUS,TimesFM-zero-shot,13899,-0.0010604785623158364,0.0005589132197201252,0.00025101462961174548,-0.0026875578332692385,-0.0013199741952121258,-0.00057931884657591581,2.1806015865877271e-05,0.0010513560846447945,0.0015754626365378499,0.0021984141785651445,0.0032158161047846079,4.9250774886540292,2
distill:fred-price-return,DEXJPUS,TimesFM-laplace-qd,13899,-0.0010604785623158364,0.00064364814897999167,0.00032595926313661039,-0.0021254925522953272,-0.00094614049885421991,-0.00026039613294415176,0.00033174559939652681,0.00090288929641246796,0.0014179602731019258,0.0020018778741359711,0.0028723690193146467,4.8678842300240408,2
distill:fred-price-return,DEXJPUS,Laplace-q-fixed-bandwidth,13900,0.0071519941662900877,0.0001860321538568688,-0.0023825220222782216,-0.001385953762257579,-0.00074868400555457189,-0.00022765799375634412,0.00025071829237699765,0.00072805008880262438,0.0012452955784965165,0.001872731754286197,0.0028324521067954848,0.66602370999001026,2
distill:fred-price-return,DEXJPUS,TimesFM-zero-shot,13900,0.0071519941662900877,3.5982666304334998e-06,-2.3207758204080164e-05,-0.0029745290521532297,-0.0017400262877345085,-0.0010651847114786506,-0.000509228790178895,0.00048720571794547141,0.00098705338314175606,0.0016044399235397577,0.0026634810492396355,0.84517323540804234,2
distill:fred-price-return,DEXJPUS,TimesFM-laplace-qd,13900,0.0071519941662900877,3.7311314372345805e-05,0.00010562973329797387,-0.0024519243743270636,-0.0014368677511811256,-0.000826870440505445,-0.00027820994728244841,0.00031792110530659556,0.00081713881809264421,0.001401243731379509,0.0023192414082586765,-0.254978491296392,2
distill:fred-price-return,DEXJPUS,Laplace-q-fixed-bandwidth,13901,0.00086719529716017263,0.0001680081959858348,-0.00264599380043023,-0.0015303812127212258,-0.00083742851164931502,-0.00027682289645998516,0.00023582746489352692,0.00074730815676910629,0.0013036556493646134,0.0019853357952533826,0.0030568056064545395,5.2829639843521514,2
distill:fred-price-return,DEXJPUS,TimesFM-zero-shot,13901,0.00086719529716017263,0.00053976068738847971,0.00068791804369539022,-0.0031889495439827442,-0.0017656296258792281,-0.00090158858802169561,-0.00015981789329089224,0.0012160954065620899,0.001955096609890461,0.0029117153026163578,0.004506625235080719,4.5387916368570851,2
distill:fred-price-return,DEXJPUS,TimesFM-laplace-qd,13901,0.00086719529716017263,0.00042787694837898016,0.00073914672248065472,-0.0028239879757165909,-0.0015967903891578317,-0.00077955948654562235,-2.5195942725986242e-05,0.00086298334645107388,0.0016157627105712891,0.0025537884794175625,0.0040155141614377499,4.7132591763984326,2
distill:fred-price-return,DEXJPUS,Laplace-q-fixed-bandwidth,13902,0.00024763202008593055,0.00031361790960014133,-0.0024098649339074456,-0.0013367764414208292,-0.00066467903553694507,-0.0001192722203447369,0.00038006691753693985,0.00087828335549243919,0.0014196078881429878,0.0020809515275183313,0.0031124215395197229,5.3891056552142942,2
distill:fred-price-return,DEXJPUS,TimesFM-zero-shot,13902,0.00024763202008593055,0.00065842311596497893,0.0007631469052284956,-0.0027356939390301704,-0.0014138405676931143,-0.00063676148420199752,2.4155713617801666e-05,0.0012571371626108885,0.0019169822335243225,0.0027542645111680031,0.0042023607529699802,4.6687023245109547,2
distill:fred-price-return,DEXJPUS,TimesFM-laplace-qd,13902,0.00024763202008593055,0.00065370579250156879,0.00084049790166318417,-0.0023070164024829865,-0.0011586667969822884,-0.00041917880298569798,0.00025523855583742261,0.0010333731770515442,0.0017007187707349658,0.0025123809464275837,0.0038135251961648464,4.8796147263376497,2
distill:fred-price-return,DEXJPUS,Laplace-q-fixed-bandwidth,13903,0.001299063001654055,0.00033176469842443142,-0.0023008840347140255,-0.0012703129533116295,-0.00061918506753419348,-8.9102839026674826e-05,0.00039680099017249564,0.00088162837211611285,0.0014078035990561964,0.0020486940810120376,0.0030401510849094133,5.2334786773651709,2
distill:fred-price-return,DEXJPUS,TimesFM-zero-shot,13903,0.001299063001654055,0.00037598385824821889,0.00045863277046009898,-0.0027357905637472868,-0.0015155399451032281,-0.00081441819202154875,-0.00020922438125126064,0.00092819740530103445,0.0015220411587506533,0.0023026124108582735,0.0036428323946893215,4.7001394724844534,2
distill:fred-price-return,DEXJPUS,TimesFM-laplace-qd,13903,0.001299063001654055,0.00042654233402572572,0.00055823731236159801,-0.0023198104463517666,-0.0012553143315017223,-0.00056913355365395546,6.7283632233738899e-05,0.00075666233897209167,0.0013755266554653645,0.0021592306438833475,0.003377825953066349,4.8383823991385961,2
distill:fred-price-return,DEXJPUS,Laplace-q-fixed-bandwidth,13904,-0.00055653465864669016,0.00034530744327984333,-0.0022174598260092,-0.0012187122768732345,-0.00058392549303749918,-6.6033785825094703e-05,0.00040908715923389401,0.000883166184284025,0.0013972832353977421,0.0020222113525939925,0.0029836373486967502,5.2075099668941647,2
distill:fred-price-return,DEXJPUS,TimesFM-zero-shot,13904,-0.00055653465864669016,0.00068891060072928667,0.00070525379851460457,-0.0023804849479347467,-0.0011655432172119617,-0.00046206120168790221,0.00013103779929224402,0.0012074626283720136,0.001768479123711586,0.0025062873028218746,0.0037922356277704239,5.1034549910474158,2
distill:fred-price-return,DEXJPUS,TimesFM-laplace-qd,13904,-0.00055653465864669016,0.0006966646178625524,0.00075783091597259045,-0.0018398736137896776,-0.0008426245185546577,-0.00019248249009251595,0.00039156107231974602,0.0009675880428403616,0.0015117279253900051,0.0022055783774703741,0.0032983028795570135,5.3032037672454644,2
distill:fred-price-return,DEXJPUS,Laplace-q-fixed-bandwidth,13905,0,0.00036486535082182691,-0.002135170001215575,-0.0011645885519047448,-0.00054456675123480192,-3.7796883939557349e-05,0.00042744489870308116,0.00089167566835169786,0.0013947858269918211,0.0020052814039207062,0.0029400867197903486,5.414487666600035,2
distill:fred-price-return,DEXJPUS,TimesFM-zero-shot,13905,0,0.00031025565112940967,0.00027918809792026877,-0.0025068547111004591,-0.0013772057136520743,-0.00072379421908408403,-0.00019241799600422382,0.00079563388135284185,0.0013082209043204784,0.0019497947068884969,0.0031323076691478491,4.8994875038365979,2
distill:fred-price-return,DEXJPUS,TimesFM-laplace-qd,13905,0,0.00041205660090781748,0.0004250256170053035,-0.0020904561970382929,-0.0011014097835868597,-0.00046320739784277976,0.0001115796621888876,0.00070715486072003841,0.0012576015433296561,0.001919350354000926,0.0030210770200937986,5.1023073635262133,2
distill:fred-price-return,DEXJPUS,Laplace-q-fixed-bandwidth,13906,0.0016069224718648911,0.00035344872655734523,-0.0020745989306186837,-0.0011367089701692155,-0.00053355134925127346,-3.9377706216053179e-05,0.00041471725844162075,0.00086783705162249078,0.001358485861417224,0.0019525043818456856,0.0028564382271539864,5.1288641425207935,2
distill:fred-price-return,DEXJPUS,TimesFM-zero-shot,13906,0.0016069224718648911,0.00014330892008729279,0.00018158201419282705,-0.0026114394422620535,-0.0015114410780370235,-0.00088289362611249089,-0.00036291085416451097,0.00061995408032089472,0.0011364017846062779,0.0018147367518395185,0.0030078249983489513,4.7124106838919824,2
distill:fred-price-return,DEXJPUS,TimesFM-laplace-qd,13906,0.0016069224718648911,0.000229137614951469,0.00036913593066856265,-0.0020824370440095663,-0.0011732205748558044,-0.00058636919129639864,-5.6249176850542426e-05,0.00049247691640630364,0.0010235470253974199,0.0016936147585511208,0.0027711454313248396,4.7461439714410032,2
distill:fred-price-return,DEXJPUS,Laplace-q-fixed-bandwidth,13907,0.0041905527522514419,0.0003670219931541932,-0.0020126509427694618,-0.0010956731166525771,-0.0005040885788347208,-1.8849435547870053e-05,0.00042722826139982912,0.00087235369368635508,0.0013541540756744244,0.0019368394675467722,0.0028209263825158676,3.3770088035676347,2
distill:fred-price-return,DEXJPUS,TimesFM-zero-shot,13907,0.0041905527522514419,0.00060488283634185791,0.00072448281571269035,-0.0019045858643949032,-0.00089016504352912307,-0.00033087324118241668,0.00014984470908530056,0.0010401759063825011,0.001523780869320035,0.0021686358377337456,0.0033174650743603706,3.5889410421306591,2
distill:fred-price-return,DEXJPUS,TimesFM-laplace-qd,13907,0.0041905527522514419,0.00058765045832842588,0.00079174712300300598,-0.0014740647748112679,-0.00064794014906510711,-0.00013874398428015411,0.00034146918915212154,0.0008333933656103909,0.0013093971647322178,0.0019261850975453854,0.0029470378067344427,3.3953982844245032,2
distill:fred-price-return,DEXJPUS,Laplace-q-fixed-bandwidth,13908,-0.0012306936511192745,0.00043982156987135542,-0.0020214596426742391,-0.0010618847829141028,-0.0004524309035984873,4.4659069596991765e-05,0.00050065094418226476,0.00095564677906081552,0.0014491266292606963,0.0020491467831322595,0.0029729725692343974,4.7668168119559891,2
distill:fred-price-return,DEXJPUS,TimesFM-zero-shot,13908,-0.0012306936511192745,0.00094320118660107255,0.001025195699185133,-0.0020685510244220495,-0.00090557016665115952,-0.00022667995654046535,0.00037017493741586804,0.0014913431368768215,0.0020953696221113205,0.0028764684684574604,0.0042446521110832691,4.5948979264833127,2
distill:fred-price-return,DEXJPUS,TimesFM-laplace-qd,13908,-0.0012306936511192745,0.00075853173620998859,0.00095548731042072177,-0.0018305336125195026,-0.00084037944907322526,-0.00019102590158581734,0.00041906663682311773,0.0010925054084509611,0.0017124630976468325,0.0024859728291630745,0.0037469398230314255,4.4287814849747136,2
distill:fred-price-return,DEXJPUS,Laplace-q-fixed-bandwidth,13909,-0.009340948188174103,0.00048500129276690874,-0.0019510753796196495,-0.0010010709531168352,-0.0003979465011966567,9.3897469298314632e-05,0.00054504701469657653,0.00099521069107332515,0.0014834839800965489,0.0020772761917341063,0.0029918970984339288,-4.4126470593011327,2
distill:fred-price-return,DEXJPUS,TimesFM-zero-shot,13909,-0.009340948188174103,0.00043122173519805074,0.00053033605217933655,-0.0020014580804854631,-0.0010325785260647535,-0.00049593171570450068,-2.5868706870824099e-05,0.00086273538181558251,0.0013486433308571577,0.0019775079563260078,0.0031105894595384598,-12.116090617196418,2
distill:fred-price-return,DEXJPUS,TimesFM-laplace-qd,13909,-0.009340948188174103,0.00047007718239910901,0.00066718668676912785,-0.0015535047277808189,-0.00075547426240518689,-0.00026141933631151915,0.0002179466828238219,0.00071442278567701578,0.0012127505615353584,0.0018317201174795628,0.0028404551558196545,-15.132740962253699,2
distill:fred-price-return,DEXJPUS,Laplace-q-fixed-bandwidth,13910,0.008540184339908663,0.00027224660240124366,-0.0025932613931888213,-0.0014302796420618735,-0.00072366985909100951,-0.00015640531386879148,0.00036065305406676333,0.00087608331408604335,0.0014373925239641585,0.0021280721497998019,0.0032269276138202517,0.11842508816513711,2
distill:fred-price-return,DEXJPUS,TimesFM-zero-shot,13910,0.008540184339908663,-0.0001060047943610698,-0.00017391287838108838,-0.0041821449995040894,-0.0025556799955666065,-0.0015964142512530088,-0.00081850599963217974,0.00059769983636215329,0.0013352269306778908,0.002247943077236414,0.0037164206150919199,1.5066372596221462,2
distill:fred-price-return,DEXJPUS,TimesFM-laplace-qd,13910,0.008540184339908663,0.00021783802367281169,0.00024797138758003712,-0.0034136578906327486,-0.0019716485403478146,-0.0010518706403672695,-0.00025153666501864791,0.00069766782689839602,0.0014641453744843602,0.0023801324423402548,0.0037661597598344088,1.428025999163191,2
distill:fred-price-return,DEXJPUS,Laplace-q-fixed-bandwidth,13911,-0.0022826130395854349,-5.7367659468242833e-05,-0.0033224559813441234,-0.0019608307847235832,-0.0011642799074869914,-0.00053439412777979184,3.6394450962165699e-05,0.00060527713313832305,0.0012281348335006507,0.0020054771822817837,0.0032866945375026402,4.4239448911941706,2
distill:fred-price-return,DEXJPUS,TimesFM-zero-shot,13911,-0.0022826130395854349,0.00088375015184283257,0.0011078841052949429,-0.0028101594652980566,-0.0013858422171324492,-0.00051423971308395267,0.00020777613099198788,0.0015363432466983795,0.0022509000264108181,0.0032016411423683167,0.0048345187678933144,3.5611374070112847,2
distill:fred-price-return,DEXJPUS,TimesFM-laplace-qd,13911,-0.0022826130395854349,0.00049032928654924035,0.00090647913748398423,-0.0027410928159952164,-0.0014997178222984076,-0.00067839998519048095,5.2668663556687534e-05,0.00093319348525255919,0.0016632362967357039,0.0026029087603092194,0.0041177663952112198,3.5956565386877686,2
distill:fred-price-return,DEXJPUS,Laplace-q-fixed-bandwidth,13912,0.0046829834797010861,0.0003602130268444845,-0.002890389755413475,-0.0015330216408639529,-0.00074045872861993548,-0.00011429216212557248,0.00045291911403920584,0.0010182332279123356,0.0016373957795744946,0.0024107994674528342,0.0036879048601670683,3.4572028647853217,2
distill:fred-price-return,DEXJPUS,TimesFM-zero-shot,13912,0.0046829834797010861,0.00026395957684144378,0.00035455802571959794,-0.002928122878074646,-0.0016424464993178844,-0.0008913179044611752,-0.00029231689404696226,0.00081437284825369716,0.0014172960072755814,0.0021963964682072401,0.003548474283888936,3.39722031645899,2
distill:fred-price-return,DEXJPUS,TimesFM-laplace-qd,13912,0.0046829834797010861,0.00035795534495264292,0.00054419436492025852,-0.0024545935448259115,-0.0013211860787123442,-0.00059927126858383417,2.7306785341352224e-05,0.00070974614936858416,0.0013322450686246157,0.0021064633037894964,0.0033634754363447428,3.3069318997984296,2
distill:fred-price-return,DEXJPUS,Laplace-q-fixed-bandwidth,13913,-0.00233875045057097,9.4169081533142636e-05,-0.0033261859093854122,-0.0018788966742504711,-0.0010491660909826826,-0.00039935588027897439,0.0001872167730624977,0.00077176225857005984,0.0014140550552230184,0.0022230057486079119,0.0035826803073022526,4.3104995029999706,2
distill:fred-price-return,DEXJPUS,TimesFM-zero-shot,13913,-0.00233875045057097,0.00037232556496746838,0.00070998625596985221,-0.0029910444281995296,-0.001706661656498909,-0.0009168576798401773,-0.00025342300068587065,0.00099663692526519299,0.0016888310201466084,0.002618702594190836,0.0041947211138904095,3.8282776095438633,2
distill:fred-price-return,DEXJPUS,TimesFM-laplace-qd,13913,-0.00233875045057097,0.00010461783676873893,0.00057330075651407242,-0.0029573498759418726,-0.0017931736074388027,-0.0010193961206823587,-0.00031101115746423602,0.00053053308511152864,0.001259207259863615,0.0022001715842634439,0.0036883361171931028,3.9000623103193512,2
distill:fred-price-return,DEXJPUS,Laplace-q-fixed-bandwidth,13914,-0.0060568788380948035,0.00042361253572545144,-0.0030001528252839573,-0.001548416483089794,-0.0007185075617755143,-6.9626697213154574e-05,0.0005157085490436438,0.0010990114919717882,0.0017403456234622646,0.0025493624949025212,0.0039131010950247862,2.4512156022821827,2
distill:fred-price-return,DEXJPUS,TimesFM-zero-shot,13914,-0.0060568788380948035,0.00015260234067682177,0.00036957691190764308,-0.0029738761950284243,-0.0017199057620018721,-0.0010012320708483458,-0.00038691499503329396,0.00069242913741618395,0.001300065778195858,0.0021058185957372189,0.0035123729612678289,-1.7359376903151773,2
distill:fred-price-return,DEXJPUS,TimesFM-laplace-qd,13914,-0.0060568788380948035,0.00035419670166447759,0.00071343127638101578,-0.0024182170163840055,-0.0013251113705337048,-0.00062460987828671932,2.4112581741064787e-05,0.00070020498242229223,0.0013342592865228653,0.0021414072252810001,0.0034704611171036959,-3.1878335865903815,2
distill:fred-price-return,DEXJPUS,Laplace-q-fixed-bandwidth,13915,0.0062417160278629424,0.00044436069585964143,-0.003367040761048024,-0.0017239699786256051,-0.00080462286674985771,-9.6244160179129708e-05,0.00053885319344677699,0.0011716181741901737,0.0018712799549532267,0.0027661945555202518,0.0043087483113017572,2.9648156283928659,2
distill:fred-price-return,DEXJPUS,TimesFM-zero-shot,13915,0.0062417160278629424,-0.00029539532260969281,-0.00013630648027174175,-0.0040418161079287529,-0.0025626863352954388,-0.0016838343581184745,-0.00095650285948067904,0.00036563863977789879,0.0010877570603042841,0.0020124316215515137,0.0035699107684195042,2.6828983690638548,2
distill:fred-price-return,DEXJPUS,TimesFM-laplace-qd,13915,0.0062417160278629424,7.5713483965955675e-05,0.00044438612530939281,-0.0032333862036466599,-0.0019482115749269724,-0.0011136955581605434,-0.00035719940206035972,0.00052095938008278608,0.0012658023042604327,0.0021962930914014578,0.0036756179761141539,2.7189602728507616,2
distill:fred-price-return,DEXJPUS,Laplace-q-fixed-bandwidth,13916,-0.0011095359579984532,-0.00013642174766988931,-0.0042687034392736578,-0.0024765761043611424,-0.0014790860574306376,-0.00071894495095560723,-4.0924875150577159e-05,0.00063449040363928598,0.0013848608633513029,0.0023548979036239984,0.0040400265562481911,4.9109845604420199,2
distill:fred-price-return,DEXJPUS,TimesFM-zero-shot,13916,-0.0011095359579984532,0.0005554110393859446,0.00073893362423405051,-0.0033672861754894257,-0.0018301298841834068,-0.00092197995400056243,-0.00013929727720096707,0.0012288861908018589,0.001981689129024744,0.0029700538143515587,0.0046062730252742767,4.9324778895419659,2
distill:fred-price-return,DEXJPUS,TimesFM-laplace-qd,13916,-0.0011095359579984532,0.00020118257089052349,0.00062153523322194815,-0.0032393056899309158,-0.0019075174350291491,-0.0010517365299165249,-0.00025430013192817569,0.00065169017761945724,0.0014267012011259794,0.0024219718761742115,0.0039612515829503536,5.0693147145745181,2
distill:fred-price-return,DEXJPUS,Laplace-q-fixed-bandwidth,13917,-6.1676997582971183e-05,0.00031384467006685175,-0.0036434927388228362,-0.0019299874940978227,-0.00097567029811655433,-0.00024512609705736738,0.00040792201006203867,0.0010585124458015278,0.0017798536200980927,0.0027083111171886487,0.0043182692675476468,5.0718769260197156,2
distill:fred-price-return,DEXJPUS,TimesFM-zero-shot,13917,-6.1676997582971183e-05,0.0003425506001804024,0.0005486144800670445,-0.0025809337384998798,-0.0014161150902509689,-0.00073240790516138077,-0.00016012974083423615,0.00085141381714493036,0.0014078100211918354,0.0021420759148895741,0.0034743226133286953,4.8516272122324988,2
distill:fred-price-return,DEXJPUS,TimesFM-laplace-qd,13917,-6.1676997582971183e-05,0.00035290772211737931,0.00069113023346289992,-0.0021770605817437172,-0.0011849697912111878,-0.00052702490938827395,6.4867548644542694e-05,0.00065018661553040147,0.0012246205005794764,0.0019495278829708695,0.0031556049361824989,5.0823654182860309,2
distill:fred-price-return,DEXJPUS,Laplace-q-fixed-bandwidth,13918,0.0017870902922867415,0.00024263892225589764,-0.0035163157954614267,-0.0018950230096307441,-0.00098854739815539732,-0.00029049709015760856,0.00033519199183234898,0.00095858660456763422,0.0016480628432453313,0.0025304955157183914,0.0040530008050192077,4.8523517239697824,2
distill:fred-price-return,DEXJPUS,TimesFM-zero-shot,13918,0.0017870902922867415,-0.00011204656038898975,2.6132212951779366e-05,-0.002835030434653163,-0.0017364538507536054,-0.0011113019427284598,-0.00058423064183443785,0.0003527834196574986,0.0008822958916425705,0.0015956948045641184,0.0028529460541903973,4.5339857365654552,2
distill:fred-price-return,DEXJPUS,TimesFM-laplace-qd,13918,0.0017870902922867415,-3.1096744351089001e-05,0.0002285079681314528,-0.0023947823792695999,-0.0014608746860176325,-0.00086010509403422475,-0.00030227750539779663,0.00024450261844322085,0.00079582241596654058,0.0015194516163319349,0.0026922300457954407,4.4867149138652387,2
distill:fred-price-return,DEXJPUS,Laplace-q-fixed-bandwidth,13919,6.1566877040064583e-05,0.00015180846688752852,-0.0034807373195776242,-0.0019191987991584256,-0.0010426463105686744,-0.00036520339356049304,0.00024296504014250904,0.00084893893857974705,0.0015181909429113688,0.002371824535430393,0.0038382158068917972,5.1750673167953067,2
distill:fred-price-return,DEXJPUS,TimesFM-zero-shot,13919,6.1566877040064583e-05,0.00047123682452365756,0.00050202239071950316,-0.0023359092883765697,-0.0011776175815612078,-0.00054080068366602063,-1.1295604053884745e-05,0.0009394334047101438,0.0014406036352738738,0.0021229884587228298,0.0033142489846795797,4.9309454521055009,2
distill:fred-price-return,DEXJPUS,TimesFM-laplace-qd,13919,6.1566877040064583e-05,0.00033794739283621311,0.00052524084458127618,-0.0021749252919107676,-0.0011663034092634916,-0.0005397407803684473,2.6735913706943393e-05,0.00064186356030404568,0.0011899950914084911,0.0018929783254861832,0.003016576636582613,5.0772790305227256,2
distill:fred-price-return,DEXUSEU,Laplace-q-fixed-bandwidth,6841,-0.0013569673865785614,0.00048303327311568107,-0.0050664185408190194,-0.0030236652029549146,-0.0016488179270513397,-0.00054710013085985888,0.0004475595046703585,0.0014445205218995916,0.0025542512967270991,0.0039475630392325472,0.0060419030727841966,4.5108536274033684,2
distill:fred-price-return,DEXUSEU,TimesFM-zero-shot,6841,-0.0013569673865785614,0.00026959908427670598,0.00027863751165568829,-0.0043165842071175575,-0.0026973786298185587,-0.0015611283015459776,-0.00062715978128835559,0.0011614464456215501,0.0021150796674191952,0.0032531258184462786,0.0049262023530900478,4.5337596355944285,2
distill:fred-price-return,DEXUSEU,TimesFM-laplace-qd,6841,-0.0013569673865785614,0.00026689728838391602,0.0002758716291282326,-0.0039545409381389618,-0.0024188729003071785,-0.001267750165425241,-0.00028331705834716558,0.00081512826727703214,0.0018159139435738325,0.0029595724772661924,0.0045346715487539768,4.6962155207450538,2
distill:fred-price-return,DEXUSEU,Laplace-q-fixed-bandwidth,6842,0.0015264589124080186,0.00030570447755044245,-0.0051324522269114194,-0.0031180312150135159,-0.0017715517859029687,-0.00069749133064681977,0.0002704663816998227,0.001240702101712671,0.0023227325598965598,0.0036877026578711379,0.0057536509936170245,4.6168966718363054,2
distill:fred-price-return,DEXUSEU,TimesFM-zero-shot,6842,0.0015264589124080186,0.00042701288475655019,0.00053908431436866522,-0.0039741392247378826,-0.0024209092371165752,-0.0013557630591094494,-0.00044416918535716832,0.0013060416094958782,0.0022552791051566601,0.0034155112225562334,0.0051218024455010891,4.296680478054645,2
distill:fred-price-return,DEXUSEU,TimesFM-laplace-qd,6842,0.0015264589124080186,0.00044983081170357764,0.00058194983284920454,-0.0035676532424986362,-0.0020994453225284815,-0.0010286823380738497,-7.306679617613554e-05,0.0009738175431266427,0.0019460070179775357,0.0030963802710175514,0.0046665905974805355,4.4770549101954966,2
distill:fred-price-return,DEXUSEU,Laplace-q-fixed-bandwidth,6843,-0.0013567372555170765,0.00048073599867079996,-0.004823785948533537,-0.0028416057172656324,-0.0015297240626774419,-0.00048959287599554331,0.0004457065929194924,0.0013832532932030119,0.0024312956012741793,0.0037617334166801619,0.0057955585912042133,4.5451593187078352,2
distill:fred-price-return,DEXUSEU,TimesFM-zero-shot,6843,-0.0013567372555170765,0.00051138229900971055,0.00055531522957608104,-0.0038896722253412008,-0.0023192975204437971,-0.0012404142180457711,-0.00034744315780699253,0.0013739869464188814,0.0022923166397958994,0.0034055251162499189,0.0050240452401340008,4.7307330354794663,2
distill:fred-price-return,DEXUSEU,TimesFM-laplace-qd,6843,-0.0013567372555170765,0.00044936133781448007,0.00051632098620757461,-0.0035660595167428255,-0.0020875129848718643,-0.0010056706378236413,-6.9175075623206794e-05,0.00096592353656888008,0.001919968519359827,0.0030240153428167105,0.0045308582484722137,4.8159349975486245,2
distill:fred-price-return,DEXUSEU,Laplace-q-fixed-bandwidth,6844,-0.0028040975165183335,0.00027663065825533499,-0.0049162588813910875,-0.0029631675610167132,-0.0016804086975262004,-0.00066761753088744578,0.00024184029627773314,0.0011535086689177473,0.0021741294948782095,0.003475422931965419,0.0054801780236340882,4.2092986851230858,2
distill:fred-price-return,DEXUSEU,TimesFM-zero-shot,6844,-0.0028040975165183335,0.00039108726195991039,0.00044963095569983125,-0.0037658137734979391,-0.0022757139522582293,-0.0012623962247744203,-0.00041847425745800138,0.0012063415488228202,0.0020837262272834778,0.0031503068748861551,0.0047666770406067371,4.0692035862905689,2
distill:fred-price-return,DEXUSEU,TimesFM-laplace-qd,6844,-0.0028040975165183335,0.00029991898918524384,0.00039389217272400856,-0.0034650724846869707,-0.0020802970975637436,-0.001069658319465816,-0.00019548968703020364,0.00078117009252309799,0.0016776825068518519,0.0027146174106746912,0.0041836127638816833,3.8840937087555876,2
distill:fred-price-return,DEXUSEU,Laplace-q-fixed-bandwidth,6845,-0.0032387312039856564,0.00010297832838165865,-0.0050585658988479909,-0.0031193240899543249,-0.0018441730776394597,-0.00083659876371909104,6.8459811699466934e-05,0.0009757155507811396,0.0019910634835183421,0.0032845984561333235,0.0052750971739790901,4.1248907568223112,2
distill:fred-price-return,DEXUSEU,TimesFM-zero-shot,6845,-0.0032387312039856564,8.0353333032689989e-05,0.00011086490121670067,-0.0041722054593265057,-0.0026610507629811764,-0.0016215268988162279,-0.00075471261516213417,0.00091916951350867748,0.0018129147356376052,0.0029090596362948418,0.0045300638303160667,3.9969628468723499,2
distill:fred-price-return,DEXUSEU,TimesFM-laplace-qd,6845,-0.0032387312039856564,0.00022390884987544268,0.00027508864877745509,-0.0036838632076978683,-0.0022585890255868435,-0.0011999919079244137,-0.00028161978116258979,0.00072849122807383537,0.0016697854734957218,0.0027676622848957777,0.0042846803553402424,3.5509469651677978,2
distill:fred-price-return,DEXUSEU,Laplace-q-fixed-bandwidth,6846,-0.00085404394976726361,-3.3814691055682349e-05,-0.0051834227805175378,-0.0032538084180342686,-0.0019811039997315511,-0.00097363611851120904,-6.8071050846317912e-05,0.00083968233436919749,0.0018548787594116582,0.0031458003227681974,0.005126200890813665,4.7400289360532399,2
distill:fred-price-return,DEXUSEU,TimesFM-zero-shot,6846,-0.00085404394976726361,-0.0004832367121707648,-0.00031566785764880478,-0.0045612934045493603,-0.0031108646653592587,-0.0021296071354299784,-0.001290949760004878,0.00033945433096960187,0.0012254416942596436,0.0023290379904210567,0.0039824680425226688,4.3871280214701587,2
distill:fred-price-return,DEXUSEU,TimesFM-laplace-qd,6846,-0.00085404394976726361,-0.00024129165103659034,-5.6964447139762342e-05,-0.0039549600332975388,-0.0026020759250968695,-0.0016170722665265203,-0.00073825445724651217,0.00024918958661146462,0.0011618606513366103,0.0022487810347229242,0.0037679136730730534,4.6199254420592606,2
distill:fred-price-return,DEXUSEU,Laplace-q-fixed-bandwidth,6847,0.0011954574047735866,7.304250422448337e-05,-0.0049250516185736729,-0.0030317157498558804,-0.0017992167210889418,-0.00083017401370433913,3.897537067830924e-05,0.00091026345500558022,0.0018869249313297884,0.0031376784260582413,0.0050821370547862246,4.7141785989393865,2
distill:fred-price-return,DEXUSEU,TimesFM-zero-shot,6847,0.0011954574047735866,-0.0005949484184384346,-0.00036301353247836232,-0.0042993105016648769,-0.0029857181943953037,-0.0020910685416311026,-0.0013318386627361178,0.00017369929992128164,0.0010090506402775645,0.0020590894855558872,0.0036700859200209379,4.3581429181897704,2
distill:fred-price-return,DEXUSEU,TimesFM-laplace-qd,6847,0.0011954574047735866,-0.00034736533416435122,-9.9921388027723879e-05,-0.0037433612160384655,-0.0025191172026097775,-0.00160921027418226,-0.00079874362563714385,0.00012873268860857934,0.0010027947137132287,0.0020478847436606884,0.0035326064098626375,4.4759007180393091,2
distill:fred-price-return,DEXUSEU,Laplace-q-fixed-bandwidth,6848,0.0011087894009864652,0.00022144527205194246,-0.0046367728034781208,-0.0027790909274655147,-0.0015841283078031282,-0.00064950208620671575,0.00018759649819117288,0.0010267775847031227,0.0019688802706767285,0.0031820409227806233,0.0050911345129220692,4.7826854645659749,2
distill:fred-price-return,DEXUSEU,TimesFM-zero-shot,6848,0.0011087894009864652,-3.5440400097286329e-05,8.5827268776483834e-05,-0.0040760398842394352,-0.0026361106429249048,-0.0016517097828909755,-0.00082884426228702068,0.00077986629912629724,0.0016668529715389013,0.0027395437937229872,0.0043679997324943542,4.3677746604238665,2
distill:fred-price-return,DEXUSEU,TimesFM-laplace-qd,6848,0.0011087894009864652,-7.4102026701439172e-06,0.0001198934915009886,-0.0036076458636671305,-0.0022920125629752874,-0.001322878641076386,-0.00047091778833419085,0.00046894294791854918,0.0013690558262169361,0.0024188910610973835,0.0038893390446901321,4.5489289616504429,2
distill:fred-price-return,DEXUSEU,Laplace-q-fixed-bandwidth,6849,-0.0013648385638243554,0.0002445051643825822,-0.0044614011288307484,-0.0026434973063569128,-0.0014899531095182755,-0.00059225332824421365,0.00021087976778563121,0.0010160273658921756,0.0019210143587152998,0.0030926280822989559,0.0049623538436708164,4.6818014191336799,2
distill:fred-price-return,DEXUSEU,TimesFM-zero-shot,6849,-0.0013648385638243554,0.00018303640536032617,0.00034530152333900332,-0.0036361473612487316,-0.0022690300829708576,-0.0013549308059737086,-0.00057000044034793973,0.00096210266929119825,0.0017983624711632729,0.0028271772898733616,0.0044112708419561386,4.8837813776485994,2
distill:fred-price-return,DEXUSEU,TimesFM-laplace-qd,6849,-0.0013648385638243554,7.1800408477429301e-05,0.00033130333758890629,-0.0034181205555796623,-0.0021327773574739695,-0.0012188401306048036,-0.00039878510870039463,0.00053722126176580787,0.0013981688534840941,0.0024132055696099997,0.003852832829579711,5.0159276767879541,2
distill:fred-price-return,DEXUSEU,Laplace-q-fixed-bandwidth,6850,-0.0017086719236166226,5.979102753629487e-05,-0.0045259617459764657,-0.0027426888469496112,-0.001621639906141776,-0.00075162407009243446,2.6432009377006069e-05,0.00080644433010944295,0.0016835740064053604,0.0028224909300212783,0.0046577277836927127,4.6523989699772148,2
distill:fred-price-return,DEXUSEU,TimesFM-zero-shot,6850,-0.0017086719236166226,-6.6771302954293787e-05,6.2795501435175538e-05,-0.0040224515832960606,-0.0026107325684279203,-0.0016513083828613162,-0.00084484403487294912,0.00073444913141429424,0.001598549191839993,0.0026624805759638548,0.004277634434401989,4.8569378605757345,2
distill:fred-price-return,DEXUSEU,TimesFM-laplace-qd,6850,-0.0017086719236166226,-6.9117682869546115e-05,8.7815453298389912e-05,-0.0035225583706051111,-0.0022480343468487263,-0.0013276402605697513,-0.00051434524357318878,0.0003838302509393543,0.0012383445864543319,0.0022455831058323383,0.0036682640202343464,5.0241300668155571,2
distill:fred-price-return,DEXUSEU,Laplace-q-fixed-bandwidth,6851,0.0029030075032257241,-1.3542504319616806e-05,-0.0044918907991632799,-0.0027413311876574656,-0.0016491888068186468,-0.0008031460938440299,-4.6618018048550549e-05,0.00071181242784637002,0.0015648011611840724,0.0026745760079445804,0.004477128375918178,4.1964709087225769,2
distill:fred-price-return,DEXUSEU,TimesFM-zero-shot,6851,0.0029030075032257241,-0.00052626425167545676,-0.00029854904278181493,-0.0039412570185959339,-0.0027181317564100027,-0.0019087967230007052,-0.0012101596221327782,0.00018667269614525139,0.00096502993255853653,0.0019566039554774761,0.00349445641040802,4.0372211023451472,2
distill:fred-price-return,DEXUSEU,TimesFM-laplace-qd,6851,0.0029030075032257241,-0.00045869333553127944,-0.00013865137589164078,-0.0034338200930505991,-0.0023390960413962603,-0.0015649005072191358,-0.00086377887055277824,-4.2611682147253305e-05,0.00072671606903895736,0.0016578077338635921,0.0029873352032154799,3.9395092139389511,2
distill:fred-price-return,DEXUSEU,Laplace-q-fixed-bandwidth,6852,0.0022142744526647551,0.00032787426502883446,-0.0041501148636363377,-0.0024052168901191463,-0.001311755482690375,-0.00046356303430705731,0.000295065770682761,0.0010556020372029175,0.0019107440009446634,0.0030217469553489337,0.0048180179302151158,4.5912645129511036,2
distill:fred-price-return,DEXUSEU,TimesFM-zero-shot,6852,0.0022142744526647551,0.00014593081141356379,0.00025882350746542215,-0.003819385776296258,-0.002408674918115139,-0.0014544787118211389,-0.00063892529578879476,0.00094437669031322002,0.0018135921563953161,0.0028908271342515945,0.004529247060418129,4.3094034091212077,2
distill:fred-price-return,DEXUSEU,TimesFM-laplace-qd,6852,0.0022142744526647551,8.2189224485773593e-05,0.00022376098786480725,-0.0033864160068333149,-0.0021096307318657637,-0.0011898747179657221,-0.00036640054895542562,0.00053466454846784472,0.001397695392370224,0.0024251630529761314,0.0038737384602427483,4.3584531681020788,2
distill:fred-price-return,DEXUSEU,Laplace-q-fixed-bandwidth,6853,-0.0048607949711988174,0.00035868698007002035,-0.004032696571823308,-0.0023156198100285795,-0.0012451596430657283,-0.00041570573247061524,0.00032616503580218598,0.0010699020672758882,0.0019061690428629871,0.0029939504911141324,0.0047622818004793158,3.3376346509329946,2
distill:fred-price-return,DEXUSEU,TimesFM-zero-shot,6853,-0.0048607949711988174,0.00019810732919722795,0.00038363225758075714,-0.0035332988481968641,-0.0021939575672149658,-0.0013016884913668036,-0.00054618221474811435,0.00096849264809861779,0.0018025870667770505,0.0028479781467467546,0.0044501363299787045,1.634818978009966,2
distill:fred-price-return,DEXUSEU,TimesFM-laplace-qd,6853,-0.0048607949711988174,8.3969775005243719e-05,0.00031736365053802729,-0.0031552831642329693,-0.0019525327952578664,-0.0010954568861052394,-0.00033880519913509488,0.00051029777387157083,0.0013269184855744243,0.0023061770480126143,0.0036974744871258736,0.38500538916101856,2
distill:fred-price-return,DEXUSEU,Laplace-q-fixed-bandwidth,6854,0.00076906647670144102,-0.00017095116518932053,-0.0047482883533598568,-0.0029832810645499521,-0.0018608738216510439,-0.00098634925742441303,-0.00020359250250865057,0.00058113074233085099,0.0014627634020254856,0.0026027615252614648,0.0044181697959750771,4.8287996056644626,2
distill:fred-price-return,DEXUSEU,TimesFM-zero-shot,6854,0.00076906647670144102,-0.00063961726846173406,-0.00050471397116780281,-0.0046298247762024403,-0.0031941989436745644,-0.0022415227722376585,-0.0014280327595770359,0.00017148986808024347,0.0010379322338849306,0.002116495743393898,0.0037411656230688095,4.3610937180008875,2
distill:fred-price-return,DEXUSEU,TimesFM-laplace-qd,6854,0.00076906647670144102,-0.00045285868691280484,-0.00027507654158398509,-0.0039699031040072441,-0.0026651991065591574,-0.0017335788579657674,-0.00090322416508570313,-1.041432551573962e-05,0.00085843791021034122,0.0018952316604554653,0.0033475561067461967,4.5527089621081789,2
distill:fred-price-return,DEXUSEU,Laplace-q-fixed-bandwidth,6855,0.0039215736531816314,0.00013924667028400093,-0.0042919739588874236,-0.0025672800201723567,-0.0014847708432484171,-0.00064465081800435227,0.00010684496012882078,0.00086023595210034582,0.0017072551913570161,0.0028071416224378126,0.0045825981863536419,3.8473273208026324,2
distill:fred-price-return,DEXUSEU,TimesFM-zero-shot,6855,0.0039215736531816314,-0.00019731312931980938,-2.75228958344087e-05,-0.0040970291011035442,-0.0027111691888421774,-0.0017829148564487696,-0.00097833445761352777,0.00060431822203099728,0.0014653133694082499,0.0025678630918264389,0.0042136991396546364,3.8607966592665242,2
distill:fred-price-return,DEXUSEU,TimesFM-laplace-qd,6855,0.0039215736531816314,-0.00022878515301272273,3.0037010219530202e-05,-0.0036497355904430151,-0.0023907243739813566,-0.0014965505106374621,-0.00068901001941412687,0.00021210423437878489,0.0010571060702204704,0.0020973219070583582,0.0035377736203372478,3.6799493203430194,2
distill:fred-price-return,DEXUSEU,Laplace-q-fixed-bandwidth,6856,0.00093549354103142357,0.00041315767537602294,-0.0040924109003754264,-0.0023535724184794281,-0.0012492141805578215,-0.00038901281136854407,0.0003809275643236079,0.0011528060023198003,0.002020018123341751,0.0031417587547834594,0.0049305072137055834,4.9067915376307987,2
distill:fred-price-return,DEXUSEU,TimesFM-zero-shot,6856,0.00093549354103142357,0.00024545626365579665,0.00041551096364855766,-0.0037067574448883533,-0.0023280256427824497,-0.001373075065203011,-0.00055629119742661715,0.0010781056480482221,0.00197429652325809,0.0030902454163879156,0.0048265811055898666,4.3506998555603831,2
distill:fred-price-return,DEXUSEU,TimesFM-laplace-qd,6856,0.00093549354103142357,0.00014002145326230675,0.00037222588434815407,-0.003296177601441741,-0.0020535544026643038,-0.0011289512040093541,-0.00030729884747415781,0.0006020881119184196,0.0014935915824025869,0.002560286782681942,0.0041162236593663692,4.5884050812201131,2
distill:fred-price-return,DEXUSEU,Laplace-q-fixed-bandwidth,6857,0.00076475340431125804,0.00028651794726061182,-0.00405856926140475,-0.0023636116661200392,-0.0013032834364249987,-0.00048100210558533606,0.00025451651740558484,0.00099189398338041766,0.0018209494538967597,0.0028984237235591803,0.0046437729668231467,4.9535672805565953,2
distill:fred-price-return,DEXUSEU,TimesFM-zero-shot,6857,0.00076475340431125804,0.00016548451094422489,0.00029217888368293643,-0.0037511754781007767,-0.0023708210792392492,-0.0014300609473139048,-0.0006229496793821454,0.00096314091933891177,0.0018353828927502036,0.0029244804754853249,0.004574658814817667,4.3856435192564538,2
distill:fred-price-return,DEXUSEU,TimesFM-laplace-qd,6857,0.00076475340431125804,8.8337445049546659e-05,0.00026493333280086517,-0.0033181242179125547,-0.0020703885238617659,-0.0011610573856160045,-0.00035061995731666684,0.0005110038910061121,0.0013780981535091996,0.0024139159359037876,0.0038643761072307825,4.6403841241935826,2
distill:fred-price-return,DEXUSEU,Laplace-q-fixed-bandwidth,6858,0.00059440412738084869,0.0002954075922197836,-0.00388482527382731,-0.0022380548027364756,-0.0012230237736860481,-0.00043826088723624963,0.00026366696790152907,0.0009673652541911824,0.0017586263464045284,0.0027904355296805108,0.0044880333540246436,5.0157455019842132,2
distill:fred-price-return,DEXUSEU,TimesFM-zero-shot,6858,0.00059440412738084869,0.00022480502957478166,0.00031778868287801743,-0.0036446596495807171,-0.0022638994269073009,-0.0013489967677742243,-0.00055469153448939323,0.0010054223239421844,0.0018571680411696434,0.0029281883034855127,0.0045316200703382492,4.4126588557779751,2
distill:fred-price-return,DEXUSEU,TimesFM-laplace-qd,6858,0.00059440412738084869,0.00017829502758104354,0.00030019626137800515,-0.0031856484711170197,-0.0019462609197944403,-0.0010573284234851599,-0.00025746368919499218,0.00060101033886894584,0.0014481603866443038,0.0024697806220501661,0.0038970247842371464,4.6804215115732983,2
distill:fred-price-return,DEXUSEU,Laplace-q-fixed-bandwidth,6859,-0.0039977937819538345,0.00029924038289951449,-0.0037092744751989139,-0.0021163325279731846,-0.0011482511737666589,-0.00040097269601072983,0.00026779694920887691,0.00093824264725159037,0.0016917047848505349,0.0026760537557386863,0.004320144105631642,3.5957296045601295,2
distill:fred-price-return,DEXUSEU,TimesFM-zero-shot,6859,-0.0039977937819538345,0.00036191372782923281,0.00048647102084942162,-0.0034806625917553902,-0.0021276082843542099,-0.0012094720732420683,-0.00041356630390509963,0.001142948167398572,0.0019824451301246881,0.0030350540764629841,0.004647156223654747,2.4983426775562338,2
distill:fred-price-return,DEXUSEU,TimesFM-laplace-qd,6859,-0.0039977937819538345,0.00031879270682111382,0.0004781558527611196,-0.0029728556983172894,-0.0017729847459122539,-0.00090165692381560802,-0.00011330214329063892,0.00074208789737895131,0.0015632748836651444,0.00254793930798769,0.00394807243719697,1.6355367599415724,2
distill:fred-price-return,DEXUSEU,Laplace-q-fixed-bandwidth,6860,-0.001876813381486514,-7.1370922270373721e-05,-0.004224676061316969,-0.0025902808736910947,-0.0015811644877619987,-0.00080078903451443471,-0.00010281107079696294,0.0005969315890031841,0.0013837839111394217,0.002409583978601821,0.0040943041927250026,4.6821060008590898,2
distill:fred-price-return,DEXUSEU,TimesFM-zero-shot,6860,-0.001876813381486514,-0.00017619265418034047,-7.2780807386152446e-05,-0.0042982585728168488,-0.0028317535761743784,-0.0018305362900719047,-0.00099070393480360508,0.00064281461527571082,0.0015234635211527348,0.002592295641079545,0.004226509016007185,4.7987986961624491,2
distill:fred-price-return,DEXUSEU,TimesFM-laplace-qd,6860,-0.001876813381486514,-4.4631713535636663e-05,7.6626769441645592e-05,-0.0035947435535490513,-0.0022924896329641342,-0.0013345382176339626,-0.00049561104970052838,0.00041065958794206381,0.0012869623024016619,0.0023062548134475946,0.0037642838433384895,4.9685348328470953,2
distill:fred-price-return,DEXUSEU,Laplace-q-fixed-bandwidth,6861,-0.0028218411986544456,-3.2399571491653818e-05,-0.004097025603010734,-0.0024922736528807765,-0.0015067041271275301,-0.00074499039505726799,-6.3545872305667778e-05,0.00061961870493133233,0.0013876547994344153,0.0023896345747375577,0.0040445687270794003,4.2665611661094278,2
distill:fred-price-return,DEXUSEU,TimesFM-zero-shot,6861,-0.0028218411986544456,-0.00038477868656627834,-0.0003242185921408236,-0.0044330870732665062,-0.0029978875536471605,-0.0020107429008930922,-0.0011882890248671174,0.00041470196447335184,0.0012836101232096553,0.0023392743896692991,0.0039281840436160564,4.8379165097241996,2
distill:fred-price-return,DEXUSEU,TimesFM-laplace-qd,6861,-0.0028218411986544456,-0.00025281714624725282,-0.00017084396677091718,-0.0037304363213479519,-0.0024541206657886505,-0.0015079868026077747,-0.00068804249167442322,0.00016714658704586327,0.0010245945304632187,0.0020202591549605131,0.0034165275283157825,4.4016413076546277,2
distill:fred-price-return,DEXUSEU,Laplace-q-fixed-bandwidth,6862,-0.0043767501748746274,-0.00018369987874820946,-0.00425195447949609,-0.0026505311818969266,-0.0016625818644766071,-0.0008983335735835451,-0.00021459538595921179,0.00047087083850035397,0.0012414622323463984,0.0022457791244681726,0.0038967812853534468,3.6583925069825725,2
distill:fred-price-return,DEXUSEU,TimesFM-zero-shot,6862,-0.0043767501748746274,-0.00064572598785161972,-0.00045559133286587894,-0.0045312996953725815,-0.0031638927757740021,-0.0022223512642085552,-0.001426900620572269,0.00015094774425961077,0.001021161675453186,0.0020988371688872576,0.0037428087089210749,3.1281024139679419,2
distill:fred-price-return,DEXUSEU,TimesFM-laplace-qd,6862,-0.0043767501748746274,-0.00057611061492934823,-0.00030688929837197065,-0.0038797152228653431,-0.0026855100877583027,-0.0017985018203034997,-0.0010100720683112741,-0.00014493433991447091,0.00070415594382211566,0.0017221673624590039,0.0031638599466532469,2.4066026873736472,2
distill:fred-price-return,DEXUSEU,Laplace-q-fixed-bandwidth,6863,0.0018903597311688003,-0.00044482019729849147,-0.0046391726990148464,-0.0030054205471665993,-0.0019814510724999995,-0.0011867274175101242,-0.00047566882278796265,0.0002371940199716086,0.0010384904061584506,0.0020790662622775504,0.0037615180360643071,4.4330118907241554,2
distill:fred-price-return,DEXUSEU,TimesFM-zero-shot,6863,0.0018903597311688003,-0.0010007750242948532,-0.00084320694440975785,-0.0049530272372066975,-0.0035514167975634336,-0.002590992022305727,-0.0017829455900937319,-0.00020542723359540105,0.00065410847309976816,0.001707286573946476,0.003302884753793478,4.1965559460657262,2
distill:fred-price-return,DEXUSEU,TimesFM-laplace-qd,6863,0.0018903597311688003,-0.00081588816829025745,-0.00056763499742373824,-0.0042294799350202084,-0.002982239006087184,-0.0020649151410907507,-0.0012526263017207384,-0.00038646673783659935,0.0004752796667162329,0.0014945387374609709,0.0029134131036698818,4.191249943389308,2
distill:fred-price-return,DEXUSEU,Laplace-q-fixed-bandwidth,6864,-0.0040428423737674801,2.7744724076601324e-05,-0.0041317537757989435,-0.0025122880500659519,-0.0014967910288143848,-0.00070836549657003701,-2.838354870757913e-06,0.00070447908735907921,0.0014994236743705225,0.0025313851649409165,0.0041991488707892773,3.7345486800513745,2
distill:fred-price-return,DEXUSEU,TimesFM-zero-shot,6864,-0.0040428423737674801,-0.00039393783663399518,-0.00024622466298751533,-0.0043615191243588924,-0.0029794857837259769,-0.0020078418310731649,-0.0011905411956831813,0.00041150802280753851,0.0012912644306197762,0.0023686436470597982,0.0039978441782295704,3.2802324026842116,2
distill:fred-price-return,DEXUSEU,TimesFM-laplace-qd,6864,-0.0040428423737674801,-0.00037418227293528616,-0.00017098434909712523,-0.0037654838524758816,-0.0025479292962700129,-0.0016237158561125398,-0.0008050791802816093,5.0325277697993442e-05,0.0009170711855404079,0.001941064721904695,0.0033699064515531063,2.6850346398701097,2
distill:fred-price-return,DEXUSEU,Laplace-q-fixed-bandwidth,6865,0.0015502543798925905,-0.00043735814008571196,-0.0047014612769627137,-0.0030585158839966271,-0.0020130689855671698,-0.0011978540770597786,-0.00046784948186910831,0.00026400293752842495,0.0010859000473505938,0.0021478906339528342,0.0038382843942646296,4.5709551056805129,2
distill:fred-price-return,DEXUSEU,TimesFM-zero-shot,6865,0.0015502543798925905,-0.0010081083746626973,-0.00079063011799007654,-0.0048410361632704735,-0.0034979460760951042,-0.0025536580942571163,-0.001774173229932785,-0.00022405742492992431,0.00063624023459851742,0.0016948747215792537,0.0033074577804654837,4.250306652154519,2
distill:fred-price-return,DEXUSEU,TimesFM-laplace-qd,6865,0.0015502543798925905,-0.00093416188610717654,-0.00063209445215761662,-0.0042136665433645248,-0.0030329979490488768,-0.0021344139240682125,-0.0013542906381189823,-0.00051873200573027134,0.00033227642416022718,0.001346524921245873,0.0027700907085090876,4.2468663226982679,2
distill:fred-price-return,DEXUSEU,Laplace-q-fixed-bandwidth,6866,-0.0026713790715111041,-7.5104679881284888e-05,-0.0042749644808952342,-0.0026530548011542607,-0.0016243806228330143,-0.00082294679670104278,-0.00010533939047980339,0.00061408716135425974,0.0014221077676611791,0.0024671677199177003,0.0041363292515713933,4.3681737692238656,2
distill:fred-price-return,DEXUSEU,TimesFM-zero-shot,6866,-0.0026713790715111041,-0.00049522495828568935,-0.00032859068596735597,-0.0044663385488092899,-0.0030711863655596972,-0.0021007026080042124,-0.0012810613261535764,0.00031237798975780606,0.0011862391838803887,0.0022568812128156424,0.0038683922030031681,4.9907289809357813,2
distill:fred-price-return,DEXUSEU,TimesFM-laplace-qd,6866,-0.0026713790715111041,-0.00043639697832986712,-0.00024279618810396641,-0.0038415768649429083,-0.0026082531549036503,-0.0016803694888949394,-0.00085734057938680053,-5.8330842875875533e-06,0.00085935270180925727,0.0018796558724716306,0.0033031979110091925,4.7431074674756166,2
distill:fred-price-return,DEXUSEU,Laplace-q-fixed-bandwidth,6867,0.0012073130131544929,-0.00036827926212367861,-0.0045477515434358242,-0.0029363279285251108,-0.0019121617751177598,-0.0011135357144635115,-0.0003982636879487901,0.00031882113636327972,0.0011239987947936031,0.0021644273437389219,0.0038226512369432825,4.7240608446661732,2
distill:fred-price-return,DEXUSEU,TimesFM-zero-shot,6867,0.0012073130131544929,-0.00093241408467292786,-0.00073478801641613245,-0.0048438510857522488,-0.0034682361874729395,-0.0025176431518048048,-0.001704404829069972,-0.00013448139361571521,0.00072542944690212607,0.0017970126355066895,0.003405645489692688,4.3091506585173684,2
distill:fred-price-return,DEXUSEU,TimesFM-laplace-qd,6867,0.0012073130131544929,-0.00078814965672791004,-0.00054711638949811459,-0.0041193957440555096,-0.0029085800051689148,-0.002009121235460043,-0.0011997537221759558,-0.00037641462404280901,0.00047031108988448977,0.0014910970348864794,0.0029042693786323071,4.394323395823128,2
distill:fred-price-return,DEXUSEU,Laplace-q-fixed-bandwidth,6868,0.0014640660583566112,-0.00013436312069314206,-0.0042226575728339689,-0.0026386898539845285,-0.0016389002388007385,-0.00086080496435237818,-0.00016409899964366407,0.00053437456803687069,0.0013188882190105318,0.0023347577678724182,0.0039655136592666122,4.7268786311111901,2
distill:fred-price-return,DEXUSEU,TimesFM-zero-shot,6868,0.0014640660583566112,-0.00047402564086951315,-0.00031503546051681042,-0.0043778843246400356,-0.0030124555341899395,-0.0020611078944057226,-0.0012544810306280851,0.00031878167646937072,0.0011781400535255671,0.0022321075666695833,0.0038354347925633192,4.3354371790486166,2
distill:fred-price-return,DEXUSEU,TimesFM-laplace-qd,6868,0.0014640660583566112,-0.00046049139928072691,-0.00026803600485436618,-0.0037668759468942881,-0.0025738254189491272,-0.0016734307864680886,-0.00087219313718378544,-4.5021464757155627e-05,0.00079973298124969006,0.0017984131118282676,0.0032081590034067631,4.4210302511101718,2
distill:fred-price-return,DEXUSEU,Laplace-q-fixed-bandwidth,6869,0.00094619593313668982,-5.7622696087154027e-05,-0.0040584504692191339,-0.0025016530890144282,-0.0015252083397900972,-0.00076643561723152781,-8.7103536266674387e-05,0.0005939542959280381,0.0013590085407497038,0.0023513306560321431,0.0039548650478049129,4.9246159354988706,2
distill:fred-price-return,DEXUSEU,TimesFM-zero-shot,6869,0.00094619593313668982,-0.00046845618635416031,-0.0002936828532256186,-0.004274432547390461,-0.0029397392645478249,-0.0020080562680959702,-0.0012213203590363264,0.00030353688634932041,0.0011322948848828673,0.0021563104819506407,0.0037162522785365582,4.4028156166072474,2
distill:fred-price-return,DEXUSEU,TimesFM-laplace-qd,6869,0.00094619593313668982,-0.00049503252375870943,-0.0002459269599057734,-0.0037108361721038818,-0.0025493653956800699,-0.0016755046090111136,-0.0008994404342956841,-9.764629794517532e-05,0.00071205856511369348,0.001678846194408834,0.0030420105904340744,4.5597017177038417,2
distill:fred-price-return,DEXUSEU,Laplace-q-fixed-bandwidth,6870,0.0015463920607381998,-4.101487887876812e-05,-0.0039158799241345603,-0.0023968955434339216,-0.0014546860578367096,-0.00072420992748718511,-7.02422468506671e-05,0.0005853839157463766,0.0013219327890683025,0.0022797256631892273,0.003845633505708549,4.7535948007249615,2
distill:fred-price-return,DEXUSEU,TimesFM-zero-shot,6870,0.0015463920607381998,-2.0743835193570703e-05,7.201047264970839e-05,-0.0038822274655103683,-0.0025234739296138287,-0.0015819732798263431,-0.00078475207556039095,0.0007611652254126966,0.0015883642481639981,0.002611667150631547,0.0041728988289833069,4.3939032762283325,2
distill:fred-price-return,DEXUSEU,TimesFM-laplace-qd,6870,0.0015463920607381998,-9.208441770169884e-05,4.9436457629781216e-05,-0.0033803638070821762,-0.0021861155983060598,-0.0012933051912114024,-0.00049857358681038022,0.00031181075610220432,0.0011301521444693208,0.0020993668586015701,0.0034728883765637875,4.5146555752751816,2
distill:fred-price-return,DEXUSEU,Laplace-q-fixed-bandwidth,6871,0.0025720178787883297,4.8790605338900735e-05,-0.0037430606818454892,-0.0022516981164844452,-0.0013314984844614841,-0.00061855782079721822,1.9835951483491411e-05,0.00065984618713607677,0.0013787172598405813,0.0023142465216739981,0.0038523924602543776,4.3331749227458216,2
distill:fred-price-return,DEXUSEU,TimesFM-zero-shot,6871,0.0025720178787883297,0.00031661259708926082,0.00038143713027238846,-0.0035530382301658392,-0.0021752782631665468,-0.0012327355798333883,-0.00044099945807829499,0.0010803098557516932,0.0018855653470382094,0.0028729706536978483,0.0043591214343905449,4.3505662210544171,2
distill:fred-price-return,DEXUSEU,TimesFM-laplace-qd,6871,0.0025720178787883297,0.00019890144176315516,0.00033692503347992897,-0.0030924652237445116,-0.0018844901351258159,-0.00099774985574185848,-0.00021350862516555935,0.00058948993682861328,0.0013871334958821535,0.0023212293162941933,0.0036102498415857553,4.326675168407438,2
distill:fred-price-return,DEXUSEU,Laplace-q-fixed-bandwidth,6872,-0.0047204310284464368,0.00020171591033860879,-0.0035934003953919155,-0.0021051133133060309,-0.0011827851181600946,-0.0004675224237039646,0.00017299256626624512,0.00081513074592683512,0.0015363410387763134,0.0024739561379862633,0.0040084762898100869,3.3141945040153153,2
distill:fred-price-return,DEXUSEU,TimesFM-zero-shot,6872,-0.0047204310284464368,0.00038347663939930499,0.0004693813098128885,-0.0035086008720099926,-0.0021444447338581085,-0.0011817134218290448,-0.00038272931124083698,0.0011579938000068069,0.0020053351763635874,0.0030429249163717031,0.00462359469383955,1.7503705329180916,2
distill:fred-price-return,DEXUSEU,TimesFM-laplace-qd,6872,-0.0047204310284464368,0.00033361653913743794,0.00041866890387609601,-0.002880970248952508,-0.0017184742027893662,-0.00083025125786662102,-5.8053323300555348e-05,0.00073448603507131338,0.0015533706173300743,0.0025092209689319134,0.0038691612426191568,0.18806111301538797,2
distill:fred-price-return,DEXUSEU,Laplace-q-fixed-bandwidth,6873,0.0015473225815618163,-0.00028928062786260983,-0.0042805307585277782,-0.0027371153777585146,-0.0017605693715995331,-0.00099973174932956716,-0.00031823098803060375,0.00036500273734799539,0.0011321264095576751,0.002124383013885716,0.0037134092246064142,4.646124727649374,2
distill:fred-price-return,DEXUSEU,TimesFM-zero-shot,6873,0.0015473225815618163,-0.00020046037388965487,-0.00013887436944060028,-0.004319941159337759,-0.0028616546187549829,-0.0018503334140405059,-0.0010069818235933781,0.0006146892555989325,0.0014935437357053161,0.0025583503302186728,0.0041339690797030926,4.3483585953279587,2
distill:fred-price-return,DEXUSEU,TimesFM-laplace-qd,6873,0.0015473225815618163,-0.00016892410349100828,-9.6835654403548688e-05,-0.0036641990300267935,-0.0023789724800735712,-0.0014196367701515555,-0.00058768544113263488,0.00024615280563011765,0.0011111530475318432,0.00211339071393013,0.0034841934684664011,4.4870552868505271,2
distill:fred-price-return,DEXUSEU,Laplace-q-fixed-bandwidth,6874,-0.0031832091231432658,1.9809081866372757e-05,-0.0039075458341776698,-0.0023852021528123881,-0.0014253790538365763,-0.00067816887389290275,-8.8916596897217404e-06,0.00066208884887167729,0.0014154862028219369,0.0023908515840144855,0.0039586184308575828,4.0798884568365725,2
distill:fred-price-return,DEXUSEU,TimesFM-zero-shot,6874,-0.0031832091231432658,-1.8341277609579265e-05,8.732468995731324e-05,-0.0039649582467973232,-0.0025809758808463812,-0.0016186472494155169,-0.00079669547267258167,0.00078313570702448487,0.0016306664329022169,0.0026782739441841841,0.0042618997395038605,3.8920607791614303,2
distill:fred-price-return,DEXUSEU,TimesFM-laplace-qd,6874,-0.0031832091231432658,-3.6503392038866878e-05,8.768359839450568e-05,-0.0033538851421326399,-0.0021526752971112728,-0.0012467800406739116,-0.00044191681081429124,0.00037727842573076487,0.001206845510751009,0.0021884939633309841,0.0035739096347242594,3.347144896523889,2
distill:fred-price-return,DEXUSEU,Laplace-q-fixed-bandwidth,6875,0.0020659385845057665,-0.00025353452353691665,-0.0042257070674916394,-0.0026962680974446074,-0.0017229753921814126,-0.0009630705946106087,-0.00028205438721656015,0.00040069093858053381,0.001166850105882388,0.0021556613863708322,0.0037298392330517333,4.4454090468160583,2
distill:fred-price-return,DEXUSEU,TimesFM-zero-shot,6875,0.0020659385845057665,-0.00031139297061599791,-0.00021529252990148962,-0.0044011822901666164,-0.0029556653462350368,-0.0019685043953359127,-0.0011193393729627132,0.0005085519514977932,0.0013757585547864437,0.0024509665090590715,0.0040346183814108372,4.2824608316855475,2
distill:fred-price-return,DEXUSEU,TimesFM-laplace-qd,6875,0.0020659385845057665,-0.00022307026665657759,-0.00010073518933495507,-0.0036515684332698584,-0.0023925446439534426,-0.0014701287727802992,-0.00064227893017232418,0.00019749600323848426,0.0010422382038086653,0.0020459217485040426,0.0034191489685326815,4.3331404948759866,2
distill:fred-price-return,DEXUSEU,Laplace-q-fixed-bandwidth,6876,-0.0082894870671045284,-7.394289334555503e-06,-0.0039560114433791552,-0.002437467601076812,-0.0014696488551250602,-0.00071348906149183483,-3.5677227171175687e-05,0.00064385462398650962,0.0014062304750017264,0.0023894451602238962,0.0039523263862792906,1.8579593060748985,2
distill:fred-price-return,DEXUSEU,TimesFM-zero-shot,6876,-0.0082894870671045284,-0.00010729645873652771,-5.717463864129968e-06,-0.0041876528412103653,-0.0027415342628955841,-0.0017439284129068255,-0.00090937560889869928,0.00069697306025773287,0.001570215099491179,0.0026294153649359941,0.0042286422103643417,-1.4966938944550185,2
distill:fred-price-return,DEXUSEU,TimesFM-laplace-qd,6876,-0.0082894870671045284,-0.00010528729762881994,-1.3945691534900106e-05,-0.0035184051375836134,-0.0022649737074971199,-0.0013308820780366659,-0.00052160478662699461,0.00031340902205556631,0.0011613015085458755,0.002140039810910821,0.003527394961565733,-5.6231865840428163,2
distill:fred-price-return,DEXUSEU,Laplace-q-fixed-bandwidth,6877,0.001039951562657071,-0.00047858788800106454,-0.0048929081170422037,-0.0032156727595745753,-0.002124946307754224,-0.001266700890901357,-0.00049686694363225198,0.00027407099444354103,0.0011362482980173186,0.0022364027160704739,0.0039401988903883418,4.7149416245059204,2
distill:fred-price-return,DEXUSEU,TimesFM-zero-shot,6877,0.001039951562657071,-0.00077086756937205791,-0.00075948412995785475,-0.0052736438810825348,-0.0036570739466696978,-0.0025445076171308756,-0.0016312672523781657,9.3707720225211233e-05,0.001004536054097116,0.0020877637434750795,0.0036598071455955505,4.3269070051740339,2
distill:fred-price-return,DEXUSEU,TimesFM-laplace-qd,6877,0.001039951562657071,-0.00057075527729466558,-0.00055107602383941412,-0.0044265775941312313,-0.0030022352002561092,-0.0019402605248615146,-0.0010336118284612894,-0.00011871779133798555,0.00078255950938910246,0.0018099884036928415,0.0032015694305300713,4.4965383295968779,2
distill:fred-price-return,DEXUSEU,Laplace-q-fixed-bandwidth,6878,0.0009523397975300385,-0.00027350137723805649,-0.0045918296811318354,-0.0029409851226508145,-0.0018756844035684853,-0.0010402981422547529,-0.00029166748559588426,0.00045804701084950982,0.0012973134670207363,0.0023720144585032479,0.0040494958122143983,4.8086558467399936,2
distill:fred-price-return,DEXUSEU,TimesFM-zero-shot,6878,0.0009523397975300385,-0.00028889626264572144,-0.00029635714599862695,-0.0045910640619695187,-0.0030186756048351526,-0.0019635616336017847,-0.0011017406359314919,0.00052883429452776909,0.0013851374387741089,0.0024091205559670925,0.003935973159968853,4.4030616391112964,2
distill:fred-price-return,DEXUSEU,TimesFM-laplace-qd,6878,0.0009523397975300385,-0.00026257167337462306,-0.0003200806095264852,-0.0039151855744421482,-0.0025330623611807823,-0.0015425949823111296,-0.0007089099963195622,0.00019363727187737823,0.0010179632809013128,0.0019578023348003626,0.0032780119217932224,4.6203965104620099,2
distill:fred-price-return,DEXUSEU,Laplace-q-fixed-bandwidth,6879,-0.00051934563618621921,-0.00022745027219871761,-0.0044336048746883919,-0.0028130911453924509,-0.0017778916668471883,-0.00096936083364247206,-0.00024550684055909687,0.00047940665755270189,0.0012917482402420898,0.0023363058915495671,0.0039836044440231437,4.9955127250863214,2
distill:fred-price-return,DEXUSEU,TimesFM-zero-shot,6879,-0.00051934563618621921,-0.00013050140114501119,-0.00022821225866209716,-0.0038700446020811796,-0.0024896536488085985,-0.0015733733307570219,-0.00083382532466202974,0.00057299615582451224,0.0012990286340937018,0.0021412037312984467,0.0034478942397981882,4.5438580803455428,2
distill:fred-price-return,DEXUSEU,TimesFM-laplace-qd,6879,-0.00051934563618621921,-3.9329454011749476e-05,-0.00020910197054035962,-0.0031900496687740088,-0.0019944240339100361,-0.0011316935997456312,-0.00041086587589234114,0.00035957066575065255,0.0010630347533151507,0.0018479740247130394,0.0029770738910883665,4.8519173064827292,2
distill:fred-price-return,DEXUSEU,Laplace-q-fixed-bandwidth,6880,-0.0030349036951540509,-0.00025379920416381978,-0.0043098994062134594,-0.0027292076487999846,-0.0017350335345478192,-0.00096258882150077204,-0.00027175561016060904,0.00042009661822664383,0.0011962430978480522,0.0021996960727231553,0.0038074956696794167,4.2725421289601213,2
distill:fred-price-return,DEXUSEU,TimesFM-zero-shot,6880,-0.0030349036951540509,-0.00014468390145339072,-0.00013344449689611793,-0.0042523755691945553,-0.0027530386578291655,-0.0017486960859969258,-0.00092801579739898443,0.0006280423840507865,0.0014559449627995491,0.0024354583583772182,0.0039124372415244579,4.424468397875966,2
distill:fred-price-return,DEXUSEU,TimesFM-laplace-qd,6880,-0.0030349036951540509,-0.00022543889645021409,-0.00021443898731376976,-0.0035926655400544405,-0.0023195582907646894,-0.0014034730847924948,-0.00062548281857743859,0.00015896714467089623,0.00093637889949604869,0.0018149797106161714,0.003059448441490531,3.9692906386490794,2
distill:fred-price-return,DEXUSEU,Laplace-q-fixed-bandwidth,6881,0.0050242655932921931,-0.00038513084682865892,-0.0044458510252130424,-0.002869177689603463,-0.0018725831772122181,-0.0010969326308737301,-0.00040297047233947775,0.00029201589383392611,0.0010713790973938282,0.002077222029100875,0.0036807340346879298,3.1903012578706349,2
distill:fred-price-return,DEXUSEU,TimesFM-zero-shot,6881,0.0050242655932921931,-0.00040950888069346547,-0.00039185589412227273,-0.0046597681939601898,-0.0031164211686700583,-0.0020806253887712955,-0.0012202989310026169,0.00040239543886855245,0.0012645693495869637,0.0022913026623427868,0.0038143424317240715,3.414202660370151,2
distill:fred-price-return,DEXUSEU,TimesFM-laplace-qd,6881,0.0050242655932921931,-0.00035362702328711748,-0.00032961886608973145,-0.0038819117471575737,-0.002561439061537385,-0.0016055377200245857,-0.00077739969128742814,6.7569533712230623e-05,0.00089489441597834229,0.0018426900496706367,0.0031533853616565466,3.1111548123538206,2
distill:fred-price-return,DEXUSEU,Laplace-q-fixed-bandwidth,6882,0.0022440886337984078,-0.00013665205719935909,-0.0044100076084918026,-0.0027772623635200968,-0.0017229049975858021,-0.00089589803579446137,-0.00015471850645624329,0.00058754774951949693,0.0014184429552947949,0.0024822156888540331,0.0041416041149102238,4.4313227940431847,2
distill:fred-price-return,DEXUSEU,TimesFM-zero-shot,6882,0.0022440886337984078,0.00013259521801955998,0.00021091513917781413,-0.0041177617385983467,-0.0026050303131341934,-0.0015681274235248566,-0.00069308356614783406,0.00096279976423829794,0.0018430748023092747,0.0029120843391865492,0.0045368699356913567,4.3073990774801096,2
distill:fred-price-return,DEXUSEU,TimesFM-laplace-qd,6882,0.0022440886337984078,1.4719247701577842e-05,0.00012685437104664743,-0.0035205571912229061,-0.0022206036373972893,-0.0012632228899747133,-0.00042349789873696864,0.00045415799831971526,0.0012990805553272367,0.00228924211114645,0.003699310589581728,4.3532432669005674,2
distill:fred-price-return,DEXUSEU,Laplace-q-fixed-bandwidth,6883,0.0013784787226333306,-4.5990293896944743e-05,-0.0042860531891185886,-0.0026666841704990367,-0.0016205555858801262,-0.00079971333379277442,-6.393350678083511e-05,0.00067292791792484391,0.0014976358509190741,0.0025531245375738387,0.004198991906729831,4.7664704292506892,2
distill:fred-price-return,DEXUSEU,TimesFM-zero-shot,6883,0.0013784787226333306,0.0001658176479395479,0.00021894197561778128,-0.0040461993776261806,-0.0025408104993402958,-0.0015129601815715432,-0.00064828409813344479,0.00098681834060698748,0.0018574381247162819,0.002923938911408186,0.0045259841717779636,4.3746841062445645,2
distill:fred-price-return,DEXUSEU,TimesFM-laplace-qd,6883,0.0013784787226333306,-6.4934632973745465e-05,4.8562767915427685e-05,-0.0035202179569751024,-0.0022388193756341934,-0.0013162776594981551,-0.0004992252797819674,0.00036551142693497241,0.0011842556996271014,0.0021544327028095722,0.0035212754737585783,4.5603707215184679,2
distill:fred-price-return,DEXUSEU,Laplace-q-fixed-bandwidth,6884,-0.0018958985341080703,-3.7157006880747174e-06,-0.0041465193091971154,-0.0025542250470279209,-0.0015340309432533531,-0.0007361605113177861,-2.1545158754276975e-05,0.00069412949185372239,0.00149580609660164,0.0025253148783422026,0.0041441964341720431,4.6432016108063241,2
distill:fred-price-return,DEXUSEU,TimesFM-zero-shot,6884,-0.0018958985341080703,0.00024628458777442575,0.0003123245551250875,-0.0035918659996241331,-0.0021875975653529167,-0.0012514329282566905,-0.00048815569607540965,0.00098447594791650772,0.001779695157893002,0.0027364881243556738,0.0042226086370646954,4.9355271662060671,2
distill:fred-price-return,DEXUSEU,TimesFM-laplace-qd,6884,-0.0018958985341080703,-1.6616162611171603e-05,9.4235685537569225e-05,-0.0031144097447395325,-0.001953622093424201,-0.0011274751741439104,-0.00041924102697521448,0.00039122812449932098,0.0011174348182976246,0.0019752269145101309,0.0032250951044261456,4.9660463083494291,2
distill:fred-price-return,DEXUSEU,Laplace-q-fixed-bandwidth,6885,-0.010666536546985017,-9.9151228879635825e-05,-0.0041737875964239675,-0.0026028028882806994,-0.0016005145526935727,-0.00081775682697754644,-0.00011685589834970327,0.0005850876312428093,0.0013716049928659154,0.0023831482287256273,0.0039806921064171582,0.58528574583581694,2
distill:fred-price-return,DEXUSEU,TimesFM-zero-shot,6885,-0.010666536546985017,-1.1222298780921847e-05,4.6916269639041275e-05,-0.0038163077551871538,-0.0024235616438090801,-0.0015095354756340384,-0.00074486772064119577,0.00071552768349647522,0.0014911299804225564,0.0024437245447188616,0.0038853129372000694,-6.8526892423574557,2
distill:fred-price-return,DEXUSEU,TimesFM-laplace-qd,6885,-0.010666536546985017,-0.00018424501467961818,-8.6945285147521645e-05,-0.0032622599974274635,-0.0021028816699981689,-0.0012961532920598984,-0.00058417493710294366,0.00019016611622646451,0.00089734268840402365,0.0017500681569799781,0.0029467027634382248,-13.132563419343807,2
distill:fred-price-return,DEXUSEU,Laplace-q-fixed-bandwidth,6886,-0.0033184905137130793,-0.00064035005115743423,-0.0053979278766679607,-0.0035869521134754331,-0.0024078613060228406,-0.0014796087575255096,-0.00064748232512633667,0.00018497522648963524,0.0011143994955221449,0.0022962858321490982,0.0041151439986705958,4.3323312228644504,2
distill:fred-price-return,DEXUSEU,TimesFM-zero-shot,6886,-0.0033184905137130793,-0.00074994814349338412,-0.00094868609448894858,-0.0055653555318713188,-0.0037266381550580263,-0.0025567780248820782,-0.0016242280835285783,0.00010967749403789639,0.0010011184494942427,0.0020631481893360615,0.0036047471221536398,4.6048080874522537,2
distill:fred-price-return,DEXUSEU,TimesFM-laplace-qd,6886,-0.0033184905137130793,-0.00058567430824041367,-0.00089716928778216243,-0.0048194187693297863,-0.0031660893000662327,-0.0020449273288249969,-0.0011256322031840682,-5.8453282690607011e-05,0.00082323839887976646,0.0018362011760473251,0.0032276895362883806,4.4609902028221171,2
distill:fred-price-return,DEXUSEU,Laplace-q-fixed-bandwidth,6887,-0.004295426284486592,-0.000621280364835514,-0.005342892951516548,-0.0035463517968959916,-0.0023762095254128085,-0.0014546691655125206,-0.00062840695233830975,0.00019818743588680902,0.0011209092521686918,0.0022938701911023249,0.0040983607592103167,3.9713831843626064,2
distill:fred-price-return,DEXUSEU,TimesFM-zero-shot,6887,-0.004295426284486592,-0.00039018044481053948,-0.00052940100431442261,-0.0049304072745144367,-0.003196910722181201,-0.0021020565181970596,-0.0012134655844420195,0.00041335774585604668,0.0012463296297937632,0.0022629424929618835,0.0037694363854825497,3.5525833000989149,2
distill:fred-price-return,DEXUSEU,TimesFM-laplace-qd,6887,-0.004295426284486592,-0.00027529965154826641,-0.00049975380534306169,-0.0042700124904513359,-0.0027214004658162594,-0.0016726007452234626,-0.00079312332672998309,0.0002045313740381971,0.0010197418741881847,0.0019790809601545334,0.003310969565063715,2.9560304810252882,2
distill:fred-price-return,DEXUSEU,Laplace-q-fixed-bandwidth,6888,-0.0030794973964747285,-0.00082496505358449772,-0.0055822145714992761,-0.0037837193008646713,-0.0026034748032668564,-0.0016701357017093687,-0.00083210578169663437,6.2645502975959213e-06,0.0009408021489609225,0.0021238819432439996,0.0039303592575172701,4.4735840214068876,2
distill:fred-price-return,DEXUSEU,TimesFM-zero-shot,6888,-0.0030794973964747285,-0.0010913875885307789,-0.0011452658800408244,-0.0058521395549178123,-0.0040686437860131264,-0.0029026486445218325,-0.0019652391783893108,-0.00022539003111887723,0.00067774445051327348,0.0017479846719652414,0.00330687640234828,4.6094510550257022,2
distill:fred-price-return,DEXUSEU,TimesFM-laplace-qd,6888,-0.0030794973964747285,-0.00085635104915127158,-0.00096174021018669009,-0.0049626650288701057,-0.0033787344582378864,-0.0022744492162019014,-0.0013574592303484678,-0.0003831034991890192,0.000501104979775846,0.0015062715392559767,0.0028667750302702188,4.6869638214805311,2
distill:fred-price-return,DEXUSEU,Laplace-q-fixed-bandwidth,6889,0.0032551825690980418,-0.00086428733474376183,-0.0055586520498831504,-0.0037798325748389793,-0.0026157532461325776,-0.0016964783486692757,-0.00087142010097649293,-4.6021318521323397e-05,0.00087445982100312026,0.0020414010352062069,0.0038282879616672364,3.8031828792754574,2
distill:fred-price-return,DEXUSEU,TimesFM-zero-shot,6889,0.0032551825690980418,-0.0012989647220820189,-0.0013275363016873598,-0.0059285080060362816,-0.0041924626566469669,-0.0030526176560670137,-0.0021527481731027365,-0.00044333210098557174,0.00043951775296591222,0.0014923433773219585,0.0030348384752869606,3.7847809968326094,2
distill:fred-price-return,DEXUSEU,TimesFM-laplace-qd,6889,0.0032551825690980418,-0.0011335535673424602,-0.0011416918132454157,-0.0051091974601149559,-0.0035742523614317179,-0.002494854386895895,-0.0016178443329408765,-0.000682048499584198,0.00018564556376077235,0.0011780306231230497,0.0025328393094241619,3.6284190751608603,2
distill:fred-price-return,DEXUSEU,Laplace-q-fixed-bandwidth,6890,0.0015797791595184574,-0.00034210457795902507,-0.0051046426966482473,-0.0033154245168514939,-0.0021329330811146298,-0.0011938266804553787,-0.00034926730765780375,0.00049564046871471449,0.001435972897144021,0.0026213424110202313,0.0044186594303742815,4.5651503851711812,2
distill:fred-price-return,DEXUSEU,TimesFM-zero-shot,6890,0.0015797791595184574,-0.00023897257051430643,-0.0003330268373247236,-0.0048366328701376915,-0.0031340743880718946,-0.0019915790762752295,-0.0010828265221789479,0.00060773646691814065,0.0014736363664269447,0.0024964357726275921,0.0040027988143265247,4.3757283488298127,2
distill:fred-price-return,DEXUSEU,TimesFM-laplace-qd,6890,0.0015797791595184574,-0.00029153784271329641,-0.00038706569466739893,-0.004293875303119421,-0.0027677442412823439,-0.0016729901544749737,-0.00076929217902943492,0.0001747441419865936,0.001045286888256669,0.002028236398473382,0.0033745826222002506,4.4758257816687941,2
distill:fred-price-return,DEXUSEU,Laplace-q-fixed-bandwidth,6891,0.0019274581050470196,-0.00035517897348015645,-0.0050378045268199331,-0.0032712383194870853,-0.0021093607466156697,-0.0011891361843371826,-0.00036233342134653779,0.00046481837428673125,0.0013862758379396616,0.0025510628844066831,0.0043258261493987699,4.4626771027984162,2
distill:fred-price-return,DEXUSEU,TimesFM-zero-shot,6891,0.0019274581050470196,-7.4012117693200707e-05,-0.00011558744154172018,-0.0044517242349684238,-0.0028393925167620182,-0.0017623892053961754,-0.00089830602519214153,0.00075473944889381528,0.0016009242972359061,0.0026281240861862898,0.0041595166549086571,4.3585178746197837,2
distill:fred-price-return,DEXUSEU,TimesFM-laplace-qd,6891,0.0019274581050470196,-0.00020162877626717091,-0.00023452217283193022,-0.004025051835924387,-0.0025821570307016373,-0.001542729907669127,-0.00067393539939075708,0.00027092586969956756,0.0011289352551102638,0.0021270336583256721,0.0035096609499305487,4.4002237517736296,2
distill:fred-price-return,DEXUSEU,Laplace-q-fixed-bandwidth,6892,-0.00070046408607840616,-0.00025870987754246516,-0.0048850227753886918,-0.0031366528328113179,-0.0019891754291363078,-0.0010813070648058257,-0.00026585590875308549,0.00054994631715565108,0.0014590550138624549,0.0026094662971653296,0.0043661082695770313,4.8721478378640395,2
distill:fred-price-return,DEXUSEU,TimesFM-zero-shot,6892,-0.00070046408607840616,0.00031638806103728712,7.6248747063800693e-05,-0.0037516474258154631,-0.0022066424135118723,-0.0011838393984362483,-0.00041348725790157914,0.0010376697173342109,0.0017874267650768161,0.0026409749407321215,0.0039758197963237762,4.5571691367824227,2
distill:fred-price-return,DEXUSEU,TimesFM-laplace-qd,6892,-0.00070046408607840616,0.00021901712170802057,-0.00015958910807967186,-0.0034788835328072309,-0.0020490987226366997,-0.0010249291080981493,-0.0002342575608054176,0.00067262293305248022,0.0014504111604765058,0.0022980060894042253,0.0035218554548919201,4.7273511888434303,2
distill:fred-price-return,DEXUSEU,Laplace-q-fixed-bandwidth,6893,-0.0028946119066387554,-0.00042311506267528521,-0.0049086427004425993,-0.0031943334022763743,-0.0020842059478972377,-0.00121195585214534,-0.00043025923578271247,0.00035178549623100753,0.0012252736147900292,0.0023383796702317527,0.0040611347382831196,4.4098046609651256,2
distill:fred-price-return,DEXUSEU,TimesFM-zero-shot,6893,-0.0028946119066387554,-0.00017365992243867368,-0.00028548308182507753,-0.0044953422620892525,-0.0028857155703008175,-0.0018201979110017419,-0.00097947684116661549,0.00062722305301576853,0.0014683427289128304,0.0024606187362223864,0.0039273626171052456,4.60898210525023,2
distill:fred-price-return,DEXUSEU,TimesFM-laplace-qd,6893,-0.0028946119066387554,-0.00017282355111092329,-0.0003309010062366724,-0.0039440342225134373,-0.002493569627404213,-0.0014584792079403996,-0.000621079932898283,0.00027212148415856063,0.0011148435296490788,0.0020625328179448843,0.0033693485893309116,4.3712976934483461,2
distill:fred-price-return,DEXUSEU,Laplace-q-fixed-bandwidth,6894,0.0056061814665985255,-0.00062542734123051608,-0.0050722447984039446,-0.0033727237341895262,-0.0022723087898947345,-0.0014075904935620131,-0.00063256166186224352,0.00014281651685045857,0.0010087807071511024,0.0021121924196610938,0.003820216192808752,3.0150040845720043,2
distill:fred-price-return,DEXUSEU,TimesFM-zero-shot,6894,0.0056061814665985255,-0.00073728454299271107,-0.00074684427818283439,-0.0051470184698700905,-0.0035250976216048002,-0.0024385678116232157,-0.0015619965270161629,8.8619708549231291e-05,0.00096147943986579776,0.0020102451089769602,0.0035323458723723888,3.0537237746069326,2
distill:fred-price-return,DEXUSEU,TimesFM-laplace-qd,6894,0.0056061814665985255,-0.0006552155246026814,-0.00066275510471314192,-0.00446658069267869,-0.003025868209078908,-0.0019841042812913656,-0.0011068454477936029,-0.00021653059229720384,0.00065320153953507543,0.0016511515714228153,0.0029976808000355959,2.7525928656237477,2
distill:fred-price-return,DEXUSEU,Laplace-q-fixed-bandwidth,6895,-0.0019235819518789998,-1.6320587668037791e-06,-0.0046867709880753375,-0.0029245520277772722,-0.0017615801247156419,-0.00083871675583066106,-8.9471573913492764e-06,0.00082119340524950324,0.0017453599270672972,0.0029113985833641469,0.0046822470223832997,4.5788835082199135,2
distill:fred-price-return,DEXUSEU,TimesFM-zero-shot,6895,-0.0019235819518789998,-0.00015436958346981555,-0.00014107910101301968,-0.0047408165410161018,-0.0030961108859628439,-0.0019731665961444378,-0.0010374572593718767,0.00072949269087985158,0.0016559341456741095,0.0027830167673528194,0.004400297999382019,4.6032785006874333,2
distill:fred-price-return,DEXUSEU,TimesFM-laplace-qd,6895,-0.0019235819518789998,-0.00023283068730961531,-0.00021497538546100259,-0.0042191073298454285,-0.0027482956647872925,-0.0016657870728522539,-0.00072250765515491366,0.0002510914346203208,0.0011838595382869244,0.0022729509510099888,0.0037216923665255308,4.7892218946802956,2
distill:fred-price-return,DEXUSEU,Laplace-q-fixed-bandwidth,6896,-0.0002625935504607102,-0.00039941476850286129,-0.0050057105516345592,-0.0032659337033063432,-0.002123338838099707,-0.001219056120212115,-0.00040671899271131455,0.00040598842107306143,0.0013115803960048898,0.0024572709571619726,0.0042057696295229527,4.8906397010615805,2
distill:fred-price-return,DEXUSEU,TimesFM-zero-shot,6896,-0.0002625935504607102,-0.00043851471855305135,-0.00042863580165430903,-0.0050437566824257374,-0.0034006042405962944,-0.0022641338873654604,-0.0013305913889780641,0.00044527431600727141,0.0013952116714790463,0.0025207344442605972,0.0041440874338150024,4.3080399771473612,2
distill:fred-price-return,DEXUSEU,TimesFM-laplace-qd,6896,-0.0002625935504607102,-0.00045139429857954383,-0.00042587792268022895,-0.0044247820042073727,-0.0029697355348616838,-0.0018798109376803041,-0.00094545993488281965,2.7834525099024177e-05,0.00098148989491164684,0.0020620736759155989,0.0035184442531317472,4.5808479106147182,2
distill:fred-price-return,DEXUSEU,Laplace-q-fixed-bandwidth,6897,-0.0023664501161483054,-0.00032967925047698186,-0.0047924449704022003,-0.003087147284049992,-0.001982652588457829,-0.0011147850419142933,-0.00033698129982122186,0.00044118815660727686,0.0013103623007310193,0.0024179979837631333,0.0041321958271693269,4.563285202155166,2
distill:fred-price-return,DEXUSEU,TimesFM-zero-shot,6897,-0.0023664501161483054,-0.00047120914678089321,-0.00042362482054159045,-0.0048126885667443275,-0.0032559754326939583,-0.0021926932968199253,-0.0013123329263180494,0.00037470489041879773,0.0012836938258260489,0.0023696643766015768,0.0039706584066152573,4.7670315595397783,2
distill:fred-price-return,DEXUSEU,TimesFM-laplace-qd,6897,-0.0023664501161483054,-0.00050659955013543367,-0.00045402353862300515,-0.0041724382899701595,-0.0028233721386641264,-0.0018196816090494394,-0.00095275969943031669,-5.7203375035896897e-05,0.00084201345453038812,0.0018685613758862019,0.0032804715447127819,4.8968119714148939,2
distill:fred-price-return,DEXUSEU,Laplace-q-fixed-bandwidth,6898,0.0037661529078744926,-0.00047271796215697692,-0.0048676102862123694,-0.0031832708319031559,-0.0020964652432223785,-0.0012438441228284818,-0.00048000658006651126,0.00028419562240939106,0.001138124601013253,0.002228090847034782,0.0039214124027471507,3.7098863637143342,2
distill:fred-price-return,DEXUSEU,TimesFM-zero-shot,6898,0.0037661529078744926,-0.0006300266832113266,-0.00060413370374590158,-0.0050583239644765854,-0.0034730818588286638,-0.0023966089356690645,-0.0014888544101268053,0.00022973885643295944,0.001138162799179554,0.0022291226778179407,0.0038083330728113651,3.8406398292763884,2
distill:fred-price-return,DEXUSEU,TimesFM-laplace-qd,6898,0.0037661529078744926,-0.00058230920694768429,-0.00054938654648140073,-0.0043759499676525593,-0.0029843440279364586,-0.0019534104503691196,-0.0010500485077500343,-0.00011600169818848372,0.00078905303962528706,0.0018274798057973385,0.0032268301583826542,3.6705343289864056,2
distill:fred-price-return,DEXUSEU,Laplace-q-fixed-bandwidth,6899,-8.7424050411927245e-05,-0.00012563969248547864,-0.0046168636855895917,-0.0029138366231548788,-0.0018006340542983386,-0.00092180697483019026,-0.00013296641419517554,0.00065625161647819114,0.001536416543294658,0.0026528033892667642,0.0043648120673264222,4.9210472411153932,2
distill:fred-price-return,DEXUSEU,TimesFM-zero-shot,6899,-8.7424050411927245e-05,-0.00023550201149191707,-0.00021269064745865762,-0.0048015858046710491,-0.0031768886838108301,-0.002062326529994607,-0.0011213598772883415,0.00065362855093553662,0.0015854986850172281,0.0027108937501907349,0.0043343454599380493,4.3099583443052047,2
distill:fred-price-return,DEXUSEU,TimesFM-laplace-qd,6899,-8.7424050411927245e-05,-0.00030843698186799884,-0.00027659488841891289,-0.0042548081837594509,-0.0028081829659640789,-0.0017371053108945489,-0.00079726305557414889,0.00017821043729782104,0.0011074650101363659,0.0021804389543831348,0.0036180340684950352,4.5868804535679368,2
distill:fred-price-return,DEXUSEU,Laplace-q-fixed-bandwidth,6900,-0.003152366883734159,-0.00025566834253281669,-0.0046029545232362766,-0.0029349683396113196,-0.0018602293041508589,-0.0010176647372191804,-0.00026299206155900196,0.00049205212310132751,0.001335947795424376,0.002413911172097937,0.0040910625963183171,4.2432474442359105,2
distill:fred-price-return,DEXUSEU,TimesFM-zero-shot,6900,-0.003152366883734159,-0.00025010330136865377,-0.00023536707158200443,-0.0048380582593381405,-0.0032137362286448479,-0.0020791704300791025,-0.0011395672336220741,0.00064496154664084315,0.0015957151772454381,0.0027172218542546034,0.0043519884347915649,4.6034889072765548,2
distill:fred-price-return,DEXUSEU,TimesFM-laplace-qd,6900,-0.003152366883734159,-0.00037125500966794789,-0.00035007920814678073,-0.0043007205240428448,-0.002867816248908639,-0.0017896901117637753,-0.00085861212573945522,0.00011027946311514825,0.0010512563167139888,0.0021133916452527046,0.0035532563924789429,4.4111278618476399,2
distill:fred-price-return,DEXUSEU,Laplace-q-fixed-bandwidth,6901,0.0022777057591364391,-0.0004422823235959995,-0.0047881015290197155,-0.0031263692905241823,-0.0020512071872055481,-0.0012065951978397881,-0.00044959717823374204,0.00030777680787498653,0.0011537314189970919,0.0022321305614929135,0.0039030439992166557,4.3070126433125049,2
distill:fred-price-return,DEXUSEU,TimesFM-zero-shot,6901,0.0022777057591364391,-0.0005410508019849658,-0.00051365868421271443,-0.0049873129464685917,-0.0034183706156909466,-0.0023189287167042494,-0.0014105519512668252,0.00033359287772327662,0.0012714400654658675,0.0023804858792573214,0.0040264511480927467,4.1957278088430714,2
distill:fred-price-return,DEXUSEU,TimesFM-laplace-qd,6901,0.0022777057591364391,-0.00053891382412984967,-0.00050839321920648217,-0.0043281386606395245,-0.0029477819334715605,-0.001904631732031703,-0.0010049333795905113,-7.4920862971339375e-05,0.000848146912176162,0.0018934949766844511,0.003334167180582881,4.1852267912537382,2
distill:fred-price-return,DEXUSEU,Laplace-q-fixed-bandwidth,6902,0.00069979009153867122,-0.00019189919208742749,-0.0045247187713927019,-0.0028718641340732859,-0.001799455385334112,-0.00095576251434742964,-0.00019920330842494331,0.00055773543117668264,0.0014027808955943397,0.0024784390986417192,0.0041404978314394962,4.8786263876034814,2
distill:fred-price-return,DEXUSEU,TimesFM-zero-shot,6902,0.00069979009153867122,-0.00020243825565557927,-0.00017361536447424442,-0.0047133378684520721,-0.00311492127366364,-0.0020112986676394939,-0.0010758633725345135,0.00068287021713331342,0.0016087606782093644,0.0027287956327199936,0.0043599223718047142,4.3231429501066714,2
distill:fred-price-return,DEXUSEU,TimesFM-laplace-qd,6902,0.00069979009153867122,-0.00028302671853452921,-0.00025088299298658967,-0.0041431207209825516,-0.0027310361620038748,-0.0016855451976880431,-0.00075893872417509556,0.00019643831183202565,0.0011127407196909189,0.0021762789692729712,0.0036055934615433216,4.5601043233960139,2
distill:fred-price-return,DEXUSEU,Laplace-q-fixed-bandwidth,6903,0.00096141247627398729,-0.00020988335888988161,-0.0044176098691241419,-0.0027970584208708783,-0.0017581694613970147,-0.0009451544881066505,-0.00021717817560089705,0.00051117181391599161,0.0013255288776926649,0.0023676912477840744,0.0039976066485921651,4.8462599907341648,2
distill:fred-price-return,DEXUSEU,TimesFM-zero-shot,6903,0.00096141247627398729,-0.00019925629021599889,-0.00020195319666527212,-0.0047197518870234489,-0.0031151308212429285,-0.002004917711019516,-0.0010724551975727081,0.00067252782173454762,0.0015839586267247796,0.0026779931504279375,0.0042905290611088276,4.3377664468174624,2
distill:fred-price-return,DEXUSEU,TimesFM-laplace-qd,6903,0.00096141247627398729,-0.0002661976614035666,-0.00025418002041988075,-0.0040926067158579826,-0.0026945250574499369,-0.0016469073016196489,-0.00072850310243666172,0.00019449381215963513,0.0010949482675641775,0.0021288767457008362,0.0035470554139465094,4.5522159862744722,2
distill:fred-price-return,DEXUSEU,Laplace-q-fixed-bandwidth,6904,-0.00061170098468757428,-0.00016677529351597455,-0.0042612548702343047,-0.0026718732708471121,-0.0016634749870338089,-0.00087734609360895434,-0.00017405652289906564,0.00052960086423259225,0.0013170574290420796,0.0023287407204802867,0.003927629491303649,5.0099611754790576,2
distill:fred-price-return,DEXUSEU,TimesFM-zero-shot,6904,-0.00061170098468757428,-0.00017681340978015214,-0.00015238802006933838,-0.0046464269980788231,-0.0030606717336922884,-0.0019555639009922743,-0.0010389233939349651,0.00069482834078371525,0.0016208167653530836,0.002710969652980566,0.0043308804742991924,4.3228772790630501,2
distill:fred-price-return,DEXUSEU,TimesFM-laplace-qd,6904,-0.00061170098468757428,-0.00027139732264913619,-0.00024994046543724835,-0.0040622856467962265,-0.0026743740309029818,-0.0016305497847497463,-0.00072965433355420828,0.00019574034377001226,0.0011104678269475698,0.0021372407209128141,0.0035585446748882532,4.6266787764792952,2
distill:fred-econ,DFF,Laplace-q-fixed-bandwidth,26256,0,-5.1308365996006441e-05,-4.8091081282099254e-06,-2.7976766871730333e-06,-1.7515855180206351e-06,-9.3306505935051261e-07,-1.9896599327865432e-07,5.1898289333962307e-07,1.2795095257900686e-06,2.1714398910673764e-06,3.4436335725699072e-06,11.929778473695999,2
distill:fred-econ,DFF,TimesFM-zero-shot,26256,0,3.0551418603863567e-06,-4.4338041334412992e-05,-0.00013762604794465005,-6.2499246268998832e-05,-3.1188996217679232e-05,-1.1360170901753008e-05,1.1171094229212031e-05,2.1929568902123719e-05,3.1744588341098279e-05,5.0797512813005596e-05,8.6935987464718565,2
distill:fred-econ,DFF,TimesFM-laplace-qd,26256,0,2.1381587430369109e-05,-5.3427258535521105e-05,-0.00015038042329251766,-6.4489875512663275e-05,-1.9909864931832999e-05,1.0386818757979199e-05,3.3227428502868861e-05,5.4153846576809883e-05,7.4260853580199182e-05,0.00010256664245389402,8.1493417986726477,2
distill:fred-econ,DFF,Laplace-q-fixed-bandwidth,26257,0,-4.2891874558841883e-05,-4.5477513970149066e-06,-2.6952715747232305e-06,-1.6857927743193885e-06,-8.8855656007141337e-07,-1.7024805755015142e-07,5.3479528333636895e-07,1.2836136576175368e-06,2.1630938740009098e-06,3.4272637777917924e-06,11.950337512010488,2
distill:fred-econ,DFF,TimesFM-zero-shot,26257,0,2.8975809982512146e-06,-2.1981057216180488e-05,-7.1398040745407343e-05,-3.0080920623731799e-05,-1.356513166683726e-05,-3.0609626264777035e-06,4.2057836253661662e-06,8.2604310591705143e-06,1.0768431820906699e-05,1.8346610886510462e-05,9.6450780216620515,2
distill:fred-econ,DFF,TimesFM-laplace-qd,26257,0,1.4202581951394677e-05,-3.1825788028072566e-05,-8.5116807895246893e-05,-3.462524909991771e-05,-7.4394883995410055e-06,1.2005326425423846e-05,1.8568316590972245e-05,3.1488147214986384e-05,4.2741674405988306e-05,5.7208380894735456e-05,8.7213719530271892,2
distill:fred-econ,DFF,Laplace-q-fixed-bandwidth,26258,0,-3.5855221447005157e-05,-4.3294163566458127e-06,-2.6026877457512001e-06,-1.6261845999965031e-06,-8.4873321071844509e-07,-1.4509432688157252e-07,5.4704916676364008e-07,1.2833591595662833e-06,2.1515636293048149e-06,3.4045611601957545e-06,11.970444712327932,2
distill:fred-econ,DFF,TimesFM-zero-shot,26258,0,1.4109027688391507e-06,-2.2736427126801573e-05,-7.0896407123655081e-05,-3.0719318601768464e-05,-1.2826876627514139e-05,-3.451943484833464e-06,2.3607644834555686e-06,5.6655553635209799e-06,6.3652769313193858e-06,1.122692265198566e-05,9.9261178164882971,2
distill:fred-econ,DFF,TimesFM-laplace-qd,26258,0,7.1115464379545301e-06,-3.6441928386921063e-05,-8.994218660518527e-05,-4.1103481635218486e-05,-1.2445922038750723e-05,5.413672624854371e-06,1.0968815331580117e-05,2.2971566068008542e-05,3.1811068765819073e-05,4.3526662921067327e-05,8.9423381775950599,2
distill:fred-econ,DFF,Laplace-q-fixed-bandwidth,26259,0,-2.9685268569283682e-05,-4.1448151480977789e-06,-2.5189322267741245e-06,-1.5723565534007629e-06,-8.1286877782354833e-07,-1.235389639198889e-07,5.5576828403040549e-07,1.2807338879904738e-06,2.1365496585639187e-06,3.3771205999026531e-06,11.990049008597962,2
distill:fred-econ,DFF,TimesFM-zero-shot,26259,0,2.8115355235058814e-06,-1.5774679923197255e-05,-5.0811715482268482e-05,-1.9545559553080238e-05,-8.9569257397670299e-06,-5.9954982134513557e-07,2.1875821403227746e-06,4.9660557124298066e-06,7.6032010838389397e-06,1.2759996025124565e-05,10.159535169031429,2
distill:fred-econ,DFF,TimesFM-laplace-qd,26259,0,1.1473341146484017e-05,-2.6629426429281011e-05,-7.2267299401573837e-05,-2.9742299375357106e-05,-7.2989168984349817e-06,1.0183568520005792e-05,1.3975641195429489e-05,2.5760673452168703e-05,3.6793273466173559e-05,4.8754147428553551e-05,8.9311931744044273,2
distill:fred-econ,DFF,Laplace-q-fixed-bandwidth,26260,0,-2.5190778953928094e-05,-3.9848818645364184e-06,-2.4430984347487199e-06,-1.5231934804934809e-06,-7.8148460103782489e-07,-1.0588904788462256e-07,5.6195884984251084e-07,1.2747431490408433e-06,2.1176880593971323e-06,3.3444001685246974e-06,12.009262432645905,2
distill:fred-econ,DFF,TimesFM-zero-shot,26260,0,-2.8120812203269452e-06,-3.5499520890880376e-05,-8.3713850472122431e-05,-3.7696227082051337e-05,-2.0348024918348528e-05,-8.9581517386250198e-06,-1.3271928764879704e-06,2.6199195417575538e-06,7.5344578363001347e-06,1.4882269169902429e-05,9.766481164028038,2
distill:fred-econ,DFF,TimesFM-laplace-qd,26260,0,5.1874376367777586e-06,-5.2369829063536599e-05,-0.00010421401384519413,-4.7241243009921163e-05,-1.7967116946238093e-05,2.8414615371730179e-06,1.0842977644642815e-05,2.4352470063604414e-05,3.8773301639594138e-05,5.4785028623882681e-05,8.8288672036137257,2
distill:fred-econ,DFF,Laplace-q-fixed-bandwidth,26261,0,-2.1708718950533353e-05,-3.8458378411514334e-06,-2.3734983963435446e-06,-1.4790956012341663e-06,-7.5257423692201689e-07,-9.0696871824892767e-08,5.6539147841715454e-07,1.2658622758814577e-06,2.0965859075849912e-06,3.3074548481052402e-06,12.028378060104982,2
distill:fred-econ,DFF,TimesFM-zero-shot,26261,0,8.5423744167201221e-07,-1.1767264368245378e-05,-5.5125270591815934e-05,-2.4807713998598047e-05,-1.0238822142127901e-05,-2.1943233150523156e-06,8.5676947492174804e-07,2.8866379579994828e-06,4.5057604438625276e-06,1.0400755854789168e-05,10.365004051256868,2
distill:fred-econ,DFF,TimesFM-laplace-qd,26261,0,8.7751250248402357e-06,-1.9578608771553263e-05,-7.0648056862410158e-05,-3.1469036912312731e-05,-6.5439307945780456e-06,9.4733914011158049e-06,1.2944525224156678e-05,2.3400985810440034e-05,3.2466596167068928e-05,4.573203477775678e-05,9.0081057556036797,2
distill:fred-econ,DFF,Laplace-q-fixed-bandwidth,26262,0,-1.8654589385439736e-05,-3.7214108818062301e-06,-2.3102184227394153e-06,-1.4383063189357691e-06,-7.2772514494194551e-07,-7.7869658011369616e-08,5.665477076896619e-07,1.2553763967653074e-06,2.0729072882735081e-06,3.2665748981585404e-06,12.047014039486767,2
distill:fred-econ,DFF,TimesFM-zero-shot,26262,0,-4.849331162404269e-06,-1.5001871361164376e-05,-5.804546526633203e-05,-2.9096005164319649e-05,-1.5685465768910944e-05,-8.6163199739530683e-06,-4.4545158743858337e-06,-1.6488411347381771e-07,2.1717460185755044e-06,7.6055584941059351e-06,10.13810660065918,2
distill:fred-econ,DFF,TimesFM-laplace-qd,26262,0,-1.8468344933353364e-06,-2.4848730390658602e-05,-7.5581905548460782e-05,-3.9392285543726757e-05,-1.6905742086237296e-05,-2.2672575141768903e-06,6.2961771618574858e-07,1.2736993085127324e-05,2.1957232092972845e-05,3.3441137929912657e-05,9.289515949730708,2
distill:fred-econ,DFF,Laplace-q-fixed-bandwidth,26263,0,-1.5945859066451646e-05,-3.6109115379167186e-06,-2.2524522145622009e-06,-1.4012765050296151e-06,-7.0493778386426368e-07,-6.7625317932830275e-08,5.6540988312658005e-07,1.2429286388550297e-06,2.0470544347953622e-06,3.2224468216272933e-06,12.065568288147897,2
distill:fred-econ,DFF,TimesFM-zero-shot,26263,0,6.4278865465894341e-06,-1.9483202777337283e-05,-5.6439399486407638e-05,-1.8304099285160191e-05,-4.3971958803012967e-06,3.2865500543266535e-06,5.5955133575480431e-06,7.5620228017214686e-06,7.5607240432873368e-06,1.1852691386593506e-05,9.6985970926832579,2
distill:fred-econ,DFF,TimesFM-laplace-qd,26263,0,8.1648177001625299e-06,-3.9884151192381978e-05,-8.2676386227831244e-05,-3.2837171602295712e-05,-7.0006462919991463e-06,9.7600059234537184e-06,1.1533258657436818e-05,2.2322215954773128e-05,3.0524926842190325e-05,4.2305124225094914e-05,9.0469616124408372,2
distill:fred-econ,DFF,Laplace-q-fixed-bandwidth,26264,0,-1.3515280360364825e-05,-3.5104505060815933e-06,-2.198258476863636e-06,-1.3666902112814091e-06,-6.85063592027362e-07,-5.8550658991240323e-08,5.630993017315352e-07,1.2293265086599855e-06,2.0203700049643252e-06,3.176136424769642e-06,12.083725669634191,2
distill:fred-econ,DFF,TimesFM-zero-shot,26264,0,6.5576532506383955e-06,-1.2318218068685383e-05,-6.2476945458911359e-05,-2.4257838958874345e-05,-7.9131496022455394e-06,1.9285071175545454e-06,7.411108526866883e-06,1.0828251106431708e-05,1.1882137187058106e-05,2.0035477064084262e-05,9.4756437647461489,2
distill:fred-econ,DFF,TimesFM-laplace-qd,26264,0,1.9782761228270829e-05,-1.9561326553230174e-05,-7.760091102682054e-05,-2.7572577891987748e-05,5.9103695093654096e-07,1.9371305825188756e-05,2.3382359358947724e-05,3.5980956454295665e-05,4.5564782340079546e-05,6.2952996813692153e-05,8.5912743903617521,2
distill:fred-econ,DFF,Laplace-q-fixed-bandwidth,26265,0,-1.1831423607143406e-05,-3.4186071738433876e-06,-2.1477317022041229e-06,-1.3351416279135632e-06,-6.6658410707545301e-07,-5.1942515337190712e-08,5.5961816616679471e-07,1.2143115909506582e-06,1.9914711975470324e-06,3.1283270739952472e-06,12.101836134210116,2
distill:fred-econ,DFF,TimesFM-zero-shot,26265,0,-7.1154427132569253e-06,-2.3451548258890398e-05,-6.334012869047001e-05,-3.2637708500260487e-05,-1.9906206944142468e-05,-1.1359374184394255e-05,-5.8994628489017487e-06,-3.2092029869090766e-06,-2.1187806851230562e-06,4.3470208765938878e-06,10.149773818961613,2
distill:fred-econ,DFF,TimesFM-laplace-qd,26265,0,1.6443191270809621e-06,-3.1950723496265709e-05,-7.9704157542437315e-05,-3.9183032640721649e-05,-1.5785548384883441e-05,1.2479576980695128e-06,5.4309603001456708e-06,1.6777761629782617e-05,2.5593399186618626e-05,3.8391910493373871e-05,9.1712654881306257,2
distill:fred-econ,DFF,Laplace-q-fixed-bandwidth,26266,0,-1.0639991070370384e-05,-3.3333716808663346e-06,-2.1007585011937791e-06,-1.3054295209764873e-06,-6.4950322179359154e-07,-4.5669503418286014e-08,5.544957233508512e-07,1.1986828493940084e-06,1.9624628017982531e-06,3.0791516467158892e-06,12.119875392573908,2
distill:fred-econ,DFF,TimesFM-zero-shot,26266,0,-2.3464946934836917e-05,-3.3160242310259491e-05,-7.1425369242206216e-05,-4.6967536036390811e-05,-3.4482189221307635e-05,-2.7312265956425108e-05,-2.2773472664994188e-05,-1.7899104932439514e-05,-1.5575920770061202e-05,-7.5064926932100207e-06,8.5553406627005337,2
distill:fred-econ,DFF,TimesFM-laplace-qd,26266,0,-2.0471950847422704e-05,-4.5035125367576256e-05,-9.33290139073506e-05,-5.9417096053948626e-05,-3.7122681533219293e-05,-2.1839758119313046e-05,-1.7421330994693562e-05,-4.7423163778148592e-06,4.7314788389485329e-06,1.87330660992302e-05,9.0829189759371474,2
distill:fred-econ,DFF,Laplace-q-fixed-bandwidth,26267,0,-9.583523545387742e-06,-3.2543841800405169e-06,-2.0563604738228154e-06,-1.2777500931599956e-06,-6.3427622640718013e-07,-4.1215981423899518e-08,5.4904350679440701e-07,1.1820145356785697e-06,1.933317537882891e-06,3.0291136221790352e-06,12.137552168266453,2
distill:fred-econ,DFF,TimesFM-zero-shot,26267,0,1.418101237504743e-05,-1.977718056878075e-06,-3.2856176403583959e-05,-3.7691133911721408e-06,6.4775704231578857e-06,1.2464493920560926e-05,1.2413704098435119e-05,1.3790668162982911e-05,1.3730561477132142e-05,1.4607896446250379e-05,8.8007036546494035,2
distill:fred-econ,DFF,TimesFM-laplace-qd,26267,0,1.4649773220298812e-05,-1.5997877198969945e-05,-5.052191045251675e-05,-1.4664399714092724e-05,4.5815068006049842e-06,1.7539714463055134e-05,1.6539477655896917e-05,2.4596498406026512e-05,3.0516261176671833e-05,3.560525510692969e-05,8.6175132359834556,2
distill:fred-econ,DFF,Laplace-q-fixed-bandwidth,26268,0,-8.6367186991852614e-06,-3.1808220230223325e-06,-2.0144786823252745e-06,-1.2516379431430335e-06,-6.1928311987354445e-07,-3.7115187339728969e-08,5.4304526956465951e-07,1.1646935561438715e-06,1.9034445877729891e-06,2.9787823666026918e-06,12.155360328331748,2
distill:fred-econ,DFF,TimesFM-zero-shot,26268,0,-7.415947038680315e-07,-6.0470956668723375e-06,-3.3020609407685697e-05,-1.4561870557372458e-05,-8.5081992438063025e-06,-2.6985981094185263e-06,-1.9093495211564004e-06,-3.3641481422819197e-07,2.021271939156577e-06,4.6590866986662149e-06,10.807484738225758,2
distill:fred-econ,DFF,TimesFM-laplace-qd,26268,0,5.1338138291612267e-06,-9.3362796178553253e-06,-4.1476490878267214e-05,-1.8484237443772145e-05,-5.6150565796997398e-06,6.236488843569532e-06,5.9762023738585413e-06,1.3710468920180574e-05,2.151674561901018e-05,2.7633119316305965e-05,9.5410622514614758,2
distill:fred-econ,DFF,Laplace-q-fixed-bandwidth,26269,0,-7.7806736919317662e-06,-3.1107658492336337e-06,-1.9744148115648877e-06,-1.2266638188904676e-06,-6.0631218198848751e-07,-3.3975377664059804e-08,5.3644083335726585e-07,1.1478297015114363e-06,1.8731737723163317e-06,2.9288598912547891e-06,12.172761442841793,2
distill:fred-econ,DFF,TimesFM-zero-shot,26269,0,-4.9034206313081086e-06,-9.2463160399347544e-06,-2.7799736926681362e-05,-1.4750417903997004e-05,-9.2482696345541626e-06,-5.6311873777303845e-06,-7.3010342021007091e-06,-5.8539808378554881e-06,-5.7979777920991182e-06,-3.2434363674838096e-06,9.5340784458053136,2
distill:fred-econ,DFF,TimesFM-laplace-qd,26269,0,-4.9355003284290433e-07,-1.1486095900181681e-05,-3.2258638384519145e-05,-1.553187939862255e-05,-4.1998173401225358e-06,3.6925048334524035e-06,6.0002275859005749e-07,6.6559805418364704e-06,1.0927535186056048e-05,1.6658992535667494e-05,10.207532297701297,2
distill:fred-econ,DFF,Laplace-q-fixed-bandwidth,26270,0,-7.0003633179600675e-06,-3.045397662021063e-06,-1.9358721608616478e-06,-1.2027271335762003e-06,-5.9340760421020135e-07,-3.0675885942608766e-08,5.2960384226717298e-07,1.1303414064308343e-06,1.8438705132537947e-06,2.8792233151644306e-06,12.19025764531988,2
distill:fred-econ,DFF,TimesFM-zero-shot,26270,0,-3.7905156204942614e-06,-9.2216650955379009e-06,-3.298674346297048e-05,-1.6983740351861343e-05,-1.0127783752977848e-05,-5.5593154684174806e-06,-5.0718444981612265e-06,-2.8442264010664076e-06,-1.5816185623407364e-06,3.878085408359766e-09,10.777113503181511,2
distill:fred-econ,DFF,TimesFM-laplace-qd,26270,0,-3.0510818760376424e-06,-1.5111221728147939e-05,-4.1515635530231521e-05,-2.3230921215144917e-05,-1.1006792192347348e-05,-1.6828707884997129e-06,-2.0693842088803649e-06,4.9916234274860471e-06,1.0944349924102426e-05,1.4808716514380649e-05,9.9220504748688718,2
distill:fred-econ,DFF,Laplace-q-fixed-bandwidth,26271,0,-6.2833771475330337e-06,-2.9826089399129452e-06,-1.8995870091122827e-06,-1.1801174509610835e-06,-5.8163624299694257e-07,-2.8378835830877279e-08,5.2194196089375464e-07,1.1133753037984551e-06,1.8140505551244806e-06,2.8301177678604601e-06,12.207491510620835,2
distill:fred-econ,DFF,TimesFM-zero-shot,26271,0,2.3286302166525275e-06,-5.1963434088975191e-06,-2.5291683414252475e-05,-9.1005276772193611e-06,-2.5510162231512368e-06,1.8724567780736834e-06,-3.9990482036955655e-07,1.2708405847661197e-06,2.9217044357210398e-06,4.8689362301956862e-06,11.336830222921131,2
distill:fred-econ,DFF,TimesFM-laplace-qd,26271,0,2.9161310521885753e-06,-1.4082652342040092e-05,-3.8444184610852972e-05,-1.6669331671437249e-05,-3.2748539524618536e-06,6.3020670495461673e-06,4.0097511373460293e-06,1.0794479749165475e-05,1.736216654535383e-05,2.2491287381853908e-05,9.7551166440868187,2
distill:fred-econ,DFF,Laplace-q-fixed-bandwidth,26272,0,-5.6193269701194807e-06,-2.9227422364113763e-06,-1.8643205591800744e-06,-1.1583307808566419e-06,-5.7000596558711473e-07,-2.6720370625302773e-08,5.1487625357497007e-07,1.0958821955444932e-06,1.7844192759986861e-06,2.7814750155607266e-06,12.224718545533577,2
distill:fred-econ,DFF,TimesFM-zero-shot,26272,0,-1.7632264643907547e-06,-3.8131656765472144e-06,-1.906364195747301e-05,-9.873358067125082e-06,-6.1119535530451685e-06,-2.4577966541983187e-06,-3.2545503927394748e-06,-1.6943959053605795e-06,6.4990672399289906e-07,4.011882992926985e-06,10.631643936630429,2
distill:fred-econ,DFF,TimesFM-laplace-qd,26272,0,-1.2305172276683152e-06,-8.7741209426894784e-06,-2.7827092708321288e-05,-1.5778563465573825e-05,-6.9036323111504316e-06,1.2434902600944042e-06,-7.2296097641810775e-07,5.6776334531605244e-06,1.2779644748661667e-05,1.8736449419520795e-05,10.116379770159938,2
distill:fred-econ,DFF,Laplace-q-fixed-bandwidth,26273,0,-4.9993544658101957e-06,-2.8653671084735374e-06,-1.8299137687605321e-06,-1.1372721447502163e-06,-5.5962090726694417e-07,-2.515854735251469e-08,5.0714436868347257e-07,1.0788571355010287e-06,1.755302930423029e-06,2.733531007357318e-06,12.241754271828768,2
distill:fred-econ,DFF,TimesFM-zero-shot,26273,0,-6.1106766224838793e-07,-5.1303759391885251e-06,-1.5029712812975049e-05,-6.7504042817745358e-06,-4.0933409763965756e-06,-1.2651325960177928e-06,-2.2237836674321443e-06,-1.3270473573356867e-06,-7.4733179644681513e-07,3.6383571568876505e-06,10.942622383787262,2
distill:fred-econ,DFF,TimesFM-laplace-qd,26273,0,8.8083834270946681e-07,-9.1003166744485497e-06,-2.2426153009291738e-05,-1.1690604878822342e-05,-3.798908437602222e-06,3.5358098102733493e-06,4.4010084820911288e-07,6.5766689658630639e-06,1.184114080388099e-05,1.8136684957426041e-05,10.259604250952506,2
distill:fred-econ,DFF,Laplace-q-fixed-bandwidth,26274,0,-4.4157572971514509e-06,-2.8103949159016646e-06,-1.7970155888728775e-06,-1.1171141803962308e-06,-5.4906250857682384e-07,-2.3990133713670923e-08,5.000465954396927e-07,1.0613665701454694e-06,1.7267689386850664e-06,2.6862946888048124e-06,12.258717638166422,2
distill:fred-econ,DFF,TimesFM-zero-shot,26274,0,-5.8499390434008092e-06,-1.1491523764561862e-05,-2.6573718059808016e-05,-1.4748320609214716e-05,-1.0697389370761812e-05,-7.4755553214345127e-06,-7.1778849815018475e-06,-5.2412069635465741e-06,-4.730449290946126e-06,-1.1703086784109473e-06,9.805087086103244,2
distill:fred-econ,DFF,TimesFM-laplace-qd,26274,0,-4.107361746719107e-06,-1.6656696971040219e-05,-3.401733556529507e-05,-2.0298664821893908e-05,-1.0744410246843472e-05,-2.4403125280514359e-06,-5.072499334346503e-06,2.5129847927019e-06,7.675247616134584e-06,1.356567008770071e-05,10.068927648277228,2
distill:fred-econ,DFF,Laplace-q-fixed-bandwidth,26275,0,-3.8617349856430081e-06,-2.7571876349811982e-06,-1.7656018802423176e-06,-1.0969273181789241e-06,-5.3953292097600586e-07,-2.287501269522603e-08,4.9278932268501374e-07,1.044222282484692e-06,1.697993251039986e-06,2.6399003607518692e-06,12.275595936939194,2
distill:fred-econ,DFF,TimesFM-zero-shot,26275,0,4.0338272810913622e-06,4.8729998525232077e-07,-2.3206594050861895e-06,5.1096867537125945e-07,1.256768882740289e-06,3.4647237043827772e-06,3.3884425647556782e-06,4.2017563828267157e-06,6.4829328039195389e-06,8.146296750055626e-06,11.212440555983774,2
distill:fred-econ,DFF,TimesFM-laplace-qd,26275,0,4.9537775339558721e-06,-1.3698918337468058e-06,-5.5391974456142634e-06,-2.5417793949600309e-06,1.2453165254555643e-06,6.6100801632273942e-06,3.2039970392361283e-06,7.5721691246144474e-06,1.2694908946286887e-05,1.422269269824028e-05,10.191141820804878,2
distill:fred-econ,DFF,Laplace-q-fixed-bandwidth,26276,0,-3.3720272792519377e-06,-2.7064960214188596e-06,-1.7340717796537608e-06,-1.0781620950122046e-06,-5.2998176264462481e-07,-2.1842428467372334e-08,4.8534354861011046e-07,1.027803738379072e-06,1.6703664236238527e-06,2.5951228104004656e-06,12.292297924254699,2
distill:fred-econ,DFF,TimesFM-zero-shot,26276,0,1.7312777345068753e-06,-3.3118813007604331e-06,-1.0682091669877991e-05,-4.6085442590992898e-06,-2.0476218196563423e-06,1.4073921192903072e-06,1.0135881893802434e-06,2.4782966647762805e-06,4.2649226088542491e-06,6.5888525568880141e-06,11.131825196858514,2
distill:fred-econ,DFF,TimesFM-laplace-qd,26276,0,4.2131032387260348e-06,-4.9175032472703606e-06,-1.1045187420677394e-05,-3.4378244890831411e-06,3.0964656616561115e-06,8.8667911768425256e-06,7.5062198447994888e-06,1.1692209227476269e-05,1.6186084394576028e-05,2.0816063624806702e-05,9.685931856966107,2
distill:fred-econ,DFF,Laplace-q-fixed-bandwidth,26277,0,-3.2922868945001762e-06,-2.6559975900534567e-06,-1.7045264245127606e-06,-1.0595387594106546e-06,-5.2067672431116465e-07,-2.1154362402299385e-08,4.7745312338585366e-07,1.0117407778817825e-06,1.6430053011732054e-06,2.549647536799003e-06,12.308962529190069,2
distill:fred-econ,DFF,TimesFM-zero-shot,26277,0,-3.8448488339781761e-06,-9.6613293862901628e-06,-1.1200176231795922e-05,-7.5414463935885578e-06,-6.9915258791297674e-06,-3.7349163903854787e-06,-5.0951566663570702e-06,-3.5641860449686646e-06,2.7882560971193016e-07,1.8014543456956744e-06,10.430029770048101,2
distill:fred-econ,DFF,TimesFM-laplace-qd,26277,0,6.3395054894499481e-07,-8.0472818808630109e-06,-7.1921676862984896e-06,-4.2503124859649688e-06,-7.8399898484349251e-07,4.7120265662670135e-06,1.6286176105495542e-06,5.8300247474107891e-06,1.1924610589630902e-05,1.4254368579713628e-05,10.48652588588822,2
distill:fred-econ,DFF,Laplace-q-fixed-bandwidth,26278,0,-3.24403990522181e-06,-2.6087408464947395e-06,-1.6753992534444744e-06,-1.0414645119747742e-06,-5.1113683351535725e-07,-2.0320323153082365e-08,4.6961816125147825e-07,9.9555570992232401e-07,1.6163200620263103e-06,2.5066383831485762e-06,12.32584121281835,2
distill:fred-econ,DFF,TimesFM-zero-shot,26278,0,-6.5544008975848556e-07,-5.8029982028529048e-06,-8.654111297801137e-06,-4.4687913032248616e-06,-3.551624104147777e-06,-3.4525510272942483e-07,-1.8470236682333052e-06,1.3013413990847766e-07,4.3496038415469229e-06,4.7906796680763364e-06,11.1375388456844,2
distill:fred-econ,DFF,TimesFM-laplace-qd,26278,0,7.413327693939209e-07,-8.1786711234599352e-06,-8.5510728240478784e-06,-4.9153495638165623e-06,-7.1441900217905641e-07,5.1489514589775354e-06,1.887910912046209e-06,6.797974492656067e-06,1.3711705832974985e-05,1.4851590094622225e-05,10.322798008618022,2
distill:fred-econ,DFF,Laplace-q-fixed-bandwidth,26279,0,-3.2142819502805189e-06,-2.5617212822051098e-06,-1.6465312963222268e-06,-1.023763893405606e-06,-5.029651721573357e-07,-1.9245971515738416e-08,4.627877963710102e-07,9.7937293573215841e-07,1.5894995929874134e-06,2.4633964763765014e-06,12.342279416956959,2
distill:fred-econ,DFF,TimesFM-zero-shot,26279,0,5.1973547670058906e-06,3.8132930058054626e-07,9.0353569248691201e-07,2.8147405828349292e-06,4.2345891415607184e-06,6.0942693380638957e-06,3.2013122108764946e-06,4.430527042131871e-06,6.8817862484138459e-06,7.8931770985946059e-06,11.179791613172595,2
distill:fred-econ,DFF,TimesFM-laplace-qd,26279,0,4.9407717597205192e-06,-3.5117554944008589e-06,3.4654658520594239e-07,2.4180371838156134e-06,6.7391520133242011e-06,1.0717671102611348e-05,6.1308055592235178e-06,1.0205127182416618e-05,1.5345216525020078e-05,1.7774294974515215e-05,10.163978292479195,2
distill:fred-econ,DFF,Laplace-q-fixed-bandwidth,26280,0,-3.2004263094551476e-06,-2.516709107958716e-06,-1.6188659598239671e-06,-1.0065531101500889e-06,-4.9373098770195324e-07,-1.8925647201865266e-08,4.5507082559720035e-07,9.6384860954022494e-07,1.5640284436987684e-06,2.4214282067824029e-06,12.358999555856965,2
distill:fred-econ,DFF,TimesFM-zero-shot,26280,0,6.8385634222067893e-07,-2.8068061510566622e-06,-7.2505390562582761e-06,-3.2736934372223914e-06,-2.9805887606926262e-06,3.7712015910074115e-07,-9.3546259449794888e-07,1.3744283933192492e-07,4.1193852666765451e-06,3.4317599784117192e-06,11.811764794086987,2
distill:fred-econ,DFF,TimesFM-laplace-qd,26280,0,2.9289221856743097e-06,-4.1238272388000041e-06,-6.1183964135125279e-06,-2.6168781914748251e-06,1.05315848486498e-07,6.0919373936485499e-06,2.9155344236642122e-06,6.9276611611712724e-06,1.3570446753874421e-05,1.2964646884938702e-05,10.295463260725617,2
distill:fred-econ,DFF,Laplace-q-fixed-bandwidth,26281,0.0027586224390796499,-3.2009273978669779e-06,-2.4723098719131976e-06,-1.5918626869092949e-06,-9.9014613631138934e-07,-4.8548064226153278e-07,-1.808275392612729e-08,4.4853872595689375e-07,9.4854576929244364e-07,1.5378397846521991e-06,2.3810193639416514e-06,-1229312.8874838385,2
distill:fred-econ,DFF,TimesFM-zero-shot,26281,0.0027586224390796499,-2.0528677850961685e-06,-5.1103161240462214e-06,-6.3376610341947526e-06,-4.4904227252118289e-06,-4.3309773900546134e-06,-2.2677559172734618e-06,-3.5491029848344624e-06,-2.7713867893908173e-06,-8.7418084149248898e-07,-3.886416379828006e-07,-670607.15306147933,2
distill:fred-econ,DFF,TimesFM-laplace-qd,26281,0.0027586224390796499,3.8865255191922188e-07,-5.9296544350218028e-06,-3.9590595406480134e-06,-2.7958412829320878e-06,-6.8447843659669161e-07,3.2073039619717747e-06,-7.3148839874193072e-08,3.3305514079984277e-06,7.3738046921789646e-06,7.81626658863388e-06,-112566.17355227696,2
distill:fred-econ,DFF,Laplace-q-fixed-bandwidth,26282,0,1.88690160892749e-05,-2.7571950156913939e-06,-1.7347296278388113e-06,-1.0383506073227341e-06,-4.5170719048768174e-07,9.8531049770727392e-08,6.5553025139337021e-07,1.2707777355386422e-06,2.0415273310612913e-06,3.3942396778591382e-06,12.201025697176814,2
distill:fred-econ,DFF,TimesFM-zero-shot,26282,0,9.321629477199167e-05,0.0001448306575184688,-0.00039946666220203042,-0.00022352622181642801,-9.9760436569340527e-05,5.6778044381644577e-06,0.00018885877216234803,0.00030173760023899376,0.00045848899753764272,0.00073793891351670027,6.5508780328422,2
distill:fred-econ,DFF,TimesFM-laplace-qd,26282,0,-1.965989577001892e-05,3.9560905861435458e-05,-0.00047009350964799523,-0.00030446896562352777,-0.00018492084927856922,-8.0483398051001132e-05,5.2248429710743949e-05,0.00016444046923425049,0.0003126022347714752,0.00056701636640354991,6.639259003048835,2
distill:fred-econ,DFF,Laplace-q-fixed-bandwidth,26283,0,1.3333873162020866e-05,-2.7398305507458206e-06,-1.7252811493688862e-06,-1.038494673180019e-06,-4.6064674149007518e-07,7.9309522548069002e-08,6.2494953673398312e-07,1.2255324690150068e-06,1.9710510300641628e-06,3.2394746047081541e-06,12.220875039054761,2
distill:fred-econ,DFF,TimesFM-zero-shot,26283,0,5.9580779634416103e-06,1.234584124176763e-05,-0.00011420896044000983,-6.303873669821769e-05,-3.4740645787678659e-05,-1.2659774256462697e-05,2.4724304239498451e-05,4.8620411689626053e-05,8.0798010458238423e-05,0.00014210800873115659,8.0869879735040247,2
distill:fred-econ,DFF,TimesFM-laplace-qd,26283,0,5.1203514885855839e-06,2.3665761545998976e-05,-0.00014493997150566429,-8.6244268459267914e-05,-4.6691711759194732e-05,-1.1854040167236235e-05,2.6436697226017714e-05,6.1826562159694731e-05,0.00010514943278394639,0.00017462472897022963,7.842924885995167,2
distill:fred-econ,DFF,Laplace-q-fixed-bandwidth,26284,0,9.6163313380596664e-06,-2.7184977966787473e-06,-1.7130338770578048e-06,-1.0357603450533948e-06,-4.67303254566403e-07,6.2850448506457749e-08,5.9822734077215451e-07,1.1840950619019334e-06,1.9075067651097287e-06,3.1070992163977446e-06,12.240291235585302,2
distill:fred-econ,DFF,TimesFM-zero-shot,26284,0,-6.6044167397194542e-06,-2.9674938559764996e-06,-4.9318652600049973e-05,-2.8776348699466325e-05,-1.8595374058349989e-05,-1.0089662282553036e-05,-1.8436203390592709e-06,5.4682059271726757e-06,1.8994138372363523e-05,4.9248494178755209e-05,9.2105675191034919,2
distill:fred-econ,DFF,TimesFM-laplace-qd,26284,0,-9.4166061899159104e-06,1.747905116644688e-06,-0.00010609359014779329,-6.8888242822140455e-05,-4.2842031689360738e-05,-1.7782851500669494e-05,2.4075925466604531e-06,2.5800389266805723e-05,5.6695749663049355e-05,0.00010589738667476922,8.2842205308445642,2
distill:fred-econ,DFF,Laplace-q-fixed-bandwidth,26285,0,6.3981719604838463e-06,-2.6926496938350572e-06,-1.6982484066733147e-06,-1.0304752795282029e-06,-4.7157820572196799e-07,4.9413871736657861e-08,5.7443839561524217e-07,1.1470457872493355e-06,1.8503044428900814e-06,2.9914867797383096e-06,12.259324820093486,2
distill:fred-econ,DFF,TimesFM-zero-shot,26285,0,-5.0800481403712183e-06,-1.6059038898674771e-06,-5.3477117035072297e-05,-2.7328011128702201e-05,-1.5428833648911677e-05,-8.7168155005201697e-06,-3.2675416150595993e-07,7.294285751413554e-06,1.8888949853135273e-05,4.7436460590688512e-05,9.2977747777132009,2
distill:fred-econ,DFF,TimesFM-laplace-qd,26285,0,-4.5586039050249383e-06,7.9573237599106506e-06,-9.6722171292640269e-05,-5.8295991038903594e-05,-3.3168696973007172e-05,-1.1213737707294058e-05,5.9920839703409001e-06,2.726632374105975e-05,5.4406922572525218e-05,9.7874886705540121e-05,8.4260100135014504,2
distill:fred-econ,DFF,Laplace-q-fixed-bandwidth,26286,0,4.5062305507165418e-06,-2.6634408776242325e-06,-1.6807660570795305e-06,-1.0231414068834592e-06,-4.7311438252038363e-07,3.853866339875653e-08,5.5244900216753981e-07,1.1130100598289508e-06,1.7977222242207413e-06,2.8894995324982007e-06,12.278652180312177,2
distill:fred-econ,DFF,TimesFM-zero-shot,26286,0,-2.1133344489498995e-05,-1.6068930563051254e-05,-4.8438538215123117e-05,-3.1891820981400087e-05,-2.5931980417226441e-05,-2.1529029254452325e-05,-1.7995454982155934e-05,-1.3066909559711348e-05,-5.0585094868438318e-06,1.5667319530621171e-05,8.6025786103035351,2
distill:fred-econ,DFF,TimesFM-laplace-qd,26286,0,-2.5455819923081435e-05,-1.3347635103855282e-05,-9.0612622443586588e-05,-6.4005755120888352e-05,-4.6755303628742695e-05,-2.9497063223971054e-05,-1.9226043150410987e-05,-1.3429435057332739e-06,1.9822593458229676e-05,5.3313731768867001e-05,8.4933949348325264,2
distill:fred-econ,DFF,Laplace-q-fixed-bandwidth,26287,0,2.7909082694827305e-06,-2.6304299890746055e-06,-1.6615520301400393e-06,-1.0146918184898484e-06,-4.737584973937281e-07,2.9041143102926862e-08,5.3395932141066341e-07,1.0826606144807491e-06,1.7500000249713938e-06,2.7993824207270524e-06,12.296932187311757,2
distill:fred-econ,DFF,TimesFM-zero-shot,26287,0,-3.3984670153586194e-06,-4.6103832573862746e-06,-4.2026105802506208e-05,-2.297291939612478e-05,-1.593061642779503e-05,-9.7576703410595655e-06,3.6409473977982998e-06,1.0860985639737919e-05,2.1271622244967148e-05,4.7013778385007754e-05,9.1553273591643105,2
distill:fred-econ,DFF,TimesFM-laplace-qd,26287,0,9.4823553808964789e-07,-1.7977617972064763e-06,-6.7093693360220641e-05,-3.9718961488688365e-05,-2.2227137378649786e-05,-5.5481905292253941e-06,9.2603768280241638e-06,2.7165493520442396e-05,4.666051609092392e-05,7.6953525422140956e-05,8.6519281309582787,2
distill:fred-econ,DFF,Laplace-q-fixed-bandwidth,26288,0,1.964058258426332e-06,-2.5952916529816334e-06,-1.6408759081166679e-06,-1.0041547273135221e-06,-4.7266570819123125e-07,2.1525835904934042e-08,5.1638340634085155e-07,1.0538666625209125e-06,1.7059064491383597e-06,2.7176004592220189e-06,12.315714823306619,2
distill:fred-econ,DFF,TimesFM-zero-shot,26288,0,-3.3072137739509344e-07,3.1195977499010041e-06,-2.2934966182219796e-05,-9.6499297796981409e-06,-6.0012425819877535e-06,-2.8335816750768572e-06,3.7408917705761269e-06,8.0539466580376029e-06,1.4843353710602969e-05,3.7726058508269489e-05,9.8106378560728515,2
distill:fred-econ,DFF,TimesFM-laplace-qd,26288,0,1.7978836694965139e-06,7.6560172601602972e-06,-4.5335029426496476e-05,-2.6244604669045657e-05,-1.3964365280116908e-05,-1.4864235708955675e-06,6.1809423641534522e-06,1.9788585632340983e-05,3.5121996916132048e-05,6.2893595895729959e-05,9.0356135268394802,2
distill:fred-econ,DFF,Laplace-q-fixed-bandwidth,26289,0,1.2997212322160461e-06,-2.5579354918302877e-06,-1.6195283451113053e-06,-9.9266228070359788e-07,-4.6985346038771275e-07,1.5116362076600224e-08,5.0134748446929887e-07,1.0279402045703412e-06,1.6648966684051343e-06,2.6430347628682685e-06,12.334012385756726,2
distill:fred-econ,DFF,TimesFM-zero-shot,26289,0,9.7944503067992628e-06,4.0808845369610935e-06,-1.2081909517291933e-06,7.7893218985991552e-06,7.7390104706864804e-06,8.3567010733531788e-06,1.1356813047314063e-05,1.4399971405509859e-05,1.989147494896315e-05,3.7154612073209137e-05,9.6490082947124911,2
distill:fred-econ,DFF,TimesFM-laplace-qd,26289,0,1.7681792087387294e-05,9.6982694230973721e-06,-1.8720778825809248e-05,-2.1726245904574171e-06,6.7888031480833888e-06,1.6594956832705066e-05,2.1582774934358895e-05,3.4318294638069347e-05,4.8574223910691217e-05,7.1427712100557983e-05,9.4974635882817697,2
distill:fred-econ,DFF,Laplace-q-fixed-bandwidth,26290,0,7.1623102845658339e-07,-2.5189952619171745e-06,-1.5964775529376879e-06,-9.8066703032021237e-07,-4.6669287817449844e-07,1.0140950622690714e-08,4.8757381689324314e-07,1.0039441189324103e-06,1.6269430912302455e-06,2.5752194115643541e-06,12.351994636660336,2
distill:fred-econ,DFF,TimesFM-zero-shot,26290,0,-1.0959369319607504e-05,-1.187174621009035e-05,-2.1007836039643735e-05,-1.2584491742018145e-05,-1.2930244338349439e-05,-1.209334732266143e-05,-8.4655412138090469e-06,-8.0223708209814504e-06,-5.6412409321637824e-06,7.3051669460255653e-06,8.7166851446929918,2
distill:fred-econ,DFF,TimesFM-laplace-qd,26290,0,-1.0101258340000641e-05,-1.1433187864895444e-05,-4.0685277781449258e-05,-2.7223364668316208e-05,-2.0191138901282102e-05,-1.1152368642797228e-05,-8.5321480582933873e-06,1.6138983482960612e-07,1.1089905456174165e-05,2.9140592232579365e-05,9.3178380334629161,2
distill:fred-econ,DFF,Laplace-q-fixed-bandwidth,26291,0,2.0304449158545452e-07,-2.4794276313676973e-06,-1.5730311030113402e-06,-9.6781605166703862e-07,-4.624244065293844e-07,5.889973445800758e-09,4.7477477288502387e-07,9.8187767641479202e-07,1.5910856640073596e-06,2.5123130984287041e-06,12.369954903296144,2
distill:fred-econ,DFF,TimesFM-zero-shot,26291,0,1.357166183879599e-05,1.0744206520030275e-05,5.3605726861860603e-06,1.281125150853768e-05,1.29607469716575e-05,1.3520246284315363e-05,1.5219724446069449e-05,1.5826582966838032e-05,1.6956641047727317e-05,2.8232490876689553e-05,8.4819449997501781,2
distill:fred-econ,DFF,TimesFM-laplace-qd,26291,0,1.2303029507165775e-05,8.8200940808746964e-06,-1.3060905075690243e-05,-2.0875340851489455e-06,4.4796652218792588e-06,1.2911314115626737e-05,1.4735433069290593e-05,2.3645596229471266e-05,3.2395713787991554e-05,4.8182610044023022e-05,9.6157552967937381,2
distill:fred-econ,DFF,Laplace-q-fixed-bandwidth,26292,0,-2.4908860567022132e-07,-2.4388400053875807e-06,-1.5495936332686675e-06,-9.5422305120129164e-07,-4.5789949466980476e-07,2.5059097442719749e-09,4.6345552858437001e-07,9.6086751396789987e-07,1.557326524887318e-06,2.4536476845445095e-06,12.387621666578706,2
distill:fred-econ,DFF,TimesFM-zero-shot,26292,0,7.4933723226422444e-06,5.7491488405503333e-06,5.1344431994948536e-07,6.9712568802060559e-06,6.8450299295363948e-06,6.6425272962078452e-06,8.2010828919010237e-06,9.2091686383355409e-06,1.0416028089821339e-05,1.9529481505742297e-05,9.5862061480001675,2
distill:fred-econ,DFF,TimesFM-laplace-qd,26292,0,8.1363141362089664e-06,4.2443061829544604e-06,-1.8157681552111171e-05,-6.5488939071656205e-06,1.1921474651899189e-07,7.0553560362895951e-06,8.7015705503290519e-06,1.7612852388992906e-05,2.6593716029310599e-05,4.120351150049828e-05,9.7466240082624278,2
distill:fred-econ,DFF,Laplace-q-fixed-bandwidth,26293,0,-6.4917137488101728e-07,-2.3986933635903237e-06,-1.5256403165078761e-06,-9.4065837608634373e-07,-4.5239344981450445e-07,-7.415888519279913e-12,4.5289860198450734e-07,9.4116352825634651e-07,1.5256254847308376e-06,2.3991985157603261e-06,12.405227579976989,2
distill:fred-econ,DFF,TimesFM-zero-shot,26293,0,1.0478586773388088e-05,8.6668460426153615e-06,2.6545549189904705e-06,9.6279072749894112e-06,9.2793889052700251e-06,1.0465093509992585e-05,1.1647523933788761e-05,1.2392898497637361e-05,1.355934000457637e-05,2.2752868972020224e-05,8.8954734188731077,2
distill:fred-econ,DFF,TimesFM-laplace-qd,26293,0,1.3623364793602377e-05,1.1722102499334142e-05,-1.21464263429516e-05,-1.1406118574086577e-06,5.0564831326482818e-06,1.3751949154539034e-05,1.4974619261920452e-05,2.3516426153946668e-05,3.240829028072767e-05,4.7001860366435722e-05,9.6869244400892356,2
distill:fred-econ,DFF,Laplace-q-fixed-bandwidth,26294,0,-1.0055362428201917e-06,-2.3577072652684263e-06,-1.5011889319013399e-06,-9.2719232521979658e-07,-4.4670643089191884e-07,-2.0331498058705427e-09,4.4264013128017774e-07,9.221312307957824e-07,1.4951330426650531e-06,2.3476721967830463e-06,12.422869199978898,2
distill:fred-econ,DFF,TimesFM-zero-shot,26294,0,-1.1384363460820168e-06,-1.8320461094845086e-06,-8.2633368947426789e-06,-1.9330800569150597e-06,-1.3140270311851054e-06,-8.7912849267013371e-07,1.2390228221192956e-07,-9.8227246780879796e-08,-2.0125298760831356e-07,5.6006356317084283e-06,11.746825952182578,2
distill:fred-econ,DFF,TimesFM-laplace-qd,26294,0,2.2114727471489459e-07,-9.7554038802627474e-07,-2.3469558072974905e-05,-1.2916746527480427e-05,-6.4824616856640205e-06,6.8557892518583685e-07,2.7341229724697769e-08,6.9165762397460639e-06,1.3910288544138893e-05,2.4248434783658013e-05,10.039328170786332,2
distill:fred-econ,DFF,Laplace-q-fixed-bandwidth,26295,0,-1.3192112762182931e-06,-2.3178784844743856e-06,-1.4778533799462839e-06,-9.1307459651639211e-07,-4.4067952639628026e-07,-3.5236046520639521e-09,4.3363231709215235e-07,9.0412256838113462e-07,1.4669965329798966e-06,2.2984499527679157e-06,12.440088990959664,2
distill:fred-econ,DFF,TimesFM-zero-shot,26295,0,4.4260395952733234e-06,5.1976549002574757e-06,-1.5036730474093929e-06,2.6219913706881925e-06,4.8271849664160982e-06,5.7876113714883104e-06,5.8206187532050535e-06,6.9668240030296147e-06,6.3093211792875081e-06,1.5104778867680579e-05,10.061744668384087,2
distill:fred-econ,DFF,TimesFM-laplace-qd,26295,0,1.3797798601444811e-06,2.335713361389935e-06,-1.6271187632810324e-05,-1.0711583854572382e-05,-3.4255663194926456e-06,3.334407665533945e-06,3.729532181750983e-06,1.1368691048119217e-05,1.6809808585094288e-05,2.9807928513037041e-05,9.9571674046530401,2
distill:fred-econ,DFF,Laplace-q-fixed-bandwidth,26296,0,-1.1858321774905855e-06,-2.277745507214369e-06,-1.4538202136122108e-06,-8.9906209787565275e-07,-4.3463466216856691e-07,-4.8796086950160381e-09,4.2487544477853484e-07,8.8747801826280305e-07,1.438586409553726e-06,2.2515625298189776e-06,12.45731845320894,2
distill:fred-econ,DFF,TimesFM-zero-shot,26296,0,5.1467068260535598e-06,4.3193140299990773e-06,-7.4560375651344657e-09,4.1645125747891143e-06,5.3417552408063784e-06,5.9217200032435358e-06,6.5359217842342332e-06,7.1334106905851513e-06,5.2495051932055503e-06,1.0862484487006441e-05,10.114476180306838,2
distill:fred-econ,DFF,TimesFM-laplace-qd,26296,0,5.1622373575810343e-06,4.7087432903936133e-06,-1.1746924428734928e-05,-5.3413623390952125e-06,9.1656693257391453e-07,7.6637388701783493e-06,7.4982108344556764e-06,1.426069502485916e-05,1.830545807024464e-05,2.8421927709132433e-05,9.9481322446624301,2
distill:fred-econ,DFF,Laplace-q-fixed-bandwidth,26297,0,-1.0113472997768267e-06,-2.2382851588701357e-06,-1.4301845347033604e-06,-8.8445424305826527e-07,-4.2880443224561384e-07,-5.5136291106363133e-09,4.1602803847419666e-07,8.7080328151177575e-07,1.4121607342815096e-06,2.2071428418221999e-06,12.474716372094321,2
distill:fred-econ,DFF,TimesFM-zero-shot,26297,0,7.9832898336462677e-06,6.4918949647108093e-06,9.6648182079661638e-07,6.4739506342448294e-06,6.7020646383753046e-06,8.0373301898362115e-06,8.4925941337132826e-06,8.8358101493213326e-06,9.6202529675792903e-06,1.5310699382098392e-05,9.3638386882623141,2
distill:fred-econ,DFF,TimesFM-laplace-qd,26297,0,9.0102566900895908e-06,6.5368385548936203e-06,-1.1449090379755944e-05,-2.5068911782000214e-06,2.8057584131602198e-06,9.8859891295433044e-06,9.3298076535575092e-06,1.6245641745626926e-05,2.3544951545773074e-05,3.3601427276153117e-05,9.8531188988923599,2
distill:fred-econ,DFF,Laplace-q-fixed-bandwidth,26298,0,-8.3568133669039194e-07,-2.1997102316973942e-06,-1.4064016468138691e-06,-8.705409853544892e-07,-4.2273254526167462e-07,-6.7906233777119146e-09,4.0831270592180732e-07,8.5528255343017862e-07,1.3861116593828968e-06,2.1643255777464398e-06,12.491668091389698,2
distill:fred-econ,DFF,TimesFM-zero-shot,26298,0,2.7009646146325395e-06,1.0220664989901707e-06,-3.2662246667314321e-06,2.492237399565056e-06,2.9766561056021601e-06,3.9163714973255992e-06,3.103905328316614e-06,4.0341128624277189e-06,5.1498154789442196e-06,1.0373234545113519e-05,10.315982112372996,2
distill:fred-econ,DFF,TimesFM-laplace-qd,26298,0,1.8558766896603629e-06,2.2233507479541004e-07,-1.7498128727311268e-05,-8.8339593276032247e-06,-3.4456861612852663e-06,3.1192921596812084e-06,1.2333748600212857e-06,8.4963248809799552e-06,1.5327961591538042e-05,2.4313350877491757e-05,10.14321900280088,2
distill:fred-econ,DFF,Laplace-q-fixed-bandwidth,26299,0,-8.5112514962104885e-07,-2.1608415774233459e-06,-1.3830574645993874e-06,-8.5702767164502524e-07,-4.1625653014809758e-07,-7.6584646728436298e-09,4.0093960080241042e-07,8.4010208849825428e-07,1.3613059200493658e-06,2.1230034948624867e-06,12.50852969603512,2
distill:fred-econ,DFF,TimesFM-zero-shot,26299,0,3.1209510780172423e-06,3.3909273042809218e-06,-2.0604966266546398e-06,3.1493837013840675e-06,3.9770093280822039e-06,4.2517585825407878e-06,4.0748636820353568e-06,4.7437952161999419e-06,5.2343002607813105e-06,1.0270356142427772e-05,10.419064966523646,2
distill:fred-econ,DFF,TimesFM-laplace-qd,26299,0,2.4604123609606177e-06,2.5461940822424367e-06,-1.3091707842249889e-05,-6.2548124333261512e-06,-1.2888176570413634e-06,4.0741724660620093e-06,2.2372078092303127e-06,8.6345517047448084e-06,1.393718775943853e-05,2.2067011741455644e-05,10.309986917742245,2
distill:fred-econ,DFF,Laplace-q-fixed-bandwidth,26300,0,-8.7713634767507294e-07,-2.1232913083533278e-06,-1.3609231605938318e-06,-8.431609873685062e-07,-4.095062312542991e-07,-7.488210016751188e-09,3.9375818354087816e-07,8.2509805661532972e-07,1.3374588360812257e-06,2.0828511748825136e-06,12.52551127095632,2
distill:fred-econ,DFF,TimesFM-zero-shot,26300,0,4.9100362957688048e-06,5.1933584472863004e-06,2.7749410946853459e-07,4.7248249757103622e-06,5.0087492127204314e-06,5.0965918489964679e-06,5.2953819249523804e-06,6.5619697124930099e-06,8.3146478573326021e-06,1.3909462722949684e-05,9.7610187085448068,2
distill:fred-econ,DFF,TimesFM-laplace-qd,26300,0,3.3882661227835342e-06,4.0412778616882861e-06,-1.1475675819383468e-05,-5.4388438002206385e-06,-1.3217850209912285e-06,3.5100201785098761e-06,3.3431060728617013e-06,9.8526288638822734e-06,1.6025507648009807e-05,2.4032127839745954e-05,10.28305109611509,2
distill:fred-econ,DFF,Laplace-q-fixed-bandwidth,26301,0,-9.050256974411254e-07,-2.086521313085026e-06,-1.3379988996146754e-06,-8.2935904001612891e-07,-4.0364154471894655e-07,-8.2795577820850646e-09,3.8634205090208567e-07,8.1057878969388658e-07,1.3140360015235977e-06,2.0447893369293694e-06,12.542513341731203,2
distill:fred-econ,DFF,TimesFM-zero-shot,26301,0,3.3263295335927978e-06,3.505037966533564e-06,1.5489695215364918e-06,4.4661755964625627e-06,4.5227752707432956e-06,4.4901680666953325e-06,3.8022171793272719e-06,5.2633331506513059e-06,7.1553040470462292e-06,1.5225803508656099e-05,9.8258326918055676,2
distill:fred-econ,DFF,TimesFM-laplace-qd,26301,0,2.2629537852481008e-06,2.8728500183206052e-06,-1.1153885679959785e-05,-5.5838536354713142e-06,-1.2885993783129379e-06,4.0504855860490352e-06,2.2727381292497739e-06,9.1531364887487143e-06,1.6204350686166435e-05,2.6358171453466639e-05,10.31324736549904,2
distill:fred-econ,DFF,Laplace-q-fixed-bandwidth,26302,0,-9.3418916824755118e-07,-2.0504322480748146e-06,-1.3165047731428541e-06,-8.1632573892010489e-07,-3.9714160512547133e-07,-8.5081793870568188e-09,3.801252463513577e-07,7.9717793539788279e-07,1.29167311695901e-06,2.0078385523234007e-06,12.558778705759456,2
distill:fred-econ,DFF,TimesFM-zero-shot,26302,0,2.8011563699692488e-06,2.2902095224708319e-06,-8.6615364125464112e-07,3.8661819417029619e-06,4.0803352021612227e-06,3.5378070606384426e-06,3.2658135751262307e-06,4.7919183998601511e-06,5.9859194152522832e-06,1.29866020870395e-05,10.306858179557128,2
distill:fred-econ,DFF,TimesFM-laplace-qd,26302,0,4.0913873817771673e-06,2.7585610951064155e-06,-1.0545022632868495e-05,-3.6879864637739956e-06,7.6259493653196841e-07,5.4706069931853563e-06,4.7945741243893281e-06,1.1523476132424548e-05,1.7475627828389406e-05,2.7170353860128671e-05,10.195190338725686,2
distill:fred-econ,DFF,Laplace-q-fixed-bandwidth,26303,0,-9.6507976334686047e-07,-2.0153258218350927e-06,-1.2946047182529787e-06,-8.0298701183604034e-07,-3.9114638121768964e-07,-8.6255305936916657e-09,3.7321346468160033e-07,7.8369038460253928e-07,1.269171392881125e-06,1.9714824020481801e-06,12.575598300630384,2
distill:fred-econ,DFF,TimesFM-zero-shot,26303,0,3.7590052670566365e-06,2.9464699764503166e-06,-1.6704871086403728e-06,3.5450448194751516e-06,3.99674718210008e-06,4.0500526665709913e-06,4.1205021261703223e-06,5.0852631829911843e-06,6.5600052039371803e-06,1.256238465430215e-05,10.332054868492827,2
distill:fred-econ,DFF,TimesFM-laplace-qd,26303,0,2.9331222322070971e-06,2.7129844966111705e-06,-1.193205298477551e-05,-5.2437062549870461e-06,-6.4748201111797243e-07,4.3830023059854284e-06,3.2746811484685168e-06,9.7356642072554678e-06,1.5894467651378363e-05,2.4885775928851217e-05,10.26807290625189,2
distill:fred-econ,DFF,Laplace-q-fixed-bandwidth,26304,-0.0027586224390796499,-9.979958299078546e-07,-1.9805545641383138e-06,-1.2731175109192352e-06,-7.9014938392970617e-07,-3.8505823134634798e-07,-8.7619264425823404e-09,3.6687995010482895e-07,7.7000781761912393e-07,1.2477405177578178e-06,1.9368535769989748e-06,-1897984.8405723933,2
distill:fred-econ,DFF,TimesFM-zero-shot,26304,-0.0027586224390796499,9.9031276477035135e-06,1.0990606824634597e-05,4.9080190365202725e-06,9.7124830062966794e-06,1.0641280823620036e-05,1.0675466910470277e-05,1.0361567547079176e-05,1.19704709504731e-05,1.3564389519160613e-05,1.9118586351396516e-05,-31256.172273392869,2
distill:fred-econ,DFF,TimesFM-laplace-qd,26304,-0.0027586224390796499,6.8096869654254988e-06,8.353992598131299e-06,-6.3280085669248365e-06,-5.6424141803290695e-07,4.0376344259129837e-06,8.5639185272157192e-06,7.5778170867124572e-06,1.4034878404345363e-05,1.9689701730385423e-05,2.7724905521608889e-05,-15023.038006595929,2
distill:fred-econ,DFF,Laplace-q-fixed-bandwidth,26305,0,-3.2337573730253118e-05,-3.1171658111649717e-06,-1.8182886745768449e-06,-1.1367557584310399e-06,-6.0436716465509262e-07,-1.257838011011823e-07,3.4336004837868629e-07,8.4082244008067972e-07,1.423240458449048e-06,2.2595814054091361e-06,12.356548595714692,2
distill:fred-econ,DFF,TimesFM-zero-shot,26305,0,-7.2614158852957189e-05,-0.00013785326154902577,-0.0003907709033228457,-0.00024638546165078878,-0.00016942150250542909,-0.00011476663348730654,-3.4941120247822255e-05,9.0665489551611245e-06,5.5136813898570836e-05,0.00012516869173850864,7.4838648726340429,2
distill:fred-econ,DFF,TimesFM-laplace-qd,26305,0,-3.3196411095559597e-06,-7.4758456321433187e-05,-0.00031197420321404934,-0.00017841506632976234,-9.6610507171135396e-05,-3.4627992135938257e-05,2.9833652661181986e-05,8.2482030848041177e-05,0.00013545501860789955,0.00021068865316919982,7.4094559311595898,2
distill:fred-econ,DFF,Laplace-q-fixed-bandwidth,26306,0,-2.7071772691138801e-05,-2.9523340960592895e-06,-1.7530175268271004e-06,-1.0953553114088809e-06,-5.7587893113690147e-07,-1.0672949082559017e-07,3.5303696067949489e-07,8.4180537758564298e-07,1.4175796906949795e-06,2.2475477005548082e-06,12.377197700057936,2
distill:fred-econ,DFF,TimesFM-zero-shot,26306,0,-8.2412407209631056e-06,-4.5032396883470938e-05,-0.00014336378080770373,-7.4507071985863149e-05,-4.4540171074913815e-05,-2.4533499527024105e-05,4.2179854062851518e-06,2.0134422811679542e-05,3.3328062272630632e-05,6.7045286414213479e-05,8.5189535020486353,2
distill:fred-econ,DFF,TimesFM-laplace-qd,26306,0,4.9695263442117721e-06,-4.937403355143033e-05,-0.00017475252388976514,-9.4795934273861349e-05,-4.9104630306828767e-05,-1.2900660294690169e-05,2.2515181626658887e-05,5.4985146562103182e-05,8.5534557001665235e-05,0.00013331996160559356,7.9633159016488912,2
distill:fred-econ,DFF,Laplace-q-fixed-bandwidth,26307,0,-2.2515420826646497e-05,-2.8139981847088334e-06,-1.693352240105454e-06,-1.0567630854627007e-06,-5.501377313399229e-07,-9.0984184592704841e-08,3.6038709865032296e-07,8.4210920955969259e-07,1.4094362190151536e-06,2.232021471408051e-06,12.397178438236775,2
distill:fred-econ,DFF,TimesFM-zero-shot,26307,0,-1.0577787179499865e-06,-1.2758337106788531e-05,-4.9920217861654237e-05,-2.1683506929548457e-05,-1.1499312677187845e-05,-5.4495103540830314e-06,2.6250672817695886e-06,8.5445390141103417e-06,1.3498840417014435e-05,2.9513888875953853e-05,9.6171765388636619,2
distill:fred-econ,DFF,TimesFM-laplace-qd,26307,0,5.4175943660084158e-06,-1.3412000043899752e-05,-0.00010743776510935277,-5.8113757404498756e-05,-2.9408629416138865e-05,-4.9426307668909431e-06,1.6986847185762599e-05,4.0148624975699931e-05,6.213224696693942e-05,9.5156472525559366e-05,8.33155844807394,2
distill:fred-econ,DFF,Laplace-q-fixed-bandwidth,26308,0,-1.851744365336641e-05,-2.697033745940742e-06,-1.6397433625529924e-06,-1.0222743175121791e-06,-5.2729623152238544e-07,-7.7446393604020399e-08,3.6595655173271199e-07,8.3944499578373017e-07,1.3996083289878088e-06,2.2140657584673964e-06,12.416662714607794,2
distill:fred-econ,DFF,TimesFM-zero-shot,26308,0,-2.3363827494904399e-06,-9.9598619272001088e-06,-3.8694437535014004e-05,-2.1055853721918538e-05,-9.2978589236736298e-06,-4.9395566747989506e-06,-3.4554977901279926e-07,6.3527950260322541e-06,9.4155802798923105e-06,2.7366368158254772e-05,9.8045400326570231,2
distill:fred-econ,DFF,TimesFM-laplace-qd,26308,0,-2.3279681045096368e-06,-1.3666645827470347e-05,-8.8508015323895961e-05,-5.3455853048944846e-05,-2.4946224584709853e-05,-6.0136444517411292e-06,1.3135020708432421e-05,3.3727519621606916e-05,5.1361312216613442e-05,8.8385146227665246e-05,8.4964927726030535,2
distill:fred-econ,DFF,Laplace-q-fixed-bandwidth,26309,0,-1.5685664764739769e-05,-2.5945700009278349e-06,-1.5910711626109654e-06,-9.9096556592213559e-07,-5.0715950347532688e-07,-6.6550410889840552e-08,3.6940670032596503e-07,8.3526940606114736e-07,1.3868614827518769e-06,2.1916542597066642e-06,12.435792533877951,2
distill:fred-econ,DFF,TimesFM-zero-shot,26309,0,1.6042431525420398e-05,2.0011939341202378e-06,-3.2554351491853595e-05,-5.9439698816277087e-06,6.4997657318599522e-06,1.2588057870743796e-05,1.7801274225348607e-05,2.5421126338187605e-05,3.0543953471351415e-05,4.3796950194519013e-05,9.2487934052253209,2
distill:fred-econ,DFF,TimesFM-laplace-qd,26309,0,1.4109999028733e-05,-1.0284751624567434e-05,-9.3951588496565819e-05,-4.695839379564859e-05,-1.6377971405745484e-05,7.3028131737373769e-06,2.7012654754798859e-05,5.0162627303507179e-05,7.1801376179791987e-05,0.00010083209781441838,8.3373459392722573,2
distill:fred-econ,DFF,Laplace-q-fixed-bandwidth,26310,0.0027586224390796499,-1.3437757413579982e-05,-2.5058122444647252e-06,-1.5467105119703066e-06,-9.6255858298826807e-07,-4.889051060347133e-07,-5.6843743046936078e-08,3.7149295301853278e-07,8.296269844624691e-07,1.3728075772991145e-06,2.1674031873915787e-06,-1035975.7962888244,2
distill:fred-econ,DFF,TimesFM-zero-shot,26310,0.0027586224390796499,-2.5716326490510255e-06,-9.167284588329494e-06,-3.2016512705013156e-05,-1.4670571545138955e-05,-5.4873016779311001e-06,-3.0416704248636961e-06,-3.532426489982754e-06,2.0223887986503541e-07,7.535818440373987e-07,1.2303036783123389e-05,-7060.3197606366621,2
distill:fred-econ,DFF,TimesFM-laplace-qd,26310,0.0027586224390796499,-4.2560168367344886e-06,-1.755274752213154e-05,-8.2001832197420299e-05,-4.9322563427267596e-05,-2.4707682314328849e-05,-6.6885550040751696e-06,3.7031604733783752e-06,2.2061110939830542e-05,3.7089230318088084e-05,6.411015783669427e-05,-1236.2867311347279,2
distill:fred-econ,DFF,Laplace-q-fixed-bandwidth,26311,0,1.8287550334731333e-06,-2.9521536547022772e-06,-1.7701570078904053e-06,-1.0676666694861106e-06,-4.975164464457217e-07,2.6405380131932964e-08,5.5304652414857194e-07,1.1313546995059141e-06,1.8574124557147397e-06,3.1681234613052047e-06,12.246119603517371,2
distill:fred-econ,DFF,TimesFM-zero-shot,26311,0,0.00010578775254543871,0.00014238794392440468,-0.00032222562003880739,-0.00017394889437127858,-7.0478636189363897e-05,2.2635527784586884e-05,0.00018929687212221324,0.00028783446759916842,0.00041789025999605656,0.00064030371140688658,6.6916164803951101,2
distill:fred-econ,DFF,TimesFM-laplace-qd,26311,0,-2.6152581995120272e-05,1.07101568573853e-05,-0.00043324305443093181,-0.00029099005041643977,-0.00018541117606218904,-9.1377674834802747e-05,4.0209204598795623e-05,0.00013913387374486774,0.00026053562760353088,0.00044965709093958139,6.7205335098361161,2
distill:fred-econ,DFF,Laplace-q-fixed-bandwidth,26312,0,8.0672689573458973e-07,-2.8908977414573833e-06,-1.7408524408519836e-06,-1.0527318917331535e-06,-4.9460892746045005e-07,1.9314857964570232e-08,5.3410529395523138e-07,1.0991614627530618e-06,1.8028817220534265e-06,3.0395920792229105e-06,12.268508902340743,2
distill:fred-econ,DFF,TimesFM-zero-shot,26312,0,1.4298597307060845e-05,-1.1568882655410562e-05,-0.00018231887952424586,-0.00010073400335386395,-5.3262243454810232e-05,-1.9139843061566353e-05,4.5901797420810908e-05,8.6562700744252652e-05,0.00013207746087573469,0.00021999547607265413,7.5944794697358793,2
distill:fred-econ,DFF,TimesFM-laplace-qd,26312,0,9.8001200967701152e-06,-1.1841698324133176e-05,-0.00025737981195561588,-0.00015308825823012739,-8.3743703726213425e-05,-2.7770114684244618e-05,5.5057207646314055e-05,0.00011360159260220826,0.00017543962167110294,0.00028071124688722193,7.2541928285159463,2
distill:fred-econ,DFF,Laplace-q-fixed-bandwidth,26313,0,-1.1333687316981971e-07,-2.8288469429268973e-06,-1.7108038235909795e-06,-1.0373238436942697e-06,-4.8991400781763312e-07,1.3537159420424785e-08,5.1781773550072004e-07,1.0693746155885431e-06,1.7536369104343385e-06,2.9272504222001571e-06,12.290264979377762,2
distill:fred-econ,DFF,TimesFM-zero-shot,26313,0,2.9135353543097153e-05,1.8612026906339452e-06,-0.00010440465121064335,-4.3632171582430601e-05,-1.1448608347564004e-05,9.4483002612832934e-06,4.7033168812049553e-05,7.0135603891685605e-05,9.6522053354419768e-05,0.00014744534564670175,8.148858714194926,2
distill:fred-econ,DFF,TimesFM-laplace-qd,26313,0,3.1768497137818485e-05,-6.057491191313602e-06,-0.00019584156689234078,-0.00010273465886712074,-4.2280145862605423e-05,4.7130815801210701e-06,6.433020462282002e-05,0.00011079583782702684,0.00016046814562287182,0.00023696458083577454,7.4966100593441887,2
distill:fred-econ,DFF,Laplace-q-fixed-bandwidth,26314,0,-7.698786852746354e-07,-2.7672142199109327e-06,-1.680538156719247e-06,-1.0212244634085019e-06,-4.8503561643892002e-07,8.2581227730952918e-09,5.0234621583247296e-07,1.0417124781915043e-06,1.7073810022811481e-06,2.8282142809094148e-06,12.311686081844664,2
distill:fred-econ,DFF,TimesFM-zero-shot,26314,0,1.387256634188816e-05,1.6601734387222677e-05,-5.3417159506352618e-05,-2.0939713067491539e-05,-3.8975122151896358e-06,6.395552190952003e-06,2.2955478925723583e-05,3.4264456189703196e-05,4.6588695113314316e-05,7.8331839176826179e-05,8.8981591103208348,2
distill:fred-econ,DFF,TimesFM-laplace-qd,26314,0,1.2101423635613173e-05,1.0986954293912277e-05,-0.00012511934619396925,-7.0284877438098192e-05,-3.1341176509158686e-05,-2.1793312043882906e-07,3.596944225137122e-05,6.6747903474606574e-05,9.9093798780813813e-05,0.00015435730165336281,7.9619334884059763,2
distill:fred-econ,DFF,Laplace-q-fixed-bandwidth,26315,0,-1.0668574711967322e-06,-2.7058220936865439e-06,-1.6500254238242415e-06,-1.0045203221348162e-06,-4.7928621816582617e-07,4.842608101242723e-09,4.8897143436831177e-07,1.0157279560299655e-06,1.6642778931047179e-06,2.7383435752789854e-06,12.332678490188606,2
distill:fred-econ,DFF,TimesFM-zero-shot,26315,0,1.7789368939702399e-05,1.5183055438683368e-05,-5.626909842249006e-05,-2.0882749595330097e-05,-3.511342583806254e-06,8.5581305029336363e-06,2.9534248824347742e-05,4.114962212042883e-05,5.3317642596084625e-05,8.6526633822359145e-05,8.7241270966085143,2
distill:fred-econ,DFF,TimesFM-laplace-qd,26315,0,2.7269028578302823e-05,1.7476266293670051e-05,-0.00011406023986637592,-5.8486635680310428e-05,-1.9897332094842568e-05,1.2988542948733084e-05,5.1511349738575518e-05,8.3641716628335416e-05,0.00011706171790137887,0.00017156419926322997,7.9165371391322159,2
distill:fred-econ,DFF,Laplace-q-fixed-bandwidth,26316,0,-1.30648796819751e-06,-2.6455622715560104e-06,-1.6195209493350926e-06,-9.8827931084213756e-07,-4.7233961325309856e-07,1.2740553965286748e-09,4.7561748316580092e-07,9.9155718075484025e-07,1.6242583374870848e-06,2.6568674917848085e-06,12.353597903437159,2
distill:fred-econ,DFF,TimesFM-zero-shot,26316,0,-1.3058116564934608e-05,-1.0291020771546755e-05,-6.1030594224575907e-05,-3.8240686990320683e-05,-2.5559747882653028e-05,-1.8774653653963469e-05,-3.9694314182270318e-06,4.1505099943606183e-06,1.1212754543521442e-05,4.0457816794514656e-05,9.0808848355587557,2
distill:fred-econ,DFF,TimesFM-laplace-qd,26316,0,-8.7047610577428713e-06,-7.0661362769897096e-06,-0.00011957890819758177,-7.8182820288930088e-05,-4.5430799218593165e-05,-1.9660781617858447e-05,1.0550384104135446e-05,3.7874517147429287e-05,6.4338892116211355e-05,0.00011410127626731992,8.1299996159261561,2
distill:fred-econ,DFF,Laplace-q-fixed-bandwidth,26317,0,-1.5021133623690389e-06,-2.5868699158217964e-06,-1.5889037920162145e-06,-9.7094861156717552e-07,-4.656670257413475e-07,-9.7592741953339222e-10,4.644150068937292e-07,9.6969659271955696e-07,1.5869519371771477e-06,2.5821187170169367e-06,12.373725804237766,2
distill:fred-econ,DFF,TimesFM-zero-shot,26317,0,1.5376708688563667e-05,1.5007566616986878e-05,-1.65318251674762e-05,9.7207521321251988e-07,9.7620122687658295e-06,1.3012051567784511e-05,1.9959299606853165e-05,2.4339044102816842e-05,2.7936055630561896e-05,4.6452063543256372e-05,10.443091293746747,2
distill:fred-econ,DFF,TimesFM-laplace-qd,26317,0,1.4731524061062373e-05,1.189378417620901e-05,-7.5410607678350061e-05,-4.0348648326471448e-05,-1.3246647540654521e-05,8.0964309745468199e-06,2.9504602935048752e-05,5.1148206694051623e-05,7.2284608904737979e-05,0.00011023663682863116,8.3996396477887814,2
distill:fred-econ,DFF,Laplace-q-fixed-bandwidth,26318,0,-1.6629537612553799e-06,-2.5299389706081352e-06,-1.5592319789697744e-06,-9.5438619787284282e-07,-4.5896312745160476e-07,-2.4757454916563632e-09,4.5334033149482155e-07,9.4809209694258906e-07,1.550923963119109e-06,2.5129039901023533e-06,12.39375661847744,2
distill:fred-econ,DFF,TimesFM-zero-shot,26318,0,1.5741448805783875e-05,1.306220110564027e-05,-1.1636780072876718e-05,5.7776051107794046e-06,1.1493584679556079e-05,1.4185754480422474e-05,1.9275181330158375e-05,2.1841397028765641e-05,2.3756567316013388e-05,3.8045705878175795e-05,9.7524546583532672,2
distill:fred-econ,DFF,TimesFM-laplace-qd,26318,0,2.3442722522304393e-05,1.5621468264725991e-05,-5.5525604693684727e-05,-2.384847539360635e-05,-1.4701436157338321e-06,1.7581756765139289e-05,3.5515018680598587e-05,5.4665229981765151e-05,7.2153394285123795e-05,0.00010203140845987946,8.5347555513002593,2
distill:fred-econ,DFF,Laplace-q-fixed-bandwidth,26319,0,-1.7964238174302938e-06,-2.4742690443555003e-06,-1.5300814742092818e-06,-9.375490290970578e-07,-4.5193004690725662e-07,-4.3104280453045773e-09,4.4330919081664748e-07,9.2764005899533514e-07,1.5175962760853321e-06,2.4482586491148587e-06,12.413433847556041,2
distill:fred-econ,DFF,TimesFM-zero-shot,26319,0,-9.5657705969642848e-06,-1.4558454495272599e-05,-3.2658001146046445e-05,-1.5820824046386406e-05,-1.0790933629323263e-05,-1.0156561074836645e-05,-6.3967190726543777e-06,-5.2470040827756748e-06,-4.9645204853732139e-06,9.2630125436699018e-06,9.3846674440852986,2
distill:fred-econ,DFF,TimesFM-laplace-qd,26319,0,-5.4640422604279593e-06,-1.5353061826317571e-05,-9.1909198090434074e-05,-5.6268705520778894e-05,-3.2920339435804635e-05,-1.2569168575282674e-05,5.1137776608811691e-06,2.4794693672447465e-05,4.3617030314635485e-05,7.6948919740971178e-05,8.520504322345106,2
distill:fred-econ,DGS10,Laplace-q-fixed-bandwidth,16059,0,-0.00019051319821732004,-0.013041980354747611,-0.0081440039335189361,-0.0046800318154638018,-0.0017246293512239114,-1.054098806236545e-05,0.0012917614473180424,0.0042511830936869024,0.007726172034270163,0.012658887554430596,4.0059036733011597,2
distill:fred-econ,DGS10,TimesFM-zero-shot,16059,0,0.00018732759053818882,0.0001712265657261014,-0.011726108379662037,-0.0075219515711069107,-0.0045542214065790176,-0.0021247724071145058,0.0024969654623419046,0.0049224165268242359,0.0078220600262284279,0.01197877898812294,3.3516991389183803,2
distill:fred-econ,DGS10,TimesFM-laplace-qd,16059,0,0.00010009488323703408,6.1327853472903371e-05,-0.010498114861547947,-0.0066414694301784039,-0.0037311757914721966,-0.0012523836921900511,0.0014412211021408439,0.0039042506832629442,0.0067411852069199085,0.010545498691499233,3.5981531051107973,2
distill:fred-econ,DGS10,Laplace-q-fixed-bandwidth,16060,0.0092593254127968372,0.0003722374125511434,-0.011797800269385209,-0.0069218695282331905,-0.0034558725269401578,-0.0004671016299562517,1.3569113902777054e-05,0.0013181394268917943,0.004310409858079782,0.007787061568657893,0.012697404967969363,2.9403594444682266,2
distill:fred-econ,DGS10,TimesFM-zero-shot,16060,0.0092593254127968372,0.00058331008767709136,0.00061585672665387392,-0.011103315278887749,-0.0069904746487736702,-0.0040883901529014111,-0.0016906028613448143,0.002865837886929512,0.0052590556442737579,0.0081765595823526382,0.012317487969994545,3.1600826046575969,2
distill:fred-econ,DGS10,TimesFM-laplace-qd,16060,0.0092593254127968372,0.00042706565000116825,0.0004402569611556828,-0.0099455658346414566,-0.0061759366653859615,-0.0033394955098628998,-0.00089102436322718859,0.0017541918205097318,0.0042017181403934956,0.0070727020502090454,0.010868661105632782,3.0725066716716656,2
distill:fred-econ,DGS10,Laplace-q-fixed-bandwidth,16061,-0.0069364439966572711,0.00012526019924378597,-0.012109626765272986,-0.0072584896821372858,-0.0038122053257221744,-0.00084536019071032131,4.5946998910160876e-06,0.0011204719385594056,0.0040908810238390048,0.0075478125599789531,0.012433189452002238,3.1647774415562653,2
distill:fred-econ,DGS10,TimesFM-zero-shot,16061,-0.0069364439966572711,0.0007721131551079452,0.00079629267565906048,-0.01095906738191843,-0.006826979573816061,-0.0039139678701758385,-0.0015149058308452368,0.0030615762807428837,0.0054623452015221119,0.0083722434937953949,0.012530714273452759,3.5863965933277067,2
distill:fred-econ,DGS10,TimesFM-laplace-qd,16061,-0.0069364439966572711,0.00064249534625560045,0.00061212247237563133,-0.0097137335687875748,-0.0059482860378921032,-0.0031154726166278124,-0.00067854084772989154,0.0019711137283593416,0.0044155730865895748,0.0072615151293575764,0.011064620688557625,3.3598617969035667,2
distill:fred-econ,DGS10,Laplace-q-fixed-bandwidth,16062,0.0092379409849363547,0.00087771364414776943,-0.011187589053344136,-0.0063892188537361672,-0.0029860165826330245,-0.00011205145086926352,3.8386016026312379e-05,0.0020555091831869253,0.0049829392299255964,0.008396738001865748,0.013229077105921944,3.0353010898765231,2
distill:fred-econ,DGS10,TimesFM-zero-shot,16062,0.0092379409849363547,0.00056293362285941839,0.00058697193162515759,-0.011239095591008663,-0.0070745139382779598,-0.0041579068638384342,-0.0017469266895204782,0.0028780812863260508,0.0053167259320616722,0.0082735968753695488,0.012470188550651073,3.1552764867324341,2
distill:fred-econ,DGS10,TimesFM-laplace-qd,16062,0.0092379409849363547,0.00062270794296637177,0.00062629859894514084,-0.0097610251978039742,-0.005972815677523613,-0.0031429070513695478,-0.00070885039167478681,0.0019603779073804617,0.0044250148348510265,0.0072897248901426792,0.011089807376265526,3.1000315161324168,2
distill:fred-econ,DGS10,Laplace-q-fixed-bandwidth,16063,0.0022962122603504831,6.0947564087814481e-05,-0.012118315245381685,-0.0073501401169985695,-0.0039706890651368927,-0.00107161059001883,2.3510690896604666e-06,0.0011976314274417081,0.0041003627829919289,0.0074903867930476804,0.012292333404902149,3.9567602147743681,2
distill:fred-econ,DGS10,TimesFM-zero-shot,16063,0.0022962122603504831,2.3662636522203684e-05,2.4224689695984125e-05,-0.011747613549232483,-0.0075974622741341591,-0.0046546771191060543,-0.0022551324218511581,0.0023210956715047359,0.0047354432754218578,0.007633681409060955,0.01179234404116869,3.3724231500668118,2
distill:fred-econ,DGS10,TimesFM-laplace-qd,16063,0.0022962122603504831,-1.2903707101941109e-05,-3.6329322028905153e-05,-0.01038694754242897,-0.0066164028830826283,-0.0037577184848487377,-0.0013269915943965316,0.0013109296560287476,0.0037463977932929993,0.0065534110181033611,0.010325776413083076,3.5879695684644184,2
distill:fred-econ,DGS10,Laplace-q-fixed-bandwidth,16064,0.013667638728663611,0.00062716071544350346,-0.011268782320419488,-0.0065985780329309521,-0.0033013553227135249,-0.0004809713263695616,2.9293436466487958e-05,0.0018817646662767711,0.0047058071598275394,0.008013490648954907,0.01271707613026786,2.5169901399297294,2
distill:fred-econ,DGS10,TimesFM-zero-shot,16064,0.013667638728663611,0.00091957289259880781,0.000896543322596699,-0.010750911198556423,-0.0066262846812605858,-0.0037245824933052063,-0.0013556714402511716,0.0031984145753085613,0.0055896262638270855,0.0084828566759824753,0.012606430798768997,2.7346773158723963,2
distill:fred-econ,DGS10,TimesFM-laplace-qd,16064,0.013667638728663611,0.00087488628923892975,0.00083584821550175548,-0.0093388240784406662,-0.0056229257024824619,-0.0028109569102525711,-0.00042645086068660021,0.002188023878261447,0.0045907148160040379,0.0073898625560104847,0.011110739782452583,2.5312068898619424,2
distill:fred-econ,DGS10,Laplace-q-fixed-bandwidth,16065,-0.0045351551653911581,0.00036393252233916435,-0.011825802148225251,-0.0070907407902790782,-0.0037404285033500457,-0.00087468846080831727,1.7047197503954351e-05,0.0016769863622019539,0.0045464791788967906,0.0079073760961253826,0.012676043140567275,3.5703367536933825,2
distill:fred-econ,DGS10,TimesFM-zero-shot,16065,-0.0045351551653911581,0.001303094788454473,0.0013004917418584228,-0.010321048088371754,-0.006225664634257555,-0.0033247820101678371,-0.00095125194638967514,0.0035832291468977928,0.0059675541706383228,0.0088364696130156517,0.012984981760382652,3.8261549274145139,2
distill:fred-econ,DGS10,TimesFM-laplace-qd,16065,-0.0045351551653911581,0.0010741639416664839,0.0010382789187133312,-0.009019012562930584,-0.00535622239112854,-0.0025598262436687946,-0.0001872749999165535,0.0023826563265174627,0.0047983056865632534,0.0075811352580785751,0.011363783851265907,3.8261972188214517,2
distill:fred-econ,DGS10,Laplace-q-fixed-bandwidth,16066,-0.0022753138371356396,0.0013562867080895873,-0.010572689402844591,-0.005912179866817034,-0.002623077001890785,-6.6664098474661433e-05,0.00014710146535799982,0.0028224589480937579,0.0056335560755209858,0.0089331526023243828,0.013626929134708945,3.9083604926040838,2
distill:fred-econ,DGS10,TimesFM-zero-shot,16066,-0.0022753138371356396,0.00086571992142125964,0.00083281320985406637,-0.01085607148706913,-0.0067344233393669128,-0.0038494912441819906,-0.0014467313885688782,0.0031599968206137419,0.0056044161319732666,0.0085587762296199799,0.012775430455803871,3.4318106358943119,2
distill:fred-econ,DGS10,TimesFM-laplace-qd,16066,-0.0022753138371356396,0.00088698545005172491,0.00081334396963939071,-0.0094661414623260498,-0.0057072844356298447,-0.0028924955986440182,-0.00045751349534839392,0.0022169835865497589,0.0046994676813483238,0.0075723733752965927,0.011418744921684265,3.7100924862875329,2
distill:fred-econ,DGS10,Laplace-q-fixed-bandwidth,16067,0.013574869091068864,0.0010692522373160428,-0.010709556180911286,-0.0061342481960113063,-0.0029155158122313096,-0.00017518572709977344,7.5546533069976627e-05,0.0025286512852959603,0.0052731983700188331,0.0085023168921181617,0.013110527507669634,2.6133668590467658,2
distill:fred-econ,DGS10,TimesFM-zero-shot,16067,0.013574869091068864,0.00071014685090631247,0.00077159242937341332,-0.010801801458001137,-0.0067561352625489235,-0.0038837841711938381,-0.0015417831018567085,0.0029612435027956963,0.005345840472728014,0.0081949988380074501,0.012312201783061028,2.7102221236654858,2
distill:fred-econ,DGS10,TimesFM-laplace-qd,16067,0.013574869091068864,0.00062734115635976195,0.00068079872289672494,-0.0094907330349087715,-0.0058327247388660908,-0.003044698154553771,-0.00067674386082217097,0.001927652396261692,0.0043469318188726902,0.0071225292049348354,0.010879493318498135,2.5023133223239844,2
distill:fred-econ,DGS10,Laplace-q-fixed-bandwidth,16068,-0.0045045121211044759,0.00039662307885230606,-0.011686083327122657,-0.0070530764443412757,-0.0037863946089997788,-0.0010041587491781108,2.1812557039784844e-05,0.0018648364600299104,0.004650901923338998,0.0079280743312668874,0.012594164859104725,3.6056695230790696,2
distill:fred-econ,DGS10,TimesFM-zero-shot,16068,-0.0045045121211044759,0.00092618679627776146,0.00086917157750576735,-0.010811661370098591,-0.0066719888709485531,-0.0037708659656345844,-0.0013763852184638381,0.0032224543392658234,0.0056595555506646633,0.0086073018610477448,0.012799957767128944,3.7835645416704349,2
distill:fred-econ,DGS10,TimesFM-laplace-qd,16068,-0.0045045121211044759,0.00087249086936935782,0.00082544167526066303,-0.0094577642157673836,-0.0056933369487524033,-0.0028698272071778774,-0.00044555438216775656,0.0022080964408814907,0.0046777799725532532,0.0075437985360622406,0.011356477625668049,3.8380626815598142,2
distill:fred-econ,DGS10,Laplace-q-fixed-bandwidth,16069,-0.015927526696101202,0.0014959434627950326,-0.011012369790727311,-0.0065634561215714574,-0.0034734229348661024,-0.00089456763309758106,0.0014892648332635533,0.0038743420276378931,0.0064575890724011707,0.0095582804626880222,0.014039768229878433,2.0597097142736023,2
distill:fred-econ,DGS10,TimesFM-zero-shot,16069,-0.015927526696101202,0.00089490937534719706,0.00091407820582389832,-0.010754209011793137,-0.0066556334495544434,-0.0037664526607841253,-0.0013755557592958212,0.0031729459296911955,0.0055603655055165291,0.0084302229806780815,0.012556116096675396,0.022008303929943518,2
distill:fred-econ,DGS10,TimesFM-laplace-qd,16069,-0.015927526696101202,0.0008165003964677453,0.0007979697547852993,-0.0094678094610571861,-0.0057371901348233223,-0.0029204613529145718,-0.00049714650958776474,0.0021505607292056084,0.0045764157548546791,0.0073687182739377022,0.011145449243485928,-1.4535940192853476,2
distill:fred-econ,DGS10,Laplace-q-fixed-bandwidth,16070,0.01140263209781156,0.0016625791175820552,-0.011379654913921348,-0.0067602752360754678,-0.0035367630309536486,-0.00083986674231611275,0.0016557071692957415,0.0041525665630234125,0.0068539934891038174,0.010088471681092011,0.014741274504629455,3.0716553595998857,2
distill:fred-econ,DGS10,TimesFM-zero-shot,16070,0.01140263209781156,0.00096116599161177874,0.0010494191665202379,-0.010824832133948803,-0.0066709076054394245,-0.003777780570089817,-0.0013478972250595689,0.0032611135393381119,0.005691012367606163,0.0086555061861872673,0.012827256694436073,3.0034224142017898,2
distill:fred-econ,DGS10,TimesFM-laplace-qd,16070,0.01140263209781156,0.0010206259321421385,0.0010885504307225347,-0.0094832004979252815,-0.0056540323421359062,-0.0028050043620169163,-0.00032208830816671252,0.0023742644116282463,0.0048516369424760342,0.0077493954449892044,0.011573710478842258,2.8896125319091173,2
distill:fred-econ,DGS10,Laplace-q-fixed-bandwidth,16071,-0.0068259650703998975,-8.2911598779665126e-05,-0.013143823303219889,-0.0085229754438454659,-0.0052944928102807223,-0.0025916269948176316,-8.9791134653578308e-05,0.0024133286369065025,0.0051207168774155092,0.008360142104392683,0.013014320303607996,3.4134587519472941,2
distill:fred-econ,DGS10,TimesFM-zero-shot,16071,-0.0068259650703998975,0.00060067517915740609,0.00065211585024371743,-0.011391871608793736,-0.0071715591475367546,-0.0041793719865381718,-0.0017318795435130596,0.0029263794422149658,0.0053690513595938683,0.0082959011197090149,0.01250312477350235,3.678869864143989,2
distill:fred-econ,DGS10,TimesFM-laplace-qd,16071,-0.0068259650703998975,0.00064895115792751312,0.00064253353048115969,-0.0099906092509627342,-0.0061243372038006783,-0.0031979193445295095,-0.00070621963823214173,0.0020208342466503382,0.0045163505710661411,0.0073891379870474339,0.011252930387854576,3.4387058419686687,2
distill:fred-econ,DGS10,Laplace-q-fixed-bandwidth,16072,0.0090909717012519486,0.0012811163731620955,-0.011653455469023376,-0.0070749382569102546,-0.0038778482323955279,-0.0012021177785983435,0.0012742579625047129,0.0037519062178684799,0.0064321222692929007,0.0096400665194459993,0.014251652143556413,3.2968107960319193,2
distill:fred-econ,DGS10,TimesFM-zero-shot,16072,0.0090909717012519486,0.00043145177187398076,0.00039592882967554033,-0.011425656266510487,-0.0072441594675183296,-0.004313938319683075,-0.0018850504420697689,0.0027307982090860605,0.0051533919759094715,0.0080971848219633102,0.012283312156796455,3.1575368164801016,2
distill:fred-econ,DGS10,TimesFM-laplace-qd,16072,0.0090909717012519486,0.00050103937974199653,0.00045937596587464213,-0.010014890693128109,-0.00618714839220047,-0.0033155586570501328,-0.00084560137474909425,0.0018365050200372934,0.0043003475293517113,0.0071768295019865036,0.011005531065165997,3.1012871324299991,2
distill:fred-econ,DGS10,Laplace-q-fixed-bandwidth,16073,0.0090090699423659437,3.0959388834930765e-05,-0.012830077547957158,-0.0082781437781032224,-0.0050991952075719708,-0.0024384616930610116,2.411291470182454e-05,0.0024879529188565289,0.0051531451337430241,0.0083428817957407926,0.012927677927960037,3.1617596872999476,2
distill:fred-econ,DGS10,TimesFM-zero-shot,16073,0.0090090699423659437,0.00077939679613336921,0.00076882430585101247,-0.011237096041440964,-0.0070225922390818596,-0.0040131360292434692,-0.0015457633417099714,0.0031157317571341991,0.0055684223771095276,0.0084934160113334656,0.012698184698820114,3.1907494890357233,2
distill:fred-econ,DGS10,TimesFM-laplace-qd,16073,0.0090090699423659437,0.00057083048159256577,0.00055654521565884352,-0.0099909612908959389,-0.0061811571940779686,-0.0032587333116680384,-0.00076852110214531422,0.0019185584969818592,0.0044157039374113083,0.0072660921141505241,0.011116210371255875,3.1217253582243494,2
distill:fred-econ,DGS10,Laplace-q-fixed-bandwidth,16074,0,0.00041274818265617404,-0.012434115045049658,-0.007890715770302429,-0.0047150322947929167,-0.0020557951751997228,0.00040590161627992668,0.0028688592126016599,0.0055325404286515889,0.0087189732278863188,0.013295101697031356,3.8003930266906911,2
distill:fred-econ,DGS10,TimesFM-zero-shot,16074,0,0.00033942254958674312,0.00022164345136843622,-0.011474059894680977,-0.0072874361649155617,-0.0043828538618981838,-0.0019778308924287558,0.0026330761611461639,0.0050648786127567291,0.0080229006707668304,0.012198850512504578,3.3515658881204118,2
distill:fred-econ,DGS10,TimesFM-laplace-qd,16074,0,0.00071097153704613447,0.00059782352764159441,-0.009650704450905323,-0.0058614108711481094,-0.0030392701737582684,-0.00060985010350123048,0.0020242820028215647,0.0044877156615257263,0.0073526632040739059,0.011149710975587368,3.6103085071455538,2
distill:fred-econ,DGS10,Laplace-q-fixed-bandwidth,16075,0.0022396425935047315,0.0011793656730301211,-0.010521545856087812,-0.005907404772779872,-0.0026360330110106241,-7.0365199901777743e-05,6.6464404871165259e-05,0.0024805110919390756,0.0052883343643518399,0.0085699482453829752,0.013216671983830461,4.0129987480143354,2
distill:fred-econ,DGS10,TimesFM-zero-shot,16075,0.0022396425935047315,0.00039180403109639883,0.0003797849640250206,-0.011277894489467144,-0.0071638408116996288,-0.0042632981203496456,-0.0018671819707378745,0.0026523163542151451,0.0050216042436659336,0.0078768841922283173,0.011964166536927223,3.386324585725772,2
distill:fred-econ,DGS10,TimesFM-laplace-qd,16075,0.0022396425935047315,0.00051831884775310755,0.00047896220348775387,-0.009800211526453495,-0.0060441014356911182,-0.003205521497875452,-0.00076588569208979607,0.0018159992760047317,0.0042360424995422363,0.0070280656218528748,0.010779807344079018,3.61254128413947,2
distill:fred-econ,DGS10,Laplace-q-fixed-bandwidth,16076,0.026491615446976313,0.0010201465489138794,-0.010486755920319162,-0.0059712505631248679,-0.0027827857314352772,-0.0001036129717401766,5.7657668173391752e-05,0.0023332141012364091,0.0050619908863515726,0.0082605847114195392,0.012808286693854868,0.66442029733039776,2
distill:fred-econ,DGS10,TimesFM-zero-shot,16076,0.026491615446976313,0.00063096417579799891,0.000594907789491117,-0.010893077589571476,-0.0068208593875169754,-0.0039868280291557312,-0.0016248158644884825,0.0028746332973241806,0.0052585666999220848,0.0081439195200800896,0.012250232510268688,0.35386967715250151,2
distill:fred-econ,DGS10,TimesFM-laplace-qd,16076,0.026491615446976313,0.00074904045322909951,0.00069266365608200431,-0.0093515999615192413,-0.0056537780910730362,-0.0029066596180200577,-0.00051630602683871984,0.0020269481465220451,0.0044356174767017365,0.0072330553084611893,0.010957987047731876,-0.26810952801809901,2
distill:fred-econ,DGS10,Laplace-q-fixed-bandwidth,16077,0.0043478329361035239,2.4623776380628082e-05,-0.012875366848015109,-0.0079293567181667104,-0.0044199272627068239,-0.0014155400776929114,-7.7119951281678461e-07,0.0013810763210782028,0.0043952195177328519,0.0079319308405871227,0.01296461140970758,3.6154237281910708,2
distill:fred-econ,DGS10,TimesFM-zero-shot,16077,0.0043478329361035239,0.00098230037838220596,0.00095050700474530458,-0.01127975806593895,-0.0069555751979351044,-0.0039266254752874374,-0.0014288837555795908,0.0033774219918996096,0.0059180660173296928,0.0089783100411295891,0.013332155533134937,3.3174440344307516,2
distill:fred-econ,DGS10,TimesFM-laplace-qd,16077,0.0043478329361035239,0.00095857313135638833,0.00090380827896296978,-0.0098813297227025032,-0.0059292949736118317,-0.0029663429595530033,-0.00042594072874635458,0.0023422888480126858,0.00494758365675807,0.00794980488717556,0.01197478175163269,3.4917600019100612,2
distill:fred-econ,DGS10,Laplace-q-fixed-bandwidth,16078,0.01293121467224867,0.0019978103205384292,-0.010510118784811898,-0.0056473168104859382,-0.0022066054589275894,-3.1278555129628512e-05,0.00080248621517855644,0.0036069760342421274,0.0065556799574307944,0.010023391010113732,0.014971850097785622,2.8081224439843155,2
distill:fred-econ,DGS10,TimesFM-zero-shot,16078,0.01293121467224867,0.00087719946168363094,0.00080832390813156962,-0.011279446072876453,-0.0069819595664739609,-0.0040167681872844696,-0.0015180676709860563,0.0032548808958381414,0.0057894978672266006,0.0089100878685712814,0.01334574818611145,2.8325841971867183,2
distill:fred-econ,DGS10,TimesFM-laplace-qd,16078,0.01293121467224867,0.001154931029304862,0.0010606237920001149,-0.0096208853647112846,-0.0056676012463867664,-0.0027607788797467947,-0.0002059288090094924,0.0025412640534341335,0.0051645012572407722,0.0082471463829278946,0.012357134371995926,2.7162875101439585,2
distill:fred-econ,DGS10,Laplace-q-fixed-bandwidth,16079,-0.021645866774692601,0.002021814619293683,-0.010603541621683393,-0.0057271555113082781,-0.0022734832866076887,-3.2589981489988549e-05,0.00088354866849314219,0.0036935012974632433,0.0066523786184564384,0.010133086139130078,0.015094964246491042,1.1894505982829606,2
distill:fred-econ,DGS10,TimesFM-zero-shot,16079,-0.021645866774692601,0.0015759258531033993,0.0014493711059913039,-0.010619107633829117,-0.006308835931122303,-0.0032858210615813732,-0.00080298667307943106,0.0039270361885428429,0.0064335777424275875,0.0094421226531267166,0.013824664056301117,-2.206599229854914,2
distill:fred-econ,DGS10,TimesFM-laplace-qd,16079,-0.021645866774692601,0.0016579871298745275,0.0014145259046927094,-0.0091102644801139832,-0.0051704379729926586,-0.0022076091263443232,0.00031384330941364169,0.0030003481078892946,0.0055749742314219475,0.0085143893957138062,0.012530840933322906,-5.5668441377739502,2
distill:fred-econ,DGS10,Laplace-q-fixed-bandwidth,16080,0,0.0035249481300171684,-0.010939091594334406,-0.0058212896043161252,-0.0022473048178261457,0.00074687161832422003,0.0035194874220728033,0.006293499815349532,0.009292596895219803,0.012878506097637707,0.018032968058949703,3.5949224985365889,2
distill:fred-econ,DGS10,TimesFM-zero-shot,16080,0,0.00071041350020095706,0.00066483364207670093,-0.011889168992638588,-0.0074255908839404583,-0.0043366868048906326,-0.0017452632309868932,0.0031810016371309757,0.0057823038659989834,0.0089401481673121452,0.013423808850347996,3.281146231898755,2
distill:fred-econ,DGS10,TimesFM-laplace-qd,16080,0,0.00099774030968546867,0.000907479552552104,-0.01034617330878973,-0.006183952558785677,-0.003106262069195509,-0.00041068985592573881,0.0024541188031435013,0.0051505137234926224,0.008283691480755806,0.01247483491897583,3.518662044556701,2
distill:fred-econ,DGS10,Laplace-q-fixed-bandwidth,16081,-0.0021905813798186458,0.0015641478338211472,-0.011448270785263058,-0.0061963009530044359,-0.0024596430134124049,-4.7771030277064466e-05,7.6173959817595632e-05,0.0028372726044718095,0.0060631046403295183,0.0098110550392900408,0.015099597027105087,3.9027166416890937,2
distill:fred-econ,DGS10,TimesFM-zero-shot,16081,-0.0021905813798186458,0.0011949317995458841,0.001231206813827157,-0.011370754800736904,-0.0069230645895004272,-0.0038157231174409389,-0.0012581421760842204,0.0036405017599463463,0.0062240436673164368,0.0093457708135247231,0.013804728165268898,3.3746128903946131,2
distill:fred-econ,DGS10,TimesFM-laplace-qd,16081,-0.0021905813798186458,0.00077737169340252876,0.00076471589272841811,-0.010373209603130817,-0.0062872618436813354,-0.0032337824814021587,-0.00061924068722873926,0.0021816771477460861,0.0048250742256641388,0.0078774364665150642,0.011985245160758495,3.6127239035279608,2
distill:fred-econ,DGS10,Laplace-q-fixed-bandwidth,16082,-0.013245226750020489,0.0016133439371659058,-0.011217900765387381,-0.0060639144175889531,-0.0024096344733534015,-4.5538146134762172e-05,9.2937120849784032e-05,0.0029519223287787924,0.0060975322594794441,0.0097630092602387572,0.014953162349661889,2.28970384069572,2
distill:fred-econ,DGS10,TimesFM-zero-shot,16082,-0.013245226750020489,0.0023809550330042839,0.002327487338334322,-0.0099645312875509262,-0.0055994694121181965,-0.0025691518094390631,-2.9101560357958078e-05,0.0047988616861402988,0.0073412512429058552,0.010451700538396835,0.014858074486255646,0.74567929745137607,2
distill:fred-econ,DGS10,TimesFM-laplace-qd,16082,-0.013245226750020489,0.0022588521242141724,0.0021805404685437679,-0.0086764022707939148,-0.0046599311754107475,-0.0016847110819071531,0.00090395507868379354,0.0036428640596568584,0.006251845508813858,0.0092983897775411606,0.013328511267900467,-0.21596150000311432,2
distill:fred-econ,DGS10,Laplace-q-fixed-bandwidth,16083,-0.0044543503493803538,0.0020306262881760006,-0.011072021814687772,-0.0058373986567686071,-0.0021185614362473596,-2.9713505603468386e-05,0.00045176020220746588,0.0035273011201339553,0.0067278374189317491,0.010458028189114694,0.015729146498534321,3.4320272934794493,2
distill:fred-econ,DGS10,TimesFM-zero-shot,16083,-0.0044543503493803538,0.0010192471090704203,0.0010544703109189868,-0.011558719910681248,-0.0071160350926220417,-0.0039990446530282497,-0.0014349251287057996,0.0034508625976741314,0.0060348301194608212,0.0090897344052791595,0.013483177870512009,3.6818939530525396,2
distill:fred-econ,DGS10,TimesFM-laplace-qd,16083,-0.0044543503493803538,0.00099454820156097412,0.00098424847237765789,-0.0101802758872509,-0.0061077838763594627,-0.0030445288866758347,-0.00042422860860824585,0.0023791794665157795,0.0050198324024677277,0.0080118561163544655,0.012043584138154984,3.769765158926671,2
distill:fred-econ,DGS10,Laplace-q-fixed-bandwidth,16084,-0.0067189502487450259,0.0011125443512988759,-0.012010567918097029,-0.0068447825463474263,-0.003182300937714488,-0.00011198317704256584,5.628201728749167e-05,0.0025427737246678712,0.0056883693322500404,0.0093621309794912136,0.014564079842197562,3.0746088720887546,2
distill:fred-econ,DGS10,TimesFM-zero-shot,16084,-0.0067189502487450259,0.00053201493574306369,0.00051068072207272053,-0.011840056627988815,-0.0074392412789165974,-0.00440970528870821,-0.0018730167066678405,0.0029592243954539299,0.0055175703018903732,0.0086127985268831253,0.013007204979658127,3.7219409225083169,2
distill:fred-econ,DGS10,TimesFM-laplace-qd,16084,-0.0067189502487450259,0.00083738280227407813,0.00080356927355751395,-0.010166817344725132,-0.006114874966442585,-0.003132854588329792,-0.00053235690575093031,0.0022291396744549274,0.0048324153758585453,0.0078522004187107086,0.011862822808325291,3.4574484016241311,2
distill:fred-econ,DGS10,Laplace-q-fixed-bandwidth,16085,0,0.0010196204060742831,-0.012062741252501511,-0.0069459939941925999,-0.0033227060037365752,-0.00021971781987624157,5.3523154594062197e-05,0.0024970949528222743,0.0056041348794591472,0.009238650531771652,0.014391292099026468,4.0518595494268421,2
distill:fred-econ,DGS10,TimesFM-zero-shot,16085,0,7.653149077668786e-05,7.7043951023370028e-05,-0.012290440499782562,-0.0079330476000905037,-0.0048680799081921577,-0.0023283045738935471,0.0024773182813078165,0.004994700662791729,0.0080288862809538841,0.012388897128403187,3.3124202270391647,2
distill:fred-econ,DGS10,TimesFM-laplace-qd,16085,0,0.00029997306410223246,0.00028232857584953308,-0.010564608499407768,-0.0066237244755029678,-0.0036380412057042122,-0.0010688332840800285,0.0016558282077312469,0.0042113796807825565,0.0071576135233044624,0.011129382066428661,3.570438989604682,2
distill:fred-econ,DGS10,Laplace-q-fixed-bandwidth,16086,0.0044843124473286089,0.00053149226038118433,-0.011964923871099856,-0.0068676242422191919,-0.0032382132937298857,-0.00012989361707527473,1.7722777725924342e-05,0.0013409429883528647,0.0044875043078480992,0.0081277608101370819,0.013260614112872495,3.5254121163159438,2
distill:fred-econ,DGS10,TimesFM-zero-shot,16086,0.0044843124473286089,0.00099729339126497507,0.00098794291261583567,-0.011220413260161877,-0.0068994844332337379,-0.0039062858559191227,-0.0014035491039976478,0.0033766287378966808,0.0058737732470035553,0.008922157809138298,0.013276716694235802,3.3236174535965897,2
distill:fred-econ,DGS10,TimesFM-laplace-qd,16086,0.0044843124473286089,0.000807431701105088,0.00081712327664718032,-0.0099449753761291504,-0.0060254554264247417,-0.0031132390722632408,-0.00057051784824579954,0.0021667294204235077,0.0046945209614932537,0.0076565127819776535,0.011605488136410713,3.4928459205778797,2
distill:fred-econ,DGS10,Laplace-q-fixed-bandwidth,16087,-0.0022396425935047315,0.00034938581083512573,-0.012016945887952454,-0.0070164064130667139,-0.0034690264391896764,-0.00040699587561488447,1.2105868687078037e-05,0.0012145350630755982,0.0042800192662983006,0.0078381608576417548,0.012873866398113677,3.9301401649054215,2
distill:fred-econ,DGS10,TimesFM-zero-shot,16087,-0.0022396425935047315,0.00063836807385087013,0.00068936252500861883,-0.011695051565766335,-0.0073516611009836197,-0.0042835231870412827,-0.0017457492649555206,0.0030423244461417198,0.0055650924332439899,0.0085574639961123466,0.012875394895672798,3.3492723169069962,2
distill:fred-econ,DGS10,TimesFM-laplace-qd,16087,-0.0022396425935047315,0.00062260287813842297,0.00063370086718350649,-0.010305009782314301,-0.0063302996568381786,-0.0033294428139925003,-0.00074694672366604209,0.0019984981045126915,0.0045670061372220516,0.0074883308261632919,0.011442970484495163,3.6256603929677609,2
distill:fred-econ,DGS10,Laplace-q-fixed-bandwidth,16088,0.0067039357221903018,0.00073937665738628368,-0.011365010480899348,-0.0064699010808346655,-0.0030118073978775408,-0.00010803108745765197,2.8251357338862613e-05,0.0017428257167197798,0.0047212331339397152,0.0081899866129777395,0.013119853443278187,3.2786306827035907,2
distill:fred-econ,DGS10,TimesFM-zero-shot,16088,0.0067039357221903018,0.00057385012041777372,0.00055240769870579243,-0.011629575863480568,-0.0073028383776545525,-0.0043042195029556751,-0.0017918639350682497,0.0029740415047854185,0.0054727932438254356,0.0085196085274219513,0.012839962728321552,3.2755845202699234,2
distill:fred-econ,DGS10,TimesFM-laplace-qd,16088,0.0067039357221903018,0.00085272034630179405,0.00085630238754674792,-0.0099786901846528053,-0.0060088853351771832,-0.0030737901106476784,-0.00050685112364590168,0.0022432855330407619,0.0047904024831950665,0.0077702696435153484,0.011728257872164249,3.353317944751538,2
distill:fred-econ,DGS10,Laplace-q-fixed-bandwidth,16089,-0.0044642931286855703,0.00029035984797001562,-0.011783091355025111,-0.0069575507750856847,-0.00355683538417515,-0.00063851513821567315,1.1123979741183275e-05,0.0012971180343416882,0.0042189679237136651,0.0076302745045565851,0.012490248880098139,3.5205735150472339,2
distill:fred-econ,DGS10,TimesFM-zero-shot,16089,-0.0044642931286855703,0.00027623667847365141,0.00033667369280010462,-0.011934101581573486,-0.0076382188126444817,-0.0046043614856898785,-0.0020950264297425747,0.0026689860969781876,0.0051623773761093616,0.0081559950485825539,0.012459142133593559,3.6209818836080752,2
distill:fred-econ,DGS10,TimesFM-laplace-qd,16089,-0.0044642931286855703,0.00035576306981965899,0.0004141446843277663,-0.010450655594468117,-0.0065295109525322914,-0.0035663451999425888,-0.0010110484436154366,0.0017327151726931334,0.0042754271999001503,0.0072068870067596436,0.011153735220432281,3.8018267952732918,2
distill:fred-econ,DGS10,Laplace-q-fixed-bandwidth,16090,0.01773882433738172,0.00095379511803782399,-0.010875928561578161,-0.0061332521198518789,-0.0028010977777004117,-8.7463304898177289e-05,4.3104668930979313e-05,0.0021177071709182742,0.004973210493673148,0.0083158644929052297,0.013092613975699365,2.0750636650410259,2
distill:fred-econ,DGS10,TimesFM-zero-shot,16090,0.01773882433738172,0.00055075762793421745,0.00053490704158321023,-0.011399152688682079,-0.0071746492758393288,-0.004235775675624609,-0.0017712094122543931,0.0028856978751718998,0.0053170067258179188,0.0082842586562037468,0.012517567723989487,2.122549642004425,2
distill:fred-econ,DGS10,TimesFM-laplace-qd,16090,0.01773882433738172,0.00073073356179520488,0.00071629765443503857,-0.0097660310566425323,-0.0059257540851831436,-0.0030704215168952942,-0.00056753936223685741,0.0020563772413879633,0.0045200916938483715,0.0074041415937244892,0.011253670789301395,1.8788555118276824,2
distill:fred-econ,DGS10,Laplace-q-fixed-bandwidth,16091,0.0021953905634355397,-0.00031790282297924558,-0.012831210081181113,-0.0079331675843913527,-0.0044797974900740332,-0.0015233046465048315,-1.3830954617429293e-05,0.00079275505314503288,0.003752969245126395,0.0072171433291222213,0.012149987518529901,3.9496258344859676,2
distill:fred-econ,DGS10,TimesFM-zero-shot,16091,0.0021953905634355397,0.00035108035081066191,0.0003203481319360435,-0.011879867874085903,-0.0075453687459230423,-0.0045215846039354801,-0.0020230044610798359,0.0027164448983967304,0.005194386001676321,0.0081473803147673607,0.012379083782434464,3.343115638282665,2
distill:fred-econ,DGS10,TimesFM-laplace-qd,16091,0.0021953905634355397,0.00036269405973143876,0.0002813393366523087,-0.010478964075446129,-0.0065065193921327591,-0.0035445159301161766,-0.00099301629234105349,0.0017151327338069677,0.0042536221444606781,0.0071462951600551605,0.011039917357265949,3.5678131429480784,2
distill:fred-econ,DGS10,Laplace-q-fixed-bandwidth,16092,-0.0066006840313519444,0.0010327110163323361,-0.011089463844505862,-0.0062922299361465213,-0.0029230469003856466,-0.00010570075389059074,5.4330829064766658e-05,0.002364133751015767,0.0052440201346972571,0.0086238899340321355,0.013455522630947615,3.0922977817516673,2
distill:fred-econ,DGS10,TimesFM-zero-shot,16092,-0.0066006840313519444,0.00047384461504407227,0.00040651427116245031,-0.011580648832023144,-0.0073207197710871696,-0.0043671452440321445,-0.0018881735159084201,0.0028242880944162607,0.005285399965941906,0.0082682622596621513,0.012518853880465031,3.7488672001395358,2
distill:fred-econ,DGS10,TimesFM-laplace-qd,16092,-0.0066006840313519444,0.00069430889561772346,0.00061773421475663781,-0.010031950660049915,-0.0061137177981436253,-0.0032073440961539745,-0.00066564336884766817,0.0020554400980472565,0.0045870854519307613,0.0075244726613163948,0.01144470926374197,3.5127213173009064,2
distill:fred-econ,DGS10,Laplace-q-fixed-bandwidth,16093,0.0044052934679164046,0.0014734303564844383,-0.010558780126487078,-0.0058028155931087594,-0.0024659653434626742,-5.3016027661229625e-05,0.00019275278191792345,0.0029111452297400251,0.005759200832236272,0.0091066905748463968,0.013896808559112909,3.6697732516135799,2
distill:fred-econ,DGS10,TimesFM-zero-shot,16093,0.0044052934679164046,0.00014095561346039176,0.00019789068028330803,-0.011829260736703873,-0.0076125026680529118,-0.0046530649997293949,-0.002192571060732007,0.0025053680874407291,0.0049611157737672329,0.007921283133327961,0.012170182541012764,3.3364384173188517,2
distill:fred-econ,DGS10,TimesFM-laplace-qd,16093,0.0044052934679164046,0.0001086333068087697,9.3616719823330641e-05,-0.010587433353066444,-0.0066985040903091431,-0.0037701618857681751,-0.0012332808692008257,0.0014779998455196619,0.0040086163207888603,0.006933002732694149,0.010870413854718208,3.4665407994432869,2
distill:fred-econ,DGS10,Laplace-q-fixed-bandwidth,16094,-0.022223136784710329,0.00070720086930765543,-0.011207718319851762,-0.0065471998356380831,-0.0032891834006319723,-0.00051923891154650331,3.8019250291800608e-05,0.0020833999741964732,0.0048570893625746875,0.008125623792452099,0.012819901846139199,1.1681821006436275,2
distill:fred-econ,DGS10,TimesFM-zero-shot,16094,-0.022223136784710329,0.00031754013616591692,0.00024970428785309196,-0.011708231642842293,-0.007444330956786871,-0.00449790945276618,-0.0020289849489927292,0.0026621441356837749,0.0051121809519827366,0.0080952085554599762,0.012297006323933601,-2.0083043247167884,2
distill:fred-econ,DGS10,TimesFM-laplace-qd,16094,-0.022223136784710329,0.0004840395413339138,0.0003963036579079926,-0.010263623669743538,-0.0063161528669297695,-0.0034049628302454948,-0.00087290199007838964,0.0018716467311605811,0.0043939701281487942,0.0073342607356607914,0.011217541992664337,-5.2174556316196812,2
distill:fred-econ,DGS10,Laplace-q-fixed-bandwidth,16095,0.0067189502487450259,0.0023017843135536213,-0.010475155116127118,-0.0054244095650495452,-0.0018959500847486443,-1.3740756808866644e-05,0.0012104147723983965,0.0040607144208042907,0.0070555252359396099,0.010578580011933323,0.015612008820133156,3.4735029620295927,2
distill:fred-econ,DGS10,TimesFM-zero-shot,16095,0.0067189502487450259,0.00048628923832438886,0.00054655922576785088,-0.011977877467870712,-0.0075884121470153332,-0.0044841282069683075,-0.0019378026481717825,0.0029138240497559309,0.0054563740268349648,0.008477604016661644,0.012814364396035671,3.2687873360317314,2
distill:fred-econ,DGS10,TimesFM-laplace-qd,16095,0.0067189502487450259,0.00040721599361859262,0.00044875466846860945,-0.010729246772825718,-0.006685502827167511,-0.0036265002563595772,-0.0010137374047189951,0.0018232525326311588,0.0044360826723277569,0.0074115912429988384,0.011423110961914062,3.3129022686055389,2
distill:fred-econ,DGS10,Laplace-q-fixed-bandwidth,16096,-0.002234637801416417,-0.00018897840559982537,-0.013037305035297351,-0.0080736016987252267,-0.0046160632771363279,-0.0016859505253517231,-8.6536087618526339e-06,0.0013366623233143345,0.0042648439554092091,0.007717065094643539,0.012663741687539726,3.8984368371087292,2
distill:fred-econ,DGS10,TimesFM-zero-shot,16096,-0.002234637801416417,0.00048153445823118091,0.00034832119126804173,-0.011948704719543457,-0.0075503247790038586,-0.0044793621636927128,-0.001963580958545208,0.0029212501831352711,0.0054818554781377316,0.0085324645042419434,0.012865055352449417,3.3291993077211925,2
distill:fred-econ,DGS10,TimesFM-laplace-qd,16096,-0.002234637801416417,0.00039970118086785078,0.00024794289493001997,-0.010699859820306301,-0.0066422712989151478,-0.0036215134896337986,-0.001039574621245265,0.0018187504028901458,0.0044375653378665447,0.007433213759213686,0.011401213705539703,3.5869630320609005,2
distill:fred-econ,DGS10,Laplace-q-fixed-bandwidth,16097,-0.0089888245684330847,0.00064063247122759636,-0.012509671492748915,-0.0077643553628327106,-0.0045131944457056389,-0.0018158103365517003,0.00067082069102641808,0.0031568329845193459,0.0058520276326629195,0.0090978355810410923,0.013826518178401772,3.074774195762088,2
distill:fred-econ,DGS10,TimesFM-zero-shot,16097,-0.0089888245684330847,0.00074225012212991714,0.00073143368354067206,-0.011591130867600441,-0.0072534908540546894,-0.0041919862851500511,-0.0016622315160930157,0.0031398595310747623,0.0056181605905294418,0.0086130052804946899,0.0129213472828269,2.9013736773949059,2
distill:fred-econ,DGS10,TimesFM-laplace-qd,16097,-0.0089888245684330847,0.00049629743443801999,0.00045469860197044909,-0.010413079522550106,-0.0064577320590615273,-0.0034685700666159391,-0.00090490543516352773,0.0018820380792021751,0.0044049653224647045,0.0073357047513127327,0.01127052865922451,2.6442905714744995,2
distill:fred-econ,DGS10,Laplace-q-fixed-bandwidth,16098,0.013453117697118655,0.001012966882164093,-0.01215128766418851,-0.0074066444335342835,-0.0041515106591203804,-0.001449028999402104,0.0010429922916260674,0.0035343986944080755,0.0062347077081199662,0.009484534929534081,0.014212706756999947,2.7388625013365786,2
distill:fred-econ,DGS10,TimesFM-zero-shot,16098,0.013453117697118655,0.00083168182754889131,0.00083087984239682555,-0.011498999781906605,-0.0071522742509841919,-0.0041296882554888725,-0.0015994827263057232,0.0032523986883461475,0.0057760700583457947,0.008873368613421917,0.013256212696433067,2.7809949885131502,2
distill:fred-econ,DGS10,TimesFM-laplace-qd,16098,0.013453117697118655,0.00074367003981024027,0.00073178752791136503,-0.010255676694214344,-0.0062545910477638245,-0.0032832503784447908,-0.00069261947646737099,0.0021608513779938221,0.004734390415251255,0.0077703297138214111,0.011774099431931973,2.6063921398893579,2
distill:fred-econ,DGS10,Laplace-q-fixed-bandwidth,16099,-0.0067039357221903018,-0.00095445680166679925,-0.014292859160335394,-0.0094979979116161951,-0.006198680726307651,-0.0034554831890777757,-0.00092436674066048437,0.0016061340787530878,0.0043471564348760722,0.0076411712671525783,0.012419611605147566,3.4942160778248903,2
distill:fred-econ,DGS10,TimesFM-zero-shot,16099,-0.0067039357221903018,0.00019961115322075784,0.00015157845336943865,-0.012331030331552029,-0.0079278992488980293,-0.0048213661648333073,-0.0022579459473490715,0.0026348368264734745,0.0051684388890862465,0.0082148285582661629,0.012601201422512531,3.7480082642740009,2
distill:fred-econ,DGS10,TimesFM-laplace-qd,16099,-0.0067039357221903018,0.00012498322757892311,4.0465558413416147e-05,-0.011061311699450016,-0.0070054740644991398,-0.003958042711019516,-0.0013360700104385614,0.0015495005063712597,0.0041438005864620209,0.0071397153660655022,0.011172514408826828,3.652792881849817,2
distill:fred-econ,DGS10,Laplace-q-fixed-bandwidth,16100,0.011148387482614375,0.0011202583664815765,-0.012039558284754611,-0.0073034724359921852,-0.0040488198468009327,-0.0013445428735427377,0.0011499795860023397,0.0036438979488228659,0.0063460366892527731,0.009595472970621674,0.014315388510204467,3.0376331520477069,2
distill:fred-econ,DGS10,TimesFM-zero-shot,16100,0.011148387482614375,0.0012421337887644768,0.0011897874064743519,-0.011182708665728569,-0.0067925406619906425,-0.0037283201236277819,-0.0011982216965407133,0.0036617913283407688,0.0061602490022778511,0.0092073855921626091,0.013534175232052803,3.0530763572728965,2
distill:fred-econ,DGS10,TimesFM-laplace-qd,16100,0.011148387482614375,0.0010006007505580783,0.0009710120502859354,-0.01004111859947443,-0.0060174232348799706,-0.0030170085374265909,-0.00043691671453416348,0.0024210880510509014,0.0049647064879536629,0.0079479645937681198,0.011894280090928078,2.932812693510507,2
distill:fred-econ,DGS10,Laplace-q-fixed-bandwidth,16101,-0.0022197567383128725,-0.00073344114359663939,-0.013924472750452239,-0.0091835949444535707,-0.0059206780650855233,-0.0032074476532910762,-0.00070385293130918627,0.0017991420159565463,0.0045102489674201975,0.0077679907179681821,0.012492845269241756,3.7631806508990069,2
distill:fred-econ,DGS10,TimesFM-zero-shot,16101,-0.0022197567383128725,0.00070611597038805485,0.00070398225216194987,-0.011757150292396545,-0.0073630199767649174,-0.0042536933906376362,-0.0017273752018809319,0.0031394565012305975,0.0056623923592269421,0.0086732804775238037,0.01301601342856884,3.3446398062373275,2
distill:fred-econ,DGS10,TimesFM-laplace-qd,16101,-0.0022197567383128725,0.00041604382568039,0.0003743056149687618,-0.010576920583844185,-0.0065797455608844757,-0.0035523315891623497,-0.00098313076887279749,0.0018159623723477125,0.0043724002316594124,0.0073048975318670273,0.011265294626355171,3.6040896636343964,2
distill:fred-econ,DGS10,Laplace-q-fixed-bandwidth,16102,-0.020202707317519497,0.00086027411177925128,-0.012040905270544158,-0.007390916237228126,-0.0042008906872779096,-0.0015526020173158299,0.00088940772313633536,0.0033308306770107043,0.0059770433489675272,0.0091619952391533768,0.013796242039115902,1.5954378902351813,2
distill:fred-econ,DGS10,TimesFM-zero-shot,16102,-0.020202707317519497,0.00053676508832722902,0.00047033795272000134,-0.011838818900287151,-0.0074494420550763607,-0.004409219603985548,-0.0018674192251637578,0.0029202639125287533,0.0054166866466403008,0.008453872986137867,0.012737012468278408,-1.1189790928116912,2
distill:fred-econ,DGS10,TimesFM-laplace-qd,16102,-0.020202707317519497,0.00059079675702378154,0.0005192124517634511,-0.010389168746769428,-0.0063621746376156807,-0.0033919224515557289,-0.00080843130126595497,0.0019787538331001997,0.0045190299861133099,0.0074901934713125229,0.011400746181607246,-3.5161399553067585,2
distill:fred-econ,DGS10,Laplace-q-fixed-bandwidth,16103,-0.002270148534539107,0.0023815917184502747,-0.011331744281515352,-0.0064138906157294832,-0.0030208227443059795,-0.00019594492246771862,0.0024119806609954508,0.005019292637271678,0.007842001785060445,0.011229790848709372,0.016131334809952456,3.5669698010907966,2
distill:fred-econ,DGS10,TimesFM-zero-shot,16103,-0.002270148534539107,0.0012629537377506495,0.0013914623996242881,-0.011482013389468193,-0.0070106065832078457,-0.0038369623944163322,-0.0012328121811151505,0.0037779279518872499,0.0063779130578041077,0.0095596443861722946,0.014104169793426991,3.3658906396589066,2
distill:fred-econ,DGS10,TimesFM-laplace-qd,16103,-0.002270148534539107,0.0010314625687897205,0.0011336337774991989,-0.010179972276091576,-0.0061207716353237629,-0.0030482958536595106,-0.00040674756746739149,0.0024957046844065189,0.0051192766986787319,0.0081993602216243744,0.012321561574935913,3.6254179631438772,2
distill:fred-econ,DGS10,Laplace-q-fixed-bandwidth,16104,-0.0045558165358607905,0.00011800269650652761,-0.013369799240357926,-0.0085243241606162354,-0.0051877505225614512,-0.0024127668062446503,0.00014797848040028745,0.0027081216244860228,0.0054809774355545062,0.0088123634804662988,0.013641794820194689,3.5768393389436302,2
distill:fred-econ,DGS10,TimesFM-zero-shot,16104,-0.0045558165358607905,-0.00026015008916147053,-0.00020549775217659771,-0.012808606959879398,-0.0083666499704122543,-0.0052812276408076286,-0.0027189718093723059,0.0021980968303978443,0.0047382619231939316,0.0078349560499191284,0.012229259125888348,3.4982654610323407,2
distill:fred-econ,DGS10,TimesFM-laplace-qd,16104,-0.0045558165358607905,0.00024407509772572666,0.00030392996268346906,-0.010786326602101326,-0.006757794413715601,-0.0037688079755753279,-0.0011726192897185683,0.0016643287381157279,0.0042292745783925056,0.0072384052909910679,0.011222179047763348,3.7796747048714137,2
distill:fred-econ,DGS10,Laplace-q-fixed-bandwidth,16105,0,0.00022740884042831138,-0.01303822186458747,-0.0082642638274579815,-0.0049833854183582854,-0.0022574518999623518,0.00025698068090175498,0.0027708223734346504,0.0054946667678143803,0.0087704496921834213,0.013528626189814156,3.7790433578246088,2
distill:fred-econ,DGS10,TimesFM-zero-shot,16105,0,0.00098967668600380421,0.0011187809286639094,-0.011737704277038574,-0.0072548063471913338,-0.0040892553515732288,-0.0014867002610117197,0.0034826525952666998,0.0060315323062241077,0.0091307526454329491,0.013576065190136433,3.2781662023132712,2
distill:fred-econ,DGS10,TimesFM-laplace-qd,16105,0,0.00064257258782163262,0.00076473620720207691,-0.010548303835093975,-0.0064903483726084232,-0.0034193040337413549,-0.0007891923887655139,0.0020917118526995182,0.0046712509356439114,0.0076865595765411854,0.011724923737347126,3.5361463479124282,2
distill:fred-econ,DGS10,Laplace-q-fixed-bandwidth,16106,0.013605652055778794,-0.00026019627642148214,-0.012566541266071447,-0.0077499705830763191,-0.0043988042430036451,-0.0015537834757176315,-1.1223500175906744e-05,0.0010369018159472735,0.0038802159217169903,0.0072265512025058527,0.012027527930996051,2.4094902484586989,2
distill:fred-econ,DGS10,TimesFM-zero-shot,16106,0.013605652055778794,0.00051126396283507347,0.00064242922235280275,-0.012034939602017403,-0.0075919688679277897,-0.0045190202072262764,-0.0019682259298861027,0.0029796557500958443,0.0055727055296301842,0.0087342234328389168,0.01325250044465065,2.7339099540973533,2
distill:fred-econ,DGS10,TimesFM-laplace-qd,16106,0.013605652055778794,0.00058545632055029273,0.00069501297548413277,-0.010379635728895664,-0.0063852071762084961,-0.0034146357793360949,-0.0008296547457575798,0.002003408269956708,0.0046103233471512794,0.0076787280850112438,0.0117691271007061,2.5637673373710297,2
distill:fred-econ,DGS10,Laplace-q-fixed-bandwidth,16107,0.0089686699827602467,-0.0013202960586518339,-0.014043746815498283,-0.0091451935438976242,-0.0057274556281158651,-0.0028252328042486742,-0.00010957963999619789,8.6974518880560939e-05,0.0028590883744833628,0.0062719576459699519,0.011154889194863449,2.791637060576428,2
distill:fred-econ,DGS10,TimesFM-zero-shot,16107,0.0089686699827602467,-0.0016612742329016328,-0.0016600555973127484,-0.014320716261863708,-0.0098519502207636833,-0.0066905026324093342,-0.0041251666843891144,0.00079569662921130657,0.0033521386794745922,0.0064465738832950592,0.010900633409619331,2.9840412821321904,2
distill:fred-econ,DGS10,TimesFM-laplace-qd,16107,0.0089686699827602467,-0.00075671460945159197,-0.00076360569801181555,-0.011915202252566814,-0.0078610712662339211,-0.0047872867435216904,-0.0021780971437692642,0.00066054222406819463,0.0032608006149530411,0.0062674162909388542,0.010320552624762058,2.975618719593415,2
distill:fred-econ,DGS10,Laplace-q-fixed-bandwidth,16108,0.0022296553272691533,-0.00041092069824012116,-0.01310840294758359,-0.0082074868329849587,-0.0047854581252583968,-0.0018811195516231897,-2.0633333273012012e-05,0.0010379649853568325,0.0039405526413727691,0.0073577388112266058,0.012243173871352197,3.9078154514956767,2
distill:fred-econ,DGS10,TimesFM-zero-shot,16108,0.0022296553272691533,0.00051391712622717023,0.00047829098184593022,-0.011973632499575615,-0.0075774919241666794,-0.0044968859292566776,-0.0019550763536244631,0.0029581480193883181,0.0055095492862164974,0.0086250640451908112,0.013083033263683319,3.3034637078541369,2
distill:fred-econ,DGS10,TimesFM-laplace-qd,16108,0.0022296553272691533,0.00039420387474820018,0.00033934714156202972,-0.010502439923584461,-0.0065371943637728691,-0.0035570585168898106,-0.00097383966203778982,0.0017853091703727841,0.0043714563362300396,0.0073995618149638176,0.011445694603025913,3.5431170399587972,2
distill:fred-econ,DGS10,Laplace-q-fixed-bandwidth,16109,-0.0022296553272691533,0.00030522123082585008,-0.012087676055254785,-0.0072851944096226865,-0.0039441445919563608,-0.0011155693240583507,1.8946256676032172e-05,0.0018485225029177686,0.004675366068443574,0.0080116610815342895,0.012798939849942154,3.9167389416089859,2
distill:fred-econ,DGS10,TimesFM-zero-shot,16109,-0.0022296553272691533,0.00012731156311929226,0.00011356518371030688,-0.012300094589591026,-0.0079127680510282516,-0.0048325890675187111,-0.0023120944388210773,0.0025393760297447443,0.0050593260675668716,0.0080944318324327469,0.012456366792321205,3.3171984515661905,2
distill:fred-econ,DGS10,TimesFM-laplace-qd,16109,-0.0022296553272691533,-3.7571880966424942e-05,-7.3341187089681625e-05,-0.010879918932914734,-0.0069282739423215389,-0.0039522536098957062,-0.0014168680645525455,0.0013281110441312194,0.0038774204440414906,0.0068188724108040333,0.010758154094219208,3.5971471878375683,2
distill:fred-econ,DGS10,Laplace-q-fixed-bandwidth,16110,0.015504186535965303,0.0006431213712808281,-0.012085977987807622,-0.007489311870999534,-0.0043426825000525892,-0.0017334209152748211,0.0006714613565769374,0.0030757913643748615,0.0056830977322817342,0.0088249439852769555,0.013406757825313247,2.407676583001356,2
distill:fred-econ,DGS10,TimesFM-zero-shot,16110,0.015504186535965303,0.00084050442092120647,0.00090472504962235689,-0.011490152217447758,-0.0071481894701719284,-0.0041226618923246861,-0.0015809107571840286,0.0032652972731739283,0.0058045848272740841,0.008907366544008255,0.01331302709877491,2.5351162443528232,2
distill:fred-econ,DGS10,TimesFM-laplace-qd,16110,0.015504186535965303,0.00081258872523903847,0.00088648358359932899,-0.0099465521052479744,-0.0060306349769234657,-0.0031010459642857313,-0.00053972512250766158,0.0021967426873743534,0.0047627720050513744,0.0077694584615528584,0.011758016422390938,2.3127409794115037,2
distill:fred-econ,DGS10,Laplace-q-fixed-bandwidth,16111,0.0021953905634355397,-0.00062859391126564876,-0.013712405160567119,-0.0090056366487532465,-0.0057695344043523404,-0.0030804616566051327,-0.00059991491327814062,0.0018800711483493808,0.0045671635122048792,0.0077984355966332995,0.012490261544591413,3.7223647196844176,2
distill:fred-econ,DGS10,TimesFM-zero-shot,16111,0.0021953905634355397,0.0003725497517734766,0.00035374381695874035,-0.012257210910320282,-0.0077925687655806541,-0.0046546412631869316,-0.0021032090298831463,0.0028219884261488914,0.0053901071660220623,0.0084687285125255585,0.012897309847176075,3.3048323124775778,2
distill:fred-econ,DGS10,TimesFM-laplace-qd,16111,0.0021953905634355397,0.0002327628608327359,0.00018319420632906258,-0.010760579258203506,-0.0067540332674980164,-0.0037274574860930443,-0.0011518886312842369,0.0016123312525451183,0.0042081759311258793,0.00718283886089921,0.011176591739058495,3.5439055142646279,2
distill:fred-econ,DGS10,Laplace-q-fixed-bandwidth,16112,-0.0043956114730381302,0.00073019284470208189,-0.012083677840640071,-0.0074622822844351375,-0.0042940728108745232,-0.0016651731572577501,0.00075844609932159942,0.003181518536588655,0.0058084803917891042,0.0089719551519607758,0.013578670344615308,3.571403141462552,2
distill:fred-econ,DGS10,TimesFM-zero-shot,16112,-0.0043956114730381302,0.0014517343370243907,0.0013685963349416852,-0.011044867336750031,-0.0066353152506053448,-0.0035584978759288788,-0.00099011301063001156,0.0039000054821372032,0.006428613793104887,0.0095060393214225769,0.013865725137293339,3.7235266533924349,2
distill:fred-econ,DGS10,TimesFM-laplace-qd,16112,-0.0043956114730381302,0.0013469816185534,0.0013006423832848668,-0.0096413744613528252,-0.0056323711760342121,-0.0026439526118338108,-3.766216104850173e-05,0.0027343826368451118,0.005307984072715044,0.0083006806671619415,0.012245606631040573,3.7760959243462184,2
distill:fred-econ,DGS10,Laplace-q-fixed-bandwidth,16113,0.0043956114730381302,0.0011766577251750652,-0.011442847307945068,-0.0068851197266029205,-0.0037656582992596018,-0.0011792061191444321,0.001204549206000282,0.0035877679201173763,0.0061723195537028534,0.0092871295658968692,0.013830415824089105,3.7328072619112573,2
distill:fred-econ,DGS10,TimesFM-zero-shot,16113,0.0043956114730381302,0.00067686894908547401,0.0007764400215819478,-0.011899459175765514,-0.0074727367609739304,-0.0043377778492867947,-0.0017726341029629111,0.0031847306527197361,0.0057712760753929615,0.0088738705962896347,0.013377946801483631,3.2921503533959644,2
distill:fred-econ,DGS10,TimesFM-laplace-qd,16113,0.0043956114730381302,0.00061798124806955457,0.00063052971381694078,-0.010340526700019836,-0.0063609178178012371,-0.003332948312163353,-0.00074495351873338223,0.0020467520225793123,0.0046502458862960339,0.0076506072655320168,0.011704109609127045,3.4734140714099975,2
distill:fred-econ,DGS10,Laplace-q-fixed-bandwidth,16114,0.013072081567352845,0.00046220001456227176,-0.011899593261964391,-0.0074243676031156176,-0.0043698069307018406,-0.0018403655586420884,0.00048968873172079296,0.0028192184059983084,0.0053468013530500336,0.0083968059053927766,0.012857845528839479,2.6737786526987706,2
distill:fred-econ,DGS10,TimesFM-zero-shot,16114,0.013072081567352845,0.00017095974180847406,3.8314959965646267e-05,-0.012482133693993092,-0.0079814102500677109,-0.0048723365180194378,-0.0023125342559069395,0.0026325697544962168,0.0051706675440073013,0.008256114087998867,0.012641257606446743,2.7581255162260665,2
distill:fred-econ,DGS10,TimesFM-laplace-qd,16114,0.013072081567352845,0.00088667788077145815,0.0007643847493454814,-0.010156101547181606,-0.0061052036471664906,-0.0030971439555287361,-0.00051618815632537007,0.0022829375229775906,0.0048609846271574497,0.0078436834737658501,0.011794241145253181,2.6735420409394135,2
distill:fred-econ,DGS10,Laplace-q-fixed-bandwidth,16115,-0.0086957069675539511,0.00011038120166126834,-0.012477521054418236,-0.0079344970776982805,-0.0048225094987463793,-0.0022412943084899779,0.00013798788276170784,0.0025167424590795094,0.0050960889395868002,0.0082035073849752449,0.012732359283415356,3.1702281101285448,2
distill:fred-econ,DGS10,TimesFM-zero-shot,16115,-0.0086957069675539511,0.00054661754984408617,0.00050017778994515538,-0.01226467452943325,-0.0077496585436165333,-0.0045620421878993511,-0.0019364005420356989,0.0030120499432086945,0.005573649425059557,0.0086570596322417259,0.013050216250121593,3.22537667400985,2
distill:fred-econ,DGS10,TimesFM-laplace-qd,16115,-0.0086957069675539511,0.00054058351088315248,0.00048101387801580131,-0.010666050016880035,-0.0065895048901438713,-0.0035049687139689922,-0.00087122031254693866,0.0019334214739501476,0.0045284135267138481,0.0075165084563195705,0.011512646451592445,2.8546779059271308,2
distill:fred-econ,DGS10,Laplace-q-fixed-bandwidth,16116,-0.0065717651632344332,0.0017988269486649468,-0.010778220159968488,-0.006243335958289976,-0.0031336273486957584,-0.00055299317485515065,0.0018262513030318532,0.0042049728662998057,0.0067837562749156876,0.0098889419668273786,0.014409812644259865,3.2247565916239131,2
distill:fred-econ,DGS10,TimesFM-zero-shot,16116,-0.0065717651632344332,0.0022465025540441275,0.0021872383076697588,-0.010359899140894413,-0.0059114433825016022,-0.0027802274562418461,-0.00022083031944930553,0.0047215851955115795,0.0073070586659014225,0.010441990569233894,0.014895409345626831,3.3474712572970313,2
distill:fred-econ,DGS10,TimesFM-laplace-qd,16116,-0.0065717651632344332,0.0019743316806852818,0.0018919487483799458,-0.0089719332754611969,-0.0049802740104496479,-0.0019594884943217039,0.00061777164228260517,0.003369396086782217,0.0059772268868982792,0.0090183159336447716,0.01303474884480238,3.0975636303280933,2
distill:fred-econ,DGS10,Laplace-q-fixed-bandwidth,16117,0.0043859719432541855,0.0013143098521003975,-0.011228755092380369,-0.006709112061677255,-0.0036075366043846003,-0.0010327159683794409,0.0013415288177494999,0.0037152562677386751,0.0062882460142344668,0.0093853499999317653,0.013891146818866921,3.7452885633824549,2
distill:fred-econ,DGS10,TimesFM-zero-shot,16117,0.0043859719432541855,9.5208815764635801e-05,0.00012662902008742094,-0.012550910003483295,-0.0081011010333895683,-0.0049455496482551098,-0.0023696648422628641,0.0025836576241999865,0.005211991723626852,0.0083593791350722313,0.012868613936007023,3.2793572930258588,2
distill:fred-econ,DGS10,TimesFM-laplace-qd,16117,0.0043859719432541855,0.00030540936859324574,0.00028337730327621102,-0.010721285827457905,-0.0067037749104201794,-0.0036587445065379143,-0.00107031618244946,0.001703763147816062,0.0043518086895346642,0.0073997383005917072,0.011465689167380333,3.4499269726285879,2
distill:fred-econ,DGS10,Laplace-q-fixed-bandwidth,16118,-0.0043859719432541855,0.00040581190384316818,-0.011882165464839476,-0.0074437686791224058,-0.0044063916641373917,-0.0018881839742224411,0.00043263359153731086,0.0027529454148590158,0.0052693628914847433,0.0083023594873074917,0.012727155249684985,3.6251264261465734,2
distill:fred-econ,DGS10,TimesFM-zero-shot,16118,-0.0043859719432541855,0.0013991440646350384,0.0013385522179305553,-0.0112696448341012,-0.0067972210235893726,-0.0036948982160538435,-0.0010628169402480125,0.0039072120562195778,0.0064976532012224197,0.0096553945913910866,0.014125938527286053,3.6998689275705212,2
distill:fred-econ,DGS10,TimesFM-laplace-qd,16118,-0.0043859719432541855,0.001424535526894033,0.0013803644105792046,-0.0095990486443042755,-0.0055731022730469704,-0.0025729727931320667,6.6213018726557493e-05,0.0028449699748307467,0.0054477355442941189,0.0084923673421144485,0.012518944218754768,3.7680137545425247,2
distill:fred-econ,DGS10,Laplace-q-fixed-bandwidth,16119,0.010929070532190055,0.0010837738134398037,-0.011009453057364105,-0.0066349254817128648,-0.0036464431888160748,-0.0011707197476823615,0.0011102471193975626,0.0033907192034224589,0.0058646876932168272,0.0088488697892188869,0.013210024069550984,3.0333254875242184,2
distill:fred-econ,DGS10,TimesFM-zero-shot,16119,0.010929070532190055,0.00044995202915742993,0.0004423471400514245,-0.012198367156088352,-0.0077447192743420601,-0.0046001705341041088,-0.0020170374773442745,0.0028919363394379616,0.0054802177473902702,0.0085454322397708893,0.012934871017932892,3.0046424614217107,2
distill:fred-econ,DGS10,TimesFM-laplace-qd,16119,0.010929070532190055,0.00045929633779451251,0.0004156950453761965,-0.010597718879580498,-0.0065743774175643921,-0.0035310680978000164,-0.00093561864923685789,0.0018220425117760897,0.0044243130832910538,0.0073761455714702606,0.011326675303280354,2.8896291600565354,2
distill:fred-econ,DGS10,Laplace-q-fixed-bandwidth,16120,0.0065005646030935615,-0.00012348702453873159,-0.012281913438994554,-0.0078914303676293172,-0.0048860043505959674,-0.0023939547992312309,-9.7107611363944418e-05,0.0021992458785645031,0.00468954928629763,0.0076907020860331708,0.012067924703773877,3.4450041118650576,2
distill:fred-econ,DGS10,TimesFM-zero-shot,16120,0.0065005646030935615,0.0017444833647459745,0.0016712541691958904,-0.011067546904087067,-0.0065581225790083408,-0.0033805479761213064,-0.00075975729851052165,0.0042275842279195786,0.0068389838561415672,0.0099843088537454605,0.014472060836851597,3.275257581908356,2
distill:fred-econ,DGS10,TimesFM-laplace-qd,16120,0.0065005646030935615,0.001485138782300055,0.0014439316000789404,-0.0096139982342720032,-0.0055726170539855957,-0.002520725829526782,9.5174706075340509e-05,0.0028688288293778896,0.0054875588975846767,0.0085020419210195541,0.012526617385447025,3.4024241591568254,2
distill:fred-econ,DGS10,Laplace-q-fixed-bandwidth,16121,0.0086022035826631704,0.00056483256166274933,-0.011480880272767009,-0.0071295845885104812,-0.0041522214159838353,-0.0016838942114065036,0.00059093386847885987,0.0028652771661625632,0.0053318850850247049,0.0083050396716006607,0.012643269348121978,3.272580291432388,2
distill:fred-econ,DGS10,TimesFM-zero-shot,16121,0.0086022035826631704,0.00052154366858303547,0.00044233602238819003,-0.012207875959575176,-0.0077367024496197701,-0.0045783529058098793,-0.0019718122202903032,0.0030119672883301973,0.0056179463863372803,0.008759230375289917,0.013246596790850163,3.164505824676012,2
distill:fred-econ,DGS10,TimesFM-laplace-qd,16121,0.0086022035826631704,0.00059783313190564513,0.00051826715935021639,-0.010465057566761971,-0.0064557148143649101,-0.0034088678658008575,-0.00079713150626048446,0.0019826185889542103,0.0046015302650630474,0.0076226671226322651,0.011653006076812744,3.1559054494536438,2
distill:fred-econ,DGS10,Laplace-q-fixed-bandwidth,16122,0.008528836347520441,0.00068124908985639217,-0.011328364699317863,-0.0069927993344609477,-0.0040240967885157956,-0.001562129931245691,0.00070714779188659534,0.0029759456170881391,0.0054362126017112929,0.0084007550956877244,0.012723415476962081,3.2971499845271679,2
distill:fred-econ,DGS10,TimesFM-zero-shot,16122,0.008528836347520441,0.0014466482680290937,0.0012850981438532472,-0.011226997710764408,-0.006738009862601757,-0.0036291079595685005,-0.0010334269609302282,0.0038967868313193321,0.0064766909927129745,0.0095880832523107529,0.013974783010780811,3.2225354017239911,2
distill:fred-econ,DGS10,TimesFM-laplace-qd,16122,0.008528836347520441,0.0014007673598825932,0.0012288349680602551,-0.009615166112780571,-0.0055832015350461006,-0.00258611049503088,4.5109190978109837e-06,0.0027946927584707737,0.0053838053718209267,0.0083742272108793259,0.012322627939283848,3.2479325175585303,2
distill:m4-hourly,H16,Laplace-q-fixed-bandwidth,635,0.04180336980436028,0.0088752437384538099,-0.0079773711607016851,-0.00084774057383429978,0.0033676654121954008,0.0064504430495110317,0.0091256116006263148,0.011782888294868125,0.014798531639958576,0.018839553015564007,0.025507361735815932,0.69577774428689732,2
distill:m4-hourly,H16,TimesFM-zero-shot,635,0.04180336980436028,0.0059380996972322464,0.0046449187211692333,-0.013085256330668926,-0.0056112892925739288,-0.0012327779550105333,0.0022147963754832745,0.0099376840516924858,0.013600503094494343,0.018993038684129715,0.0265674889087677,0.96142006624880483,2
distill:m4-hourly,H16,TimesFM-laplace-qd,635,0.04180336980436028,0.0048682992346584797,0.0069278441369533539,-0.007887665182352066,-0.0029270744416862726,0.00038489536382257938,0.0036427108570933342,0.0054980181157588959,0.0087838107720017433,0.012874518521130085,0.018690530210733414,-0.52339987052732007,2
distill:m4-hourly,H16,Laplace-q-fixed-bandwidth,636,0.029250698616902326,-0.015055126019427732,-0.033799439875888293,-0.026168112926140033,-0.021438940760505662,-0.017918892125328392,-0.014856202298565362,-0.011810127260143688,-0.0083508893435296945,-0.0037685603806850792,0.0034875384603549405,-0.34363092285343583,2
distill:m4-hourly,H16,TimesFM-zero-shot,636,0.029250698616902326,0.023924533277750015,0.022137371823191643,0.0023752355482429266,0.010346891358494759,0.015628250315785408,0.019637908786535263,0.028713652864098549,0.03292609378695488,0.038784664124250412,0.048024289309978485,2.7200180020424085,2
distill:m4-hourly,H16,TimesFM-laplace-qd,636,0.029250698616902326,-0.023921290412545204,-0.020769054070115089,-0.042176295071840286,-0.035962603986263275,-0.030766652897000313,-0.026403132826089859,-0.022404119372367859,-0.017740892246365547,-0.012688856571912766,-0.0044405125081539154,-1.0300418334385186,2
distill:m4-hourly,H16,Laplace-q-fixed-bandwidth,637,0.080195624563504708,0.044256023017511588,0.022693672532143973,0.031175728219704463,0.036624819975243784,0.040770633085470499,0.044400452104998468,0.048015603792992988,0.052109275962409496,0.057439775654414604,0.065615224684778151,0.98837435841739363,2
distill:m4-hourly,H16,TimesFM-zero-shot,637,0.080195624563504708,0.059823174029588699,0.058531716465950012,0.040891237556934357,0.048205401748418808,0.052960194647312164,0.05605698749423027,0.063474521040916443,0.066778421401977539,0.071414582431316376,0.079042494297027588,2.1474928675573874,2
distill:m4-hourly,H16,TimesFM-laplace-qd,637,0.080195624563504708,0.042091075330972672,0.043346840888261795,0.024492226541042328,0.030901024118065834,0.035653378814458847,0.0397002212703228,0.042896110564470291,0.046984098851680756,0.051194373518228531,0.058357294648885727,0.1141161010679449,2
distill:m4-hourly,H16,Laplace-q-fixed-bandwidth,638,0.098640740751489098,0.08212072036560851,0.058928390818261497,0.067839286178229735,0.073703351962515151,0.078255254857162559,0.082269388930378329,0.086268008996988027,0.090766161259486666,0.096512247613383173,0.10510967229735244,2.5069986530723605,2
distill:m4-hourly,H16,TimesFM-zero-shot,638,0.098640740751489098,0.093653731048107147,0.092455916106700897,0.071831673383712769,0.080362208187580109,0.085718333721160889,0.089504718780517578,0.097908921539783478,0.10191081464290619,0.10723461955785751,0.11592522263526917,2.8003525847467374,2
distill:m4-hourly,H16,TimesFM-laplace-qd,638,0.098640740751489098,0.08428608626127243,0.084165558218955994,0.066288679838180542,0.073124587535858154,0.077818199992179871,0.081808283925056458,0.085131190717220306,0.089346125721931458,0.094040960073471069,0.10150663554668427,2.3893307186350987,2
distill:m4-hourly,H16,Laplace-q-fixed-bandwidth,639,0.076776300695921229,0.089435731768692031,0.06616855997785466,0.075049824366382592,0.080930348004471894,0.085522836312415099,0.089583169046238906,0.093628077812025548,0.098167504583250451,0.1039323609745909,0.11250303538704899,2.7526997373777413,2
distill:m4-hourly,H16,TimesFM-zero-shot,639,0.076776300695921229,0.089729465544223785,0.08789864182472229,0.069664478302001953,0.0773354172706604,0.082142017781734467,0.085726074874401093,0.093722619116306305,0.096857868134975433,0.10155092924833298,0.10923255980014801,3.0133091451742766,2
distill:m4-hourly,H16,TimesFM-laplace-qd,639,0.076776300695921229,0.092712774872779846,0.090586625039577484,0.076449453830718994,0.082578465342521667,0.086465366184711456,0.090164653956890106,0.092907354235649109,0.096449963748455048,0.10062901675701141,0.10693585872650146,1.8183972310046865,2
distill:m4-hourly,H16,Laplace-q-fixed-bandwidth,640,0.063383119507014918,0.071372769461221786,0.048236707065652758,0.057055657697439373,0.062902407691093593,0.067474525653475725,0.071519219255305494,0.075548601891796324,0.080068124155337206,0.085800358456896902,0.094311126199469575,3.0482039944690609,2
distill:m4-hourly,H16,TimesFM-zero-shot,640,0.063383119507014918,0.071684353053569794,0.070447966456413269,0.052473150193691254,0.06020703911781311,0.065048269927501678,0.068208597600460052,0.075303204357624054,0.078250721096992493,0.082282140851020813,0.08929724246263504,3.1596229624575694,2
distill:m4-hourly,H16,TimesFM-laplace-qd,640,0.063383119507014918,0.076029621064662933,0.073647357523441315,0.059040911495685577,0.065866082906723022,0.070296928286552429,0.073838159441947937,0.0763726606965065,0.079972058534622192,0.083908692002296448,0.090038172900676727,2.7873489279066757,2
distill:m4-hourly,H16,Laplace-q-fixed-bandwidth,641,0.056877385273552683,0.065989944896729325,0.043235068711600239,0.051963988336182931,0.057717229850770407,0.062189627349516954,0.06613612501418327,0.070067403768366274,0.074487157509880955,0.080125030703694311,0.088546848734628397,2.9929997431702278,2
distill:m4-hourly,H16,TimesFM-zero-shot,641,0.056877385273552683,0.063781052827835083,0.061752442270517349,0.043441567569971085,0.051679734140634537,0.056456677615642548,0.0599515400826931,0.067444205284118652,0.07079663872718811,0.075629621744155884,0.082892559468746185,3.0443288947560063,2
distill:m4-hourly,H16,TimesFM-laplace-qd,641,0.056877385273552683,0.063791491091251373,0.058633241802453995,0.045922368764877319,0.05335046723484993,0.057723000645637512,0.061791364103555679,0.065094813704490662,0.0689549520611763,0.073263339698314667,0.079584889113903046,3.1628627186319234,2
distill:m4-hourly,H16,Laplace-q-fixed-bandwidth,642,0.057044641725371825,0.068578454859260174,0.046141217970795484,0.054786436733143568,0.060460521381093896,0.06485373696167232,0.068724136629554455,0.072579437024455296,0.076920164224734106,0.082478595477205291,0.090818079502064775,2.8338884418760917,2
distill:m4-hourly,H16,TimesFM-zero-shot,642,0.057044641725371825,0.055425412952899933,0.055353745818138123,0.035601712763309479,0.043387353420257568,0.048115581274032593,0.051468744874000549,0.059200651943683624,0.062450170516967773,0.067138656973838806,0.074469245970249176,2.9300948849068247,2
distill:m4-hourly,H16,TimesFM-laplace-qd,642,0.057044641725371825,0.061811894178390503,0.057690612971782684,0.044807441532611847,0.052182383835315704,0.056702807545661926,0.060326337814331055,0.063415884971618652,0.067145831882953644,0.071293078362941742,0.077421702444553375,3.2577743838619355,2
distill:m4-hourly,H16,Laplace-q-fixed-bandwidth,643,0.046607931587298701,0.049164078560385613,0.026894271467365075,0.03547232525239101,0.041104067743539537,0.045465745282785373,0.049308842899314219,0.053136950381301319,0.057446533631080293,0.062963522610771955,0.071238135827214361,3.2996073514597111,2
distill:m4-hourly,H16,TimesFM-zero-shot,643,0.046607931587298701,0.048942577093839645,0.04897698387503624,0.028761785477399826,0.036842674016952515,0.04148324579000473,0.044986650347709656,0.052827037870883942,0.05613187700510025,0.060934744775295258,0.068223103880882263,2.9049642928593133,2
distill:m4-hourly,H16,TimesFM-laplace-qd,643,0.046607931587298701,0.048960238695144653,0.044258352369070053,0.032391581684350967,0.039154928177595139,0.043636169284582138,0.047780212014913559,0.051325984299182892,0.055292528122663498,0.060044474899768829,0.067081592977046967,3.2050259884511965,2
distill:m4-hourly,H16,Laplace-q-fixed-bandwidth,644,0.024917727962949776,0.03671256425988461,0.015041373685151571,0.023518615054691806,0.028998048052100274,0.033185849714415183,0.036857977689018578,0.04051532757599334,0.044650889058697366,0.050012586972918882,0.058184378840306292,2.8120385181953891,2
distill:m4-hourly,H16,TimesFM-zero-shot,644,0.024917727962949776,0.03464885801076889,0.035122551023960114,0.015083428472280502,0.022794051095843315,0.027492636814713478,0.030714964494109154,0.038625806570053101,0.0421888567507267,0.047087520360946655,0.05487828329205513,3.3114358355326026,2
distill:m4-hourly,H16,TimesFM-laplace-qd,644,0.024917727962949776,0.036251787096261978,0.030920412391424179,0.018740473315119743,0.02582264132797718,0.03032250888645649,0.034221529960632324,0.038161158561706543,0.042546775192022324,0.04743468388915062,0.054463934153318405,4.1401030382463633,2
distill:m4-hourly,H16,Laplace-q-fixed-bandwidth,645,0.011933315835013225,0.027981025562126709,0.006431125241896922,0.014846169562354208,0.020295451407650305,0.024466292163166422,0.028125400461642348,0.031769815870762649,0.035888823512159579,0.041221604751460778,0.049333915923945044,2.4664529528863275,2
distill:m4-hourly,H16,TimesFM-zero-shot,645,0.011933315835013225,0.019777271896600723,0.021150916814804077,0.0019747868645936251,0.008978547528386116,0.013302699662744999,0.016148142516613007,0.023262253031134605,0.026495343074202538,0.031039778143167496,0.038419209420681,3.4706432907866374,2
distill:m4-hourly,H16,TimesFM-laplace-qd,645,0.011933315835013225,0.028328936547040939,0.024011731147766113,0.011489123106002808,0.018405996263027191,0.023071054369211197,0.026953266933560371,0.030630946159362793,0.034667056053876877,0.039557598531246185,0.046413332223892212,2.0645091184106175,2
distill:m4-hourly,H16,Laplace-q-fixed-bandwidth,646,-0.019162262978164257,0.0083467150515484125,-0.013369127304318908,-0.0049696572027066645,0.00052273884926249531,0.0047608336592975271,0.0084898029644690474,0.012204061114296692,0.016390791187892134,0.021769389058212858,0.029869889952860398,1.6298765240095481,2
distill:m4-hourly,H16,TimesFM-zero-shot,646,-0.019162262978164257,0.0023015998303890228,0.0033819389063864946,-0.016580631956458092,-0.009012242779135704,-0.0046163946390151978,-0.0017648208886384964,0.0056832707487046719,0.0091062970459461212,0.013650328852236271,0.02046404592692852,0.55098640538792609,2
distill:m4-hourly,H16,TimesFM-laplace-qd,646,-0.019162262978164257,0.0086016543209552765,0.0034805519971996546,-0.0080915428698062897,-0.00109903234988451,0.0033663623034954071,0.0070571196265518665,0.010676500387489796,0.014809629879891872,0.01957380399107933,0.026085436344146729,-1.5878364850693736,2
distill:m4-hourly,H16,Laplace-q-fixed-bandwidth,647,-0.019536640908278002,-0.010880915475163754,-0.033529209539911398,-0.024925699880943446,-0.019203167048530714,-0.014713917058082808,-0.010736761801974328,-0.0067745763684556384,-0.002336580506391473,0.0032746461805101008,0.011577340488082987,3.0214108616947675,2
distill:m4-hourly,H16,TimesFM-zero-shot,647,-0.019536640908278002,-0.021449815481901169,-0.02094196155667305,-0.043466787785291672,-0.035179141908884048,-0.029686920344829559,-0.025870868936181068,-0.017542803660035133,-0.013884084299206734,-0.0091616939753293991,-0.0014459986705332994,2.852493898599314,2
distill:m4-hourly,H16,TimesFM-laplace-qd,647,-0.019536640908278002,-0.0095310015603899956,-0.014524513855576515,-0.026371527463197708,-0.019772505387663841,-0.015082165598869324,-0.011332456022500992,-0.0076154759153723717,-0.0035850226413458586,0.00057596387341618538,0.0070070656947791576,3.8317257976838031,2
distill:m4-hourly,H16,Laplace-q-fixed-bandwidth,648,-0.037052904253881636,-0.033172702544843252,-0.055493941590612689,-0.046974542424401522,-0.041331994028883143,-0.036925281294121634,-0.033028979998653618,-0.029147567740325151,-0.024792091384352778,-0.019261273625192487,-0.011041234410374003,3.2538399538044747,2
distill:m4-hourly,H16,TimesFM-zero-shot,648,-0.037052904253881636,-0.034581094980239868,-0.032886136323213577,-0.05465693399310112,-0.046873077750205994,-0.041745681315660477,-0.038669262081384659,-0.030952379107475281,-0.027527034282684326,-0.023037999868392944,-0.015841707587242126,2.9478257424693224,2
distill:m4-hourly,H16,TimesFM-laplace-qd,648,-0.037052904253881636,-0.03404877707362175,-0.037993121892213821,-0.050025269389152527,-0.043621532618999481,-0.039076104760169983,-0.035446882247924805,-0.031417977064847946,-0.027520805597305298,-0.023255789652466774,-0.016878161579370499,3.1989255361029887,2
distill:m4-hourly,H16,Laplace-q-fixed-bandwidth,649,-0.070227524226272209,-0.038834628515680147,-0.060621229817112661,-0.052199459304207836,-0.046688700279878668,-0.042434392970560043,-0.038690476543463283,-0.034961343674106311,-0.030758627145480999,-0.025362076682284879,-0.017240324911350566,1.3621271188943722,2
distill:m4-hourly,H16,TimesFM-zero-shot,649,-0.070227524226272209,-0.037760421633720398,-0.036040879786014557,-0.058404631912708282,-0.050501536577939987,-0.045185655355453491,-0.041888847947120667,-0.034167319536209106,-0.031139310449361801,-0.026583291590213776,-0.019172500818967819,-1.7240921215732734,2
distill:m4-hourly,H16,TimesFM-laplace-qd,649,-0.070227524226272209,-0.036386307328939438,-0.038774929940700531,-0.051829434931278229,-0.046025160700082779,-0.041645973920822144,-0.038175448775291443,-0.034349475055932999,-0.03111625462770462,-0.02726350724697113,-0.02100956067442894,-5.1642436414897137,2
distill:m4-hourly,H16,Laplace-q-fixed-bandwidth,650,-0.018006026638754058,-0.0064196119547015838,-0.029435900599265964,-0.020708112159121161,-0.014893133547200543,-0.01032388947861039,-0.0062728654147236381,-0.0022370385638185333,0.002280266630472092,0.007982608412295358,0.016405284887425937,2.8304310913113673,2
distill:m4-hourly,H16,TimesFM-zero-shot,650,-0.018006026638754058,-0.038631901144981384,-0.037416592240333557,-0.065031103789806366,-0.054892159998416901,-0.048562474548816681,-0.043939433991909027,-0.034031294286251068,-0.029562424868345261,-0.023633217439055443,-0.014025471173226833,2.2527427272937888,2
distill:m4-hourly,H16,TimesFM-laplace-qd,650,-0.018006026638754058,-0.0037271156907081604,-0.0063605397008359432,-0.024602506309747696,-0.016191288828849792,-0.010497771203517914,-0.0059232017956674099,-0.00074982841033488512,0.0035811045672744513,0.008546777069568634,0.015823138877749443,2.7056602742358646,2
distill:m4-hourly,H16,Laplace-q-fixed-bandwidth,651,-0.032673360935011608,-0.037790459149399783,-0.060623961303192017,-0.051964236118476059,-0.046195246085671132,-0.041662772916528992,-0.037644570952068843,-0.033641459072638893,-0.029160571365321745,-0.023503471279420929,-0.015146683856111797,3.2070861692588366,2
distill:m4-hourly,H16,TimesFM-zero-shot,651,-0.032673360935011608,-0.041204940527677536,-0.040212400257587433,-0.061811961233615875,-0.053732950240373611,-0.048698779195547104,-0.045342706143856049,-0.037398677319288254,-0.033696509897708893,-0.028937842696905136,-0.020885899662971497,2.8073877484248122,2
distill:m4-hourly,H16,TimesFM-laplace-qd,651,-0.032673360935011608,-0.038333628326654434,-0.038213033229112625,-0.053569968789815903,-0.047336351126432419,-0.043120473623275757,-0.039575785398483276,-0.035902079194784164,-0.032411724328994751,-0.027967579662799835,-0.021600604057312012,3.1432567779995502,2
distill:m4-hourly,H16,Laplace-q-fixed-bandwidth,652,-0.074163513823874538,-0.076005282457377921,-0.098329736987232894,-0.089768187799181845,-0.084122260781922448,-0.079732763054623318,-0.075859092594508279,-0.072000467144397187,-0.067663020840246127,-0.062131175707074437,-0.053872500467999365,3.3153126949446223,2
distill:m4-hourly,H16,TimesFM-zero-shot,652,-0.074163513823874538,-0.073045149445533752,-0.07243906706571579,-0.094662167131900787,-0.086419545114040375,-0.081228367984294891,-0.077507205307483673,-0.069070219993591309,-0.065195083618164062,-0.059971120208501816,-0.051167048513889313,2.8141074593684454,2
distill:m4-hourly,H16,TimesFM-laplace-qd,652,-0.074163513823874538,-0.071713894605636597,-0.072818711400032043,-0.087503738701343536,-0.081055901944637299,-0.076872825622558594,-0.073195129632949829,-0.069151163101196289,-0.065490655601024628,-0.061234567314386368,-0.054006084799766541,3.2177574217485523,2
distill:m4-hourly,H16,Laplace-q-fixed-bandwidth,653,-0.10916938452850555,-0.097600173778621332,-0.11931229827728621,-0.11085195867382605,-0.10536000719151078,-0.10114941378730988,-0.097453238613935567,-0.09377193476650876,-0.089613699012271106,-0.084239050690235823,-0.076083543492854455,2.8310271150705839,2
distill:m4-hourly,H16,TimesFM-zero-shot,653,-0.10916938452850555,-0.090205647051334381,-0.089603684842586517,-0.10928642004728317,-0.10194737464189529,-0.097095124423503876,-0.093811243772506714,-0.085916981101036072,-0.082189857959747314,-0.077127575874328613,-0.068719223141670227,1.3677640785175322,2
distill:m4-hourly,H16,TimesFM-laplace-qd,653,-0.10916938452850555,-0.097788870334625244,-0.097292736172676086,-0.11172321438789368,-0.10625117272138596,-0.1020558699965477,-0.098467238247394562,-0.09518645703792572,-0.092053472995758057,-0.088489741086959839,-0.081945553421974182,2.5963065219379327,2
distill:m4-hourly,H16,Laplace-q-fixed-bandwidth,654,-0.063556060862632435,-0.081002288252528643,-0.10257585355595067,-0.094179331558616686,-0.088722185716346713,-0.084534104416095213,-0.080856358409724938,-0.077193385019495242,-0.073057252339832651,-0.067716296790469727,-0.059622060469512642,2.3988139851854338,2
distill:m4-hourly,H16,TimesFM-zero-shot,654,-0.063556060862632435,-0.088073596358299255,-0.087678104639053345,-0.10997281223535538,-0.10149653255939484,-0.096198014914989471,-0.092536091804504395,-0.083151727914810181,-0.078958623111248016,-0.072986871004104614,-0.063581250607967377,2.0240579802041294,2
distill:m4-hourly,H16,TimesFM-laplace-qd,654,-0.063556060862632435,-0.087017089128494263,-0.084028221666812897,-0.10227394849061966,-0.096083387732505798,-0.091879643499851227,-0.088470771908760071,-0.084647201001644135,-0.081472672522068024,-0.077631935477256775,-0.07167527824640274,1.5867037393145225,2
distill:m4-hourly,H16,Laplace-q-fixed-bandwidth,655,-0.057049688642776708,-0.059512600640452329,-0.08130401239975335,-0.072911211641855461,-0.067398770407175956,-0.063129596682764327,-0.059367913363304346,-0.055621023583800555,-0.05140328005890691,-0.046004159005238326,-0.037910068270054512,3.3330061000672897,2
distill:m4-hourly,H16,TimesFM-zero-shot,655,-0.057049688642776708,-0.052069012075662613,-0.05107535794377327,-0.076003357768058777,-0.067042931914329529,-0.061254430562257767,-0.056739788502454758,-0.046973060816526413,-0.042457990348339081,-0.03621206060051918,-0.026395440101623535,2.7054076230385129,2
distill:m4-hourly,H16,TimesFM-laplace-qd,655,-0.057049688642776708,-0.058315649628639221,-0.055496647953987122,-0.074976131319999695,-0.068217769265174866,-0.063662633299827576,-0.059641558676958084,-0.055611293762922287,-0.052158359438180923,-0.047865565866231918,-0.041405010968446732,3.191957287066395,2
distill:m4-hourly,H16,Laplace-q-fixed-bandwidth,656,-0.027779564107075494,-0.044036832975866719,-0.065227331608800496,-0.056934034154299387,-0.051574963814574187,-0.047480996359848149,-0.043891463913461479,-0.040316505398606539,-0.036274101665518116,-0.031031416813036811,-0.023039078100874445,2.4844221592191915,2
distill:m4-hourly,H16,TimesFM-zero-shot,656,-0.027779564107075494,-0.042477093636989594,-0.042068272829055786,-0.067027635872364044,-0.057890526950359344,-0.051969781517982483,-0.047109372913837433,-0.037255808711051941,-0.032744593918323517,-0.026468761265277863,-0.017118914052844048,2.516602320982515,2
distill:m4-hourly,H16,TimesFM-laplace-qd,656,-0.027779564107075494,-0.045377355068922043,-0.041068200021982193,-0.063918106257915497,-0.057071257382631302,-0.052161261439323425,-0.047370798885822296,-0.043482095003128052,-0.040060460567474365,-0.035494554787874222,-0.028165314346551895,2.1697301080649187,2
distill:m4-hourly,H16,Laplace-q-fixed-bandwidth,657,-0.032722755990867824,-0.02898697606928257,-0.050340453342326855,-0.042063502196890368,-0.036661250407642579,-0.032500898926122228,-0.02884290105481813,-0.025199512091925187,-0.021090304274448753,-0.015801751702498004,-0.0078218150691420733,3.3087452477798616,2
distill:m4-hourly,H16,TimesFM-zero-shot,657,-0.032722755990867824,-0.021361730992794037,-0.022614479064941406,-0.045663625001907349,-0.03637530654668808,-0.0304714385420084,-0.026144420728087425,-0.01663789339363575,-0.012301970273256302,-0.0062216897495090961,0.0027294822502881289,2.9908070659586934,2
distill:m4-hourly,H16,TimesFM-laplace-qd,657,-0.032722755990867824,-0.028141284361481667,-0.022610792890191078,-0.045682184398174286,-0.038962598890066147,-0.034167788922786713,-0.030011409893631935,-0.026973893865942955,-0.023381046950817108,-0.019014613702893257,-0.012301082722842693,3.3323389491023216,2
distill:m4-hourly,H16,Laplace-q-fixed-bandwidth,658,0,-0.011180608388752299,-0.03197902068930436,-0.023799097453784425,-0.018541039034918355,-0.014539920331426405,-0.011036101483031188,-0.0075466297048770248,-0.0035965400809042326,0.0015453313257570748,0.0094261510666230289,2.9049471432512726,2
distill:m4-hourly,H16,TimesFM-zero-shot,658,0,-0.004265280906111002,-0.0051550827920436859,-0.025621943175792694,-0.017568681389093399,-0.012312216684222221,-0.0082884952425956726,-0.00026065134443342686,0.0032752580009400845,0.0086352638900279999,0.016915477812290192,2.8498471932401266,2
distill:m4-hourly,H16,TimesFM-laplace-qd,658,0,-0.010502735152840614,-0.0042836614884436131,-0.027564290910959244,-0.02141227014362812,-0.017085164785385132,-0.012957854196429253,-0.0098908077925443649,-0.0067998534068465233,-0.0028477406594902277,0.0032911887392401695,2.6992097920138316,2
distill:m4-hourly,H16,Laplace-q-fixed-bandwidth,659,0.0367388256457577,0.033560894919371816,0.012924593696186041,0.021038551819183987,0.026255753400833526,0.030226723241532111,0.033704456757896399,0.037167947567374647,0.041088275639837114,0.046190213991899882,0.054007406148521293,3.3846308980110389,2
distill:m4-hourly,H16,TimesFM-zero-shot,659,0.0367388256457577,0.02553420327603817,0.024094374850392342,0.002769451355561614,0.011458374559879303,0.016930073499679565,0.021117823198437691,0.029838697984814644,0.033660236746072769,0.039147131145000458,0.046832513064146042,2.7179189405800281,2
distill:m4-hourly,H16,TimesFM-laplace-qd,659,0.0367388256457577,0.034432563930749893,0.038518480956554413,0.017131863161921501,0.023709844797849655,0.028308257460594177,0.032366752624511719,0.035794436931610107,0.039399623870849609,0.043947193771600723,0.050585310906171799,3.1890411132440426,2
distill:m4-hourly,H16,Laplace-q-fixed-bandwidth,660,0.038333931918063335,0.019000969382617413,-0.0010256052689910622,0.0069865737612817419,0.012037285691131931,0.015832719240059016,0.019145048897638038,0.022443548917708063,0.026188942762879967,0.031121897204316462,0.038833245248764803,2.1738240135142286,2
distill:m4-hourly,H16,TimesFM-zero-shot,660,0.038333931918063335,0.030677499249577522,0.029628949239850044,0.010803829878568649,0.018178071826696396,0.023210221901535988,0.026914952322840691,0.034669395536184311,0.037897955626249313,0.042276568710803986,0.049599666148424149,2.9207335609333391,2
distill:m4-hourly,H16,TimesFM-laplace-qd,660,0.038333931918063335,0.018802441656589508,0.023604521527886391,0.0022311436478048563,0.0081133563071489334,0.012655912898480892,0.016486562788486481,0.019440187141299248,0.022864785045385361,0.026611872017383575,0.03317556157708168,1.8091418060033106,2
distill:m4-hourly,H16,Laplace-q-fixed-bandwidth,661,0.056247252045702467,0.070875965597568938,0.05038157435787978,0.058438275349273941,0.063619943919554042,0.06756436407046594,0.071018993508704956,0.074459459525268917,0.07835352433135305,0.083420611457317204,0.091182412117048861,2.5646744455944317,2
distill:m4-hourly,H16,TimesFM-zero-shot,661,0.056247252045702467,0.064958229660987854,0.063942067325115204,0.046254802495241165,0.053375527262687683,0.058291114866733551,0.061427291482686996,0.068416953086853027,0.07112458348274231,0.074966728687286377,0.081650033593177795,3.2022910270947906,2
distill:m4-hourly,H16,TimesFM-laplace-qd,661,0.056247252045702467,0.069528833031654358,0.071127966046333313,0.055482205003499985,0.060716025531291962,0.064505241811275482,0.067511118948459625,0.070211037993431091,0.073014065623283386,0.07575572282075882,0.080883383750915527,1.5195506621959525,2
distill:m4-hourly,H16,Laplace-q-fixed-bandwidth,662,0.089742375500861726,0.092523222808296085,0.071906173314985264,0.079939117747534552,0.085154895273158185,0.089154059880454217,0.092664964358197696,0.096161665745384151,0.10011081646344329,0.10521448323367773,0.11295660544017662,3.3746693013448459,2
distill:m4-hourly,H16,TimesFM-zero-shot,662,0.089742375500861726,0.079494275152683258,0.077543474733829498,0.059080176055431366,0.067325986921787262,0.072299666702747345,0.075814180076122284,0.083256877958774567,0.086358517408370972,0.090776838362216949,0.097978867590427399,2.8619891711225618,2
distill:m4-hourly,H16,TimesFM-laplace-qd,662,0.089742375500861726,0.094987712800502777,0.095565102994441986,0.079545468091964722,0.085685223340988159,0.089503772556781769,0.093093201518058777,0.095946989953517914,0.099109344184398651,0.10295500606298447,0.10936051607131958,3.4830457588746921,2
distill:m4-hourly,H16,Laplace-q-fixed-bandwidth,663,0.082347741348753445,0.077571163213514885,0.057533801755648914,0.065469533804126095,0.070531557760848809,0.074363153189771214,0.077713431365434654,0.08104982944677841,0.084831695249919001,0.089778982996689904,0.097420864900984755,3.3546476362468294,2
distill:m4-hourly,H16,TimesFM-zero-shot,663,0.082347741348753445,0.079813793301582336,0.077631242573261261,0.059430945664644241,0.067294254899024963,0.072175644338130951,0.075919710099697113,0.083447262644767761,0.0864085853099823,0.090621225535869598,0.097628258168697357,2.9965804423917328,2
distill:m4-hourly,H16,TimesFM-laplace-qd,663,0.082347741348753445,0.081321612000465393,0.078987292945384979,0.067834615707397461,0.073202230036258698,0.076888516545295715,0.079776979982852936,0.082506380975246429,0.085746116936206818,0.089243300259113312,0.095031842589378357,3.4452551827766724,2
distill:m4-hourly,H16,Laplace-q-fixed-bandwidth,664,0.049411248163603538,0.06553804418382822,0.046043365052267637,0.053880497675192984,0.058792411014529547,0.062471748841405203,0.065680514097611151,0.068875804632325399,0.072506158442892724,0.077301622571570375,0.08484146766549952,2.3902063252918362,2
distill:m4-hourly,H16,TimesFM-zero-shot,664,0.049411248163603538,0.069903858006000519,0.068376578390598297,0.049237992614507675,0.057427842170000076,0.062757514417171478,0.066288627684116364,0.07364220917224884,0.077169366180896759,0.081396579742431641,0.088634081184864044,1.4773384358461767,2
distill:m4-hourly,H16,TimesFM-laplace-qd,664,0.049411248163603538,0.06705252081155777,0.065366722643375397,0.053164873272180557,0.058763504028320312,0.06221732497215271,0.065159521996974945,0.067588701844215393,0.070855565369129181,0.074465841054916382,0.079856537282466888,0.25276816094519916,2
distill:m4-hourly,H16,Laplace-q-fixed-bandwidth,665,0.051256770711073152,0.059679773370689602,0.039880117006628975,0.047725268978751172,0.052727073281114874,0.056511857871652034,0.05982096449220959,0.063116337567121539,0.06685189681449677,0.071740010187127862,0.079294152462177858,3.0946192563970571,2
distill:m4-hourly,H16,TimesFM-zero-shot,665,0.051256770711073152,0.054901082068681717,0.053577009588479996,0.032890398055315018,0.041462887078523636,0.046993482857942581,0.050803646445274353,0.058973032981157303,0.062798693776130676,0.067980416119098663,0.076041713356971741,2.8560704783532391,2
distill:m4-hourly,H16,TimesFM-laplace-qd,665,0.051256770711073152,0.05832463875412941,0.055156651884317398,0.042500030249357224,0.049030579626560211,0.053020097315311432,0.056325823068618774,0.05906151607632637,0.062837906181812286,0.067214123904705048,0.072993412613868713,3.3131358687420995,2
distill:m4-hourly,H16,Laplace-q-fixed-bandwidth,666,0.051397383349010006,0.058203350924605692,0.03868247196522305,0.046450787265554974,0.051378937355771495,0.055096362283898387,0.058343906449165914,0.061577907586912659,0.065246574620304532,0.070061148657850875,0.077539235583230087,3.2231572127884656,2
distill:m4-hourly,H16,TimesFM-zero-shot,666,0.051397383349010006,0.051473833620548248,0.051915392279624939,0.03037206269800663,0.038615159690380096,0.043814390897750854,0.04743647575378418,0.055394783616065979,0.059123590588569641,0.063996084034442902,0.071792110800743103,2.8673677342018817,2
distill:m4-hourly,H16,TimesFM-laplace-qd,666,0.051397383349010006,0.058950737118721008,0.056231148540973663,0.043990671634674072,0.050511747598648071,0.054548658430576324,0.057858087122440338,0.060453616082668304,0.064117193222045898,0.068158313632011414,0.073809035122394562,3.2424056531824474,2
distill:m4-hourly,H16,Laplace-q-fixed-bandwidth,667,0.060740943718041507,0.046720402950683831,0.027582104077059778,0.035264005613793996,0.0400877513560364,0.04370502989805982,0.046860611073285832,0.050002934158120724,0.053572085425573263,0.05828174897968013,0.065672474970606562,2.6266885934163593,2
distill:m4-hourly,H16,TimesFM-zero-shot,667,0.060740943718041507,0.042595598846673965,0.042824070900678635,0.022873751819133759,0.03095925971865654,0.035661805421113968,0.038891147822141647,0.046152222901582718,0.049448195844888687,0.05410052090883255,0.061079662293195724,2.3561118222987254,2
distill:m4-hourly,H16,TimesFM-laplace-qd,667,0.060740943718041507,0.041473295539617538,0.039033610373735428,0.026765326038002968,0.033072877675294876,0.037258431315422058,0.040708266198635101,0.043445300310850143,0.047234110534191132,0.051646135747432709,0.058020669966936111,2.0748023726342946,2
distill:m4-hourly,H16,Laplace-q-fixed-bandwidth,668,0.032949899660214221,0.029609753099331084,0.01034392682886871,0.01800183238332579,0.022866510292737303,0.026539284777549989,0.029748665779911102,0.032944664283460316,0.036569312390697301,0.041322118106719763,0.048694085052650563,3.4492049205511255,2
distill:m4-hourly,H16,TimesFM-zero-shot,668,0.032949899660214221,0.034365512430667877,0.034598205238580704,0.012931043282151222,0.021049708127975464,0.026329785585403442,0.030111409723758698,0.038515567779541016,0.042473603039979935,0.047750499099493027,0.055668540298938751,2.8098598823233889,2
distill:m4-hourly,H16,TimesFM-laplace-qd,668,0.032949899660214221,0.02533433586359024,0.020663551986217499,0.0089282747358083725,0.015583911910653114,0.019738081842660904,0.023426339030265808,0.027192670851945877,0.031394314020872116,0.036748513579368591,0.043291710317134857,2.9390318107250177,2
distill:m4-hourly,H16,Laplace-q-fixed-bandwidth,669,0.020790769669074116,0.01772613865592635,-0.00095214645465909213,0.0066044349773806011,0.011303527928919572,0.014809787717162877,0.01786541013121911,0.020908124932050839,0.024367187799706442,0.028952525067670126,0.03621838053414507,3.4993648326924731,2
distill:m4-hourly,H16,TimesFM-zero-shot,669,0.020790769669074116,0.016804199665784836,0.018231634050607681,-0.002091085072606802,0.0053941863588988781,0.0099893771111965179,0.01300823874771595,0.020555229857563972,0.023938795551657677,0.028680907562375069,0.03595077246427536,2.913695851866172,2
distill:m4-hourly,H16,TimesFM-laplace-qd,669,0.020790769669074116,0.012379633262753487,0.0080401189625263214,-0.0023177186958491802,0.0039545237086713314,0.0078537473455071449,0.011189023032784462,0.014585990458726883,0.018489675596356392,0.023358898237347603,0.029274899512529373,2.9783269771452976,2
distill:m4-hourly,H16,Laplace-q-fixed-bandwidth,670,0.0070299059282579179,-0.0098292299389622136,-0.027883762569660967,-0.020440502158379104,-0.015925239332878868,-0.012590992965848383,-0.0096897384368232024,-0.0068007950232497685,-0.0035122603204017821,0.00088824681441285929,0.0080340868038352858,2.2992248270264919,2
distill:m4-hourly,H16,TimesFM-zero-shot,670,0.0070299059282579179,0.0002887409646064043,0.00055608269758522511,-0.018988225609064102,-0.01111874170601368,-0.0066503831185400486,-0.0035434667952358723,0.0037623359821736813,0.007282676175236702,0.012049000710248947,0.018808981403708458,2.9020062360164065,2
distill:m4-hourly,H16,TimesFM-laplace-qd,670,0.0070299059282579179,-0.012868111953139305,-0.017169589176774025,-0.027116028591990471,-0.020642183721065521,-0.016989713534712791,-0.013850666582584381,-0.010709404945373535,-0.0068466649390757084,-0.0017200666479766369,0.0042760372161865234,2.1185926811542615,2
distill:m4-hourly,H16,Laplace-q-fixed-bandwidth,671,-0.01056347850956918,-0.017830207309139354,-0.036324046417597823,-0.028841369274084747,-0.024188657187506402,-0.02071715870881282,-0.017691809075951338,-0.014679256177745414,-0.011254550991663618,-0.0067146549111122573,0.00047977344056026255,3.2536984886685127,2
distill:m4-hourly,H16,TimesFM-zero-shot,671,-0.01056347850956918,-0.011005357839167118,-0.010542153380811214,-0.031788066029548645,-0.023729242384433746,-0.018516536802053452,-0.014934145845472813,-0.0074033215641975403,-0.0038280272856354713,0.00088118482381105423,0.0080599784851074219,2.9144608252958473,2
distill:m4-hourly,H16,TimesFM-laplace-qd,671,-0.01056347850956918,-0.01939275860786438,-0.024480044841766357,-0.034797456115484238,-0.028010394424200058,-0.023791920393705368,-0.020466379821300507,-0.017322424799203873,-0.013442528434097767,-0.0087499730288982391,-0.0027144900523126125,2.9642238392412628,2
distill:m4-hourly,H16,Laplace-q-fixed-bandwidth,672,-0.040330473252065069,-0.037070226299149515,-0.055202920214491351,-0.04780695686857931,-0.043255604987330727,-0.03987560789343652,-0.036932317850489872,-0.034001516821527557,-0.030667501520780141,-0.026228955094855663,-0.019122453842754752,3.5019833405288727,2
distill:m4-hourly,H16,TimesFM-zero-shot,672,-0.040330473252065069,-0.032282758504152298,-0.031593784689903259,-0.052636060863733292,-0.044682737439870834,-0.03959197923541069,-0.036209333688020706,-0.028620129451155663,-0.025241130962967873,-0.020585851743817329,-0.013680389150977135,3.2015532958445365,2
distill:m4-hourly,H16,TimesFM-laplace-qd,672,-0.040330473252065069,-0.036849368363618851,-0.041526641696691513,-0.050286021083593369,-0.044502131640911102,-0.040517233312129974,-0.037207856774330139,-0.03429725393652916,-0.030891498550772667,-0.026756212115287781,-0.020854935050010681,3.3439324057557318,2
distill:m4-hourly,H16,Laplace-q-fixed-bandwidth,673,-0.048452383385946263,-0.060313365082030425,-0.077853255542298272,-0.070572105995360707,-0.066197449888082349,-0.062977083879401347,-0.060175428380933725,-0.057385671185229192,-0.054209705673700564,-0.049948222221642136,-0.04296308821861821,2.7954335114508311,2
distill:m4-hourly,H16,TimesFM-zero-shot,673,-0.048452383385946263,-0.04694719985127449,-0.045909907668828964,-0.066271379590034485,-0.058804284781217575,-0.054015062749385834,-0.050786592066287994,-0.043360304087400436,-0.040233172476291656,-0.03550880029797554,-0.028343468904495239,2.9603635536139343,2
distill:m4-hourly,H16,TimesFM-laplace-qd,673,-0.048452383385946263,-0.063357904553413391,-0.066616833209991455,-0.076613709330558777,-0.071188226342201233,-0.067176863551139832,-0.064094528555870056,-0.061289709061384201,-0.058468181639909744,-0.054991148412227631,-0.049313358962535858,2.3634662199255141,2
distill:m4-hourly,H16,Laplace-q-fixed-bandwidth,674,-0.073562567177017257,-0.015388321396236242,-0.032992104458174465,-0.025741337632229758,-0.021337357780073743,-0.018083390058977605,-0.015251590529236034,-0.012431831797565617,-0.0092225386189876083,-0.0049305241191783915,0.0020303450245111052,-2.7824447365605409,2
distill:m4-hourly,H16,TimesFM-zero-shot,674,-0.073562567177017257,-0.030458474531769753,-0.029297642409801483,-0.048321884125471115,-0.041355285793542862,-0.037190705537796021,-0.034063421189785004,-0.027081232517957687,-0.024127820506691933,-0.019304577261209488,-0.012258886359632015,-5.969795013343985,2
distill:m4-hourly,H16,TimesFM-laplace-qd,674,-0.073562567177017257,-0.021782785654067993,-0.024929294362664223,-0.035663023591041565,-0.029497003182768822,-0.025852486491203308,-0.022896714508533478,-0.019863016903400421,-0.016837460920214653,-0.012862871401011944,-0.007754327729344368,-19.062642013711059,2
distill:m4-hourly,H16,Laplace-q-fixed-bandwidth,675,-0.018914749543004206,-0.03551436420945208,-0.05784429410531515,-0.048876308054082794,-0.043218861051243625,-0.038965340455366558,-0.035257003871797525,-0.031568960998667475,-0.027388625519576007,-0.021902209493537203,-0.013373129587563738,2.4687723600424829,2
distill:m4-hourly,H16,TimesFM-zero-shot,675,-0.018914749543004206,-0.06102297455072403,-0.06037752702832222,-0.087961763143539429,-0.077575124800205231,-0.071114517748355865,-0.0662531778216362,-0.055614568293094635,-0.050644390285015106,-0.043771486729383469,-0.034097693860530853,1.0508530070093576,2
distill:m4-hourly,H16,TimesFM-laplace-qd,675,-0.018914749543004206,-0.036864418536424637,-0.037716247141361237,-0.056904856115579605,-0.048869762569665909,-0.043769042938947678,-0.039147589355707169,-0.033997897058725357,-0.030118795111775398,-0.025035843253135681,-0.017991103231906891,2.3469926792491469,2
distill:m4-hourly,H16,Laplace-q-fixed-bandwidth,676,-0.12969958396309345,-0.078523622550735181,-0.10100290555633848,-0.092062739187169548,-0.086360104395764081,-0.08204140870718582,-0.078268620065421055,-0.074516262807724984,-0.070270531003290601,-0.064735280169138779,-0.056226486386482366,-0.22837031276272327,2
distill:m4-hourly,H16,TimesFM-zero-shot,676,-0.12969958396309345,-0.069113008677959442,-0.068812184035778046,-0.096760213375091553,-0.08650728315114975,-0.079838231205940247,-0.07480805367231369,-0.063762202858924866,-0.058602228760719299,-0.051406003534793854,-0.040804866701364517,-4.6800361440686791,2
distill:m4-hourly,H16,TimesFM-laplace-qd,676,-0.12969958396309345,-0.076657824218273163,-0.078726962208747864,-0.093410328030586243,-0.086639411747455597,-0.082241684198379517,-0.078225798904895782,-0.07343418151140213,-0.069859966635704041,-0.064961515367031097,-0.057400070130825043,-10.200926562287568,2
distill:m4-hourly,H16,Laplace-q-fixed-bandwidth,677,-0.12141280370696261,-0.10456162355336653,-0.13028878633518337,-0.12024291652722932,-0.11369583139109886,-0.10864215364037126,-0.10420215825738087,-0.099790543363366194,-0.09483550569192814,-0.088505926498392826,-0.079039770894531472,2.4389285411480701,2
distill:m4-hourly,H16,TimesFM-zero-shot,677,-0.12141280370696261,-0.10863184928894043,-0.10937771946191788,-0.1422840803861618,-0.12946073710918427,-0.12117181718349457,-0.11485239118337631,-0.10210411995649338,-0.096166037023067474,-0.087923847138881683,-0.076243504881858826,2.5998733486569865,2
distill:m4-hourly,H16,TimesFM-laplace-qd,677,-0.12141280370696261,-0.10370253026485443,-0.10312520712614059,-0.12733498215675354,-0.11795282363891602,-0.11179099977016449,-0.10649967193603516,-0.10065557062625885,-0.096301324665546417,-0.090512380003929138,-0.082077823579311371,2.3533015070749235,2
distill:m4-hourly,H16,Laplace-q-fixed-bandwidth,678,-0.09931820120186341,-0.06940951801732731,-0.095187762456790975,-0.085183081202326122,-0.078625697576979181,-0.073535634968563773,-0.069053183227864384,-0.064598929082860385,-0.059606229483919422,-0.053262071707581814,-0.043830982531296518,1.616847805172259,2
distill:m4-hourly,H16,TimesFM-zero-shot,678,-0.09931820120186341,-0.08690837025642395,-0.087457045912742615,-0.11818064749240875,-0.10606271773576736,-0.098373569548130035,-0.092565514147281647,-0.080764368176460266,-0.075124859809875488,-0.067636400461196899,-0.057041436433792114,2.6945843317187985,2
distill:m4-hourly,H16,TimesFM-laplace-qd,678,-0.09931820120186341,-0.078446909785270691,-0.076131097972393036,-0.099027283489704132,-0.090748518705368042,-0.085019595921039581,-0.080136321485042572,-0.074681594967842102,-0.070108190178871155,-0.064731627702713013,-0.056554690003395081,0.986006369172165,2
distill:m4-hourly,H16,Laplace-q-fixed-bandwidth,679,-0.056804117999218917,-0.060418462499807757,-0.08709521544173357,-0.076899000960381061,-0.070126114114787849,-0.064790591270993028,-0.060059711849923744,-0.055357146318196257,-0.050117847435370344,-0.043553325763434514,-0.033933553441746062,3.1074115645442157,2
distill:m4-hourly,H16,TimesFM-zero-shot,679,-0.056804117999218917,-0.066658884286880493,-0.067939862608909607,-0.10091614723205566,-0.08785712718963623,-0.079358085989952087,-0.072848543524742126,-0.060838289558887482,-0.055162452161312103,-0.047584917396306992,-0.036891061812639236,2.4518008012363017,2
distill:m4-hourly,H16,TimesFM-laplace-qd,679,-0.056804117999218917,-0.053767573088407516,-0.051017411053180695,-0.076819136738777161,-0.06769406795501709,-0.06177946925163269,-0.056476693600416183,-0.051451459527015686,-0.046838570386171341,-0.041066486388444901,-0.033009275794029236,2.9166712675279514,2
distill:m4-hourly,H16,Laplace-q-fixed-bandwidth,680,-0.032400242325421047,-0.034590723369989286,-0.060628567458865322,-0.050551050604190267,-0.043928870897774433,-0.038775643745331025,-0.034232671855148077,-0.029718052222182191,-0.024662435255578673,-0.018253425580616801,-0.0087515146563079595,3.1607288092379826,2
distill:m4-hourly,H16,TimesFM-zero-shot,680,-0.032400242325421047,-0.040475130081176758,-0.040581855922937393,-0.068664513528347015,-0.057961501181125641,-0.050849117338657379,-0.045577980577945709,-0.035058122128248215,-0.030119944363832474,-0.023659475147724152,-0.014136379584670067,2.5889173047744727,2
distill:m4-hourly,H16,TimesFM-laplace-qd,680,-0.032400242325421047,-0.030209552496671677,-0.026511285454034805,-0.050821103155612946,-0.043199822306632996,-0.037417083978652954,-0.032321471720933914,-0.027806589379906654,-0.023343082517385483,-0.018181290477514267,-0.0098351631313562393,2.9835135115468301,2
distill:m4-hourly,H16,Laplace-q-fixed-bandwidth,681,-0.0221984697891493,-0.03320610184579062,-0.058551013357045822,-0.048590454523022894,-0.042138750966113442,-0.037187995913306598,-0.032848343809187538,-0.028536801346572736,-0.0236844651874209,-0.017451704920628378,-0.0080686800551376531,2.8884433409450656,2
distill:m4-hourly,H16,TimesFM-zero-shot,681,-0.0221984697891493,-0.022893156856298447,-0.024212252348661423,-0.048838093876838684,-0.038881599903106689,-0.032385148108005524,-0.027647394686937332,-0.018148321658372879,-0.013718948699533939,-0.0076912576332688332,0.001226300373673439,2.6816598785722778,2
distill:m4-hourly,H16,TimesFM-laplace-qd,681,-0.0221984697891493,-0.029966467991471291,-0.025508398190140724,-0.05031200498342514,-0.042471811175346375,-0.037000365555286407,-0.032201409339904785,-0.028570713475346565,-0.024297909811139107,-0.019084343686699867,-0.01140930037945509,2.8657570037001947,2
distill:m4-hourly,H16,Laplace-q-fixed-bandwidth,682,0.0044792908040465207,-0.0042238720578061401,-0.029202460331163069,-0.019338232401666121,-0.012979844098068061,-0.008121074907508713,-0.003868464220045342,0.0003563573181950903,0.0051173066465247524,0.011256462173134054,0.020545832122066711,3.0189599708036696,2
distill:m4-hourly,H16,TimesFM-zero-shot,682,0.0044792908040465207,0.0013517062179744244,-0.00088689476251602173,-0.022207304835319519,-0.013591264374554157,-0.0075549189932644367,-0.0030708597041666508,0.0056958533823490143,0.0095592755824327469,0.014892397448420525,0.023426275700330734,2.7939926271841324,2
distill:m4-hourly,H16,TimesFM-laplace-qd,682,0.0044792908040465207,-0.0022222411353141069,0.00097900629043579102,-0.021154677495360374,-0.014623358845710754,-0.0095295310020446777,-0.0051727532409131527,-0.0012628822587430477,0.0026830108836293221,0.0072478260844945908,0.014119831845164299,2.947193896297124,2
distill:m4-hourly,H16,Laplace-q-fixed-bandwidth,683,0.037285020538982749,0.0318081526756415,0.0073226845431456945,0.01708156123345235,0.023311998541786262,0.028036888483751625,0.03216184122967107,0.036259451572676279,0.040887134074022752,0.046896326247336764,0.056080278798137984,3.1730557332956195,2
distill:m4-hourly,H16,TimesFM-zero-shot,683,0.037285020538982749,0.030789569020271301,0.029370609670877457,0.0078111961483955383,0.016671769320964813,0.022239862009882927,0.026497397571802139,0.035025343298912048,0.038659065961837769,0.044033408164978027,0.051830079406499863,2.8194781424043205,2
distill:m4-hourly,H16,TimesFM-laplace-qd,683,0.037285020538982749,0.039957098662853241,0.042295664548873901,0.021931637078523636,0.028356857597827911,0.033089663833379745,0.037852492183446884,0.041410952806472778,0.045261833816766739,0.049935735762119293,0.056402560323476791,3.1196938555824794,2
distill:m4-hourly,H16,Laplace-q-fixed-bandwidth,684,0.058532902358250816,0.026144739717814402,0.0023195920212209257,0.011962723182898956,0.018014621104242845,0.022550689709068983,0.026497576870049735,0.03041785362370094,0.034857823302553534,0.040684563719187897,0.049747546538366133,1.3910359678691928,2
distill:m4-hourly,H16,TimesFM-zero-shot,684,0.058532902358250816,0.033135410398244858,0.031501065939664841,0.0089371064677834511,0.01820094883441925,0.024233158677816391,0.028741471469402313,0.037768594920635223,0.041630934923887253,0.046904299408197403,0.055026128888130188,1.9526342017528262,2
distill:m4-hourly,H16,TimesFM-laplace-qd,684,0.058532902358250816,0.028949655592441559,0.031622976064682007,0.010253984481096268,0.017324108630418777,0.022238712757825851,0.026511698961257935,0.030292283743619919,0.034797307103872299,0.039799287915229797,0.047073423862457275,1.2770127729939209,2
distill:m4-hourly,H16,Laplace-q-fixed-bandwidth,685,0.053372349927138352,0.057997672157975647,0.032948659367895344,0.042844149848393145,0.04922077700843365,0.054091554311179318,0.058354123142321287,0.06258884220333466,0.067361531224881449,0.073518162025173334,0.082837618762456794,3.1376662155906714,2
distill:m4-hourly,H16,TimesFM-zero-shot,685,0.053372349927138352,0.071298323571681976,0.070413954555988312,0.047925397753715515,0.056797254830598831,0.062695160508155823,0.066952832043170929,0.075707674026489258,0.079373516142368317,0.084510341286659241,0.092695385217666626,2.4177025209561016,2
distill:m4-hourly,H16,TimesFM-laplace-qd,685,0.053372349927138352,0.066159665584564209,0.066964983940124512,0.047857735306024551,0.054753217846155167,0.059531871229410172,0.063948005437850952,0.067405983805656433,0.071268096566200256,0.075308255851268768,0.081529982388019562,2.8411007932941343,2
distill:m4-hourly,H16,Laplace-q-fixed-bandwidth,686,0.054320469176002639,0.088045120550305209,0.063637493615760543,0.073418980354465257,0.079627020977384,0.08431417735890756,0.088400709098395563,0.0924599814203029,0.09704965284631803,0.10303355810955478,0.11223545329206709,1.3100849718061771,2
distill:m4-hourly,H16,TimesFM-zero-shot,686,0.054320469176002639,0.084232807159423828,0.083125293254852295,0.061569705605506897,0.070449024438858032,0.075959406793117523,0.080060474574565887,0.088476806879043579,0.092135585844516754,0.097204223275184631,0.10530733317136765,-0.33139332675695421,2
distill:m4-hourly,H16,TimesFM-laplace-qd,686,0.054320469176002639,0.089424557983875275,0.08984692394733429,0.074891291558742523,0.080589503049850464,0.084127932786941528,0.087750256061553955,0.09082195907831192,0.094306215643882751,0.098601639270782471,0.10552781820297241,-5.2672510498316347,2
distill:m4-hourly,H16,Laplace-q-fixed-bandwidth,687,0.060999906635207601,0.080365545209403075,0.054604300490641286,0.064690817913882037,0.071248789806485274,0.076296590489162319,0.080726565471860162,0.085128112842147385,0.090076745570970701,0.09641518569093524,0.10592104009644374,2.2664505974837077,2
distill:m4-hourly,H16,TimesFM-zero-shot,687,0.060999906635207601,0.069710716605186462,0.067959465086460114,0.047730211168527603,0.056397449225187302,0.061554379761219025,0.06569257378578186,0.073717400431632996,0.076947137713432312,0.082124613225460052,0.089597687125205994,3.0079685677302219,2
distill:m4-hourly,H16,TimesFM-laplace-qd,687,0.060999906635207601,0.083448037505149841,0.082845099270343781,0.069963954389095306,0.075559347867965698,0.078700415790081024,0.081879787147045135,0.084574602544307709,0.087722413241863251,0.091903805732727051,0.09762168675661087,-1.9029991096019743,2
distill:m4-hourly,H16,Laplace-q-fixed-bandwidth,688,0.062338418294169529,0.05632926224105643,0.030355839997078436,0.040431122060187466,0.047039643577645784,0.052169664965441336,0.056687424149062499,0.06117685505013884,0.066209052985033906,0.072603421823671535,0.082104438443962799,3.0885616419936586,2
distill:m4-hourly,H16,TimesFM-zero-shot,688,0.062338418294169529,0.059066984802484512,0.057463459670543671,0.036291301250457764,0.045599993318319321,0.05118262767791748,0.055157013237476349,0.063239693641662598,0.066994242370128632,0.071971692144870758,0.079850301146507263,2.8685218445662657,2
distill:m4-hourly,H16,TimesFM-laplace-qd,688,0.062338418294169529,0.060163266956806183,0.059967882931232452,0.043061580508947372,0.049921359866857529,0.054173838347196579,0.058074116706848145,0.061814151704311371,0.065633468329906464,0.07014773041009903,0.077264934778213501,3.17048487959336,2
distill:m4-hourly,H16,Laplace-q-fixed-bandwidth,689,0.064739951292346554,0.055363888806000149,0.029998097795215277,0.039960159265702268,0.046418036078966669,0.051375178827825968,0.055721129055360204,0.06003902823197705,0.064897978100999842,0.07113751116912842,0.080524708444681958,2.9751409471935579,2
distill:m4-hourly,H16,TimesFM-zero-shot,689,0.064739951292346554,0.055780913680791855,0.054683074355125427,0.038248322904109955,0.045711357146501541,0.050058674067258835,0.0528252013027668,0.058885160833597183,0.061857551336288452,0.066115543246269226,0.073021881282329559,2.9365365061331312,2
distill:m4-hourly,H16,TimesFM-laplace-qd,689,0.064739951292346554,0.055763646960258484,0.055726736783981323,0.041580729186534882,0.047556422650814056,0.050998765975236893,0.054077256470918655,0.056924022734165192,0.06047874316573143,0.065141849219799042,0.071978360414505005,2.8100901801739555,2
distill:m4-hourly,H16,Laplace-q-fixed-bandwidth,690,0.060802320617435512,0.054206276980497368,0.0293020534913392,0.039160476039648659,0.04550033366844998,0.050334074326976008,0.054561654525749903,0.058761558539732944,0.063497576460438729,0.069617448824971909,0.078901992354750414,3.1148260471877185,2
distill:m4-hourly,H16,TimesFM-zero-shot,690,0.060802320617435512,0.060921985656023026,0.060905903577804565,0.042154349386692047,0.050103820860385895,0.054903700947761536,0.057762004435062408,0.064106464385986328,0.066952258348464966,0.070978626608848572,0.077869139611721039,3.1127695035703726,2
distill:m4-hourly,H16,TimesFM-laplace-qd,690,0.060802320617435512,0.055230077356100082,0.053536660969257355,0.040580939501523972,0.046836700290441513,0.050877198576927185,0.054029829800128937,0.056928645819425583,0.060579936951398849,0.064592897891998291,0.071083776652812958,3.185581687690318,2
distill:m4-hourly,H16,Laplace-q-fixed-bandwidth,691,0.054628168163315394,0.054807827234121337,0.030511023684855872,0.040257039992844357,0.046436485667800925,0.051098371393910713,0.055162120423093791,0.059198781789322669,0.063763675203904399,0.069719621904542547,0.078888743759552085,3.2687568889434999,2
distill:m4-hourly,H16,TimesFM-zero-shot,691,0.054628168163315394,0.055760160088539124,0.055259287357330322,0.037590675055980682,0.045444916933774948,0.049872398376464844,0.052543800324201584,0.058848153799772263,0.06165694072842598,0.065697111189365387,0.07219117134809494,3.132949688140144,2
distill:m4-hourly,H16,TimesFM-laplace-qd,691,0.054628168163315394,0.054589353501796722,0.053981591016054153,0.040770512074232101,0.046931564807891846,0.050512488931417465,0.05377153679728508,0.056490350514650345,0.060460295528173447,0.065067127346992493,0.071790494024753571,3.3484953013165848,2
distill:m4-hourly,H16,Laplace-q-fixed-bandwidth,692,0.045387599335629858,0.033132544623192713,0.0096256631473652376,0.019246389615110545,0.025204975466305814,0.029636919743893642,0.033486604991878999,0.037310210239817301,0.041646948168979056,0.047377182213646632,0.056410922390843513,2.8222437702169598,2
distill:m4-hourly,H16,TimesFM-zero-shot,692,0.045387599335629858,0.037984494119882584,0.036331575363874435,0.016776029020547867,0.025471251457929611,0.03072521835565567,0.034067213535308838,0.041466943919658661,0.044719409197568893,0.049305390566587448,0.056439492851495743,2.9320083451148609,2
distill:m4-hourly,H16,TimesFM-laplace-qd,692,0.045387599335629858,0.033931415528059006,0.029248513281345367,0.018030265346169472,0.024814613163471222,0.028649281710386276,0.032144892960786819,0.035248685628175735,0.039273642003536224,0.044441595673561096,0.050968281924724579,2.663666106632633,2
distill:m4-hourly,H16,Laplace-q-fixed-bandwidth,693,0.023515541790994021,0.021525528571605675,-0.0017446219560046708,0.0077898188506899946,0.013686726151307317,0.018069806052038319,0.02187662901581456,0.025657662224188457,0.029946500483883857,0.035616805840399841,0.044568607293855846,3.3236105324706644,2
distill:m4-hourly,H16,TimesFM-zero-shot,693,0.023515541790994021,0.026400569826364517,0.026154682040214539,0.0073057310655713081,0.015262844040989876,0.020026439800858498,0.022851826623082161,0.029634734615683556,0.032552324235439301,0.036707904189825058,0.043385408818721771,3.0840238958277366,2
distill:m4-hourly,H16,TimesFM-laplace-qd,693,0.023515541790994021,0.018894229084253311,0.013759016990661621,0.0031996581237763166,0.01001917477697134,0.014188917353749275,0.017584200948476791,0.02099006250500679,0.025023633614182472,0.029700960963964462,0.035896237939596176,3.1758987858259866,2
distill:m4-hourly,H16,Laplace-q-fixed-bandwidth,694,-0.003145645877919101,0.0036705959238603003,-0.018775362755040697,-0.0093813895434629417,-0.0037286469014543942,0.0004224554054191663,0.0040210724448466991,0.0075952032127768682,0.011655268259120926,0.017078979168063172,0.025875875129092712,3.1399740315672156,2
distill:m4-hourly,H16,TimesFM-zero-shot,694,-0.003145645877919101,0.0055209221318364143,0.0051748007535934448,-0.015566456131637096,-0.0066733164712786674,-0.0016290291678160429,0.0015777701046317816,0.0087482500821352005,0.01215726975351572,0.01656290702521801,0.023255566135048866,3.1421948188912685,2
distill:m4-hourly,H16,TimesFM-laplace-qd,694,-0.003145645877919101,-0.0036117818672209978,-0.0095042316243052483,-0.020674692466855049,-0.013369892723858356,-0.0088837211951613426,-0.0051502035930752754,-0.0011421723756939173,0.003219695296138525,0.0082610975950956345,0.014777785167098045,3.185318699389347,2
distill:m4-hourly,H16,Laplace-q-fixed-bandwidth,695,-0.064412505133372377,-0.013125482157152896,-0.035014105873699686,-0.025748109562443472,-0.020260406492535285,-0.016251483202964101,-0.012777186551178857,-0.0093264776932857115,-0.0054059460263046252,-0.00014616294714506019,0.008516294260455139,-0.25217437104457752,2
distill:m4-hourly,H16,TimesFM-zero-shot,695,-0.064412505133372377,-0.01631757989525795,-0.01692098006606102,-0.040585674345493317,-0.030879739671945572,-0.024725489318370819,-0.020583786070346832,-0.012449673376977444,-0.0089966235682368279,-0.0042875367216765881,0.0031644187401980162,-5.0096592418240604,2
distill:m4-hourly,H16,TimesFM-laplace-qd,695,-0.064412505133372377,-0.015403150580823421,-0.021361984312534332,-0.032085917890071869,-0.024630177766084671,-0.02012353390455246,-0.016497235745191574,-0.012918852269649506,-0.008506125770509243,-0.0036367941647768021,0.0028872878756374121,-11.474084914393684,2
distill:m4-hourly,H16,Laplace-q-fixed-bandwidth,696,-0.061675240727555369,-0.039566168316219674,-0.06489131658300798,-0.054465084128239818,-0.04802575341448187,-0.043244986408886063,-0.039099629385679971,-0.03498768758572933,-0.030328823163176248,-0.02418125957548424,-0.014508695635670277,2.0146372602186307,2
distill:m4-hourly,H16,TimesFM-zero-shot,696,-0.061675240727555369,-0.062701448798179626,-0.063214778900146484,-0.10268468409776688,-0.087006106972694397,-0.076949432492256165,-0.069804273545742035,-0.056157376617193222,-0.049913816154003143,-0.041897665709257126,-0.030306665226817131,2.3287056656037257,2
distill:m4-hourly,H16,TimesFM-laplace-qd,696,-0.061675240727555369,-0.039188150316476822,-0.043841198086738586,-0.060496974736452103,-0.051458228379487991,-0.045771390199661255,-0.040839407593011856,-0.03598964586853981,-0.030919084325432777,-0.025232404470443726,-0.016988910734653473,1.4260493904829734,2
distill:m4-hourly,H16,Laplace-q-fixed-bandwidth,697,-0.037135683193229241,-0.049773886866726409,-0.075620666791286026,-0.065162156394968598,-0.058572214233215972,-0.05361904265343477,-0.049310866728564426,-0.045036910869398386,-0.040206529107004646,-0.033900607773104302,-0.024178368486177743,2.7927890926618746,2
distill:m4-hourly,H16,TimesFM-zero-shot,697,-0.037135683193229241,-0.064947508275508881,-0.065069466829299927,-0.095463454723358154,-0.083187922835350037,-0.075625427067279816,-0.07029230147600174,-0.059817280620336533,-0.055179651826620102,-0.048858489841222763,-0.039677836000919342,1.9246171293820677,2
distill:m4-hourly,H16,TimesFM-laplace-qd,697,-0.037135683193229241,-0.063367351889610291,-0.066220857203006744,-0.08340175449848175,-0.074712634086608887,-0.069215185940265656,-0.064703196287155151,-0.059491779655218124,-0.05478745698928833,-0.049281038343906403,-0.041242621839046478,1.8392984368859437,2
distill:m4-hourly,H16,Laplace-q-fixed-bandwidth,698,-0.011189971293543266,-0.049780841115423281,-0.075314515594228193,-0.064953009264741041,-0.058445280921462464,-0.053564438147199044,-0.049321607306512277,-0.04511255051967035,-0.040353258153169688,-0.03412828520240957,-0.024498699387991769,1.0826229725436389,2
distill:m4-hourly,H16,TimesFM-zero-shot,698,-0.011189971293543266,-0.036208156496286392,-0.036065924912691116,-0.065165333449840546,-0.053850144147872925,-0.046673379838466644,-0.041494626551866531,-0.031381312757730484,-0.026954928413033485,-0.020948557183146477,-0.012002050876617432,2.0549652528977402,2
distill:m4-hourly,H16,TimesFM-laplace-qd,698,-0.011189971293543266,-0.046209502965211868,-0.048779807984828949,-0.065394923090934753,-0.05708935484290123,-0.051889799535274506,-0.047814533114433289,-0.043124798685312271,-0.039372865110635757,-0.035003583878278732,-0.028874056413769722,0.48137547156177196,2
distill:m4-hourly,H7,Laplace-q-fixed-bandwidth,635,-0.0047180941459519232,-0.018527510007521748,-0.031639454352157509,-0.025602438903513568,-0.022384085424608159,-0.020040571960919559,-0.017995351814762486,-0.015973486349412293,-0.01371906596384535,-0.010756941518217562,-0.0055927278027888749,2.4393434687700752,2
distill:m4-hourly,H7,TimesFM-zero-shot,635,-0.0047180941459519232,-0.009638708084821701,-0.010991420596837997,-0.025947341695427895,-0.019581208005547523,-0.015432195737957954,-0.01262936182320118,-0.0060128280892968178,-0.0031983042135834694,0.0010372516699135303,0.0077010174281895161,3.0639849495870468,2
distill:m4-hourly,H7,TimesFM-laplace-qd,635,-0.0047180941459519232,-0.017904788255691528,-0.015105642378330231,-0.030836613848805428,-0.025703934952616692,-0.022340830415487289,-0.01934015192091465,-0.016509253531694412,-0.013675365597009659,-0.0098966602236032486,-0.0046135690063238144,2.5061612900020416,2
distill:m4-hourly,H7,Laplace-q-fixed-bandwidth,636,0.017002646732548143,-0.0049853598021850345,-0.0186462791930068,-0.012448977185593388,-0.0090564162693472887,-0.0065949716017754123,-0.004454864010652048,-0.0023399492849469996,2.5574198358690312e-05,0.0031478492630681444,0.0085032236243458154,1.5180710095932963,2
distill:m4-hourly,H7,TimesFM-zero-shot,636,0.017002646732548143,0.014937803149223328,0.013643680140376091,0.00086650718003511429,0.0065565160475671291,0.010102696716785431,0.012513531371951103,0.017652900889515877,0.020119059830904007,0.023606084287166595,0.029136920347809792,3.2927042623656408,2
distill:m4-hourly,H7,TimesFM-laplace-qd,636,0.017002646732548143,-0.0015484881587326527,0.00072407210245728493,-0.013529663905501366,-0.0091758798807859421,-0.0058568660169839859,-0.0029304665513336658,-0.00047874683514237404,0.0023256591521203518,0.0057518850080668926,0.010668948292732239,1.8388454628997382,2
distill:m4-hourly,H7,Laplace-q-fixed-bandwidth,637,0.036178755753292435,0.0059216506612936072,-0.0089153273401706909,-0.002389778531863708,0.0013658182655817473,0.0040964479251451311,0.0064610399465906713,0.008796756318998851,0.01141855306567495,0.014883043475962723,0.020606794788084137,0.6303668845784165,2
distill:m4-hourly,H7,TimesFM-zero-shot,637,0.036178755753292435,0.028845928609371185,0.027527377009391785,0.018143031746149063,0.022636590525507927,0.025602208450436592,0.027167122811079025,0.031037069857120514,0.032468784600496292,0.034814372658729553,0.038643371313810349,3.3175620320847305,2
distill:m4-hourly,H7,TimesFM-laplace-qd,637,0.036178755753292435,0.0059129851870238781,0.0078480839729309082,-0.0068223513662815094,-0.0021366975270211697,0.0015586758963763714,0.0042947754263877869,0.00706128915771842,0.0097896009683609009,0.013123629614710808,0.017855623736977577,-0.20842714865292866,2
distill:m4-hourly,H7,Laplace-q-fixed-bandwidth,638,0.055397754498983431,0.014130012166392734,-0.0024314392236699824,0.004572027624344859,0.0088165884350864046,0.011944574160661997,0.014654414301806907,0.01733395454052733,0.020349972712073141,0.02431523149431267,0.030604626406262578,-0.59842726850321304,2
distill:m4-hourly,H7,TimesFM-zero-shot,638,0.055397754498983431,0.040291503071784973,0.03955477848649025,0.033365927636623383,0.03642350435256958,0.038505960255861282,0.039210740476846695,0.04172215610742569,0.042706392705440521,0.044319268316030502,0.047760039567947388,1.4537046277460719,2
distill:m4-hourly,H7,TimesFM-laplace-qd,638,0.055397754498983431,0.014195972122251987,0.01537767332047224,0.001841753488406539,0.0062021929770708084,0.0096710165962576866,0.012288645841181278,0.014780950732529163,0.017652077600359917,0.020994840189814568,0.026240626350045204,-2.4018101372334311,2
distill:m4-hourly,H7,Laplace-q-fixed-bandwidth,639,0.061392079370188313,0.040364610126669434,0.021221220760238357,0.029019885421022837,0.033948933931191999,0.037656440186610018,0.04088315101484942,0.044078139878588454,0.047671539357359849,0.052334450194344073,0.059464223558113968,2.0559945688575554,2
distill:m4-hourly,H7,TimesFM-zero-shot,639,0.061392079370188313,0.058620244264602661,0.057741347700357437,0.049700081348419189,0.053309932351112366,0.055916067212820053,0.057184819132089615,0.060106195509433746,0.061095573008060455,0.062904872000217438,0.066714324057102203,3.8915820570946487,2
distill:m4-hourly,H7,TimesFM-laplace-qd,639,0.061392079370188313,0.040066760033369064,0.040129508823156357,0.025629490613937378,0.030851999297738075,0.034973088651895523,0.038191083818674088,0.041666854172945023,0.044677570462226868,0.048342298716306686,0.054612711071968079,1.6695699027770226,2
distill:m4-hourly,H7,Laplace-q-fixed-bandwidth,640,0.064058691125280731,0.054675885737766911,0.034972007019409848,0.042843450154450125,0.047925394860826559,0.051803775970978114,0.055193819370810138,0.058551249334618791,0.062314528945421846,0.067137257566379893,0.074352274175753824,3.1021688605463655,2
distill:m4-hourly,H7,TimesFM-zero-shot,640,0.064058691125280731,0.059218328446149826,0.057863984256982803,0.050696931779384613,0.054286066442728043,0.056515049189329147,0.057741966098546982,0.060541491955518723,0.06139804795384407,0.063203312456607819,0.066368252038955688,3.6237735013405068,2
distill:m4-hourly,H7,TimesFM-laplace-qd,640,0.064058691125280731,0.05476432666182518,0.053155664354562759,0.043198235332965851,0.04756198450922966,0.050728838890790939,0.053239297121763229,0.055466979742050171,0.058054976165294647,0.061247866600751877,0.066266603767871857,2.8201603800263384,2
distill:m4-hourly,H7,Laplace-q-fixed-bandwidth,641,0.048621461735635307,0.048555117030137089,0.029132577256452657,0.036927492029510171,0.041935753493800791,0.045744188473637488,0.04906923801197987,0.052362063523058423,0.056056231229654883,0.060805109121697488,0.067945217427968829,3.4742432137495602,2
distill:m4-hourly,H7,TimesFM-zero-shot,641,0.048621461735635307,0.05423380434513092,0.052224874496459961,0.043488591909408569,0.047931548207998276,0.050811778753995895,0.05247565358877182,0.056125067174434662,0.057392440736293793,0.059514027088880539,0.063637122511863708,3.5707246778269228,2
distill:m4-hourly,H7,TimesFM-laplace-qd,641,0.048621461735635307,0.051361769437789917,0.048052705824375153,0.039338033646345139,0.043831020593643188,0.047150794416666031,0.049662906676530838,0.052531462162733078,0.054938767105340958,0.058030206710100174,0.063044436275959015,3.5629065639292108,2
distill:m4-hourly,H7,Laplace-q-fixed-bandwidth,642,0.048987110465922967,0.045470232387310211,0.026669994315966221,0.034364333091385271,0.039201657509123349,0.042828705750245832,0.045982935983932487,0.049105956716010105,0.052620259884405954,0.057192194675173474,0.064219823410911425,3.4802566986958396,2
distill:m4-hourly,H7,TimesFM-zero-shot,642,0.048987110465922967,0.041123796254396439,0.039222206920385361,0.030080385506153107,0.034827154129743576,0.037696726620197296,0.039165358990430832,0.042890772223472595,0.044308401644229889,0.046531520783901215,0.050541307777166367,3.1518740361905171,2
distill:m4-hourly,H7,TimesFM-laplace-qd,642,0.048987110465922967,0.044452082365751266,0.040394194424152374,0.032705381512641907,0.037839554250240326,0.040774412453174591,0.042879458516836166,0.045018583536148071,0.047426752746105194,0.050432026386260986,0.054366022348403931,3.4528156794077907,2
distill:m4-hourly,H7,Laplace-q-fixed-bandwidth,643,0.041641496431235936,0.03930419626156835,0.021115955236132189,0.02870259451127527,0.033363229392808086,0.036817685459540228,0.039814876980520747,0.042782131256494799,0.046126712491180097,0.050518649509196656,0.057424205728587779,3.5576010386750783,2
distill:m4-hourly,H7,TimesFM-zero-shot,643,0.041641496431235936,0.042635336518287659,0.041718252003192902,0.030528847128152847,0.035746611654758453,0.038805268704891205,0.04058559238910675,0.044681794941425323,0.046220742166042328,0.048781033605337143,0.052895978093147278,3.5822430869683597,2
distill:m4-hourly,H7,TimesFM-laplace-qd,643,0.041641496431235936,0.040999449789524078,0.037017922848463058,0.029131025075912476,0.034254875034093857,0.037564624100923538,0.04014042392373085,0.042240384966135025,0.044512219727039337,0.047464121133089066,0.051687005907297134,3.7341663626338208,2
distill:m4-hourly,H7,Laplace-q-fixed-bandwidth,644,0.031679569067328828,0.038996724328422924,0.02148608940855028,0.028946425315973173,0.033402396330494633,0.036671639484735355,0.03950518821621915,0.042310426023380657,0.045474208644606925,0.049660860851487444,0.056419729617265491,3.1777827942292598,2
distill:m4-hourly,H7,TimesFM-zero-shot,644,0.031679569067328828,0.036977045238018036,0.036595486104488373,0.023841328918933868,0.029425134882330894,0.032720021903514862,0.034676268696784973,0.039125639945268631,0.04090316966176033,0.043573666363954544,0.047745153307914734,3.5684378920728177,2
distill:m4-hourly,H7,TimesFM-laplace-qd,644,0.031679569067328828,0.036991424858570099,0.033255714923143387,0.024756575003266335,0.030029110610485077,0.033636067062616348,0.036211200058460236,0.038443934172391891,0.041157420724630356,0.044256556779146194,0.048666242510080338,3.431285268829412,2
distill:m4-hourly,H7,Laplace-q-fixed-bandwidth,645,0.038313613858223405,0.040849133087986329,0.023614238363894244,0.03098958942772137,0.03536745625086981,0.038574003134702495,0.041353255648725232,0.044104757889822481,0.047207657716822837,0.051318434078213092,0.057992223529578495,3.5629318357053155,2
distill:m4-hourly,H7,TimesFM-zero-shot,645,0.038313613858223405,0.034456454217433929,0.034477259963750839,0.020660243928432465,0.026399783790111542,0.029910651966929436,0.032091997563838959,0.037130437791347504,0.039034798741340637,0.041831467300653458,0.046280067414045334,3.4247506866390873,2
distill:m4-hourly,H7,TimesFM-laplace-qd,645,0.038313613858223405,0.040926460176706314,0.037060510367155075,0.029211647808551788,0.034090697765350342,0.037508584558963776,0.040124699473381042,0.042565334588289261,0.045151334255933762,0.048272367566823959,0.052688367664813995,3.5725857511881083,2
distill:m4-hourly,H7,Laplace-q-fixed-bandwidth,646,0.039531736990106481,0.034953452096830318,0.018359247587026215,0.025590097324855288,0.029769814839994475,0.032814122302115258,0.03545431636796257,0.038068382104642126,0.041014158687237352,0.044930765418220442,0.051439848010848783,3.5680208430230214,2
distill:m4-hourly,H7,TimesFM-zero-shot,646,0.039531736990106481,0.032576151192188263,0.032949484884738922,0.020177945494651794,0.025286929681897163,0.028419766575098038,0.030149500817060471,0.03481099009513855,0.036716155707836151,0.039431072771549225,0.04378771036863327,3.2795545209667907,2
distill:m4-hourly,H7,TimesFM-laplace-qd,646,0.039531736990106481,0.03603096678853035,0.031332626938819885,0.024312181398272514,0.029117338359355927,0.032362416386604309,0.034852072596549988,0.037656772881746292,0.040171366184949875,0.043633941560983658,0.048129808157682419,3.49980507973947,2
distill:m4-hourly,H7,Laplace-q-fixed-bandwidth,647,0.030623814906959979,0.02489024171871022,0.0089118996341779888,0.015982915705694541,0.019972207247702458,0.022870251950234653,0.025387147926610985,0.027879465573645536,0.03068422422471798,0.034417192887415599,0.040747891600553074,3.5080428722298436,2
distill:m4-hourly,H7,TimesFM-zero-shot,647,0.030623814906959979,0.029500482603907585,0.030181752517819405,0.017502911388874054,0.022493205964565277,0.025541810318827629,0.026971288025379181,0.031631790101528168,0.032995928078889847,0.035561531782150269,0.039942182600498199,3.559861273344044,2
distill:m4-hourly,H7,TimesFM-laplace-qd,647,0.030623814906959979,0.028193444013595581,0.023792985826730728,0.017163483425974846,0.02155878022313118,0.02479870617389679,0.027016293257474899,0.029762046411633492,0.032107118517160416,0.035375967621803284,0.040220819413661957,3.5890578352178313,2
distill:m4-hourly,H7,Laplace-q-fixed-bandwidth,648,0.019320861609298134,0.018771203489246786,0.0033157134046697657,0.010230359454540264,0.014061363783517491,0.016843469178521593,0.019263517687697108,0.021660238362386008,0.024353507513241127,0.027935796691287852,0.034097958425527826,3.7843454490750119,2
distill:m4-hourly,H7,TimesFM-zero-shot,648,0.019320861609298134,0.023378826677799225,0.023803228512406349,0.010567624121904373,0.015662774443626404,0.019001899287104607,0.02068338543176651,0.025335317477583885,0.026912285014986992,0.029304573312401772,0.033466707915067673,3.6242208403277774,2
distill:m4-hourly,H7,TimesFM-laplace-qd,648,0.019320861609298134,0.024375421926379204,0.018966875970363617,0.012297892943024635,0.017146173864603043,0.020537905395030975,0.022822778671979904,0.025779936462640762,0.028680272400379181,0.032288812100887299,0.037328310310840607,3.5022480594064298,2
distill:m4-hourly,H7,Laplace-q-fixed-bandwidth,649,-0.0035664284395142687,0.0017880397833612675,-0.012877033599892444,-0.0062117451683244623,-0.0026205478023974193,-6.3327022665090083e-06,0.0022754655419557328,0.0045358591735332205,0.0070683097342249717,0.01042495474136549,0.016315913746472628,3.4399886891794447,2
distill:m4-hourly,H7,TimesFM-zero-shot,649,-0.0035664284395142687,0.0077040130272507668,0.0081784734502434731,-0.0061022676527500153,-0.00076608103699982166,0.0030504143796861172,0.0049482202157378197,0.0097218314185738564,0.011446126736700535,0.014148361049592495,0.018503034487366676,2.5565756393185231,2
distill:m4-hourly,H7,TimesFM-laplace-qd,649,-0.0035664284395142687,0.0095569202676415443,0.0039827413856983185,-0.0010190210305154324,0.0031272759661078453,0.006379895843565464,0.0085674235597252846,0.011317013762891293,0.013811429031193256,0.016731487587094307,0.021532695740461349,1.8407566287891897,2
distill:m4-hourly,H7,Laplace-q-fixed-bandwidth,650,-0.022931160307663845,-0.02123569319631444,-0.035506662655326413,-0.028990291709613071,-0.025510234653415856,-0.02297219055542396,-0.020753574932074061,-0.018555544925051751,-0.016096160916016587,-0.012843197004783421,-0.0071023063779605908,3.8018835097236572,2
distill:m4-hourly,H7,TimesFM-zero-shot,650,-0.022931160307663845,-0.021203476935625076,-0.020447757095098495,-0.037525497376918793,-0.031170368194580078,-0.026916217058897018,-0.024331673979759216,-0.01881120353937149,-0.016714863479137421,-0.013355308212339878,-0.0078465482220053673,3.2629724811960488,2
distill:m4-hourly,H7,TimesFM-laplace-qd,650,-0.022931160307663845,-0.016013827174901962,-0.02110208198428154,-0.027738109230995178,-0.023133553564548492,-0.019801065325737,-0.017228737473487854,-0.014119005762040615,-0.011456949636340141,-0.0081439381465315819,-0.0029783654026687145,3.7804576347943959,2
distill:m4-hourly,H7,Laplace-q-fixed-bandwidth,651,-0.03230759368229208,-0.030035592996112085,-0.043580096019716269,-0.037343184975812911,-0.034068843080775547,-0.031666958168843767,-0.029559524305302162,-0.027471093242838189,-0.025141782114426171,-0.02207910418793671,-0.016623995906124109,3.8066251192292349,2
distill:m4-hourly,H7,TimesFM-zero-shot,651,-0.03230759368229208,-0.02548590861260891,-0.02451234869658947,-0.041959706693887711,-0.03548547625541687,-0.031078366562724113,-0.028536036610603333,-0.02282358705997467,-0.020927358418703079,-0.017716698348522186,-0.012476325966417789,3.4328491075674084,2
distill:m4-hourly,H7,TimesFM-laplace-qd,651,-0.03230759368229208,-0.022851938381791115,-0.027056062594056129,-0.03545428067445755,-0.030441245064139366,-0.02651180699467659,-0.023746451362967491,-0.020681018009781837,-0.018292276188731194,-0.015318841673433781,-0.010324683971703053,3.724990408998039,2
distill:m4-hourly,H7,Laplace-q-fixed-bandwidth,652,-0.023374793802132032,-0.016430664791855787,-0.02929852315079496,-0.023349427927497425,-0.020256727299066302,-0.017972591679645038,-0.015961220448606837,-0.013967490234062106,-0.011750601859554378,-0.0088547318857339734,-0.0036821856464816166,3.22471718578044,2
distill:m4-hourly,H7,TimesFM-zero-shot,652,-0.023374793802132032,-0.024385171011090279,-0.023439617827534676,-0.04020962119102478,-0.034079935401678085,-0.029818877577781677,-0.02751433290541172,-0.02163597010076046,-0.0194237120449543,-0.016122004017233849,-0.010506251826882362,3.2547410627157376,2
distill:m4-hourly,H7,TimesFM-laplace-qd,652,-0.023374793802132032,-0.017350679263472557,-0.020337997004389763,-0.029733128845691681,-0.024731867015361786,-0.021100400015711784,-0.018613532185554504,-0.015238117426633835,-0.012670594267547131,-0.0096100801602005959,-0.0047768503427505493,3.3663563975736159,2
distill:m4-hourly,H7,Laplace-q-fixed-bandwidth,653,-0.058893484846279875,-0.042508314877379494,-0.05527337036726554,-0.049373686320727153,-0.046304643848273999,-0.044038689540105466,-0.042043683785199709,-0.040066217592879261,-0.037867126215660643,-0.034993734279862382,-0.029863061155325749,1.9574952269060406,2
distill:m4-hourly,H7,TimesFM-zero-shot,653,-0.058893484846279875,-0.039241086691617966,-0.038141347467899323,-0.055031768977642059,-0.049011707305908203,-0.044896561652421951,-0.042548608034849167,-0.036219507455825806,-0.033875759690999985,-0.03031574934720993,-0.024481756612658501,0.24061977115558525,2
distill:m4-hourly,H7,TimesFM-laplace-qd,653,-0.058893484846279875,-0.039817247539758682,-0.042392011731863022,-0.052076991647481918,-0.046950001269578934,-0.043268132954835892,-0.040782719850540161,-0.03737509623169899,-0.034892953932285309,-0.031450871378183365,-0.026210717856884003,-0.58707794450151241,2
distill:m4-hourly,H7,Laplace-q-fixed-bandwidth,654,-0.10116413202060137,-0.083964378022467118,-0.097764547340563501,-0.091455957151969747,-0.088094981958204338,-0.085641601448717741,-0.083495782333691648,-0.081369860121344895,-0.078992501254796704,-0.075851336040555606,-0.070301701552066109,1.9403946250407875,2
distill:m4-hourly,H7,TimesFM-zero-shot,654,-0.10116413202060137,-0.084676511585712433,-0.08289540559053421,-0.10155554860830307,-0.095157086849212646,-0.090694472193717957,-0.088062718510627747,-0.081004388630390167,-0.078013911843299866,-0.073588117957115173,-0.066085211932659149,1.4149748635506179,2
distill:m4-hourly,H7,TimesFM-laplace-qd,654,-0.10116413202060137,-0.082276880741119385,-0.082692801952362061,-0.095135003328323364,-0.090044043958187103,-0.086247846484184265,-0.083472549915313721,-0.079437710344791412,-0.076497577130794525,-0.072759509086608887,-0.066524185240268707,-0.32317399400948243,2
distill:m4-hourly,H7,Laplace-q-fixed-bandwidth,655,-0.095218386404205546,-0.089636133087902026,-0.10441335944502936,-0.097798105598505519,-0.094137552409139374,-0.091478388720096226,-0.089164685199619814,-0.086873387327517121,-0.08429955116802329,-0.08087818981658676,-0.074989754523111546,3.4116001087044987,2
distill:m4-hourly,H7,TimesFM-zero-shot,655,-0.095218386404205546,-0.090500876307487488,-0.088902361690998077,-0.10949184745550156,-0.1021609902381897,-0.097246192395687103,-0.094163738191127777,-0.086115702986717224,-0.082528427243232727,-0.077577255666255951,-0.069951899349689484,3.0500994948872799,2
distill:m4-hourly,H7,TimesFM-laplace-qd,655,-0.095218386404205546,-0.089052408933639526,-0.087569937109947205,-0.10373819619417191,-0.097926229238510132,-0.093745008111000061,-0.090511269867420197,-0.08619515597820282,-0.083110667765140533,-0.079319871962070465,-0.073566943407058716,3.5021960184747982,2
distill:m4-hourly,H7,Laplace-q-fixed-bandwidth,656,-0.070523412006991748,-0.069338780717430742,-0.083767539196779262,-0.077272874170992073,-0.073713119641696273,-0.071125741978870616,-0.068872048203272113,-0.06664000143005816,-0.064135168238649398,-0.060808845998038874,-0.055043829531411334,3.8143189153518873,2
distill:m4-hourly,H7,TimesFM-zero-shot,656,-0.070523412006991748,-0.063863411545753479,-0.062535539269447327,-0.080035395920276642,-0.073767222464084625,-0.0695696622133255,-0.066915199160575867,-0.060519583523273468,-0.057513654232025146,-0.052939854562282562,-0.045746937394142151,3.5024950561449071,2
distill:m4-hourly,H7,TimesFM-laplace-qd,656,-0.070523412006991748,-0.066095538437366486,-0.063480935990810394,-0.079382181167602539,-0.074204646050930023,-0.070367015898227692,-0.067374810576438904,-0.064158335328102112,-0.061590813100337982,-0.058048836886882782,-0.052682310342788696,3.6719781341948718,2
distill:m4-hourly,H7,Laplace-q-fixed-bandwidth,657,-0.041777115215035465,-0.03288450965254254,-0.046596601200319415,-0.040342721439240309,-0.036996456145023282,-0.034555905085184094,-0.032422789578128053,-0.030309620212677142,-0.02794526379644835,-0.024818647543392414,-0.01931068723532936,2.9428898791592948,2
distill:m4-hourly,H7,TimesFM-zero-shot,657,-0.041777115215035465,-0.034214571118354797,-0.033028155565261841,-0.052980650216341019,-0.045926466584205627,-0.04119173064827919,-0.037525761872529984,-0.030364159494638443,-0.027185684069991112,-0.022571640089154243,-0.01546949241310358,3.3010205844275258,2
distill:m4-hourly,H7,TimesFM-laplace-qd,657,-0.041777115215035465,-0.031284436583518982,-0.028029846027493477,-0.045164097100496292,-0.039726924151182175,-0.035738099366426468,-0.032347332686185837,-0.02932310663163662,-0.026802888140082359,-0.023312976583838463,-0.018251320347189903,2.3678105437034502,2
distill:m4-hourly,H7,Laplace-q-fixed-bandwidth,658,-0.035613577495579918,-0.032531632136123423,-0.046348363710948325,-0.040077424787936647,-0.036691496146054318,-0.034225884420357018,-0.032073836883067905,-0.029942156390236729,-0.0275543082390814,-0.024391046972102148,-0.018851753630067247,3.7206627583875971,2
distill:m4-hourly,H7,TimesFM-zero-shot,658,-0.035613577495579918,-0.028308171778917313,-0.027521010488271713,-0.043795857578516006,-0.037696484476327896,-0.033622648566961288,-0.030848205089569092,-0.025089690461754799,-0.02253386564552784,-0.018614567816257477,-0.012422896921634674,3.4883047369112141,2
distill:m4-hourly,H7,TimesFM-laplace-qd,658,-0.035613577495579918,-0.031494323164224625,-0.027302518486976624,-0.044909123331308365,-0.039902281016111374,-0.035859033465385437,-0.032517652958631516,-0.030051752924919128,-0.027545753866434097,-0.023981787264347076,-0.018448488786816597,3.7329478244440164,2
distill:m4-hourly,H7,Laplace-q-fixed-bandwidth,659,-0.015929816802065844,-0.0097824582529816573,-0.023023223669179808,-0.016962754880025022,-0.013742954740891301,-0.011389700433963177,-0.0093299258274275321,-0.0072892281345292055,-0.0050088470614505342,-0.0020000915621016732,0.0033214267826771633,3.3526820633898993,2
distill:m4-hourly,H7,TimesFM-zero-shot,659,-0.015929816802065844,-0.0071387598291039467,-0.0073156105354428291,-0.019654404371976852,-0.014612938277423382,-0.011251458898186684,-0.0092156911268830299,-0.0046616536565124989,-0.0028651005122810602,0.0002266706433147192,0.005235377699136734,3.2220626720113201,2
distill:m4-hourly,H7,TimesFM-laplace-qd,659,-0.015929816802065844,-0.0056411847472190857,-0.0012004317250102758,-0.018403036519885063,-0.013903355225920677,-0.01008232869207859,-0.0070707350969314575,-0.0046236105263233185,-0.0022358037531375885,0.0010604641865938902,0.0061868568882346153,2.1066596885171198,2
distill:m4-hourly,H7,Laplace-q-fixed-bandwidth,660,0.016583782784723056,0.011551374081778277,-0.0014767558034729572,0.0044929260762146487,0.0076571835397044015,0.0099719107276212207,0.011999086830050501,0.014007551165019727,0.016250813969704715,0.019207827436051018,0.024443757943520744,3.6846064314360025,2
distill:m4-hourly,H7,TimesFM-zero-shot,660,0.016583782784723056,0.013411466032266617,0.013155577704310417,0.0036683804355561733,0.0078436993062496185,0.010612087324261665,0.012101985514163971,0.015486175194382668,0.016660949215292931,0.019301099702715874,0.023357681930065155,3.7015022381733793,2
distill:m4-hourly,H7,TimesFM-laplace-qd,660,0.016583782784723056,0.013684142380952835,0.017625799402594566,0.0026814681477844715,0.0067511363886296749,0.0099879372864961624,0.012671180069446564,0.01446213386952877,0.016391780227422714,0.019501097500324249,0.023665158078074455,3.6211996248453637,2
distill:m4-hourly,H7,Laplace-q-fixed-bandwidth,661,0.031964800276842453,0.029342579831265658,0.016795830253358984,0.02257065051790319,0.025602656678085582,0.027829676570766328,0.029784776083500698,0.031722156985400152,0.033881548077651868,0.03671644243242464,0.041758597127364128,3.9365325113310075,2
distill:m4-hourly,H7,TimesFM-zero-shot,661,0.031964800276842453,0.032751850783824921,0.032758481800556183,0.024871928617358208,0.028178032487630844,0.030577788129448891,0.03172026202082634,0.034488026052713394,0.035262942314147949,0.037111759185791016,0.040563717484474182,4.0076030091903982,2
distill:m4-hourly,H7,TimesFM-laplace-qd,661,0.031964800276842453,0.028281433507800102,0.031641062349081039,0.018846247345209122,0.02219102531671524,0.025229759514331818,0.027492569759488106,0.028709458187222481,0.030497370287775993,0.033223018050193787,0.037191271781921387,3.5756562187072984,2
distill:m4-hourly,H7,Laplace-q-fixed-bandwidth,662,0.053560193486045904,0.044918078591148963,0.033048485661225369,0.038531858033988925,0.041383323879904815,0.043493756790592572,0.045353860940221077,0.047197614170116059,0.049245781855522502,0.051915212680722564,0.056672735241283523,3.1391508225786913,2
distill:m4-hourly,H7,TimesFM-zero-shot,662,0.053560193486045904,0.042557623237371445,0.04190569743514061,0.035704053938388824,0.038755793124437332,0.040807966142892838,0.04164181649684906,0.044077552855014801,0.044639725238084793,0.045864876359701157,0.048744786530733109,2.0024424427127157,2
distill:m4-hourly,H7,TimesFM-laplace-qd,662,0.053560193486045904,0.040391337126493454,0.042987566441297531,0.030973205342888832,0.034544989466667175,0.037393700331449509,0.039467088878154755,0.040445707738399506,0.042252786457538605,0.04448617622256279,0.047928422689437866,1.9462954542537614,2
distill:m4-hourly,H7,Laplace-q-fixed-bandwidth,663,0.059654226239054253,0.055812823999870718,0.043893522672195165,0.049394977886925262,0.052262965708377421,0.054380614909340763,0.056244845388901607,0.058092516030125496,0.06014705695939089,0.062830652846311313,0.067611930448078644,3.8683158177340724,2
distill:m4-hourly,H7,TimesFM-zero-shot,663,0.059654226239054253,0.0595284104347229,0.058997552841901779,0.053111620247364044,0.055844470858573914,0.057852141559123993,0.058548688888549805,0.060770977288484573,0.060954846441745758,0.061798002570867538,0.064433149993419647,4.4199973115038373,2
distill:m4-hourly,H7,TimesFM-laplace-qd,663,0.059654226239054253,0.055230475962162018,0.055976655334234238,0.047693625092506409,0.050276555120944977,0.052610341459512711,0.054350424557924271,0.05590471625328064,0.057247623801231384,0.059122633188962936,0.062736697494983673,3.5651110346124746,2
distill:m4-hourly,H7,Laplace-q-fixed-bandwidth,664,0.057194784509983165,0.059396174785308321,0.048032537893177608,0.053282022755090433,0.056007226761434839,0.058032876355136077,0.059821847262015525,0.061595315260159947,0.063562024260497535,0.066115043157366382,0.070657260781722353,3.9456429693668067,2
distill:m4-hourly,H7,TimesFM-zero-shot,664,0.057194784509983165,0.059919886291027069,0.058698978275060654,0.052097920328378677,0.055507790297269821,0.057680115103721619,0.058670111000537872,0.061199948191642761,0.061650499701499939,0.062801629304885864,0.065409295260906219,3.9723737480735233,2
distill:m4-hourly,H7,TimesFM-laplace-qd,664,0.057194784509983165,0.062039729207754135,0.061249516904354095,0.054357137531042099,0.05717836320400238,0.059558805078268051,0.061229504644870758,0.062458492815494537,0.064017012715339661,0.066123977303504944,0.069548279047012329,3.8296930687980164,2
distill:m4-hourly,H7,Laplace-q-fixed-bandwidth,665,0.05813845418119179,0.04807298486494864,0.037284608127172242,0.042258243702399306,0.044841735890397652,0.046776858024255012,0.048491769758910883,0.050192216714288994,0.05207251821001066,0.054496386853796,0.058784955383036623,2.8523389600448201,2
distill:m4-hourly,H7,TimesFM-zero-shot,665,0.05813845418119179,0.049692098051309586,0.048685226589441299,0.043767884373664856,0.046592779457569122,0.048324022442102432,0.048861365765333176,0.051054697483778,0.051360294222831726,0.052197869867086411,0.054181400686502457,2.1834864865052346,2
distill:m4-hourly,H7,TimesFM-laplace-qd,665,0.05813845418119179,0.04954192042350769,0.048392109572887421,0.042736932635307312,0.045548457652330399,0.047591738402843475,0.048783008009195328,0.050101418048143387,0.051473207771778107,0.053330950438976288,0.055879112333059311,2.7301343001838254,2
distill:m4-hourly,H7,Laplace-q-fixed-bandwidth,666,0.061846765208731114,0.047115770092607256,0.035998511682762538,0.04113257962457012,0.043798592725429797,0.045781414293507197,0.047532993175416788,0.049269396032689899,0.051194533238442641,0.053692102704117201,0.058132516592381334,2.1653539107832458,2
distill:m4-hourly,H7,TimesFM-zero-shot,666,0.061846765208731114,0.050694894045591354,0.049254078418016434,0.042227514088153839,0.046229608356952667,0.048297751694917679,0.049219805747270584,0.052050847560167313,0.052836865186691284,0.054272543638944626,0.056739930063486099,1.9941922612989667,2
distill:m4-hourly,H7,TimesFM-laplace-qd,666,0.061846765208731114,0.049422483891248703,0.047022368758916855,0.040276028215885162,0.044331595301628113,0.046445038169622421,0.047939445823431015,0.049691528081893921,0.051367815583944321,0.053634732961654663,0.056198898702859879,1.9786315823194673,2
distill:m4-hourly,H7,Laplace-q-fixed-bandwidth,667,0.051589875359443482,0.039968844244072654,0.027992242962543608,0.033498169563744525,0.036394918875069841,0.038522095105818464,0.040389093897320948,0.042239044726520021,0.044301165919075999,0.04700855622956366,0.051815828243564573,2.6564273187006524,2
distill:m4-hourly,H7,TimesFM-zero-shot,667,0.051589875359443482,0.049929283559322357,0.04932597279548645,0.040350370109081268,0.044538315385580063,0.047072239220142365,0.04820815846323967,0.051301587373018265,0.052177317440509796,0.053735222667455673,0.056420035660266876,4.0408408268097782,2
distill:m4-hourly,H7,TimesFM-laplace-qd,667,0.051589875359443482,0.042951714247465134,0.040186289697885513,0.033778820186853409,0.037749763578176498,0.040440700948238373,0.042085636407136917,0.043955918401479721,0.045822467654943466,0.048024047166109085,0.050847128033638,3.0352938954943207,2
distill:m4-hourly,H7,Laplace-q-fixed-bandwidth,668,0.040297260498158849,0.032565461595017643,0.020160672997131854,0.025816864438034735,0.028842464100298802,0.03105187130272067,0.03298404957455419,0.03489805454315837,0.0370380784840268,0.039863711346834689,0.044836342455699972,3.2964344522458848,2
distill:m4-hourly,H7,TimesFM-zero-shot,668,0.040297260498158849,0.04274364560842514,0.042964793741703033,0.032808087766170502,0.037077292799949646,0.039738725870847702,0.040964014828205109,0.044310081750154495,0.045234154909849167,0.04691687598824501,0.049537286162376404,3.8396107698761388,2
distill:m4-hourly,H7,TimesFM-laplace-qd,668,0.040297260498158849,0.036276329308748245,0.033726342022418976,0.027150852605700493,0.031051997095346451,0.03385317325592041,0.035650454461574554,0.037739396095275879,0.039630431681871414,0.042068395763635635,0.04533815011382103,3.7169574182298266,2
distill:m4-hourly,H7,Laplace-q-fixed-bandwidth,669,0.054621160022165327,0.037888038991930911,0.025574095421598751,0.031184364879919744,0.03418971646835918,0.036383945591709335,0.038302495852907403,0.04020295756569045,0.042328133039249816,0.045134680462956545,0.050068725679195,2.0058574779223952,2
distill:m4-hourly,H7,TimesFM-zero-shot,669,0.054621160022165327,0.039376389235258102,0.039362620562314987,0.02991514652967453,0.033799443393945694,0.036141578108072281,0.037430699914693832,0.040981605648994446,0.04191143810749054,0.043833930045366287,0.046652320772409439,1.3113049442210039,2
distill:m4-hourly,H7,TimesFM-laplace-qd,669,0.054621160022165327,0.039235461503267288,0.036991853266954422,0.031111238524317741,0.034633960574865341,0.037083778530359268,0.038629550486803055,0.040485430508852005,0.042375855147838593,0.044961314648389816,0.048117164522409439,1.8325592091423444,2
distill:m4-hourly,H7,Laplace-q-fixed-bandwidth,670,0.043786936791558873,0.035930933449780794,0.022734652240606945,0.028616911119540372,0.031893328426697634,0.034275677309548322,0.036348178178857521,0.038400288848702571,0.040705107641880997,0.04376559030751917,0.049000924905418033,3.2886273120980407,2
distill:m4-hourly,H7,TimesFM-zero-shot,670,0.043786936791558873,0.04449472576379776,0.044487234205007553,0.033165689557790756,0.037892773747444153,0.040417969226837158,0.042083833366632462,0.046421792358160019,0.047654010355472565,0.050331253558397293,0.05362682044506073,3.5805817646024458,2
distill:m4-hourly,H7,TimesFM-laplace-qd,670,0.043786936791558873,0.038853738456964493,0.03484547883272171,0.028110163286328316,0.032640956342220306,0.035355553030967712,0.037730608135461807,0.040498971939086914,0.042732927948236465,0.046221643686294556,0.049853425472974777,3.4542185333620168,2
distill:m4-hourly,H7,Laplace-q-fixed-bandwidth,671,0.032120200795267451,0.027045829101975529,0.013967996637493513,0.019795374879980378,0.023042930918877783,0.02540456619686917,0.027459057623505999,0.029493316646989072,0.031778035658689724,0.034811479547083662,0.039997988182635127,3.6683596460342738,2
distill:m4-hourly,H7,TimesFM-zero-shot,671,0.032120200795267451,0.031963910907506943,0.032769829034805298,0.021737843751907349,0.025959247723221779,0.028444381430745125,0.029657650738954544,0.033758923411369324,0.034862250089645386,0.037184938788414001,0.040448583662509918,3.692312077960668,2
distill:m4-hourly,H7,TimesFM-laplace-qd,671,0.032120200795267451,0.028668887913227081,0.024866217747330666,0.018984472379088402,0.023062374442815781,0.025910506024956703,0.028017729520797729,0.03024555929005146,0.032527506351470947,0.035678401589393616,0.039282239973545074,3.6394717513554946,2
distill:m4-hourly,H7,Laplace-q-fixed-bandwidth,672,0.02048284607982076,0.017090840487942724,0.004424785007759874,0.010118957796847915,0.013244146484951737,0.015518302570473493,0.0174999833372869,0.019462403174675534,0.021663176635983043,0.024581135829511439,0.029626881098683631,3.8622981036161077,2
distill:m4-hourly,H7,TimesFM-zero-shot,672,0.02048284607982076,0.023025982081890106,0.023785270750522614,0.012603307142853737,0.016700100153684616,0.019537106156349182,0.020815696567296982,0.024745244532823563,0.025947187095880508,0.028334934264421463,0.031562976539134979,3.7901026084444656,2
distill:m4-hourly,H7,TimesFM-laplace-qd,672,0.02048284607982076,0.019326392561197281,0.015331719070672989,0.010249985381960869,0.014072814024984837,0.016944888979196548,0.018771868199110031,0.020675402134656906,0.023094743490219116,0.026199985295534134,0.029899332672357559,3.8222494634984336,2
distill:m4-hourly,H7,Laplace-q-fixed-bandwidth,673,-0.0014674091127648836,-0.0035111410742291937,-0.015621952768666549,-0.010116123712257046,-0.0071552429964185987,-0.0049946017467253174,-0.0031064009254184169,-0.0012361430148216804,0.00085602394316027018,0.0036203318929645188,0.0084665892126970753,3.9968565620008141,2
distill:m4-hourly,H7,TimesFM-zero-shot,673,-0.0014674091127648836,0.0047439206391572952,0.0057871723547577858,-0.0057109114713966846,-0.0017073680646717548,0.00094224256463348866,0.0023633015807718039,0.0065598553046584129,0.0079532600939273834,0.010438479483127594,0.014009589329361916,3.8445518083523851,2
distill:m4-hourly,H7,TimesFM-laplace-qd,673,-0.0014674091127648836,0.0016423804918304086,-0.0023188935592770576,-0.0070152119733393192,-0.0033663860522210598,-0.00065156095661222935,0.0011789612472057343,0.0032612606883049011,0.0054134712554514408,0.0082549843937158585,0.012113511562347412,3.7544281324564679,2
distill:m4-hourly,H7,Laplace-q-fixed-bandwidth,674,-0.021893194303888919,-0.025326641880060365,-0.036799201801071629,-0.031534335436261385,-0.028755523667041344,-0.026716103449747321,-0.02492695859817215,-0.023154316249824287,-0.021177859670687901,-0.018581947425597399,-0.01398351529738307,3.9335105344041685,2
distill:m4-hourly,H7,TimesFM-zero-shot,674,-0.021893194303888919,-0.020815743133425713,-0.019767975434660912,-0.031086163595318794,-0.027209773659706116,-0.024616781622171402,-0.023064080625772476,-0.018989801406860352,-0.017631443217396736,-0.014975614845752716,-0.01072377897799015,3.6211994551667233,2
distill:m4-hourly,H7,TimesFM-laplace-qd,674,-0.021893194303888919,-0.021489903330802917,-0.025630127638578415,-0.029662249609827995,-0.026094060391187668,-0.023471418768167496,-0.021441429853439331,-0.019854757934808731,-0.017758959904313087,-0.014773426577448845,-0.010462140664458275,3.9137577716064902,2
distill:m4-hourly,H7,Laplace-q-fixed-bandwidth,675,-0.033310301675275156,-0.031158280614802927,-0.042095535797854938,-0.037055540335456993,-0.034421191585888813,-0.032476082295252021,-0.030764047897218441,-0.029067410620242949,-0.027180958546933011,-0.024717692582440089,-0.020340350933710279,3.9839389165196621,2
distill:m4-hourly,H7,TimesFM-zero-shot,675,-0.033310301675275156,-0.026355493813753128,-0.02511894516646862,-0.037566091865301132,-0.033192422240972519,-0.030130058526992798,-0.028596295043826103,-0.024184871464967728,-0.022835716605186462,-0.019846593961119652,-0.015336097218096256,3.6088597092719072,2
distill:m4-hourly,H7,TimesFM-laplace-qd,675,-0.033310301675275156,-0.030887853354215622,-0.034215494990348816,-0.040408112108707428,-0.036179233342409134,-0.033216480165719986,-0.0311860591173172,-0.02935723215341568,-0.027176614850759506,-0.024118104949593544,-0.019976202398538589,3.750579757377321,2
distill:m4-hourly,H7,Laplace-q-fixed-bandwidth,676,-0.029778979592805399,-0.021664114788640599,-0.032064922779869262,-0.027266923843750197,-0.024770950370593271,-0.022914974034611658,-0.021275783798225756,-0.019650949839895689,-0.01784952829785803,-0.015512687207261344,-0.011365388175297933,2.9530802808706085,2
distill:m4-hourly,H7,TimesFM-zero-shot,676,-0.029778979592805399,-0.026486385613679886,-0.025775311514735222,-0.040760785341262817,-0.035157844424247742,-0.031560271978378296,-0.029453223571181297,-0.023948585614562035,-0.021737627685070038,-0.018282078206539154,-0.013217898085713387,3.3828921704141424,2
distill:m4-hourly,H7,TimesFM-laplace-qd,676,-0.029778979592805399,-0.022122494876384735,-0.02516164630651474,-0.034284777939319611,-0.029085336253046989,-0.025651883333921432,-0.023179756477475166,-0.020599735900759697,-0.018029162660241127,-0.014494886621832848,-0.010248197242617607,4.5397922437732596,2
distill:m4-hourly,H7,Laplace-q-fixed-bandwidth,677,-0.064879643433220835,-0.051660446318562536,-0.062313589550478485,-0.057403686534290926,-0.054839599569367237,-0.052943835359257022,-0.051274153735063735,-0.049619439030074805,-0.047780660874099226,-0.04538278301387115,-0.041123127838859116,2.1970304444952697,2
distill:m4-hourly,H7,TimesFM-zero-shot,677,-0.064879643433220835,-0.047865506261587143,-0.047019727528095245,-0.063224777579307556,-0.057183597236871719,-0.0535854771733284,-0.051152866333723068,-0.045222282409667969,-0.042964547872543335,-0.038929697126150131,-0.033344604074954987,0.87559331052864531,2
distill:m4-hourly,H7,TimesFM-laplace-qd,677,-0.064879643433220835,-0.051977932453155518,-0.054549861699342728,-0.064055748283863068,-0.058683253824710846,-0.055391386151313782,-0.052912965416908264,-0.050198912620544434,-0.048024609684944153,-0.044314377009868622,-0.039729271084070206,1.8567318649464584,2
distill:m4-hourly,H7,Laplace-q-fixed-bandwidth,678,-0.10249617845868642,-0.094741738528973662,-0.10621069062280165,-0.10097728890758359,-0.098183621449695238,-0.096140662736608498,-0.094352659855180501,-0.092581523924464934,-0.09060292983305808,-0.087994956603048291,-0.083404405588081806,3.0656901103635343,2
distill:m4-hourly,H7,TimesFM-zero-shot,678,-0.10249617845868642,-0.093804530799388885,-0.093160443007946014,-0.11221510171890259,-0.10524981468915939,-0.10071693360805511,-0.097344547510147095,-0.090164147317409515,-0.087032660841941833,-0.082287393510341644,-0.074783697724342346,3.3888571056038161,2
distill:m4-hourly,H7,TimesFM-laplace-qd,678,-0.10249617845868642,-0.095316007733345032,-0.09699442982673645,-0.10877048969268799,-0.10318300127983093,-0.099459238350391388,-0.096433721482753754,-0.093045219779014587,-0.090288437902927399,-0.086191095411777496,-0.080063760280609131,3.3459917512487864,2
distill:m4-hourly,H7,Laplace-q-fixed-bandwidth,679,-0.10426350266910411,-0.092267275685881153,-0.10386039431577268,-0.098597339845895082,-0.09576043970047704,-0.09369021351902404,-0.091881326209217407,-0.090089744130649768,-0.08808553641502978,-0.085437807551786538,-0.080805308012057708,2.421252265051332,2
distill:m4-hourly,H7,TimesFM-zero-shot,679,-0.10426350266910411,-0.096609078347682953,-0.096779398620128632,-0.11300399154424667,-0.10653562843799591,-0.10235255211591721,-0.099623642861843109,-0.093261800706386566,-0.090357713401317596,-0.085819602012634277,-0.079216860234737396,3.3953420038789952,2
distill:m4-hourly,H7,TimesFM-laplace-qd,679,-0.10426350266910411,-0.094967268407344818,-0.094827935099601746,-0.10842971503734589,-0.10262744128704071,-0.098867908120155334,-0.096090421080589294,-0.09305158257484436,-0.090363793075084686,-0.086490854620933533,-0.081243470311164856,3.0734465594200731,2
distill:m4-hourly,H7,Laplace-q-fixed-bandwidth,680,-0.075380325975100249,-0.070281266662069075,-0.08244778766445407,-0.077020481500111398,-0.074002571148158114,-0.071806772359371884,-0.069895690522693704,-0.068003511353998042,-0.065879581240268964,-0.063062170633549075,-0.058239735957539118,3.5310902435800102,2
distill:m4-hourly,H7,TimesFM-zero-shot,680,-0.075380325975100249,-0.074203126132488251,-0.074497908353805542,-0.090767249464988708,-0.08432556688785553,-0.080179974436759949,-0.077100299298763275,-0.07091590017080307,-0.067836262285709381,-0.063274376094341278,-0.056329727172851562,3.0834157519543002,2
distill:m4-hourly,H7,TimesFM-laplace-qd,680,-0.075380325975100249,-0.072673246264457703,-0.071123301982879639,-0.086576558649539948,-0.080910585820674896,-0.077021442353725433,-0.07392091304063797,-0.071196131408214569,-0.06849835067987442,-0.064590871334075928,-0.059344392269849777,3.5006802246790465,2
distill:m4-hourly,H7,Laplace-q-fixed-bandwidth,681,-0.056613916223083649,-0.041747057169100377,-0.053681385120562877,-0.048337784025026351,-0.045385500804416626,-0.043236769889248988,-0.041365299990679311,-0.039512244514753145,-0.037433590597340777,-0.034678003658399653,-0.029939107212165278,2.1083807518660427,2
distill:m4-hourly,H7,TimesFM-zero-shot,681,-0.056613916223083649,-0.044461946934461594,-0.044083558022975922,-0.060550011694431305,-0.054125405848026276,-0.050240602344274521,-0.047322295606136322,-0.041284438222646713,-0.038439139723777771,-0.034410234540700912,-0.028739098459482193,2.7258991106301385,2
distill:m4-hourly,H7,TimesFM-laplace-qd,681,-0.056613916223083649,-0.039866477251052856,-0.037226986140012741,-0.052015490829944611,-0.046979162842035294,-0.043619103729724884,-0.040873926132917404,-0.038752879947423935,-0.036378547549247742,-0.033066663891077042,-0.02879616990685463,-1.2046569335624548,2
distill:m4-hourly,H7,Laplace-q-fixed-bandwidth,682,-0.032931328217188138,-0.035837092934636217,-0.048536092562443539,-0.042997449410917411,-0.039803766884037965,-0.037474886160255315,-0.035453325425148487,-0.033452295149602171,-0.031200841110026821,-0.028214760820046515,-0.023250506462907355,3.8829252284467231,2
distill:m4-hourly,H7,TimesFM-zero-shot,682,-0.032931328217188138,-0.040828652679920197,-0.04103483259677887,-0.057575643062591553,-0.05081607773900032,-0.046566002070903778,-0.043558042496442795,-0.03735940158367157,-0.034112930297851562,-0.02977333590388298,-0.023448321968317032,2.9822197769059073,2
distill:m4-hourly,H7,TimesFM-laplace-qd,682,-0.032931328217188138,-0.039005868136882782,-0.035425972193479538,-0.052358213812112808,-0.047173861414194107,-0.043233837932348251,-0.040187560021877289,-0.037749148905277252,-0.035016395151615143,-0.031209610402584076,-0.02596181258559227,3.1979339350765406,2
distill:m4-hourly,H7,Laplace-q-fixed-bandwidth,683,-0.015791814069572752,-0.015540174099897504,-0.027718547662753251,-0.022318093240506164,-0.019285419220601618,-0.017078539309630596,-0.01515945196691958,-0.013259540281885619,-0.011125433710358464,-0.0082937918670232119,-0.0034843006557959658,4.0066673547460088,2
distill:m4-hourly,H7,TimesFM-zero-shot,683,-0.015791814069572752,-0.012297134846448898,-0.013522926717996597,-0.025209208950400352,-0.01991756446659565,-0.016699433326721191,-0.014554236084222794,-0.009592326357960701,-0.0075035197660326958,-0.0044868830591440201,8.8431406766176224e-05,3.4336314596184261,2
distill:m4-hourly,H7,TimesFM-laplace-qd,683,-0.015791814069572752,-0.012933418154716492,-0.0097824819386005402,-0.023942451924085617,-0.019884344190359116,-0.016603719443082809,-0.013866902329027653,-0.012315685860812664,-0.010164848528802395,-0.0072413529269397259,-0.0029800168704241514,3.8383149678377353,2
distill:m4-hourly,H7,Laplace-q-fixed-bandwidth,684,0.012057568722948275,0.012353140254190336,0.00077488005544729273,0.0059944444581355762,0.0088438000313836428,0.010919657722933076,0.012730301728559797,0.014523299116162547,0.016531906545287793,0.019190488304569361,0.023801262697958785,4.0630310924091209,2
distill:m4-hourly,H7,TimesFM-zero-shot,684,0.012057568722948275,0.0081196930259466171,0.0060155410319566727,-0.00030542374588549137,0.0032717545982450247,0.0051536113023757935,0.0066257212311029434,0.010049388743937016,0.011169405654072762,0.013342846184968948,0.016877168789505959,3.710213603612611,2
distill:m4-hourly,H7,TimesFM-laplace-qd,684,0.012057568722948275,0.010586729273200035,0.012930525466799736,0.0017750223632901907,0.0050700092688202858,0.0074017215520143509,0.0096690468490123749,0.0106621403247118,0.012383508495986462,0.015129989013075829,0.018555412068963051,3.9051329784628344,2
distill:m4-hourly,H7,Laplace-q-fixed-bandwidth,685,0.036058980840289578,0.02814764772783615,0.017180428952499344,0.02218579800978606,0.024855809672733979,0.026809756677352727,0.028520484552099518,0.030215022517727314,0.03210720364035434,0.034598970333920745,0.038983914116444224,3.2230304574882416,2
distill:m4-hourly,H7,TimesFM-zero-shot,685,0.036058980840289578,0.028422031551599503,0.02717406302690506,0.020990312099456787,0.024351347237825394,0.026167377829551697,0.027245450764894485,0.030232993885874748,0.031014500185847282,0.032876916229724884,0.035892490297555923,3.0935071989557272,2
distill:m4-hourly,H7,TimesFM-laplace-qd,685,0.036058980840289578,0.028534965589642525,0.030922459438443184,0.020323807373642921,0.023579483851790428,0.02594628743827343,0.02793283574283123,0.028500236570835114,0.030116299167275429,0.03238784521818161,0.03527398407459259,2.8922521122128511,2
distill:m4-hourly,H7,Laplace-q-fixed-bandwidth,686,0.047157073407390726,0.045869244211848147,0.034850218688268882,0.039861821747170047,0.04255296677879513,0.044519291922570335,0.046238833711535858,0.047941934322517442,0.049845543146192085,0.052356513942678019,0.056757526034899856,4.116629970833019,2
distill:m4-hourly,H7,TimesFM-zero-shot,686,0.047157073407390726,0.048188060522079468,0.047871526330709457,0.042328566312789917,0.045139249414205551,0.046696797013282776,0.047371216118335724,0.049666039645671844,0.050185147672891617,0.051356673240661621,0.053948421031236649,4.285342230378518,2
distill:m4-hourly,H7,TimesFM-laplace-qd,686,0.047157073407390726,0.049142446368932724,0.051078777760267258,0.041458003222942352,0.044599670916795731,0.046607218682765961,0.048507779836654663,0.048908304423093796,0.050591040402650833,0.05287952721118927,0.055725544691085815,4.317422816091768,2
distill:m4-hourly,H7,Laplace-q-fixed-bandwidth,687,0.065071509310238085,0.055853105675094369,0.045441155478953256,0.050219372832553684,0.052738745868144636,0.054591268240245287,0.056217906537958932,0.057829475753632294,0.059624547920605404,0.06197705511292359,0.066139598372440433,2.955388824085321,2
distill:m4-hourly,H7,TimesFM-zero-shot,687,0.065071509310238085,0.056631375104188919,0.056599829345941544,0.053129058331251144,0.054903805255889893,0.055752035230398178,0.055930018424987793,0.05765080451965332,0.057667024433612823,0.05848129466176033,0.060316793620586395,1.7886276863527431,2
distill:m4-hourly,H7,TimesFM-laplace-qd,687,0.065071509310238085,0.057030744850635529,0.057649485766887665,0.051322072744369507,0.053505435585975647,0.055244594812393188,0.056761488318443298,0.057146098464727402,0.05839938297867775,0.060219995677471161,0.063174925744533539,2.6424327108089418,2
distill:m4-hourly,H7,Laplace-q-fixed-bandwidth,688,0.060906677060838632,0.056166591647950008,0.045491843519252936,0.050361935652275057,0.05296103871204081,0.054863529829135303,0.056529318165374189,0.058179308518696342,0.060021540667352109,0.062446826000193037,0.066712078703262012,3.7890843919758885,2
distill:m4-hourly,H7,TimesFM-zero-shot,688,0.060906677060838632,0.064780287444591522,0.063894458115100861,0.060684788972139359,0.062609821557998657,0.06353585422039032,0.06409725546836853,0.06583879142999649,0.065597623586654663,0.066274702548980713,0.068422876298427582,3.4679434625749055,2
distill:m4-hourly,H7,TimesFM-laplace-qd,688,0.060906677060838632,0.06227768212556839,0.060570467263460159,0.057517509907484055,0.059306290000677109,0.060769196599721909,0.062153968960046768,0.062643773853778839,0.063848249614238739,0.065661013126373291,0.068620182573795319,4.4387393759749738,2
distill:m4-hourly,H7,Laplace-q-fixed-bandwidth,689,0.057764041421375367,0.053847275910380764,0.043495459257881584,0.048235880754196436,0.050746350254045121,0.052589231104591572,0.054205731245641819,0.055807105480078265,0.057592310496483209,0.059935662023390068,0.064072703461241637,3.9278602407961776,2
distill:m4-hourly,H7,TimesFM-zero-shot,689,0.057764041421375367,0.058161728084087372,0.056340236216783524,0.053756516426801682,0.056052330881357193,0.056981537491083145,0.057367611676454544,0.059280194342136383,0.059292912483215332,0.059952337294816971,0.061965107917785645,4.6440445818824863,2
distill:m4-hourly,H7,TimesFM-laplace-qd,689,0.057764041421375367,0.056770980358123779,0.0547148697078228,0.051351539790630341,0.05358579009771347,0.054859012365341187,0.055764324963092804,0.056688632816076279,0.057891599833965302,0.059631086885929108,0.062018189579248428,4.2876244417764715,2
distill:m4-hourly,H7,Laplace-q-fixed-bandwidth,690,0.064758734682229147,0.055170670629067796,0.045220203160713505,0.049793474931890395,0.052195455642784681,0.05396677404892164,0.055524490417739068,0.05706791181227034,0.058784783082947316,0.061028394168328177,0.065001424258801982,2.859096440306967,2
distill:m4-hourly,H7,TimesFM-zero-shot,690,0.064758734682229147,0.058396525681018829,0.057284992188215256,0.054587766528129578,0.056696876883506775,0.057495173066854477,0.05764036625623703,0.059199042618274689,0.059050947427749634,0.059495303779840469,0.061328712850809097,2.1961246162872294,2
distill:m4-hourly,H7,TimesFM-laplace-qd,690,0.064758734682229147,0.060061495751142502,0.05747198686003685,0.053886141628026962,0.056523468345403671,0.057805299758911133,0.058879874646663666,0.05989089235663414,0.061024986207485199,0.062939107418060303,0.06548628956079483,3.290301449508668,2
distill:m4-hourly,H7,Laplace-q-fixed-bandwidth,691,0.053435467820749594,0.046244218697071543,0.035946311150416993,0.040650659522662072,0.043154036897750228,0.044988881317668442,0.046596704659757057,0.048189334982959436,0.04996624410650935,0.052302232952741209,0.056415325023219831,3.334228287179771,2
distill:m4-hourly,H7,TimesFM-zero-shot,691,0.053435467820749594,0.053630709648132324,0.053214680403470993,0.04873078316450119,0.051298733800649643,0.052493903785943985,0.05262380838394165,0.054611805826425552,0.054719548672437668,0.055478684604167938,0.057619944214820862,4.6985444844824267,2
distill:m4-hourly,H7,TimesFM-laplace-qd,691,0.053435467820749594,0.050326496362686157,0.04770766943693161,0.044018220156431198,0.046791523694992065,0.048442240804433823,0.049591444432735443,0.050755254924297333,0.05227680504322052,0.054401881992816925,0.057274632155895233,3.8095931115510142,2
distill:m4-hourly,H7,Laplace-q-fixed-bandwidth,692,0.048065882182852349,0.037536388816235437,0.0272226721943572,0.031922554183554615,0.034435687548883036,0.03627524057700867,0.037885693435653671,0.03948080167561626,0.041261843048251749,0.043606447502652072,0.047723197927596876,2.7192525435629236,2
distill:m4-hourly,H7,TimesFM-zero-shot,692,0.048065882182852349,0.043026648461818695,0.042803004384040833,0.037634879350662231,0.040441513061523438,0.041820116341114044,0.042001426219940186,0.044152475893497467,0.044344164431095123,0.045110732316970825,0.047339290380477905,3.1896387128368655,2
distill:m4-hourly,H7,TimesFM-laplace-qd,692,0.048065882182852349,0.040280275046825409,0.037533774971961975,0.034388668835163116,0.036942832171916962,0.038851790130138397,0.039833337068557739,0.041084803640842438,0.042656742036342621,0.044521965086460114,0.04754551500082016,2.9380436933423342,2
distill:m4-hourly,H7,Laplace-q-fixed-bandwidth,693,0.057441035641987881,0.047726798516382583,0.037002628045001727,0.041829125682622988,0.04447033338318835,0.046395595977109828,0.048074961269905889,0.049737834225833465,0.051600289202291059,0.054063725469250902,0.058325448923686997,2.8880332494941596,2
distill:m4-hourly,H7,TimesFM-zero-shot,693,0.057441035641987881,0.049062859266996384,0.048819273710250854,0.043379489332437515,0.046239521354436874,0.047686293721199036,0.047940522432327271,0.050240542739629745,0.050666920840740204,0.051619686186313629,0.053930100053548813,2.3484043852709107,2
distill:m4-hourly,H7,TimesFM-laplace-qd,693,0.057441035641987881,0.048294156789779663,0.044838279485702515,0.042846478521823883,0.045346252620220184,0.046968590468168259,0.047942895442247391,0.049025028944015503,0.050784621387720108,0.052907548844814301,0.055869638919830322,2.7673128916553758,2
distill:m4-hourly,H7,Laplace-q-fixed-bandwidth,694,0.038413502023750823,0.039183183564527518,0.028184804020777655,0.033073878218692315,0.035806897189582729,0.037797128391316992,0.039529145166803892,0.041243801343952433,0.043168115984002289,0.045718201091972541,0.050061441472430551,4.0870246948792861,2
distill:m4-hourly,H7,TimesFM-zero-shot,694,0.038413502023750823,0.046342719346284866,0.045387554913759232,0.038516364991664886,0.042277581989765167,0.044118084013462067,0.044868361204862595,0.047504641115665436,0.048194184899330139,0.049706220626831055,0.052308540791273117,2.154235711490367,2
distill:m4-hourly,H7,TimesFM-laplace-qd,694,0.038413502023750823,0.042527008801698685,0.037846639752388,0.035726483911275864,0.038880500942468643,0.040643777698278427,0.042076524347066879,0.043222904205322266,0.04527629166841507,0.047816220670938492,0.050930161029100418,4.0028059599851709,2
distill:m4-hourly,H7,Laplace-q-fixed-bandwidth,695,0.023975401127172447,0.028644809716160145,0.018178992411597497,0.022901923944867879,0.02547371390126105,0.027349751452028913,0.028987376352507487,0.030608986874078401,0.032424015757024693,0.034822423069095457,0.038985008892086448,3.6275578934474604,2
distill:m4-hourly,H7,TimesFM-zero-shot,695,0.023975401127172447,0.029122324660420418,0.029435232281684875,0.021462682634592056,0.025282805785536766,0.027139183133840561,0.027673667296767235,0.030514361336827278,0.031394965946674347,0.032939445227384567,0.035562910139560699,3.6213642431782134,2
distill:m4-hourly,H7,TimesFM-laplace-qd,695,0.023975401127172447,0.030322778970003128,0.026150397956371307,0.02372533455491066,0.027002371847629547,0.028844088315963745,0.030270945280790329,0.031230615451931953,0.03338855504989624,0.03595646470785141,0.039061006158590317,3.5879671051832225,2
distill:m4-hourly,H7,Laplace-q-fixed-bandwidth,696,0.012434040152184522,0.018217548393186744,0.0079332664621470043,0.012584252808143086,0.015106715186219612,0.016948127583924923,0.018556570045235622,0.020149352686623212,0.021931092197875066,0.024283437079191405,0.02837645695251963,3.4121412056901033,2
distill:m4-hourly,H7,TimesFM-zero-shot,696,0.012434040152184522,0.015224233269691467,0.015665479004383087,0.0062439721077680588,0.010603003203868866,0.012714538723230362,0.013578347861766815,0.016805840656161308,0.017927493900060654,0.019648374989628792,0.022414280101656914,4.0217666929533644,2
distill:m4-hourly,H7,TimesFM-laplace-qd,696,0.012434040152184522,0.017056547105312347,0.013590706512331963,0.0098892226815223694,0.013418097048997879,0.015536639839410782,0.017043780535459518,0.018124720081686974,0.020306773483753204,0.022829793393611908,0.025932788848876953,4.0057688158652569,2
distill:m4-hourly,H7,Laplace-q-fixed-bandwidth,697,-0.010873680572391464,-0.0022852138796363203,-0.012534720932290551,-0.0079089131053078094,-0.0053909504352730939,-0.003553572318923854,-0.0019494076995867863,-0.00036093574085058601,0.0014166679992994348,0.0037647215585570239,0.0078399839690238352,2.8773781175431359,2
distill:m4-hourly,H7,TimesFM-zero-shot,697,-0.010873680572391464,-0.0032874608878046274,-0.0024014266673475504,-0.013045505620539188,-0.0086840679869055748,-0.0063405092805624008,-0.005223066546022892,-0.0016759189311414957,-0.00088453828357160091,0.00079336995258927345,0.0039837881922721863,2.8615430314324337,2
distill:m4-hourly,H7,TimesFM-laplace-qd,697,-0.010873680572391464,-0.0014235212001949549,-0.0048475908115506172,-0.0081643210723996162,-0.0048771779984235764,-0.0028023936320096254,-0.0012995845172554255,-0.00032256240956485271,0.001473104115575552,0.0037579960189759731,0.0069207847118377686,1.6927818812129032,2
distill:m4-hourly,H7,Laplace-q-fixed-bandwidth,698,-0.023295114463687483,-0.024259875731874499,-0.034800353991195729,-0.030101925867480353,-0.027488227887906114,-0.025584120612682944,-0.023926001589677573,-0.022284469847438315,-0.020443383275155623,-0.018005412600660256,-0.013839163045843034,4.1591065451258444,2
distill:m4-hourly,H7,TimesFM-zero-shot,698,-0.023295114463687483,-0.028137607499957085,-0.027000190690159798,-0.038693077862262726,-0.034014996141195297,-0.03136477991938591,-0.030024709179997444,-0.026281710714101791,-0.025204034522175789,-0.023216335102915764,-0.019561201333999634,3.6080882225821793,2
distill:m4-hourly,H7,TimesFM-laplace-qd,698,-0.023295114463687483,-0.023380853235721588,-0.026490384712815285,-0.030058884993195534,-0.026759983971714973,-0.024426257237792015,-0.022832334041595459,-0.021895123645663261,-0.019985143095254898,-0.017798474058508873,-0.014458106830716133,4.1762595243258005,2
distill:m4-hourly,H8,Laplace-q-fixed-bandwidth,635,0.05538733578254984,0.043949191756411529,0.022576772989743081,0.030518238946874304,0.035907931293679252,0.040184127413184167,0.04400093652952336,0.047819465914075765,0.052101519953170666,0.057503851424827196,0.065478972760194459,2.8774501985202861,2
distill:m4-hourly,H8,TimesFM-zero-shot,635,0.05538733578254984,0.076605238020420074,0.075491137802600861,0.06094302237033844,0.066936671733856201,0.070852681994438171,0.073416024446487427,0.079961284995079041,0.082587465643882751,0.086873665452003479,0.094360992312431335,0.19230098099645521,2
distill:m4-hourly,H8,TimesFM-laplace-qd,635,0.05538733578254984,0.046898923814296722,0.048371471464633942,0.027453338727355003,0.034710284322500229,0.039872784167528152,0.04420129582285881,0.047713443636894226,0.051990356296300888,0.057202354073524475,0.065363503992557526,2.7798537472807383,2
distill:m4-hourly,H8,Laplace-q-fixed-bandwidth,636,0.072372987660825672,0.09593403917953415,0.074723064676980214,0.082603458017208573,0.087952398567694975,0.092196719928171134,0.095985303981400108,0.099775591705515129,0.10402571312751317,0.10938716540588715,0.11730087314104,1.9409743292596819,2
distill:m4-hourly,H8,TimesFM-zero-shot,636,0.072372987660825672,0.078928530216217041,0.077447481453418732,0.062527447938919067,0.069012902677059174,0.073051787912845612,0.075686909258365631,0.082117661833763123,0.084701746702194214,0.08885609358549118,0.095627419650554657,3.3108702319635341,2
distill:m4-hourly,H8,TimesFM-laplace-qd,636,0.072372987660825672,0.092982687056064606,0.09253518283367157,0.076099216938018799,0.082816928625106812,0.087042056024074554,0.090848609805107117,0.093842610716819763,0.097279883921146393,0.10171493887901306,0.10828039050102234,0.15062957185694548,2
distill:m4-hourly,H8,Laplace-q-fixed-bandwidth,637,0.078016667772025983,0.09567454889848645,0.073884429503658172,0.081880441582523861,0.087366327746119465,0.091771631744336557,0.095726800103626469,0.09968365772379062,0.10409464913310221,0.10959275325263679,0.11762212050088461,2.4161760124166536,2
distill:m4-hourly,H8,TimesFM-zero-shot,637,0.078016667772025983,0.078434109687805176,0.07631799578666687,0.061718955636024475,0.068258650600910187,0.072529099881649017,0.075328104197978973,0.08149951696395874,0.08398253470659256,0.087748147547245026,0.093887113034725189,3.1616148116160248,2
distill:m4-hourly,H8,TimesFM-laplace-qd,637,0.078016667772025983,0.090592391788959503,0.087921753525733948,0.074472561478614807,0.080777190625667572,0.084956653416156769,0.088779851794242859,0.091031856834888458,0.094217583537101746,0.098202027380466461,0.10394436866044998,2.7419220434662961,2
distill:m4-hourly,H8,Laplace-q-fixed-bandwidth,638,0.090468135051054333,0.086538135225368656,0.064584051794580571,0.072588345947522392,0.078108919737884946,0.08257081007695008,0.086590537817559682,0.090611925524256121,0.0950793787348366,0.10061191905638109,0.1086493567465501,3.2428770455243594,2
distill:m4-hourly,H8,TimesFM-zero-shot,638,0.090468135051054333,0.072727009654045105,0.070210225880146027,0.057150810956954956,0.063428238034248352,0.067507199943065643,0.07005002349615097,0.075493752956390381,0.077466696500778198,0.080556765198707581,0.086236119270324707,2.0328162982618556,2
distill:m4-hourly,H8,TimesFM-laplace-qd,638,0.090468135051054333,0.083239749073982239,0.078645214438438416,0.066209465265274048,0.073291502892971039,0.077809825539588928,0.081523604691028595,0.083716176450252533,0.086900673806667328,0.090687580406665802,0.096042409539222717,3.0852673536600514,2
distill:m4-hourly,H8,Laplace-q-fixed-bandwidth,639,0.081795054494326891,0.072047412101739691,0.050555356931541194,0.058462524757324524,0.063875951046783938,0.068211528723704118,0.072098834979207396,0.075987815086976385,0.080329038569126821,0.085754594379798613,0.093694661279554559,2.9918180328446775,2
distill:m4-hourly,H8,TimesFM-zero-shot,639,0.081795054494326891,0.079456955194473267,0.07800690084695816,0.059997372329235077,0.067759476602077484,0.072812169790267944,0.076000750064849854,0.082941345870494843,0.085947580635547638,0.090015292167663574,0.097072191536426544,3.0514770772769744,2
distill:m4-hourly,H8,TimesFM-laplace-qd,639,0.081795054494326891,0.072305858135223389,0.067653864622116089,0.055715683847665787,0.062518388032913208,0.067028172314167023,0.070715226233005524,0.073166579008102417,0.07644207775592804,0.08040570467710495,0.086360953748226166,2.8636586334411493,2
distill:m4-hourly,H8,Laplace-q-fixed-bandwidth,640,0.060766685140972498,0.061471227498997152,0.040226787635269934,0.048061516343037111,0.053414539475506215,0.057691627814162566,0.061522030840674591,0.065354094798261042,0.069636802652838448,0.075001906965672216,0.082869224387304125,3.3389895839314163,2
distill:m4-hourly,H8,TimesFM-zero-shot,640,0.060766685140972498,0.069401860237121582,0.068733654916286469,0.050317585468292236,0.057793784886598587,0.062494475394487381,0.065709352493286133,0.072887912392616272,0.075876861810684204,0.080185219645500183,0.087074778974056244,3.2335168456131798,2
distill:m4-hourly,H8,TimesFM-laplace-qd,640,0.060766685140972498,0.062201004475355148,0.056649867445230484,0.04677262157201767,0.05321342870593071,0.057258583605289459,0.060838524252176285,0.063612706959247589,0.06706652045249939,0.07100503146648407,0.076811268925666809,3.4024809344335245,2
distill:m4-hourly,H8,Laplace-q-fixed-bandwidth,641,0.043143630641845121,0.052191092634933683,0.031479010421192818,0.039216994012896536,0.044443156746673346,0.048567848241145434,0.052240876323071173,0.05591557009894077,0.060045965621219485,0.065284487557008747,0.073054977360817147,3.046866265823712,2
distill:m4-hourly,H8,TimesFM-zero-shot,641,0.043143630641845121,0.049400895833969116,0.049549009650945663,0.031954236328601837,0.038800127804279327,0.043326720595359802,0.046216569840908051,0.05277702584862709,0.055294256657361984,0.058984734117984772,0.065385922789573669,3.2726325128528329,2
distill:m4-hourly,H8,TimesFM-laplace-qd,641,0.043143630641845121,0.053287480026483536,0.048215374350547791,0.038372352719306946,0.044477071613073349,0.048864815384149551,0.052300151437520981,0.055467214435338974,0.059107061475515366,0.06313817948102951,0.069690488278865814,4.0048369327164401,2
distill:m4-hourly,H8,Laplace-q-fixed-bandwidth,642,0.031902772680352243,0.036825061783114434,0.016379919666780832,0.024044472668923872,0.029204340613563737,0.033263936569005989,0.036874217933182171,0.040486148953706946,0.04455141736229315,0.04972361831796214,0.057420410935103847,3.2866795129309869,2
distill:m4-hourly,H8,TimesFM-zero-shot,642,0.031902772680352243,0.03096204437315464,0.031332414597272873,0.015030858106911182,0.021398968994617462,0.025471294298768044,0.027882976457476616,0.034168992191553116,0.036614891141653061,0.040169667452573776,0.046027928590774536,3.1794704399035938,2
distill:m4-hourly,H8,TimesFM-laplace-qd,642,0.031902772680352243,0.038009326905012131,0.032522201538085938,0.024426601827144623,0.030291307717561722,0.034027941524982452,0.037157777696847916,0.039806831628084183,0.043433051556348801,0.047637850046157837,0.053695786744356155,3.4065736132723829,2
distill:m4-hourly,H8,Laplace-q-fixed-bandwidth,643,0.019122965984500695,0.020789740813166577,0.00080723110056320376,0.0083822645796996411,0.013426416193046955,0.017356417916546171,0.020838032794542397,0.024321280243635786,0.028256963828748732,0.033313637023677588,0.040920867412556343,3.4147407291791008,2
distill:m4-hourly,H8,TimesFM-zero-shot,643,0.019122965984500695,0.018443692475557327,0.019645992666482925,0.0047661922872066498,0.010301645845174789,0.014016104862093925,0.015837680548429489,0.021354418247938156,0.023516073822975159,0.026500999927520752,0.032448656857013702,3.3224738393640108,2
distill:m4-hourly,H8,TimesFM-laplace-qd,643,0.019122965984500695,0.021168049424886703,0.015799686312675476,0.0073507986962795258,0.013005634769797325,0.017221612855792046,0.020329661667346954,0.023242004215717316,0.026988547295331955,0.031056497246026993,0.037259113043546677,3.3936276870739972,2
distill:m4-hourly,H8,Laplace-q-fixed-bandwidth,644,0.0005481500074964174,0.014014125835492037,-0.0053898920445769639,0.0020886926783857725,0.0069819480755581361,0.01074385521635355,0.01406148492893956,0.017380715592975618,0.021148289494400306,0.026054369477546677,0.033565375254149057,2.6819057129775037,2
distill:m4-hourly,H8,TimesFM-zero-shot,644,0.0005481500074964174,0.0081171896308660507,0.0089514348655939102,-0.0052216565236449242,0.00013916334137320518,0.0036535805556923151,0.0054451227188110352,0.010573289357125759,0.012556017376482487,0.015482189133763313,0.020467149093747139,3.5614574799274514,2
distill:m4-hourly,H8,TimesFM-laplace-qd,644,0.0005481500074964174,0.014192515052855015,0.0086599281057715416,0.0020725508220493793,0.0070815016515552998,0.010723716579377651,0.013402795419096947,0.015906093642115593,0.019393358379602432,0.023147562518715858,0.028565969318151474,2.0292397645956872,2
distill:m4-hourly,H8,Laplace-q-fixed-bandwidth,645,-0.017995861139199931,0.002684806910977808,-0.016778293779348891,-0.0093299966292766622,-0.0044188306985485041,-0.00062223339412240423,0.0027319842670529789,0.0060877968749161685,0.0098900055976161583,0.014813716173601364,0.022293911361895367,2.0667883296771099,2
distill:m4-hourly,H8,TimesFM-zero-shot,645,-0.017995861139199931,-0.01188286580145359,-0.010882353410124779,-0.024017054587602615,-0.019094819203019142,-0.015799086540937424,-0.014281246811151505,-0.0097666531801223755,-0.0082155149430036545,-0.0057404735125601292,-0.0016865157522261143,3.7287772897993374,2
distill:m4-hourly,H8,TimesFM-laplace-qd,645,-0.017995861139199931,0.00053437985479831696,-0.0049740830436348915,-0.010262096300721169,-0.0058021922595798969,-0.0024899234995245934,-0.00024564797058701515,0.0019096882315352559,0.005161734763532877,0.0085731856524944305,0.013485169038176537,-0.2723929653520582,2
distill:m4-hourly,H8,Laplace-q-fixed-bandwidth,646,-0.031246505093776022,-0.021564473454378938,-0.041559114587345618,-0.034031483481157573,-0.028984230780205237,-0.025028743530722344,-0.02151661443721857,-0.01800287494282251,-0.014041823404574891,-0.0089824169079551815,-0.0014232704492225302,3.0128489904853293,2
distill:m4-hourly,H8,TimesFM-zero-shot,646,-0.031246505093776022,-0.032216642051935196,-0.030700415372848511,-0.046334713697433472,-0.040740229189395905,-0.037064794450998306,-0.035039354115724564,-0.029776394367218018,-0.027905574068427086,-0.025065381079912186,-0.02011549100279808,3.3786261195067517,2
distill:m4-hourly,H8,TimesFM-laplace-qd,646,-0.031246505093776022,-0.026606099680066109,-0.030556086450815201,-0.037732444703578949,-0.033198226243257523,-0.029840428382158279,-0.027096051722764969,-0.024757761508226395,-0.021769925951957703,-0.018503144383430481,-0.013438708148896694,3.460765745849856,2
distill:m4-hourly,H8,Laplace-q-fixed-bandwidth,647,-0.041867014463099039,-0.03973073366315092,-0.059514118104159741,-0.052052695778006072,-0.047058631558100167,-0.043150971116260456,-0.039683409369013933,-0.036214255515610388,-0.032301077712171097,-0.027294934943898539,-0.019802280604959106,3.4110923756531077,2
distill:m4-hourly,H8,TimesFM-zero-shot,647,-0.041867014463099039,-0.042439721524715424,-0.040628142654895782,-0.057228587567806244,-0.051300656050443649,-0.047509666532278061,-0.045380681753158569,-0.039901670068502426,-0.037969615310430527,-0.034512016922235489,-0.029108533635735512,3.3088366696346148,2
distill:m4-hourly,H8,TimesFM-laplace-qd,647,-0.041867014463099039,-0.043291229754686356,-0.046106308698654175,-0.055549666285514832,-0.050571426749229431,-0.046931840479373932,-0.044033784419298172,-0.041130330413579941,-0.038153458386659622,-0.034491077065467834,-0.029047960415482521,3.4600117906875618,2
distill:m4-hourly,H8,Laplace-q-fixed-bandwidth,648,-0.028113190070882865,-0.038510348391503538,-0.05774496160689753,-0.050376853585668929,-0.045523617647748336,-0.04177495116841351,-0.038463936750027967,-0.03515135572724043,-0.031397169380614869,-0.026531568869115944,-0.019132080938119758,2.9637303326674447,2
distill:m4-hourly,H8,TimesFM-zero-shot,648,-0.028113190070882865,-0.041829880326986313,-0.040186595171689987,-0.058023866266012192,-0.051704101264476776,-0.047540422528982162,-0.045090638101100922,-0.039188995957374573,-0.037041850388050079,-0.033351559191942215,-0.027562638744711876,2.5655573891349572,2
distill:m4-hourly,H8,TimesFM-laplace-qd,648,-0.028113190070882865,-0.041578296571969986,-0.043465316295623779,-0.054700929671525955,-0.049169879406690598,-0.045248959213495255,-0.042584307491779327,-0.039994314312934875,-0.037146884948015213,-0.03384038433432579,-0.028658198192715645,2.4880704757255567,2
distill:m4-hourly,H8,Laplace-q-fixed-bandwidth,649,-0.039964099909191475,-0.033473542500065435,-0.052561103343703057,-0.045251914366012592,-0.04043572951396434,-0.0367146200620442,-0.033427577084495751,-0.030138981891914933,-0.026412410682230776,-0.021583994446042899,-0.014243761167704851,3.260236763491295,2
distill:m4-hourly,H8,TimesFM-zero-shot,649,-0.039964099909191475,-0.028166349977254868,-0.026596402749419212,-0.046900641173124313,-0.039500892162322998,-0.034769188612699509,-0.031837653368711472,-0.025138359516859055,-0.022114861756563187,-0.017658989876508713,-0.010843103751540184,3.0984363063135505,2
distill:m4-hourly,H8,TimesFM-laplace-qd,649,-0.039964099909191475,-0.033072765916585922,-0.035208608955144882,-0.047666255384683609,-0.041262134909629822,-0.036880917847156525,-0.033860635012388229,-0.030874941498041153,-0.027477195486426353,-0.023521706461906433,-0.017457658424973488,3.218317060852705,2
distill:m4-hourly,H8,Laplace-q-fixed-bandwidth,650,-0.080179017759720139,-0.079745619485087793,-0.098450456702353584,-0.091223844360078077,-0.086508448839984015,-0.082889967815704402,-0.079700354093060061,-0.076509217365558074,-0.072885324758332898,-0.06815762360046182,-0.060899990598655945,3.5109376074913308,2
distill:m4-hourly,H8,TimesFM-zero-shot,650,-0.080179017759720139,-0.069212354719638824,-0.067478850483894348,-0.085278503596782684,-0.078972592949867249,-0.074925161898136139,-0.072546921670436859,-0.066278725862503052,-0.063550092279911041,-0.059364955872297287,-0.052561771124601364,2.9973159267486009,2
distill:m4-hourly,H8,TimesFM-laplace-qd,650,-0.080179017759720139,-0.078421078622341156,-0.078338660299777985,-0.090066112577915192,-0.085318110883235931,-0.081770844757556915,-0.079193778336048126,-0.076629020273685455,-0.073555797338485718,-0.069836139678955078,-0.063482306897640228,3.5709394587516856,2
distill:m4-hourly,H8,Laplace-q-fixed-bandwidth,651,-0.096469078916667783,-0.097379119417911761,-0.11546892892437829,-0.10834448567211863,-0.10379984538346342,-0.10035813636318623,-0.097334702957074956,-0.094309801415303096,-0.090862774481410724,-0.086305575149636909,-0.079149627630152389,3.5570017881237095,2
distill:m4-hourly,H8,TimesFM-zero-shot,651,-0.096469078916667783,-0.09573633223772049,-0.094550594687461853,-0.11058840900659561,-0.10452283918857574,-0.10082699358463287,-0.098739385604858398,-0.092780925333499908,-0.090285077691078186,-0.086062274873256683,-0.079013839364051819,3.215707136470654,2
distill:m4-hourly,H8,TimesFM-laplace-qd,651,-0.096469078916667783,-0.097456291317939758,-0.097384631633758545,-0.10742844641208649,-0.10315155982971191,-0.10012713074684143,-0.097878552973270416,-0.096076413989067078,-0.093510076403617859,-0.090622730553150177,-0.08571169525384903,3.7374385266804477,2
distill:m4-hourly,H8,Laplace-q-fixed-bandwidth,652,-0.08003399508864284,-0.088317609855790055,-0.10575835567154968,-0.098749331214224939,-0.094393817055505286,-0.091132867078206975,-0.088273975624897361,-0.08541368806756236,-0.082147591778731932,-0.077779380685549376,-0.070738135702144517,3.1599860751386899,2
distill:m4-hourly,H8,TimesFM-zero-shot,652,-0.08003399508864284,-0.083519540727138519,-0.082087315618991852,-0.099256962537765503,-0.093049600720405579,-0.089193165302276611,-0.086626909673213959,-0.07976580411195755,-0.076585270464420319,-0.071839757263660431,-0.063736021518707275,2.9535096227697668,2
distill:m4-hourly,H8,TimesFM-laplace-qd,652,-0.08003399508864284,-0.087576255202293396,-0.085503913462162018,-0.099455080926418304,-0.094635605812072754,-0.091245166957378387,-0.088346108794212341,-0.08569490909576416,-0.083083681762218475,-0.079617388546466827,-0.074190661311149597,3.1311760365320773,2
distill:m4-hourly,H8,Laplace-q-fixed-bandwidth,653,-0.063031998667902656,-0.066329044986399147,-0.083526595858099406,-0.07659222885314218,-0.072302877243499042,-0.069096531766759589,-0.066285927306456827,-0.063473953674314548,-0.060262545538829496,-0.055960610017078624,-0.04899418856527385,3.5503885331490106,2
distill:m4-hourly,H8,TimesFM-zero-shot,653,-0.063031998667902656,-0.057054009288549423,-0.055885445326566696,-0.074439018964767456,-0.067600138485431671,-0.063620798289775848,-0.060569170862436295,-0.053467608988285065,-0.050359468907117844,-0.045359700918197632,-0.037189289927482605,3.3166015685882009,2
distill:m4-hourly,H8,TimesFM-laplace-qd,653,-0.063031998667902656,-0.063200175762176514,-0.060365568846464157,-0.075878538191318512,-0.070717424154281616,-0.067044265568256378,-0.063792824745178223,-0.061447177082300186,-0.05871940404176712,-0.054938595741987228,-0.049338914453983307,3.5057927002632052,2
distill:m4-hourly,H8,Laplace-q-fixed-bandwidth,654,-0.046924119110032692,-0.047434599479103598,-0.064028291116731029,-0.057221471977849048,-0.053113343324245263,-0.050064155521647988,-0.047392147948963542,-0.044718845555691208,-0.041664813217896154,-0.037544168740153719,-0.030704552903855428,3.6784696386354465,2
distill:m4-hourly,H8,TimesFM-zero-shot,654,-0.046924119110032692,-0.044773831963539124,-0.044760458171367645,-0.064114071428775787,-0.056424248963594437,-0.051751658320426941,-0.048328623175621033,-0.041085157543420792,-0.037806298583745956,-0.032974384725093842,-0.025453731417655945,2.9624858403962726,2
distill:m4-hourly,H8,TimesFM-laplace-qd,654,-0.046924119110032692,-0.04611114040017128,-0.042125403881072998,-0.060365308076143265,-0.05495036393404007,-0.050794236361980438,-0.047226648777723312,-0.045212108641862869,-0.042576782405376434,-0.039032917469739914,-0.033860709518194199,3.5349111500104038,2
distill:m4-hourly,H8,Laplace-q-fixed-bandwidth,655,-0.034121007527785352,-0.028063588732921141,-0.043937158562864731,-0.037296747898810392,-0.033409594326828912,-0.030539341841548905,-0.028021754727696996,-0.025502965524557143,-0.022628165259244291,-0.018728748136607853,-0.012054413915536329,3.4030242474748826,2
distill:m4-hourly,H8,TimesFM-zero-shot,655,-0.034121007527785352,-0.023410966619849205,-0.024068314582109451,-0.039850696921348572,-0.033150836825370789,-0.029284713789820671,-0.026631379500031471,-0.020278289914131165,-0.017628679051995277,-0.013340208679437637,-0.0067045968025922775,3.1816326180960992,2
distill:m4-hourly,H8,TimesFM-laplace-qd,655,-0.034121007527785352,-0.026180684566497803,-0.021498862653970718,-0.040662720799446106,-0.035458467900753021,-0.031375817954540253,-0.027869019657373428,-0.025789156556129456,-0.023274917155504227,-0.01961180567741394,-0.014419973827898502,3.4898546003798629,2
distill:m4-hourly,H8,Laplace-q-fixed-bandwidth,656,-0.0080117758848761156,-0.0074677438448544744,-0.022938859438472934,-0.016418139778257262,-0.012648528516679535,-0.0098676296830235814,-0.0074264275627183695,-0.0049840728015133357,-0.0021987942246157167,0.0015828182346705661,0.0081377088035900838,3.7658803206255547,2
distill:m4-hourly,H8,TimesFM-zero-shot,656,-0.0080117758848761156,-0.0061579728499054909,-0.0076674334704875946,-0.020564652979373932,-0.014741620048880577,-0.011369324289262295,-0.0090800346806645393,-0.0034738595131784678,-0.0012803818099200726,0.0024368222802877426,0.008493153378367424,3.2849451749496628,2
distill:m4-hourly,H8,TimesFM-laplace-qd,656,-0.0080117758848761156,-0.0036325540859252214,0.0007571452297270298,-0.016782484948635101,-0.011928209103643894,-0.0084587642922997475,-0.0052701327949762344,-0.0033968470524996519,-0.0010201821569353342,0.0022589345462620258,0.0068526230752468109,3.8677427485495839,2
distill:m4-hourly,H8,Laplace-q-fixed-bandwidth,657,0.031669024811060709,0.030761316892436625,0.016046216192348556,0.02234667618776941,0.025888181106559605,0.028501776380695985,0.030802145228215113,0.033103573195509634,0.035721211233003397,0.039274155908731428,0.045609914281716415,3.8199776509161545,2
distill:m4-hourly,H8,TimesFM-zero-shot,657,0.031669024811060709,0.024757549166679382,0.023506635800004005,0.01089435163885355,0.016649577766656876,0.019935458898544312,0.022121317684650421,0.027440514415502548,0.029317324981093407,0.032647557556629181,0.037910670042037964,3.2098693504273861,2
distill:m4-hourly,H8,TimesFM-laplace-qd,657,0.031669024811060709,0.034275427460670471,0.037986591458320618,0.022051228210330009,0.026571115478873253,0.029998315498232841,0.032925896346569061,0.034518323838710785,0.036631979048252106,0.03949255496263504,0.043670803308486938,3.7109080617359798,2
distill:m4-hourly,H8,Laplace-q-fixed-bandwidth,658,0.050528586776378503,0.04483065084989734,0.030884342485683551,0.036924047604345735,0.040242134525156625,0.042700216963746783,0.04487107878114175,0.047042908358399062,0.04950469549218952,0.052833498484628698,0.058909371691953309,3.4980536091333487,2
distill:m4-hourly,H8,TimesFM-zero-shot,658,0.050528586776378503,0.044214449822902679,0.042463276535272598,0.029705695807933807,0.035641249269247055,0.039255093783140182,0.041590727865695953,0.046933941543102264,0.048684157431125641,0.051582910120487213,0.056376751512289047,3.3273020447612156,2
distill:m4-hourly,H8,TimesFM-laplace-qd,658,0.050528586776378503,0.045132942497730255,0.047194305807352066,0.03386138379573822,0.038297686725854874,0.041397776454687119,0.044056452810764313,0.045186065137386322,0.047422844916582108,0.050185590982437134,0.053954876959323883,3.2922615845316905,2
distill:m4-hourly,H8,Laplace-q-fixed-bandwidth,659,0.055938547423831864,0.052344235313657728,0.038794731893274981,0.044680549481642282,0.047891177533164436,0.050275377318518374,0.052384229330565218,0.054494007187688223,0.056881751110625753,0.060102693089456746,0.066024617319738202,3.7457161905723244,2
distill:m4-hourly,H8,TimesFM-zero-shot,659,0.055938547423831864,0.058783348649740219,0.056263715028762817,0.042838968336582184,0.049095682799816132,0.053027350455522537,0.05566035583615303,0.061843562871217728,0.063877798616886139,0.066789537668228149,0.07205190509557724,3.1770787603847035,2
distill:m4-hourly,H8,TimesFM-laplace-qd,659,0.055938547423831864,0.051848519593477249,0.053404688835144043,0.040133178234100342,0.04449724406003952,0.047915954142808914,0.050439424812793732,0.052133683115243912,0.054267175495624542,0.056620296090841293,0.060746405273675919,3.5278687060330389,2
distill:m4-hourly,H8,Laplace-q-fixed-bandwidth,660,0.06896734793509296,0.076089855550233496,0.063145785051769876,0.068788637243477752,0.071836221370181391,0.074111273803230709,0.076129499003515511,0.078148586790995622,0.080426937650689256,0.083484188220634442,0.089163177539867883,3.2962909595370178,2
distill:m4-hourly,H8,TimesFM-zero-shot,660,0.06896734793509296,0.071598656475543976,0.068943910300731659,0.056392990052700043,0.062727510929107666,0.066341295838356018,0.068875834345817566,0.074388876557350159,0.076557785272598267,0.079853460192680359,0.085095368325710297,3.2629593412183402,2
distill:m4-hourly,H8,TimesFM-laplace-qd,660,0.06896734793509296,0.077300645411014557,0.077556096017360687,0.065529197454452515,0.070347391068935394,0.073616579174995422,0.076221615076065063,0.078151613473892212,0.080559469759464264,0.083519004285335541,0.088386952877044678,3.1840615439095705,2
distill:m4-hourly,H8,Laplace-q-fixed-bandwidth,661,0.080336778035425382,0.080493107375674819,0.067705546940173444,0.073279722154906746,0.076289802626200803,0.078537742016056428,0.08053228212390745,0.082527671297430744,0.084778857373639355,0.087798456053376328,0.093408317793696377,3.9752506969709547,2
distill:m4-hourly,H8,TimesFM-zero-shot,661,0.080336778035425382,0.074196770787239075,0.071851812303066254,0.060783561319112778,0.066423423588275909,0.069782815873622894,0.071885496377944946,0.076844863593578339,0.078525610268115997,0.081547066569328308,0.086303211748600006,3.3446655777843795,2
distill:m4-hourly,H8,TimesFM-laplace-qd,661,0.080336778035425382,0.078344717621803284,0.077470287680625916,0.067095071077346802,0.072012349963188171,0.07513553649187088,0.077513501048088074,0.078554399311542511,0.080947995185852051,0.083866909146308899,0.088111095130443573,3.7657500367399903,2
distill:m4-hourly,H8,Laplace-q-fixed-bandwidth,662,0.083107219256492115,0.086662462087911979,0.07463279349803012,0.079876622975155409,0.082691617352194935,0.084812112626368619,0.086701419612055963,0.088591500319456895,0.090714948000262502,0.093538621046033249,0.098817705661036231,3.8177274353157031,2
distill:m4-hourly,H8,TimesFM-zero-shot,662,0.083107219256492115,0.0792379230260849,0.076324820518493652,0.065625861287117004,0.071515604853630066,0.075175367295742035,0.077110342681407928,0.081457175314426422,0.083030976355075836,0.085450500249862671,0.089702121913433075,3.5839103845284894,2
distill:m4-hourly,H8,TimesFM-laplace-qd,662,0.083107219256492115,0.086765065789222717,0.084078729152679443,0.075600907206535339,0.080613277852535248,0.083622105419635773,0.085732340812683105,0.086532607674598694,0.08859783411026001,0.091140471398830414,0.094422511756420135,3.8058363908910726,2
distill:m4-hourly,H8,Laplace-q-fixed-bandwidth,663,0.072954184261948996,0.075892624674674683,0.064405197232015488,0.069397524815373396,0.072080192817204375,0.074114056627902436,0.075931310745798397,0.077749289373008318,0.079785910618513006,0.082476667328177461,0.087503351294261844,3.9131635895432257,2
distill:m4-hourly,H8,TimesFM-zero-shot,663,0.072954184261948996,0.072231300175189972,0.069946281611919403,0.05694618821144104,0.063533887267112732,0.067658975720405579,0.069818593561649323,0.074490189552307129,0.076222285628318787,0.078778080642223358,0.082915119826793671,3.5036991967614579,2
distill:m4-hourly,H8,TimesFM-laplace-qd,663,0.072954184261948996,0.076308213174343109,0.073211729526519775,0.064927339553833008,0.070084996521472931,0.073042303323745728,0.075172692537307739,0.076298870146274567,0.078508198261260986,0.081511899828910828,0.085207462310791016,3.8162128767647312,2
distill:m4-hourly,H8,Laplace-q-fixed-bandwidth,664,0.038734509181139742,0.057861494922705224,0.046942592139034831,0.051660231148284733,0.054208790194971879,0.056155342259918764,0.057899971836615272,0.059645277046386232,0.061594390023773635,0.064150426375024716,0.068901075685573104,1.5135318220743541,2
distill:m4-hourly,H8,TimesFM-zero-shot,664,0.038734509181139742,0.058298364281654358,0.056762736290693283,0.042048703879117966,0.04869828000664711,0.0529182069003582,0.055364023894071579,0.06043555960059166,0.062584571540355682,0.065641678869724274,0.070418432354927063,0.32042449235257087,2
distill:m4-hourly,H8,TimesFM-laplace-qd,664,0.038734509181139742,0.059344351291656494,0.055589955300092697,0.047965958714485168,0.053330276161432266,0.056645579636096954,0.058824401348829269,0.060066618025302887,0.062624022364616394,0.065821029245853424,0.069896109402179718,-1.8820377426515329,2
distill:m4-hourly,H8,Laplace-q-fixed-bandwidth,665,0.034907884059128591,0.043273871257578825,0.031013808434607604,0.036359960684354722,0.039237100957653974,0.041394323100393482,0.043312128031894069,0.045230729455323644,0.047390992362444984,0.050277062337019875,0.055657998379605007,3.0833539702861215,2
distill:m4-hourly,H8,TimesFM-zero-shot,665,0.034907884059128591,0.026816045865416527,0.026293808594346046,0.0095539484173059464,0.016757870092988014,0.021172134205698967,0.023785505443811417,0.029545029625296593,0.032082274556159973,0.035635307431221008,0.041201546788215637,3.0880875153160394,2
distill:m4-hourly,H8,TimesFM-laplace-qd,665,0.034907884059128591,0.04133225604891777,0.038164082914590836,0.030123855918645859,0.035573966801166534,0.039028707891702652,0.041526097804307938,0.042794015258550644,0.045593526214361191,0.049121681600809097,0.053849082440137863,3.900668590166088,2
distill:m4-hourly,H8,Laplace-q-fixed-bandwidth,666,0.013173843218170944,0.031829670512894474,0.019506994256962305,0.024877701072515225,0.027775337910825502,0.029942795608656918,0.031867417461940342,0.033792845333646702,0.035963381219482449,0.038870045950415225,0.04427506082464757,1.7382401971210486,2
distill:m4-hourly,H8,TimesFM-zero-shot,666,0.013173843218170944,0.026630517095327377,0.026442725211381912,0.012611910700798035,0.018890488892793655,0.022218741476535797,0.024244479835033417,0.029168112203478813,0.030985072255134583,0.034130945801734924,0.038796786218881607,1.7522050022792734,2
distill:m4-hourly,H8,TimesFM-laplace-qd,666,0.013173843218170944,0.028929309919476509,0.025157874450087547,0.018764926120638847,0.023888899013400078,0.026687780395150185,0.0289299376308918,0.030587442219257355,0.033254928886890411,0.037320926785469055,0.041691143065690994,0.14505718768494241,2
distill:m4-hourly,H8,Laplace-q-fixed-bandwidth,667,0.0043873302541896919,0.016950860050857774,0.0034500623253533183,0.0092701264369499485,0.012496041393265354,0.014882995833503745,0.01698867772279954,0.019095290476633227,0.021485802613530725,0.024721930427915081,0.03057528724773265,2.518624957369247,2
distill:m4-hourly,H8,TimesFM-zero-shot,667,0.0043873302541896919,0.0031656201463192701,0.0036194848362356424,-0.010927597060799599,-0.0046914718113839626,-0.0012275599874556065,0.00069369259290397167,0.005730058066546917,0.0077584953978657722,0.011118128895759583,0.016089214012026787,3.3779796346837512,2
distill:m4-hourly,H8,TimesFM-laplace-qd,667,0.0043873302541896919,0.011511357501149178,0.0080853532999753952,0.00051259458996355534,0.0056417589075863361,0.0086374599486589432,0.011067802086472511,0.012661950662732124,0.015549646690487862,0.019541814923286438,0.023833101615309715,4.033429487993839,2
distill:m4-hourly,H8,Laplace-q-fixed-bandwidth,668,0.010196849982657241,0.0033679127564783884,-0.010596846883183252,-0.0046468335636976887,-0.001274110938318558,0.0012154425571043858,0.0034054381661542494,0.0055964234826462872,0.0080897521096173243,0.011473064671185054,0.01745497558930291,3.3497016269810573,2
distill:m4-hourly,H8,TimesFM-zero-shot,668,0.010196849982657241,-0.0021331708412617445,-0.001589909428730607,-0.013316645286977291,-0.0083034662529826164,-0.005395231768488884,-0.0040176147595047951,-2.431776374578476e-05,0.0016218433156609535,0.0041876416653394699,0.0078293979167938232,2.5906556596460417,2
distill:m4-hourly,H8,TimesFM-laplace-qd,668,0.010196849982657241,0.0010609993478283286,-0.0023056443314999342,-0.0086999954655766487,-0.0039834734052419662,-0.0010431192349642515,0.0010005445219576359,0.0020748695824295282,0.0047786310315132141,0.008206566795706749,0.012106612324714661,2.9094977642878979,2
distill:m4-hourly,H8,Laplace-q-fixed-bandwidth,669,-0.023312641938536771,-0.01275640999377611,-0.02648868351665367,-0.020624530894407106,-0.017314575860177206,-0.014870461932073668,-0.012719320991751186,-0.010567214065886616,-0.0081194145717636886,-0.0047990724058289882,0.0010968114970962058,2.806748294795629,2
distill:m4-hourly,H8,TimesFM-zero-shot,669,-0.023312641938536771,-0.0035825320519506931,-0.0033612302504479885,-0.016046635806560516,-0.010781774297356606,-0.0075811692513525486,-0.0057760723866522312,-0.0014944737777113914,0.00029916572384536266,0.00284404749982059,0.0069016218185424805,-1.9200839680532682,2
distill:m4-hourly,H8,TimesFM-laplace-qd,669,-0.023312641938536771,-0.008970893919467926,-0.012990895658731461,-0.019423024728894234,-0.014724336564540863,-0.011550664901733398,-0.009152878075838089,-0.0081710219383239746,-0.0052979611791670322,-0.0016408436931669712,0.0030872770585119724,1.110311182055884,2
distill:m4-hourly,H8,Laplace-q-fixed-bandwidth,670,-0.037211617857670021,-0.028490446941532376,-0.042438241921401013,-0.03653336864032615,-0.033148309207301371,-0.030649618248601282,-0.028453696873369703,-0.026256777279496879,-0.023754292162616958,-0.020358722619983324,-0.014423183426357129,3.0789839876283636,2
distill:m4-hourly,H8,TimesFM-zero-shot,670,-0.037211617857670021,-0.035474818199872971,-0.034704402089118958,-0.049140293151140213,-0.04345664381980896,-0.040023855865001678,-0.037794061005115509,-0.033038076013326645,-0.030992923304438591,-0.027987152338027954,-0.022978890687227249,3.4014662185842228,2
distill:m4-hourly,H8,TimesFM-laplace-qd,670,-0.037211617857670021,-0.033153437077999115,-0.036301512271165848,-0.044128444045782089,-0.039555050432682037,-0.036174338310956955,-0.033356711268424988,-0.032011833041906357,-0.029070138931274414,-0.025274252519011497,-0.019891481846570969,3.5435188693106028,2
distill:m4-hourly,H8,Laplace-q-fixed-bandwidth,671,-0.043361753026825767,-0.040896090104235901,-0.054837976955416375,-0.04895734022169123,-0.045564835492311613,-0.043060022987636414,-0.040859725609963239,-0.038658426305173306,-0.036149808327979462,-0.032746842184133394,-0.026836174733879059,3.7950817466265723,2
distill:m4-hourly,H8,TimesFM-zero-shot,671,-0.043361753026825767,-0.042270570993423462,-0.040942519903182983,-0.054824639111757278,-0.049537640064954758,-0.046499159187078476,-0.044480159878730774,-0.040116641670465469,-0.038254104554653168,-0.035133771598339081,-0.030370902270078659,3.47610801763815,2
distill:m4-hourly,H8,TimesFM-laplace-qd,671,-0.043361753026825767,-0.044493783265352249,-0.0458984375,-0.054788835346698761,-0.050325371325016022,-0.047303114086389542,-0.044766243547201157,-0.043201770633459091,-0.040750656276941299,-0.036838691681623459,-0.031850073486566544,3.7130116192835336,2
distill:m4-hourly,H8,Laplace-q-fixed-bandwidth,672,-0.027263079701725701,-0.03240278853426895,-0.045730293142080838,-0.040033727147952974,-0.03682477984629684,-0.034454135928017326,-0.032366852936973653,-0.030278641721436305,-0.027904455122173686,-0.024685500718953406,-0.018958119074172167,3.580735499217556,2
distill:m4-hourly,H8,TimesFM-zero-shot,672,-0.027263079701725701,-0.037966474890708923,-0.037189733237028122,-0.049529504030942917,-0.044634096324443817,-0.042009539902210236,-0.040261499583721161,-0.035680755972862244,-0.033982470631599426,-0.030996466055512428,-0.026396039873361588,2.837980331581325,2
distill:m4-hourly,H8,TimesFM-laplace-qd,672,-0.027263079701725701,-0.035859629511833191,-0.037253517657518387,-0.046102717518806458,-0.041393831372261047,-0.038671065121889114,-0.036559354513883591,-0.034978203475475311,-0.032809995114803314,-0.029399458318948746,-0.025463620200753212,2.9237859242353212,2
distill:m4-hourly,H8,Laplace-q-fixed-bandwidth,673,-0.036521577849445208,-0.036976433095297322,-0.049919776744424743,-0.044356959890826594,-0.041256721870989263,-0.038963211810269113,-0.036940907589815643,-0.034917716963883627,-0.032620820635043193,-0.029510912454314631,-0.023917131789116034,3.9560098059276427,2
distill:m4-hourly,H8,TimesFM-zero-shot,673,-0.036521577849445208,-0.034926313906908035,-0.033896591514348984,-0.047299325466156006,-0.042067531496286392,-0.039097242057323456,-0.037302292883396149,-0.032396193593740463,-0.030428655445575714,-0.027127016335725784,-0.022173574194312096,3.451199553627363,2
distill:m4-hourly,H8,TimesFM-laplace-qd,673,-0.036521577849445208,-0.039167210459709167,-0.040831476449966431,-0.048701610416173935,-0.044228553771972656,-0.041427310556173325,-0.039019808173179626,-0.037697374820709229,-0.035760346800088882,-0.032633941620588303,-0.028580570593476295,3.8286016439918082,2
distill:m4-hourly,H8,Laplace-q-fixed-bandwidth,674,-0.07860942233119772,-0.078691428350407711,-0.090931550648063769,-0.085622526429054602,-0.082721961336083893,-0.080565062936228587,-0.078656217324802907,-0.076746563199062562,-0.074586571560677911,-0.071677017339920879,-0.066336444355332813,4.0182598684482231,2
distill:m4-hourly,H8,TimesFM-zero-shot,674,-0.07860942233119772,-0.066225111484527588,-0.06580246239900589,-0.078354015946388245,-0.07344876229763031,-0.070574007928371429,-0.068730823695659637,-0.06357024610042572,-0.061599757522344589,-0.058258254081010818,-0.052511163055896759,1.6470586778919043,2
distill:m4-hourly,H8,TimesFM-laplace-qd,674,-0.07860942233119772,-0.080634668469429016,-0.081815175712108612,-0.090006269514560699,-0.086033657193183899,-0.083318717777729034,-0.080656886100769043,-0.07910715788602829,-0.077169410884380341,-0.0738520547747612,-0.068804793059825897,3.7678585986276723,2
distill:m4-hourly,H8,Laplace-q-fixed-bandwidth,675,-0.09194739864872048,-0.096233444419946704,-0.10776800284384905,-0.10274594496978215,-0.10003475104161641,-0.098003457761554669,-0.096198474181341143,-0.094392753800632972,-0.092358646399612082,-0.089639204304048203,-0.084585533119454187,3.7523338673942304,2
distill:m4-hourly,H8,TimesFM-zero-shot,675,-0.09194739864872048,-0.089424632489681244,-0.089305676519870758,-0.099456414580345154,-0.095225989818572998,-0.093030191957950592,-0.09148145467042923,-0.08715994656085968,-0.085687257349491119,-0.082587510347366333,-0.077431812882423401,3.7170014021709874,2
distill:m4-hourly,H8,TimesFM-laplace-qd,675,-0.09194739864872048,-0.095377072691917419,-0.095612943172454834,-0.10486000031232834,-0.10072503238916397,-0.09795321524143219,-0.095674097537994385,-0.094240628182888031,-0.092456839978694916,-0.089742265641689301,-0.085664980113506317,3.7412961230217867,2
distill:m4-hourly,H8,Laplace-q-fixed-bandwidth,676,-0.075337935533706712,-0.082871167383194097,-0.093987410096982055,-0.089148925375957089,-0.086543564596429784,-0.084582689222533841,-0.082836513116868515,-0.081089638996330871,-0.079126101503661672,-0.076512928732707153,-0.071643263237540084,3.2033311640696498,2
distill:m4-hourly,H8,TimesFM-zero-shot,676,-0.075337935533706712,-0.079941816627979279,-0.079979203641414642,-0.089850239455699921,-0.085642799735069275,-0.083171680569648743,-0.081617198884487152,-0.077518656849861145,-0.075718648731708527,-0.072668872773647308,-0.067418545484542847,3.3908743990595243,2
distill:m4-hourly,H8,TimesFM-laplace-qd,676,-0.075337935533706712,-0.08377721905708313,-0.082722470164299011,-0.093799129128456116,-0.089453071355819702,-0.086523815989494324,-0.084013104438781738,-0.082321219146251678,-0.080454491078853607,-0.077689312398433685,-0.073590949177742004,3.0042120382371911,2
distill:m4-hourly,H8,Laplace-q-fixed-bandwidth,677,-0.062138699651521634,-0.063670012380440372,-0.074820311436185866,-0.069966753420343919,-0.067349723119070531,-0.065384281536741085,-0.063635830015520339,-0.061886675083390637,-0.059918547447732361,-0.057293640386604373,-0.052409264319000927,4.0637350811759099,2
distill:m4-hourly,H8,TimesFM-zero-shot,677,-0.062138699651521634,-0.058757267892360687,-0.05829586461186409,-0.069626301527023315,-0.06494458019733429,-0.0621955506503582,-0.06058361753821373,-0.056522723287343979,-0.054737076163291931,-0.051752712577581406,-0.046657722443342209,3.7686860664202246,2
distill:m4-hourly,H8,TimesFM-laplace-qd,677,-0.062138699651521634,-0.063795208930969238,-0.061213746666908264,-0.074194185435771942,-0.069641083478927612,-0.066534779965877533,-0.064234249293804169,-0.062714762985706329,-0.06057412177324295,-0.0579267218708992,-0.053929056972265244,3.8200896502478141,2
distill:m4-hourly,H8,Laplace-q-fixed-bandwidth,678,-0.04634033725870168,-0.04766518725444089,-0.058181579759101987,-0.053616005850844445,-0.051157012579327421,-0.049294487875500503,-0.047631182673691333,-0.045967231991465365,-0.044102250314816335,-0.041636056267941202,-0.037040389360812068,4.1250010965953443,2
distill:m4-hourly,H8,TimesFM-zero-shot,678,-0.04634033725870168,-0.047028768807649612,-0.045963671058416367,-0.059019401669502258,-0.054174277931451797,-0.050954412668943405,-0.04904569685459137,-0.044397525489330292,-0.042469564825296402,-0.039412900805473328,-0.03406810387969017,3.4329358691394085,2
distill:m4-hourly,H8,TimesFM-laplace-qd,678,-0.04634033725870168,-0.048655316233634949,-0.044712156057357788,-0.060270093381404877,-0.055650830268859863,-0.052148371934890747,-0.049386337399482727,-0.047961484640836716,-0.04589187353849411,-0.043076198548078537,-0.038910847157239914,3.7337962325772764,2
distill:m4-hourly,H8,Laplace-q-fixed-bandwidth,679,-0.030003994983832882,-0.032966746629491124,-0.042870397962488212,-0.038599951047840662,-0.036286420569043,-0.03451809647778839,-0.03293286605579749,-0.031347041980525403,-0.029576468014614291,-0.027256381892893526,-0.022957147885475253,4.0096019090392927,2
distill:m4-hourly,H8,TimesFM-zero-shot,679,-0.030003994983832882,-0.029870400205254555,-0.030153421685099602,-0.042635239660739899,-0.037593238055706024,-0.034539498388767242,-0.032380074262619019,-0.027216678485274315,-0.025082072243094444,-0.021674247458577156,-0.016023017466068268,3.3302868263103917,2
distill:m4-hourly,H8,TimesFM-laplace-qd,679,-0.030003994983832882,-0.031044552102684975,-0.027025019749999046,-0.042873397469520569,-0.038518637418746948,-0.035168714821338654,-0.032240472733974457,-0.030713174492120743,-0.028462424874305725,-0.025421055033802986,-0.020961688831448555,3.7118893604225858,2
distill:m4-hourly,H8,Laplace-q-fixed-bandwidth,680,-0.0051487020086486979,-0.0094744232614275524,-0.018917420334439446,-0.014875212927345088,-0.012667279919666402,-0.010968127727059018,-0.0094407218614384544,-0.0079127577492458315,-0.0062115042693654324,-0.0039974816564745785,7.2127008417583127e-05,3.8086328517032957,2
distill:m4-hourly,H8,TimesFM-zero-shot,680,-0.0051487020086486979,-0.0064094159752130508,-0.0079865064471960068,-0.017431365326046944,-0.013234851881861687,-0.010759816505014896,-0.0088273193687200546,-0.0040307170711457729,-0.0024730365257710218,0.00051890872418880463,0.005322539247572422,3.4618685579527213,2
distill:m4-hourly,H8,TimesFM-laplace-qd,680,-0.0051487020086486979,-0.0063606486655771732,-0.0028976325411349535,-0.01701667532324791,-0.013029227964580059,-0.01029314287006855,-0.0079271569848060608,-0.0065222429111599922,-0.0045513012446463108,-0.0017577853286638856,0.0018895538523793221,3.7750171927906369,2
distill:m4-hourly,H8,Laplace-q-fixed-bandwidth,681,0.034164066165541129,0.027613755678351521,0.018455525330523189,0.02235782104809983,0.024501271499619233,0.026156820110054227,0.027647164484243786,0.029138044148822713,0.030795608252282926,0.032944876869055978,0.036873577367936339,3.349432422215584,2
distill:m4-hourly,H8,TimesFM-zero-shot,681,0.034164066165541129,0.024558598175644875,0.023169515654444695,0.011101161129772663,0.016496505588293076,0.019688112661242485,0.021994652226567268,0.027360469102859497,0.02914000116288662,0.03237798810005188,0.037103429436683655,3.0436556331377753,2
distill:m4-hourly,H8,TimesFM-laplace-qd,681,0.034164066165541129,0.031012604013085365,0.034678250551223755,0.019606083631515503,0.024078421294689178,0.027040893211960793,0.029565466567873955,0.030966514721512794,0.032932370901107788,0.035800851881504059,0.039300493896007538,3.5845733537727567,2
distill:m4-hourly,H8,Laplace-q-fixed-bandwidth,682,0.053014171234618601,0.042995716109415938,0.033816089215738754,0.037738622795764024,0.039885870864943732,0.041540481924021891,0.043028603191705997,0.044517261739492303,0.046173901246443078,0.048327017257131469,0.052276014515917665,2.6656150162674392,2
distill:m4-hourly,H8,TimesFM-zero-shot,682,0.053014171234618601,0.044292517006397247,0.042966034263372421,0.029398320242762566,0.035444606095552444,0.038992322981357574,0.041474159806966782,0.047434553503990173,0.049546673893928528,0.053098287433385849,0.058236323297023773,3.0952393293346701,2
distill:m4-hourly,H8,TimesFM-laplace-qd,682,0.053014171234618601,0.049173790961503983,0.05195058137178421,0.037797901779413223,0.042577885091304779,0.04527263343334198,0.04763556644320488,0.048908166587352753,0.050932858139276505,0.053926695138216019,0.057365547865629196,3.4533218937758505,2
distill:m4-hourly,H8,Laplace-q-fixed-bandwidth,683,0.051972129141825363,0.053282581702994603,0.043614381194089294,0.047791120988104979,0.050050320366251205,0.051772574780817454,0.053314781388451762,0.054857565935137437,0.056582015330552834,0.058847620529725517,0.063052060823718281,4.194492470891567,2
distill:m4-hourly,H8,TimesFM-zero-shot,683,0.051972129141825363,0.058452442288398743,0.057185307145118713,0.043503597378730774,0.049320988357067108,0.052866727113723755,0.055355951189994812,0.061553686857223511,0.063617609441280365,0.066819243133068085,0.071894869208335876,3.4109561707968297,2
distill:m4-hourly,H8,TimesFM-laplace-qd,683,0.051972129141825363,0.055066000670194626,0.056467730551958084,0.044228330254554749,0.048422489315271378,0.051242794841527939,0.05355348065495491,0.05505785346031189,0.05702664703130722,0.059489201754331589,0.063204191625118256,3.9288735439590239,2
distill:m4-hourly,H8,Laplace-q-fixed-bandwidth,684,0.062329089457916709,0.073301903305341823,0.064190115990995791,0.068091340918730189,0.070222068627655079,0.071861025413785765,0.07333401020068292,0.07480752769344115,0.076448498714366833,0.078585063438758831,0.082512453513449199,2.4899613611554514,2
distill:m4-hourly,H8,TimesFM-zero-shot,684,0.062329089457916709,0.071373067796230316,0.070048019289970398,0.057395555078983307,0.06304612010717392,0.066248700022697449,0.06847584992647171,0.074386321008205414,0.076244436204433441,0.079496614634990692,0.084726929664611816,3.3454097602297033,2
distill:m4-hourly,H8,TimesFM-laplace-qd,684,0.062329089457916709,0.073534093797206879,0.073937408626079559,0.065055400133132935,0.068553701043128967,0.070711702108383179,0.072512038052082062,0.07387378066778183,0.075594305992126465,0.07806830108165741,0.082226909697055817,0.35665708395609474,2
distill:m4-hourly,H8,Laplace-q-fixed-bandwidth,685,0.069928599641373879,0.081389301394018468,0.071657846517740209,0.075873156785766227,0.078148413780052411,0.079876175683803577,0.081420754668460368,0.082965919284482659,0.084695905993877343,0.086977672201651562,0.091220494283707154,2.4506767224368358,2
distill:m4-hourly,H8,TimesFM-zero-shot,685,0.069928599641373879,0.075334407389163971,0.07352495938539505,0.059279736131429672,0.065630652010440826,0.069478228688240051,0.072321109473705292,0.078528635203838348,0.08090740442276001,0.084654055535793304,0.090627558529376984,3.2474011971457095,2
distill:m4-hourly,H8,TimesFM-laplace-qd,685,0.069928599641373879,0.08277544379234314,0.081986948847770691,0.073329001665115356,0.077263399958610535,0.079566530883312225,0.081453204154968262,0.083049200475215912,0.085311703383922577,0.088245734572410583,0.092464633285999298,0.1429616591411651,2
distill:m4-hourly,H8,Laplace-q-fixed-bandwidth,686,0.074907253327667789,0.083007378098164247,0.072628907164919362,0.0771411115460887,0.079580262825923606,0.081410719667148732,0.083038339241726669,0.084666603726856068,0.086499524642316264,0.088945888601758741,0.093485912876333024,3.0566094019704355,2
distill:m4-hourly,H8,TimesFM-zero-shot,686,0.074907253327667789,0.075029663741588593,0.073894709348678589,0.059883080422878265,0.066283628344535828,0.070012189447879791,0.072666220366954803,0.077865466475486755,0.080235965549945831,0.083232909440994263,0.088699497282505035,3.2913037373885308,2
distill:m4-hourly,H8,TimesFM-laplace-qd,686,0.074907253327667789,0.08714430034160614,0.086278967559337616,0.077022001147270203,0.081473208963871002,0.083572737872600555,0.085453584790229797,0.08710845559835434,0.089714094996452332,0.092988215386867523,0.097351804375648499,0.77716589339174225,2
distill:m4-hourly,H8,Laplace-q-fixed-bandwidth,687,0.067628056207537313,0.071769437115886625,0.061204702212465073,0.065792364520027402,0.068284716914339988,0.070147309000783586,0.071799964318078224,0.073453285775581884,0.075318424194693201,0.077818206213776692,0.082433264644197396,3.7979834621365001,2
distill:m4-hourly,H8,TimesFM-zero-shot,687,0.067628056207537313,0.065009407699108124,0.06490645557641983,0.050295233726501465,0.056634414941072464,0.060435466468334198,0.062632322311401367,0.067824520170688629,0.070568114519119263,0.074098043143749237,0.080055303871631622,3.2570780416553955,2
distill:m4-hourly,H8,TimesFM-laplace-qd,687,0.067628056207537313,0.074298262596130371,0.073755510151386261,0.064140565693378448,0.068697571754455566,0.070992253720760345,0.072874195873737335,0.074811831116676331,0.077650986611843109,0.081541061401367188,0.086773701012134552,3.6208906448001978,2
distill:m4-hourly,H8,Laplace-q-fixed-bandwidth,688,0.059608385318108859,0.045224179165496786,0.035002887135371578,0.039444950204112185,0.041848698140338557,0.043651671789784491,0.045254405449314077,0.046857773145966702,0.048663169233484023,0.051074002750305568,0.055543203014020881,2.0825806513485285,2
distill:m4-hourly,H8,TimesFM-zero-shot,688,0.059608385318108859,0.04650656133890152,0.046611014753580093,0.033307973295450211,0.038889486342668533,0.042303603142499924,0.04413609579205513,0.048992160707712173,0.051273439079523087,0.054341591894626617,0.059677537530660629,2.6002188206582533,2
distill:m4-hourly,H8,TimesFM-laplace-qd,688,0.059608385318108859,0.047493990510702133,0.045610696077346802,0.038460150361061096,0.042723406106233597,0.045127686113119125,0.046753332018852234,0.048281487077474594,0.050964593887329102,0.054130982607603073,0.058620259165763855,2.504419548287657,2
distill:m4-hourly,H8,Laplace-q-fixed-bandwidth,689,0.050842842368664876,0.038307268678376478,0.02720691830015794,0.03199125979074853,0.03463820424469459,0.036602252929454321,0.03833737889197622,0.040073227529714553,0.042040040904907469,0.044694934786234569,0.049505727159058585,2.4010977226802703,2
distill:m4-hourly,H8,TimesFM-zero-shot,689,0.050842842368664876,0.043792959302663803,0.043959617614746094,0.02878367155790329,0.035004153847694397,0.038992412388324738,0.041190475225448608,0.046618681401014328,0.049019873142242432,0.052560217678546906,0.058610852807760239,3.1278277368766387,2
distill:m4-hourly,H8,TimesFM-laplace-qd,689,0.050842842368664876,0.040089406073093414,0.0371231809258461,0.03054257296025753,0.034987442195415497,0.037848226726055145,0.039829183369874954,0.041440464556217194,0.044274874031543732,0.047683507204055786,0.052862260490655899,2.6767306287214421,2
distill:m4-hourly,H8,Laplace-q-fixed-bandwidth,690,0.03623781692559902,0.020607873944164634,0.0089062464148953104,0.013874769478528472,0.016704698334118979,0.018796791132582719,0.020637856007882073,0.022479713851523742,0.024574825190028741,0.027413182342163826,0.032406901317331607,2.0666396393976996,2
distill:m4-hourly,H8,TimesFM-zero-shot,690,0.03623781692559902,0.031538121402263641,0.030822008848190308,0.016950909048318863,0.023289073258638382,0.026757199317216873,0.029058761894702911,0.03417518362402916,0.036415476351976395,0.040002472698688507,0.045606795698404312,3.262028573775102,2
distill:m4-hourly,H8,TimesFM-laplace-qd,690,0.03623781692559902,0.019101450219750404,0.014410506002604961,0.0103592649102211,0.014598105102777481,0.016824262216687202,0.018787236884236336,0.020200122147798538,0.023076731711626053,0.026868436485528946,0.031689751893281937,2.0692535301046773,2
distill:m4-hourly,H8,Laplace-q-fixed-bandwidth,691,0.016776634693705716,0.0085446500400356007,-0.0039382216348843469,0.0012334867285039917,0.004303531694828824,0.0065785644091007293,0.0085749168771052462,0.010572151735200609,0.012850508295646395,0.015929368910734577,0.021124873513506781,3.1423380323477748,2
distill:m4-hourly,H8,TimesFM-zero-shot,691,0.016776634693705716,0.019457867369055748,0.01964234746992588,0.0048668067902326584,0.01113696675747633,0.014750631526112556,0.01684238575398922,0.022295521572232246,0.024630190804600716,0.028332509100437164,0.034216288477182388,3.359353384123017,2
distill:m4-hourly,H8,TimesFM-laplace-qd,691,0.016776634693705716,0.010208835825324059,0.0057027833536267281,-0.00073668989352881908,0.0044072428718209267,0.0072956797666847706,0.0095823714509606361,0.011604292318224907,0.01455515343695879,0.01844804547727108,0.023303203284740448,3.1963002436714967,2
distill:m4-hourly,H8,Laplace-q-fixed-bandwidth,692,0.0029931180681312952,0.008593805090326272,-0.0039178228180586812,0.0012357660461271146,0.0043226664926854126,0.0066137951060098853,0.0086237931209852889,0.010634680903575958,0.012929149830711216,0.016024799363999333,0.021201625962921761,3.5307626456911492,2
distill:m4-hourly,H8,TimesFM-zero-shot,692,0.0029931180681312952,0.0047143786214292049,0.0050343750044703484,-0.0088920081034302711,-0.0029411292634904385,0.00032638316042721272,0.0021234964951872826,0.0072987489402294159,0.0096744513139128685,0.013193328864872456,0.018505489453673363,3.3960974549089054,2
distill:m4-hourly,H8,TimesFM-laplace-qd,692,0.0029931180681312952,0.0058689671568572521,0.00159890775103122,-0.0048658177256584167,0.00028287572786211967,0.0031698241364210844,0.005495462566614151,0.0074189752340316772,0.010025955736637115,0.013651588000357151,0.018206477165222168,3.6827258386429649,2
distill:m4-hourly,H8,Laplace-q-fixed-bandwidth,693,-0.0054441609879276598,-0.016993788872350063,-0.029278667007712863,-0.024194578943395835,-0.02117171940324291,-0.01893072528910366,-0.016964172701813499,-0.014996754013363128,-0.012752501432903065,-0.0097210174279483853,-0.0046137053222058411,2.6434575979241712,2
distill:m4-hourly,H8,TimesFM-zero-shot,693,-0.0054441609879276598,-0.013796862214803696,-0.013401774689555168,-0.027767522260546684,-0.021785475313663483,-0.018394578248262405,-0.016377739608287811,-0.011426633223891258,-0.0094538293778896332,-0.0065551670268177986,-0.0015319411177188158,3.1164326443467423,2
distill:m4-hourly,H8,TimesFM-laplace-qd,693,-0.0054441609879276598,-0.019833138212561607,-0.024583207443356514,-0.030344640836119652,-0.025387940928339958,-0.022420357912778854,-0.02004806324839592,-0.018463686108589172,-0.015822041779756546,-0.012552199885249138,-0.0080540981143712997,2.3267550802264667,2
distill:m4-hourly,H8,Laplace-q-fixed-bandwidth,694,-0.02317938438127598,-0.0326202160337744,-0.045249989979800141,-0.040114235153126357,-0.036978626827770422,-0.034641082191289641,-0.032590632986375247,-0.030539274739322299,-0.028198348323770307,-0.025054126334941036,-0.019896141781137383,2.976620934069909,2
distill:m4-hourly,H8,TimesFM-zero-shot,694,-0.02317938438127598,-0.023015249520540237,-0.021691715344786644,-0.035815995186567307,-0.030394703149795532,-0.02720152959227562,-0.025274775922298431,-0.020567800849676132,-0.01886029914021492,-0.016196003183722496,-0.011142751201987267,3.4625712801861162,2
distill:m4-hourly,H8,TimesFM-laplace-qd,694,-0.02317938438127598,-0.033439818769693375,-0.037275467067956924,-0.042884577065706253,-0.038310717791318893,-0.035175375640392303,-0.032872166484594345,-0.032015420496463776,-0.029517635703086853,-0.026779066771268845,-0.022508706897497177,2.7799193207435797,2
distill:m4-hourly,H8,Laplace-q-fixed-bandwidth,695,-0.041041997020201393,-0.041986617017407683,-0.054737663885265617,-0.04960591488158822,-0.046426621788579009,-0.044046035362694413,-0.041957204762563899,-0.039867449814972117,-0.037483446647373464,-0.034295648124623809,-0.029142308322817029,3.9173559005406364,2
distill:m4-hourly,H8,TimesFM-zero-shot,695,-0.041041997020201393,-0.037444628775119781,-0.036536652594804764,-0.05190952867269516,-0.045786473900079727,-0.04233209416270256,-0.040183365345001221,-0.034922685474157333,-0.032970380038022995,-0.029982659965753555,-0.025090994313359261,3.4304030713445535,2
distill:m4-hourly,H8,TimesFM-laplace-qd,695,-0.041041997020201393,-0.045944858342409134,-0.048634722828865051,-0.056969832628965378,-0.051917269825935364,-0.048752207309007645,-0.046348508447408676,-0.044551309198141098,-0.042089004069566727,-0.039076361805200577,-0.034867316484451294,3.5085937063181873,2
distill:m4-hourly,H8,Laplace-q-fixed-bandwidth,696,-0.03364376988653639,-0.031034248489185193,-0.043274353377974993,-0.038249556611391775,-0.035224817432657207,-0.032977184120509977,-0.031005302887679928,-0.029032555541732841,-0.026781676900276219,-0.023748495136890133,-0.018701449873372966,3.8776849814813614,2
distill:m4-hourly,H8,TimesFM-zero-shot,696,-0.03364376988653639,-0.040115829557180405,-0.03899809718132019,-0.053411196917295456,-0.047792777419090271,-0.044785041362047195,-0.042806051671504974,-0.037581369280815125,-0.035593602806329727,-0.032372336834669113,-0.027078237384557724,3.2097743117142237,2
distill:m4-hourly,H8,TimesFM-laplace-qd,696,-0.03364376988653639,-0.033445030450820923,-0.035635463893413544,-0.044387489557266235,-0.039304338395595551,-0.0364181287586689,-0.033973827958106995,-0.032178901135921478,-0.029894214123487473,-0.027050904929637909,-0.02297060564160347,3.7940406740627344,2
distill:m4-hourly,H8,Laplace-q-fixed-bandwidth,697,-0.033443613218985035,-0.035507968080915324,-0.047290408957127474,-0.042379303174131501,-0.03949300146471902,-0.03735596315402951,-0.035479427755211922,-0.033602079129578778,-0.031461967759865067,-0.028567400292455684,-0.023633492880669522,3.9613944205462861,2
distill:m4-hourly,H8,TimesFM-zero-shot,697,-0.033443613218985035,-0.041637226939201355,-0.040709659457206726,-0.05382581427693367,-0.048607014119625092,-0.045632544904947281,-0.044020574539899826,-0.039425067603588104,-0.037751927971839905,-0.034871015697717667,-0.030280746519565582,3.1270753341599886,2
distill:m4-hourly,H8,TimesFM-laplace-qd,697,-0.033443613218985035,-0.036883611232042313,-0.038216203451156616,-0.04771769791841507,-0.04251958429813385,-0.03942381963133812,-0.036857191473245621,-0.035373397171497345,-0.033343564718961716,-0.030843622982501984,-0.027249764651060104,3.7876623717617726,2
distill:m4-hourly,H8,Laplace-q-fixed-bandwidth,698,-0.078903531918712133,-0.078046602133324691,-0.089326154434453492,-0.084554712167371204,-0.081820101208003648,-0.079797646832816843,-0.078018425011061543,-0.076238447870655035,-0.074213120481126799,-0.071470537432612002,-0.066675654948315649,4.0717073884405597,2
distill:m4-hourly,H8,TimesFM-zero-shot,698,-0.078903531918712133,-0.0632048100233078,-0.062856234610080719,-0.077440649271011353,-0.071519441902637482,-0.068184822797775269,-0.066009923815727234,-0.060590781271457672,-0.058181837201118469,-0.05457465723156929,-0.048402290791273117,1.0400394427092161,2
distill:m4-hourly,H8,TimesFM-laplace-qd,698,-0.078903531918712133,-0.077579982578754425,-0.078911855816841125,-0.088930673897266388,-0.083610497415065765,-0.080331400036811829,-0.077580712735652924,-0.076077640056610107,-0.073954977095127106,-0.071547634899616241,-0.067142248153686523,3.7474293688967868,2
distill:fred-econ,T10Y2Y,Laplace-q-fixed-bandwidth,12468,0,0.0020476701461420842,-0.020022763939757431,-0.019655432520102115,-0.01004576317739308,-0.0099094935985833531,-0.00011689412122728462,0.003398179607148341,0.0099761918089052559,0.01149469496495085,0.030100735013727384,2.9337618524961213,2
distill:fred-econ,T10Y2Y,TimesFM-zero-shot,12468,0,-0.00042350514559075236,-0.00028605814441107213,-0.029954396188259125,-0.019457073882222176,-0.012062966823577881,-0.0061169895343482494,0.0053425850346684456,0.011403618380427361,0.018683366477489471,0.029497068375349045,2.446781755372248,2
distill:fred-econ,T10Y2Y,TimesFM-laplace-qd,12468,0,7.452676072716713e-05,0.00011509784962981939,-0.025991570204496384,-0.016415815800428391,-0.0091829821467399597,-0.0031735177617520094,0.0034220907837152481,0.0095346011221408844,0.016550464555621147,0.026304507628083229,2.7014589926587993,2
distill:fred-econ,T10Y2Y,Laplace-q-fixed-bandwidth,12469,0.020000000000000018,-0.00014615427307513272,-0.0200302827158741,-0.019633303566174341,-0.010047999500612706,-0.0099077592504112893,-0.00015675556384515927,8.4976089456671489e-05,0.0098467648448538354,0.010076998049590271,0.022081961888402488,2.1248302649755946,2
distill:fred-econ,T10Y2Y,TimesFM-zero-shot,12469,0.020000000000000018,-0.0004361314931884408,-0.00012837655958719552,-0.030446868389844894,-0.019753165543079376,-0.012302317656576633,-0.006240644957870245,0.0054225176572799683,0.011517812497913837,0.018907500430941582,0.029686355963349342,2.2667044340194717,2
distill:fred-econ,T10Y2Y,TimesFM-laplace-qd,12469,0.020000000000000018,-0.00020278173906262964,0.0001785813074093312,-0.026876324787735939,-0.017074368894100189,-0.0097622433677315712,-0.0035703866742551327,0.0032147997990250587,0.0094684995710849762,0.016687793657183647,0.026636168360710144,2.2312326673313638,2
distill:fred-econ,T10Y2Y,Laplace-q-fixed-bandwidth,12470,0.039999999999999925,-0.0042712593156155896,-0.020192874188408809,-0.019946210397838449,-0.010183828675827452,-0.0099917733525102838,-0.0096266789808015438,-1.8219336751032683e-06,0.009821256433904569,0.010080473468334961,0.019984169082310745,0.54524473293933517,2
distill:fred-econ,T10Y2Y,TimesFM-zero-shot,12470,0.039999999999999925,-0.00094153970712795854,-0.00070711382431909442,-0.030441973358392715,-0.019897246733307838,-0.012546292506158352,-0.0066119902767241001,0.0047875386662781239,0.010779034346342087,0.017954388633370399,0.028489107266068459,1.2945668814289382,2
distill:fred-econ,T10Y2Y,TimesFM-laplace-qd,12470,0.039999999999999925,-0.00098557898309081793,-0.00081765593495219946,-0.026790071278810501,-0.017268111929297447,-0.010185410268604755,-0.0042125987820327282,0.0023036736529320478,0.0083807436749339104,0.015303214080631733,0.024821840226650238,1.026285848614394,2
distill:fred-econ,T10Y2Y,Laplace-q-fixed-bandwidth,12471,-0.049999999999999933,-0.0065014071874357881,-0.02938851709242055,-0.020031327772062249,-0.017553308537929559,-0.010045893473552992,-0.0098730757611615785,-5.7690789049727078e-05,0.0052243690749166731,0.010057460858728154,0.01997339406819992,0.39527667374176717,2
distill:fred-econ,T10Y2Y,TimesFM-zero-shot,12471,-0.049999999999999933,0.00049835356185212731,0.00059107982087880373,-0.029365664348006248,-0.018803393468260765,-0.011375042609870434,-0.0053221862763166428,0.0063569475896656513,0.01257161982357502,0.020012844353914261,0.03104950487613678,-2.030183877241369,2
distill:fred-econ,T10Y2Y,TimesFM-laplace-qd,12471,-0.049999999999999933,0.00012242597586009651,0.00023128141765482724,-0.026188012212514877,-0.016592280939221382,-0.009378763847053051,-0.0032449266873300076,0.003438818734139204,0.0097741261124610901,0.016949944198131561,0.026912398636341095,-4.4192369211270224,2
distill:fred-econ,T10Y2Y,Laplace-q-fixed-bandwidth,12472,-0.020000000000000018,0.011821334864480251,-0.019957102970697773,-0.010092933107001378,-0.0099104399193380467,-4.1746929928831018e-05,0.0097911854778044323,0.010117268095315414,0.019991417638503196,0.030961140465239095,0.052758603709100502,2.310574749672945,2
distill:fred-econ,T10Y2Y,TimesFM-zero-shot,12472,-0.020000000000000018,-0.00074870378011837602,-0.00081833219155669212,-0.032373107969760895,-0.021172324195504189,-0.013343274593353271,-0.0068894489668309689,0.0054475539363920689,0.011949212290346622,0.019803460687398911,0.030975423753261566,2.7317635779082914,2
distill:fred-econ,T10Y2Y,TimesFM-laplace-qd,12472,-0.020000000000000018,-0.00081430276622995734,-0.00085174286505207419,-0.029619995504617691,-0.019074302166700363,-0.011231840588152409,-0.0044652968645095825,0.0028255698271095753,0.0096267471089959145,0.017534472048282623,0.028005793690681458,2.5635103437807647,2
distill:fred-econ,T10Y2Y,Laplace-q-fixed-bandwidth,12473,0.020000000000000018,0.0038410564147779622,-0.020032299322770959,-0.019792294507403718,-0.0100294788865831,-0.0097701625520303995,2.0459775212551868e-05,0.0098270729380805465,0.010161708900468424,0.01997602547769136,0.029958301491206183,2.4000727469203929,2
distill:fred-econ,T10Y2Y,TimesFM-zero-shot,12473,0.020000000000000018,0.00014010127051733434,0.00047288619680330157,-0.030761308968067169,-0.019818689674139023,-0.012179004028439522,-0.0058082202449440956,0.0062251035124063492,0.012504749000072479,0.020142471417784691,0.031103396788239479,2.2715003274695502,2
distill:fred-econ,T10Y2Y,TimesFM-laplace-qd,12473,0.020000000000000018,5.0196802476420999e-05,0.00062552309827879071,-0.027620837092399597,-0.017519570887088776,-0.0099678253754973412,-0.0034234598278999329,0.0036004381254315376,0.010031653568148613,0.017537824809551239,0.027621380984783173,2.2441116960474701,2
distill:fred-econ,T10Y2Y,Laplace-q-fixed-bandwidth,12474,-0.010000000000000009,-0.0042144827450791046,-0.022702055264572987,-0.019995837583326251,-0.01633146055249525,-0.010023360315836578,-0.0094529490295233304,2.2161177606791446e-05,0.0098958506082686172,0.013675678102523278,0.020037564967162622,3.0284260822707365,2
distill:fred-econ,T10Y2Y,TimesFM-zero-shot,12474,-0.010000000000000009,0.0016313758678734303,0.0017626404296606779,-0.029724664986133575,-0.01860165037214756,-0.010781500488519669,-0.0043981196358799934,0.0077833253890275955,0.014137484133243561,0.021722143515944481,0.032723631709814072,2.644963245174238,2
distill:fred-econ,T10Y2Y,TimesFM-laplace-qd,12474,-0.010000000000000009,0.0010376535356044769,0.0013190801255404949,-0.027452148497104645,-0.017027471214532852,-0.0091775096952915192,-0.0025158459320664406,0.0046381182037293911,0.011273092590272427,0.018875883892178535,0.029178585857152939,2.7937059948305016,2
distill:fred-econ,T10Y2Y,Laplace-q-fixed-bandwidth,12475,-0.010000000000000009,0.0021049474809824117,-0.020029801930403657,-0.018810341734686268,-0.010037300099090523,-0.0098691182745102267,-4.7676163654219539e-05,0.007609311913358994,0.010109443917718265,0.019929696541710253,0.020355887350630267,2.8059977063175223,2
distill:fred-econ,T10Y2Y,TimesFM-zero-shot,12475,-0.010000000000000009,2.5606859708204865e-06,7.0310750743374228e-05,-0.030909696593880653,-0.019958071410655975,-0.012200042605400085,-0.0059511857107281685,0.0060801589861512184,0.0124663095921278,0.01998436450958252,0.030964093282818794,2.5674479726827153,2
distill:fred-econ,T10Y2Y,TimesFM-laplace-qd,12475,-0.010000000000000009,-0.00035430086427368224,-0.00016112904995679855,-0.028027419000864029,-0.017959946766495705,-0.01031209621578455,-0.003886419115588069,0.0031650359742343426,0.0097053404897451401,0.017099278047680855,0.02721916139125824,2.7835786394116608,2
distill:fred-econ,T10Y2Y,Laplace-q-fixed-bandwidth,12476,0,0.001804355706184321,-0.020015009366780537,-0.01234822335316877,-0.010036810446307411,-0.0099053467722837046,-0.0001209339202014842,0.0039830277007447254,0.010070653898187374,0.019913946657526931,0.020288002009110837,2.7829112871478356,2
distill:fred-econ,T10Y2Y,TimesFM-zero-shot,12476,0,-0.00077883084304630756,-0.000652880291454494,-0.031728982925415039,-0.020739605650305748,-0.013075203634798527,-0.0067608277313411236,0.0053436295129358768,0.011732324026525021,0.019425757229328156,0.030508371070027351,2.390777176345332,2
distill:fred-econ,T10Y2Y,TimesFM-laplace-qd,12476,0,-0.00046708140871487558,-0.00013266650785226375,-0.02792363241314888,-0.017874274402856827,-0.01037315558642149,-0.0039283246733248234,0.003026752732694149,0.009524371474981308,0.017069170251488686,0.027221260592341423,2.6387431221103057,2
distill:fred-econ,T10Y2Y,Laplace-q-fixed-bandwidth,12477,-0.010000000000000009,-0.00042514914607529747,-0.020034071346913318,-0.016353066057544656,-0.010047530611468288,-0.0099143525910210129,-0.00018776634262137351,7.6941734671190576e-05,0.0099167940909247725,0.017239065204516971,0.02007565394422578,3.187507780740122,2
distill:fred-econ,T10Y2Y,TimesFM-zero-shot,12477,-0.010000000000000009,-0.0025413210969418287,-0.0024488950148224831,-0.033511735498905182,-0.022513872012495995,-0.014872233383357525,-0.0085263755172491074,0.0035597849637269974,0.0098358932882547379,0.017519516870379448,0.028588982298970222,2.4389137538972716,2
distill:fred-econ,T10Y2Y,TimesFM-laplace-qd,12477,-0.010000000000000009,-0.0015456117689609528,-0.0012109719682484865,-0.028824144974350929,-0.018890807405114174,-0.011439425870776176,-0.0049796239472925663,0.001955739688128233,0.0083396118134260178,0.015872450545430183,0.026083169505000114,2.7586419914931444,2
distill:fred-econ,T10Y2Y,Laplace-q-fixed-bandwidth,12478,0,0.00155069394015258,-0.019987665003782729,-0.010168230488834066,-0.010017919138680659,-0.009900984881132148,-0.00011939390700992835,0.00013300219077324332,0.0099986875593553511,0.019864450904700418,0.020195872907350726,2.8975022729754816,2
distill:fred-econ,T10Y2Y,TimesFM-zero-shot,12478,0,-0.0029981737025082111,-0.0028478726744651794,-0.033072244375944138,-0.02234332449734211,-0.014945118688046932,-0.0088029196485877037,0.0028810165822505951,0.00898787472397089,0.016313795000314713,0.026947310194373131,2.435129950150662,2
distill:fred-econ,T10Y2Y,TimesFM-laplace-qd,12478,0,-0.0026690899394452572,-0.0023654382675886154,-0.028908468782901764,-0.01929195411503315,-0.01216494757682085,-0.0060178753919899464,0.00068048236425966024,0.0068309563212096691,0.013872417621314526,0.023444833233952522,2.684143251784052,2
distill:fred-econ,T10Y2Y,Laplace-q-fixed-bandwidth,12479,-0.010000000000000009,-0.00068674881019216817,-0.020005970303808497,-0.010225880413363255,-0.010026732818254624,-0.0099091427517245499,-0.00017179784712915665,3.3935372519378496e-05,0.0083645234200684319,0.011270008882288395,0.020046034568006632,5.0629701710620871,2
distill:fred-econ,T10Y2Y,TimesFM-zero-shot,12479,-0.010000000000000009,-0.00089479307644069195,-0.00053493294399231672,-0.031001223251223564,-0.020343158394098282,-0.012819511815905571,-0.0066902893595397472,0.0050417324528098106,0.01127642672508955,0.018675424158573151,0.029630232602357864,2.5576237740906911,2
distill:fred-econ,T10Y2Y,TimesFM-laplace-qd,12479,-0.010000000000000009,-0.0011379995848983526,-0.00074418779695406556,-0.027026807889342308,-0.017623931169509888,-0.010437174700200558,-0.0043677510693669319,0.0022200909443199635,0.0084519367665052414,0.015529144555330276,0.025457045063376427,2.8477529415591096,2
distill:fred-econ,T10Y2Y,Laplace-q-fixed-bandwidth,12480,-0.010000000000000009,0.0013138903877582249,-0.019976423930804895,-0.010144352275996554,-0.010018618971439516,-0.0099184222396017062,-0.00046699847891388868,2.1358004360518688e-05,0.0059307884957062211,0.019919641223627757,0.023693510398574986,5.3644531948992382,2
distill:fred-econ,T10Y2Y,TimesFM-zero-shot,12480,-0.010000000000000009,-0.00030829902971163392,-0.00024687830591574311,-0.029918257147073746,-0.01939866691827774,-0.012076246552169323,-0.0060616591945290565,0.0055686002597212791,0.011797031387686729,0.019169902428984642,0.029917856678366661,2.6131683406209243,2
distill:fred-econ,T10Y2Y,TimesFM-laplace-qd,12480,-0.010000000000000009,-0.00042982815648429096,-0.00017126247985288501,-0.026370411738753319,-0.016865076497197151,-0.0097846165299415588,-0.0037197491619735956,0.0029023122042417526,0.0091913295909762383,0.016372920945286751,0.026109360158443451,2.872374789211527,2
distill:fred-econ,T10Y2Y,Laplace-q-fixed-bandwidth,12481,-0.0099999999999999534,0.001003540992016899,-0.019961907216019995,-0.010127131503742849,-0.010021054438340065,-0.0099352704433309791,-0.0061751549399190267,-3.9085565859917795e-06,0.0039058581962307928,0.019897723582145348,0.023248242368451216,5.5486377307307544,2
distill:fred-econ,T10Y2Y,TimesFM-zero-shot,12481,-0.0099999999999999534,-0.001141625689342618,-0.0011050958419218659,-0.030216759070754051,-0.019935989752411842,-0.012785593047738075,-0.0067748809233307838,0.0046420926228165627,0.010646823793649673,0.01796390488743782,0.028644729405641556,2.582209155071987,2
distill:fred-econ,T10Y2Y,TimesFM-laplace-qd,12481,-0.0099999999999999534,-0.0012355749495327473,-0.00094965670723468065,-0.026224654167890549,-0.017133189365267754,-0.010371781885623932,-0.0044278106652200222,0.0019779582507908344,0.0078386813402175903,0.014718541875481606,0.024049676954746246,2.8891119821581084,2
distill:fred-econ,T10Y2Y,Laplace-q-fixed-bandwidth,12482,0.019999999999999962,0.00058579674003070618,-0.01996825601752384,-0.010133055406883716,-0.010020551148839631,-0.0099314835684112014,-0.0048008109815689095,4.592564890941957e-07,0.0042158130544903971,0.019843345859290644,0.021867220199820708,2.7036234462517741,2
distill:fred-econ,T10Y2Y,TimesFM-zero-shot,12482,0.019999999999999962,-0.0020989454351365566,-0.0015309290029108524,-0.027637843042612076,-0.018500270321965218,-0.0121803879737854,-0.0070180017501115799,0.0028849090449512005,0.0082424739375710487,0.014755039475858212,0.024478476494550705,2.2238049961519777,2
distill:fred-econ,T10Y2Y,TimesFM-laplace-qd,12482,0.019999999999999962,-0.001933411811478436,-0.0011777149047702551,-0.021759269759058952,-0.014396983198821545,-0.0089557738974690437,-0.0043054991401731968,0.00052214192692190409,0.0052699390798807144,0.010793846100568771,0.018454128876328468,2.0574217046064547,2
distill:fred-econ,T10Y2Y,Laplace-q-fixed-bandwidth,12483,-0.010000000000000009,-0.0049178418209261986,-0.020133669735849305,-0.019697269714922479,-0.010115572100245192,-0.010007466976316803,-0.0099084699602599666,-0.0037097783511755343,5.070008535925751e-06,0.0051306544329073021,0.019996510148330041,5.4686378406758216,2
distill:fred-econ,T10Y2Y,TimesFM-zero-shot,12483,-0.010000000000000009,-0.0027613211423158646,-0.0025642733089625835,-0.029197121039032936,-0.019763363525271416,-0.013273552060127258,-0.0078928126022219658,0.0023515850771218538,0.0078187109902501106,0.014370057731866837,0.024250315502285957,2.6455183939172242,2
distill:fred-econ,T10Y2Y,TimesFM-laplace-qd,12483,-0.010000000000000009,-0.0032705338671803474,-0.0028619414661079645,-0.022561119869351387,-0.015500901266932487,-0.010307024233043194,-0.005754279438406229,-0.00094054010696709156,0.0036687287501990795,0.009051712229847908,0.016722202301025391,3.1662074620302496,2
distill:fred-econ,T10Y2Y,Laplace-q-fixed-bandwidth,12484,0.030000000000000027,0.0012163471502792519,-0.019948052336376299,-0.010115501782798877,-0.010017496285506543,-0.0099356320213288066,-0.0068196311796991536,-1.0117734297189351e-05,0.0037079404674528176,0.015722264887685217,0.029531705207413373,1.3719508927242865,2
distill:fred-econ,T10Y2Y,TimesFM-zero-shot,12484,0.030000000000000027,-0.0042345719411969185,-0.0038939362857490778,-0.028757387772202492,-0.019974773749709129,-0.013968640938401222,-0.0089938519522547722,0.00049312110058963299,0.0057014459744095802,0.011899173259735107,0.021334560588002205,1.4926605441926331,2
distill:fred-econ,T10Y2Y,TimesFM-laplace-qd,12484,0.030000000000000027,-0.0040309661999344826,-0.003471647622063756,-0.022060336545109749,-0.015313375741243362,-0.010466602630913258,-0.0062191598117351532,-0.0018085193587467074,0.0026292593684047461,0.0077576329931616783,0.015008150599896908,0.95166232899860614,2
distill:fred-econ,T10Y2Y,Laplace-q-fixed-bandwidth,12485,0.040000000000000036,-0.0061178774450284246,-0.02018130375894258,-0.019239772722857443,-0.010133850386075713,-0.010021760434032358,-0.0099336874524246672,-0.0079955072712289722,-8.0788302574882589e-05,0.00019229593682545607,0.013512139293361314,0.058101880192441148,2
distill:fred-econ,T10Y2Y,TimesFM-zero-shot,12485,0.040000000000000036,-0.00028581559308804572,0.00016461240011267364,-0.02934069000184536,-0.019035421311855316,-0.011917253956198692,-0.0059023173525929451,0.0054537774994969368,0.011443539522588253,0.018713973462581635,0.029341289773583412,1.3398380078281211,2
distill:fred-econ,T10Y2Y,TimesFM-laplace-qd,12485,0.040000000000000036,-0.0015751513419672847,-0.00092164555098861456,-0.026056123897433281,-0.017094455659389496,-0.010454912669956684,-0.0045725931413471699,0.0014906264841556549,0.0073511595837771893,0.014180087484419346,0.023462949320673943,0.92380161667474026,2
distill:fred-econ,T10Y2Y,Laplace-q-fixed-bandwidth,12486,0,-0.0059202718222606115,-0.021669469334086637,-0.019815103733592028,-0.010160651121202565,-0.010025847669338919,-0.0099263176327530171,-0.0072380193135333842,-6.1568315053928506e-05,0.0013190500929687544,0.015888817332327401,2.7874108254642538,2
distill:fred-econ,T10Y2Y,TimesFM-zero-shot,12486,0,0.0017141611315310001,0.001580352196469903,-0.029600653797388077,-0.018522031605243683,-0.01074542012065649,-0.0043329363688826561,0.0077173402532935143,0.014105944894254208,0.021722801029682159,0.032802794128656387,2.3855366472929891,2
distill:fred-econ,T10Y2Y,TimesFM-laplace-qd,12486,0,0.00092123559443280101,0.0010359976440668106,-0.025815820321440697,-0.016049852594733238,-0.0086976923048496246,-0.0023820288479328156,0.0041913748718798161,0.010503524914383888,0.017744258046150208,0.027514565736055374,2.676830466477524,2
distill:fred-econ,T10Y2Y,Laplace-q-fixed-bandwidth,12487,-0.010000000000000009,0.0016993909536400411,-0.019945990820638033,-0.010119627498915268,-0.010002520168575517,-0.009889036865405371,-0.00029944919090213381,2.4663694411875747e-05,0.0041653203522936857,0.015920480336992483,0.030379929803304076,5.3484841432262105,2
distill:fred-econ,T10Y2Y,TimesFM-zero-shot,12487,-0.010000000000000009,0.00077160302316769958,0.000753787811845541,-0.029486965388059616,-0.01887119747698307,-0.011232663877308369,-0.005075882188975811,0.0066441432572901249,0.012928366661071777,0.020300602540373802,0.031196713447570801,2.6470084646417424,2
distill:fred-econ,T10Y2Y,TimesFM-laplace-qd,12487,-0.010000000000000009,0.00024580606259405613,0.00023826731194276363,-0.025353165343403816,-0.016128892078995705,-0.0089566698297858238,-0.0029308197554200888,0.0034166458062827587,0.009543578140437603,0.016431597992777824,0.025971267372369766,2.8993923335432421,2
distill:fred-econ,T10Y2Y,Laplace-q-fixed-bandwidth,12488,-0.040000000000000036,0.0030528105573216406,-0.010185456991938216,-0.010040017944785099,-0.0099525291393601448,-0.0097746786886725705,-0.00010785049715480541,8.3426766959712587e-05,0.0069633362936059439,0.016990348443217923,0.03044559696952967,-1.3868910610418528,2
distill:fred-econ,T10Y2Y,TimesFM-zero-shot,12488,-0.040000000000000036,-0.00010690062481444329,0.00014662736793980002,-0.029260629788041115,-0.018962394446134567,-0.011850893497467041,-0.0057789050042629242,0.0056204632855951786,0.011719550937414169,0.019210478290915489,0.029996903613209724,-0.54062503532701101,2
distill:fred-econ,T10Y2Y,TimesFM-laplace-qd,12488,-0.040000000000000036,0.00017365813255310059,0.00059977098135277629,-0.024559138342738152,-0.01551517378538847,-0.0089255552738904953,-0.0030114231631159782,0.0032835891470313072,0.0091492878273129463,0.016113793477416039,0.025407793000340462,-2.3257673669710117,2
distill:fred-econ,T10Y2Y,Laplace-q-fixed-bandwidth,12489,-0.059999999999999998,0.0070310798904661392,-0.010137652286691296,-0.010016129338390863,-0.0099141633464929421,-0.0034671095294480556,4.9409847498777017e-06,0.0036816041448180172,0.014573041893738547,0.024807868851371102,0.038854596065635974,-4.4501695814027489,2
distill:fred-econ,T10Y2Y,TimesFM-zero-shot,12489,-0.059999999999999998,-0.0012897830456495285,-0.00090338027803227305,-0.031940057873725891,-0.021166859194636345,-0.013665594160556793,-0.0072538154199719429,0.0047432202845811844,0.011050036177039146,0.018702734261751175,0.029699947685003281,-3.0886357680028014,2
distill:fred-econ,T10Y2Y,TimesFM-laplace-qd,12489,-0.059999999999999998,-0.00097984017338603735,-0.00071181583916768432,-0.027495820075273514,-0.017879465594887733,-0.010667131282389164,-0.0042467694729566574,0.0023858656641095877,0.008691469207406044,0.016024630516767502,0.025889771059155464,-6.9675808087486857,2
distill:fred-econ,T10Y2Y,Laplace-q-fixed-bandwidth,12490,0.059999999999999998,0.0062613961011350481,-0.010251513427291973,-0.010042198074132593,-0.0099267298952786555,-0.0063705672181526563,-3.0192648677269273e-05,0.0019573415199002141,0.013383985739011034,0.024546963032565206,0.040097475715331142,0.73372409417669393,2
distill:fred-econ,T10Y2Y,TimesFM-zero-shot,12490,0.059999999999999998,-0.0032251467928290367,-0.0025095031596720219,-0.035542316734790802,-0.024165932089090347,-0.016193339601159096,-0.0094949854537844658,0.003100656671449542,0.0098052592948079109,0.017878670245409012,0.029461687430739403,0.069707441926325941,2
distill:fred-econ,T10Y2Y,TimesFM-laplace-qd,12490,0.059999999999999998,-0.0022379304282367229,-0.0014826487749814987,-0.030776677653193474,-0.020401641726493835,-0.012641111388802528,-0.0058351834304630756,0.0014006299898028374,0.0081780059263110161,0.016031373292207718,0.026551119983196259,-0.30199794936122581,2
distill:fred-econ,T10Y2Y,Laplace-q-fixed-bandwidth,12491,-0.010000000000000009,-0.011005297517466955,-0.041352729697371804,-0.026105186155295612,-0.014613768583736444,-0.010104384452632925,-0.00997093774528518,-0.0097808965276432597,-0.00020125029132418059,0.00010910641294590181,0.012704890540265194,5.0869623283145611,2
distill:fred-econ,T10Y2Y,TimesFM-zero-shot,12491,-0.010000000000000009,0.0001976619241759181,0.00075210985960438848,-0.032814215868711472,-0.021285941824316978,-0.012922999449074268,-0.0061892014928162098,0.0066744536161422729,0.013500140979886055,0.021557727828621864,0.033466886729001999,2.4741189276671465,2
distill:fred-econ,T10Y2Y,TimesFM-laplace-qd,12491,-0.010000000000000009,-0.0012687684502452612,-0.00050324166659265757,-0.030322238802909851,-0.019875368103384972,-0.011753377504646778,-0.0049200458452105522,0.0024365563876926899,0.0093821818009018898,0.017249524593353271,0.028108594939112663,2.6912748519536356,2
distill:fred-econ,T10Y2Y,Laplace-q-fixed-bandwidth,12492,-0.019999999999999962,0.0015937029724950637,-0.01746295883124762,-0.010117762647664853,-0.0099965696961740909,-0.0098717176980028087,-0.0032001892613250987,2.3303978928838304e-05,0.0051695449932099378,0.016933467578190982,0.033199443945868684,2.3836283987749676,2
distill:fred-econ,T10Y2Y,TimesFM-zero-shot,12492,-0.019999999999999962,-7.8998215030878782e-05,3.0705123208463192e-06,-0.032362643629312515,-0.020957782864570618,-0.012906907126307487,-0.006335423793643713,0.0061799180693924427,0.012817676179111004,0.02062607929110527,0.031923241913318634,2.6893806522061818,2
distill:fred-econ,T10Y2Y,TimesFM-laplace-qd,12492,-0.019999999999999962,-0.00021448225015774369,-3.0024617444723845e-05,-0.028948493301868439,-0.018465807661414146,-0.010571043938398361,-0.0038595395162701607,0.0033433842472732067,0.010108879767358303,0.017729960381984711,0.02797476202249527,2.4870997116927351,2
distill:fred-econ,T10Y2Y,Laplace-q-fixed-bandwidth,12493,0.0099999999999999534,0.0027748362286384659,-0.016510890226152757,-0.010103713586087765,-0.0099815980224397631,-0.0098347323615107472,-0.0007016243377366701,9.2905299750999364e-05,0.0079193591521989869,0.019272037160519451,0.035226195681502141,2.3936412287638382,2
distill:fred-econ,T10Y2Y,TimesFM-zero-shot,12493,0.0099999999999999534,-0.0005938761169090867,-0.0003260662779211998,-0.032888848334550858,-0.021556351333856583,-0.013513168320059776,-0.006867104209959507,0.0057015437632799149,0.012290745973587036,0.02017349936068058,0.031643055379390717,2.3557081002610349,2
distill:fred-econ,T10Y2Y,TimesFM-laplace-qd,12493,0.0099999999999999534,-0.00058794452343136072,-0.00024181930348277092,-0.029228385537862778,-0.018863258883357048,-0.011009959504008293,-0.0042464160360395908,0.0029660847503691912,0.0096518611535429955,0.017362531274557114,0.027775069698691368,2.5080041695084083,2
distill:fred-econ,T10Y2Y,Laplace-q-fixed-bandwidth,12494,-0.049999999999999989,-0.0023177222934174947,-0.025407965142932892,-0.011171504204111277,-0.010058046293310684,-0.0099386626806723787,-0.0085758762244301547,-0.00012780485763057075,0.00027712504513830165,0.010876041988421809,0.026276416319458963,0.31309778643035141,2
distill:fred-econ,T10Y2Y,TimesFM-zero-shot,12494,-0.049999999999999989,-0.001623557647690177,-0.0011921648401767015,-0.032511696219444275,-0.021630220115184784,-0.01411446463316679,-0.0077543025836348534,0.0045064492151141167,0.011012684553861618,0.018952805548906326,0.030235342681407928,-1.4320910039346284,2
distill:fred-econ,T10Y2Y,TimesFM-laplace-qd,12494,-0.049999999999999989,-0.0011189671931788325,-0.00059522723313421011,-0.028317529708147049,-0.018423080444335938,-0.011115322820842266,-0.0046379794366657734,0.0023752471897751093,0.008933718316257,0.016644008457660675,0.026831820607185364,-3.6031640544630199,2
distill:fred-econ,T10Y2Y,Laplace-q-fixed-bandwidth,12495,-0.010000000000000009,0.0074165450487799333,-0.01202111311766965,-0.010055195423789213,-0.0099222218532987044,-0.0056178621719514977,1.2803989194450289e-05,0.0058237269160988734,0.016423313421398515,0.027557327287419775,0.043565376618483233,3.9378408542403158,2
distill:fred-econ,T10Y2Y,TimesFM-zero-shot,12495,-0.010000000000000009,-0.0023027281276881695,-0.0020545907318592072,-0.034996625036001205,-0.023499904200434685,-0.015345463529229164,-0.0086494525894522667,0.0041429391130805016,0.010912687517702579,0.018917674198746681,0.030412035062909126,2.3735591543773733,2
distill:fred-econ,T10Y2Y,TimesFM-laplace-qd,12495,-0.010000000000000009,-0.0022591017186641693,-0.0020316485315561295,-0.031483948230743408,-0.020893475040793419,-0.012854678556323051,-0.0059778811410069466,0.0014898842200636864,0.0083730220794677734,0.016201265156269073,0.02669525146484375,2.6412794109961757,2
distill:fred-econ,T10Y2Y,Laplace-q-fixed-bandwidth,12496,0,-0.00047005064264000953,-0.022595052407803986,-0.010199753741878245,-0.010034622326308126,-0.009918891959757252,-0.0075489061280956974,-6.2094939657703825e-05,0.0030125179099731994,0.014351705989078653,0.030370963821801489,2.8081385755091635,2
distill:fred-econ,T10Y2Y,TimesFM-zero-shot,12496,0,-0.0018726722337305546,-0.001518765464425087,-0.034271609038114548,-0.022849677130579948,-0.014870918355882168,-0.0081904176622629166,0.0045713763684034348,0.011269913986325264,0.019447097554802895,0.031078791245818138,2.3378375668476665,2
distill:fred-econ,T10Y2Y,TimesFM-laplace-qd,12496,0,-0.0019896817393600941,-0.0015164398355409503,-0.030976986512541771,-0.020428536459803581,-0.012555722147226334,-0.0056887203827500343,0.0017538034589961171,0.0085454238578677177,0.016544798389077187,0.027148354798555374,2.5780881976914012,2
distill:fred-econ,T10Y2Y,Laplace-q-fixed-bandwidth,12497,0.010000000000000009,-0.0021499438117373601,-0.023992150533148328,-0.010249272186915931,-0.010041612951621981,-0.009923298287643486,-0.0073671807694579315,-9.353292001383394e-05,0.00016098086776594972,0.0098175015717427497,0.025630070395714362,2.3901948353798832,2
distill:fred-econ,T10Y2Y,TimesFM-zero-shot,12497,0.010000000000000009,-0.0012272377498447895,-0.00073480198625475168,-0.033983182162046432,-0.02243877574801445,-0.01435139961540699,-0.0075169079937040806,0.0052578039467334747,0.011900419369339943,0.019972227513790131,0.03157401829957962,2.3375066966086084,2
distill:fred-econ,T10Y2Y,TimesFM-laplace-qd,12497,0.010000000000000009,-0.0014485954307019711,-0.00086597393965348601,-0.030434738844633102,-0.019898563623428345,-0.012011231854557991,-0.0050771627575159073,0.0023057269863784313,0.0090425154194235802,0.016901742666959763,0.02742931991815567,2.4800329753368757,2
distill:fred-econ,T10Y2Y,Laplace-q-fixed-bandwidth,12498,-0.03999999999999998,-0.0035080849864377573,-0.026730726714420661,-0.012527219969323447,-0.010070355612050521,-0.0099484171245943116,-0.0091037243236731548,-0.00016069042146257082,0.00010468740526706885,0.0079597956554252926,0.023296241179107929,0.92066104206770571,2
distill:fred-econ,T10Y2Y,TimesFM-zero-shot,12498,-0.03999999999999998,-0.0015404354780912399,-0.0013508736155927181,-0.034075081348419189,-0.022595843300223351,-0.014548485167324543,-0.0078592216596007347,0.0048772282898426056,0.011513054370880127,0.019572556018829346,0.031091926619410515,0.10764847906112884,2
distill:fred-econ,T10Y2Y,TimesFM-laplace-qd,12498,-0.03999999999999998,-0.0018829104956239462,-0.0016218533273786306,-0.030409187078475952,-0.020013313740491867,-0.012224214151501656,-0.0054832254536449909,0.0017819049535319209,0.0084336316213011742,0.01621539518237114,0.026572847738862038,-0.75066553715016127,2
distill:fred-econ,T10Y2Y,Laplace-q-fixed-bandwidth,12499,0.029999999999999971,0.0042792210972410153,-0.015432802590721693,-0.010080334499289301,-0.0099476013014389089,-0.0081591622877573156,-8.002468662477111e-05,0.00030665284656206771,0.010754348956419375,0.02167580312450567,0.037249504833029926,1.4970620070308549,2
distill:fred-econ,T10Y2Y,TimesFM-zero-shot,12499,0.029999999999999971,-0.0022755220998078585,-0.001935646403580904,-0.034678157418966293,-0.023240845650434494,-0.015147414989769459,-0.0085479747503995895,0.0040835337713360786,0.010737482458353043,0.018595416098833084,0.030121082440018654,1.8491652110891448,2
distill:fred-econ,T10Y2Y,TimesFM-laplace-qd,12499,0.029999999999999971,-0.0020768761169165373,-0.0017322356579825282,-0.030691064894199371,-0.020284825935959816,-0.012378658168017864,-0.0056631900370121002,0.0015587920788675547,0.0082760043442249298,0.015883414074778557,0.026289323344826698,1.6882483037532339,2
distill:fred-econ,T10Y2Y,Laplace-q-fixed-bandwidth,12500,-0.0099999999999999534,-0.0076367808786375908,-0.035629131143567833,-0.021263963499062913,-0.010708804884103872,-0.010038636734636945,-0.0098945749535866399,-0.004944708695796063,-2.5105741286656066e-05,0.0030631230386007572,0.018583896768960485,4.3687656752714741,2
distill:fred-econ,T10Y2Y,TimesFM-zero-shot,12500,-0.0099999999999999534,-0.0027881849091500044,-0.0028306259773671627,-0.035388194024562836,-0.023742765188217163,-0.015651853755116463,-0.0090474756434559822,0.0035639298148453236,0.010134530253708363,0.018142681568861008,0.029658785089850426,2.3818505376401875,2
distill:fred-econ,T10Y2Y,TimesFM-laplace-qd,12500,-0.0099999999999999534,-0.0026082687545567751,-0.0024694125168025494,-0.030953725799918175,-0.020548895001411438,-0.012757447548210621,-0.0061642685905098915,0.0010570226004347205,0.0076342062093317509,0.015339181758463383,0.02574244886636734,2.6783046434252866,2
distill:fred-econ,T10Y2Y,Laplace-q-fixed-bandwidth,12501,0.019999999999999962,-0.00013076738775209866,-0.023692086466937552,-0.010273389170410194,-0.010019495479035925,-0.0098585442494802597,-0.002786218013832868,2.7000784499448465e-05,0.0047276886626196266,0.014992350843225095,0.029961469549032119,1.8065887153403539,2
distill:fred-econ,T10Y2Y,TimesFM-zero-shot,12501,0.019999999999999962,-0.0030035886447876692,-0.003053497988730669,-0.035965055227279663,-0.024258635938167572,-0.01612209714949131,-0.0093880724161863327,0.0034129451960325241,0.010078676044940948,0.018219655379652977,0.029818825423717499,2.1659971701308813,2
distill:fred-econ,T10Y2Y,TimesFM-laplace-qd,12501,0.019999999999999962,-0.0031052413396537304,-0.0031706467270851135,-0.032127391546964645,-0.021508101373910904,-0.013611096888780594,-0.0068094157613813877,0.00062144175171852112,0.00735056446865201,0.015254462137818336,0.025798263028264046,2.1123279772534405,2
distill:fred-econ,T10Y2Y,Laplace-q-fixed-bandwidth,12502,-0.019999999999999962,-0.0053172334007937213,-0.032086630195012074,-0.018420303394436656,-0.010180543367932376,-0.0099922047468936469,-0.0097626519015802365,-0.0011673205065374627,8.8031910394059345e-05,0.0075107359313580698,0.022307518606595519,2.421256453216845,2
distill:fred-econ,T10Y2Y,TimesFM-zero-shot,12502,-0.019999999999999962,-0.0018949976656585932,-0.001902636606246233,-0.034164056181907654,-0.022736802697181702,-0.014804196543991566,-0.0081702116876840591,0.0044557666406035423,0.011002318933606148,0.019062446430325508,0.03051300160586834,2.7992245704519578,2
distill:fred-econ,T10Y2Y,TimesFM-laplace-qd,12502,-0.019999999999999962,-0.0018296779599040747,-0.0018088700016960502,-0.030510298907756805,-0.020043622702360153,-0.012246646918356419,-0.0054947966709733009,0.0019063142826780677,0.008549797348678112,0.01638399064540863,0.026757534593343735,2.6589980294506788,2
distill:fred-econ,T10Y2Y,Laplace-q-fixed-bandwidth,12503,-0.010000000000000009,0.0020870735251485397,-0.02120596064533399,-0.01016008940160832,-0.0099771448663044174,-0.0087730324505674116,-0.00015642380020387077,0.00025679561789601483,0.0088840215338696436,0.01863192966878479,0.033083183945141925,3.9173362706553241,2
distill:fred-econ,T10Y2Y,TimesFM-zero-shot,12503,-0.010000000000000009,-0.0028418363071978092,-0.0026885487604886293,-0.035142987966537476,-0.023716915398836136,-0.015729306265711784,-0.0091122221201658249,0.0035092418547719717,0.010129989124834538,0.018153157085180283,0.029645200818777084,2.3769589978136088,2
distill:fred-econ,T10Y2Y,TimesFM-laplace-qd,12503,-0.010000000000000009,-0.0030582649633288383,-0.0028936108574271202,-0.031489197164773941,-0.021143322810530663,-0.0133901322260499,-0.0067087067291140556,0.00062147714197635651,0.0072919558733701706,0.015065202489495277,0.025432318449020386,2.6509510665887959,2
distill:fred-econ,T10Y2Y,Laplace-q-fixed-bandwidth,12504,0.010000000000000009,-0.00020702542701395911,-0.022486873758192569,-0.010219001029736777,-0.010019966633277512,-0.0098800402492624263,-0.0039334071186832159,1.5660172995924161e-05,0.0048408999339612773,0.014648424088097967,0.028989439636580627,2.4797206859278673,2
distill:fred-econ,T10Y2Y,TimesFM-zero-shot,12504,0.010000000000000009,-0.0020286103244870901,-0.0020026345737278461,-0.034122932702302933,-0.022780857980251312,-0.014921480789780617,-0.0082796979695558548,0.0042853686027228832,0.010936008766293526,0.018983907997608185,0.030614165589213371,2.3371434043477661,2
distill:fred-econ,T10Y2Y,TimesFM-laplace-qd,12504,0.010000000000000009,-0.0023851234000176191,-0.0022030076943337917,-0.03028981015086174,-0.020161479711532593,-0.012607017531991005,-0.0059778005816042423,0.0012200614437460899,0.0078354384750127792,0.015539880841970444,0.025952938944101334,2.4695625094822073,2
distill:fred-econ,T10Y2Y,Laplace-q-fixed-bandwidth,12505,-0.020000000000000018,-0.0038954076623268202,-0.027761644290136327,-0.014127849938064247,-0.010075157920483689,-0.0099410251926059182,-0.0071571685460027536,-5.4833364852872613e-05,0.0037074515885339981,0.00999512608216469,0.017681073003272096,2.0829545146414601,2
distill:fred-econ,T10Y2Y,TimesFM-zero-shot,12505,-0.020000000000000018,-0.0015572492266073823,-0.0015554209239780903,-0.033426668494939804,-0.022200761362910271,-0.01432422362267971,-0.0077672852203249931,0.004677147138863802,0.011220308020710945,0.019145205616950989,0.030643261969089508,2.7913758342916224,2
distill:fred-econ,T10Y2Y,TimesFM-laplace-qd,12505,-0.020000000000000018,-0.0022231033071875572,-0.0020683873444795609,-0.02974357083439827,-0.019776629284024239,-0.01225876621901989,-0.0057519888505339622,0.0013290257193148136,0.0078152213245630264,0.015360822901129723,0.025628939270973206,2.6760011761133331,2
distill:fred-econ,T10Y2Y,Laplace-q-fixed-bandwidth,12506,-0.090000000000000024,0.0016002421536228616,-0.018559495407963748,-0.010105185927906726,-0.0099598181357579627,-0.0078016219803041008,-6.8490099107335135e-05,0.0031441213896451024,0.0099421407969119448,0.013247891605949847,0.027541354667657079,-7.2945870278131162,2
distill:fred-econ,T10Y2Y,TimesFM-zero-shot,12506,-0.090000000000000024,-0.0019862730987370014,-0.0018774166237562895,-0.034428827464580536,-0.022965528070926666,-0.014940782450139523,-0.008297530934214592,0.0043428018689155579,0.011035092175006866,0.019064467400312424,0.030639572069048882,-8.0821738143009263,2
distill:fred-econ,T10Y2Y,TimesFM-laplace-qd,12506,-0.090000000000000024,-0.0022070885170251131,-0.0020414332393556833,-0.03057439997792244,-0.02025737427175045,-0.012501601129770279,-0.0058455890975892544,0.0014703812776133418,0.0081861671060323715,0.01594456285238266,0.026414686813950539,-14.378228001567438,2
distill:fred-econ,T10Y2Y,Laplace-q-fixed-bandwidth,12507,-0.019999999999999962,0.010436293783911968,-0.01030502003855616,-0.010006012248328431,-0.0097647622288941881,-3.8411535310463087e-05,0.0063161087428736749,0.010085362759431556,0.018577826561222237,0.030520792147258006,0.047449809906185497,1.6302844978409339,2
distill:fred-econ,T10Y2Y,TimesFM-zero-shot,12507,-0.019999999999999962,-0.0039445399306714535,-0.0037488315720111132,-0.038423683494329453,-0.026219595223665237,-0.017660457640886307,-0.010613271966576576,0.0027932287193834782,0.0098872343078255653,0.018453910946846008,0.030772630125284195,2.7206756785523982,2
distill:fred-econ,T10Y2Y,TimesFM-laplace-qd,12507,-0.019999999999999962,-0.0039565078914165497,-0.0036160100717097521,-0.034811221063137054,-0.023588389158248901,-0.015175748616456985,-0.0079584689810872078,4.3039442971348763e-05,0.0072527974843978882,0.015654284507036209,0.026983745396137238,2.7655732382175744,2
distill:fred-econ,T10Y2Y,Laplace-q-fixed-bandwidth,12508,0,-0.0030593471096062729,-0.028486678295476575,-0.020002785044185581,-0.013550043004422975,-0.010050218984297171,-0.0098506866326497546,-0.0015486338952898191,0.0097708893168133217,0.011620606802573269,0.02869436162151591,2.6557352736900608,2
distill:fred-econ,T10Y2Y,TimesFM-zero-shot,12508,0,-0.0038403703365474939,-0.0037787491455674171,-0.037881404161453247,-0.025772687047719955,-0.017361748963594437,-0.010410184971988201,0.0027954927645623684,0.0097326012328267097,0.018166147172451019,0.030134432017803192,2.3095121857142775,2
distill:fred-econ,T10Y2Y,TimesFM-laplace-qd,12508,0,-0.0040122703649103642,-0.0038285646587610245,-0.034324914216995239,-0.023221235722303391,-0.014983904547989368,-0.0078787868842482567,-0.00010403944179415703,0.0069364951923489571,0.015186070464551449,0.026121508330106735,2.535288494619385,2
distill:fred-econ,T10Y2Y,Laplace-q-fixed-bandwidth,12509,0.070000000000000007,-0.0053767967468583387,-0.029757212688625474,-0.020024772418269089,-0.014342919062858919,-0.010055791077771022,-0.0098500719498363556,-0.0012721969070125553,6.8508689991347128e-05,0.0074895503129333157,0.024298625917339424,-0.52935970613444683,2
distill:fred-econ,T10Y2Y,TimesFM-zero-shot,12509,0.070000000000000007,-0.002878507599234581,-0.002703020116314292,-0.036832105368375778,-0.024824369698762894,-0.016390074044466019,-0.0094319675117731094,0.0037170168943703175,0.010629610158503056,0.019022315740585327,0.030996277928352356,-0.51392884682324713,2
distill:fred-econ,T10Y2Y,TimesFM-laplace-qd,12509,0.070000000000000007,-0.0030564668122678995,-0.0028531956486403942,-0.033094998449087143,-0.022151418030261993,-0.013941473327577114,-0.0068933027796447277,0.00080486200749874115,0.007773236371576786,0.015911437571048737,0.026802752166986465,-1.1193432272677799,2
distill:fred-econ,T10Y2Y,Laplace-q-fixed-bandwidth,12510,-0.040000000000000036,-0.012060383100089996,-0.045247773519176443,-0.027891766575379662,-0.020032330063413911,-0.014620420847158009,-0.010057534655902839,-0.0098057868238030643,-0.00020126162586391326,0.00019205902825688274,0.016979861625426512,1.5267811284533996,2
distill:fred-econ,T10Y2Y,TimesFM-zero-shot,12510,-0.040000000000000036,-0.0026338652241975069,-0.0026953814085572958,-0.038195464760065079,-0.025707535445690155,-0.016823597252368927,-0.0095559265464544296,0.0042372299358248711,0.011437505483627319,0.020157240331172943,0.032652344554662704,0.55147867048910637,2
distill:fred-econ,T10Y2Y,TimesFM-laplace-qd,12510,-0.040000000000000036,-0.0029449388384819031,-0.002865135669708252,-0.035008467733860016,-0.023447517305612564,-0.014632877893745899,-0.0071116937324404716,0.0011305431835353374,0.0085424594581127167,0.017175989225506783,0.028795067220926285,0.069197371412252684,2
distill:fred-econ,T10Y2Y,Laplace-q-fixed-bandwidth,12511,0.010000000000000009,0.0025595892688802507,-0.022148739695484199,-0.01973220161462081,-0.010105280359411897,-0.0098597723558476146,-0.00038163277203653829,0.00014888165170446536,0.010041102372117864,0.022936460367944674,0.041409142445644212,2.3694579636989852,2
distill:fred-econ,T10Y2Y,TimesFM-zero-shot,12511,0.010000000000000009,-0.0036396901123225689,-0.0034552100114524364,-0.03820335865020752,-0.026033665984869003,-0.017366399988532066,-0.010370916686952114,0.0031091240234673023,0.010250852443277836,0.018849309533834457,0.031280010938644409,2.2645328065170243,2
distill:fred-econ,T10Y2Y,TimesFM-laplace-qd,12511,0.010000000000000009,-0.0034666212741285563,-0.0032903305254876614,-0.034421123564243317,-0.02320035919547081,-0.014682178385555744,-0.0075055002234876156,0.00056148204021155834,0.0078971870243549347,0.016380954533815384,0.027874298393726349,2.37394473283506,2
distill:fred-econ,T10Y2Y,Laplace-q-fixed-bandwidth,12512,0,-0.0051422212571791588,-0.03330769948430904,-0.020060343434354776,-0.01360537498912168,-0.010014576416927556,-0.0082715512567616591,-4.0713299118416357e-05,0.0051550150751654197,0.01003354669461827,0.020849985809757131,2.9544499059410132,2
distill:fred-econ,T10Y2Y,TimesFM-zero-shot,12512,0,-0.0041197957471013069,-0.0041496176272630692,-0.038792617619037628,-0.026521041989326477,-0.017991306260228157,-0.010858898051083088,0.0026253191754221916,0.0096502630040049553,0.018290136009454727,0.030541166663169861,2.2895440175922017,2
distill:fred-econ,T10Y2Y,TimesFM-laplace-qd,12512,0,-0.0044137239456176758,-0.0043667536228895187,-0.035412922501564026,-0.024112459272146225,-0.015704188495874405,-0.0083949025720357895,-0.00040380307473242283,0.0068117929622530937,0.015321717597544193,0.026664424687623978,2.5057851035042358,2
distill:fred-econ,T10Y2Y,Laplace-q-fixed-bandwidth,12513,-0.029999999999999971,-0.0034330031930691904,-0.034267038880924056,-0.017565139714426539,-0.010089282480000083,-0.0098104695891566736,-0.00023671903471417179,7.3233350073630506e-05,0.007330386400493381,0.010079945131093129,0.023001427863521634,1.4003587144678287,2
distill:fred-econ,T10Y2Y,TimesFM-zero-shot,12513,-0.029999999999999971,-0.0032678337302058935,-0.0032560278195887804,-0.037197001278400421,-0.025209270417690277,-0.016845818608999252,-0.0098947864025831223,0.0033024251461029053,0.010247724130749702,0.018689814954996109,0.030725467950105667,1.8918191377373061,2
distill:fred-econ,T10Y2Y,TimesFM-laplace-qd,12513,-0.029999999999999971,-0.003712877631187439,-0.0036040749400854111,-0.034048408269882202,-0.022975772619247437,-0.014743870124220848,-0.0075870947912335396,0.0001016098540276289,0.0071787703782320023,0.0154781648889184,0.026516593992710114,1.6150214824162166,2
distill:fred-econ,T10Y2Y,Laplace-q-fixed-bandwidth,12514,0.019999999999999962,0.00064969291978826183,-0.027937186123688514,-0.01147441356782691,-0.0099624897033724173,-0.0048111530532739481,-3.2091598813548092e-05,0.0017229295960281086,0.0099243582320675174,0.013010420006815135,0.030749562613808217,2.0700630868762842,2
distill:fred-econ,T10Y2Y,TimesFM-zero-shot,12514,0.019999999999999962,-0.0038979393430054188,-0.0037043930497020483,-0.037958100438117981,-0.025937998667359352,-0.017462095245718956,-0.010504123754799366,0.0027005092706531286,0.0096517214551568031,0.018072556704282761,0.030171617865562439,2.1254955841192897,2
distill:fred-econ,T10Y2Y,TimesFM-laplace-qd,12514,0.019999999999999962,-0.0038821147754788399,-0.0036195933353155851,-0.034277312457561493,-0.023244107142090797,-0.014908016659319401,-0.0077836029231548309,-3.4067779779434204e-06,0.007069094106554985,0.015327348373830318,0.026472371071577072,2.0738875553147516,2
distill:fred-econ,T10Y2Y,Laplace-q-fixed-bandwidth,12515,0.010000000000000009,-0.0068033031194457087,-0.040423621352537131,-0.024310201867315036,-0.012453898188588098,-0.0099783491888281693,-0.0055356018377297027,-3.6299116047557928e-05,0.0022699717893248585,0.00998903198448748,0.019012375019338008,2.6431166953566274,2
distill:fred-econ,T10Y2Y,TimesFM-zero-shot,12515,0.010000000000000009,-0.0023976070806384087,-0.0021255286410450935,-0.035995885729789734,-0.024010315537452698,-0.015610275790095329,-0.0088862497359514236,0.0041226232424378395,0.011041421443223953,0.019268820062279701,0.031216051429510117,2.3082971494072466,2
distill:fred-econ,T10Y2Y,TimesFM-laplace-qd,12515,0.010000000000000009,-0.0030950016807764769,-0.0027629586402326822,-0.032560661435127258,-0.02173415943980217,-0.013638120144605637,-0.0068755084648728371,0.00074158026836812496,0.0077008847147226334,0.01567920483648777,0.02656995877623558,2.4234019092269485,2
distill:fred-econ,T10Y2Y,Laplace-q-fixed-bandwidth,12516,0.03999999999999998,-0.0047260858277909587,-0.036923101817794457,-0.020765785189046204,-0.01018371370287605,-0.0098627367407808364,-0.00046612406143136818,8.7849375177286975e-05,0.0094172016464015469,0.010055247010149024,0.019717729157002178,0.49103285773628413,2
distill:fred-econ,T10Y2Y,TimesFM-zero-shot,12516,0.03999999999999998,-0.0031296790111809969,-0.0030429228208959103,-0.036712128669023514,-0.024725902825593948,-0.016426427289843559,-0.0096115730702877045,0.0033831223845481873,0.010208103805780411,0.018565814942121506,0.030490554869174957,1.3599330636648006,2
distill:fred-econ,T10Y2Y,TimesFM-laplace-qd,12516,0.03999999999999998,-0.0037737747188657522,-0.0036206261720508337,-0.033462837338447571,-0.022543057799339294,-0.014501152560114861,-0.0076097701676189899,2.3064436390995979e-05,0.006876322440803051,0.014950704760849476,0.025769628584384918,1.0851522419403787,2
distill:fred-econ,T10Y2Y,Laplace-q-fixed-bandwidth,12517,0,-0.0081102419958697311,-0.043980772586623904,-0.027406115678025714,-0.015101646760182072,-0.010016854656628759,-0.0061559121320997612,-2.3543925863701737e-05,0.0045322786792544884,0.0099974188133710607,0.016324600177747978,3.0858770596375056,2
distill:fred-econ,T10Y2Y,TimesFM-zero-shot,12517,0,-0.0028785895556211472,-0.0027782975230365992,-0.036369182169437408,-0.024537395685911179,-0.01623307541012764,-0.0093850670382380486,0.0036376551724970341,0.010495271533727646,0.018897099420428276,0.03101051039993763,2.3189705909746028,2
distill:fred-econ,T10Y2Y,TimesFM-laplace-qd,12517,0,-0.003396686865016818,-0.0033894176594913006,-0.033395886421203613,-0.022464543581008911,-0.014270007610321045,-0.0072414930909872055,0.00050183245912194252,0.0075104939751327038,0.015793342143297195,0.026958489790558815,2.5409107754785021,2
distill:fred-econ,T10Y2Y,Laplace-q-fixed-bandwidth,12518,0.010000000000000009,-0.0017055263400357903,-0.031920094605728339,-0.015463733338622008,-0.010007578460102489,-0.0054189109243956632,-6.1011439651250982e-05,0.00020660086748183033,0.0098251500262273046,0.010147495104735565,0.024904180717091523,2.8113596027827925,2
distill:fred-econ,T10Y2Y,TimesFM-zero-shot,12518,0.010000000000000009,-0.0032799313776195049,-0.0032858694903552532,-0.03762204572558403,-0.025478074327111244,-0.016928708180785179,-0.0099526969715952873,0.0033527400810271502,0.010378457605838776,0.018820904195308685,0.030901653692126274,2.28497778460819,2
distill:fred-econ,T10Y2Y,TimesFM-laplace-qd,12518,0.010000000000000009,-0.0035036669578403234,-0.0035490905866026878,-0.034155387431383133,-0.022990157827734947,-0.014574209228157997,-0.0074366740882396698,0.0004285427276045084,0.00761396624147892,0.015888795256614685,0.026984615251421928,2.3948060587725415,2
distill:fred-econ,T10Y2Y,Laplace-q-fixed-bandwidth,12519,-0.010000000000000009,-0.0029821953012343109,-0.033715440172663272,-0.017306365291543981,-0.010042521391139536,-0.0063421967513760166,-6.5314570586136003e-05,0.00022118717089965941,0.0098503722347759552,0.010078078804304565,0.01993435076726548,2.8738947132803982,2
distill:fred-econ,T10Y2Y,TimesFM-zero-shot,12519,-0.010000000000000009,-0.0027145587373524904,-0.0028937661554664373,-0.036100521683692932,-0.024227261543273926,-0.01590193435549736,-0.0091871758922934532,0.0037432997487485409,0.01052926667034626,0.018760725855827332,0.030676081776618958,2.3577831907297142,2
distill:fred-econ,T10Y2Y,TimesFM-laplace-qd,12519,-0.010000000000000009,-0.0035455611068755388,-0.0038133049383759499,-0.033185265958309174,-0.022290870547294617,-0.014150591567158699,-0.0073504061438143253,0.00022109481506049633,0.007080690935254097,0.015065868385136127,0.025818001478910446,2.6072029978234363,2
distill:fred-econ,T10Y2Y,Laplace-q-fixed-bandwidth,12520,0.030000000000000027,-7.3483296093891025e-05,-0.02588081386412026,-0.010259591088520831,-0.0099450865541381578,-0.0039490463268324772,-1.3990440931430631e-05,0.002401687439115484,0.0099161029311198648,0.010151754484789655,0.024321990507585715,1.2328425513444503,2
distill:fred-econ,T10Y2Y,TimesFM-zero-shot,12520,0.030000000000000027,-0.0024062204174697399,-0.002417893148958683,-0.034646790474653244,-0.023049432784318924,-0.015150690451264381,-0.0086190961301326752,0.0038458905182778835,0.010361406952142715,0.018369488418102264,0.029935508966445923,1.8307493689899395,2
distill:fred-econ,T10Y2Y,TimesFM-laplace-qd,12520,0.030000000000000027,-0.0031698495149612427,-0.0029432107694447041,-0.031487442553043365,-0.020910758525133133,-0.013429686427116394,-0.0069365138188004494,0.00050894287414848804,0.0068720169365406036,0.014464373700320721,0.024642385542392731,1.6166800490290838,2
distill:fred-econ,T10Y2Y,Laplace-q-fixed-bandwidth,12521,-0.030000000000000027,-0.0055279789337612647,-0.036919799707383467,-0.020740797184962655,-0.010173172526209187,-0.0098990038258101026,-0.0015104853603587424,4.334559878378775e-05,0.0072085596845043332,0.010012429951766277,0.015702042956277557,1.4126532855767155,2
distill:fred-econ,T10Y2Y,TimesFM-zero-shot,12521,-0.030000000000000027,-0.0022225184366106987,-0.0023345849476754665,-0.036548230797052383,-0.024380570277571678,-0.015908664092421532,-0.0088733751326799393,0.0044533992186188698,0.011426528915762901,0.019935695454478264,0.032050840556621552,1.7688419015344277,2
distill:fred-econ,T10Y2Y,TimesFM-laplace-qd,12521,-0.030000000000000027,-0.0024529243819415569,-0.0025431737303733826,-0.032938264310359955,-0.021760469302535057,-0.013467473909258842,-0.0063378522172570229,0.0014465460553765297,0.0085416324436664581,0.016832241788506508,0.027854001149535179,1.4264368004246455,2
distill:fred-econ,T10Y2Y,Laplace-q-fixed-bandwidth,12522,0.010000000000000009,0.0035957447368643071,-0.021255395490640115,-0.010095697605081465,-0.0097853511650774147,-0.00016136211762113518,0.00013929862618136636,0.0094564259184243341,0.01004747126009262,0.015750389974609501,0.032818691931556059,3.0908038257787336,2
distill:fred-econ,T10Y2Y,TimesFM-zero-shot,12522,0.010000000000000009,-0.0024083952885121107,-0.0025122337974607944,-0.037410873919725418,-0.025098245590925217,-0.016346817836165428,-0.0092427916824817657,0.0043732007034122944,0.01154769491404295,0.02017662301659584,0.032500613480806351,2.2700495360778827,2
distill:fred-econ,T10Y2Y,TimesFM-laplace-qd,12522,0.010000000000000009,-0.0024401561822742224,-0.0026448636781424284,-0.033433724194765091,-0.022227313369512558,-0.013656079769134521,-0.0064886733889579773,0.0015403092838823795,0.0087863486260175705,0.017188601195812225,0.028443150222301483,2.4064529087609978,2
distill:fred-econ,T10Y2Y,Laplace-q-fixed-bandwidth,12523,0.040000000000000036,-0.0030048557780457115,-0.032313806443227046,-0.016557798452539393,-0.010050739135284353,-0.0084398957960769745,-9.1305604832115037e-05,0.00038583661015977218,0.0098760459023623619,0.010070731041421033,0.01841764206355688,0.32256480379045838,2
distill:fred-econ,T10Y2Y,TimesFM-zero-shot,12523,0.040000000000000036,-0.0021333307959139347,-0.0025480920448899269,-0.035576637834310532,-0.023811886087059975,-0.015536682680249214,-0.0087410490959882736,0.0044687497429549694,0.011448336765170097,0.019836420193314552,0.032054398208856583,1.4224903157627282,2
distill:fred-econ,T10Y2Y,TimesFM-laplace-qd,12523,0.040000000000000036,-0.0027976902201771736,-0.0030609420500695705,-0.031817261129617691,-0.021383265033364296,-0.013399107381701469,-0.0066096177324652672,0.00094071938656270504,0.0078425779938697815,0.015865389257669449,0.027011079713702202,1.1351957325701663,2
distill:fred-econ,T10Y2Y,Laplace-q-fixed-bandwidth,12524,0.019999999999999962,-0.006636416686208995,-0.04021099404842144,-0.024072958180457911,-0.01173459192216111,-0.0099386024364776851,-0.0024957975914975099,6.149814704939794e-05,0.0096873811971145696,0.010019473599871678,0.014253157812713347,2.2972750206581551,2
distill:fred-econ,T10Y2Y,TimesFM-zero-shot,12524,0.019999999999999962,-0.0022456415463238955,-0.0024660341441631317,-0.037314113229513168,-0.024896139279007912,-0.016219243407249451,-0.0090888692066073418,0.0045255552977323532,0.011728229001164436,0.020417105406522751,0.032740514725446701,2.1501080793607392,2
distill:fred-econ,T10Y2Y,TimesFM-laplace-qd,12524,0.019999999999999962,-0.0023767973762005568,-0.0026812341529875994,-0.033629514276981354,-0.022207112982869148,-0.013675185851752758,-0.0064136078581213951,0.0016152451280504465,0.0089395605027675629,0.017412383109331131,0.028679003939032555,2.1323292821509803,2
distill:fred-econ,T10Y2Y,Laplace-q-fixed-bandwidth,12525,-0.010000000000000009,-0.0025063986442235334,-0.03501951293538963,-0.017799849452381038,-0.01004482085883637,-0.0065602063763610316,-3.7712959954140642e-06,0.0071799224479910297,0.010000203626860325,0.013185735576316613,0.020104471092508226,2.7027351708470504,2
distill:fred-econ,T10Y2Y,TimesFM-zero-shot,12525,-0.010000000000000009,-0.0023580193519592285,-0.0025455469731241465,-0.036834944039583206,-0.024705531075596809,-0.016170859336853027,-0.0091073913499712944,0.004312506876885891,0.011386719532310963,0.019959529861807823,0.032268587499856949,2.3130850332504229,2
distill:fred-econ,T10Y2Y,TimesFM-laplace-qd,12525,-0.010000000000000009,-0.0022081341594457626,-0.0026077409274876118,-0.032495439052581787,-0.021508140489459038,-0.013218256644904613,-0.0061233378946781158,0.0017031882889568806,0.0088433576747775078,0.017117783427238464,0.028317077085375786,2.5948412646899914,2
distill:fred-econ,T10Y2Y,Laplace-q-fixed-bandwidth,12526,-0.03999999999999998,0.0018011636357004798,-0.023425596326259512,-0.010138697150724053,-0.0099028049338697188,-0.00098792686316557122,0.00013372778994898474,0.0098318941729508801,0.01007746452180364,0.019734689831541918,0.021990510279790251,0.52337871372280098,2
distill:fred-econ,T10Y2Y,TimesFM-zero-shot,12526,-0.03999999999999998,-0.0018126366194337606,-0.0019298605620861053,-0.035291757434606552,-0.023403478786349297,-0.015101372264325619,-0.0082973213866353035,0.0046442649327218533,0.011428746394813061,0.019675722345709801,0.031466517597436905,0.23847236760145429,2
distill:fred-econ,T10Y2Y,TimesFM-laplace-qd,12526,-0.03999999999999998,-0.0017168656922876835,-0.0018607251113280654,-0.031146138906478882,-0.020372761413455009,-0.012317254208028316,-0.0054640253074467182,0.0019794804975390434,0.0088117467239499092,0.016836050897836685,0.027524620294570923,-0.59573135527209198,2
distill:fred-econ,T10Y2Y,Laplace-q-fixed-bandwidth,12527,0.020000000000000018,0.0050948150456575454,-0.018442394963542094,-0.010048999559583119,-0.0096485667328063095,-5.4672150893984957e-05,0.0044444451067392945,0.0099614837199493676,0.010759002649658938,0.019988521332467757,0.030852373017918804,2.451921748739168,2
distill:fred-econ,T10Y2Y,TimesFM-zero-shot,12527,0.020000000000000018,-0.0019646352156996727,-0.0018744887784123421,-0.03630673885345459,-0.024222962558269501,-0.01565018855035305,-0.0086427824571728706,0.0047889240086078644,0.011883462779223919,0.020385997369885445,0.03262004628777504,2.1642731945007578,2
distill:fred-econ,T10Y2Y,TimesFM-laplace-qd,12527,0.020000000000000018,-0.0016991946613416076,-0.0016351076774299145,-0.032031077891588211,-0.021034073084592819,-0.012668745592236519,-0.0055643734522163868,0.0022413057740777731,0.0094246538355946541,0.017694909125566483,0.028820913285017014,2.1582214784662739,2
distill:fred-econ,T10Y2Y,Laplace-q-fixed-bandwidth,12528,-0.020000000000000018,-0.0033130290783221516,-0.03402098030649528,-0.01835465598789477,-0.010114801610318297,-0.0098444815404616966,-0.00073451460885593975,0.00019807706878395825,0.0098362366927130622,0.010109950546336127,0.022510516816982983,2.3472604822599656,2
distill:fred-econ,T10Y2Y,TimesFM-zero-shot,12528,-0.020000000000000018,-0.0015576276928186417,-0.0017219207948073745,-0.036163423210382462,-0.023855129256844521,-0.015251586213707924,-0.0082525406032800674,0.0051405252888798714,0.012202254496514797,0.020717589184641838,0.032823659479618073,2.7264887427954485,2
distill:fred-econ,T10Y2Y,TimesFM-laplace-qd,12528,-0.020000000000000018,-0.0016565845580771565,-0.0020156367681920528,-0.031941205263137817,-0.020861763507127762,-0.012550178915262222,-0.0054800291545689106,0.0021690884605050087,0.0092585654929280281,0.017468532547354698,0.028369314968585968,2.6479778981083086,2
distill:fred-econ,T10Y2Y,Laplace-q-fixed-bandwidth,12529,-0.010000000000000009,0.0024693226144153033,-0.024722145555239876,-0.010234901365790909,-0.0099119767414356727,-0.0026140163048122087,0.0001103245047848682,0.0087251259257328968,0.010044903239531531,0.015731332055735646,0.032135229500485342,2.9243802995263524,2
distill:fred-econ,T10Y2Y,TimesFM-zero-shot,12529,-0.010000000000000009,-0.00071292789652943611,-0.00052285206038504839,-0.035334829241037369,-0.023091515526175499,-0.014517114497721195,-0.0074384938925504684,0.0059697916731238365,0.012997790239751339,0.021535569801926613,0.033729348331689835,2.3611038392335502,2
distill:fred-econ,T10Y2Y,TimesFM-laplace-qd,12529,-0.010000000000000009,-0.00057961128186434507,-0.00035843881778419018,-0.031116457656025887,-0.020013786852359772,-0.011664564721286297,-0.004493876826018095,0.0032626860775053501,0.010354625061154366,0.018636910244822502,0.02970551885664463,2.6436441804082556,2
distill:fred-econ,T10Y2Y,Laplace-q-fixed-bandwidth,12530,-0.019999999999999962,0.00056021018219477641,-0.025420795494903264,-0.010351096696837706,-0.0099868561468979405,-0.0080472138699826702,-6.2869592737287459e-05,0.0042146201479061531,0.0099577411453952228,0.012046757748400076,0.028344367197995757,2.099288969521647,2
distill:fred-econ,T10Y2Y,TimesFM-zero-shot,12530,-0.019999999999999962,-0.00074427947402000427,-0.00052237440831959248,-0.034325778484344482,-0.022489326074719429,-0.014174865558743477,-0.0073148398660123348,0.0058441082946956158,0.012837644666433334,0.021286780014634132,0.033396653831005096,2.7527054524972758,2
distill:fred-econ,T10Y2Y,TimesFM-laplace-qd,12530,-0.019999999999999962,-0.0011647244682535529,-0.00099534797482192516,-0.030430743470788002,-0.01981656439602375,-0.011810725554823875,-0.0049245492555201054,0.0026088939048349857,0.0096062999218702316,0.017760142683982849,0.028677469119429588,2.6203161095432894,2
distill:fred-econ,T10Y2Y,Laplace-q-fixed-bandwidth,12531,0.019999999999999962,0.0015435123015396194,-0.026934619597877484,-0.0126560138790893,-0.010020648546988057,-0.0096352656469900679,-7.1803234235750035e-05,0.0092466174582531788,0.010078683404674889,0.016991248649746771,0.032402738868633159,2.3514256706785259,2
distill:fred-econ,T10Y2Y,TimesFM-zero-shot,12531,0.019999999999999962,-0.0044756578281521797,-0.0043173697777092457,-0.037283673882484436,-0.025702700018882751,-0.017603311687707901,-0.0109004070982337,0.00194881996139884,0.0088517693802714348,0.017169270664453506,0.029176015406847,2.1102468963046839,2
distill:fred-econ,T10Y2Y,TimesFM-laplace-qd,12531,0.019999999999999962,-0.0038472600281238556,-0.0037119677290320396,-0.032728333026170731,-0.02220570296049118,-0.014334952458739281,-0.0075616403482854366,-0.00015810457989573479,0.0067945336923003197,0.01485921535640955,0.025748994201421738,2.0682119593583499,2
distill:fred-price-return,VIXCLS,Laplace-q-fixed-bandwidth,9171,-0.037575888105806587,0.00239968046705006,-0.096624603354400512,-0.059511653265969897,-0.035683525701333096,-0.016968188227987534,-0.00012863730894618208,0.016813840981586649,0.035900557495033222,0.060647702949153601,0.10044885789984526,1.5898610437973906,2
distill:fred-price-return,VIXCLS,TimesFM-zero-shot,9171,-0.037575888105806587,0.00055663567036390305,0.00054558069678023458,-0.093221038579940796,-0.060073669999837875,-0.036944489926099777,-0.017632933333516121,0.018677741289138794,0.037736326456069946,0.060806754976511002,0.094088807702064514,1.6186453390604627,2
distill:fred-price-return,VIXCLS,TimesFM-laplace-qd,9171,-0.037575888105806587,-0.00051834271289408207,-0.00073075911495834589,-0.082886643707752228,-0.052798040211200714,-0.030495118349790573,-0.011100875213742256,0.0099748698994517326,0.029148319736123085,0.051347870379686356,0.081404343247413635,1.7691556062323457,2
distill:fred-price-return,VIXCLS,Laplace-q-fixed-bandwidth,9172,-0.010599820305142948,0.0018095499495078388,-0.095060402223367702,-0.058579909073385138,-0.035320132468709173,-0.017091430662309174,-0.00069622394714084746,0.015799647201508581,0.034392986913590981,0.058563856785709065,0.09773498350428958,1.8624856760887181,2
distill:fred-price-return,VIXCLS,TimesFM-zero-shot,9172,-0.010599820305142948,0.00048176018754020333,0.00010899669723585248,-0.092598900198936462,-0.059596020728349686,-0.036578290164470673,-0.017495371401309967,0.018575755879282951,0.037389766424894333,0.059985961765050888,0.092729188501834869,1.2904125027928022,2
distill:fred-price-return,VIXCLS,TimesFM-laplace-qd,9172,-0.010599820305142948,-0.00028929160907864571,-0.00066228082869201899,-0.081115342676639557,-0.051503721624612808,-0.029570193961262703,-0.010532492771744728,0.0099112233147025108,0.028636371716856956,0.050189293920993805,0.07941928505897522,1.5673276966074492,2
distill:fred-price-return,VIXCLS,Laplace-q-fixed-bandwidth,9173,0.053506211437890361,0.0011632535064917348,-0.092235124784419892,-0.056723259167221263,-0.034403648597773492,-0.016981328285302525,-0.0013205456335136558,0.014436858336200207,0.032211776851880064,0.055429782586672652,0.093657877288843033,1.2767488285438673,2
distill:fred-price-return,VIXCLS,TimesFM-zero-shot,9173,0.053506211437890361,0.00057177164126187563,0.00092722568660974503,-0.09193979948759079,-0.059032328426837921,-0.036249015480279922,-0.017301471903920174,0.018646081909537315,0.037642419338226318,0.060572966933250427,0.09376932680606842,1.2136632013829707,2
distill:fred-price-return,VIXCLS,TimesFM-laplace-qd,9173,0.053506211437890361,-0.0010761253070086241,-0.00058986875228583813,-0.080937780439853668,-0.051525868475437164,-0.02996785007417202,-0.011197090148925781,0.0089530795812606812,0.027609102427959442,0.04919825866818428,0.078415915369987488,1.2209989938310077,2
distill:fred-price-return,VIXCLS,Laplace-q-fixed-bandwidth,9174,-0.10766691249323035,0.0011212891725338374,-0.091794140969133076,-0.056514293453946526,-0.034297753689110963,-0.016943931647912174,-0.0013418382715714708,0.014356595728779221,0.032061671469061234,0.055171185184055685,0.09314419249700967,0.34387460481045706,2
distill:fred-price-return,VIXCLS,TimesFM-zero-shot,9174,-0.10766691249323035,-1.0093441233038902e-05,-0.00024011766072362661,-0.089637041091918945,-0.057614687830209732,-0.035616062581539154,-0.017145648598670959,0.017288887873291969,0.035414762794971466,0.057438541203737259,0.089307308197021484,-0.99558541519538735,2
distill:fred-price-return,VIXCLS,TimesFM-laplace-qd,9174,-0.10766691249323035,-0.0020179958082735538,-0.0012443671002984047,-0.078379452228546143,-0.050163868814706802,-0.029662279412150383,-0.011630233377218246,0.0075134811922907829,0.025053022429347038,0.045569427311420441,0.073173403739929199,-2.0373586597631146,2
distill:fred-price-return,VIXCLS,Laplace-q-fixed-bandwidth,9175,0.0059032048641318724,0.0026095513236545241,-0.093949797555905601,-0.057727743973393725,-0.034505551984966021,-0.016272023001205407,0.00013479575444616835,0.016642720289255925,0.035241430504476368,0.059369666075261854,0.098247880712071106,1.8699106423465437,2
distill:fred-price-return,VIXCLS,TimesFM-zero-shot,9175,0.0059032048641318724,-0.0033867314923554659,-0.003158479230478406,-0.09940328449010849,-0.065482929348945618,-0.041681937873363495,-0.02189992368221283,0.015148852951824665,0.034594468772411346,0.058089181780815125,0.091681897640228271,1.2772428546747356,2
distill:fred-price-return,VIXCLS,TimesFM-laplace-qd,9175,0.0059032048641318724,-0.0033611953258514404,-0.0031902354676276445,-0.08695521205663681,-0.056422233581542969,-0.033637456595897675,-0.013860438950359821,0.0071951290592551231,0.026540154591202736,0.049034431576728821,0.079082697629928589,1.5320353894657983,2
distill:fred-price-return,VIXCLS,Laplace-q-fixed-bandwidth,9176,0.073729526718933514,0.00032986830948448587,-0.092795490653877585,-0.057509627529103005,-0.035216657824930622,-0.01779103318015381,-0.0021237109987745691,0.013640816381068094,0.031420296934126291,0.054608829799474026,0.092577296219622671,0.86905117860782988,2
distill:fred-price-return,VIXCLS,TimesFM-zero-shot,9176,0.073729526718933514,-0.00035351316910237074,-0.00049225293332710862,-0.095849938690662384,-0.062049932777881622,-0.038268093019723892,-0.018806306645274162,0.018060415983200073,0.037580884993076324,0.060929875820875168,0.094583578407764435,1.0308160046183175,2
distill:fred-price-return,VIXCLS,TimesFM-laplace-qd,9176,0.073729526718933514,-0.0011557075195014477,-0.0011598564451560378,-0.084597587585449219,-0.054114684462547302,-0.03125932440161705,-0.011693208478391171,0.009378679096698761,0.028880340978503227,0.051352296024560928,0.081611543893814087,0.93036074579603278,2
distill:fred-price-return,VIXCLS,Laplace-q-fixed-bandwidth,9177,-0.051034342565528412,0.00045060284717231676,-0.093977295634728397,-0.058443394057214174,-0.035766217514297358,-0.017986187210122889,-0.0019912846307348314,0.014102753856165672,0.032241786444240625,0.055815429973348478,0.093993819717517274,1.4233650959101405,2
distill:fred-price-return,VIXCLS,TimesFM-zero-shot,9177,-0.051034342565528412,0.0023518875241279602,0.0024051591753959656,-0.094278618693351746,-0.060263805091381073,-0.036338653415441513,-0.016517998650670052,0.021049059927463531,0.040814142674207687,0.064710184931755066,0.098828054964542389,1.7109411241681824,2
distill:fred-price-return,VIXCLS,TimesFM-laplace-qd,9177,-0.051034342565528412,0.0013391654938459396,0.0014391954755410552,-0.082622453570365906,-0.052152968943119049,-0.029205508530139923,-0.0093735111877322197,0.011899993754923344,0.031686790287494659,0.054633524268865585,0.085330285131931305,1.6111284793573077,2
distill:fred-price-return,VIXCLS,Laplace-q-fixed-bandwidth,9178,0.00057520852894610286,0.002437690962954537,-0.090867733208675958,-0.05572485090243666,-0.033329813357464946,-0.015775493917241017,1.703835518970636e-05,0.015907594490711937,0.033817185090255789,0.057101472747923016,0.094875479627453033,1.9171967435967039,2
distill:fred-price-return,VIXCLS,TimesFM-zero-shot,9178,0.00057520852894610286,-0.00098391994833946228,-0.00078919949010014534,-0.097589664161205292,-0.063525579869747162,-0.039576213806867599,-0.019699437543749809,0.017829252406954765,0.037465348839759827,0.061248417943716049,0.095217831432819366,1.2586657082428461,2
distill:fred-price-return,VIXCLS,TimesFM-laplace-qd,9178,0.00057520852894610286,-0.0016524968668818474,-0.0016061204951256514,-0.085620895028114319,-0.055031552910804749,-0.03204767033457756,-0.012242067605257034,0.0091143008321523666,0.028681294992566109,0.051482334733009338,0.081843934953212738,1.5243931656223806,2
distill:fred-price-return,VIXCLS,Laplace-q-fixed-bandwidth,9179,-0.017987140005768065,0.0012916305509019527,-0.088554857721014679,-0.054382530572120197,-0.032924797508501302,-0.016171543361939725,-0.0011077873037491702,0.014049872926480338,0.031146033694797827,0.053479477078076459,0.090308934600306173,1.8970544100364346,2
distill:fred-price-return,VIXCLS,TimesFM-zero-shot,9179,-0.017987140005768065,-0.0030940920114517212,-0.0033939538989216089,-0.096412599086761475,-0.063293188810348511,-0.040247336030006409,-0.021158413961529732,0.014815355651080608,0.033792216330766678,0.056663341820240021,0.089453808963298798,1.2952187050055814,2
distill:fred-price-return,VIXCLS,TimesFM-laplace-qd,9179,-0.017987140005768065,-0.0041449526324868202,-0.0042188586667180061,-0.083716355264186859,-0.054488077759742737,-0.032899267971515656,-0.01420876756310463,0.0057080779224634171,0.024178264662623405,0.045647379010915756,0.074345029890537262,1.5969181438184541,2
distill:fred-price-return,VIXCLS,Laplace-q-fixed-bandwidth,9180,0.0064196310343342944,0.0014445825617508119,-0.085224718384357967,-0.052016207462541583,-0.031414298161268034,-0.015364314706228999,-0.00093201546632762518,0.013590182293473774,0.029970265919233068,0.051429295647100269,0.087310736430883273,1.9864955346421667,2
distill:fred-price-return,VIXCLS,TimesFM-zero-shot,9180,0.0064196310343342944,-0.0012033567763864994,-0.0011950724292546511,-0.093339264392852783,-0.060469411313533783,-0.037704255431890488,-0.018904158845543861,0.01656055822968483,0.035117421299219131,0.057446748018264771,0.089559905230998993,1.3234808004103149,2
distill:fred-price-return,VIXCLS,TimesFM-laplace-qd,9180,0.0064196310343342944,-0.0021541579626500607,-0.0018760187085717916,-0.080367974936962128,-0.051445584744215012,-0.030207732692360878,-0.011929267086088657,0.0075166383758187294,0.025440208613872528,0.046264562755823135,0.074107937514781952,1.6103571122756528,2
distill:fred-price-return,VIXCLS,Laplace-q-fixed-bandwidth,9181,0.066935297532782823,0.0010882757386080288,-0.082117712913014826,-0.05001906297180872,-0.030346157488570398,-0.015037422266326969,-0.0012642606357384169,0.012594248532795515,0.028217916199415688,0.048722265608978507,0.083505817979741478,0.95149884902934168,2
distill:fred-price-return,VIXCLS,TimesFM-zero-shot,9181,0.066935297532782823,-0.0027692802250385284,-0.0014455970376729965,-0.08742329478263855,-0.056792218238115311,-0.036264996975660324,-0.019201159477233887,0.013892476446926594,0.031358435750007629,0.052810057997703552,0.084289208054542542,1.0807952592125627,2
distill:fred-price-return,VIXCLS,TimesFM-laplace-qd,9181,0.066935297532782823,-0.0050523718819022179,-0.0027237334288656712,-0.074142187833786011,-0.048166591674089432,-0.02984369732439518,-0.014013484120368958,0.0036911407951265574,0.019891858100891113,0.039072498679161072,0.065394870936870575,0.90490844212447641,2
distill:fred-price-return,VIXCLS,Laplace-q-fixed-bandwidth,9182,-0.021447068965099181,0.0010302589296025029,-0.083505603446910659,-0.0510499570705331,-0.030988015979696068,-0.015363147673080373,-0.0013100450232388036,0.012830732899482652,0.028778044225477927,0.049681657044623559,0.084789651221603674,1.9214944700514556,2
distill:fred-price-return,VIXCLS,TimesFM-zero-shot,9182,-0.021447068965099181,-0.0012746246065944433,-0.001044401666149497,-0.091998808085918427,-0.059634409844875336,-0.03742116317152977,-0.018870547413825989,0.016380220651626587,0.034915413707494736,0.057329058647155762,0.08974049985408783,1.3495105510421206,2
distill:fred-price-return,VIXCLS,TimesFM-laplace-qd,9182,-0.021447068965099181,-0.0034561196807771921,-0.0030779438093304634,-0.080354221165180206,-0.051847245544195175,-0.031179198995232582,-0.013147306628525257,0.0060492376796901226,0.023854510858654976,0.044652931392192841,0.072636671364307404,1.6637702684752786,2
distill:fred-price-return,VIXCLS,Laplace-q-fixed-bandwidth,9183,-0.0066927187911050012,0.002627699378022126,-0.078945412299516321,-0.047466994433362636,-0.028192597558830589,-0.013189765062059107,0.00031157828154296078,0.0138967286513887,0.0292089322689165,0.049301517177736398,0.083435239037683878,2.0601512743570698,2
distill:fred-price-return,VIXCLS,TimesFM-zero-shot,9183,-0.0066927187911050012,-0.0017458046786487103,-0.0017374245217069983,-0.09125053882598877,-0.05925176665186882,-0.03723134845495224,-0.019048538058996201,0.015527885407209396,0.033685535192489624,0.055650915950536728,0.087308377027511597,1.3352310351344625,2
distill:fred-price-return,VIXCLS,TimesFM-laplace-qd,9183,-0.0066927187911050012,-0.0030894551891833544,-0.0025215528439730406,-0.077843070030212402,-0.05006597563624382,-0.029981952160596848,-0.012643290683627129,0.0061537348665297031,0.02336440235376358,0.043476525694131851,0.070451743900775909,1.6513694541795541,2
distill:fred-price-return,VIXCLS,Laplace-q-fixed-bandwidth,9184,-0.034731643516054955,0.0021663245515898266,-0.075951214286411439,-0.045666186857843877,-0.027304078335562913,-0.013005358340851616,-0.00012406316141338897,0.012836408425834065,0.027428409150355673,0.046576807629420562,0.079513468462130837,1.7370366351225559,2
distill:fred-price-return,VIXCLS,TimesFM-zero-shot,9184,-0.034731643516054955,0.00024419242981821299,0.00050363194895908237,-0.086433738470077515,-0.055101476609706879,-0.033840101212263107,-0.016287295147776604,0.016897860914468765,0.034389335662126541,0.055591832846403122,0.086487695574760437,1.702237211261036,2
distill:fred-price-return,VIXCLS,TimesFM-laplace-qd,9184,-0.034731643516054955,-0.0018363883718848228,-0.00048830406740307808,-0.072623983025550842,-0.04608067125082016,-0.027230530977249146,-0.010757498443126678,0.0067495685070753098,0.022851880639791489,0.041729319840669632,0.067396879196166992,1.9544636769414152,2
distill:fred-price-return,VIXCLS,Laplace-q-fixed-bandwidth,9185,0.065588086026449943,0.0021883039093617495,-0.074189865506904124,-0.044556130522668977,-0.026633593933764577,-0.012666996197415084,-7.7564997170896546e-05,0.012588938198364357,0.026841239145298387,0.045532735952906432,0.077796839096839376,0.95685168742061899,2
distill:fred-price-return,VIXCLS,TimesFM-zero-shot,9185,0.065588086026449943,0.0017984348814934492,0.0022033590357750654,-0.083323657512664795,-0.052193336188793182,-0.03148331493139267,-0.014225181192159653,0.018093954771757126,0.034995235502719879,0.055806748569011688,0.085983544588088989,1.1667386543512017,2
distill:fred-price-return,VIXCLS,TimesFM-laplace-qd,9185,0.065588086026449943,-0.0016394971171393991,0.00082377699436619878,-0.067021280527114868,-0.042397599667310715,-0.025029191747307777,-0.009949774481356144,0.0060842214152216911,0.020726324990391731,0.037961084395647049,0.061311371624469757,0.96599907926818407,2
distill:fred-price-return,VIXCLS,Laplace-q-fixed-bandwidth,9186,-0.03365834963906833,0.0010873555251693836,-0.076834727235571859,-0.046693646135359347,-0.028338574124295413,-0.014043228039158868,-0.0011683623179690769,0.011786243730872111,0.026376533200103136,0.045518031130385446,0.078271055513073867,1.7803019446745456,2
distill:fred-price-return,VIXCLS,TimesFM-zero-shot,9186,-0.03365834963906833,0.0043044262565672398,0.0040032179094851017,-0.084289968013763428,-0.052441298961639404,-0.03066018782556057,-0.01266433484852314,0.021339382976293564,0.039221636950969696,0.060929540544748306,0.092153899371623993,1.7134034255432167,2
distill:fred-price-return,VIXCLS,TimesFM-laplace-qd,9186,-0.03365834963906833,0.0012891215737909079,0.0013499745400622487,-0.070946134626865387,-0.04396660253405571,-0.024458976462483406,-0.0076230810955166817,0.010054136626422405,0.026656500995159149,0.045965198427438736,0.071820802986621857,1.9030322428758697,2
distill:fred-price-return,VIXCLS,Laplace-q-fixed-bandwidth,9187,0.013378125946176045,0.0028923696529070085,-0.073148533449978931,-0.043696086011233613,-0.025821586813909628,-0.011892130734885632,0.00066075281838195174,0.013291045919869311,0.027507138404554675,0.046149825950578573,0.078196335840767212,2.0765618745058081,2
distill:fred-price-return,VIXCLS,TimesFM-zero-shot,9187,0.013378125946176045,-0.00034278805833309889,-0.00069124600850045681,-0.088483996689319611,-0.056603875011205673,-0.035043526440858841,-0.017162235453724861,0.016531979665160179,0.034147601574659348,0.055581890046596527,0.086518809199333191,1.3781249276448808,2
distill:fred-price-return,VIXCLS,TimesFM-laplace-qd,9187,0.013378125946176045,-0.00079239573096856475,-0.00068328087218105793,-0.07011769711971283,-0.043918825685977936,-0.025453334674239159,-0.0094702253118157387,0.0075002727098762989,0.023073986172676086,0.041418541222810745,0.065792255103588104,1.7262628598462399,2
distill:fred-price-return,VIXCLS,Laplace-q-fixed-bandwidth,9188,-0.034933129508005756,0.0019208423437608521,-0.071044908923691502,-0.042724394616739679,-0.025643945223175771,-0.012312977935388965,-0.00028408090796218236,0.011818138348339512,0.025421122036962451,0.043237350994455616,0.074129194148707667,1.7537628874236326,2
distill:fred-price-return,VIXCLS,TimesFM-zero-shot,9188,-0.034933129508005756,-0.00050946453120559454,-0.001692033838480711,-0.090025648474693298,-0.058024607598781586,-0.035922840237617493,-0.017810111865401268,0.016668485477566719,0.034851931035518646,0.056616794317960739,0.088185004889965057,1.6139765095274659,2
distill:fred-price-return,VIXCLS,TimesFM-laplace-qd,9188,-0.034933129508005756,-0.0010083222296088934,-0.0020962671842426062,-0.074640229344367981,-0.047384563833475113,-0.027252675965428352,-0.010154054500162601,0.0080128591507673264,0.025302698835730553,0.045152414590120316,0.072176344692707062,1.8631507037638069,2
distill:fred-price-return,VIXCLS,Laplace-q-fixed-bandwidth,9189,-0.039771323426896821,0.0025425467141437443,-0.068942600787169156,-0.041199194593512713,-0.024484683768755622,-0.011427135712618632,0.00036170833317149286,0.01222214457357523,0.025545350662050333,0.042979987476941879,0.073267550107759205,1.6227600649792417,2
distill:fred-price-return,VIXCLS,TimesFM-zero-shot,9189,-0.039771323426896821,-0.0043267817236483097,-0.005224249791353941,-0.093729443848133087,-0.061732526868581772,-0.039768282324075699,-0.021524731069803238,0.013034189119935036,0.031256120651960373,0.053254824131727219,0.084876388311386108,1.6387854364244681,2
distill:fred-price-return,VIXCLS,TimesFM-laplace-qd,9189,-0.039771323426896821,-0.0051111704669892788,-0.0059661827981472015,-0.078514158725738525,-0.051125254482030869,-0.031232945621013641,-0.014070158824324608,0.0038157792296260595,0.020861083641648293,0.040613189339637756,0.067032106220722198,1.8706254111893335,2
distill:fred-price-return,VIXCLS,Laplace-q-fixed-bandwidth,9190,-0.0035863756312273232,0.0019140921132705959,-0.06869941347784729,-0.041305754091032015,-0.024797941978224484,-0.011895878727495864,-0.00024475598444335565,0.011477111535672813,0.024641661316321957,0.041861110224814937,0.071775020302676976,2.2189811728745212,2
distill:fred-price-return,VIXCLS,TimesFM-zero-shot,9190,-0.0035863756312273232,-0.002476902212947607,-0.0021876059472560883,-0.086678877472877502,-0.056194223463535309,-0.035508759319782257,-0.018360193818807602,0.013641363009810448,0.030433898791670799,0.051163583993911743,0.081138327717781067,1.4124366354465132,2
distill:fred-price-return,VIXCLS,TimesFM-laplace-qd,9190,-0.0035863756312273232,-0.0043056127615272999,-0.001979804364964366,-0.067370250821113586,-0.043906792998313904,-0.026956928893923759,-0.012284943833947182,0.0032148337922990322,0.017501479014754295,0.034575432538986206,0.057410538196563721,1.8337771162490064,2
distill:fred-price-return,VIXCLS,Laplace-q-fixed-bandwidth,9191,-0.0066086152203563842,0.00095774106087061922,-0.066437642180319445,-0.040306815655660695,-0.024609059569170678,-0.012303668923469763,-0.0011720281884095025,0.01002611873648444,0.022578433677340637,0.038949789244204704,0.067550728220984874,2.2579357858121156,2
distill:fred-price-return,VIXCLS,TimesFM-zero-shot,9191,-0.0066086152203563842,-0.0068856645375490189,-0.0071522137150168419,-0.077522285282611847,-0.051482222974300385,-0.034368526190519333,-0.020041408017277718,0.0063780322670936584,0.020429754629731178,0.037950605154037476,0.063179440796375275,1.5997294140463323,2
distill:fred-price-return,VIXCLS,TimesFM-laplace-qd,9191,-0.0066086152203563842,-0.0069191884249448776,-0.0056865434162318707,-0.062133856117725372,-0.041374590247869492,-0.026970855891704559,-0.014012525789439678,-0.00085196155123412609,0.011961919255554676,0.027232110500335693,0.0475265271961689,1.9666032944721865,2
distill:fred-price-return,VIXCLS,Laplace-q-fixed-bandwidth,9192,0.025001302205417186,0.00090459674192096447,-0.063417848893898177,-0.038543818116660064,-0.023602906772532857,-0.011847973550870044,-0.0011944145226628368,0.0095216962810075276,0.021508799162870823,0.037085088415765133,0.06435873707199391,1.9551967521988811,2
distill:fred-price-return,VIXCLS,TimesFM-zero-shot,9192,0.025001302205417186,-0.0060931872576475143,-0.0073573077097535133,-0.066952280700206757,-0.044070705771446228,-0.029141230508685112,-0.017094708979129791,0.0048309415578842163,0.016478531062602997,0.030738875269889832,0.052151352167129517,1.7061467604870495,2
distill:fred-price-return,VIXCLS,TimesFM-laplace-qd,9192,0.025001302205417186,-0.0079466458410024643,-0.0090865632519125938,-0.048325672745704651,-0.032746091485023499,-0.02184511162340641,-0.01243778970092535,-0.0043908320367336273,0.0046546142548322678,0.015207226388156414,0.029811706393957138,1.6806450641054527,2
distill:fred-price-return,VIXCLS,Laplace-q-fixed-bandwidth,9193,-0.043249983793816504,0.00061907515538277855,-0.062001179497268771,-0.037836459429824346,-0.023303219838531147,-0.011846257805232185,-0.0014530529646008645,0.0090007098404137446,0.020682331046021424,0.035830580106777504,0.062343503924833732,1.5630573510414478,2
distill:fred-price-return,VIXCLS,TimesFM-zero-shot,9193,-0.043249983793816504,-0.0029057660140097141,-0.0037347804754972458,-0.076877474784851074,-0.04970165342092514,-0.031520038843154907,-0.016735974699258804,0.010854324325919151,0.025595666840672493,0.043522503226995468,0.06990351527929306,1.9355111749722191,2
distill:fred-price-return,VIXCLS,TimesFM-laplace-qd,9193,-0.043249983793816504,-0.0025764866732060909,-0.0031224656850099564,-0.050263058394193649,-0.031860057264566422,-0.018922820687294006,-0.0079361861571669579,0.0027939029969274998,0.013755495660007,0.026292948052287102,0.043470259755849838,1.2395526081995065,2
distill:fred-price-return,VIXCLS,Laplace-q-fixed-bandwidth,9194,-0.03434617962469666,0.0015758933384321587,-0.060816476346307199,-0.036734420803152701,-0.022246943340004301,-0.010830933265949323,-0.00047722997570324419,0.0099370758916135886,0.021577905375276915,0.036680457472440434,0.063099954626936405,1.7963897009725129,2
distill:fred-price-return,VIXCLS,TimesFM-zero-shot,9194,-0.03434617962469666,-0.0087475422769784927,-0.0084492927417159081,-0.080464482307434082,-0.054282549768686295,-0.036788549274206161,-0.022241923958063126,0.0049613974988460541,0.019446887075901031,0.037447411566972733,0.064092785120010376,1.8111811328894902,2
distill:fred-price-return,VIXCLS,TimesFM-laplace-qd,9194,-0.03434617962469666,-0.010304594412446022,-0.0079838996753096581,-0.057767365127801895,-0.040117312222719193,-0.027491509914398193,-0.016194682568311691,-0.0049844849854707718,0.0062601128593087196,0.019763510674238205,0.038603473454713821,2.4039392998943616,2
distill:fred-price-return,VIXCLS,Laplace-q-fixed-bandwidth,9195,-0.02704607867681208,0.00053298393212419771,-0.060862388572559149,-0.037191300298498389,-0.02293788037251545,-0.011696379725158135,-0.0014969111204702647,0.0087621362552041931,0.020224592520336468,0.035082379854219019,0.061057877091075984,2.0237610056663642,2
distill:fred-price-return,VIXCLS,TimesFM-zero-shot,9195,-0.02704607867681208,-0.0068530282005667686,-0.0072631444782018661,-0.076478123664855957,-0.051048643887042999,-0.033974912017583847,-0.01994604803621769,0.0065092649310827255,0.020433679223060608,0.037607204169034958,0.06310136616230011,1.7203232321798227,2
distill:fred-price-return,VIXCLS,TimesFM-laplace-qd,9195,-0.02704607867681208,-0.0096366815268993378,-0.0078395698219537735,-0.056588411331176758,-0.039011057466268539,-0.026455417275428772,-0.015413820743560791,-0.0044737281277775764,0.0066364258527755737,0.019600208848714828,0.037782546132802963,2.3290718030209039,2
distill:fred-price-return,VIXCLS,Laplace-q-fixed-bandwidth,9196,0.046549685263579832,-0.00035847584233131996,-0.060066351464250961,-0.037104734626139085,-0.023253030650725655,-0.012304738005538173,-0.0023614936520643956,0.0076393521019635976,0.01880113432959294,0.033236709349812918,0.058447144309155305,1.2811298397484385,2
distill:fred-price-return,VIXCLS,TimesFM-zero-shot,9196,0.046549685263579832,-0.0093702338635921478,-0.0087191835045814514,-0.076991602778434753,-0.051976963877677917,-0.035542398691177368,-0.022063832730054855,0.003390944330021739,0.01704021729528904,0.033938225358724594,0.058770459145307541,1.2955820095494257,2
distill:fred-price-return,VIXCLS,TimesFM-laplace-qd,9196,0.046549685263579832,-0.013485745526850224,-0.011062539182603359,-0.053687609732151031,-0.038171045482158661,-0.027465486899018288,-0.017977334558963776,-0.0090238628908991814,0.00038246414624154568,0.011485472321510315,0.027030445635318756,0.72864567921640744,2
distill:fred-price-return,VIXCLS,Laplace-q-fixed-bandwidth,9197,-0.017599448601077761,-0.0010296981541918528,-0.061536809977040918,-0.038213946574938436,-0.024159899173796785,-0.013076696746692006,-0.0030216742847852798,0.007092384372372855,0.018394495065005786,0.033046833349127627,0.05864193131450382,2.2593805367247253,2
distill:fred-price-return,VIXCLS,TimesFM-zero-shot,9197,-0.017599448601077761,-0.0039789010770618916,-0.0041779763996601105,-0.080048225820064545,-0.05238814651966095,-0.033730961382389069,-0.018447127193212509,0.010535800829529762,0.025683768093585968,0.044325269758701324,0.071897223591804504,1.526804877728861,2
distill:fred-price-return,VIXCLS,TimesFM-laplace-qd,9197,-0.017599448601077761,-0.0044588320888578892,-0.0033234460279345512,-0.05786963552236557,-0.037749476730823517,-0.023448066785931587,-0.011109227314591408,0.0019315894460305572,0.014237642288208008,0.028871260583400726,0.049301240593194962,2.0590146808441476,2
distill:fred-price-return,VIXCLS,Laplace-q-fixed-bandwidth,9198,0.018222307543668492,0.00032497796231036275,-0.057789595380401459,-0.03547941219598378,-0.021999053886873177,-0.011331056496922263,-0.001637120052214793,0.0081128870153378933,0.018988600055510244,0.033036707791968351,0.057541191858764398,2.1532348683458844,2
distill:fred-price-return,VIXCLS,TimesFM-zero-shot,9198,0.018222307543668492,-0.0081635983660817146,-0.0078741228207945824,-0.070482030510902405,-0.047380473464727402,-0.032455317676067352,-0.01980946771800518,0.0033702261280268431,0.01567942276597023,0.031133580952882767,0.054582327604293823,1.6792418880909006,2
distill:fred-price-return,VIXCLS,TimesFM-laplace-qd,9198,0.018222307543668492,-0.0096055632457137108,-0.0083916336297988892,-0.054948180913925171,-0.037646394222974777,-0.025863245129585266,-0.015280822291970253,-0.0046623507514595985,0.0056989081203937531,0.017965439707040787,0.03537214919924736,1.8251200612187526,2
distill:fred-price-return,VIXCLS,Laplace-q-fixed-bandwidth,9199,-0.04196419909903204,-0.00036959613718249223,-0.056633191115239456,-0.035114101332026804,-0.022070921555462544,-0.011720344299045608,-0.0023033815676726591,0.007167460412762618,0.017717436012910072,0.031305140470677131,0.054949550627756541,1.6065807586801977,2
distill:fred-price-return,VIXCLS,TimesFM-zero-shot,9199,-0.04196419909903204,-0.0028805490583181381,-0.0027831424959003925,-0.077401690185070038,-0.05034998431801796,-0.031962648034095764,-0.016947038471698761,0.011352722533047199,0.026336578652262688,0.044794958084821701,0.072123564779758453,1.963097721856256,2
distill:fred-price-return,VIXCLS,TimesFM-laplace-qd,9199,-0.04196419909903204,-0.0043523502536118031,-0.002813609316945076,-0.05514809861779213,-0.036023795604705811,-0.022268787026405334,-0.010502822697162628,0.0016227421583607793,0.013473030179738998,0.027465509250760078,0.046966079622507095,1.6792903076470562,2
distill:fred-price-return,VIXCLS,Laplace-q-fixed-bandwidth,9200,0.33415043386005516,0.00049356033513540357,-0.055694504293639216,-0.034183608765441284,-0.021152743299731595,-0.010820329373627497,-0.0014233931179385285,0.0080276355941899039,0.018560278054288178,0.032137892197409812,0.055773223212705683,-17.404493092097489,2
distill:fred-price-return,VIXCLS,TimesFM-zero-shot,9200,0.33415043386005516,-0.0075944364070892334,-0.0068463841453194618,-0.071107864379882812,-0.047829542309045792,-0.032312072813510895,-0.019535792991518974,0.004452642984688282,0.017318740487098694,0.033382769674062729,0.058511216193437576,-15.165991718568797,2
distill:fred-price-return,VIXCLS,TimesFM-laplace-qd,9200,0.33415043386005516,-0.0087565509602427483,-0.0062108729034662247,-0.053936552256345749,-0.036982674151659012,-0.025063704699277878,-0.014596794731914997,-0.0033069986384361982,0.0073440540581941605,0.020050564780831337,0.039211466908454895,-29.471519068320326,2
distill:fred-price-return,VIXCLS,Laplace-q-fixed-bandwidth,9201,-0.12829837965590629,-0.0033904155687589205,-0.08850376890730835,-0.055764654165059713,-0.036048252370832617,-0.020570370095201799,-0.0065535716111495652,0.0075628022093990263,0.023410559912678215,0.044137408070361206,0.080598759012685012,-0.052534477595375662,2
distill:fred-price-return,VIXCLS,TimesFM-zero-shot,9201,-0.12829837965590629,0.012385120615363121,0.019384738057851791,-0.083604946732521057,-0.050131428986787796,-0.026698313653469086,-0.0067733642645180225,0.032000813633203506,0.052619736641645432,0.07925838977098465,0.12074443697929382,-2.0532304386473434,2
distill:fred-price-return,VIXCLS,TimesFM-laplace-qd,9201,-0.12829837965590629,-0.0019869520328938961,0.0083773722872138023,-0.085438653826713562,-0.055568333715200424,-0.033531446009874344,-0.014300435781478882,0.010257316753268242,0.030421242117881775,0.055675026029348373,0.093249216675758362,-2.6361348560521893,2
distill:fred-price-return,VIXCLS,Laplace-q-fixed-bandwidth,9202,0.048991492939992831,0.014542328003107665,-0.07654987078217515,-0.041496435361098628,-0.020252547616870516,-0.0036532816865220427,0.011336642959503509,0.02643646134315579,0.043443327275097997,0.065787642425070153,0.1046553008143471,1.593133223460846,2
distill:fred-price-return,VIXCLS,TimesFM-zero-shot,9202,0.048991492939992831,-0.0070101320743560791,-0.0058646760880947113,-0.092690639197826385,-0.060299642384052277,-0.039428636431694031,-0.023032080382108688,0.0090692788362503052,0.026273325085639954,0.046852044761180878,0.079120174050331116,1.2247127958749116,2
distill:fred-price-return,VIXCLS,TimesFM-laplace-qd,9202,0.048991492939992831,-0.003384898416697979,-0.0037590553984045982,-0.08367215096950531,-0.052802376449108124,-0.031630218029022217,-0.014684048481285572,0.0076018101535737514,0.025177877396345139,0.045116327702999115,0.074768044054508209,1.2661247574486463,2
distill:fred-price-return,VIXCLS,Laplace-q-fixed-bandwidth,9203,0.11178172764775862,0.0011143246254505773,-0.087833002412172595,-0.053598747581264455,-0.032889934143388581,-0.016692090753504474,-0.0020548272413813775,0.012689137338243076,0.029282941832771602,0.051064324382152776,0.089071537303933218,0.13456432906767257,2
distill:fred-price-return,VIXCLS,TimesFM-zero-shot,9203,0.11178172764775862,-0.0041964002884924412,0.000333036994561553,-0.082756459712982178,-0.053468085825443268,-0.034720148891210556,-0.019247371703386307,0.010754810646176338,0.026809530332684517,0.047175955027341843,0.079599149525165558,0.1686062321272056,2
distill:fred-price-return,VIXCLS,TimesFM-laplace-qd,9203,0.11178172764775862,-0.0061121145263314247,0.00064360658871009946,-0.077425263822078705,-0.050204280763864517,-0.031815443187952042,-0.016417331993579865,0.0033923964947462082,0.019221747294068336,0.038503792136907578,0.067622728645801544,-0.088766993011171691,2
distill:fred-price-return,VIXCLS,Laplace-q-fixed-bandwidth,9204,-0.13365998517919087,-0.0010876372065645216,-0.095257618459735738,-0.059148294364099796,-0.037062961644888773,-0.019827507414856449,-0.0042840786928847723,0.011375363671764387,0.029039840834404633,0.052268308556000176,0.092171176277319355,-0.054533909985855944,2
distill:fred-price-return,VIXCLS,TimesFM-zero-shot,9204,-0.13365998517919087,0.0010156731586903334,0.0033634314313530922,-0.090719081461429596,-0.057145576924085617,-0.034846793860197067,-0.01634867861866951,0.018192809075117111,0.036702718585729599,0.059578355401754379,0.09458228200674057,-2.2656152391420799,2
distill:fred-price-return,VIXCLS,TimesFM-laplace-qd,9204,-0.13365998517919087,-0.0051650791428983212,0.00025981978978961706,-0.085685528814792633,-0.055493965744972229,-0.034482341259717941,-0.016532160341739655,0.0053478386253118515,0.023236284032464027,0.044451847672462463,0.075275599956512451,-3.5220316433239862,2
distill:fred-price-return,VIXCLS,Laplace-q-fixed-bandwidth,9205,-0.094898741822795785,0.018421015790460991,-0.081632600421284424,-0.043602312410140218,-0.019938473521534023,-0.001459521511497332,0.01518533113128835,0.031956465174512838,0.050899282677255839,0.075769493045978992,0.11757914074826983,0.33189963421577351,2
distill:fred-price-return,VIXCLS,TimesFM-zero-shot,9205,-0.094898741822795785,0.00053288496565073729,0.00020447128918021917,-0.084746666252613068,-0.052394401282072067,-0.03139205276966095,-0.014894855208694935,0.015825055539608002,0.032124441117048264,0.05127093568444252,0.082162059843540192,-0.718603527980194,2
distill:fred-price-return,VIXCLS,TimesFM-laplace-qd,9205,-0.094898741822795785,0.00024864159058779478,0.00070208229590207338,-0.080303050577640533,-0.04921041801571846,-0.028036676347255707,-0.011074287816882133,0.011135821230709553,0.027811329811811447,0.0466047003865242,0.075222425162792206,-1.1196815236033091,2
distill:fred-price-return,VIXCLS,Laplace-q-fixed-bandwidth,9206,-0.087422814971159113,0.010811554207349862,-0.093003247052764235,-0.053919344689412049,-0.029210884840570429,-0.0098601801672690455,0.0075693167523151091,0.02513168911491926,0.044966913956410795,0.070908067365545321,0.11371597944255589,0.62021959576402197,2
distill:fred-price-return,VIXCLS,TimesFM-zero-shot,9206,-0.087422814971159113,-0.00026067916769534349,0.0010738503187894821,-0.086078524589538574,-0.053142018616199493,-0.032619267702102661,-0.016117826104164124,0.01521614845842123,0.031940445303916931,0.052098400890827179,0.083955198526382446,-0.28301768590341159,2
distill:fred-price-return,VIXCLS,TimesFM-laplace-qd,9206,-0.087422814971159113,0.0029895422048866749,0.0060427207499742508,-0.077349156141281128,-0.046153329312801361,-0.025585426017642021,-0.0082598049193620682,0.013790313154459,0.031101446598768234,0.05093923956155777,0.080819457769393921,-0.84429065915066892,2
distill:fred-price-return,VIXCLS,Laplace-q-fixed-bandwidth,9207,0.012879662863661157,0.0079930697774451571,-0.097974381555431117,-0.058397877524102776,-0.033072864687331949,-0.013172586350026924,0.0047612973227398134,0.022831739364432311,0.043226859132651632,0.069790231769450067,0.11303250654280084,1.7734776050843113,2
distill:fred-price-return,VIXCLS,TimesFM-zero-shot,9207,0.012879662863661157,-0.013297971338033676,-0.011513517238199711,-0.090577073395252228,-0.061037361621856689,-0.042362634092569351,-0.026974370703101158,0.00064052047673612833,0.015124673023819923,0.033017598092556,0.061043720692396164,1.5436316920911219,2
distill:fred-price-return,VIXCLS,TimesFM-laplace-qd,9207,0.012879662863661157,-0.003027214203029871,-0.0032639536075294018,-0.078431650996208191,-0.04966273158788681,-0.029822560027241707,-0.013245943002402782,0.0068173115141689777,0.022622121497988701,0.041187524795532227,0.068031646311283112,1.6550367527203929,2
distill:fred-price-return,VIXCLS,Laplace-q-fixed-bandwidth,9208,0.11663131302644869,0.0025227724831802969,-0.099614391942692601,-0.061117422218663869,-0.036825960009063796,-0.017809016628426141,-0.00067992747861553553,0.016580053440959655,0.036074758164174964,0.061585149348836146,0.10377862033456063,0.22215545218097354,2
distill:fred-price-return,VIXCLS,TimesFM-zero-shot,9208,0.11663131302644869,-0.0059119085781276226,-0.009379582479596138,-0.092507682740688324,-0.059242673218250275,-0.03787444531917572,-0.021008752286434174,0.0089161787182092667,0.024168539792299271,0.042555008083581924,0.070149846374988556,-0.076272740307351872,2
distill:fred-price-return,VIXCLS,TimesFM-laplace-qd,9208,0.11663131302644869,-0.00027028826298192143,-0.0065068057738244534,-0.081487342715263367,-0.04998195543885231,-0.028260054066777229,-0.010629096999764442,0.0094041358679533005,0.024915685877203941,0.042939361184835434,0.067952804267406464,-0.17620388106596296,2
distill:fred-price-return,VIXCLS,Laplace-q-fixed-bandwidth,9209,-0.11724088329829518,-0.001830370627218077,-0.10820503656757401,-0.068580783684889152,-0.043124766966509728,-0.023099435137754053,-0.0050497122129720112,0.013137726133743633,0.033661041753234033,0.060356445010231838,0.10362519475630842,0.37059648113034416,2
distill:fred-price-return,VIXCLS,TimesFM-zero-shot,9209,-0.11724088329829518,-0.014562038704752922,-0.014759903773665428,-0.10842183232307434,-0.073442786931991577,-0.050622642040252686,-0.032196313142776489,0.0029812955763190985,0.021235071122646332,0.043608874082565308,0.076997682452201843,-0.6650363914592442,2
distill:fred-price-return,VIXCLS,TimesFM-laplace-qd,9209,-0.11724088329829518,-0.0089956372976303101,-0.009160701185464859,-0.094714447855949402,-0.062460955232381821,-0.039688713848590851,-0.020666835829615593,0.0024657412432134151,0.021099448204040527,0.043044015765190125,0.074148483574390411,-1.5173233738866803,2
distill:fred-price-return,VIXCLS,Laplace-q-fixed-bandwidth,9210,0.022906366208907514,0.012297115067388913,-0.097290945961717001,-0.056916432655863998,-0.030575084140239982,-0.0097357513369815615,0.0090728179413132569,0.028023695244488951,0.049373021703471021,0.076957712618870799,0.1209250695254761,1.7056314503365568,2
distill:fred-price-return,VIXCLS,TimesFM-zero-shot,9210,0.022906366208907514,-0.0059230132028460503,-0.011043292470276356,-0.097061052918434143,-0.062120165675878525,-0.039574336260557175,-0.022262955084443092,0.010311318561434746,0.02701171301305294,0.046850387006998062,0.078089751303195953,1.4285710155629692,2
distill:fred-price-return,VIXCLS,TimesFM-laplace-qd,9210,0.022906366208907514,-0.001530190696939826,-0.0086720651015639305,-0.090906821191310883,-0.056097686290740967,-0.032360907644033432,-0.013645400293171406,0.010518115945160389,0.028276648372411728,0.048777598887681961,0.078895032405853271,1.5115999045477768,2
distill:fred-price-return,VIXCLS,Laplace-q-fixed-bandwidth,9211,0.029362062336849348,0.0019426846016303229,-0.10412429530351637,-0.064670799336819226,-0.039271398819641576,-0.019277892384611826,-0.0012545519452375874,0.016906581255003619,0.037397803519772899,0.064032449565042768,0.10710617326513396,1.6045192542889579,2
distill:fred-price-return,VIXCLS,TimesFM-zero-shot,9211,0.029362062336849348,-0.0029461430385708809,-0.0016814409755170345,-0.083749458193778992,-0.053554993122816086,-0.034244436770677567,-0.018023895099759102,0.012254221364855766,0.027964094653725624,0.047678444534540176,0.078812539577484131,1.4299901731449405,2
distill:fred-price-return,VIXCLS,TimesFM-laplace-qd,9211,0.029362062336849348,-0.0015202645445242524,-0.0014810693683102727,-0.082744069397449493,-0.05195477232336998,-0.030781170353293419,-0.012555288150906563,0.0090307705104351044,0.025384945794939995,0.04524916410446167,0.074703924357891083,1.5114730026949901,2
distill:fred-price-return,VIXCLS,Laplace-q-fixed-bandwidth,9212,0.12035175014355959,0.0018080703185093274,-0.10145210878605174,-0.062801836234687547,-0.038148799715739784,-0.018796838687389149,-0.0013601269299008461,0.016210438032885681,0.036048358421100837,0.06192309978998424,0.10420371958385752,0.17582456402466795,2
distill:fred-price-return,VIXCLS,TimesFM-zero-shot,9212,0.12035175014355959,-0.0011628896463662386,-0.0059127942658960819,-0.087943173944950104,-0.055168759077787399,-0.033556591719388962,-0.016634942963719368,0.013793123885989189,0.029555605724453926,0.048253390938043594,0.07702820748090744,-0.0038172273480914232,2
distill:fred-price-return,VIXCLS,TimesFM-laplace-qd,9212,0.12035175014355959,0.0019659013487398624,-0.0056078820489346981,-0.078721687197685242,-0.047518208622932434,-0.025571420788764954,-0.0079507492482662201,0.011404063552618027,0.027318818494677544,0.045442249625921249,0.07081911712884903,-0.19994015258592202,2
distill:fred-price-return,VIXCLS,Laplace-q-fixed-bandwidth,9213,-0.045128328905972293,-0.0030363702300446717,-0.11067468423062801,-0.070896259225044764,-0.045051262501207681,-0.024640233475070897,-0.0062265404348793929,0.012327557409275956,0.033243077672332179,0.06032481711815274,0.10368789462743315,1.5300270035808701,2
distill:fred-price-return,VIXCLS,TimesFM-zero-shot,9213,-0.045128328905972293,0.0015796308871358633,0.001637867302633822,-0.078447841107845306,-0.048685520887374878,-0.029257424175739288,-0.013367604464292526,0.016441762447357178,0.031952973455190659,0.05126495286822319,0.082284361124038696,1.8288978737224442,2
distill:fred-price-return,VIXCLS,TimesFM-laplace-qd,9213,-0.045128328905972293,-0.0045147808268666267,-0.0038012578152120113,-0.079720072448253632,-0.051565833389759064,-0.031991731375455856,-0.01532190665602684,0.0057973060756921768,0.021882213652133942,0.041279807686805725,0.070131592452526093,1.8838293874628942,2
distill:fred-price-return,VIXCLS,Laplace-q-fixed-bandwidth,9214,0.013859496899921275,0.0080447567442738198,-0.097167213525761853,-0.058079181724793802,-0.032872681854040464,-0.013018311157230275,0.0048830315059848264,0.022921598458104906,0.043271222413382382,0.06970446238871944,0.11237995983826868,1.7727209280401737,2
distill:fred-price-return,VIXCLS,TimesFM-zero-shot,9214,0.013859496899921275,-0.0084641659632325172,-0.0076466901227831841,-0.086009129881858826,-0.056908465921878815,-0.038483887910842896,-0.023389566689729691,0.0061863544397056103,0.021450763568282127,0.040665425360202789,0.070714466273784637,1.4867997526650301,2
distill:fred-price-return,VIXCLS,TimesFM-laplace-qd,9214,0.013859496899921275,-0.0098477713763713837,-0.0070035262033343315,-0.084214970469474792,-0.056054972112178802,-0.03682013601064682,-0.020445356145501137,0.00021586217917501926,0.016880510374903679,0.036863043904304504,0.065712369978427887,1.557011195669143,2
distill:fred-price-return,VIXCLS,Laplace-q-fixed-bandwidth,9215,-0.025738686268431898,0.0037000222719927767,-0.097831457469214234,-0.059748664708008166,-0.035534128683546336,-0.016543451947855441,0.00056569546927181104,0.017806801222774796,0.037277393989451894,0.062703882783095521,0.10440522697062932,1.7114075403231215,2
distill:fred-price-return,VIXCLS,TimesFM-zero-shot,9215,-0.025738686268431898,0.0041403775103390217,0.0018387977033853531,-0.078753739595413208,-0.048127889633178711,-0.02790350466966629,-0.011160450056195259,0.01945061981678009,0.034876264631748199,0.053973142057657242,0.084198355674743652,1.6567194207674789,2
distill:fred-price-return,VIXCLS,TimesFM-laplace-qd,9215,-0.025738686268431898,0.003697145264595747,-0.0017649638466536999,-0.073850452899932861,-0.044619139283895493,-0.023947669193148613,-0.0065214410424232483,0.013795595616102219,0.029350567609071732,0.047678831964731216,0.074866265058517456,1.7292193723790112,2
distill:fred-price-return,VIXCLS,Laplace-q-fixed-bandwidth,9216,-0.042158211865680695,0.0062527755250819652,-0.092126556915119534,-0.054977512166183004,-0.031606974926942269,-0.013322293789452686,0.0031479856909460251,0.019745411459146944,0.038494972107831885,0.063057145363242625,0.10383982748895855,1.4810033812200014,2
distill:fred-price-return,VIXCLS,TimesFM-zero-shot,9216,-0.042158211865680695,0.0026377742178738117,0.0014690246898680925,-0.081984423100948334,-0.050409860908985138,-0.029902661219239235,-0.013104750774800777,0.018177814781665802,0.034275218844413757,0.054192818701267242,0.084019564092159271,1.8043665823608439,2
distill:fred-price-return,VIXCLS,TimesFM-laplace-qd,9216,-0.042158211865680695,0.0045985863544046879,0.002388042164966464,-0.072374545037746429,-0.043155353516340256,-0.022729804739356041,-0.0054477732628583908,0.014054969884455204,0.030451875180006027,0.049616232514381409,0.076179362833499908,1.6911875369862306,2
distill:fred-price-return,VIXCLS,Laplace-q-fixed-bandwidth,9217,-0.070410306167924652,0.0068811618008102404,-0.089722514308291215,-0.053166471185384867,-0.030253734085694078,-0.012335796167472102,0.0038061884434307607,0.020072710443863943,0.03844678236231848,0.062535154157617998,0.10271022583586747,0.95152482671728045,2
distill:fred-price-return,VIXCLS,TimesFM-zero-shot,9217,-0.070410306167924652,-0.00093642296269536018,-0.0047564189881086349,-0.080964080989360809,-0.051312722265720367,-0.031477317214012146,-0.015708927065134048,0.013633451424539089,0.029026644304394722,0.047568954527378082,0.076304607093334198,0.71830933490300364,2
distill:fred-price-return,VIXCLS,TimesFM-laplace-qd,9217,-0.070410306167924652,0.0055067203938961029,-0.0023963244166225195,-0.068656295537948608,-0.04030856117606163,-0.020094377920031548,-0.0038197764661163092,0.014533455483615398,0.029562488198280334,0.046660471707582474,0.07141459733247757,0.10481313159937189,2
distill:fred-price-return,VIXCLS,Laplace-q-fixed-bandwidth,9218,0.0084746269909721228,0.0077505449927597458,-0.089691536033391889,-0.052984482435855691,-0.029810229579926524,-0.011658756092390362,0.0046958813566388025,0.021176874881506449,0.039789580555505653,0.064141113835824368,0.10441853023144494,1.87566816512556,2
distill:fred-price-return,VIXCLS,TimesFM-zero-shot,9218,0.0084746269909721228,-0.0062352390959858894,-0.0079921968281269073,-0.086990952491760254,-0.056362852454185486,-0.036814860999584198,-0.021216757595539093,0.008574439212679863,0.023971701040863991,0.042376197874546051,0.071116700768470764,1.5170502288636425,2
distill:fred-price-return,VIXCLS,TimesFM-laplace-qd,9218,0.0084746269909721228,0.0020700297318398952,-0.0022798653226345778,-0.074581421911716461,-0.045126810669898987,-0.0248673465102911,-0.0082832006737589836,0.011865527369081974,0.027577491477131844,0.045781262218952179,0.072539418935775757,1.679804480582654,2
distill:fred-price-return,VIXCLS,Laplace-q-fixed-bandwidth,9219,-0.026880054533687581,0.0027346115143579925,-0.090903246856759226,-0.055345450413075967,-0.033195491857823514,-0.015886924610998755,-0.00029044351723299627,0.015426292932985759,0.033176544940967848,0.056475107972287636,0.095627456913923783,1.7732114893825524,2
distill:fred-price-return,VIXCLS,TimesFM-zero-shot,9219,-0.026880054533687581,-0.0055118799209594727,-0.0036825831048190594,-0.079885758459568024,-0.05213562399148941,-0.034297097474336624,-0.019460881128907204,0.0083941742777824402,0.022905103862285614,0.041215024888515472,0.069328218698501587,1.6751241076160803,2
distill:fred-price-return,VIXCLS,TimesFM-laplace-qd,9219,-0.026880054533687581,-0.0044701797887682915,-0.00091669941321015358,-0.067936539649963379,-0.04413929209113121,-0.027527147904038429,-0.01309089083224535,0.0032765853684395552,0.01722368597984314,0.033848419785499573,0.057785704731941223,2.020489583387306,2
distill:fred-price-return,VIXCLS,Laplace-q-fixed-bandwidth,9220,-0.021277398447284934,0.0046810890854510363,-0.085939731829920374,-0.051371070647680879,-0.030018831231092676,-0.013344245104116192,0.0016877645130944203,0.016835142431951056,0.033934954429443005,0.056406365251181034,0.094569033280651221,1.8408343565741105,2
distill:fred-price-return,VIXCLS,TimesFM-zero-shot,9220,-0.021277398447284934,-0.0088216057047247887,-0.0085251005366444588,-0.086274929344654083,-0.057382650673389435,-0.038565106689929962,-0.023245280608534813,0.0055755032226443291,0.020273087546229362,0.038761403411626816,0.067185498774051666,1.5307900918182971,2
distill:fred-price-return,VIXCLS,TimesFM-laplace-qd,9220,-0.021277398447284934,-0.005007648840546608,-0.0033801572863012552,-0.07056591659784317,-0.045730818063020706,-0.028449468314647675,-0.013789596036076546,0.0031117198523133993,0.016957733780145645,0.033463846892118454,0.057036325335502625,1.8589708751440774,2
distill:fred-price-return,VIXCLS,Laplace-q-fixed-bandwidth,9221,-0.015296665375473584,0.0040276271612758943,-0.083401817303619924,-0.04992348226482779,-0.029408978912705677,-0.01338699112704209,0.0010675008981361244,0.015632107497051281,0.032061179622360318,0.053659425268083753,0.090723089895256792,1.9377863137044091,2
distill:fred-price-return,VIXCLS,TimesFM-zero-shot,9221,-0.015296665375473584,-0.012554599903523922,-0.01244678720831871,-0.077856831252574921,-0.053200405091047287,-0.037289835512638092,-0.02441800944507122,-0.00061913556419312954,0.012242918834090233,0.027945971116423607,0.052418865263462067,1.7016106358854568,2
distill:fred-price-return,VIXCLS,TimesFM-laplace-qd,9221,-0.015296665375473584,-0.010564595460891724,-0.010537648573517799,-0.065039359033107758,-0.044009409844875336,-0.029490824788808823,-0.017049852758646011,-0.0041491147130727768,0.007757408544421196,0.021559502929449081,0.041304498910903931,2.0146120962774337,2
distill:fred-price-return,VIXCLS,Laplace-q-fixed-bandwidth,9222,0.035334906291210277,0.0034628834931469585,-0.080483081485257665,-0.048248699944238971,-0.028639243974275863,-0.01330838898018176,0.00053804723608609354,0.014488806455597622,0.030206277533143235,0.050856082564596089,0.086653513438953708,1.6721142701377643,2
distill:fred-price-return,VIXCLS,TimesFM-zero-shot,9222,0.035334906291210277,-0.012230420485138893,-0.01011017058044672,-0.061522342264652252,-0.042655091732740402,-0.030762109905481339,-0.021071335300803185,-0.0031945665832608938,0.0065835239365696907,0.018983608111739159,0.039846375584602356,1.3626690318930388,2
distill:fred-price-return,VIXCLS,TimesFM-laplace-qd,9222,0.035334906291210277,-0.011421767063438892,-0.010043972171843052,-0.053938105702400208,-0.037809006869792938,-0.026642110198736191,-0.016886694356799126,-0.0067313918843865395,0.003042757511138916,0.014527949504554272,0.031805526465177536,1.233986461249521,2
distill:fred-price-return,VIXCLS,Laplace-q-fixed-bandwidth,9223,0.046632729791910243,0.00082312474967659072,-0.081155237863375529,-0.049665864636709661,-0.030548915347098853,-0.015588832649904617,-0.0020684578120832176,0.011553216740808822,0.026888929934395504,0.047020283737757726,0.082036036689796143,1.3784989759116519,2
distill:fred-price-return,VIXCLS,TimesFM-zero-shot,9223,0.046632729791910243,-0.0069650467485189438,-0.0054765245877206326,-0.070758931338787079,-0.046401917934417725,-0.031137282028794289,-0.018502401188015938,0.0046415985561907291,0.016705837100744247,0.031674042344093323,0.055535502731800079,1.3138367104905242,2
distill:fred-price-return,VIXCLS,TimesFM-laplace-qd,9223,0.046632729791910243,-0.005960456095635891,-0.0053308382630348206,-0.056165136396884918,-0.036752507090568542,-0.023689467459917068,-0.012206391431391239,-1.193745993077755e-05,0.01072786096483469,0.023191671818494797,0.041730821132659912,1.1544424906518191,2
distill:fred-price-return,VIXCLS,Laplace-q-fixed-bandwidth,9224,-0.064775235542748,0.00076434681085038884,-0.08067610528063214,-0.04941092531069434,-0.030410542167342187,-0.015539568442490739,-0.0020996907684045509,0.01144103130896388,0.026685829274260046,0.046694603822742847,0.08145458219008557,1.1076913993930813,2
distill:fred-price-return,VIXCLS,TimesFM-zero-shot,9224,-0.064775235542748,-0.0032317028380930424,-0.0023069956805557013,-0.063397251069545746,-0.039937950670719147,-0.025850074365735054,-0.014292227104306221,0.0075680944137275219,0.019251378253102303,0.034110222011804581,0.058169279247522354,0.050866690925370994,2
distill:fred-price-return,VIXCLS,TimesFM-laplace-qd,9224,-0.064775235542748,-0.0039466144517064095,-0.0043654893524944782,-0.054954629391431808,-0.034904669970273972,-0.022000949829816818,-0.010630939155817032,0.0022929320111870766,0.013388205319643021,0.026617905125021935,0.046225056052207947,-0.66595438368678972,2
distill:fred-price-return,VIXCLS,Laplace-q-fixed-bandwidth,9225,-0.052490182621396375,0.0067708559643966226,-0.075390700275735814,-0.043891521817346596,-0.024678309828187972,-0.0096488186690209289,0.0039268489683624095,0.017605149171646017,0.033014650080072525,0.053247610174772309,0.088216937505866636,1.2562660371035967,2
distill:fred-price-return,VIXCLS,TimesFM-zero-shot,9225,-0.052490182621396375,-0.0085274307057261467,-0.0078182956203818321,-0.081387318670749664,-0.053888775408267975,-0.0363430455327034,-0.022258620709180832,0.0049469498917460442,0.019352834671735764,0.037202730774879456,0.065477944910526276,1.8835448593874669,2
distill:fred-price-return,VIXCLS,TimesFM-laplace-qd,9225,-0.052490182621396375,-0.0069621633738279343,-0.0033713860902935266,-0.064184509217739105,-0.042177680879831314,-0.027376227080821991,-0.014990644529461861,0.00051469856407493353,0.013230046257376671,0.028482049703598022,0.051040615886449814,1.201703972944818,2
distill:fred-price-return,VIXCLS,Laplace-q-fixed-bandwidth,9226,0.1325328902949332,0.0050617943558812703,-0.077154598822708809,-0.045671778024630502,-0.026418756538948013,-0.011358713301980371,0.0022416010402375539,0.015945140389836111,0.031387059682826873,0.051661344298673847,0.0865839426532857,-0.20659733677077952,2
distill:fred-price-return,VIXCLS,TimesFM-zero-shot,9226,0.1325328902949332,-0.0056616757065057755,-0.0011480505345389247,-0.077935069799423218,-0.051210377365350723,-0.03390897810459137,-0.019429139792919159,0.0086125563830137253,0.023347245529294014,0.042071729898452759,0.071782946586608887,-0.46819388570266368,2
distill:fred-price-return,VIXCLS,TimesFM-laplace-qd,9226,0.1325328902949332,-0.00719852140173316,0.00044806604273617268,-0.06206362321972847,-0.041625246405601501,-0.027531255036592484,-0.015061721205711365,0.00042038178071379662,0.013202382251620293,0.029104257002472878,0.052747908979654312,-1.3364627883762714,2
distill:fred-price-return,VIXCLS,Laplace-q-fixed-bandwidth,9227,-0.039220713153281572,-0.0050296334633281679,-0.093932914750448987,-0.060166354363150473,-0.039155563435628038,-0.022726535560795971,-0.0079149091365054245,0.0070115480986584957,0.02386261065327433,0.045974146993749951,0.08321022269857567,1.7424127206663655,2
distill:fred-price-return,VIXCLS,TimesFM-zero-shot,9227,-0.039220713153281572,-0.0063499715179204941,-0.001706855371594429,-0.085047692060470581,-0.056228205561637878,-0.037740651518106461,-0.021714111790060997,0.0091281961649656296,0.025152839720249176,0.045924000442028046,0.078066281974315643,1.9279513465610436,2
distill:fred-price-return,VIXCLS,TimesFM-laplace-qd,9227,-0.039220713153281572,-0.0075770565308630466,0.00014242410543374717,-0.073432154953479767,-0.048818696290254593,-0.03226475790143013,-0.017191359773278236,0.0014039784437045455,0.016415851190686226,0.035123784095048904,0.062500819563865662,2.2426722272204009,2
distill:fred-price-return,VIXCLS,Laplace-q-fixed-bandwidth,9228,-0.051612324538605314,0.0062340191099960448,-0.080189213268321916,-0.047256005740191925,-0.026894108811890402,-0.010977114264200828,0.0033791244657042979,0.017846204939471921,0.034171640247032606,0.055608674686683207,0.092002208250303821,1.3030664267204208,2
distill:fred-price-return,VIXCLS,TimesFM-zero-shot,9228,-0.051612324538605314,-0.012849263846874237,-0.0083627542480826378,-0.087750010192394257,-0.060028821229934692,-0.042357951402664185,-0.027586530894041061,0.0019961374346166849,0.017782256007194519,0.037926372140645981,0.068985655903816223,2.0910609952860844,2
distill:fred-price-return,VIXCLS,TimesFM-laplace-qd,9228,-0.051612324538605314,-0.010217029601335526,-0.0031222258694469929,-0.071694031357765198,-0.048432737588882446,-0.032986041158437729,-0.01943390816450119,-0.0012906203046441078,0.013225184753537178,0.031082361936569214,0.057214923202991486,1.6988076318479766,2
distill:fred-price-return,VIXCLS,Laplace-q-fixed-bandwidth,9229,0.065455458630803154,0.0063726140425773249,-0.079734487285933034,-0.04696354385909024,-0.026658325118747793,-0.010779407570450749,0.0035428354792420751,0.017975818349122347,0.03426245523153594,0.055638081000315448,0.091835867408413749,1.1023639162925427,2
distill:fred-price-return,VIXCLS,TimesFM-zero-shot,9229,0.065455458630803154,-0.010925019159913063,-0.0064390399493277073,-0.081810764968395233,-0.055922649800777435,-0.038910921663045883,-0.024650435894727707,0.0032125045545399189,0.018438871949911118,0.037267696112394333,0.068636350333690643,0.88832174125509766,2
distill:fred-price-return,VIXCLS,TimesFM-laplace-qd,9229,0.065455458630803154,-0.011499922722578049,-0.0064378143288195133,-0.067414455115795135,-0.046629723161458969,-0.032021515071392059,-0.019220484420657158,-0.0036444384604692459,0.0096562802791595459,0.025764033198356628,0.051058739423751831,0.62736344514784514,2
distill:fred-price-return,VIXCLS,Laplace-q-fixed-bandwidth,9230,0.11505633559968498,-0.0011978527672139065,-0.087852824717057493,-0.054972724613499981,-0.034490429470807146,-0.0184622111285625,-0.0040070758571785891,0.010560217811186434,0.027000473380279562,0.048556787728736325,0.084824311922278461,0.050777103191737449,2
distill:fred-price-return,VIXCLS,TimesFM-zero-shot,9230,0.11505633559968498,-0.0077623752877116203,-0.0039211590774357319,-0.083696618676185608,-0.056329216808080673,-0.038098733872175217,-0.022662293165922165,0.0072852089069783688,0.022988729178905487,0.042863417416810989,0.075080133974552155,0.006601196165290979,2
distill:fred-price-return,VIXCLS,TimesFM-laplace-qd,9230,0.11505633559968498,-0.010612291283905506,-0.005022834986448288,-0.073044225573539734,-0.04991348460316658,-0.033751554787158966,-0.019607029855251312,-0.0018559161107987165,0.012347218580543995,0.029533993452787399,0.055781710892915726,-0.50776465776382584,2
distill:fred-price-return,VIXCLS,Laplace-q-fixed-bandwidth,9231,-0.0064137045085930211,-0.0019674615029258644,-0.093935362757994981,-0.059442252952176894,-0.037529347247194658,-0.020326680551417634,-0.0048159240675684821,0.010816077002534726,0.028460145594804455,0.051492284021349283,0.089349382969351784,1.934922144051372,2
distill:fred-price-return,VIXCLS,TimesFM-zero-shot,9231,-0.0064137045085930211,-0.0033234506845474243,0.0013312451774254441,-0.087549269199371338,-0.057524513453245163,-0.037405088543891907,-0.020082239061594009,0.013591182418167591,0.031818829476833344,0.054807625710964203,0.09020107239484787,1.3543642672364051,2
distill:fred-price-return,VIXCLS,TimesFM-laplace-qd,9231,-0.0064137045085930211,-0.0078580481931567192,0.00083442090544849634,-0.075662292540073395,-0.051067773252725601,-0.033507443964481354,-0.017755186185240746,0.0019542663358151913,0.01868661493062973,0.038848169147968292,0.068366408348083496,1.6546116097778654,2
distill:fred-price-return,VIXCLS,Laplace-q-fixed-bandwidth,9232,-0.089695942360298986,0.0049918797151206791,-0.08341425440317278,-0.049978278200449394,-0.029024466639412244,-0.012619656073519909,0.002170492819987642,0.017076192536536514,0.033904424316892876,0.055952422817914141,0.092776739520581228,0.56335274403527524,2
distill:fred-price-return,VIXCLS,TimesFM-zero-shot,9232,-0.089695942360298986,-0.0093491813167929649,-0.0048757400363683701,-0.081873044371604919,-0.055213756859302521,-0.038190271705389023,-0.023661723360419273,0.0049587544053792953,0.020446006208658218,0.040049992501735687,0.071097567677497864,-0.41345359514019198,2
distill:fred-price-return,VIXCLS,TimesFM-laplace-qd,9232,-0.089695942360298986,-0.012340822257101536,-0.0054157450795173645,-0.069035463035106659,-0.047804530709981918,-0.033681765198707581,-0.020897986367344856,-0.003981973510235548,0.0096465907990932465,0.02622375451028347,0.051012091338634491,-1.5339846691528667,2
distill:fred-price-return,VIXCLS,Laplace-q-fixed-bandwidth,9233,-0.024340768336462926,0.008832045223383678,-0.082382284335884196,-0.048185024733280693,-0.026446168716851869,-0.0093782245613144681,0.0060111907640678112,0.021521225317589536,0.039028181220023217,0.061879281841854927,0.099413919879069015,1.7366470765864537,2
distill:fred-price-return,VIXCLS,TimesFM-zero-shot,9233,-0.024340768336462926,0.0031995812896639109,0.0048715816810727119,-0.08694767951965332,-0.055233698338270187,-0.032689057290554047,-0.014461726881563663,0.020963558927178383,0.039884340018033981,0.062793344259262085,0.097151309251785278,1.4690271436886571,2
distill:fred-price-return,VIXCLS,TimesFM-laplace-qd,9233,-0.024340768336462926,0.002194233238697052,0.0040925750508904457,-0.071974091231822968,-0.045251436531543732,-0.024772128090262413,-0.0074938097968697548,0.012219447642564774,0.03012176975607872,0.050719838589429855,0.079940423369407654,1.8171287157907754,2
distill:fred-price-return,VIXCLS,Laplace-q-fixed-bandwidth,9234,0.11671408846747822,0.0046856207209207794,-0.084063127438323226,-0.050622045905297293,-0.029536690478326272,-0.013009336408295349,0.0018920010683351513,0.01691014489926821,0.033864343332891442,0.056043703950553685,0.092825463848680984,0.15009843363995856,2
distill:fred-price-return,VIXCLS,TimesFM-zero-shot,9234,0.11671408846747822,-0.0067533482797443867,-0.0013285193126648664,-0.079726152122020721,-0.053507547825574875,-0.036003667861223221,-0.021176481619477272,0.0079532293602824211,0.023710731416940689,0.043601710349321365,0.074663139879703522,-0.02086206070424057,2
distill:fred-price-return,VIXCLS,TimesFM-laplace-qd,9234,0.11671408846747822,-0.0086128879338502884,-0.00021205807570368052,-0.065985701978206635,-0.045136526226997375,-0.030275009572505951,-0.017020177096128464,-0.00066630041692405939,0.013131994754076004,0.030018402263522148,0.054590437561273575,-0.63217684525170759,2
distill:garch-returns,synthetic-garch-returns-5,Laplace-q-fixed-bandwidth,704,-0.21640718007712498,-0.61034635641839452,-2.3227080794429047,-1.638894584978339,-1.2145620391879997,-0.89658779440107661,-0.61759803108921862,-0.33820461734448315,-0.018743035555446205,0.40926074034283438,1.1025424896930083,-1.0915671374633538,2
distill:garch-returns,synthetic-garch-returns-5,TimesFM-zero-shot,704,-0.21640718007712498,-0.62634611129760742,-0.47581350803375244,-1.8108612298965454,-1.392062783241272,-1.1120871305465698,-0.86694854497909546,-0.3732302188873291,-0.093688689172267914,0.26038438081741333,0.80712956190109253,-1.4271808870022875,2
distill:garch-returns,synthetic-garch-returns-5,TimesFM-laplace-qd,704,-0.21640718007712498,-0.63180077075958252,-0.38179868459701538,-1.6863993406295776,-1.309731125831604,-1.0371465682983398,-0.79154133796691895,-0.47790002822875977,-0.18578961491584778,0.16703148186206818,0.66811484098434448,-1.3263339823641545,2
distill:garch-returns,synthetic-garch-returns-5,Laplace-q-fixed-bandwidth,705,0.6586855395587079,-0.54839793288986549,-2.207255235454876,-1.534835760736609,-1.1262744542082572,-0.82221365656846879,-0.55559358687660532,-0.28858907726758981,0.016904623365178471,0.42912330206638588,1.1111627806108784,-1.8855803157445223,2
distill:garch-returns,synthetic-garch-returns-5,TimesFM-zero-shot,705,0.6586855395587079,-0.28514775633811951,-0.17891132831573486,-1.5475109815597534,-1.1044144630432129,-0.80163919925689697,-0.5381617546081543,-0.016947325319051743,0.27434149384498596,0.6385807991027832,1.2075917720794678,-1.6320424263420339,2
distill:garch-returns,synthetic-garch-returns-5,TimesFM-laplace-qd,705,0.6586855395587079,-0.30545377731323242,-0.16510772705078125,-1.4455351829528809,-1.0394877195358276,-0.73847091197967529,-0.46125844120979309,-0.15233924984931946,0.14576739072799683,0.50657451152801514,1.0319249629974365,-1.708572549643913,2
distill:garch-returns,synthetic-garch-returns-5,Laplace-q-fixed-bandwidth,706,1.0287601546385614,-0.37318517421677283,-2.0476720570769142,-1.3758385160921822,-0.96163691113533134,-0.65195592222788723,-0.38030599692724071,-0.10826528397898086,0.2028611033161189,0.62066858953565007,1.3018493210220878,-2.0856968927773392,2
distill:garch-returns,synthetic-garch-returns-5,TimesFM-zero-shot,706,1.0287601546385614,-0.21960942447185516,-0.10520301759243011,-1.5179862976074219,-1.0635216236114502,-0.75767636299133301,-0.48834359645843506,0.050605379045009613,0.34073585271835327,0.71623355150222778,1.2892723083496094,-1.8510505163808142,2
distill:garch-returns,synthetic-garch-returns-5,TimesFM-laplace-qd,706,1.0287601546385614,-0.30335074663162231,-0.12569320201873779,-1.4466192722320557,-1.0354082584381104,-0.74364030361175537,-0.47408407926559448,-0.14464284479618073,0.14735075831413269,0.51414382457733154,1.027647852897644,-2.0535388532467236,2
distill:garch-returns,synthetic-garch-returns-5,Laplace-q-fixed-bandwidth,707,1.8419895284766701,-0.19560661401486537,-1.899676643694781,-1.2259009494356339,-0.80224227642776225,-0.48301525828097225,-0.20266401302537196,0.078087877740013661,0.39877873145439735,0.82597394191154316,1.508806042001424,-2.6629914544792097,2
distill:garch-returns,synthetic-garch-returns-5,TimesFM-zero-shot,707,1.8419895284766701,-0.28291475772857666,-0.18239423632621765,-1.6839628219604492,-1.2008873224258423,-0.8620527982711792,-0.57005870342254639,0.0084330663084983826,0.3218749463558197,0.72332203388214111,1.3522106409072876,-2.6578315509992145,2
distill:garch-returns,synthetic-garch-returns-5,TimesFM-laplace-qd,707,1.8419895284766701,-0.36066445708274841,-0.1876799464225769,-1.5754920244216919,-1.1483076810836792,-0.82660138607025146,-0.53638303279876709,-0.18727415800094604,0.12567709386348724,0.51354706287384033,1.0841827392578125,-2.943381766696787,2
distill:garch-returns,synthetic-garch-returns-5,Laplace-q-fixed-bandwidth,708,1.6454308029752562,0.057321971635032172,-1.7197838461034838,-1.0331078467052279,-0.58889939321152263,-0.24915899772088546,0.050244740314024941,0.35006743013764618,0.69130524794293502,1.1389648967478698,1.8344708960476201,-2.2010428994873976,2
distill:garch-returns,synthetic-garch-returns-5,TimesFM-zero-shot,708,1.6454308029752562,0.25728687644004822,0.32364514470100403,-1.3330045938491821,-0.78072428703308105,-0.3981359601020813,-0.074320331215858459,0.5771448016166687,0.92962449789047241,1.371768593788147,2.0251398086547852,-1.9405440628420236,2
distill:garch-returns,synthetic-garch-returns-5,TimesFM-laplace-qd,708,1.6454308029752562,0.12728837132453918,0.21463176608085632,-1.2625536918640137,-0.76489365100860596,-0.39785370230674744,-0.073176115751266479,0.31963828206062317,0.67360484600067139,1.0983868837356567,1.6829957962036133,-2.1390168462647861,2
distill:garch-returns,synthetic-garch-returns-5,Laplace-q-fixed-bandwidth,709,1.4173134411548889,0.26107157688699806,-1.5482715624162438,-0.85901990192431188,-0.40595103945571404,-0.055672807681318062,0.2540412487521459,0.56417850854955098,0.9159469750508189,1.3723652291264907,2.0702696934605713,-1.7612442354213194,2
distill:garch-returns,synthetic-garch-returns-5,TimesFM-zero-shot,709,1.4173134411548889,0.65050721168518066,0.63006532192230225,-0.93698829412460327,-0.36783182621002197,0.018179044127464294,0.33623749017715454,0.96186143159866333,1.289421558380127,1.6866093873977661,2.2756178379058838,-1.600664847991762,2
distill:garch-returns,synthetic-garch-returns-5,TimesFM-laplace-qd,709,1.4173134411548889,0.52129232883453369,0.50617289543151855,-0.85302543640136719,-0.34665912389755249,0.018261075019836426,0.33048424124717712,0.7161293625831604,1.0478816032409668,1.4275217056274414,1.9536372423171997,-1.6037471150683134,2
distill:garch-returns,synthetic-garch-returns-5,Laplace-q-fixed-bandwidth,710,-0.47906437214661229,0.42102556482896314,-1.3879354065776861,-0.70221749027024627,-0.24909490624541053,0.10263445235016766,0.41406507339515641,0.72591601237072823,1.079117665728458,1.5355244117252036,2.2297690781735735,-1.5025774970715555,2
distill:garch-returns,synthetic-garch-returns-5,TimesFM-zero-shot,710,-0.47906437214661229,0.87454664707183838,0.78742504119873047,-0.55208230018615723,-0.026576049625873566,0.31999871134757996,0.60572719573974609,1.1413922309875488,1.4160317182540894,1.7508558034896851,2.2712669372558594,-2.5657917519538969,2
distill:garch-returns,synthetic-garch-returns-5,TimesFM-laplace-qd,710,-0.47906437214661229,0.78641706705093384,0.66657650470733643,-0.48200905323028564,-0.0031141564249992371,0.33755156397819519,0.63149815797805786,0.94792258739471436,1.2342116832733154,1.5599073171615601,2.0325446128845215,-2.5873766077405542,2
distill:garch-returns,synthetic-garch-returns-5,Laplace-q-fixed-bandwidth,711,-1.269304689965864,0.25881831511786552,-1.5316942058599556,-0.85194488556479198,-0.4034883905355604,-0.05580155667016231,0.25192522162641917,0.5600672202971424,0.90921092707302686,1.3609251738247403,2.0491185429922467,-2.1008482447123296,2
distill:garch-returns,synthetic-garch-returns-5,TimesFM-zero-shot,711,-1.269304689965864,0.20522378385066986,0.18279634416103363,-1.2848353385925293,-0.73626053333282471,-0.37735241651535034,-0.081287100911140442,0.49392670392990112,0.79389607906341553,1.1654855012893677,1.718969464302063,-2.916462608878855,2
distill:garch-returns,synthetic-garch-returns-5,TimesFM-laplace-qd,711,-1.269304689965864,0.15286810696125031,0.11401237547397614,-1.1664009094238281,-0.66591948270797729,-0.31895110011100769,-0.017184481024742126,0.32955187559127808,0.63295763731002808,0.99260866641998291,1.4925748109817505,-3.2159596769269365,2
distill:garch-returns,synthetic-garch-returns-5,Laplace-q-fixed-bandwidth,712,-2.3231418051799397,0.037947599324798013,-1.7758981600797383,-1.0949732307651459,-0.64050477872582112,-0.28481094049948669,0.031102367046660875,0.34743034667028294,0.70456166265252573,1.1621950346839169,1.8514359302080892,-2.8197456781586703,2
distill:garch-returns,synthetic-garch-returns-5,TimesFM-zero-shot,712,-2.3231418051799397,-0.15086930990219116,-0.10902446508407593,-1.6879024505615234,-1.1274316310882568,-0.75896447896957397,-0.45362675189971924,0.15858104825019836,0.4910053014755249,0.90170657634735107,1.5085959434509277,-4.7023649755437056,2
distill:garch-returns,synthetic-garch-returns-5,TimesFM-laplace-qd,712,-2.3231418051799397,-0.14771054685115814,-0.09253210574388504,-1.4947347640991211,-0.98939323425292969,-0.63401484489440918,-0.32684361934661865,0.033352397382259369,0.36815345287322998,0.76300889253616333,1.3113434314727783,-6.2364638662342582,2
distill:garch-returns,synthetic-garch-returns-5,Laplace-q-fixed-bandwidth,713,-0.34985836650023361,-0.26044295979561938,-2.1519369830908373,-1.4535946860942173,-0.98001872157022585,-0.60372981074125276,-0.26737637299745382,0.069395866990844796,0.44711164527155539,0.92378111700715149,1.6304754401123791,-1.1394722000293063,2
distill:garch-returns,synthetic-garch-returns-5,TimesFM-zero-shot,713,-0.34985836650023361,-0.78292834758758545,-0.72325801849365234,-2.44657301902771,-1.8378820419311523,-1.4380110502243042,-1.105147123336792,-0.4575687050819397,-0.10445225238800049,0.32514631748199463,0.9631611704826355,-1.6182668049259323,2
distill:garch-returns,synthetic-garch-returns-5,TimesFM-laplace-qd,713,-0.34985836650023361,-0.67177218198776245,-0.61028784513473511,-2.1443064212799072,-1.5918411016464233,-1.19884192943573,-0.85913383960723877,-0.48389673233032227,-0.12764886021614075,0.28721952438354492,0.86156255006790161,-1.3940622191188561,2
distill:garch-returns,synthetic-garch-returns-5,Laplace-q-fixed-bandwidth,714,0.66387899154000829,-0.1899398599942283,-2.0325390927174172,-1.3428881877492782,-0.88118819441271534,-0.51891117600981684,-0.19683347450407868,0.1256614929082715,0.48938037664116862,0.95424316275208521,1.6522340257315298,-1.484217518186348,2
distill:garch-returns,synthetic-garch-returns-5,TimesFM-zero-shot,714,0.66387899154000829,-0.42391389608383179,-0.32293468713760376,-1.96376633644104,-1.4059803485870361,-1.0382798910140991,-0.7284582257270813,-0.11267242580652237,0.22917012870311737,0.64521878957748413,1.2789243459701538,-1.7604031709431252,2
distill:garch-returns,synthetic-garch-returns-5,TimesFM-laplace-qd,714,0.66387899154000829,-0.38556671142578125,-0.28529468178749084,-1.7508617639541626,-1.247061014175415,-0.88731598854064941,-0.57123076915740967,-0.20119956135749817,0.1362636387348175,0.53259587287902832,1.0929875373840332,-1.7556470105672948,2
distill:garch-returns,synthetic-garch-returns-5,Laplace-q-fixed-bandwidth,715,-1.3373651218518883,-0.060719588371123373,-1.8826628042410825,-1.1991900484490099,-0.74265739945240083,-0.38514453028580664,-0.067548183337469023,0.25046075618450903,0.60940289714774187,1.069079474787773,1.7608140354477668,-1.8430281308800414,2
distill:garch-returns,synthetic-garch-returns-5,TimesFM-zero-shot,715,-1.3373651218518883,-0.17432650923728943,-0.15840966999530792,-1.6786725521087646,-1.1258511543273926,-0.75932097434997559,-0.46138334274291992,0.1208612322807312,0.43645972013473511,0.81515043973922729,1.3874320983886719,-1.8428889190763498,2
distill:garch-returns,synthetic-garch-returns-5,TimesFM-laplace-qd,715,-1.3373651218518883,-0.17388486862182617,-0.15504631400108337,-1.5075106620788574,-1.0068684816360474,-0.64607149362564087,-0.34136238694190979,-0.002173297107219696,0.3169797956943512,0.68297260999679565,1.1943545341491699,-2.2188464493774971,2
distill:garch-returns,synthetic-garch-returns-5,Laplace-q-fixed-bandwidth,716,-0.55104202698912985,-0.27014329367408618,-2.0965631980774964,-1.4154662299832168,-0.95786602489058614,-0.59762157292008855,-0.27691049641802123,0.044209327483728675,0.40586087334317489,0.8665364311854542,1.5557869366705894,-1.133285564862091,2
distill:garch-returns,synthetic-garch-returns-5,TimesFM-zero-shot,716,-0.55104202698912985,-0.536476731300354,-0.46770438551902771,-2.0349686145782471,-1.4925012588500977,-1.1315944194793701,-0.83168798685073853,-0.23540478944778442,0.092065185308456421,0.49393159151077271,1.0984818935394287,-1.5186898527845625,2
distill:garch-returns,synthetic-garch-returns-5,TimesFM-laplace-qd,716,-0.55104202698912985,-0.45729309320449829,-0.3810870349407196,-1.7739658355712891,-1.2855310440063477,-0.934623122215271,-0.62912255525588989,-0.29274213314056396,0.03122200071811676,0.41120761632919312,0.94066137075424194,-1.2449568499523289,2
distill:garch-returns,synthetic-garch-returns-5,Laplace-q-fixed-bandwidth,717,1.1429929254497526,-0.26356262265995067,-2.0432205942062884,-1.3705121122107533,-0.92462878716698871,-0.57771673941103474,-0.27028930240535853,0.037542171593802076,0.38586549494510203,0.83488491201006321,1.5157500073756767,-2.0007541762140457,2
distill:garch-returns,synthetic-garch-returns-5,TimesFM-zero-shot,717,1.1429929254497526,-0.34520313143730164,-0.34557235240936279,-1.9120405912399292,-1.3486006259918213,-0.96415680646896362,-0.6481938362121582,-0.037980310618877411,0.28786331415176392,0.68389558792114258,1.2647993564605713,-1.9818312202334487,2
distill:garch-returns,synthetic-garch-returns-5,TimesFM-laplace-qd,717,1.1429929254497526,-0.30546414852142334,-0.30720660090446472,-1.6629302501678467,-1.1604031324386597,-0.79109686613082886,-0.47295105457305908,-0.13951189815998077,0.18438784778118134,0.56104779243469238,1.0780103206634521,-2.1105831637638497,2
distill:garch-returns,synthetic-garch-returns-5,Laplace-q-fixed-bandwidth,718,-1.0602589368621929,-0.052115977542238394,-1.848327481360128,-1.1757478093045886,-0.72565530857765981,-0.37261716861630223,-0.058790349917367549,0.25543859778716971,0.60986717351723208,1.0630121407777846,1.7436299642976207,-1.5935743343594162,2
distill:garch-returns,synthetic-garch-returns-5,TimesFM-zero-shot,718,-1.0602589368621929,0.025341413915157318,0.023683518171310425,-1.5749974250793457,-1.0014051198959351,-0.61066055297851562,-0.28523603081703186,0.33757168054580688,0.66739284992218018,1.0712494850158691,1.6476175785064697,-1.4140795365171455,2
distill:garch-returns,synthetic-garch-returns-5,TimesFM-laplace-qd,718,-1.0602589368621929,-0.019368439912796021,-0.016911983489990234,-1.4032206535339355,-0.88816499710083008,-0.51300030946731567,-0.18651558458805084,0.14446213841438293,0.47249904274940491,0.85558247566223145,1.3651518821716309,-1.6400672049390539,2
distill:garch-returns,synthetic-garch-returns-5,Laplace-q-fixed-bandwidth,719,-0.93604670804480572,-0.24019559951050154,-2.0254022555993885,-1.3576667718301023,-0.9103421325172909,-0.55913307343139684,-0.24680518074401014,0.065920509083404383,0.41850350820118776,0.86884118336331184,1.5445230627510289,-1.3338113036224379,2
distill:garch-returns,synthetic-garch-returns-5,TimesFM-zero-shot,719,-0.93604670804480572,-0.1129375547170639,-0.099766284227371216,-1.6908560991287231,-1.1235907077789307,-0.73962467908859253,-0.41702961921691895,0.19326762855052948,0.51353532075881958,0.90554660558700562,1.4779160022735596,-1.0581442989093948,2
distill:garch-returns,synthetic-garch-returns-5,TimesFM-laplace-qd,719,-0.93604670804480572,-0.13493913412094116,-0.1019265204668045,-1.4933707714080811,-0.99321717023849487,-0.6248055100440979,-0.30203267931938171,0.024024471640586853,0.34315550327301025,0.71634972095489502,1.2232869863510132,-1.0928658270450429,2
distill:garch-returns,synthetic-garch-returns-5,Laplace-q-fixed-bandwidth,720,-2.2076458278871205,-0.30196503463838903,-2.0586947627878445,-1.3978458640557885,-0.95765195249991963,-0.6137528627286426,-0.30851715242307182,-0.0028882770213907328,0.34237716553312397,0.78558853618594338,1.4543304756440705,-2.4510456295607321,2
distill:garch-returns,synthetic-garch-returns-5,TimesFM-zero-shot,720,-2.2076458278871205,-0.14919322729110718,-0.12930223345756531,-1.6972770690917969,-1.1421792507171631,-0.76319128274917603,-0.44906309247016907,0.15697300434112549,0.4801766574382782,0.86728978157043457,1.4320766925811768,-4.3855640022128002,2
distill:garch-returns,synthetic-garch-returns-5,TimesFM-laplace-qd,720,-2.2076458278871205,-0.16290709376335144,-0.13244837522506714,-1.5011051893234253,-1.0038223266601562,-0.640735924243927,-0.32593992352485657,0.0013751089572906494,0.31870883703231812,0.6853148341178894,1.1818209886550903,-5.8171510470864076,2
distill:garch-returns,synthetic-garch-returns-5,Laplace-q-fixed-bandwidth,721,1.2296728108280679,-0.54682230649358154,-2.3520269357589014,-1.6828274189228503,-1.2306507490685754,-0.87275146747194732,-0.55338469971047255,-0.23362413585395675,0.12562270309715623,0.58072977351794286,1.2577676519065295,-2.3143337978093017,2
distill:garch-returns,synthetic-garch-returns-5,TimesFM-zero-shot,721,1.2296728108280679,-0.42250508069992065,-0.40315434336662292,-2.0551178455352783,-1.4695159196853638,-1.0701745748519897,-0.73700797557830811,-0.097758032381534576,0.23882430791854858,0.64756858348846436,1.2371084690093994,-2.0910120013924964,2
distill:garch-returns,synthetic-garch-returns-5,TimesFM-laplace-qd,721,1.2296728108280679,-0.37981772422790527,-0.35351091623306274,-1.7963587045669556,-1.2693265676498413,-0.88689589500427246,-0.55182337760925293,-0.20788788795471191,0.12426844239234924,0.5108642578125,1.027157187461853,-2.2460702876150345,2
distill:garch-returns,synthetic-garch-returns-5,Laplace-q-fixed-bandwidth,722,-0.64394344615376509,-0.2374736604944068,-2.0789393264272578,-1.403915479401856,-0.94315962094947348,-0.5745705743330326,-0.244032456005844,0.086895596130471667,0.45680473728018728,0.92041463912869226,1.6032359721862535,-1.1992041396416595,2
distill:garch-returns,synthetic-garch-returns-5,TimesFM-zero-shot,722,-0.64394344615376509,-0.065497860312461853,-0.051690239459276199,-1.6873228549957275,-1.1079950332641602,-0.71044462919235229,-0.37871119379997253,0.25377571582794189,0.58490395545959473,0.98682588338851929,1.5626320838928223,-1.3259128527234962,2
distill:garch-returns,synthetic-garch-returns-5,TimesFM-laplace-qd,722,-0.64394344615376509,-0.097553469240665436,-0.074329376220703125,-1.5037326812744141,-0.98359501361846924,-0.60271072387695312,-0.27030187845230103,0.078851751983165741,0.40609428286552429,0.78923165798187256,1.2983031272888184,-1.0940329785902185,2
distill:garch-returns,synthetic-garch-returns-5,Laplace-q-fixed-bandwidth,723,0.50898127753097133,-0.35014900127141685,-2.1523744235765871,-1.485345784474488,-1.0339452707808359,-0.67614299681111234,-0.35665911987892085,-0.036785623731034771,0.32234783310727388,0.77663959680695971,1.4514194210289324,-1.479924389863946,2
distill:garch-returns,synthetic-garch-returns-5,TimesFM-zero-shot,723,0.50898127753097133,-0.17371103167533875,-0.15770220756530762,-1.789789080619812,-1.2138302326202393,-0.8147156834602356,-0.48552566766738892,0.14368097484111786,0.4754602313041687,0.87553054094314575,1.4523971080780029,-1.5829020411669927,2
distill:garch-returns,synthetic-garch-returns-5,TimesFM-laplace-qd,723,0.50898127753097133,-0.17755904793739319,-0.15446771681308746,-1.5634970664978027,-1.0512368679046631,-0.67232203483581543,-0.34490206837654114,-0.007986411452293396,0.31806266307830811,0.69644373655319214,1.2022783756256104,-1.4594162142056222,2
distill:garch-returns,synthetic-garch-returns-5,Laplace-q-fixed-bandwidth,724,-0.065969171927905912,-0.21747304451329988,-2.0013785456918578,-1.3400873699353701,-0.89322470813969046,-0.53953421304295879,-0.22392181036169678,0.092076293339907522,0.44708676557150773,0.89682006452956142,1.5657845478813928,-1.0891500880047906,2
distill:garch-returns,synthetic-garch-returns-5,TimesFM-zero-shot,724,-0.065969171927905912,-0.22819188237190247,-0.2245524674654007,-1.8663501739501953,-1.2838811874389648,-0.88050860166549683,-0.54425960779190063,0.091615438461303711,0.4275667667388916,0.82567131519317627,1.4009342193603516,-1.5646187602502939,2
distill:garch-returns,synthetic-garch-returns-5,TimesFM-laplace-qd,724,-0.065969171927905912,-0.23182341456413269,-0.22750198841094971,-1.65738844871521,-1.1330051422119141,-0.74438214302062988,-0.40616950392723083,-0.05625002458691597,0.27807331085205078,0.65797334909439087,1.1685400009155273,-1.2984007368443482,2
distill:garch-returns,synthetic-garch-returns-5,Laplace-q-fixed-bandwidth,725,0.49072385494091625,-0.22362278251315407,-1.9611081862753545,-1.3080457809884718,-0.87262651058217444,-0.53223359871251219,-0.23003418954706101,0.072548058626607348,0.41427043154612797,0.85262270433249654,1.5133560065280867,-1.3500418386087658,2
distill:garch-returns,synthetic-garch-returns-5,TimesFM-zero-shot,725,0.49072385494091625,-0.22828967869281769,-0.2130046933889389,-1.8277976512908936,-1.2574586868286133,-0.86609727144241333,-0.53877454996109009,0.087156787514686584,0.41799873113632202,0.8138466477394104,1.3923156261444092,-1.5866859318109974,2
distill:garch-returns,synthetic-garch-returns-5,TimesFM-laplace-qd,725,0.49072385494091625,-0.22337222099304199,-0.2067473828792572,-1.5912740230560303,-1.0851161479949951,-0.71336919069290161,-0.38838055729866028,-0.054193455725908279,0.27096366882324219,0.64504039287567139,1.1509974002838135,-1.4729594626980234,2
distill:garch-returns,synthetic-garch-returns-5,Laplace-q-fixed-bandwidth,726,0.79128572713857082,-0.13397360947274767,-1.84629209618639,-1.1997117986322472,-0.77064981994979054,-0.43653013283775655,-0.14032736919676631,0.15625337590722793,0.49169225637993808,0.92368315771263132,1.5778784459871287,-1.5333706488567371,2
distill:garch-returns,synthetic-garch-returns-5,TimesFM-zero-shot,726,0.79128572713857082,-0.16402170062065125,-0.15771107375621796,-1.7692508697509766,-1.1988197565078735,-0.80578768253326416,-0.47531983256340027,0.14835289120674133,0.47654998302459717,0.86899983882904053,1.4432337284088135,-1.6488771664115822,2
distill:garch-returns,synthetic-garch-returns-5,TimesFM-laplace-qd,726,0.79128572713857082,-0.17279961705207825,-0.16485261917114258,-1.5354193449020386,-1.0343117713928223,-0.66461676359176636,-0.33867523074150085,-0.0071912333369255066,0.31482487916946411,0.68418031930923462,1.1854633092880249,-1.6470029225471388,2
distill:garch-returns,synthetic-garch-returns-5,Laplace-q-fixed-bandwidth,727,-0.033481510617000547,-0.036819762178439332,-1.7374893732442218,-1.0957881468660839,-0.66963855119347837,-0.33757055495876021,-0.043111244425734462,0.25172200957154311,0.58509411570320291,1.0141365772513113,1.6633654732963528,-1.0092491326473518,2
distill:garch-returns,synthetic-garch-returns-5,TimesFM-zero-shot,727,-0.033481510617000547,-0.082159169018268585,-0.085835583508014679,-1.6842777729034424,-1.1178194284439087,-0.72472184896469116,-0.39415130019187927,0.22819623351097107,0.55831402540206909,0.95268040895462036,1.5277891159057617,-1.5518277798777271,2
distill:garch-returns,synthetic-garch-returns-5,TimesFM-laplace-qd,727,-0.033481510617000547,-0.10522766411304474,-0.10523150116205215,-1.4678294658660889,-0.96829855442047119,-0.59795337915420532,-0.27302417159080505,0.060094274580478668,0.38421154022216797,0.75645732879638672,1.2598401308059692,-1.2571964817388426,2
distill:garch-returns,synthetic-garch-returns-5,Laplace-q-fixed-bandwidth,728,-1.027512884632849,-0.070988709078417866,-1.7211742505153769,-1.0879059034838794,-0.67496949365505809,-0.35749723121809751,-0.077248433910382691,0.20336606691865383,0.52213688363085198,0.93803306958222699,1.5788815765682385,-1.5505534868305719,2
distill:garch-returns,synthetic-garch-returns-5,TimesFM-zero-shot,728,-1.027512884632849,-0.073829010128974915,-0.069382384419441223,-1.6589078903198242,-1.0994185209274292,-0.70773988962173462,-0.38048481941223145,0.23702278733253479,0.5654301643371582,0.95708858966827393,1.535574197769165,-1.156986232846327,2
distill:garch-returns,synthetic-garch-returns-5,TimesFM-laplace-qd,728,-1.027512884632849,-0.093541428446769714,-0.087863735854625702,-1.4302725791931152,-0.94191974401473999,-0.57428091764450073,-0.25472679734230042,0.071460627019405365,0.39213418960571289,0.75818794965744019,1.262241005897522,-1.386157736342291,2
distill:garch-returns,synthetic-garch-returns-5,Laplace-q-fixed-bandwidth,729,1.2128132705280243,-0.20172927145646141,-1.8437057912844148,-1.2149114915173125,-0.80392871688059486,-0.48744572505179906,-0.20792578139410187,0.071956620958511019,0.3897238614277751,0.80362342100308681,1.4398984115731848,-2.056232106777959,2
distill:garch-returns,synthetic-garch-returns-5,TimesFM-zero-shot,729,1.2128132705280243,-0.12653802335262299,-0.1185973584651947,-1.677956223487854,-1.125196099281311,-0.74534261226654053,-0.42467260360717773,0.17744943499565125,0.49601888656616211,0.87963849306106567,1.4445700645446777,-1.8610092710077508,2
distill:garch-returns,synthetic-garch-returns-5,TimesFM-laplace-qd,729,1.2128132705280243,-0.12822303175926208,-0.10584274679422379,-1.4320193529129028,-0.95147138833999634,-0.59756064414978027,-0.28415870666503906,0.029659971594810486,0.33873650431632996,0.69630777835845947,1.1841301918029785,-2.0158089860547683,2
distill:garch-returns,synthetic-garch-returns-5,Laplace-q-fixed-bandwidth,730,0.18152739014224206,0.018064728703438393,-1.648613042436474,-1.0183031394880757,-0.60069802480390633,-0.27590460741392253,0.011910575698286831,0.30008970328927465,0.62615560375196633,1.046593147328672,1.6842498522807841,-1.0082646090104199,2
distill:garch-returns,synthetic-garch-returns-5,TimesFM-zero-shot,730,0.18152739014224206,0.016529001295566559,0.017326749861240387,-1.5404180288314819,-0.98821192979812622,-0.60661262273788452,-0.28509113192558289,0.31653216481208801,0.63801395893096924,1.0232837200164795,1.5909457206726074,-1.5176598256075937,2
distill:garch-returns,synthetic-garch-returns-5,TimesFM-laplace-qd,730,0.18152739014224206,-0.012380659580230713,-0.0069832578301429749,-1.3335607051849365,-0.84952455759048462,-0.49028119444847107,-0.17345300316810608,0.14542663097381592,0.46036159992218018,0.82285809516906738,1.3179137706756592,-1.2363969928140179,2
distill:garch-returns,synthetic-garch-returns-5,Laplace-q-fixed-bandwidth,731,0.50047677945786251,-0.002260750655859308,-1.6206876514636028,-0.99862773244576497,-0.5937216632771215,-0.28277934394898896,-0.0083815634704989227,0.2663717620506374,0.57857872735292293,0.98637620049502772,1.6158315021636569,-1.1426966691710785,2
distill:garch-returns,synthetic-garch-returns-5,TimesFM-zero-shot,731,0.50047677945786251,-0.03439723327755928,-0.029926925897598267,-1.5202158689498901,-0.9885404109954834,-0.62649285793304443,-0.320882648229599,0.25193402171134949,0.55341142416000366,0.92601817846298218,1.4671717882156372,-1.4858858431743702,2
distill:garch-returns,synthetic-garch-returns-5,TimesFM-laplace-qd,731,0.50047677945786251,-0.04140789806842804,-0.020546279847621918,-1.2845761775970459,-0.8290863037109375,-0.49604961276054382,-0.20127946138381958,0.10925356298685074,0.39595231413841248,0.73908281326293945,1.1950526237487793,-1.3129854181463418,2
distill:garch-returns,synthetic-garch-returns-5,Laplace-q-fixed-bandwidth,732,-0.066514773740511082,0.055103520227852684,-1.5274553541159575,-0.91292364811766413,-0.51768605237924414,-0.21635730210468357,0.049030794867789718,0.31476574808034408,0.61734108410978994,1.015485227135674,1.63742290382094,-0.92232238129323907,2
distill:garch-returns,synthetic-garch-returns-5,TimesFM-zero-shot,732,-0.066514773740511082,0.021217867732048035,0.016724109649658203,-1.4713418483734131,-0.93711638450622559,-0.56803828477859497,-0.26347693800926208,0.30508756637573242,0.60474324226379395,0.97278910875320435,1.5116369724273682,-1.4689634971174566,2
distill:garch-returns,synthetic-garch-returns-5,TimesFM-laplace-qd,732,-0.066514773740511082,0.02219633013010025,0.014270685613155365,-1.2282991409301758,-0.7652813196182251,-0.42392429709434509,-0.13093215227127075,0.17108052968978882,0.45865416526794434,0.79738003015518188,1.249732494354248,-1.1529670809722377,2
distill:garch-returns,synthetic-garch-returns-5,Laplace-q-fixed-bandwidth,733,0.68073124645686423,0.020763698259975007,-1.5082197987012891,-0.90314907480786188,-0.52314006199775065,-0.23681050878474713,0.014724412327975528,0.26659128101518087,0.55413500267032068,0.93708887628223103,1.549693165460361,-1.2525386525383562,2
distill:garch-returns,synthetic-garch-returns-5,TimesFM-zero-shot,733,0.68073124645686423,0.026230663061141968,0.041205868124961853,-1.4592810869216919,-0.9252934455871582,-0.56342542171478271,-0.25885489583015442,0.31338199973106384,0.61896193027496338,0.99310803413391113,1.5424854755401611,-1.5157629933766243,2
distill:garch-returns,synthetic-garch-returns-5,TimesFM-laplace-qd,733,0.68073124645686423,0.029082223773002625,0.03978341817855835,-1.1862136125564575,-0.73360037803649902,-0.40494751930236816,-0.11649616062641144,0.17706957459449768,0.46482422947883606,0.80338680744171143,1.2618222236633301,-1.3766330009091816,2
distill:garch-returns,synthetic-garch-returns-5,Laplace-q-fixed-bandwidth,734,1.2738384341310562,0.11116241745652362,-1.3933135787921427,-0.79500749702926143,-0.42170627653384385,-0.14116819111474121,0.10518162013443447,0.35185596845172018,0.63358610237451363,1.0098101049729831,1.6156221114131561,-1.8526014328726459,2
distill:garch-returns,synthetic-garch-returns-5,TimesFM-zero-shot,734,1.2738384341310562,0.13794443011283875,0.15056306123733521,-1.2481521368026733,-0.74670654535293579,-0.4110834002494812,-0.13074834644794464,0.40179550647735596,0.68502110242843628,1.0295569896697998,1.5581529140472412,-1.7265538483089466,2
distill:garch-returns,synthetic-garch-returns-5,TimesFM-laplace-qd,734,1.2738384341310562,0.13709545135498047,0.13114592432975769,-0.99618357419967651,-0.57462644577026367,-0.27099987864494324,-0.0030031278729438782,0.27640131115913391,0.54094201326370239,0.85116374492645264,1.2896790504455566,-1.8565358186839753,2
distill:garch-returns,synthetic-garch-returns-5,Laplace-q-fixed-bandwidth,735,-0.59605071272414911,0.25229586178916685,-1.269774535220898,-0.67152725092885079,-0.29249416841715459,-0.0057404851226080331,0.24637211065645179,0.49881418275016653,0.78676573915762527,1.1686628944553237,1.7742143918680024,-1.4411273358702639,2
distill:garch-returns,synthetic-garch-returns-5,TimesFM-zero-shot,735,-0.59605071272414911,0.13802382349967957,0.13022342324256897,-1.3738309144973755,-0.83310830593109131,-0.46343463659286499,-0.15571513772010803,0.42380353808403015,0.72870707511901855,1.0976951122283936,1.6546821594238281,-1.046651018244273,2
distill:garch-returns,synthetic-garch-returns-5,TimesFM-laplace-qd,735,-0.59605071272414911,0.14673249423503876,0.12509307265281677,-1.0877262353897095,-0.62957441806793213,-0.29408609867095947,-0.0048345327377319336,0.29571539163589478,0.58122754096984863,0.91560733318328857,1.3777512311935425,-1.0587058873630275,2
distill:garch-returns,synthetic-garch-returns-5,Laplace-q-fixed-bandwidth,736,1.6461921424842092,0.10725525801590455,-1.404580009603202,-0.81104104673798738,-0.43445068935905823,-0.14933017012439009,0.10139280754887622,0.35244213521122308,0.63874792069202901,1.0181657993788327,1.6189143193346665,-2.2612195259496279,2
distill:garch-returns,synthetic-garch-returns-5,TimesFM-zero-shot,736,1.6461921424842092,0.0068462714552879333,0.018891669809818268,-1.4905475378036499,-0.95791679620742798,-0.5894283652305603,-0.28506150841712952,0.29418778419494629,0.60259485244750977,0.96752893924713135,1.5223138332366943,-2.149980436792331,2
distill:garch-returns,synthetic-garch-returns-5,TimesFM-laplace-qd,736,1.6461921424842092,0.0066078826785087585,3.9339065551757812e-06,-1.2306210994720459,-0.77531266212463379,-0.43509143590927124,-0.1432558000087738,0.15533548593521118,0.44901362061500549,0.78054296970367432,1.2470887899398804,-2.4138150928982358,2
distill:garch-returns,synthetic-garch-returns-5,Laplace-q-fixed-bandwidth,737,-0.2841992606119802,0.34784890198344481,-1.2075003914044198,-0.60819503748442583,-0.2192158781977902,0.078976864839974653,0.34200736885374239,0.60537344794353976,0.90476304669665031,1.2964927324955242,1.9028203145349871,-1.2146317776910764,2
distill:garch-returns,synthetic-garch-returns-5,TimesFM-zero-shot,737,-0.2841992606119802,0.22179143130779266,0.2393166571855545,-1.2351710796356201,-0.71343237161636353,-0.35982584953308105,-0.061533935368061066,0.50135797262191772,0.79840487241744995,1.1634328365325928,1.7136012315750122,-1.2278756183471664,2
distill:garch-returns,synthetic-garch-returns-5,TimesFM-laplace-qd,737,-0.2841992606119802,0.20095546543598175,0.18880903720855713,-0.97461479902267456,-0.53890174627304077,-0.2207157164812088,0.058614715933799744,0.35169380903244019,0.62962913513183594,0.95733320713043213,1.4182443618774414,-0.91989089497531329,2
distill:garch-returns,synthetic-garch-returns-5,Laplace-q-fixed-bandwidth,738,-1.289051283268132,0.24402364783900626,-1.2847892861609318,-0.69200157314821875,-0.31008704969740036,-0.018589293255364535,0.23823427965345423,0.49538675515203101,0.78806501239531068,1.1727256839516225,1.7725103640369062,-2.2169757127810827,2
distill:garch-returns,synthetic-garch-returns-5,TimesFM-zero-shot,738,-1.289051283268132,0.03002350777387619,0.03843042254447937,-1.504047155380249,-0.95647180080413818,-0.58022350072860718,-0.27061733603477478,0.32433199882507324,0.63726866245269775,1.017406702041626,1.5764484405517578,-2.3399046531932286,2
distill:garch-returns,synthetic-garch-returns-5,TimesFM-laplace-qd,738,-1.289051283268132,0.049130760133266449,0.032984465360641479,-1.2114608287811279,-0.74511158466339111,-0.39961650967597961,-0.10410115122795105,0.20366308093070984,0.50311976671218872,0.85009711980819702,1.3260959386825562,-3.1102384448067424,2
distill:garch-returns,synthetic-garch-returns-5,Laplace-q-fixed-bandwidth,739,2.7752040958992978,0.038699642339137308,-1.5289154470149828,-0.9312990792930218,-0.53871783948808805,-0.23533642470808075,0.032932118641253755,0.30153559743718777,0.60609845902481418,1.0013443764953043,1.6058086209995692,-3.4180334988457153,2
distill:garch-returns,synthetic-garch-returns-5,TimesFM-zero-shot,739,2.7752040958992978,-0.1107177659869194,-0.1010725349187851,-1.6721879243850708,-1.1160050630569458,-0.73262393474578857,-0.41461586952209473,0.18978126347064972,0.50561064481735229,0.88740575313568115,1.449626088142395,-3.5969834731397285,2
distill:garch-returns,synthetic-garch-returns-5,TimesFM-laplace-qd,739,2.7752040958992978,-0.081446453928947449,-0.085594251751899719,-1.3907425403594971,-0.90899866819381714,-0.55063891410827637,-0.2417546808719635,0.076417654752731323,0.38358497619628906,0.74034470319747925,1.2239550352096558,-4.1614292537438544,2
distill:garch-returns,synthetic-garch-returns-5,Laplace-q-fixed-bandwidth,740,-0.88502389310282026,0.44454589457900517,-1.2510354550997356,-0.61878017353017756,-0.19381025101018079,0.14071400227760822,0.43853545723138376,0.73671016331056938,1.0724513887040592,1.5000831798501886,2.1393586209939404,-1.9086489687808574,2
distill:garch-returns,synthetic-garch-returns-5,TimesFM-zero-shot,740,-0.88502389310282026,0.10767851769924164,0.15683832764625549,-1.4952183961868286,-0.94094085693359375,-0.55196815729141235,-0.21865612268447876,0.43182379007339478,0.75645273923873901,1.1893818378448486,1.846027135848999,-1.1524373844931501,2
distill:garch-returns,synthetic-garch-returns-5,TimesFM-laplace-qd,740,-0.88502389310282026,0.069681227207183838,0.10529734194278717,-1.292647123336792,-0.80116569995880127,-0.43635553121566772,-0.11183495819568634,0.24817125499248505,0.5754130482673645,0.97139859199523926,1.5284895896911621,-1.3933005506621121,2
distill:garch-returns,synthetic-garch-returns-5,Laplace-q-fixed-bandwidth,741,2.7620071101655483,0.27029954251469057,-1.4376165449436433,-0.80573564775599393,-0.37784490455390241,-0.038610729851460704,0.2643325031637872,0.56762542978593822,0.90805468942121303,1.3385416020753071,1.9773580820370769,-3.0050326055014991,2
distill:garch-returns,synthetic-garch-returns-5,TimesFM-zero-shot,741,2.7620071101655483,-0.098739460110664368,-0.072232432663440704,-1.6968271732330322,-1.1344561576843262,-0.7432360053062439,-0.41478681564331055,0.2186610996723175,0.55372565984725952,0.97848719358444214,1.5965425968170166,-3.3425655753724484,2
distill:garch-returns,synthetic-garch-returns-5,TimesFM-laplace-qd,741,2.7620071101655483,-0.051422376185655594,-0.012214817106723785,-1.3991026878356934,-0.91059637069702148,-0.54275834560394287,-0.2251526415348053,0.12038353085517883,0.44413626194000244,0.84272366762161255,1.3754146099090576,-3.7331891515556483,2
distill:garch-returns,synthetic-garch-returns-5,Laplace-q-fixed-bandwidth,742,-3.8220880395027752,0.66249565845780067,-1.1375639030499847,-0.48156617851598715,-0.031352563560651484,0.33076087481709426,0.65637275247295523,0.98233788119814636,1.3456420628658394,1.7984275932991212,2.4615010585872463,-5.384760108782304,2
distill:garch-returns,synthetic-garch-returns-5,TimesFM-zero-shot,742,-3.8220880395027752,0.11738377064466476,0.11913440376520157,-1.6018654108047485,-0.99321234226226807,-0.57130616903305054,-0.21806624531745911,0.45105308294296265,0.80441862344741821,1.2403525114059448,1.8655573129653931,-9.2567923430376453,2
distill:garch-returns,synthetic-garch-returns-5,TimesFM-laplace-qd,742,-3.8220880395027752,0.084719009697437286,0.084702529013156891,-1.3891003131866455,-0.8506653904914856,-0.44935950636863708,-0.100899338722229,0.27053788304328918,0.61799705028533936,1.0279930830001831,1.5741541385650635,-14.609150452127874,2
distill:garch-returns,synthetic-garch-returns-5,Laplace-q-fixed-bandwidth,743,3.2864800276105464,0.19374687988421371,-1.8944948192728015,-1.1377355064871399,-0.61544940300476703,-0.19064696526438379,0.19355456667911458,0.57776101841229122,1.0025799106996538,1.5249018171393374,2.2817633252553362,-3.2218581841531448,2
distill:garch-returns,synthetic-garch-returns-5,TimesFM-zero-shot,743,3.2864800276105464,-0.12418404221534729,-0.13798175752162933,-1.947928786277771,-1.3038666248321533,-0.85087984800338745,-0.47654199600219727,0.22762344777584076,0.59761744737625122,1.0477802753448486,1.6846268177032471,-3.8289723634026833,2
distill:garch-returns,synthetic-garch-returns-5,TimesFM-laplace-qd,743,3.2864800276105464,-0.069193705916404724,-0.082683421671390533,-1.6507586240768433,-1.0747935771942139,-0.64134824275970459,-0.26851767301559448,0.13182547688484192,0.50040233135223389,0.93140602111816406,1.500446081161499,-4.2488959304028606,2
distill:garch-returns,synthetic-garch-returns-5,Laplace-q-fixed-bandwidth,744,0.19217929700155939,0.55830106629145215,-1.6401163108160848,-0.85071208847987256,-0.30217761687561706,0.14829139637018607,0.55810453489850842,0.96792221556931912,1.4184064027798171,1.9669742761098772,2.7564760750688233,-1.3669030916177807,2
distill:garch-returns,synthetic-garch-returns-5,TimesFM-zero-shot,744,0.19217929700155939,-0.068844333291053772,-0.066056050360202789,-1.8806999921798706,-1.241360068321228,-0.79486256837844849,-0.42173466086387634,0.2850404679775238,0.66043651103973389,1.1192934513092041,1.7698750495910645,-1.6778874387425871,2
distill:garch-returns,synthetic-garch-returns-5,TimesFM-laplace-qd,744,0.19217929700155939,-0.084036245942115784,-0.082120552659034729,-1.6620789766311646,-1.0883777141571045,-0.6587870717048645,-0.28465098142623901,0.11710033565759659,0.49042096734046936,0.92882150411605835,1.5076988935470581,-1.4348075731569117,2
distill:garch-returns,synthetic-garch-returns-5,Laplace-q-fixed-bandwidth,745,1.0060908867838876,0.56047914362784723,-1.5965381013984103,-0.81717332821091171,-0.27803624550876493,0.16179398857777696,0.56028837333820514,0.95878697987082973,1.3986313201648883,1.9377991775454051,2.7172523771007242,-1.3670178668858703,2
distill:garch-returns,synthetic-garch-returns-5,TimesFM-zero-shot,745,1.0060908867838876,0.053831852972507477,0.045079618692398071,-1.7293901443481445,-1.094843864440918,-0.65601521730422974,-0.29321014881134033,0.39855244755744934,0.76702272891998291,1.2151323556900024,1.8499093055725098,-1.7283983558395553,2
distill:garch-returns,synthetic-garch-returns-5,TimesFM-laplace-qd,745,1.0060908867838876,0.055768392980098724,0.039452672004699707,-1.487600564956665,-0.92032486200332642,-0.499256432056427,-0.13740348815917969,0.24933910369873047,0.61647778749465942,1.0447163581848145,1.6084825992584229,-1.6773716944213999,2
distill:garch-returns,synthetic-garch-returns-5,Laplace-q-fixed-bandwidth,746,-0.11855776096187583,0.54938537290093659,-1.5670265764174407,-0.79719102863224867,-0.26734423306919519,0.16189133120497312,0.54920020341321873,0.93651295157742609,1.3657615017296014,1.8956364553699374,2.6655515517867263,-1.4356760922718428,2
distill:garch-returns,synthetic-garch-returns-5,TimesFM-zero-shot,746,-0.11855776096187583,-0.044024981558322906,-0.043934781104326248,-1.8265523910522461,-1.192969799041748,-0.75604194402694702,-0.38994279503822327,0.30166986584663391,0.66893494129180908,1.1182996034622192,1.7548356056213379,-1.6652181582330876,2
distill:garch-returns,synthetic-garch-returns-5,TimesFM-laplace-qd,746,-0.11855776096187583,-0.034052148461341858,-0.034968480467796326,-1.5875428915023804,-1.0200916528701782,-0.59914535284042358,-0.23174118995666504,0.16376882791519165,0.52929031848907471,0.95826268196105957,1.526180624961853,-1.4011911991783597,2
distill:garch-returns,synthetic-garch-returns-5,Laplace-q-fixed-bandwidth,747,-1.5762192581786973,0.45654305234958892,-1.625405856941891,-0.8640919071256743,-0.34230009907999359,0.078129432799228224,0.45636326521469217,0.8346005906282874,1.2550418662463114,1.7768590754984404,2.5382438842260191,-2.4108171416179678,2
distill:garch-returns,synthetic-garch-returns-5,TimesFM-zero-shot,747,-1.5762192581786973,0.0033376067876815796,-0.00045675411820411682,-1.7698482275009155,-1.1386798620223999,-0.7036813497543335,-0.34163457155227661,0.34383171796798706,0.70661705732345581,1.149274468421936,1.7747985124588013,-2.6329759385659202,2
distill:garch-returns,synthetic-garch-returns-5,TimesFM-laplace-qd,747,-1.5762192581786973,0.022280730307102203,0.015608601272106171,-1.5226290225982666,-0.95534312725067139,-0.53597939014434814,-0.17218127846717834,0.21445225179195404,0.5792231559753418,1.0047456026077271,1.5643116235733032,-3.1990747714538879,2
distill:garch-returns,synthetic-garch-returns-5,Laplace-q-fixed-bandwidth,748,-1.0993113311848981,0.26992051486893126,-1.848218064633337,-1.0799241899005403,-0.54995550945675642,-0.11939476712625269,0.26974280200586165,0.65888341717003396,1.089454352743418,1.6194451754971615,2.3878019970531899,-1.8812423976830579,2
distill:garch-returns,synthetic-garch-returns-5,TimesFM-zero-shot,748,-1.0993113311848981,-0.029068756848573685,-0.025100365281105042,-1.806938648223877,-1.1778895854949951,-0.73966264724731445,-0.37534990906715393,0.31616970896720886,0.67977982759475708,1.1223006248474121,1.7483530044555664,-1.2737282770984504,2
distill:garch-returns,synthetic-garch-returns-5,TimesFM-laplace-qd,748,-1.0993113311848981,-0.01205284520983696,-0.011785130947828293,-1.5695242881774902,-1.0028436183929443,-0.57879608869552612,-0.2106705904006958,0.18469637632369995,0.550151526927948,0.97654706239700317,1.5386052131652832,-1.5283989963648061,2
distill:garch-returns,synthetic-garch-returns-5,Laplace-q-fixed-bandwidth,749,0.35788281360134638,0.12546436200791283,-1.9891888050562572,-1.2240146712889199,-0.69521758642673226,-0.26453226143641062,0.12529087271999206,0.51511662662566682,0.94581070985618498,1.4746268647535721,2.2398555206467861,-1.2950388551347254,2
distill:garch-returns,synthetic-garch-returns-5,TimesFM-zero-shot,749,0.35788281360134638,-0.050979346036911011,-0.055639136582612991,-1.816744327545166,-1.1905356645584106,-0.7563859224319458,-0.39476680755615234,0.29102408885955811,0.65136772394180298,1.0910025835037231,1.7103490829467773,-1.6400467440084581,2
distill:garch-returns,synthetic-garch-returns-5,TimesFM-laplace-qd,749,0.35788281360134638,-0.025198861956596375,-0.034660801291465759,-1.5791945457458496,-1.0112742185592651,-0.58983433246612549,-0.22289884090423584,0.16971258819103241,0.53345602750778198,0.95867919921875,1.5165772438049316,-1.4294864391316158,2
distill:garch-returns,synthetic-garch-returns-5,Laplace-q-fixed-bandwidth,750,0.94144918441931424,0.11557705300016635,-1.9547838449898653,-1.1993169278605558,-0.68060565742247747,-0.26179229870410953,0.11540905138797386,0.49261267007319859,0.91143364535986349,1.4301614003695353,2.1856744839935205,-1.5062208119067173,2
distill:garch-returns,synthetic-garch-returns-5,TimesFM-zero-shot,750,0.94144918441931424,-0.061195064336061478,-0.064677238464355469,-1.8626161813735962,-1.2250692844390869,-0.78158098459243774,-0.41179436445236206,0.28618532419204712,0.65168857574462891,1.0960787534713745,1.7218596935272217,-1.7350676702738599,2
distill:garch-returns,synthetic-garch-returns-5,TimesFM-laplace-qd,750,0.94144918441931424,-0.039043247699737549,-0.047588735818862915,-1.6165399551391602,-1.0426950454711914,-0.61399441957473755,-0.24121299386024475,0.15933564305305481,0.52683067321777344,0.95496338605880737,1.5186892747879028,-1.6918048616271089,2
distill:garch-returns,synthetic-garch-returns-5,Laplace-q-fixed-bandwidth,751,0.52086513904148246,0.17534128078926159,-1.8675583795839699,-1.119584409835167,-0.60741748741501,-0.19530476484676407,0.17517830398003342,0.54566324804878419,0.95778228352084582,1.4699628530922417,2.2179747408567305,-1.2779777460949155,2
distill:garch-returns,synthetic-garch-returns-5,TimesFM-zero-shot,751,0.52086513904148246,-0.088578872382640839,-0.098451912403106689,-1.8846968412399292,-1.2457796335220337,-0.80588209629058838,-0.4371071457862854,0.25871571898460388,0.62890636920928955,1.0750699043273926,1.7015495300292969,-1.6668356749970381,2
distill:garch-returns,synthetic-garch-returns-5,TimesFM-laplace-qd,751,0.52086513904148246,-0.053036533296108246,-0.061381023377180099,-1.6160470247268677,-1.0431288480758667,-0.62030375003814697,-0.25121155381202698,0.14347192645072937,0.51279914379119873,0.94040787220001221,1.5005933046340942,-1.4931879357440254,2
distill:garch-returns,synthetic-garch-returns-5,Laplace-q-fixed-bandwidth,752,0.72552807790830998,0.21146838486063996,-1.7873509425558998,-1.0484573049618382,-0.54658648537842658,-0.14657050309299563,0.21131069688275633,0.5691933928489008,0.96921445355333047,1.4710962610016609,2.2100198013714261,-1.3142170269836548,2
distill:garch-returns,synthetic-garch-returns-5,TimesFM-zero-shot,752,0.72552807790830998,-0.10938721895217896,-0.1186240017414093,-1.9035071134567261,-1.2636783123016357,-0.82276737689971924,-0.45794981718063354,0.23388493061065674,0.60066187381744385,1.0404694080352783,1.6645643711090088,-1.6897091192396079,2
distill:garch-returns,synthetic-garch-returns-5,TimesFM-laplace-qd,752,0.72552807790830998,-0.090899474918842316,-0.1008063331246376,-1.6449905633926392,-1.0740983486175537,-0.65353739261627197,-0.29023349285125732,0.10262738168239594,0.46656408905982971,0.88528275489807129,1.4415010213851929,-1.5917575435897746,2
distill:garch-returns,synthetic-garch-returns-5,Laplace-q-fixed-bandwidth,753,-1.9853654621618153,0.25033991998667088,-1.7082672139028543,-0.97786896889664576,-0.48564554238229668,-0.096567297996776463,0.25018736957530002,0.59694314078861477,0.98602516371885351,1.4782568070022704,2.208677042721221,-2.6383498685187661,2
distill:garch-returns,synthetic-garch-returns-5,TimesFM-zero-shot,753,-1.9853654621618153,-0.083563163876533508,-0.099259316921234131,-1.8461078405380249,-1.2181174755096436,-0.78720295429229736,-0.42583006620407104,0.25321128964424133,0.61294311285018921,1.0494568347930908,1.6680566072463989,-3.4643882009417584,2
distill:garch-returns,synthetic-garch-returns-5,TimesFM-laplace-qd,753,-1.9853654621618153,-0.055531203746795654,-0.069510318338871002,-1.5807279348373413,-1.0209338665008545,-0.61012738943099976,-0.24960681796073914,0.13412103056907654,0.49134421348571777,0.90795719623565674,1.458698034286499,-4.3363640236354293,2
distill:garch-returns,synthetic-garch-returns-5,Laplace-q-fixed-bandwidth,754,-0.44070596698180375,0.11253917438621663,-1.9051970660793662,-1.1625534196427263,-0.65621079015711348,-0.2509405884445447,0.1123874604655274,0.47571622074869246,0.88098882522596811,1.3873366485231862,2.1299945460624836,-1.341565827506064,2
distill:garch-returns,synthetic-garch-returns-5,TimesFM-zero-shot,754,-0.44070596698180375,-0.071648858487606049,-0.076434873044490814,-1.8323922157287598,-1.2059738636016846,-0.77450644969940186,-0.41347432136535645,0.2637193500995636,0.62068700790405273,1.0567378997802734,1.6707525253295898,-1.6224451419928207,2
distill:garch-returns,synthetic-garch-returns-5,TimesFM-laplace-qd,754,-0.44070596698180375,-0.044255457818508148,-0.046662323176860809,-1.5768451690673828,-1.0168817043304443,-0.60250115394592285,-0.24014832079410553,0.14638073742389679,0.50387895107269287,0.92210465669631958,1.4725708961486816,-1.3220635975013597,2
distill:garch-returns,synthetic-garch-returns-5,Laplace-q-fixed-bandwidth,755,1.0870145606103907,0.027640547492321841,-1.9516959921404842,-1.2174977203969837,-0.72028492587928084,-0.32531036008848968,0.027493939997760578,0.38029856142632368,0.77527422203107732,1.2724893889972768,2.0066940693049746,-1.6525693095092397,2
distill:garch-returns,synthetic-garch-returns-5,TimesFM-zero-shot,755,1.0870145606103907,-0.074190355837345123,-0.078911632299423218,-1.8582428693771362,-1.2246166467666626,-0.78595799207687378,-0.42261987924575806,0.27080255746841431,0.63915824890136719,1.0833916664123535,1.7124909162521362,-1.7936840485491194,2
distill:garch-returns,synthetic-garch-returns-5,TimesFM-laplace-qd,755,1.0870145606103907,-0.045883502811193466,-0.048762671649456024,-1.5922083854675293,-1.0276302099227905,-0.6085934042930603,-0.24625030159950256,0.15100586414337158,0.51993644237518311,0.94666016101837158,1.512076735496521,-1.7954854684636403,2
distill:garch-returns,synthetic-garch-returns-5,Laplace-q-fixed-bandwidth,756,0.64353666738382631,0.087616384735112532,-1.8774305612309619,-1.1487213149864479,-0.65511289404947171,-0.26290453479698661,0.087474180856583178,0.43785282948686532,0.83006095974311789,1.3236688842888704,2.0523767879731554,-1.3193828215747805,2
distill:garch-returns,synthetic-garch-returns-5,TimesFM-zero-shot,756,0.64353666738382631,-0.064565204083919525,-0.072233468294143677,-1.8559044599533081,-1.2213737964630127,-0.77710485458374023,-0.41301029920578003,0.28138735890388489,0.6477360725402832,1.0856178998947144,1.7119112014770508,-1.6682638011114377,2
distill:garch-returns,synthetic-garch-returns-5,TimesFM-laplace-qd,756,0.64353666738382631,-0.063473969697952271,-0.0697488933801651,-1.6228899955749512,-1.054487943649292,-0.62773978710174561,-0.26252669095993042,0.13177722692489624,0.50054341554641724,0.92273610830307007,1.4869880676269531,-1.5452269284944109,2
distill:garch-returns,synthetic-garch-returns-5,Laplace-q-fixed-bandwidth,757,-0.17716402784985033,0.14610935788122925,-1.7806176723126415,-1.0601358475935097,-0.57580699083325948,-0.19395837167463603,0.14597213738052106,0.48590219432691356,0.86774926193045854,1.3520747367801464,2.072547562479822,-1.2010416995571023,2
distill:garch-returns,synthetic-garch-returns-5,TimesFM-zero-shot,757,-0.17716402784985033,-0.039245687425136566,-0.054075881838798523,-1.8268245458602905,-1.1945558786392212,-0.75444847345352173,-0.3887944221496582,0.30696612596511841,0.67610841989517212,1.1219148635864258,1.759084939956665,-1.6702982394120134,2
distill:garch-returns,synthetic-garch-returns-5,TimesFM-laplace-qd,757,-0.17716402784985033,-0.035996772348880768,-0.044436413794755936,-1.5805510282516479,-1.0171715021133423,-0.59770786762237549,-0.23362916707992554,0.16053688526153564,0.52870535850524902,0.95567840337753296,1.5261441469192505,-1.397335313858211,2
distill:garch-returns,synthetic-garch-returns-5,Laplace-q-fixed-bandwidth,758,-1.1907963813475071,0.1337161630077725,-1.7455566493919883,-1.0338146154992731,-0.56125584052884481,-0.19286649422144894,0.13358401793487915,0.46003369930861926,0.8284201566063556,1.3009725428453043,2.0126978995468097,-1.8936237955925701,2
distill:garch-returns,synthetic-garch-returns-5,TimesFM-zero-shot,758,-1.1907963813475071,-0.073808908462524414,-0.083424262702465057,-1.8705812692642212,-1.2324677705764771,-0.78984516859054565,-0.4227520227432251,0.27129781246185303,0.63743084669113159,1.0789920091629028,1.7082140445709229,-1.3396421571238943,2
distill:garch-returns,synthetic-garch-returns-5,TimesFM-laplace-qd,758,-1.1907963813475071,-0.055507160723209381,-0.061353303492069244,-1.608288049697876,-1.0417011976242065,-0.62001579999923706,-0.25559628009796143,0.14109897613525391,0.50564420223236084,0.9274364709854126,1.4901981353759766,-1.6486815619990498,2
distill:garch-returns,synthetic-garch-returns-5,Laplace-q-fixed-bandwidth,759,0.0083982175255770623,0.041127696161521891,-1.8441098242995193,-1.1347169353365265,-0.66068218289607139,-0.28905455215060416,0.040999160460521787,0.37105166907121967,0.74267513578623645,1.2167007539214922,1.9260695856814993,-1.120981613664374,2
distill:garch-returns,synthetic-garch-returns-5,TimesFM-zero-shot,759,0.0083982175255770623,-0.009424358606338501,-0.017190832644701004,-1.7683348655700684,-1.1456032991409302,-0.71348929405212402,-0.35231497883796692,0.33212485909461975,0.69726735353469849,1.1387064456939697,1.768470287322998,-1.6507924334394299,2
distill:garch-returns,synthetic-garch-returns-5,TimesFM-laplace-qd,759,0.0083982175255770623,-0.0026020705699920654,-0.0075860843062400818,-1.505351185798645,-0.95704197883605957,-0.54968047142028809,-0.19447037577629089,0.18899014592170715,0.54859411716461182,0.96582645177841187,1.5208358764648438,-1.3723438603176414,2
distill:garch-returns,synthetic-garch-returns-5,Laplace-q-fixed-bandwidth,760,0.15945789859527104,0.013386584008434708,-1.8187214638682176,-1.1183172881007863,-0.65777565239084912,-0.30153761268289869,0.013263129303441996,0.32806230701235617,0.68429485020459102,1.1448241649447479,1.8451965296029926,-1.0899334910387786,2
distill:garch-returns,synthetic-garch-returns-5,TimesFM-zero-shot,760,0.15945789859527104,-0.0060941055417060852,-0.010987073183059692,-1.7527681589126587,-1.1341837644577026,-0.70056557655334473,-0.34438809752464294,0.33179888129234314,0.69112503528594971,1.118893027305603,1.7362985610961914,-1.6282113502000388,2
distill:garch-returns,synthetic-garch-returns-5,TimesFM-laplace-qd,760,0.15945789859527104,-0.015172068029642105,-0.028130974620580673,-1.5143193006515503,-0.96581268310546875,-0.5540769100189209,-0.20161183178424835,0.17250409722328186,0.52728283405303955,0.93256926536560059,1.4761602878570557,-1.3581626977285839,2
distill:garch-returns,synthetic-garch-returns-5,Laplace-q-fixed-bandwidth,761,3.4663223956026226,0.024240986526867188,-1.7527317110475529,-1.0616215533047006,-0.61580842039741213,-0.27544032486623393,0.024122530444556867,0.32368349536302454,0.66404482952119048,1.1098423417848313,1.8009126420111283,-3.9017556397357387,2
distill:garch-returns,synthetic-garch-returns-5,TimesFM-zero-shot,761,3.4663223956026226,-0.030057108029723167,-0.036758061498403549,-1.7336708307266235,-1.1255306005477905,-0.70853018760681152,-0.35873228311538696,0.29937005043029785,0.64751964807510376,1.0697664022445679,1.6750925779342651,-4.1661261372259659,2
distill:garch-returns,synthetic-garch-returns-5,TimesFM-laplace-qd,761,3.4663223956026226,-0.02727106399834156,-0.035701088607311249,-1.4803587198257446,-0.94497394561767578,-0.55271542072296143,-0.20941878855228424,0.15333853662014008,0.49376785755157471,0.88972634077072144,1.4177327156066895,-4.9068827067340539,2
distill:garch-returns,synthetic-garch-returns-5,Laplace-q-fixed-bandwidth,762,0.33955509589684058,0.25320036615799896,-1.708920470622866,-0.9670530669284565,-0.47509541951961271,-0.091938230363143053,0.24768890246296388,0.58772177872298625,0.97229335029822228,1.4673869455872803,2.217468397382687,-1.1566977792848081,2
distill:garch-returns,synthetic-garch-returns-5,TimesFM-zero-shot,762,0.33955509589684058,0.0096257440745830536,0.010165459476411343,-1.7536849975585938,-1.1328819990158081,-0.6985742449760437,-0.33485516905784607,0.35498896241188049,0.7219884991645813,1.1664066314697266,1.7960071563720703,-1.6522246857252418,2
distill:garch-returns,synthetic-garch-returns-5,TimesFM-laplace-qd,762,0.33955509589684058,0.00050147669389843941,0.00095747271552681923,-1.5468604564666748,-0.98531597852706909,-0.56504082679748535,-0.19838090240955353,0.19967982172966003,0.56939619779586792,1.0008283853530884,1.570652961730957,-1.434738956680794,2
distill:garch-returns,synthetic-garch-returns-5,Laplace-q-fixed-bandwidth,763,0.82877568063921248,0.35244245328874352,-1.5523399808665292,-0.82007110506940517,-0.34306207426194524,0.023503817124088461,0.34694831058982478,0.67078994678321757,1.0387651838648893,1.5189822419337045,2.2595143067205354,-1.2385286540046108,2
distill:garch-returns,synthetic-garch-returns-5,TimesFM-zero-shot,763,0.82877568063921248,0.055594824254512787,0.060769937932491302,-1.6636821031570435,-1.0605287551879883,-0.63488286733627319,-0.28015300631523132,0.39465147256851196,0.7551112174987793,1.186090350151062,1.8060723543167114,-1.6654439996583683,2
distill:garch-returns,synthetic-garch-returns-5,TimesFM-laplace-qd,763,0.82877568063921248,0.064897425472736359,0.062482386827468872,-1.4464626312255859,-0.8987274169921875,-0.48552954196929932,-0.12584935128688812,0.26119202375411987,0.62567073106765747,1.0448964834213257,1.6066211462020874,-1.5672935223181896,2
distill:garch-returns,synthetic-garch-returns-5,Laplace-q-fixed-bandwidth,764,1.2803145369417859,0.37809256154807469,-1.4788349124602393,-0.75579083032968686,-0.29170757119864976,0.061648644701671737,0.37263001904398252,0.6839979742655371,1.0387441141949596,1.5060683156237553,2.2374097806522455,-1.5320982563571277,2
distill:garch-returns,synthetic-garch-returns-5,TimesFM-zero-shot,764,1.2803145369417859,0.021950239315629005,0.016076955944299698,-1.693200945854187,-1.0884623527526855,-0.6626468300819397,-0.31173324584960938,0.355690598487854,0.71158510446548462,1.1342411041259766,1.7446048259735107,-1.8205130631891218,2
distill:garch-returns,synthetic-garch-returns-5,TimesFM-laplace-qd,764,1.2803145369417859,0.016870249062776566,0.00083668529987335205,-1.4870803356170654,-0.94114476442337036,-0.52782773971557617,-0.17254000902175903,0.20831672847270966,0.56598848104476929,0.9754137396812439,1.525831937789917,-1.8878686662503541,2
distill:garch-returns,synthetic-garch-returns-5,Laplace-q-fixed-bandwidth,765,0.16018415727920871,0.45295437167794766,-1.383627026631713,-0.66721204861220773,-0.20839217313055916,0.14054141861780201,0.44754579078583567,0.75493118429815076,1.1052371822505158,1.5672692340912469,2.2919057542525896,-1.1092685961977045,2
distill:garch-returns,synthetic-garch-returns-5,TimesFM-zero-shot,765,0.16018415727920871,0.088474079966545105,0.076694190502166748,-1.6257174015045166,-1.0217580795288086,-0.60016411542892456,-0.24629151821136475,0.42240521311759949,0.77873259782791138,1.2074252367019653,1.8179143667221069,-1.6249404067227364,2
distill:garch-returns,synthetic-garch-returns-5,TimesFM-laplace-qd,765,0.16018415727920871,0.089241713285446167,0.075208641588687897,-1.4200087785720825,-0.87085622549057007,-0.46110886335372925,-0.1037902906537056,0.28226500749588013,0.64214473962783813,1.0574090480804443,1.6093114614486694,-1.3758780869898548,2
distill:garch-returns,synthetic-garch-returns-5,Laplace-q-fixed-bandwidth,766,0.59431334643168776,0.43408078127613847,-1.3444296680979384,-0.63859864881013051,-0.19626082354340585,0.13654921805158798,0.42869719698381331,0.72121070097505335,1.0553586068290837,1.5009430044670979,2.2151118739276239,-1.0314837413771583,2
distill:garch-returns,synthetic-garch-returns-5,TimesFM-zero-shot,766,0.59431334643168776,0.098555296659469604,0.095943041145801544,-1.5522500276565552,-0.97148805856704712,-0.56312507390975952,-0.22388297319412231,0.42057338356971741,0.76304233074188232,1.176297664642334,1.7720397710800171,-1.5893103418088257,2
distill:garch-returns,synthetic-garch-returns-5,TimesFM-laplace-qd,766,0.59431334643168776,0.092880137264728546,0.084264226257801056,-1.352037787437439,-0.82850551605224609,-0.43396800756454468,-0.092382535338401794,0.2770179808139801,0.62104320526123047,1.020057201385498,1.5561428070068359,-1.4157348234366995,2
distill:garch-returns,synthetic-garch-returns-5,Laplace-q-fixed-bandwidth,767,1.0647310141515496,0.43800304842199939,-1.2759226422646468,-0.58248777632173698,-0.15924353707756753,0.15613578934667618,0.43264581738398422,0.70950161043318882,1.0261663133703229,1.4526656556108999,2.154626420147447,-1.2607821973520212,2
distill:garch-returns,synthetic-garch-returns-5,TimesFM-zero-shot,767,1.0647310141515496,0.075918547809123993,0.0756649449467659,-1.5838137865066528,-0.99806588888168335,-0.587291419506073,-0.2469194233417511,0.39930334687232971,0.74342828989028931,1.155583381652832,1.7485579252243042,-1.6880902604070163,2
distill:garch-returns,synthetic-garch-returns-5,TimesFM-laplace-qd,767,1.0647310141515496,0.086031965911388397,0.082169018685817719,-1.3656789064407349,-0.83711868524551392,-0.43953588604927063,-0.096154041588306427,0.26937511563301086,0.6165887713432312,1.0150038003921509,1.5493371486663818,-1.6727540860569514,2
distill:random-walk-price-change,synthetic-random-walk-price-change-2,Laplace-q-fixed-bandwidth,704,0.088419038624688584,-0.0213982065051775,-0.27723285552857352,-0.18783601848481779,-0.12408979028572509,-0.069904093205243822,-0.019438088138814008,0.030884792306782413,0.084567857027545004,0.14710231022792519,0.23280785738797524,0.55925028787329811,2
distill:random-walk-price-change,synthetic-random-walk-price-change-2,TimesFM-zero-shot,704,0.088419038624688584,-0.028889739885926247,-0.029796343296766281,-0.24897918105125427,-0.17086267471313477,-0.11620604246854782,-0.071277797222137451,0.013690635561943054,0.058132864534854889,0.11110689491033554,0.18700632452964783,0.3906556311131324,2
distill:random-walk-price-change,synthetic-random-walk-price-change-2,TimesFM-laplace-qd,704,0.088419038624688584,-0.028576526790857315,-0.028592061251401901,-0.22236925363540649,-0.15147906541824341,-0.098531320691108704,-0.053041193634271622,-0.0045238789170980453,0.040285684168338776,0.091723062098026276,0.16021254658699036,0.43020958830262868,2
distill:random-walk-price-change,synthetic-random-walk-price-change-2,Laplace-q-fixed-bandwidth,705,0.14592352500830597,-0.017858832540153313,-0.27104190624437363,-0.18257650974322256,-0.11948911935084418,-0.065863698017282785,-0.015920492188204481,0.033881085079915892,0.087009212068279856,0.14889802471526226,0.23371361709646465,0.3008178903186296,2
distill:random-walk-price-change,synthetic-random-walk-price-change-2,TimesFM-zero-shot,705,0.14592352500830597,-0.040400274097919464,-0.040689948946237564,-0.26143994927406311,-0.18372149765491486,-0.12849487364292145,-0.083383984863758087,0.0026025455445051193,0.048199877142906189,0.10192261636257172,0.17931747436523438,0.12666242443509179,2
distill:random-walk-price-change,synthetic-random-walk-price-change-2,TimesFM-laplace-qd,705,0.14592352500830597,-0.039206132292747498,-0.038763072341680527,-0.2329549640417099,-0.16286461055278778,-0.10950582474470139,-0.064000032842159271,-0.014700658619403839,0.031385190784931183,0.083546042442321777,0.15379150211811066,0.018152744656436459,2
distill:random-walk-price-change,synthetic-random-walk-price-change-2,Laplace-q-fixed-bandwidth,706,-0.21038684628780269,-0.013955189135584332,-0.26617457000862221,-0.17805613860418079,-0.11520866308922773,-0.061783974631423995,-0.012026012364480497,0.037590988235388735,0.090520695597951201,0.15217511864320279,0.23666119443346084,0.067144024594071094,2
distill:random-walk-price-change,synthetic-random-walk-price-change-2,TimesFM-zero-shot,706,-0.21038684628780269,-0.026214398443698883,-0.028415698558092117,-0.24175813794136047,-0.16562752425670624,-0.11235217750072479,-0.068195439875125885,0.01547284796833992,0.059402797371149063,0.11218194663524628,0.18753352761268616,-0.3030136876189089,2
distill:random-walk-price-change,synthetic-random-walk-price-change-2,TimesFM-laplace-qd,706,-0.21038684628780269,-0.026707636192440987,-0.028133286163210869,-0.21549083292484283,-0.14670993387699127,-0.095269471406936646,-0.050779093056917191,-0.0029271654784679413,0.041630569845438004,0.093144074082374573,0.16165800392627716,-0.75747574581190258,2
distill:random-walk-price-change,synthetic-random-walk-price-change-2,Laplace-q-fixed-bandwidth,707,0.23255760127305036,-0.011501552985447326,-0.26444903396287855,-0.17608944894605411,-0.11306121158615232,-0.059477767427998818,-0.0095687765964455416,0.040199039400087413,0.093286652372690154,0.15511954021262186,0.23984003718638353,-0.18283012864456394,2
distill:random-walk-price-change,synthetic-random-walk-price-change-2,TimesFM-zero-shot,707,0.23255760127305036,-0.030090827494859695,-0.031490817666053772,-0.25007405877113342,-0.1723252534866333,-0.11813990026712418,-0.072859704494476318,0.012508925050497055,0.057039380073547363,0.11084157973527908,0.18698146939277649,-0.36622787649789545,2
distill:random-walk-price-change,synthetic-random-walk-price-change-2,TimesFM-laplace-qd,707,0.23255760127305036,-0.028354963287711143,-0.029718643054366112,-0.22204926609992981,-0.15146720409393311,-0.098884701728820801,-0.053158722817897797,-0.0038512200117111206,0.041296444833278656,0.093672625720500946,0.1629585325717926,-0.57270566223643882,2
distill:random-walk-price-change,synthetic-random-walk-price-change-2,Laplace-q-fixed-bandwidth,708,-0.16011531000630796,-0.014700438145307148,-0.27029742592061606,-0.18102696528588619,-0.11733957663141406,-0.063189793259104024,-0.012749479891541963,0.037548401841822905,0.091197812703627951,0.15367856504920308,0.23927569497154416,0.3553486234307075,2
distill:random-walk-price-change,synthetic-random-walk-price-change-2,TimesFM-zero-shot,708,-0.16011531000630796,-0.028416763991117477,-0.029657794162631035,-0.25118657946586609,-0.17252002656459808,-0.11702413111925125,-0.071891225874423981,0.01468932069838047,0.060225173830986023,0.11427684128284454,0.19145877659320831,0.80860500181185957,2
distill:random-walk-price-change,synthetic-random-walk-price-change-2,TimesFM-laplace-qd,708,-0.16011531000630796,-0.031889006495475769,-0.033004190772771835,-0.22823232412338257,-0.15663847327232361,-0.10271429270505905,-0.057034336030483246,-0.0072963899001479149,0.038657359778881073,0.091258727014064789,0.161259725689888,0.67668301341615988,2
distill:random-walk-price-change,synthetic-random-walk-price-change-2,Laplace-q-fixed-bandwidth,709,-0.080305354420310504,-0.0076948748019560155,-0.2619089747479133,-0.17313041924258213,-0.10978698413499027,-0.055927294902587008,-0.0057561628409651877,0.044273407733240719,0.097635778663583195,0.15977998901031323,0.24490855550717047,0.66914724499704481,2
distill:random-walk-price-change,synthetic-random-walk-price-change-2,TimesFM-zero-shot,709,-0.080305354420310504,-0.024651670828461647,-0.024106167256832123,-0.2453974187374115,-0.16737192869186401,-0.11242018640041351,-0.067403122782707214,0.018280012533068657,0.063639931380748749,0.11749124526977539,0.19505050778388977,0.48847440835638656,2
distill:random-walk-price-change,synthetic-random-walk-price-change-2,TimesFM-laplace-qd,709,-0.080305354420310504,-0.027618100866675377,-0.026503957808017731,-0.22207865118980408,-0.15107575058937073,-0.097616530954837799,-0.051999740302562714,-0.0033241789788007736,0.042537331581115723,0.094828851521015167,0.16511011123657227,0.75960243150627194,2
distill:random-walk-price-change,synthetic-random-walk-price-change-2,Laplace-q-fixed-bandwidth,710,3.131319632454499e-05,-0.010072065418307564,-0.26106509357990715,-0.1734147541079972,-0.11087167206658974,-0.05769367804859464,-0.0081592391509658305,0.041235412698350404,0.093922438759913657,0.1552820269449415,0.23933168501858784,0.8052704704664928,2
distill:random-walk-price-change,synthetic-random-walk-price-change-2,TimesFM-zero-shot,710,3.131319632454499e-05,-0.019976004958152771,-0.019825363531708717,-0.23914843797683716,-0.16189500689506531,-0.10757415741682053,-0.06275603175163269,0.023150522261857986,0.068317994475364685,0.12260349839925766,0.20087131857872009,0.4369594177608187,2
distill:random-walk-price-change,synthetic-random-walk-price-change-2,TimesFM-laplace-qd,710,3.131319632454499e-05,-0.023235008120536804,-0.022982308641076088,-0.21540200710296631,-0.14548408985137939,-0.092971131205558777,-0.047743923962116241,0.0013762358576059341,0.04695332795381546,0.099694475531578064,0.17049291729927063,0.68219597993215175,2
distill:random-walk-price-change,synthetic-random-walk-price-change-2,Laplace-q-fixed-bandwidth,711,-0.037628662297692017,-0.012247110782966555,-0.2593954775818117,-0.17308646658963203,-0.11149779364852475,-0.059135382283134821,-0.010364592576712944,0.038268428854613568,0.090147193623461075,0.15057074857805103,0.2333369467508786,0.80191495707726634,2
distill:random-walk-price-change,synthetic-random-walk-price-change-2,TimesFM-zero-shot,711,-0.037628662297692017,-0.020722629502415657,-0.020076701417565346,-0.23472291231155396,-0.15953272581100464,-0.10669326037168503,-0.062532693147659302,0.020869787782430649,0.064608968794345856,0.11737357825040817,0.19261011481285095,0.4505262165765247,2
distill:random-walk-price-change,synthetic-random-walk-price-change-2,TimesFM-laplace-qd,711,-0.037628662297692017,-0.021093171089887619,-0.020598152652382851,-0.20964086055755615,-0.14121915400028229,-0.089716583490371704,-0.045008212327957153,0.002522885799407959,0.046895906329154968,0.098402097821235657,0.16663575172424316,0.71119958842669018,2
distill:random-walk-price-change,synthetic-random-walk-price-change-2,Laplace-q-fixed-bandwidth,712,-0.076689910932695726,-0.011696366611695937,-0.25515263384735898,-0.17013022510355322,-0.10945759676993655,-0.057878981945486283,-0.0098428649003056614,0.038057389463603541,0.08915930443892639,0.148684373326992,0.23021946668435467,0.72700955745865681,2
distill:random-walk-price-change,synthetic-random-walk-price-change-2,TimesFM-zero-shot,712,-0.076689910932695726,-0.025992687791585922,-0.024961795657873154,-0.2419465184211731,-0.16591173410415649,-0.11216627806425095,-0.067752867937088013,0.015917859971523285,0.059828750789165497,0.1119806095957756,0.18705043196678162,0.48878063473061895,2
distill:random-walk-price-change,synthetic-random-walk-price-change-2,TimesFM-laplace-qd,712,-0.076689910932695726,-0.026399031281471252,-0.02527870237827301,-0.21518251299858093,-0.14662253856658936,-0.094745531678199768,-0.050117120146751404,-0.0025089960545301437,0.041740097105503082,0.092261828482151031,0.16011235117912292,0.77952580672301797,2
distill:random-walk-price-change,synthetic-random-walk-price-change-2,Laplace-q-fixed-bandwidth,713,-0.14038650649402729,-0.011582955657346206,-0.25186891697297498,-0.16795269015918704,-0.10806672524175934,-0.057160654127723171,-0.0097545761921135586,0.037517297619870812,0.087952699823360792,0.14670630361911355,0.22718326926716961,0.45999048979702639,2
distill:random-walk-price-change,synthetic-random-walk-price-change-2,TimesFM-zero-shot,713,-0.14038650649402729,-0.031672373414039612,-0.032704047858715057,-0.24655415117740631,-0.17111261188983917,-0.11732348799705505,-0.073373809456825256,0.0096559207886457443,0.054063491523265839,0.10593214631080627,0.18153674900531769,0.90296338614393967,2
distill:random-walk-price-change,synthetic-random-walk-price-change-2,TimesFM-laplace-qd,713,-0.14038650649402729,-0.034105394035577774,-0.03525654599070549,-0.22235360741615295,-0.15428376197814941,-0.10230524837970734,-0.057786621153354645,-0.010854214429855347,0.034070238471031189,0.084625795483589172,0.15321724116802216,0.89302617594891998,2
distill:random-walk-price-change,synthetic-random-walk-price-change-2,Laplace-q-fixed-bandwidth,714,-0.059775156715735189,-0.012999531664273527,-0.25172284193248484,-0.16836010829282988,-0.10886289225529126,-0.058285398021610202,-0.011184562347663532,0.035783025932426646,0.08589321038717361,0.14426621950542787,0.22421523422708345,0.79415050515986674,2
distill:random-walk-price-change,synthetic-random-walk-price-change-2,TimesFM-zero-shot,714,-0.059775156715735189,-0.030330266803503036,-0.030087146908044815,-0.23924115300178528,-0.16560152173042297,-0.11346685886383057,-0.070919856429100037,0.010421399027109146,0.053519006818532944,0.10485278069972992,0.17903521656990051,0.4802705513535388,2
distill:random-walk-price-change,synthetic-random-walk-price-change-2,TimesFM-laplace-qd,714,-0.059775156715735189,-0.030554892495274544,-0.030137747526168823,-0.21303316950798035,-0.14669990539550781,-0.096402093768119812,-0.053560063242912292,-0.0074990708380937576,0.035957135260105133,0.085744187235832214,0.15286301076412201,0.75609993216817584,2
distill:random-walk-price-change,synthetic-random-walk-price-change-2,Laplace-q-fixed-bandwidth,715,-0.034815158354333908,-0.015959652677836909,-0.25132490150333353,-0.16913011208204809,-0.11046534350092985,-0.060601603531525258,-0.014170934547665921,0.032128170146035542,0.081530797381110687,0.13908719499880157,0.21791862208080803,0.85771181940702834,2
distill:random-walk-price-change,synthetic-random-walk-price-change-2,TimesFM-zero-shot,715,-0.034815158354333908,-0.024502662941813469,-0.023384131491184235,-0.23438963294029236,-0.16030493378639221,-0.1086258664727211,-0.065314911305904388,0.016762621700763702,0.059857197105884552,0.11176753789186478,0.18591278791427612,0.46922354011060108,2
distill:random-walk-price-change,synthetic-random-walk-price-change-2,TimesFM-laplace-qd,715,-0.034815158354333908,-0.024517158046364784,-0.023106876760721207,-0.20721939206123352,-0.14037428796291351,-0.090721666812896729,-0.047207489609718323,-0.0015529301017522812,0.041654497385025024,0.091751784086227417,0.15817460417747498,0.74340702593558938,2
distill:random-walk-price-change,synthetic-random-walk-price-change-2,Laplace-q-fixed-bandwidth,716,0.015399477024888419,-0.016923052177634491,-0.24872417607067837,-0.16776381114522315,-0.10998123687431266,-0.060876996383210362,-0.015161774970171652,0.030423563217382293,0.079072995511633853,0.13576365799895912,0.21341353654241468,0.86467992760529411,2
distill:random-walk-price-change,synthetic-random-walk-price-change-2,TimesFM-zero-shot,716,0.015399477024888419,-0.03467763215303421,-0.034551385790109634,-0.24764785170555115,-0.17276011407375336,-0.11948595941066742,-0.075882427394390106,0.0066119544208049774,0.049946106970310211,0.10113179683685303,0.17506173253059387,0.48738384230224496,2
distill:random-walk-price-change,synthetic-random-walk-price-change-2,TimesFM-laplace-qd,716,0.015399477024888419,-0.033004026859998703,-0.03307177871465683,-0.21707074344158173,-0.15016695857048035,-0.099410012364387512,-0.055966749787330627,-0.01023640763014555,0.032804377377033234,0.0818905308842659,0.14760930836200714,0.70961133678397803,2
distill:random-walk-price-change,synthetic-random-walk-price-change-2,Laplace-q-fixed-bandwidth,717,-0.062671889288774985,-0.016728009644384881,-0.24505191391503067,-0.16529244272935828,-0.10836950380096089,-0.060007562449838389,-0.014993279963863772,0.029892682615641576,0.077805781356232562,0.13365265351767169,0.21015299099845575,0.8360014523344681,2
distill:random-walk-price-change,synthetic-random-walk-price-change-2,TimesFM-zero-shot,717,-0.062671889288774985,-0.027399942278862,-0.026352318003773689,-0.2359326034784317,-0.16255582869052887,-0.11040648072957993,-0.067792259156703949,0.013342225924134254,0.055938661098480225,0.10652671754360199,0.17986761033535004,0.48803128783750438,2
distill:random-walk-price-change,synthetic-random-walk-price-change-2,TimesFM-laplace-qd,717,-0.062671889288774985,-0.030848758295178413,-0.028885886073112488,-0.21269701421260834,-0.14666502177715302,-0.096540369093418121,-0.053719907999038696,-0.0081499721854925156,0.034457996487617493,0.08319573849439621,0.14903727173805237,0.76819284913007269,2
distill:random-walk-price-change,synthetic-random-walk-price-change-2,Laplace-q-fixed-bandwidth,718,-0.046373334013368739,-0.015751580168473021,-0.24085944154810179,-0.1622094900115898,-0.1060811343008967,-0.058406215928923672,-0.014041374047253747,0.030196568448765393,0.077428093790820732,0.13249498039255458,0.2079333334191443,0.88356049597597774,2
distill:random-walk-price-change,synthetic-random-walk-price-change-2,TimesFM-zero-shot,718,-0.046373334013368739,-0.02445831336081028,-0.023427603766322136,-0.22964268922805786,-0.15734031796455383,-0.10648420453071594,-0.064289502799510956,0.015867022797465324,0.058105915784835815,0.10888589918613434,0.18198104202747345,0.49077142714479116,2
distill:random-walk-price-change,synthetic-random-walk-price-change-2,TimesFM-laplace-qd,718,-0.046373334013368739,-0.026956919580698013,-0.025342641398310661,-0.20550039410591125,-0.14053879678249359,-0.091687925159931183,-0.049397766590118408,-0.0044762101024389267,0.037788279354572296,0.086544729769229889,0.15189506113529205,0.7670088824373682,2
distill:random-walk-price-change,synthetic-random-walk-price-change-2,Laplace-q-fixed-bandwidth,719,-0.2207999995690495,-0.016379026127377454,-0.23814484388355378,-0.16064109258138881,-0.10533653755136227,-0.058378148004021316,-0.014693812208790107,0.028864955761810127,0.075385254467821086,0.12964307009742537,0.2039840231437598,-0.026535970298329437,2
distill:random-walk-price-change,synthetic-random-walk-price-change-2,TimesFM-zero-shot,719,-0.2207999995690495,-0.022520320490002632,-0.022056316956877708,-0.22608545422554016,-0.15386244654655457,-0.10393187403678894,-0.061786346137523651,0.016850214451551437,0.057726629078388214,0.1075291708111763,0.17895060777664185,-0.8816696563711186,2
distill:random-walk-price-change,synthetic-random-walk-price-change-2,TimesFM-laplace-qd,719,-0.2207999995690495,-0.023151436820626259,-0.022389067336916924,-0.19894775748252869,-0.13439403474330902,-0.086921855807304382,-0.045108966529369354,-0.0012341383844614029,0.039282914251089096,0.086829349398612976,0.15006589889526367,-1.5006972256792479,2
distill:random-walk-price-change,synthetic-random-walk-price-change-2,Laplace-q-fixed-bandwidth,720,0.11211724464685902,-0.019481446273693595,-0.24344882042498134,-0.16520694985163054,-0.1093600931444471,-0.061923935117753362,-0.017782387683854685,0.026232948899203877,0.07322824975836266,0.12802018866060855,0.20307232401718578,0.50335424185452893,2
distill:random-walk-price-change,synthetic-random-walk-price-change-2,TimesFM-zero-shot,720,0.11211724464685902,-0.023667702451348305,-0.022515801712870598,-0.23131529986858368,-0.15796881914138794,-0.10629997402429581,-0.063875511288642883,0.016567407175898552,0.058842003345489502,0.10898349434137344,0.18084326386451721,0.37006539867869415,2
distill:random-walk-price-change,synthetic-random-walk-price-change-2,TimesFM-laplace-qd,720,0.11211724464685902,-0.02489049918949604,-0.022689046338200569,-0.20529428124427795,-0.13952279090881348,-0.090082652866840363,-0.047595590353012085,-0.002496715635061264,0.039598442614078522,0.087828449904918671,0.1520894467830658,0.33280158319659492,2
distill:random-walk-price-change,synthetic-random-walk-price-change-2,Laplace-q-fixed-bandwidth,721,-0.043432694958829954,-0.021044299616783706,-0.24369104417913556,-0.16591915402215501,-0.11040145607641534,-0.063242148350055802,-0.019356726847406518,0.024403340871941279,0.07112475566614658,0.12559457557401182,0.20019853423301703,0.90770623832215525,2
distill:random-walk-price-change,synthetic-random-walk-price-change-2,TimesFM-zero-shot,721,-0.043432694958829954,-0.034245174378156662,-0.035395290702581406,-0.24194616079330444,-0.16818363964557648,-0.1164976954460144,-0.074064232409000397,0.0061814375221729279,0.04826539009809494,0.098221242427825928,0.16998189687728882,0.49384291539507252,2
distill:random-walk-price-change,synthetic-random-walk-price-change-2,TimesFM-laplace-qd,721,-0.043432694958829954,-0.036928411573171616,-0.036657713353633881,-0.21661515533924103,-0.15067592263221741,-0.10154911875724792,-0.059261471033096313,-0.014711132273077965,0.026975585147738457,0.074900984764099121,0.13863393664360046,0.77485930133343706,2
distill:random-walk-price-change,synthetic-random-walk-price-change-2,Laplace-q-fixed-bandwidth,722,-0.04531571371621701,-0.018013029302164328,-0.23728884521477284,-0.1606709305539053,-0.10598370563686477,-0.059547906994804445,-0.016350458930055767,0.026722940236670822,0.072726089191749471,0.12638014432960754,0.19987903700241849,0.91473303726442623,2
distill:random-walk-price-change,synthetic-random-walk-price-change-2,TimesFM-zero-shot,722,-0.04531571371621701,-0.029280800372362137,-0.028585754334926605,-0.23870734870433807,-0.16446533799171448,-0.11283484101295471,-0.069725155830383301,0.011900436133146286,0.05449197068810463,0.10586512088775635,0.17895352840423584,0.47367692273728901,2
distill:random-walk-price-change,synthetic-random-walk-price-change-2,TimesFM-laplace-qd,722,-0.04531571371621701,-0.029204234480857849,-0.027764897793531418,-0.21163199841976166,-0.144979327917099,-0.095363110303878784,-0.052206628024578094,-0.0059276828542351723,0.036665316671133041,0.086087748408317566,0.15148994326591492,0.74447187135712278,2
distill:random-walk-price-change,synthetic-random-walk-price-change-2,Laplace-q-fixed-bandwidth,723,0.0097552603788160219,-0.017976464692498202,-0.23395963619929011,-0.15846325542834472,-0.10458550510136704,-0.05885860324410315,-0.016337959649196668,0.026059791374681292,0.071358862893741562,0.12421746083339681,0.19664222161564182,0.94011200218906765,2
distill:random-walk-price-change,synthetic-random-walk-price-change-2,TimesFM-zero-shot,723,0.0097552603788160219,-0.023511718958616257,-0.022543037310242653,-0.23168414831161499,-0.15791302919387817,-0.10691480338573456,-0.063730999827384949,0.017105456441640854,0.05903017520904541,0.1100260391831398,0.18263375759124756,0.50365402131659209,2
distill:random-walk-price-change,synthetic-random-walk-price-change-2,TimesFM-laplace-qd,723,0.0097552603788160219,-0.023406786844134331,-0.021439231932163239,-0.20316419005393982,-0.1374182403087616,-0.08883453905582428,-0.045913219451904297,-0.00073068402707576752,0.040940731763839722,0.089725106954574585,0.15445405244827271,0.75016753815078041,2
distill:random-walk-price-change,synthetic-random-walk-price-change-2,Laplace-q-fixed-bandwidth,724,0.14542153207151598,-0.018125785953642264,-0.23080227290439459,-0.1564234428627197,-0.10335602386935394,-0.058344440842550485,-0.016510876729193779,0.025200772804661702,0.069788900990826658,0.12185069177739344,0.19320487877314224,0.29538367720601211,2
distill:random-walk-price-change,synthetic-random-walk-price-change-2,TimesFM-zero-shot,724,0.14542153207151598,-0.030656624585390091,-0.030483575537800789,-0.23107752203941345,-0.16003990173339844,-0.11045695096254349,-0.069407694041728973,0.0080879442393779755,0.048929117619991302,0.097731694579124451,0.16809114813804626,0.17874932940074295,2
distill:random-walk-price-change,synthetic-random-walk-price-change-2,TimesFM-laplace-qd,724,0.14542153207151598,-0.032791584730148315,-0.031918961554765701,-0.20380216836929321,-0.14115476608276367,-0.0945281982421875,-0.054202452301979065,-0.01171280350536108,0.028192736208438873,0.074051186442375183,0.13574957847595215,0.01062146722150703,2
distill:random-walk-price-change,synthetic-random-walk-price-change-2,Laplace-q-fixed-bandwidth,725,-0.19816768280555341,-0.016911617572037199,-0.22981567564656902,-0.15538624402871443,-0.10226830145960854,-0.057197786008051033,-0.015297645329610227,0.026481007642226419,0.071129084836493509,0.12324238378306636,0.19464807414731272,0.12375935519561265,2
distill:random-walk-price-change,synthetic-random-walk-price-change-2,TimesFM-zero-shot,725,-0.19816768280555341,-0.023988615721464157,-0.023883825168013573,-0.22951404750347137,-0.15695251524448395,-0.10583152621984482,-0.063943512737751007,0.015854353085160255,0.058461949229240417,0.10888244956731796,0.18145103752613068,-0.2404901495862608,2
distill:random-walk-price-change,synthetic-random-walk-price-change-2,TimesFM-laplace-qd,725,-0.19816768280555341,-0.027119666337966919,-0.026809535920619965,-0.20500710606575012,-0.14012899994850159,-0.091262370347976685,-0.049500472843647003,-0.0050592385232448578,0.037190593779087067,0.085084050893783569,0.14950531721115112,-0.66009013279139683,2
distill:random-walk-price-change,synthetic-random-walk-price-change-2,Laplace-q-fixed-bandwidth,726,0.067253822658262186,-0.011445426863040183,-0.22570024214719492,-0.15083390299138788,-0.097387102156009625,-0.052017433953643562,-0.0098242689005719301,0.032247327510589306,0.077193682280873421,0.12963191147174541,0.20145987699644435,0.79753096205560725,2
distill:random-walk-price-change,synthetic-random-walk-price-change-2,TimesFM-zero-shot,726,0.067253822658262186,-0.024555878713726997,-0.024752307683229446,-0.2320883572101593,-0.15873411297798157,-0.10746649652719498,-0.064736634492874146,0.016055721789598465,0.058233603835105896,0.10891728848218918,0.18167123198509216,0.47477251567480727,2
distill:random-walk-price-change,synthetic-random-walk-price-change-2,TimesFM-laplace-qd,726,0.067253822658262186,-0.027708003297448158,-0.027170212939381599,-0.20593079924583435,-0.14093500375747681,-0.092280954122543335,-0.050034720450639725,-0.0053262952715158463,0.036343678832054138,0.084398910403251648,0.14876875281333923,0.56721816370096811,2
distill:random-walk-price-change,synthetic-random-walk-price-change-2,Laplace-q-fixed-bandwidth,727,0.1672705798598606,-0.016342358350770345,-0.22804206160208829,-0.15405357583373067,-0.10123693935163053,-0.056414552467718017,-0.014740469062757364,0.026813104649339774,0.071216325562333288,0.12303577510010649,0.1940234815834681,0.14869813541287891,2
distill:random-walk-price-change,synthetic-random-walk-price-change-2,TimesFM-zero-shot,727,0.1672705798598606,-0.020118586719036102,-0.021000612527132034,-0.22729593515396118,-0.15418827533721924,-0.10324382781982422,-0.060303222388029099,0.02022254467010498,0.062182791531085968,0.11314760893583298,0.18585816025733948,0.11523293085131003,2
distill:random-walk-price-change,synthetic-random-walk-price-change-2,TimesFM-laplace-qd,727,0.1672705798598606,-0.022427713498473167,-0.022676821798086166,-0.19933155179023743,-0.13481009006500244,-0.086795814335346222,-0.04451325535774231,-0.00014200247824192047,0.041134268045425415,0.089373357594013214,0.15341079235076904,-0.059645053509971513,2
distill:random-walk-price-change,synthetic-random-walk-price-change-2,Laplace-q-fixed-bandwidth,728,-0.10493838367816655,-0.015610139476218336,-0.22848398817903226,-0.15411824414481967,-0.1010161677034294,-0.055932824226325721,-0.014002266702816025,0.027807756236530586,0.072471295077143977,0.12457295981593657,0.19592566583088455,0.71967464493807398,2
distill:random-walk-price-change,synthetic-random-walk-price-change-2,TimesFM-zero-shot,728,-0.10493838367816655,-0.028514578938484192,-0.029249710962176323,-0.23775213956832886,-0.16392487287521362,-0.11211419105529785,-0.069350078701972961,0.012104369699954987,0.055084336549043655,0.10619840025901794,0.17985512316226959,0.72720956814217841,2
distill:random-walk-price-change,synthetic-random-walk-price-change-2,TimesFM-laplace-qd,728,-0.10493838367816655,-0.027923442423343658,-0.027842532843351364,-0.20837967097759247,-0.14277270436286926,-0.093398347496986389,-0.050925977528095245,-0.0051969364285469055,0.037470638751983643,0.086215436458587646,0.15179954469203949,0.97175942195384724,2
distill:random-walk-price-change,synthetic-random-walk-price-change-2,Laplace-q-fixed-bandwidth,729,0.14772345182144431,-0.0085872579778608349,-0.21934420074308245,-0.14571276963093618,-0.093134594784183566,-0.048502023918500739,-0.0069958991603849396,0.034390711480479765,0.078607283136890249,0.13019494910789225,0.20084524779096669,0.34623989150051981,2
distill:random-walk-price-change,synthetic-random-walk-price-change-2,TimesFM-zero-shot,729,0.14772345182144431,-0.024306543171405792,-0.024026842787861824,-0.23135396838188171,-0.158366858959198,-0.1068810373544693,-0.064481452107429504,0.016187749803066254,0.058884024620056152,0.10957779735326767,0.18275982141494751,0.20206098318058707,2
distill:random-walk-price-change,synthetic-random-walk-price-change-2,TimesFM-laplace-qd,729,0.14772345182144431,-0.026345079764723778,-0.025365777313709259,-0.20461076498031616,-0.13982409238815308,-0.090796403586864471,-0.048752039670944214,-0.0040946993976831436,0.038158662617206573,0.086294613778591156,0.15128159523010254,0.065751710876233771,2
distill:random-walk-price-change,synthetic-random-walk-price-change-2,Laplace-q-fixed-bandwidth,730,-0.048475580337626889,-0.01317369081450877,-0.22390239730230013,-0.15030319149300977,-0.097736333628409666,-0.053101530220298274,-0.011584764812480681,0.029812918409426764,0.07403289012125655,0.12561101441532399,0.19623315514510356,0.93505114124369193,2
distill:random-walk-price-change,synthetic-random-walk-price-change-2,TimesFM-zero-shot,730,-0.048475580337626889,-0.02088596299290657,-0.022100199013948441,-0.22039078176021576,-0.15004025399684906,-0.1009676456451416,-0.059903059154748917,0.018272135406732559,0.059510078281164169,0.10909844934940338,0.18031522631645203,0.51822341156066676,2
distill:random-walk-price-change,synthetic-random-walk-price-change-2,TimesFM-laplace-qd,730,-0.048475580337626889,-0.023792007938027382,-0.024338189512491226,-0.19589340686798096,-0.13323064148426056,-0.086305305361747742,-0.045522868633270264,-0.002081679180264473,0.039012301713228226,0.086469575762748718,0.14996317028999329,0.80539352598732106,2
distill:random-walk-price-change,synthetic-random-walk-price-change-2,Laplace-q-fixed-bandwidth,731,-0.11161216224101267,-0.0071025746121838405,-0.21474778324179977,-0.14219605221953857,-0.090386746761574988,-0.046416869434393396,-0.0055359056072453085,0.035227012765799148,0.078786448737768799,0.12961995277700622,0.19923857435751302,0.64694932525255577,2
distill:random-walk-price-change,synthetic-random-walk-price-change-2,TimesFM-zero-shot,731,-0.11161216224101267,-0.023769387975335121,-0.023774901404976845,-0.22416394948959351,-0.15339389443397522,-0.10439986735582352,-0.062852099537849426,0.015379743650555611,0.056237347424030304,0.1058344766497612,0.17671728134155273,0.91932991920327167,2
distill:random-walk-price-change,synthetic-random-walk-price-change-2,TimesFM-laplace-qd,731,-0.11161216224101267,-0.021951287984848022,-0.021581891924142838,-0.19427075982093811,-0.13137431442737579,-0.084711574018001556,-0.043623074889183044,-7.2127208113670349e-05,0.040477320551872253,0.087698794901371002,0.15062133967876434,1.0361128962667356,2
distill:random-walk-price-change,synthetic-random-walk-price-change-2,Laplace-q-fixed-bandwidth,732,0.023208214974702601,-0.006087256073327078,-0.21215348162494815,-0.14015631809703141,-0.088739398926850538,-0.045103192428772962,-0.0045334922470386622,0.035919060901642555,0.079148020162029237,0.12959700108486813,0.1986857358734383,0.98232577573780522,2
distill:random-walk-price-change,synthetic-random-walk-price-change-2,TimesFM-zero-shot,732,0.023208214974702601,-0.020601566880941391,-0.020459530875086784,-0.22082024812698364,-0.15025806427001953,-0.10073010623455048,-0.059465046972036362,0.018205329775810242,0.058959603309631348,0.10759855061769485,0.17764973640441895,0.54410101180773385,2
distill:random-walk-price-change,synthetic-random-walk-price-change-2,TimesFM-laplace-qd,732,0.023208214974702601,-0.021190138533711433,-0.02091062068939209,-0.19466963410377502,-0.13155290484428406,-0.084116071462631226,-0.043021500110626221,0.0005694068968296051,0.041061565279960632,0.087442822754383087,0.14985212683677673,0.76693633251920246,2
distill:random-walk-price-change,synthetic-random-walk-price-change-2,Laplace-q-fixed-bandwidth,733,0.053693613448211774,-0.01057609330537254,-0.21349740401067163,-0.14255762575776415,-0.091910218220118689,-0.04895642584974895,-0.0090442970082074935,0.030751523184655551,0.073301974418768789,0.12299393948925166,0.19106926966199317,0.89591544580302673,2
distill:random-walk-price-change,synthetic-random-walk-price-change-2,TimesFM-zero-shot,733,0.053693613448211774,-0.021020419895648956,-0.020993569865822792,-0.2188650369644165,-0.14894844591617584,-0.099856153130531311,-0.05947420746088028,0.017460476607084274,0.058286856859922409,0.10633914172649384,0.17602251470088959,0.53585894634630304,2
distill:random-walk-price-change,synthetic-random-walk-price-change-2,TimesFM-laplace-qd,733,0.053693613448211774,-0.022762328386306763,-0.022820988669991493,-0.19320769608020782,-0.13101418316364288,-0.084257915616035461,-0.044137891381978989,-0.0014240443706512451,0.038957629352807999,0.084647625684738159,0.14638496935367584,0.67562664093594638,2
distill:random-walk-price-change,synthetic-random-walk-price-change-2,Laplace-q-fixed-bandwidth,734,0.043211920807207704,-0.010996893221617069,-0.21127254818728974,-0.14122688481622436,-0.091228030445108466,-0.048846632515722695,-0.0094839694607422934,0.029763192583669038,0.071744787716774866,0.12079902707967805,0.18801779726484885,0.94399687619443062,2
distill:random-walk-price-change,synthetic-random-walk-price-change-2,TimesFM-zero-shot,734,0.043211920807207704,-0.017737865447998047,-0.018423087894916534,-0.21593734622001648,-0.14548981189727783,-0.096622660756111145,-0.056036811321973801,0.020559251308441162,0.060621622949838638,0.10897819697856903,0.1779729425907135,0.55348609836690055,2
distill:random-walk-price-change,synthetic-random-walk-price-change-2,TimesFM-laplace-qd,734,0.043211920807207704,-0.018536221235990524,-0.018599051982164383,-0.18849970400333405,-0.12614226341247559,-0.079788252711296082,-0.039737433195114136,0.0027807243168354034,0.04236307367682457,0.088421136140823364,0.14953136444091797,0.73589116967021395,2
distill:random-walk-price-change,synthetic-random-walk-price-change-2,Laplace-q-fixed-bandwidth,735,0.38588866572020897,-0.0094377100372976617,-0.20693046498660003,-0.13781499069693046,-0.088495442246163819,-0.04672014709381643,-0.007943949336151555,0.030717393592125726,0.072096076363220296,0.12048174228082265,0.18680901115636131,-1.9941310681873901,2
distill:random-walk-price-change,synthetic-random-walk-price-change-2,TimesFM-zero-shot,735,0.38588866572020897,-0.019584225490689278,-0.020285878330469131,-0.21399965882301331,-0.14486180245876312,-0.097191184759140015,-0.057260137051343918,0.018155604600906372,0.05765431746840477,0.10581187903881073,0.17408175766468048,-2.1073671030848211,2
distill:random-walk-price-change,synthetic-random-walk-price-change-2,TimesFM-laplace-qd,735,0.38588866572020897,-0.020186835899949074,-0.020675810053944588,-0.18537671864032745,-0.12470068037509918,-0.079903885722160339,-0.040763586759567261,0.00057392381131649017,0.039186716079711914,0.08453686535358429,0.14416590332984924,-2.9073509730428722,2
distill:random-walk-price-change,synthetic-random-walk-price-change-2,Laplace-q-fixed-bandwidth,736,0.10724661369789601,-0.011245288806667354,-0.22762809857085212,-0.15216691045632882,-0.09826728032412238,-0.052540080115879267,-0.010032678055761433,0.032379461293458325,0.077776189384822336,0.13089192564068916,0.20399134203203442,0.58358658036883737,2
distill:random-walk-price-change,synthetic-random-walk-price-change-2,TimesFM-zero-shot,736,0.10724661369789601,-0.02479591965675354,-0.026439886540174484,-0.23206719756126404,-0.15876403450965881,-0.10767649859189987,-0.065253108739852905,0.015358516946434975,0.057932637631893158,0.10940210521221161,0.18239602446556091,0.37074078404009958,2
distill:random-walk-price-change,synthetic-random-walk-price-change-2,TimesFM-laplace-qd,736,0.10724661369789601,-0.022448919713497162,-0.024435190483927727,-0.20230041444301605,-0.13664780557155609,-0.087656401097774506,-0.045363850891590118,0.00042919442057609558,0.042863048613071442,0.092055611312389374,0.15707141160964966,0.37460236277299175,2
distill:random-walk-price-change,synthetic-random-walk-price-change-2,Laplace-q-fixed-bandwidth,737,0.17442215827391649,0.0014390588282622054,-0.2134132184660264,-0.13849012560452045,-0.084970466321463489,-0.039565204870079043,0.0026427175055837642,0.044756037186453088,0.089833147374299427,0.14257454056449809,0.21515351735452082,0.22334293365638924,2
distill:random-walk-price-change,synthetic-random-walk-price-change-2,TimesFM-zero-shot,737,0.17442215827391649,-0.017029432579874992,-0.018689094111323357,-0.22485022246837616,-0.15159223973751068,-0.10003871470689774,-0.057607196271419525,0.023427071049809456,0.06639552116394043,0.11770752817392349,0.19178108870983124,0.088501097726996436,2
distill:random-walk-price-change,synthetic-random-walk-price-change-2,TimesFM-laplace-qd,737,0.17442215827391649,-0.018906142562627792,-0.021073160693049431,-0.19758546352386475,-0.13255643844604492,-0.083485625684261322,-0.041502036154270172,0.0039122756570577621,0.046479366719722748,0.09520161896944046,0.16084885597229004,-0.077614202811177258,2
distill:random-walk-price-change,synthetic-random-walk-price-change-2,Laplace-q-fixed-bandwidth,738,0.093274037313213931,0.0069758998684554653,-0.20850373672361683,-0.1333981245392214,-0.079730460473085726,-0.034178534183229213,0.008181212126767104,0.050446586086805696,0.095670690063759278,0.14855940226209846,0.22131655432501357,0.75633256483440592,2
distill:random-walk-price-change,synthetic-random-walk-price-change-2,TimesFM-zero-shot,738,0.093274037313213931,-0.00045949593186378479,-0.0029047178104519844,-0.20962950587272644,-0.13548116385936737,-0.084160439670085907,-0.041235052049160004,0.040108747780323029,0.083007574081420898,0.13463705778121948,0.20864604413509369,0.45805968615099291,2
distill:random-walk-price-change,synthetic-random-walk-price-change-2,TimesFM-laplace-qd,738,0.093274037313213931,-0.0068119438365101814,-0.009535912424325943,-0.18710006773471832,-0.12116468697786331,-0.072171464562416077,-0.02968752384185791,0.016362152993679047,0.058940552175045013,0.10818678140640259,0.17389427125453949,0.53135777472720447,2
distill:random-walk-price-change,synthetic-random-walk-price-change-2,Laplace-q-fixed-bandwidth,739,-0.077048000842494968,0.011575992278850986,-0.20150174544320365,-0.12721672948985352,-0.074139700133095274,-0.029102262111171166,0.012768477836854662,0.054545541173345674,0.099257933214178876,0.15156379306962431,0.2235264614901542,0.72691736015294039,2
distill:random-walk-price-change,synthetic-random-walk-price-change-2,TimesFM-zero-shot,739,-0.077048000842494968,-0.0049808435142040253,-0.0072382818907499313,-0.21418213844299316,-0.14008040726184845,-0.08876056969165802,-0.045676529407501221,0.03537030890583992,0.077731862664222717,0.12946547567844391,0.20289541780948639,0.68159692309382969,2
distill:random-walk-price-change,synthetic-random-walk-price-change-2,TimesFM-laplace-qd,739,-0.077048000842494968,-0.0078945662826299667,-0.01038539782166481,-0.18889626860618591,-0.1227542906999588,-0.073585584759712219,-0.030917655676603317,0.01526690274477005,0.05758361890912056,0.10698361694812775,0.17261509597301483,0.92064115346406972,2
distill:random-walk-price-change,synthetic-random-walk-price-change-2,Laplace-q-fixed-bandwidth,740,-0.20943603725085902,0.010036536591643724,-0.20086972434446046,-0.1273295149741803,-0.074787192380905504,-0.030213755035941009,0.01121727770049641,0.052555307705032542,0.096806319637481986,0.14858463656068546,0.21982629763712677,-0.16238448926634863,2
distill:random-walk-price-change,synthetic-random-walk-price-change-2,TimesFM-zero-shot,740,-0.20943603725085902,-0.0018895119428634644,-0.0024618450552225113,-0.2094157487154007,-0.13619706034660339,-0.084927007555961609,-0.042472004890441895,0.038198847323656082,0.080422148108482361,0.13144898414611816,0.20445254445075989,-1.0001212224740583,2
distill:random-walk-price-change,synthetic-random-walk-price-change-2,TimesFM-laplace-qd,740,-0.20943603725085902,-0.0063124429434537888,-0.0074314167723059654,-0.18521752953529358,-0.12008790671825409,-0.071186766028404236,-0.029212549328804016,0.016487237066030502,0.058525208383798599,0.10718341171741486,0.17214761674404144,-1.5371473880342905,2
distill:random-walk-price-change,synthetic-random-walk-price-change-2,Laplace-q-fixed-bandwidth,741,0.24883106059867277,0.0052020247986987464,-0.2091856955819564,-0.13448827671430522,-0.081092939847090512,-0.035761550605473806,0.0063994524853917337,0.048466751331942774,0.093472510158700783,0.14609377967909751,0.21845820883664721,-0.30670121942526929,2
distill:random-walk-price-change,synthetic-random-walk-price-change-2,TimesFM-zero-shot,741,0.24883106059867277,-0.017620228230953217,-0.019089838489890099,-0.22452297806739807,-0.15156027674674988,-0.10021590441465378,-0.058073192834854126,0.022538568824529648,0.065165258944034576,0.11591633409261703,0.1883222758769989,-0.4578068598527214,2
distill:random-walk-price-change,synthetic-random-walk-price-change-2,TimesFM-laplace-qd,741,0.24883106059867277,-0.018418610095977783,-0.020290577784180641,-0.1988893449306488,-0.13328735530376434,-0.083740249276161194,-0.041371837258338928,0.004557071253657341,0.047378063201904297,0.096286579966545105,0.16160228848457336,-0.71836042268513756,2
distill:random-walk-price-change,synthetic-random-walk-price-change-2,Laplace-q-fixed-bandwidth,742,-0.14932420916060218,0.00098019365251945066,-0.21786882842775976,-0.14166867427286228,-0.087174981017952888,-0.040880126442263978,0.002199965618666872,0.04518515847931491,0.091149517627928334,0.14485534177265508,0.21867723041608811,0.35036099756687955,2
distill:random-walk-price-change,synthetic-random-walk-price-change-2,TimesFM-zero-shot,742,-0.14932420916060218,-0.021559400483965874,-0.023611042648553848,-0.23156903684139252,-0.15713474154472351,-0.10533154755830765,-0.062316678464412689,0.019311400130391121,0.062009595334529877,0.11414549499750137,0.18766318261623383,0.8359846186584704,2
distill:random-walk-price-change,synthetic-random-walk-price-change-2,TimesFM-laplace-qd,742,-0.14932420916060218,-0.02108786441385746,-0.023506313562393188,-0.20420710742473602,-0.13726496696472168,-0.087295442819595337,-0.044314257800579071,0.0027114972472190857,0.045671969652175903,0.095899865031242371,0.16243501007556915,0.6056687482669062,2
distill:random-walk-price-change,synthetic-random-walk-price-change-2,Laplace-q-fixed-bandwidth,743,0.029857998979372802,0.0064572627909754397,-0.21212803923085366,-0.13603989970935154,-0.081615319908494299,-0.035368511505274286,0.0076744623302524226,0.050622897693859248,0.096540238781825299,0.15017872735210183,0.22389319224298884,0.93269643563669957,2
distill:random-walk-price-change,synthetic-random-walk-price-change-2,TimesFM-zero-shot,743,0.029857998979372802,-0.0053496994078159332,-0.0071087032556533813,-0.21595756709575653,-0.14158631861209869,-0.089847654104232788,-0.046316228806972504,0.035415917634963989,0.07779441773891449,0.13008643686771393,0.20350109040737152,0.49202071239921774,2
distill:random-walk-price-change,synthetic-random-walk-price-change-2,TimesFM-laplace-qd,743,0.029857998979372802,-0.0094746183604001999,-0.011667383834719658,-0.19310973584651947,-0.12627685070037842,-0.076301291584968567,-0.032710585743188858,0.014072706922888756,0.05701262503862381,0.10754022747278214,0.17406830191612244,0.7132053279044881,2
distill:random-walk-price-change,synthetic-random-walk-price-change-2,Laplace-q-fixed-bandwidth,744,-0.14295702809280564,0.0013149516374707545,-0.21390691622008368,-0.13895338466088239,-0.085352595282016969,-0.03983178840990733,0.0025149629366289171,0.04476794269454331,0.08996265186499583,0.14278762480441012,0.21540301057587358,0.39065245357667755,2
distill:random-walk-price-change,synthetic-random-walk-price-change-2,TimesFM-zero-shot,744,-0.14295702809280564,-0.011313216760754585,-0.011913294903934002,-0.21786442399024963,-0.14486241340637207,-0.093993499875068665,-0.05180773138999939,0.028819583356380463,0.071302063763141632,0.12267040461301804,0.19531330466270447,0.78625625688366274,2
distill:random-walk-price-change,synthetic-random-walk-price-change-2,TimesFM-laplace-qd,744,-0.14295702809280564,-0.01074550673365593,-0.011818468570709229,-0.18896964192390442,-0.12399164587259293,-0.07535804808139801,-0.033468686044216156,0.012103229761123657,0.054430313408374786,0.10341604799032211,0.16826590895652771,0.47499466442402227,2
distill:random-walk-price-change,synthetic-random-walk-price-change-2,Laplace-q-fixed-bandwidth,745,0.17695398393208284,0.003387653028678893,-0.21143425452997763,-0.13664034054822799,-0.083142716189240823,-0.03769869811171013,0.0045843339795806166,0.046774018456378283,0.091893186010527261,0.14461727308719929,0.21707909847634146,0.22062938886859262,2
distill:random-walk-price-change,synthetic-random-walk-price-change-2,TimesFM-zero-shot,745,0.17695398393208284,-0.0095385424792766571,-0.01071252953261137,-0.21991074085235596,-0.1457018256187439,-0.093602858483791351,-0.05094601958990097,0.030995763838291168,0.074061021208763123,0.12594223022460938,0.19956332445144653,0.12149300862714063,2
distill:random-walk-price-change,synthetic-random-walk-price-change-2,TimesFM-laplace-qd,745,0.17695398393208284,-0.015971306711435318,-0.017497267574071884,-0.19776883721351624,-0.13158446550369263,-0.081819921731948853,-0.039458319544792175,0.006806008517742157,0.049921013414859772,0.099514104425907135,0.1652018129825592,-0.063908052074949095,2
distill:random-walk-price-change,synthetic-random-walk-price-change-2,Laplace-q-fixed-bandwidth,746,0.17365698279197295,-0.0046221900067914988,-0.22008059113675468,-0.14509357726346697,-0.091443420994913954,-0.045853738440486597,-0.0034234441331104891,0.038913608528582763,0.084178453629108752,0.13705400136539589,0.20970413144831093,0.18799810893007773,2
distill:random-walk-price-change,synthetic-random-walk-price-change-2,TimesFM-zero-shot,746,0.17365698279197295,-0.019264701753854752,-0.022405870258808136,-0.22522106766700745,-0.15230980515480042,-0.10166376829147339,-0.059462994337081909,0.020532393828034401,0.06277059018611908,0.11388949304819107,0.18582692742347717,0.082941357152883866,2
distill:random-walk-price-change,synthetic-random-walk-price-change-2,TimesFM-laplace-qd,746,0.17365698279197295,-0.019194073975086212,-0.02230500802397728,-0.19875310361385345,-0.13332340121269226,-0.084433890879154205,-0.042187489569187164,0.0034989584237337112,0.045895300805568695,0.09497418999671936,0.15979421138763428,-0.068575380610942371,2
distill:random-walk-price-change,synthetic-random-walk-price-change-2,Laplace-q-fixed-bandwidth,747,-0.40844080484959644,0.00083293167173364069,-0.21545253501190731,-0.14020497945059063,-0.086354477120949819,-0.040579249304110054,0.0020348560439603647,0.044555725804066255,0.090005791534043506,0.14307987588640619,0.2159836387609303,-1.7623936383074583,2
distill:random-walk-price-change,synthetic-random-walk-price-change-2,TimesFM-zero-shot,747,-0.40844080484959644,-0.013711596839129925,-0.016803322359919548,-0.22388404607772827,-0.14939595758914948,-0.09805605560541153,-0.054755032062530518,0.026995809748768806,0.06960904598236084,0.122186079621315,0.1958114355802536,-4.8916497135525088,2
distill:random-walk-price-change,synthetic-random-walk-price-change-2,TimesFM-laplace-qd,747,-0.40844080484959644,-0.011977552436292171,-0.015896087512373924,-0.19429737329483032,-0.12762764096260071,-0.078336551785469055,-0.03516022115945816,0.011455854400992393,0.054213643074035645,0.10469479858875275,0.17090007662773132,-8.4700509920942917,2
distill:random-walk-price-change,synthetic-random-walk-price-change-2,Laplace-q-fixed-bandwidth,748,0.10476849915901942,0.012387659645240507,-0.22316592856152154,-0.14074407534776592,-0.082046454225474769,-0.032221391019373741,0.014134933460384778,0.060359821620829132,0.10972527298403051,0.16732043907514638,0.24638864846413808,0.679484569897989,2
distill:random-walk-price-change,synthetic-random-walk-price-change-2,TimesFM-zero-shot,748,0.10476849915901942,-0.015421504154801369,-0.017459351569414139,-0.23323450982570648,-0.15610919892787933,-0.10235818475484848,-0.057878788560628891,0.026444025337696075,0.070261731743812561,0.12338718771934509,0.19823339581489563,0.38797270141969808,2
distill:random-walk-price-change,synthetic-random-walk-price-change-2,TimesFM-laplace-qd,748,0.10476849915901942,-0.012797126546502113,-0.01570437103509903,-0.20271956920623779,-0.13345600664615631,-0.081673920154571533,-0.037286210805177689,0.011487174779176712,0.055668957531452179,0.10688304901123047,0.17457713186740875,0.43182401015694749,2
distill:random-walk-price-change,synthetic-random-walk-price-change-2,Laplace-q-fixed-bandwidth,749,-0.020204020468781225,-0.0066803253140230411,-0.23957605208707153,-0.15807866078252195,-0.10003853584366659,-0.050778302862760728,-0.0049534089245854224,0.040741323963427549,0.089546700860166167,0.1464967483463803,0.22468056099287836,0.87569854952319948,2
distill:random-walk-price-change,synthetic-random-walk-price-change-2,TimesFM-zero-shot,749,-0.020204020468781225,-0.011200722306966782,-0.013202962465584278,-0.22393041849136353,-0.14872941374778748,-0.096493735909461975,-0.053016282618045807,0.030046550557017326,0.073570534586906433,0.12631738185882568,0.20132982730865479,0.46056065550464997,2
distill:random-walk-price-change,synthetic-random-walk-price-change-2,TimesFM-laplace-qd,749,-0.020204020468781225,-0.013390338979661465,-0.015826083719730377,-0.20069259405136108,-0.13251136243343353,-0.08177715539932251,-0.037933483719825745,0.010822435840964317,0.054795801639556885,0.10613401234149933,0.17429348826408386,0.71050174850801784,2
distill:random-walk-price-change,synthetic-random-walk-price-change-2,Laplace-q-fixed-bandwidth,750,-0.061983123273936069,-0.0029279445520810918,-0.23223549752126388,-0.15196641668498428,-0.094808982181876306,-0.046318702397323955,-0.0012269271900726313,0.043736013074969035,0.091776843249740434,0.1478596089728505,0.22486699634768997,0.79586349915325294,2
distill:random-walk-price-change,synthetic-random-walk-price-change-2,TimesFM-zero-shot,750,-0.061983123273936069,-0.02213202603161335,-0.024508349597454071,-0.23291015625,-0.15825158357620239,-0.10656844079494476,-0.06348089873790741,0.01886332780122757,0.062001343816518784,0.11479014158248901,0.18865376710891724,0.48122816258764423,2
distill:random-walk-price-change,synthetic-random-walk-price-change-2,TimesFM-laplace-qd,750,-0.061983123273936069,-0.019272632896900177,-0.022170254960656166,-0.20225061476230621,-0.13555005192756653,-0.085886642336845398,-0.042991876602172852,0.0043114125728607178,0.047389734536409378,0.097949951887130737,0.16413632035255432,0.77734878137644481,2
distill:random-walk-price-change,synthetic-random-walk-price-change-2,Laplace-q-fixed-bandwidth,751,-0.22881911573165592,-0.0013164505184329086,-0.22756143797039818,-0.14834341881510427,-0.091939896905237586,-0.044105829086236545,0.00036218458037353421,0.04470254826337744,0.092091918711312004,0.1474341169958715,0.22343518579420341,-0.18136624777804644,2
distill:random-walk-price-change,synthetic-random-walk-price-change-2,TimesFM-zero-shot,751,-0.22881911573165592,-0.022829823195934296,-0.022618368268013,-0.2336256206035614,-0.15897113084793091,-0.10732509940862656,-0.06405264139175415,0.018055148422718048,0.060989417135715485,0.11349464952945709,0.1875743567943573,-0.92479916441973764,2
distill:random-walk-price-change,synthetic-random-walk-price-change-2,TimesFM-laplace-qd,751,-0.22881911573165592,-0.019296171143651009,-0.019609428942203522,-0.20244519412517548,-0.13572683930397034,-0.086076408624649048,-0.04295986145734787,0.0042170155793428421,0.047225326299667358,0.097729787230491638,0.16449357569217682,-1.6024682090923466,2
distill:random-walk-price-change,synthetic-random-walk-price-change-2,Laplace-q-fixed-bandwidth,752,-0.11293933720865112,0.0022212847106791835,-0.22735967358996312,-0.14701680920183852,-0.089791687151087957,-0.041236087696883465,0.0039210901276026666,0.048949570395191412,0.097056083149912764,0.15320712200126241,0.23029084207611364,0.54888274883771215,2
distill:random-walk-price-change,synthetic-random-walk-price-change-2,TimesFM-zero-shot,752,-0.11293933720865112,-0.020535174757242203,-0.020262371748685837,-0.23314774036407471,-0.15785700082778931,-0.10544722527265549,-0.061997026205062866,0.020783977583050728,0.063917137682437897,0.11658388376235962,0.19096995890140533,0.85343476527934192,2
distill:random-walk-price-change,synthetic-random-walk-price-change-2,TimesFM-laplace-qd,752,-0.11293933720865112,-0.017818901687860489,-0.018433747813105583,-0.20230080187320709,-0.13506267964839935,-0.084790974855422974,-0.041502311825752258,0.0060013663023710251,0.049062065780162811,0.099693112075328827,0.16661596298217773,0.96033968318554108,2
distill:random-walk-price-change,synthetic-random-walk-price-change-2,Laplace-q-fixed-bandwidth,753,-0.2363188837601502,-0.0057971576930797913,-0.23363715918632061,-0.15390820542483807,-0.097115473855933512,-0.048926765505861086,-0.0041114637485446552,0.04057613409222266,0.08831928749332664,0.14404663131340811,0.22054393167261677,-0.19749875770724068,2
distill:random-walk-price-change,synthetic-random-walk-price-change-2,TimesFM-zero-shot,753,-0.2363188837601502,-0.027964908629655838,-0.028878035023808479,-0.23722146451473236,-0.16322454810142517,-0.1115734875202179,-0.068785533308982849,0.012730836868286133,0.05522015318274498,0.10700418055057526,0.18008393049240112,-0.98811901826094983,2
distill:random-walk-price-change,synthetic-random-walk-price-change-2,TimesFM-laplace-qd,753,-0.2363188837601502,-0.023177599534392357,-0.024711107835173607,-0.20562015473842621,-0.1392461359500885,-0.089520916342735291,-0.046674773097038269,4.242919385433197e-05,0.042411621659994125,0.092177465558052063,0.15779207646846771,-1.7186453837779054,2
distill:random-walk-price-change,synthetic-random-walk-price-change-2,Laplace-q-fixed-bandwidth,754,0.14355809585156276,-0.0092621329721373734,-0.24053180453429091,-0.15964069161171407,-0.10200151506761394,-0.053073229739345848,-0.0075543207177380268,0.037835685731161278,0.086313595040582877,0.14287391663849913,0.22048964808400912,0.37026035395221379,2
distill:random-walk-price-change,synthetic-random-walk-price-change-2,TimesFM-zero-shot,754,0.14355809585156276,-0.024131465703248978,-0.023299742490053177,-0.23613272607326508,-0.16076453030109406,-0.10852067917585373,-0.065197467803955078,0.017096223309636116,0.060130715370178223,0.11240743845701218,0.18603765964508057,0.22361096276054693,2
distill:random-walk-price-change,synthetic-random-walk-price-change-2,TimesFM-laplace-qd,754,0.14355809585156276,-0.021095633506774902,-0.020414989441633224,-0.20645244419574738,-0.13888163864612579,-0.088405385613441467,-0.044889051467180252,0.0027572717517614365,0.045962944626808167,0.096336416900157928,0.16288210451602936,0.15218651812334949,2
distill:random-walk-price-change,synthetic-random-walk-price-change-2,Laplace-q-fixed-bandwidth,755,0.024803505791394231,-0.01725424260368652,-0.24777296657054401,-0.16715916487346752,-0.10970859678738631,-0.060934009644726249,-0.015553803309642802,0.029698149497005083,0.078024477747940885,0.13440085032758453,0.21175332643054232,0.85405230444880864,2
distill:random-walk-price-change,synthetic-random-walk-price-change-2,TimesFM-zero-shot,755,0.024803505791394231,-0.029761264100670815,-0.030951745808124542,-0.24302498996257782,-0.16768166422843933,-0.11527252197265625,-0.071477159857749939,0.01174551248550415,0.054899837821722031,0.10779643058776855,0.18248683214187622,0.47443982866935408,2
distill:random-walk-price-change,synthetic-random-walk-price-change-2,TimesFM-laplace-qd,755,0.024803505791394231,-0.025682281702756882,-0.026552267372608185,-0.21262601017951965,-0.14456568658351898,-0.093907445669174194,-0.049915514886379242,-0.0017500370740890503,0.041637759655714035,0.092840477824211121,0.16033123433589935,0.67575678122152416,2
distill:random-walk-price-change,synthetic-random-walk-price-change-2,Laplace-q-fixed-bandwidth,756,0.11029033939778965,-0.011650231932695041,-0.23877723912632229,-0.15932781189111517,-0.10271284636127073,-0.054664743995020644,-0.0099744039096153272,0.034589016702619324,0.082194165554923898,0.13774969235781828,0.21398689163263174,0.55378255105393537,2
distill:random-walk-price-change,synthetic-random-walk-price-change-2,TimesFM-zero-shot,756,0.11029033939778965,-0.028192522004246712,-0.029913002625107765,-0.24048572778701782,-0.16542474925518036,-0.1131816953420639,-0.069709807634353638,0.012815944850444794,0.055985156446695328,0.10813708603382111,0.18219085037708282,0.34205572772987392,2
distill:random-walk-price-change,synthetic-random-walk-price-change-2,TimesFM-laplace-qd,756,0.11029033939778965,-0.026208929717540741,-0.027716176584362984,-0.21057745814323425,-0.14353606104850769,-0.09345361590385437,-0.050202179700136185,-0.0027340538799762726,0.040586698800325394,0.090929880738258362,0.15775735676288605,0.32783131438106161,2
distill:random-walk-price-change,synthetic-random-walk-price-change-2,Laplace-q-fixed-bandwidth,757,0.24815852613591804,-0.01206797332343809,-0.23749780016319944,-0.15864697233759781,-0.10245364011001928,-0.054763138846768256,-0.010405871531894251,0.033825449668866553,0.081076452139049543,0.1362188242332725,0.2118841644770936,-0.38318427743123096,2
distill:random-walk-price-change,synthetic-random-walk-price-change-2,TimesFM-zero-shot,757,0.24815852613591804,-0.024117380380630493,-0.026354134082794189,-0.23545742034912109,-0.16095677018165588,-0.10869669914245605,-0.065640240907669067,0.016979297623038292,0.060307152569293976,0.11286485940217972,0.18740680813789368,-0.47753544422702754,2
distill:random-walk-price-change,synthetic-random-walk-price-change-2,TimesFM-laplace-qd,757,0.24815852613591804,-0.023648111149668694,-0.026178915053606033,-0.20934085547924042,-0.14191970229148865,-0.09119579941034317,-0.047797165811061859,0.00013656169176101685,0.043950125575065613,0.094864793121814728,0.16227784752845764,-0.7109380576944444,2
distill:random-walk-price-change,synthetic-random-walk-price-change-2,Laplace-q-fixed-bandwidth,758,0.023101794781970275,-0.011455352776885164,-0.2417926098304603,-0.16126540364111919,-0.10385788629197178,-0.055114162233766806,-0.0097604224507353253,0.035465397167846802,0.083762047940586323,0.14009841678779872,0.21737581092862435,0.86828907965330182,2
distill:random-walk-price-change,synthetic-random-walk-price-change-2,TimesFM-zero-shot,758,0.023101794781970275,-0.027228998020291328,-0.030858717858791351,-0.2451857328414917,-0.1680440753698349,-0.11448302865028381,-0.069971039891242981,0.015031876042485237,0.05956752598285675,0.11375564336776733,0.1901417076587677,0.4522110595613853,2
distill:random-walk-price-change,synthetic-random-walk-price-change-2,TimesFM-laplace-qd,758,0.023101794781970275,-0.027456007897853851,-0.031527645885944366,-0.21830004453659058,-0.14871802926063538,-0.097041957080364227,-0.052418261766433716,-0.0026878658682107925,0.042496316134929657,0.095171414315700531,0.16455395519733429,0.64765068296640593,2
distill:random-walk-price-change,synthetic-random-walk-price-change-2,Laplace-q-fixed-bandwidth,759,0.16768814868925608,-0.0032501993367974398,-0.23013059902564711,-0.15078864471178682,-0.09423253891285481,-0.046229788516443639,-0.0015801866384007558,0.042942828088514927,0.090503845556259066,0.14600373610938097,0.2221456467794562,0.25400235416941253,2
distill:random-walk-price-change,synthetic-random-walk-price-change-2,TimesFM-zero-shot,759,0.16768814868925608,-0.015598858706653118,-0.018223322927951813,-0.23098079860210419,-0.15485382080078125,-0.1018206924200058,-0.057670112699270248,0.025881782174110413,0.069227397441864014,0.12205688655376434,0.19722604751586914,0.13854847835088258,2
distill:random-walk-price-change,synthetic-random-walk-price-change-2,TimesFM-laplace-qd,759,0.16768814868925608,-0.015528440475463867,-0.019013985991477966,-0.20255813002586365,-0.13434422016143799,-0.08362261950969696,-0.039696190506219864,0.0086513590067625046,0.052231203764677048,0.10326941311359406,0.1709023118019104,0.022178628658485744,2
distill:random-walk-price-change,synthetic-random-walk-price-change-2,Laplace-q-fixed-bandwidth,760,0.033200368843393058,-0.0046349634298938182,-0.23161680860037637,-0.15226139830556606,-0.095683774096082558,-0.047651516552181999,-0.0029664338106190416,0.041592394904896843,0.089183770340892032,0.14470630206460755,0.22086404541898391,0.87639413669658794,2
distill:random-walk-price-change,synthetic-random-walk-price-change-2,TimesFM-zero-shot,760,0.033200368843393058,-0.011514531448483467,-0.014403799548745155,-0.22143808007240295,-0.1473253071308136,-0.095275953412055969,-0.052740097045898438,0.028906868770718575,0.071610450744628906,0.12323738634586334,0.19677086174488068,0.49575128369875432,2
distill:random-walk-price-change,synthetic-random-walk-price-change-2,TimesFM-laplace-qd,760,0.033200368843393058,-0.01238718070089817,-0.016468090936541557,-0.19759823381900787,-0.13015682995319366,-0.079515039920806885,-0.036534734070301056,0.011531829833984375,0.055047616362571716,0.10566048324108124,0.17269521951675415,0.69167247726747028,2
distill:random-walk-price-change,synthetic-random-walk-price-change-2,Laplace-q-fixed-bandwidth,761,-0.041473682722184657,0.00038265149083950843,-0.22321848681196538,-0.14501934478943923,-0.089273587327754228,-0.041967086474418228,0.002027014489655421,0.045896108796980542,0.092766804506808645,0.14747189417596457,0.22252179743354122,0.86649045942372194,2
distill:random-walk-price-change,synthetic-random-walk-price-change-2,TimesFM-zero-shot,761,-0.041473682722184657,-0.0084191858768463135,-0.010873062536120415,-0.21724624931812286,-0.14323589205741882,-0.091428071260452271,-0.049089096486568451,0.031837865710258484,0.074471712112426758,0.12556809186935425,0.19825184345245361,0.48892309141953327,2
distill:random-walk-price-change,synthetic-random-walk-price-change-2,TimesFM-laplace-qd,761,-0.041473682722184657,-0.0077493824064731598,-0.011538354679942131,-0.19121205806732178,-0.12420643866062164,-0.073923155665397644,-0.031177222728729248,0.015663310885429382,0.058977764099836349,0.10876525938510895,0.17483709752559662,0.75751321155615536,2
distill:random-walk-price-change,synthetic-random-walk-price-change-2,Laplace-q-fixed-bandwidth,762,-0.0018487733680701002,0.0010968583163744636,-0.2192854422693773,-0.14218348168771194,-0.087228595354144345,-0.040614569983765655,0.0027184206682809102,0.04592751849050504,0.092110376952062478,0.14603810843672826,0.22003675093003505,0.93774750228062453,2
distill:random-walk-price-change,synthetic-random-walk-price-change-2,TimesFM-zero-shot,762,-0.0018487733680701002,-0.010708153247833252,-0.01118038222193718,-0.2161676287651062,-0.14359568059444427,-0.093041837215423584,-0.050936896353960037,0.029271222651004791,0.07102261483669281,0.1220412403345108,0.19459064304828644,0.50351235250862558,2
distill:random-walk-price-change,synthetic-random-walk-price-change-2,TimesFM-laplace-qd,762,-0.0018487733680701002,-0.008859771303832531,-0.010596907697618008,-0.1888299435377121,-0.12331530451774597,-0.074364319443702698,-0.031951829791069031,0.01443345844745636,0.056804273277521133,0.106501504778862,0.17245976626873016,0.75210332519907008,2
distill:random-walk-price-change,synthetic-random-walk-price-change-2,Laplace-q-fixed-bandwidth,763,-0.026672308262061462,-0.00052360001073839383,-0.21744232001253078,-0.14150618357645872,-0.087398069687921159,-0.041534878624641322,0.0010744130586220297,0.043560708420813388,0.088996956497225915,0.14209152912385237,0.2149725994085121,0.92930858304325525,2
distill:random-walk-price-change,synthetic-random-walk-price-change-2,TimesFM-zero-shot,763,-0.026672308262061462,-0.0084084430709481239,-0.008713800460100174,-0.21578672528266907,-0.14228624105453491,-0.09130626916885376,-0.048837043344974518,0.031598765403032303,0.073579326272010803,0.12502601742744446,0.19755080342292786,0.48769220759841647,2
distill:random-walk-price-change,synthetic-random-walk-price-change-2,TimesFM-laplace-qd,763,-0.026672308262061462,-0.0065060500055551529,-0.0080930823460221291,-0.18772493302822113,-0.12134146690368652,-0.072056367993354797,-0.029374297708272934,0.016719907522201538,0.059076610952615738,0.1088254451751709,0.17434456944465637,0.75263988010551919,2
distill:random-walk-price-change,synthetic-random-walk-price-change-2,Laplace-q-fixed-bandwidth,764,-0.0629329406140966,-0.00036976072340790439,-0.21397591342910757,-0.13914717642454655,-0.085846654565731123,-0.040704575543022384,0.0012061692491621393,0.042994629262367454,0.087713417491808193,0.14001295687571727,0.211832331670922,0.83989361607008273,2
distill:random-walk-price-change,synthetic-random-walk-price-change-2,TimesFM-zero-shot,764,-0.0629329406140966,-0.013680968433618546,-0.014592612162232399,-0.22187726199626923,-0.14831578731536865,-0.096784278750419617,-0.054427370429039001,0.026056993752717972,0.068123564124107361,0.11873802542686462,0.19079816341400146,0.53281896182767707,2
distill:random-walk-price-change,synthetic-random-walk-price-change-2,TimesFM-laplace-qd,764,-0.0629329406140966,-0.011965038254857063,-0.014973219484090805,-0.19459497928619385,-0.1280946284532547,-0.078078798949718475,-0.035391613841056824,0.010909033939242363,0.05351252481341362,0.10246995091438293,0.16753937304019928,0.81987420888463269,2
distill:random-walk-price-change,synthetic-random-walk-price-change-2,Laplace-q-fixed-bandwidth,765,0.07547881683045965,-0.00063608015350186174,-0.21147608891729769,-0.13757838499131048,-0.084953953284876288,-0.040411702498235648,0.00092090828181445861,0.042131967071064209,0.086254320000132251,0.13788867207132033,0.20881586087601894,0.82055417565054012,2
distill:random-walk-price-change,synthetic-random-walk-price-change-2,TimesFM-zero-shot,765,0.07547881683045965,-0.0060473065823316574,-0.0057536028325557709,-0.2032414972782135,-0.13359338045120239,-0.084664702415466309,-0.04464421421289444,0.03189767524600029,0.072481743991374969,0.12096020579338074,0.19060626626014709,0.5269565408802015,2
distill:random-walk-price-change,synthetic-random-walk-price-change-2,TimesFM-laplace-qd,765,0.07547881683045965,-0.0048866886645555496,-0.0059549789875745773,-0.17840512096881866,-0.11508680135011673,-0.067555755376815796,-0.027021974325180054,0.017067864537239075,0.058073222637176514,0.10508817434310913,0.16809624433517456,0.64309395797594604,2
distill:random-walk-price-change,synthetic-random-walk-price-change-2,Laplace-q-fixed-bandwidth,766,-0.17427310693930709,-0.0036685221115019778,-0.21192596790520124,-0.13889752032154035,-0.086904314632822124,-0.042922137487741915,-0.0021292575446083136,0.038542764701884252,0.082108225447980424,0.13312154046385302,0.20321582135907484,0.19206109112597547,2
distill:random-walk-price-change,synthetic-random-walk-price-change-2,TimesFM-zero-shot,766,-0.17427310693930709,-0.0054300520569086075,-0.0062783956527709961,-0.20358040928840637,-0.13398170471191406,-0.084985464811325073,-0.044570185244083405,0.032880768179893494,0.073481693863868713,0.12311478704214096,0.19413968920707703,-0.21890402625899674,2
distill:random-walk-price-change,synthetic-random-walk-price-change-2,TimesFM-laplace-qd,766,-0.17427310693930709,-0.0068206680007278919,-0.0083827190101146698,-0.17947295308113098,-0.11663345992565155,-0.069624736905097961,-0.029108442366123199,0.014987565577030182,0.055448293685913086,0.1030883714556694,0.16645488142967224,-0.6446660908307007,2
distill:random-walk-price-change,synthetic-random-walk-price-change-2,Laplace-q-fixed-bandwidth,767,-0.0094902258371456494,0.001604072963282557,-0.20769131484694342,-0.13435493177087526,-0.082116798443091499,-0.037893964767091899,0.0031468592756722863,0.044067302460461887,0.087874166022961608,0.13913117489431553,0.2095244533993158,0.98582201068850583,2
distill:random-walk-price-change,synthetic-random-walk-price-change-2,TimesFM-zero-shot,767,-0.0094902258371456494,-0.0087145799770951271,-0.008543817326426506,-0.21166743338108063,-0.14019772410392761,-0.090120315551757812,-0.048351041972637177,0.03043363057076931,0.071333691477775574,0.12150382995605469,0.19239057600498199,0.51598725867432682,2
distill:random-walk-price-change,synthetic-random-walk-price-change-2,TimesFM-laplace-qd,767,-0.0094902258371456494,-0.0086724273860454559,-0.0096682757139205933,-0.18661859631538391,-0.12195144593715668,-0.073450043797492981,-0.031518921256065369,0.014023100957274437,0.0554218590259552,0.10394435375928879,0.16797535121440887,0.77027240337692193,2
distill:seasonal-ar-economic,synthetic-seasonal-ar-economic-5,Laplace-q-fixed-bandwidth,704,1.3114876146022354,1.520588312981022,0.59407714510053777,0.95529049302073199,1.1881145155871677,1.3656668172156565,1.5218241239188699,1.6776422095840715,1.8539774306931132,2.0839685831361479,2.438119200634107,-0.48760965782678278,2
distill:seasonal-ar-economic,synthetic-seasonal-ar-economic-5,TimesFM-zero-shot,704,1.3114876146022354,1.6503751277923584,1.59267258644104,0.76994365453720093,1.1078140735626221,1.3357285261154175,1.4981580972671509,1.7869397401809692,1.9284700155258179,2.101088285446167,2.3681859970092773,-0.69614405404386703,2
distill:seasonal-ar-economic,synthetic-seasonal-ar-economic-5,TimesFM-laplace-qd,704,1.3114876146022354,1.7141144275665283,1.5980732440948486,0.96292811632156372,1.2695986032485962,1.4959563016891479,1.6731210947036743,1.7511184215545654,1.913390040397644,2.0911591053009033,2.3343949317932129,-0.7884115608665323,2
distill:seasonal-ar-economic,synthetic-seasonal-ar-economic-5,Laplace-q-fixed-bandwidth,705,1.3479956256681631,1.0542991738676009,0.15446565757554348,0.51047150586157786,0.73580177477647735,0.90608706021515761,1.0555530787202096,1.204692414137531,1.3737899098995618,1.5962712693021976,1.9451394707746932,-0.55369453607532804,2
distill:seasonal-ar-economic,synthetic-seasonal-ar-economic-5,TimesFM-zero-shot,705,1.3479956256681631,1.120105504989624,1.0478038787841797,0.21875113248825073,0.55968970060348511,0.78723466396331787,0.95209944248199463,1.2640458345413208,1.4131147861480713,1.586172342300415,1.8438538312911987,-0.75123974851761499,2
distill:seasonal-ar-economic,synthetic-seasonal-ar-economic-5,TimesFM-laplace-qd,705,1.3479956256681631,1.1533403396606445,1.0253843069076538,0.37859195470809937,0.69226253032684326,0.92064976692199707,1.1010215282440186,1.197813868522644,1.3679276704788208,1.5488519668579102,1.784693717956543,-0.51631845162344381,2
distill:seasonal-ar-economic,synthetic-seasonal-ar-economic-5,Laplace-q-fixed-bandwidth,706,-0.47567956563602487,1.0955076680710933,0.21819818106254285,0.56915893841702825,0.7880779433401861,0.95254397306053473,1.0967677528709689,1.2406764942925461,1.403986567565283,1.6200666207196921,1.963841973427213,-2.9201111927979455,2
distill:seasonal-ar-economic,synthetic-seasonal-ar-economic-5,TimesFM-zero-shot,706,-0.47567956563602487,0.95478081703186035,0.86972558498382568,-0.0014961957931518555,0.35718473792076111,0.59980380535125732,0.7813761830329895,1.1105217933654785,1.2629561424255371,1.4417403936386108,1.7151980400085449,-5.0352754974356593,2
distill:seasonal-ar-economic,synthetic-seasonal-ar-economic-5,TimesFM-laplace-qd,706,-0.47567956563602487,1.1277227401733398,0.94784438610076904,0.29806691408157349,0.63522237539291382,0.87725430727005005,1.069878101348877,1.1860982179641724,1.3609390258789062,1.5528901815414429,1.8096534013748169,-7.1009651529620017,2
distill:seasonal-ar-economic,synthetic-seasonal-ar-economic-5,Laplace-q-fixed-bandwidth,707,-0.47437878556239871,-0.40531157988520622,-1.3667521097573188,-0.99096909962814539,-0.74876275970839457,-0.56409892252153515,-0.40188670030985679,-0.24022240499000352,-0.057519113640059932,0.1801506592839241,0.54457199571940029,-0.42839873324268196,2
distill:seasonal-ar-economic,synthetic-seasonal-ar-economic-5,TimesFM-zero-shot,707,-0.47437878556239871,-0.37634974718093872,-0.43286144733428955,-1.2938346862792969,-0.95742213726043701,-0.72456866502761841,-0.55128586292266846,-0.21239730715751648,-0.053237259387969971,0.13851118087768555,0.42611286044120789,-0.91797988847719836,2
distill:seasonal-ar-economic,synthetic-seasonal-ar-economic-5,TimesFM-laplace-qd,707,-0.47437878556239871,-0.46864426136016846,-0.56433737277984619,-1.2152726650238037,-0.9204704761505127,-0.69758915901184082,-0.52484852075576782,-0.40161830186843872,-0.2280229926109314,-0.02453884482383728,0.23230379819869995,-0.50465999900745206,2
distill:seasonal-ar-economic,synthetic-seasonal-ar-economic-5,Laplace-q-fixed-bandwidth,708,-1.0217817078454852,-0.38328023475648182,-1.3125015521519423,-0.94239911574947643,-0.70928468199345374,-0.53366897133032176,-0.37982934993998996,-0.22651483644362772,-0.052810604726832355,0.17570958801543232,0.53425519214388673,-1.2079873032068653,2
distill:seasonal-ar-economic,synthetic-seasonal-ar-economic-5,TimesFM-zero-shot,708,-1.0217817078454852,-0.55654442310333252,-0.57887357473373413,-1.3575417995452881,-1.0598564147949219,-0.85913842916488647,-0.71344733238220215,-0.40069448947906494,-0.24337068200111389,-0.054983898997306824,0.22679810225963593,-0.52749927506851868,2
distill:seasonal-ar-economic,synthetic-seasonal-ar-economic-5,TimesFM-laplace-qd,708,-1.0217817078454852,-0.45793348550796509,-0.52094018459320068,-1.1631026268005371,-0.89016443490982056,-0.6782994270324707,-0.51614993810653687,-0.38094896078109741,-0.2050362229347229,0.0015321969985961914,0.27644011378288269,-1.1401118001426251,2
distill:seasonal-ar-economic,synthetic-seasonal-ar-economic-5,Laplace-q-fixed-bandwidth,709,-1.2557142193129118,-0.82849393228002199,-1.7615561547519434,-1.3928617652731761,-1.1583246620560617,-0.98078549929475245,-0.82509978950504048,-0.66994141207238167,-0.49430864364603255,-0.26428054182955368,0.093112852204913985,-0.80223976513463024,2
distill:seasonal-ar-economic,synthetic-seasonal-ar-economic-5,TimesFM-zero-shot,709,-1.2557142193129118,-1.045448899269104,-1.0388110876083374,-1.7657274007797241,-1.4994478225708008,-1.3271470069885254,-1.1964801549911499,-0.89576023817062378,-0.74046117067337036,-0.5523526668548584,-0.27313536405563354,-0.60988714913880404,2
distill:seasonal-ar-economic,synthetic-seasonal-ar-economic-5,TimesFM-laplace-qd,709,-1.2557142193129118,-1.0045441389083862,-1.0107139348983765,-1.6561384201049805,-1.4023438692092896,-1.2130775451660156,-1.0628136396408081,-0.93572181463241577,-0.75867676734924316,-0.54455500841140747,-0.26471096277236938,-0.35777141187804817,2
distill:seasonal-ar-economic,synthetic-seasonal-ar-economic-5,Laplace-q-fixed-bandwidth,710,-2.0057766567101378,-1.0165722273353794,-1.9368274114771047,-1.5719221931864125,-1.3408118068246,-1.1662328804630715,-1.0132056383119896,-0.86069606344292038,-0.68799450695989983,-0.46135742305007993,-0.1076806136408768,-1.8544436189589244,2
distill:seasonal-ar-economic,synthetic-seasonal-ar-economic-5,TimesFM-zero-shot,710,-2.0057766567101378,-1.1704056262969971,-1.13100266456604,-1.8359177112579346,-1.5821799039840698,-1.4237698316574097,-1.3076010942459106,-1.0366767644882202,-0.88789838552474976,-0.6922461986541748,-0.40591937303543091,-3.2522376478543737,2
distill:seasonal-ar-economic,synthetic-seasonal-ar-economic-5,TimesFM-laplace-qd,710,-2.0057766567101378,-1.0893570184707642,-1.0284335613250732,-1.7244873046875,-1.4733314514160156,-1.2884876728057861,-1.1433620452880859,-1.0224419832229614,-0.83831530809402466,-0.60922569036483765,-0.30915188789367676,-4.4293522870571618,2
distill:seasonal-ar-economic,synthetic-seasonal-ar-economic-5,Laplace-q-fixed-bandwidth,711,-1.8766180458110211,-1.6478135649065453,-2.5980455830860274,-2.2288072616933414,-1.9892284983105237,-1.80581783863542,-1.6445080236201166,-1.4837328044841871,-1.3022247025122353,-1.0670034494565388,-0.70868542451511829,-0.53435814670437942,2
distill:seasonal-ar-economic,synthetic-seasonal-ar-economic-5,TimesFM-zero-shot,711,-1.8766180458110211,-1.7153358459472656,-1.7053838968276978,-2.4787542819976807,-2.1882867813110352,-2.0156004428863525,-1.8772151470184326,-1.5766046047210693,-1.4125206470489502,-1.1982536315917969,-0.90204149484634399,-0.74988421454569432,2
distill:seasonal-ar-economic,synthetic-seasonal-ar-economic-5,TimesFM-laplace-qd,711,-1.8766180458110211,-1.7297437191009521,-1.7072609663009644,-2.4471843242645264,-2.1629905700683594,-1.9681637287139893,-1.8000047206878662,-1.664898157119751,-1.4708385467529297,-1.2265911102294922,-0.91186255216598511,-0.51390127450333978,2
distill:seasonal-ar-economic,synthetic-seasonal-ar-economic-5,Laplace-q-fixed-bandwidth,712,-1.6970455605996191,-1.5387201585257724,-2.4637554081542223,-2.0994143627178161,-1.8667443711485279,-1.6902546980603794,-1.5354046652019837,-1.381072964905105,-1.2064520205197293,-0.97817566466843187,-0.62483370886280865,-0.43838969166535957,2
distill:seasonal-ar-economic,synthetic-seasonal-ar-economic-5,TimesFM-zero-shot,712,-1.6970455605996191,-1.5865868330001831,-1.5566436052322388,-2.353243350982666,-2.0665862560272217,-1.8919696807861328,-1.7440491914749146,-1.4420264959335327,-1.2714784145355225,-1.054608941078186,-0.752677321434021,-0.8210887507349478,2
distill:seasonal-ar-economic,synthetic-seasonal-ar-economic-5,TimesFM-laplace-qd,712,-1.6970455605996191,-1.6161328554153442,-1.5212776660919189,-2.268437385559082,-2.0128626823425293,-1.8338664770126343,-1.6710989475250244,-1.5584526062011719,-1.3694126605987549,-1.1360927820205688,-0.83434450626373291,-0.48029459884753112,2
distill:seasonal-ar-economic,synthetic-seasonal-ar-economic-5,Laplace-q-fixed-bandwidth,713,-1.3683276076206274,-1.3958830936101239,-2.2916172674435535,-1.9328399623875516,-1.7085394323072498,-1.5400744027436739,-1.3925542641098774,-1.245530538584007,-1.0788814862461626,-0.85900191290056971,-0.51139428816057753,-0.32475222664578807,2
distill:seasonal-ar-economic,synthetic-seasonal-ar-economic-5,TimesFM-zero-shot,713,-1.3683276076206274,-1.330243706703186,-1.3070464134216309,-2.0616455078125,-1.7911672592163086,-1.6284011602401733,-1.4809560775756836,-1.1861933469772339,-1.0368103981018066,-0.84039402008056641,-0.54214197397232056,-0.79444247472525453,2
distill:seasonal-ar-economic,synthetic-seasonal-ar-economic-5,TimesFM-laplace-qd,713,-1.3683276076206274,-1.3838686943054199,-1.2766069173812866,-2.0296924114227295,-1.7785834074020386,-1.6085419654846191,-1.4449294805526733,-1.3281451463699341,-1.1557842493057251,-0.94117468595504761,-0.65585720539093018,-0.49107239369979028,2
distill:seasonal-ar-economic,synthetic-seasonal-ar-economic-5,Laplace-q-fixed-bandwidth,714,-1.4532859036312682,-1.1241983141193297,-1.9854107721969068,-1.6334281131506923,-1.4194032645956667,-1.2601646087556695,-1.1208573327870237,-0.98201742128616021,-0.82451432834838756,-0.61490133189256668,-0.2743844059348659,-0.60080434597154087,2
distill:seasonal-ar-economic,synthetic-seasonal-ar-economic-5,TimesFM-zero-shot,714,-1.4532859036312682,-1.1278196573257446,-1.1332830190658569,-1.9456841945648193,-1.6411833763122559,-1.46208655834198,-1.2920345067977905,-0.96502923965454102,-0.79801768064498901,-0.57807064056396484,-0.27126124501228333,-0.54573695483832307,2
distill:seasonal-ar-economic,synthetic-seasonal-ar-economic-5,TimesFM-laplace-qd,714,-1.4532859036312682,-1.180012583732605,-1.0802117586135864,-1.8975242376327515,-1.6247082948684692,-1.4366536140441895,-1.2523624897003174,-1.122477650642395,-0.94002240896224976,-0.70724743604660034,-0.42170214653015137,-0.26055076739680583,2
distill:seasonal-ar-economic,synthetic-seasonal-ar-economic-5,Laplace-q-fixed-bandwidth,715,-1.1671055952528946,-1.2050745791893085,-2.0471632156317674,-1.7003274327420539,-1.4918213342025726,-1.3371133120570424,-1.2017582941867189,-1.0668545923887218,-0.91383090925199917,-0.70967864285208226,-0.37435076171411796,-0.24364923575042186,2
distill:seasonal-ar-economic,synthetic-seasonal-ar-economic-5,TimesFM-zero-shot,715,-1.1671055952528946,-1.1713364124298096,-1.1736478805541992,-2.0392856597900391,-1.7139260768890381,-1.5174698829650879,-1.3383660316467285,-0.99576938152313232,-0.82355391979217529,-0.58990275859832764,-0.2642015814781189,-0.95146930416128339,2
distill:seasonal-ar-economic,synthetic-seasonal-ar-economic-5,TimesFM-laplace-qd,715,-1.1671055952528946,-1.2857604026794434,-1.174699068069458,-2.0493171215057373,-1.7605452537536621,-1.5657552480697632,-1.3693884611129761,-1.2227849960327148,-1.0316287279129028,-0.78434604406356812,-0.48289194703102112,-0.70073501337239952,2
distill:seasonal-ar-economic,synthetic-seasonal-ar-economic-5,Laplace-q-fixed-bandwidth,716,-1.1299552255892165,-0.96554378337649382,-1.7709887781068265,-1.4329354783529591,-1.2356011665566378,-1.0898702089864787,-0.96223727773464762,-0.83502297408945414,-0.69087052394484838,-0.49778091342542452,-0.17159568683478182,-0.29212989128433065,2
distill:seasonal-ar-economic,synthetic-seasonal-ar-economic-5,TimesFM-zero-shot,716,-1.1299552255892165,-0.93296247720718384,-0.92850697040557861,-1.7691011428833008,-1.4550690650939941,-1.2564699649810791,-1.0864393711090088,-0.7644343376159668,-0.59903484582901001,-0.38204193115234375,-0.060976151376962662,-0.83215714361182425,2
distill:seasonal-ar-economic,synthetic-seasonal-ar-economic-5,TimesFM-laplace-qd,716,-1.1299552255892165,-1.0185582637786865,-0.91764235496520996,-1.7965495586395264,-1.5003588199615479,-1.2927889823913574,-1.0985701084136963,-0.9570123553276062,-0.77086335420608521,-0.53771978616714478,-0.24558965861797333,-0.62291698095826686,2
distill:seasonal-ar-economic,synthetic-seasonal-ar-economic-5,Laplace-q-fixed-bandwidth,717,-1.3458778237080486,-0.94028192936517818,-1.7134814912728007,-1.384581361759748,-1.1969187804938988,-1.0584704212377141,-0.93700494442132354,-0.81593006494506759,-0.67896279082461453,-0.49539162563396522,-0.17861542577693734,-0.74911566860862133,2
distill:seasonal-ar-economic,synthetic-seasonal-ar-economic-5,TimesFM-zero-shot,717,-1.3458778237080486,-0.86838018894195557,-0.85595488548278809,-1.6429470777511597,-1.3466595411300659,-1.1651202440261841,-1.0042381286621094,-0.71606308221817017,-0.57083696126937866,-0.36237853765487671,-0.050377745181322098,-0.51210091637467148,2
distill:seasonal-ar-economic,synthetic-seasonal-ar-economic-5,TimesFM-laplace-qd,717,-1.3458778237080486,-0.96719175577163696,-0.83844667673110962,-1.6667265892028809,-1.3976272344589233,-1.2068182229995728,-1.0267192125320435,-0.92602282762527466,-0.76191657781600952,-0.54129654169082642,-0.25713744759559631,-0.26623212083565251,2
distill:seasonal-ar-economic,synthetic-seasonal-ar-economic-5,Laplace-q-fixed-bandwidth,718,-1.0536318194305445,-1.1272717984430991,-1.8918338645030994,-1.5664777466992659,-1.3809944454819201,-1.2441304941280387,-1.1240351022652253,-1.0043242187617314,-0.86891843099952903,-0.68746720162343444,-0.37409713591793797,-0.14117245059379835,2
distill:seasonal-ar-economic,synthetic-seasonal-ar-economic-5,TimesFM-zero-shot,718,-1.0536318194305445,-0.86027067899703979,-0.84011310338973999,-1.666154146194458,-1.3694655895233154,-1.1692626476287842,-1.0051091909408569,-0.69848698377609253,-0.54357260465621948,-0.33067166805267334,-0.0021109031513333321,-0.77494394409876777,2
distill:seasonal-ar-economic,synthetic-seasonal-ar-economic-5,TimesFM-laplace-qd,718,-1.0536318194305445,-1.0727798938751221,-0.93304675817489624,-1.7993108034133911,-1.5218069553375244,-1.320473313331604,-1.1401654481887817,-1.0275804996490479,-0.85561114549636841,-0.63011348247528076,-0.32896631956100464,-0.51729386420485746,2
distill:seasonal-ar-economic,synthetic-seasonal-ar-economic-5,Laplace-q-fixed-bandwidth,719,-0.50874327113019135,-0.88091828777173575,-1.6078067543158725,-1.2944645998518705,-1.1200949383649861,-0.99117724157936282,-0.87772437712684948,-0.76462447547585166,-0.63705022500947794,-0.46648749284327085,-0.16540809918491395,-0.62976117099195239,2
distill:seasonal-ar-economic,synthetic-seasonal-ar-economic-5,TimesFM-zero-shot,719,-0.50874327113019135,-0.7612602710723877,-0.72565722465515137,-1.5664170980453491,-1.2607977390289307,-1.0637308359146118,-0.91250348091125488,-0.60718190670013428,-0.4447273313999176,-0.21753878891468048,0.11227075755596161,-0.90776439892127359,2
distill:seasonal-ar-economic,synthetic-seasonal-ar-economic-5,TimesFM-laplace-qd,719,-0.50874327113019135,-0.81468772888183594,-0.6952974796295166,-1.536507248878479,-1.2553310394287109,-1.0521078109741211,-0.87637150287628174,-0.77572166919708252,-0.61014962196350098,-0.39617839455604553,-0.11581505089998245,-0.78892878004288858,2
distill:seasonal-ar-economic,synthetic-seasonal-ar-economic-5,Laplace-q-fixed-bandwidth,720,0.069346035897520253,-0.42549499947838959,-1.1408109752698741,-0.83206704462303482,-0.66072389240545926,-0.53395945634552722,-0.42234376950739222,-0.3110727838096336,-0.1856205897996836,-0.018005272185455501,0.27858939108674124,-0.97314004282351685,2
distill:seasonal-ar-economic,synthetic-seasonal-ar-economic-5,TimesFM-zero-shot,720,0.069346035897520253,-0.23709456622600555,-0.23937179148197174,-1.0528383255004883,-0.75476109981536865,-0.55514073371887207,-0.39139285683631897,-0.084881074726581573,0.065187379717826843,0.26930975914001465,0.57474601268768311,-0.86164569512907985,2
distill:seasonal-ar-economic,synthetic-seasonal-ar-economic-5,TimesFM-laplace-qd,720,0.069346035897520253,-0.31779304146766663,-0.22655531764030457,-1.0577419996261597,-0.77506041526794434,-0.56290841102600098,-0.38501417636871338,-0.27725917100906372,-0.12586557865142822,0.071544624865055084,0.3373679518699646,-0.89696890500248783,2
distill:seasonal-ar-economic,synthetic-seasonal-ar-economic-5,Laplace-q-fixed-bandwidth,721,-0.73626498010046637,0.053067060491446334,-0.66631855407199281,-0.35707280070376168,-0.1841021630497191,-0.056261021246866841,0.056185218460876207,0.16828205682065456,0.29479425186869757,0.46401684199568405,0.76139270987710106,-1.7323631591419972,2
distill:seasonal-ar-economic,synthetic-seasonal-ar-economic-5,TimesFM-zero-shot,721,-0.73626498010046637,0.34062319993972778,0.37466204166412354,-0.45188629627227783,-0.15637832880020142,0.045061197131872177,0.2038632333278656,0.48149129748344421,0.61157369613647461,0.79143548011779785,1.0782102346420288,-4.1620171506636154,2
distill:seasonal-ar-economic,synthetic-seasonal-ar-economic-5,TimesFM-laplace-qd,721,-0.73626498010046637,0.24216845631599426,0.36595568060874939,-0.45784348249435425,-0.19269323348999023,0.017548335716128349,0.18913388252258301,0.2739027738571167,0.40704545378684998,0.58010190725326538,0.82597637176513672,-5.0603918876604261,2
distill:seasonal-ar-economic,synthetic-seasonal-ar-economic-5,Laplace-q-fixed-bandwidth,722,-0.51296731229383186,-0.62459098580909433,-1.3796694049565073,-1.060620507095885,-0.87654882180618121,-0.74064423991197614,-0.62148332856489485,-0.50270232840840356,-0.36823455004392985,-0.18808355217574169,0.11966520308860565,-0.16200373156601655,2
distill:seasonal-ar-economic,synthetic-seasonal-ar-economic-5,TimesFM-zero-shot,722,-0.51296731229383186,-0.20284532010555267,-0.18187142908573151,-1.1429029703140259,-0.79053688049316406,-0.55428332090377808,-0.3710971474647522,-0.028429999947547913,0.13531558215618134,0.36242973804473877,0.70016151666641235,-0.76727512204810311,2
distill:seasonal-ar-economic,synthetic-seasonal-ar-economic-5,TimesFM-laplace-qd,722,-0.51296731229383186,-0.46101251244544983,-0.38882756233215332,-1.2507767677307129,-0.94618827104568481,-0.72061073780059814,-0.53084707260131836,-0.40696752071380615,-0.24059797823429108,-0.03565094992518425,0.24210146069526672,-0.53095835178926243,2
distill:seasonal-ar-economic,synthetic-seasonal-ar-economic-5,Laplace-q-fixed-bandwidth,723,-0.33087182730038239,-0.43300249072588826,-1.1535088639523119,-0.84487336265640112,-0.67110720538883006,-0.5427468943449969,-0.42992904208537508,-0.31746199206180781,-0.19043474760276069,-0.020404560694487185,0.2766597429520149,-0.10358768098415427,2
distill:seasonal-ar-economic,synthetic-seasonal-ar-economic-5,TimesFM-zero-shot,723,-0.33087182730038239,-0.2263806164264679,-0.18271055817604065,-1.0728355646133423,-0.75837379693984985,-0.54713571071624756,-0.37429988384246826,-0.072248637676239014,0.077950827777385712,0.28616952896118164,0.620452880859375,-0.84301731043516814,2
distill:seasonal-ar-economic,synthetic-seasonal-ar-economic-5,TimesFM-laplace-qd,723,-0.33087182730038239,-0.36965924501419067,-0.31380021572113037,-1.0485292673110962,-0.7878800630569458,-0.59288954734802246,-0.42244738340377808,-0.32708197832107544,-0.17335027456283569,0.010762918740510941,0.27580684423446655,-0.39416689190625975,2
distill:seasonal-ar-economic,synthetic-seasonal-ar-economic-5,Laplace-q-fixed-bandwidth,724,0.41407067453943774,-0.28438983616788066,-0.96940624042568357,-0.67294430951896356,-0.50942111990416716,-0.38822080649206014,-0.28136434819428952,-0.17483038738424911,-0.054858137990916572,0.10515715433609411,0.38985826923855632,-1.5382949918593758,2
distill:seasonal-ar-economic,synthetic-seasonal-ar-economic-5,TimesFM-zero-shot,724,0.41407067453943774,-0.036215309053659439,-0.006608886644244194,-0.8781278133392334,-0.57255840301513672,-0.36012309789657593,-0.18787559866905212,0.1221504881978035,0.27629274129867554,0.48769861459732056,0.82603204250335693,-0.98642775141987959,2
distill:seasonal-ar-economic,synthetic-seasonal-ar-economic-5,TimesFM-laplace-qd,724,0.41407067453943774,-0.19371476769447327,-0.15462945401668549,-0.89258980751037598,-0.62457060813903809,-0.41968297958374023,-0.2460237443447113,-0.1477159708738327,0.011563564650714397,0.20047716796398163,0.46636208891868591,-1.3319249599271774,2
distill:seasonal-ar-economic,synthetic-seasonal-ar-economic-5,Laplace-q-fixed-bandwidth,725,0.57790071445573066,0.33494199552684822,-0.37922980768542658,-0.073823059765939669,0.098636393376125203,0.22602513144028041,0.33796122997917166,0.44955054721660359,0.57562214712781912,0.74440093714110445,1.0385108261343974,-0.31452402529187418,2
distill:seasonal-ar-economic,synthetic-seasonal-ar-economic-5,TimesFM-zero-shot,725,0.57790071445573066,0.55819880962371826,0.57222831249237061,-0.30539488792419434,0.0062906090170145035,0.2273818701505661,0.40077769756317139,0.7193838357925415,0.87404716014862061,1.0665434598922729,1.3887145519256592,-0.85617099565114541,2
distill:seasonal-ar-economic,synthetic-seasonal-ar-economic-5,TimesFM-laplace-qd,725,0.57790071445573066,0.57428991794586182,0.58191776275634766,-0.13159085810184479,0.14174291491508484,0.35648795962333679,0.52528113126754761,0.62660706043243408,0.78295660018920898,0.95834016799926758,1.2115435600280762,-0.3949311937202602,2
distill:seasonal-ar-economic,synthetic-seasonal-ar-economic-5,Laplace-q-fixed-bandwidth,726,1.1611105242328166,0.46527092570934347,-0.22472725936856924,0.072386229167734517,0.23793819658102683,0.36042444773404081,0.46824907817651329,0.57574591306806544,0.69698500912790318,0.85900606216142139,1.1447515773427983,-1.5230842918462197,2
distill:seasonal-ar-economic,synthetic-seasonal-ar-economic-5,TimesFM-zero-shot,726,1.1611105242328166,0.6292489767074585,0.62742221355438232,-0.22752091288566589,0.08642037957906723,0.30867558717727661,0.47748008370399475,0.78535962104797363,0.93643462657928467,1.1233024597167969,1.441191554069519,-1.0161725148621015,2
distill:seasonal-ar-economic,synthetic-seasonal-ar-economic-5,TimesFM-laplace-qd,726,1.1611105242328166,0.62801069021224976,0.61788678169250488,-0.071243010461330414,0.19941315054893494,0.41234076023101807,0.57878047227859497,0.68564057350158691,0.84392023086547852,1.0167784690856934,1.2751637697219849,-1.1208414417289967,2
distill:seasonal-ar-economic,synthetic-seasonal-ar-economic-5,Laplace-q-fixed-bandwidth,727,1.7386025541764996,0.95530481919600607,0.23759862354503489,0.54244937657351466,0.71667470140425815,0.84533932377926768,0.95826970668191336,1.0708487196771772,1.1981817557451455,1.3687328955179345,1.6627027291336693,-1.6841277461698057,2
distill:seasonal-ar-economic,synthetic-seasonal-ar-economic-5,TimesFM-zero-shot,727,1.7386025541764996,1.138689398765564,1.1222120523452759,0.29326117038726807,0.60258901119232178,0.8253554105758667,0.99310576915740967,1.279780387878418,1.4154449701309204,1.587005615234375,1.8774620294570923,-1.0966136981591776,2
distill:seasonal-ar-economic,synthetic-seasonal-ar-economic-5,TimesFM-laplace-qd,727,1.7386025541764996,1.1550514698028564,1.1309185028076172,0.49202924966812134,0.75517964363098145,0.96333885192871094,1.1242638826370239,1.192743182182312,1.3335385322570801,1.4920228719711304,1.7335464954376221,-1.3326966957228745,2
distill:seasonal-ar-economic,synthetic-seasonal-ar-economic-5,Laplace-q-fixed-bandwidth,728,1.8259599246460978,1.4493840582488542,0.69966513908218553,1.0119930669236985,1.1963578774407213,1.3328140222398259,1.452327553558602,1.5714622643140714,1.7064950414724991,1.8870827140531952,2.1890718323558773,-0.63909831395240535,2
distill:seasonal-ar-economic,synthetic-seasonal-ar-economic-5,TimesFM-zero-shot,728,1.8259599246460978,1.4439923763275146,1.4194008111953735,0.47548180818557739,0.82341271638870239,1.0834764242172241,1.2745856046676636,1.6049236059188843,1.7599810361862183,1.9493284225463867,2.2665777206420898,-0.8844725439138843,2
distill:seasonal-ar-economic,synthetic-seasonal-ar-economic-5,TimesFM-laplace-qd,728,1.8259599246460978,1.4730896949768066,1.4245038032531738,0.68500393629074097,0.98968803882598877,1.2343258857727051,1.424017071723938,1.5334346294403076,1.6982176303863525,1.8789361715316772,2.1562182903289795,-0.75361893042211303,2
distill:seasonal-ar-economic,synthetic-seasonal-ar-economic-5,Laplace-q-fixed-bandwidth,729,1.6865133758996518,1.529557202138603,0.79048274235303739,1.0990712167450309,1.2805562765006802,1.4148344284049108,1.5324690756546537,1.6497329165208277,1.7826162142076776,1.9603816609003759,2.2587045001082684,-0.20056898755239572,2
distill:seasonal-ar-economic,synthetic-seasonal-ar-economic-5,TimesFM-zero-shot,729,1.6865133758996518,1.3889073133468628,1.314012885093689,0.36147880554199219,0.71955543756484985,0.99668228626251221,1.2105340957641602,1.5538854598999023,1.7124603986740112,1.9091304540634155,2.2405920028686523,-0.87844168301978631,2
distill:seasonal-ar-economic,synthetic-seasonal-ar-economic-5,TimesFM-laplace-qd,729,1.6865133758996518,1.4705791473388672,1.3817706108093262,0.69774812459945679,0.99386584758758545,1.2370704412460327,1.4310810565948486,1.5237822532653809,1.6798089742660522,1.8611410856246948,2.1416022777557373,-0.53400691010940915,2
distill:seasonal-ar-economic,synthetic-seasonal-ar-economic-5,Laplace-q-fixed-bandwidth,730,2.8168837699457372,1.417184662150311,0.70769660350955177,1.0080932455732365,1.1806924702962331,1.3081966625064436,1.4200741533822492,1.5316055985846164,1.6577999576883595,1.8268058909517824,2.1167072949153756,-3.0665339609620665,2
distill:seasonal-ar-economic,synthetic-seasonal-ar-economic-5,TimesFM-zero-shot,730,2.8168837699457372,1.0448780059814453,0.97056615352630615,-0.035829991102218628,0.33482348918914795,0.61446261405944824,0.8495822548866272,1.2246382236480713,1.3946089744567871,1.6067218780517578,1.9504735469818115,-3.2635096784903488,2
distill:seasonal-ar-economic,synthetic-seasonal-ar-economic-5,TimesFM-laplace-qd,730,2.8168837699457372,1.1936006546020508,1.0775171518325806,0.35172846913337708,0.66440224647521973,0.92301678657531738,1.143059253692627,1.2536301612854004,1.4180724620819092,1.6113936901092529,1.905595064163208,-3.6099614143365213,2
distill:seasonal-ar-economic,synthetic-seasonal-ar-economic-5,Laplace-q-fixed-bandwidth,731,1.3908480444398332,2.448698903629432,1.654651223301328,1.9794633115702318,2.1756197253771008,2.321496530390923,2.4492997131860852,2.5768544095642723,2.721804670429643,2.9155744059897994,3.234096351317862,-2.122019427969545,2
distill:seasonal-ar-economic,synthetic-seasonal-ar-economic-5,TimesFM-zero-shot,731,1.3908480444398332,1.9625089168548584,1.9431155920028687,0.79748517274856567,1.2226303815841675,1.5121866464614868,1.7488778829574585,2.1581156253814697,2.3639967441558838,2.6198773384094238,3.0164721012115479,-0.8272213897826376,2
distill:seasonal-ar-economic,synthetic-seasonal-ar-economic-5,TimesFM-laplace-qd,731,1.3908480444398332,2.3817107677459717,2.3458077907562256,1.4503210783004761,1.8179976940155029,2.0954205989837646,2.3202111721038818,2.4568428993225098,2.6616945266723633,2.9105710983276367,3.2636096477508545,-2.7974094421626599,2
distill:seasonal-ar-economic,synthetic-seasonal-ar-economic-5,Laplace-q-fixed-bandwidth,732,-0.4927935273442865,1.161509079776827,0.32174054511609668,0.65611220969301098,0.86582117988706164,1.0236558422116553,1.1620758969432399,1.3002273786024059,1.4570801224902878,1.664402799016399,1.9927448509315098,-3.2054330858540485,2
distill:seasonal-ar-economic,synthetic-seasonal-ar-economic-5,TimesFM-zero-shot,732,-0.4927935273442865,0.70075047016143799,0.68413037061691284,-0.37621819972991943,-0.0042482465505599976,0.26072654128074646,0.48707693815231323,0.90674388408660889,1.1071376800537109,1.3491487503051758,1.7342145442962646,-3.065661490801753,2
distill:seasonal-ar-economic,synthetic-seasonal-ar-economic-5,TimesFM-laplace-qd,732,-0.4927935273442865,0.79617267847061157,0.74635833501815796,-0.02622850239276886,0.29796648025512695,0.54138541221618652,0.73806470632553101,0.86912888288497925,1.0600638389587402,1.2862319946289062,1.5998337268829346,-5.347484384817716,2
distill:seasonal-ar-economic,synthetic-seasonal-ar-economic-5,Laplace-q-fixed-bandwidth,733,0.76270836529387454,-0.45529153448928816,-1.3883331082272456,-1.0252974455982473,-0.79024502523218232,-0.61049761567454985,-0.45248304364021613,-0.29496240614152613,-0.11697394259185551,0.1140465530021955,0.46691965028337895,-2.1896740994910067,2
distill:seasonal-ar-economic,synthetic-seasonal-ar-economic-5,TimesFM-zero-shot,733,0.76270836529387454,-0.70721238851547241,-0.66677206754684448,-1.6124014854431152,-1.2979366779327393,-1.0716371536254883,-0.89230543375015259,-0.50620949268341064,-0.30653387308120728,-0.07410682737827301,0.28470245003700256,-2.4063558632868465,2
distill:seasonal-ar-economic,synthetic-seasonal-ar-economic-5,TimesFM-laplace-qd,733,0.76270836529387454,-0.67112213373184204,-0.65276092290878296,-1.410527229309082,-1.1311776638031006,-0.90016597509384155,-0.7235686182975769,-0.58493483066558838,-0.37518289685249329,-0.13064655661582947,0.21209269762039185,-2.5918961152235145,2
distill:seasonal-ar-economic,synthetic-seasonal-ar-economic-5,Laplace-q-fixed-bandwidth,734,1.3533161892812087,0.62690170549724078,-0.34877147310243684,0.022841439352565406,0.26903924498403087,0.46046080546767965,0.62966853968601766,0.79836698588308141,0.98801422436058572,1.2302847807571076,1.5918449972030055,-1.2943111692533453,2
distill:seasonal-ar-economic,synthetic-seasonal-ar-economic-5,TimesFM-zero-shot,734,1.3533161892812087,0.24597494304180145,0.29114255309104919,-0.75708436965942383,-0.40155875682830811,-0.14977239072322845,0.045997157692909241,0.44838410615921021,0.65959537029266357,0.90672522783279419,1.2853686809539795,-1.7422355570888746,2
distill:seasonal-ar-economic,synthetic-seasonal-ar-economic-5,TimesFM-laplace-qd,734,1.3533161892812087,0.67475026845932007,0.67556875944137573,-0.11146250367164612,0.18718680739402771,0.4261467456817627,0.61412501335144043,0.75674891471862793,0.95080238580703735,1.1794681549072266,1.5036435127258301,-1.3757877190065344,2
distill:seasonal-ar-economic,synthetic-seasonal-ar-economic-5,Laplace-q-fixed-bandwidth,735,-0.13390710684764062,1.1131749902607688,0.13257892740081875,0.50323379568493709,0.75066152845885037,0.94429196837951468,1.1158884948512653,1.2869792135907772,1.4788613200279133,1.7224565991901444,2.0832110836799789,-2.1649879412634316,2
distill:seasonal-ar-economic,synthetic-seasonal-ar-economic-5,TimesFM-zero-shot,735,-0.13390710684764062,0.61522644758224487,0.6328575611114502,-0.51954537630081177,-0.1111232191324234,0.18226361274719238,0.39867693185806274,0.83671480417251587,1.0541743040084839,1.3125430345535278,1.7217543125152588,-1.0425431339163016,2
distill:seasonal-ar-economic,synthetic-seasonal-ar-economic-5,TimesFM-laplace-qd,735,-0.13390710684764062,1.0606728792190552,1.0493768453598022,0.22125743329524994,0.55008804798126221,0.80891960859298706,1.0049747228622437,1.1367963552474976,1.3243650197982788,1.5518554449081421,1.8772619962692261,-4.7169083362167799,2
distill:seasonal-ar-economic,synthetic-seasonal-ar-economic-5,Laplace-q-fixed-bandwidth,736,2.1459499743389436,-0.12899077179578702,-1.1494088802749665,-0.76996790212109656,-0.51278137917416777,-0.30851342297248485,-0.12631190013257843,0.055379974901747717,0.25791510286861669,0.51135862143253763,0.88087919385787461,-4.1252278127780082,2
distill:seasonal-ar-economic,synthetic-seasonal-ar-economic-5,TimesFM-zero-shot,736,2.1459499743389436,-0.44059121608734131,-0.42242103815078735,-1.3641281127929688,-1.0144672393798828,-0.77099651098251343,-0.60335153341293335,-0.26832792162895203,-0.098205462098121643,0.11559464782476425,0.45279046893119812,-5.841847147340502,2
distill:seasonal-ar-economic,synthetic-seasonal-ar-economic-5,TimesFM-laplace-qd,736,2.1459499743389436,-0.33483251929283142,-0.33142784237861633,-1.0470278263092041,-0.76024192571640015,-0.53808629512786865,-0.369852215051651,-0.27997875213623047,-0.10556440055370331,0.10590128600597382,0.39837190508842468,-7.0153923807827665,2
distill:seasonal-ar-economic,synthetic-seasonal-ar-economic-5,Laplace-q-fixed-bandwidth,737,0.97923204831981925,1.7214720653944167,0.56981283879397115,0.9901329120487492,1.2788471167630984,1.5117295149850425,1.721201587435589,1.9303416103832827,2.1621091736147999,2.4484185863614485,2.8621174856362162,-1.276125312875249,2
distill:seasonal-ar-economic,synthetic-seasonal-ar-economic-5,TimesFM-zero-shot,737,0.97923204831981925,1.3103601932525635,1.3270226716995239,0.0074421390891075134,0.49242126941680908,0.82341557741165161,1.0682961940765381,1.5469512939453125,1.8048807382583618,2.1337985992431641,2.6195502281188965,-1.1968047551172167,2
distill:seasonal-ar-economic,synthetic-seasonal-ar-economic-5,TimesFM-laplace-qd,737,0.97923204831981925,1.7926645278930664,1.7999356985092163,0.74808567762374878,1.1509542465209961,1.4633171558380127,1.7011207342147827,1.9046801328659058,2.1439616680145264,2.4366679191589355,2.8517241477966309,-1.526489828543856,2
distill:seasonal-ar-economic,synthetic-seasonal-ar-economic-5,Laplace-q-fixed-bandwidth,738,0.34615204372504438,0.80574700241136377,-0.34404068066952431,0.0744141160265928,0.36249927963766915,0.59552849202659641,0.80546051872894853,1.0150658483260098,1.247000052918156,1.5327205716171584,1.944625225538803,-0.92064355376636287,2
distill:seasonal-ar-economic,synthetic-seasonal-ar-economic-5,TimesFM-zero-shot,738,0.34615204372504438,0.74627453088760376,0.77769684791564941,-0.37574517726898193,0.058271709829568863,0.34362241625785828,0.54596126079559326,0.9490586519241333,1.1745043992996216,1.4462872743606567,1.8583858013153076,-0.87646016298386797,2
distill:seasonal-ar-economic,synthetic-seasonal-ar-economic-5,TimesFM-laplace-qd,738,0.34615204372504438,0.81745463609695435,0.80849266052246094,-0.082051962614059448,0.27377831935882568,0.54220056533813477,0.74872493743896484,0.89360618591308594,1.1011834144592285,1.3442740440368652,1.6812596321105957,-0.77376287149995693,2
distill:seasonal-ar-economic,synthetic-seasonal-ar-economic-5,Laplace-q-fixed-bandwidth,739,-0.39235620960444184,0.2847442954526368,-0.84987752158716146,-0.43561661589932205,-0.15113980906708163,0.078217931877843538,0.28447134271145574,0.49039960620404405,0.71866520090713792,1.0007862855719285,1.4085723772071899,-1.1861829456473973,2
distill:seasonal-ar-economic,synthetic-seasonal-ar-economic-5,TimesFM-zero-shot,739,-0.39235620960444184,0.37411186099052429,0.42925933003425598,-0.65476703643798828,-0.24820184707641602,0.0037953481078147888,0.19007217884063721,0.56233930587768555,0.78376519680023193,1.048946738243103,1.4386347532272339,-1.4124850393169366,2
distill:seasonal-ar-economic,synthetic-seasonal-ar-economic-5,TimesFM-laplace-qd,739,-0.39235620960444184,0.44269546866416931,0.46756890416145325,-0.38614937663078308,-0.048893898725509644,0.19261521100997925,0.38199272751808167,0.51286059617996216,0.71282804012298584,0.94496393203735352,1.266837477684021,-2.5683629170923359,2
distill:seasonal-ar-economic,synthetic-seasonal-ar-economic-5,Laplace-q-fixed-bandwidth,740,0.27007683316171338,-0.3037825066747632,-1.4337818652425005,-1.0219361916918293,-0.73871171095952048,-0.50996639391558141,-0.30406587825383924,-0.098485838866270325,0.12918417624548362,0.41008789005261348,0.81553193344877584,-1.0408731123119777,2
distill:seasonal-ar-economic,synthetic-seasonal-ar-economic-5,TimesFM-zero-shot,740,0.27007683316171338,-0.30996304750442505,-0.24824266135692596,-1.2315484285354614,-0.86132258176803589,-0.64121687412261963,-0.48294925689697266,-0.1354672908782959,0.064842067658901215,0.32552081346511841,0.70223885774612427,-1.2103605616510398,2
distill:seasonal-ar-economic,synthetic-seasonal-ar-economic-5,TimesFM-laplace-qd,740,0.27007683316171338,-0.3805733323097229,-0.30727726221084595,-1.210429310798645,-0.87294119596481323,-0.63779151439666748,-0.45398563146591187,-0.30913019180297852,-0.10140329599380493,0.15426208078861237,0.50236994028091431,-1.3859763508323095,2
distill:seasonal-ar-economic,synthetic-seasonal-ar-economic-5,Laplace-q-fixed-bandwidth,741,1.1489865433340831,0.20529923210442924,-0.91491162164269912,-0.5064026336633094,-0.22559439220328875,0.0010620511621305122,0.20501666040338831,0.4086540979024782,0.63424583140367496,0.91275651155122239,1.3149386777988203,-1.5642177665157562,2
distill:seasonal-ar-economic,synthetic-seasonal-ar-economic-5,TimesFM-zero-shot,741,1.1489865433340831,0.085753604769706726,0.13866060972213745,-0.81365025043487549,-0.45791429281234741,-0.23357661068439484,-0.074948951601982117,0.25970414280891418,0.45921695232391357,0.72013568878173828,1.1164822578430176,-1.7920056576585346,2
distill:seasonal-ar-economic,synthetic-seasonal-ar-economic-5,TimesFM-laplace-qd,741,1.1489865433340831,0.16394014656543732,0.20561641454696655,-0.59322482347488403,-0.28434920310974121,-0.066223978996276855,0.1064259335398674,0.22184747457504272,0.41222554445266724,0.64104199409484863,0.96080750226974487,-1.9420235458339061,2
distill:seasonal-ar-economic,synthetic-seasonal-ar-economic-5,Laplace-q-fixed-bandwidth,742,0.57399995060194997,0.90548889278675448,-0.22463312700401561,0.18493301186160979,0.46785716875141936,0.69765772147416683,0.90517328365999639,1.1123780376886603,1.3411388402359927,1.621812123757322,2.0250922506241125,-0.78879486280498523,2
distill:seasonal-ar-economic,synthetic-seasonal-ar-economic-5,TimesFM-zero-shot,742,0.57399995060194997,0.90395039319992065,0.93382930755615234,-0.10706951469182968,0.28136518597602844,0.53097110986709595,0.71894854307174683,1.0998401641845703,1.3189599514007568,1.6117117404937744,2.0487844944000244,-0.82327858409237575,2
distill:seasonal-ar-economic,synthetic-seasonal-ar-economic-5,TimesFM-laplace-qd,742,0.57399995060194997,1.0264232158660889,1.0351654291152954,0.20784272253513336,0.53387916088104248,0.76953274011611938,0.95939368009567261,1.0922611951828003,1.2873283624649048,1.5226584672927856,1.8486521244049072,-0.66413415334981651,2
distill:seasonal-ar-economic,synthetic-seasonal-ar-economic-5,Laplace-q-fixed-bandwidth,743,-0.032596934152202217,0.46141829598409684,-0.64956132238361808,-0.24469551729136146,0.033778306022331263,0.25868272482456983,0.46112736330453569,0.663260545444188,0.88711977420157395,1.1633378647677985,1.5619884046923596,-0.94352830473963545,2
distill:seasonal-ar-economic,synthetic-seasonal-ar-economic-5,TimesFM-zero-shot,743,-0.032596934152202217,0.68889176845550537,0.69367122650146484,-0.27977365255355835,0.098205432295799255,0.3412986695766449,0.51522678136825562,0.86666291952133179,1.0527807474136353,1.3070824146270752,1.6776173114776611,-1.2566597135862787,2
distill:seasonal-ar-economic,synthetic-seasonal-ar-economic-5,TimesFM-laplace-qd,743,-0.032596934152202217,0.57933527231216431,0.57631534337997437,-0.21355660259723663,0.10355460643768311,0.33594101667404175,0.51284074783325195,0.6363670825958252,0.81664085388183594,1.0406410694122314,1.337620735168457,-1.2573462224382417,2
distill:seasonal-ar-economic,synthetic-seasonal-ar-economic-5,Laplace-q-fixed-bandwidth,744,-0.14474792446066323,-0.02002712165111201,-1.1183844181088092,-0.71727216195140875,-0.4418440562982543,-0.21987804976199316,-0.020310259387717956,0.17894839299881349,0.39987541124965731,0.67306239261480427,1.0680314556465382,-0.63094874763740627,2
distill:seasonal-ar-economic,synthetic-seasonal-ar-economic-5,TimesFM-zero-shot,744,-0.14474792446066323,0.19997867941856384,0.20264995098114014,-0.74753701686859131,-0.37924766540527344,-0.15054595470428467,0.021817773580551147,0.39651572704315186,0.60623258352279663,0.87592601776123047,1.2595596313476562,-0.72672750709465062,2
distill:seasonal-ar-economic,synthetic-seasonal-ar-economic-5,TimesFM-laplace-qd,744,-0.14474792446066323,0.045214712619781494,0.060242053121328354,-0.77005928754806519,-0.449514240026474,-0.21451321244239807,-0.026088103652000427,0.11584365367889404,0.31446978449821472,0.55680203437805176,0.88123518228530884,-0.59058872020437758,2
distill:seasonal-ar-economic,synthetic-seasonal-ar-economic-5,Laplace-q-fixed-bandwidth,745,0.56315376439381648,-0.11319276283145573,-1.1866611496145048,-0.79058024973339713,-0.52094073777615568,-0.30583217381974465,-0.11343480433937289,0.078651797901257564,0.29270708838634024,0.56007274377638339,0.95005673370493837,-1.1828479513068875,2
distill:seasonal-ar-economic,synthetic-seasonal-ar-economic-5,TimesFM-zero-shot,745,0.56315376439381648,0.0024977102875709534,0.001422487199306488,-0.94190138578414917,-0.59658700227737427,-0.37458664178848267,-0.18909454345703125,0.21528130769729614,0.43347820639610291,0.71589070558547974,1.1233636140823364,-1.2463882408007594,2
distill:seasonal-ar-economic,synthetic-seasonal-ar-economic-5,TimesFM-laplace-qd,745,0.56315376439381648,-0.1828058660030365,-0.1494508683681488,-1.010911226272583,-0.69536346197128296,-0.46048969030380249,-0.26312568783760071,-0.093693830072879791,0.12115417420864105,0.3871113657951355,0.74479055404663086,-1.4827312958346062,2
distill:seasonal-ar-economic,synthetic-seasonal-ar-economic-5,Laplace-q-fixed-bandwidth,746,1.1140752665845572,0.4383165270411038,-0.63253797761148056,-0.23855174415619423,0.030327340410451251,0.24541674558769699,0.43806052879287527,0.63039794485624845,0.84445149301934341,1.1110959993372791,1.4990585367304343,-1.1801233406980822,2
distill:seasonal-ar-economic,synthetic-seasonal-ar-economic-5,TimesFM-zero-shot,746,1.1140752665845572,0.56949919462203979,0.51943463087081909,-0.37607252597808838,-0.028769433498382568,0.19446057081222534,0.38430476188659668,0.77471327781677246,0.976448655128479,1.230721116065979,1.6119539737701416,-1.17004535685783,2
distill:seasonal-ar-economic,synthetic-seasonal-ar-economic-5,TimesFM-laplace-qd,746,1.1140752665845572,0.48789334297180176,0.45805191993713379,-0.31548410654067993,-0.0011195912957191467,0.22917285561561584,0.42448645830154419,0.56666076183319092,0.76080691814422607,0.99460053443908691,1.31339430809021,-1.2834261788694894,2
distill:seasonal-ar-economic,synthetic-seasonal-ar-economic-5,Laplace-q-fixed-bandwidth,747,0.81720112782489218,0.87935118975295601,-0.18888808257302137,0.2030481827472429,0.4711602094288912,0.68620958837094514,0.87908158043929419,1.0716516550395483,1.2856824742906512,1.5515979885597964,1.9375814858254103,-0.58130948526494608,2
distill:seasonal-ar-economic,synthetic-seasonal-ar-economic-5,TimesFM-zero-shot,747,0.81720112782489218,1.0115431547164917,0.92004412412643433,0.031381361186504364,0.39047139883041382,0.63020110130310059,0.82619178295135498,1.2020161151885986,1.3921507596969604,1.6436467170715332,2.0341153144836426,-1.0089202226533238,2
distill:seasonal-ar-economic,synthetic-seasonal-ar-economic-5,TimesFM-laplace-qd,747,0.81720112782489218,0.9077644944190979,0.84940052032470703,0.057551227509975433,0.38119804859161377,0.62709140777587891,0.83108460903167725,0.98718118667602539,1.1833590269088745,1.4228976964950562,1.7603552341461182,-0.67944713339564755,2
distill:seasonal-ar-economic,synthetic-seasonal-ar-economic-5,Laplace-q-fixed-bandwidth,748,-0.57827968431850507,0.64942019921306338,-0.39298826857558056,-0.0059985629583121872,0.25603238520779059,0.46384022263045233,0.64919379941409971,0.83424467656754309,1.0410203565798937,1.3008153921862897,1.6818851862050828,-2.0607186267669446,2
distill:seasonal-ar-economic,synthetic-seasonal-ar-economic-5,TimesFM-zero-shot,748,-0.57827968431850507,0.9762263298034668,0.88297563791275024,0.025664970278739929,0.38285726308822632,0.61013603210449219,0.79487860202789307,1.1473139524459839,1.3311376571655273,1.5809242725372314,1.9552364349365234,-5.3848413926716443,2
distill:seasonal-ar-economic,synthetic-seasonal-ar-economic-5,TimesFM-laplace-qd,748,-0.57827968431850507,0.76696968078613281,0.70628941059112549,-0.0079146474599838257,0.29837214946746826,0.52119046449661255,0.70189172029495239,0.81736183166503906,0.99856561422348022,1.225924015045166,1.5317132472991943,-6.2254429713872135,2
distill:seasonal-ar-economic,synthetic-seasonal-ar-economic-5,Laplace-q-fixed-bandwidth,749,-1.9740914861626964,-0.44761813875422174,-1.5235279296223276,-1.1292690277930899,-0.85926062085596411,-0.64245498392873679,-0.4479021102153537,-0.25365000105223895,-0.037858082213931318,0.22996511510558293,0.61829320461352477,-2.4626155145580917,2
distill:seasonal-ar-economic,synthetic-seasonal-ar-economic-5,TimesFM-zero-shot,749,-1.9740914861626964,0.015693284571170807,-0.061322972178459167,-1.0934567451477051,-0.68432104587554932,-0.41071367263793945,-0.18583063781261444,0.21625900268554688,0.42399263381958008,0.70520240068435669,1.1240323781967163,-6.4680222617907184,2
distill:seasonal-ar-economic,synthetic-seasonal-ar-economic-5,TimesFM-laplace-qd,749,-1.9740914861626964,-0.34475445747375488,-0.36815381050109863,-1.1678791046142578,-0.84815430641174316,-0.61183565855026245,-0.41646832227706909,-0.28229230642318726,-0.087621644139289856,0.1586546003818512,0.48650616407394409,-8.0205087855302359,2
distill:seasonal-ar-economic,synthetic-seasonal-ar-economic-5,Laplace-q-fixed-bandwidth,750,-0.92577308709794404,-1.5687791301640359,-2.6968774239827664,-2.2884275900766946,-2.0059774259552055,-1.7764507197660762,-1.5691289811926206,-1.3621075570108632,-1.133585283438479,-0.85330853124899275,-0.45091622183872848,-1.1282684426222278,2
distill:seasonal-ar-economic,synthetic-seasonal-ar-economic-5,TimesFM-zero-shot,750,-0.92577308709794404,-1.3135030269622803,-1.3786698579788208,-2.6158382892608643,-2.1333127021789551,-1.8089488744735718,-1.5519117116928101,-1.0790534019470215,-0.83344006538391113,-0.50371348857879639,-0.028319358825683594,-1.2941324072217582,2
distill:seasonal-ar-economic,synthetic-seasonal-ar-economic-5,TimesFM-laplace-qd,750,-0.92577308709794404,-1.7072547674179077,-1.7253620624542236,-2.7180280685424805,-2.3287022113800049,-2.045058012008667,-1.8113551139831543,-1.6189130544662476,-1.391268253326416,-1.0958677530288696,-0.69854229688644409,-1.5325365786525764,2
distill:seasonal-ar-economic,synthetic-seasonal-ar-economic-5,Laplace-q-fixed-bandwidth,751,-1.3094006504715239,-0.71659263719911404,-1.8382467493301737,-1.4324752270423793,-1.1516875158770161,-0.92332209719917546,-0.71694796711718622,-0.51087016308756306,-0.28349554533851329,-0.0048531496310384422,0.39492946675594409,-1.0680148392437727,2
distill:seasonal-ar-economic,synthetic-seasonal-ar-economic-5,TimesFM-zero-shot,751,-1.3094006504715239,-0.68367248773574829,-0.74762296676635742,-1.8774639368057251,-1.4219269752502441,-1.1242778301239014,-0.89266437292098999,-0.48686468601226807,-0.26663076877593994,0.014469854533672333,0.44648808240890503,-0.92264534394641129,2
distill:seasonal-ar-economic,synthetic-seasonal-ar-economic-5,TimesFM-laplace-qd,751,-1.3094006504715239,-0.71069002151489258,-0.75116240978240967,-1.5681527853012085,-1.2196642160415649,-0.97254818677902222,-0.77708166837692261,-0.65855318307876587,-0.46287441253662109,-0.21811358630657196,0.11212888360023499,-1.0824629653564839,2
distill:seasonal-ar-economic,synthetic-seasonal-ar-economic-5,Laplace-q-fixed-bandwidth,752,-0.11211801787949299,-1.0283858249500852,-2.1417096692889857,-1.7389699734145023,-1.4602640260201147,-1.233590353153768,-1.0287426329134008,-0.82418785726875732,-0.59849373652463322,-0.32190881836603924,0.074911679549907989,-1.5171065604901219,2
distill:seasonal-ar-economic,synthetic-seasonal-ar-economic-5,TimesFM-zero-shot,752,-0.11211801787949299,-1.1568616628646851,-1.1910040378570557,-2.2737231254577637,-1.8555700778961182,-1.5698051452636719,-1.3546432256698608,-0.96934270858764648,-0.76167666912078857,-0.48614093661308289,-0.054163217544555664,-1.7256660617806001,2
distill:seasonal-ar-economic,synthetic-seasonal-ar-economic-5,TimesFM-laplace-qd,752,-0.11211801787949299,-1.198879599571228,-1.2157641649246216,-2.0279004573822021,-1.7055264711380005,-1.4601550102233887,-1.2657694816589355,-1.1471638679504395,-0.95971548557281494,-0.72028470039367676,-0.38865897059440613,-2.1149872881916507,2
distill:seasonal-ar-economic,synthetic-seasonal-ar-economic-5,Laplace-q-fixed-bandwidth,753,-0.92213906124076528,-0.088269122864958471,-1.2096328075322051,-0.80605677012708443,-0.52568343787220062,-0.29645650012104702,-0.088653691007935381,0.11886237559025398,0.34713204197270286,0.62542236904172621,1.0231141963105765,-1.3960667962279829,2
distill:seasonal-ar-economic,synthetic-seasonal-ar-economic-5,TimesFM-zero-shot,753,-0.92213906124076528,-0.14224149286746979,-0.19758220016956329,-1.1864997148513794,-0.79338395595550537,-0.52331990003585815,-0.32400661706924438,0.035480707883834839,0.2287864089012146,0.48019307851791382,0.89410597085952759,-1.2644378857645315,2
distill:seasonal-ar-economic,synthetic-seasonal-ar-economic-5,TimesFM-laplace-qd,753,-0.92213906124076528,-0.057626381516456604,-0.10132665932178497,-0.88196629285812378,-0.5595976710319519,-0.3124728798866272,-0.12013699114322662,0.0015600621700286865,0.18762263655662537,0.41905003786087036,0.7570575475692749,-2.5198138126886391,2
distill:seasonal-ar-economic,synthetic-seasonal-ar-economic-5,Laplace-q-fixed-bandwidth,754,0.80173052911065734,-0.7136917156357665,-1.8383352647859674,-1.4350329773450192,-1.1541027744356787,-0.92356698323118891,-0.71409656492407525,-0.50490709358720287,-0.27530886214013428,0.0035716919607090315,0.40103327293351632,-2.3746389242704971,2
distill:seasonal-ar-economic,synthetic-seasonal-ar-economic-5,TimesFM-zero-shot,754,0.80173052911065734,-0.69121181964874268,-0.71596384048461914,-1.6507749557495117,-1.2845945358276367,-1.0404976606369019,-0.86033046245574951,-0.53073179721832275,-0.35439282655715942,-0.11363369226455688,0.25310680270195007,-2.5959403932028824,2
distill:seasonal-ar-economic,synthetic-seasonal-ar-economic-5,TimesFM-laplace-qd,754,0.80173052911065734,-0.66477763652801514,-0.69280123710632324,-1.3853054046630859,-1.095305323600769,-0.87970244884490967,-0.70810198783874512,-0.62554919719696045,-0.45997628569602966,-0.2463301420211792,0.036136887967586517,-3.1849607737399559,2
distill:seasonal-ar-economic,synthetic-seasonal-ar-economic-5,Laplace-q-fixed-bandwidth,755,0.43905529417532158,0.59524949358057522,-0.57487825217818478,-0.15830270403836633,0.13337553056004839,0.37456075288901813,0.59479135572357511,0.81474368986471091,1.054998957800805,1.3446180830984882,1.7552151371023961,-0.72674341886041272,2
distill:seasonal-ar-economic,synthetic-seasonal-ar-economic-5,TimesFM-zero-shot,755,0.43905529417532158,0.49487429857254028,0.43929404020309448,-0.65048587322235107,-0.2108161449432373,0.083142086863517761,0.30021655559539795,0.68535619974136353,0.88948154449462891,1.1504858732223511,1.5491495132446289,-1.0835506170917475,2
distill:seasonal-ar-economic,synthetic-seasonal-ar-economic-5,TimesFM-laplace-qd,755,0.43905529417532158,0.67795258760452271,0.61357510089874268,-0.18475180864334106,0.16576579213142395,0.42122352123260498,0.62399852275848389,0.74050611257553101,0.9279358983039856,1.1556273698806763,1.465046763420105,-0.64074105566585415,2
distill:seasonal-ar-economic,synthetic-seasonal-ar-economic-5,Laplace-q-fixed-bandwidth,756,0.0029492096783915178,0.33976284913559784,-0.80851264820651769,-0.39746855592651487,-0.11074654260111043,0.12494810224807083,0.33933428857832226,0.55343847302822202,0.78819213158209145,1.0728527141145099,1.4780022626235336,-0.8111931874813052,2
distill:seasonal-ar-economic,synthetic-seasonal-ar-economic-5,TimesFM-zero-shot,756,0.0029492096783915178,0.31871646642684937,0.26395514607429504,-0.76320934295654297,-0.35239684581756592,-0.074368387460708618,0.12957590818405151,0.49777719378471375,0.69251072406768799,0.93844139575958252,1.310245156288147,-0.96123502016004525,2
distill:seasonal-ar-economic,synthetic-seasonal-ar-economic-5,TimesFM-laplace-qd,756,0.0029492096783915178,0.41024366021156311,0.33844172954559326,-0.3947894275188446,-0.072184398770332336,0.1708359569311142,0.36369672417640686,0.46064746379852295,0.64526033401489258,0.86319446563720703,1.1559228897094727,-0.73799239602887989,2
distill:seasonal-ar-economic,synthetic-seasonal-ar-economic-5,Laplace-q-fixed-bandwidth,757,-0.87902844297883631,0.0058688268686191911,-1.1241708563986097,-0.71793921712763487,-0.43542925979356067,-0.20423786771071961,0.0054613226763782314,0.21487729470581918,0.44512342882792533,0.72557542087231863,1.125989406235272,-1.4662204729999311,2
distill:seasonal-ar-economic,synthetic-seasonal-ar-economic-5,TimesFM-zero-shot,757,-0.87902844297883631,0.10226573050022125,0.083917275071144104,-0.95955657958984375,-0.56750750541687012,-0.29871100187301636,-0.095816224813461304,0.28967985510826111,0.49680182337760925,0.74671286344528198,1.1401422023773193,-2.2332245865632165,2
distill:seasonal-ar-economic,synthetic-seasonal-ar-economic-5,TimesFM-laplace-qd,757,-0.87902844297883631,0.13258218765258789,0.084686271846294403,-0.63983702659606934,-0.33555680513381958,-0.10353057086467743,0.082979306578636169,0.18534870445728302,0.37214761972427368,0.58835923671722412,0.88804507255554199,-3.8576563463755722,2
distill:seasonal-ar-economic,synthetic-seasonal-ar-economic-5,Laplace-q-fixed-bandwidth,758,-1.3709970788003407,-0.66631416183975456,-1.8019150643141777,-1.3953250219804467,-1.1117282611638251,-0.87867920077522899,-0.6667446033531067,-0.4550872416193561,-0.22296324920601565,0.058608329227390635,0.45941649732547302,-1.2114019942850904,2
distill:seasonal-ar-economic,synthetic-seasonal-ar-economic-5,TimesFM-zero-shot,758,-1.3709970788003407,-0.65350615978240967,-0.62727952003479004,-1.6212279796600342,-1.2725822925567627,-1.0293569564819336,-0.84325098991394043,-0.46887505054473877,-0.27078288793563843,-0.019435971975326538,0.37335062026977539,-1.2387733336127726,2
distill:seasonal-ar-economic,synthetic-seasonal-ar-economic-5,TimesFM-laplace-qd,758,-1.3709970788003407,-0.66808176040649414,-0.66072261333465576,-1.4056493043899536,-1.1214971542358398,-0.90244722366333008,-0.7219817042350769,-0.61245173215866089,-0.42390322685241699,-0.1947217583656311,0.11844687163829803,-2.0225668233260796,2
distill:seasonal-ar-economic,synthetic-seasonal-ar-economic-5,Laplace-q-fixed-bandwidth,759,-1.0739135125290631,-1.0545531861730628,-2.1864350854207304,-1.7817879346969439,-1.499233699590822,-1.2666830705667227,-1.0549924660688363,-0.84357466971159434,-0.61193449465675342,-0.33137817949107262,0.067544954192066201,-0.66009117779585114,2
distill:seasonal-ar-economic,synthetic-seasonal-ar-economic-5,TimesFM-zero-shot,759,-1.0739135125290631,-1.1383850574493408,-1.0864851474761963,-2.0302107334136963,-1.7097769975662231,-1.485548734664917,-1.3150229454040527,-0.96388834714889526,-0.77621269226074219,-0.53493726253509521,-0.15103723108768463,-0.98978653518889903,2
distill:seasonal-ar-economic,synthetic-seasonal-ar-economic-5,TimesFM-laplace-qd,759,-1.0739135125290631,-1.1229780912399292,-1.0870544910430908,-1.8380616903305054,-1.5657453536987305,-1.3513809442520142,-1.176735520362854,-1.0637260675430298,-0.87808310985565186,-0.65010654926300049,-0.33282387256622314,-0.53838661845561497,2
distill:seasonal-ar-economic,synthetic-seasonal-ar-economic-5,Laplace-q-fixed-bandwidth,760,-0.83321692339717868,-0.83113448636392695,-1.9399376543766471,-1.5407135219758907,-1.263367516810844,-1.0368098885603181,-0.83153934770521309,-0.62654592768879569,-0.40091357518468973,-0.12557746993823179,0.2679959067685932,-0.63126904128697214,2
distill:seasonal-ar-economic,synthetic-seasonal-ar-economic-5,TimesFM-zero-shot,760,-0.83321692339717868,-1.0938003063201904,-1.0402493476867676,-1.9572467803955078,-1.6373848915100098,-1.4199962615966797,-1.2607579231262207,-0.9259907603263855,-0.74616146087646484,-0.5112001895904541,-0.13544584810733795,-0.99158124565953165,2
distill:seasonal-ar-economic,synthetic-seasonal-ar-economic-5,TimesFM-laplace-qd,760,-0.83321692339717868,-1.0160536766052246,-0.97893553972244263,-1.6735763549804688,-1.4170541763305664,-1.2185242176055908,-1.0570719242095947,-0.96862214803695679,-0.79583847522735596,-0.58686894178390503,-0.29101619124412537,-0.55376766352066009,2
distill:seasonal-ar-economic,synthetic-seasonal-ar-economic-5,Laplace-q-fixed-bandwidth,761,0.089435763400806056,-0.64577194803061577,-1.7306162233877047,-1.3366229985571372,-1.0647145346727038,-0.84456966689945701,-0.64613910325150725,-0.44798942495291694,-0.22878597219843139,0.041091322213643255,0.42949470782565813,-1.2592080272060324,2
distill:seasonal-ar-economic,synthetic-seasonal-ar-economic-5,TimesFM-zero-shot,761,0.089435763400806056,-0.78609693050384521,-0.72879636287689209,-1.6220624446868896,-1.3201447725296021,-1.1112303733825684,-0.95378732681274414,-0.61706531047821045,-0.43889179825782776,-0.19874253869056702,0.18986120820045471,-1.5558392473994953,2
distill:seasonal-ar-economic,synthetic-seasonal-ar-economic-5,TimesFM-laplace-qd,761,0.089435763400806056,-0.72616899013519287,-0.68394339084625244,-1.3845843076705933,-1.1328083276748657,-0.93585646152496338,-0.77397191524505615,-0.67078864574432373,-0.49730822443962097,-0.28265932202339172,0.026793103665113449,-1.7245258498958069,2
distill:seasonal-ar-economic,synthetic-seasonal-ar-economic-5,Laplace-q-fixed-bandwidth,762,-0.75749766273219399,0.061372104131320195,-1.023096610008456,-0.63049536442665233,-0.35886158835778892,-0.1382355266179924,0.060989311926622714,0.25993813516364594,0.47964064239697823,0.74927827510351286,1.1363472162288653,-1.3874593582168859,2
distill:seasonal-ar-economic,synthetic-seasonal-ar-economic-5,TimesFM-zero-shot,762,-0.75749766273219399,0.071133755147457123,0.10152000188827515,-0.8924100399017334,-0.54467546939849854,-0.30302402377128601,-0.1142679825425148,0.25205305218696594,0.44972014427185059,0.70798391103744507,1.1253424882888794,-1.8967269336395962,2
distill:seasonal-ar-economic,synthetic-seasonal-ar-economic-5,TimesFM-laplace-qd,762,-0.75749766273219399,0.13340559601783752,0.14708547294139862,-0.60348427295684814,-0.31923294067382812,-0.098257668316364288,0.082140110433101654,0.19325399398803711,0.37334910035133362,0.59303981065750122,0.91102355718612671,-3.4081701313663464,2
distill:seasonal-ar-economic,synthetic-seasonal-ar-economic-5,Laplace-q-fixed-bandwidth,763,-1.569015104800787,-0.57539423327585715,-1.6639974320171351,-1.2716203226343841,-0.99922278973380829,-0.77699296175517663,-0.57579889047051613,-0.37487534181335791,-0.15354911879285843,0.11688854751532936,0.50377856181186298,-1.6428090554323753,2
distill:seasonal-ar-economic,synthetic-seasonal-ar-economic-5,TimesFM-zero-shot,763,-1.569015104800787,-0.56424754858016968,-0.52485513687133789,-1.5309213399887085,-1.1799976825714111,-0.93378353118896484,-0.74450165033340454,-0.38230431079864502,-0.18507896363735199,0.072693981230258942,0.4787101149559021,-2.7527120694755296,2
distill:seasonal-ar-economic,synthetic-seasonal-ar-economic-5,TimesFM-laplace-qd,763,-1.569015104800787,-0.61507534980773926,-0.5768471360206604,-1.320706844329834,-1.0487327575683594,-0.83726590871810913,-0.66222834587097168,-0.55141323804855347,-0.37176758050918579,-0.14952218532562256,0.16761550307273865,-4.0701950330955192,2
distill:seasonal-ar-economic,synthetic-seasonal-ar-economic-5,Laplace-q-fixed-bandwidth,764,-2.3804169224372478,-1.2096898696715217,-2.3116750716947925,-1.9167951081570558,-1.6414592761586255,-1.4154742092105299,-1.2101262834637692,-1.0050429224142183,-0.77994059956270145,-0.50653261528158156,-0.11712774916087945,-1.8885957356881113,2
distill:seasonal-ar-economic,synthetic-seasonal-ar-economic-5,TimesFM-zero-shot,764,-2.3804169224372478,-1.2840309143066406,-1.1926249265670776,-2.2725033760070801,-1.9094440937042236,-1.6694914102554321,-1.4772188663482666,-1.0910052061080933,-0.87436574697494507,-0.59398448467254639,-0.15147380530834198,-3.0588891955133137,2
distill:seasonal-ar-economic,synthetic-seasonal-ar-economic-5,TimesFM-laplace-qd,764,-2.3804169224372478,-1.3510010242462158,-1.258933424949646,-2.1124694347381592,-1.8205192089080811,-1.601935863494873,-1.4182113409042358,-1.2791396379470825,-1.0747601985931396,-0.82260221242904663,-0.46278280019760132,-4.2018614026526802,2
distill:seasonal-ar-economic,synthetic-seasonal-ar-economic-5,Laplace-q-fixed-bandwidth,765,-1.8698632899476568,-1.8773423649085652,-3.0023053795143211,-2.6016481848540582,-2.3210584810656623,-2.0892875517282237,-1.8778168920938176,-1.6666054004753712,-1.4356999630108502,-1.1570198617531715,-0.7618711571298179,-0.65728977706693237,2
distill:seasonal-ar-economic,synthetic-seasonal-ar-economic-5,TimesFM-zero-shot,765,-1.8698632899476568,-1.7904284000396729,-1.6495442390441895,-2.818805456161499,-2.4410233497619629,-2.1932761669158936,-1.9913063049316406,-1.5813394784927368,-1.3436281681060791,-1.0351772308349609,-0.55079591274261475,-1.1474726965992519,2
distill:seasonal-ar-economic,synthetic-seasonal-ar-economic-5,TimesFM-laplace-qd,765,-1.8698632899476568,-1.9051834344863892,-1.7626991271972656,-2.7441985607147217,-2.4239952564239502,-2.1845560073852539,-1.9807256460189819,-1.8216595649719238,-1.5890076160430908,-1.3037217855453491,-0.89600062370300293,-0.77382360142858775,2
distill:seasonal-ar-economic,synthetic-seasonal-ar-economic-5,Laplace-q-fixed-bandwidth,766,-2.0032711851513327,-1.4767156587176924,-2.5793067963454002,-2.1840839370725735,-1.9085433276113817,-1.6824966525002192,-1.4771577370889273,-1.2720821750621669,-1.0469141240239022,-0.77329038982626064,-0.38350079710616414,-0.9782662432354472,2
distill:seasonal-ar-economic,synthetic-seasonal-ar-economic-5,TimesFM-zero-shot,766,-2.0032711851513327,-1.613889217376709,-1.4932706356048584,-2.6490356922149658,-2.2600932121276855,-2.0139250755310059,-1.8130729198455811,-1.4136871099472046,-1.1919336318969727,-0.89070028066635132,-0.42782118916511536,-0.66478465313160495,2
distill:seasonal-ar-economic,synthetic-seasonal-ar-economic-5,TimesFM-laplace-qd,766,-2.0032711851513327,-1.6255674362182617,-1.5008639097213745,-2.4017171859741211,-2.1002213954925537,-1.8801732063293457,-1.6906112432479858,-1.5602586269378662,-1.3545860052108765,-1.0893145799636841,-0.71978646516799927,-0.33576992544726791,2
distill:seasonal-ar-economic,synthetic-seasonal-ar-economic-5,Laplace-q-fixed-bandwidth,767,-1.987312023812674,-1.5993034091841734,-2.6913891334980091,-2.2995659842631717,-2.0265734931748529,-1.8028454132770786,-1.5997404011907645,-1.3968965802609128,-1.1740400295933742,-0.90294638752053613,-0.5164901364631509,-0.82122616992245323,2
distill:seasonal-ar-economic,synthetic-seasonal-ar-economic-5,TimesFM-zero-shot,767,-1.987312023812674,-1.6655223369598389,-1.539969801902771,-2.6441495418548584,-2.2763559818267822,-2.0399684906005859,-1.8517402410507202,-1.4764854907989502,-1.2704371213912964,-0.99562722444534302,-0.56130093336105347,-0.7469930430577727,2
distill:seasonal-ar-economic,synthetic-seasonal-ar-economic-5,TimesFM-laplace-qd,767,-1.987312023812674,-1.740420937538147,-1.6014376878738403,-2.4642772674560547,-2.1782972812652588,-1.9714474678039551,-1.7937318086624146,-1.6880283355712891,-1.5008713006973267,-1.2648597955703735,-0.93281900882720947,-0.28097298679135252,2
distill:sticky-repeating,synthetic-sticky-repeating-5,Laplace-q-fixed-bandwidth,704,0.81578902750754845,0.81430184590978028,0.60184708347264693,0.67661892935847312,0.72889679090073578,0.77311896643219358,0.81430179348533738,0.85548462485422605,0.89970681209984826,0.95198470508539446,1.0267566526994911,0.98844847170596029,2
distill:sticky-repeating,synthetic-sticky-repeating-5,TimesFM-zero-shot,704,0.81578902750754845,0.84138643741607666,0.72007477283477783,0.52504289150238037,0.63660991191864014,0.71906578540802002,0.78370487689971924,0.88598239421844482,0.8961179256439209,0.96354782581329346,1.1632858514785767,0.38019107689293374,2
distill:sticky-repeating,synthetic-sticky-repeating-5,TimesFM-laplace-qd,704,0.81578902750754845,0.83561480045318604,0.64994418621063232,0.56639325618743896,0.6379467248916626,0.73614907264709473,0.82781815528869629,0.8535158634185791,0.89789664745330811,0.98041665554046631,1.1382597684860229,0.57724256326331402,2
distill:sticky-repeating,synthetic-sticky-repeating-5,Laplace-q-fixed-bandwidth,705,0.78903784550922618,0.8157930948526696,0.60657344068175312,0.68020186011181338,0.7316845352668564,0.77523519694076781,0.81579304364203331,0.85635089396866615,0.89990156772713514,0.95138427309357176,1.0250127928254589,0.97963913251575274,2
distill:sticky-repeating,synthetic-sticky-repeating-5,TimesFM-zero-shot,705,0.78903784550922618,0.83580732345581055,0.71837985515594482,0.61697030067443848,0.70507025718688965,0.76915037631988525,0.80138075351715088,0.85973167419433594,0.86135566234588623,0.91879177093505859,1.0990661382675171,0.79792095657399287,2
distill:sticky-repeating,synthetic-sticky-repeating-5,TimesFM-laplace-qd,705,0.78903784550922618,0.83202445507049561,0.64315629005432129,0.63691985607147217,0.69139432907104492,0.77664339542388916,0.84102165699005127,0.83647990226745605,0.87692058086395264,0.95796549320220947,1.1022428274154663,0.74022252293429247,2
distill:sticky-repeating,synthetic-sticky-repeating-5,Laplace-q-fixed-bandwidth,706,0.8737256199619885,0.78907540396880727,0.58302593904486755,0.65553407484549253,0.70623748561127608,0.74913003170257908,0.78907535335861945,0.82902067857041062,0.87191323710684165,0.92261667750388265,0.995124912272908,0.78143254722849353,2
distill:sticky-repeating,synthetic-sticky-repeating-5,TimesFM-zero-shot,706,0.8737256199619885,0.79523265361785889,0.68489515781402588,0.61686861515045166,0.6998436450958252,0.75223588943481445,0.77326929569244385,0.81857204437255859,0.8253176212310791,0.87483406066894531,1.0313836336135864,0.60760044250037137,2
distill:sticky-repeating,synthetic-sticky-repeating-5,TimesFM-laplace-qd,706,0.8737256199619885,0.79938673973083496,0.63253796100616455,0.62672197818756104,0.68317615985870361,0.76193344593048096,0.81752729415893555,0.80450081825256348,0.84844160079956055,0.92149257659912109,1.0422838926315308,0.58895528109710216,2
distill:sticky-repeating,synthetic-sticky-repeating-5,Laplace-q-fixed-bandwidth,707,0.76989607219527878,0.87392335420319256,0.6708571349109208,0.74231123579168479,0.79228130163560351,0.83455446960920932,0.87392330428496245,0.91329214303914863,0.9555653232480541,1.0055354182236389,1.076989615821534,0.67506464852475556,2
distill:sticky-repeating,synthetic-sticky-repeating-5,TimesFM-zero-shot,707,0.76989607219527878,0.88820517063140869,0.79685878753662109,0.65248918533325195,0.75934958457946777,0.83320975303649902,0.86798322200775146,0.93647205829620361,0.98163783550262451,1.05711829662323,1.2721909284591675,0.65650991536726577,2
distill:sticky-repeating,synthetic-sticky-repeating-5,TimesFM-laplace-qd,707,0.76989607219527878,0.91389286518096924,0.76609623432159424,0.74487876892089844,0.8060917854309082,0.8893355131149292,0.94824612140655518,0.92547702789306641,0.98697078227996826,1.0730053186416626,1.2355314493179321,0.47882680398087152,2
distill:sticky-repeating,synthetic-sticky-repeating-5,Laplace-q-fixed-bandwidth,708,0.81836761353517162,0.77026592266784244,0.57005587176605421,0.64050094430705862,0.68976888394059643,0.7314490158886966,0.77026587399485691,0.80908273496880501,0.85076287838805853,0.90003084727303739,0.97047601559817132,0.963517407328776,2
distill:sticky-repeating,synthetic-sticky-repeating-5,TimesFM-zero-shot,708,0.81836761353517162,0.82312607765197754,0.72960817813873291,0.6162799596786499,0.70604944229125977,0.76526403427124023,0.79189920425415039,0.8599013090133667,0.8888399600982666,0.96132934093475342,1.1524556875228882,0.73753136313157586,2
distill:sticky-repeating,synthetic-sticky-repeating-5,TimesFM-laplace-qd,708,0.81836761353517162,0.83514797687530518,0.67376327514648438,0.68883895874023438,0.73741364479064941,0.80885124206542969,0.86369097232818604,0.84591066837310791,0.89734876155853271,0.97683751583099365,1.1130207777023315,1.0032374039759497,2
distill:sticky-repeating,synthetic-sticky-repeating-5,Laplace-q-fixed-bandwidth,709,0.77185380605806075,0.81954352288490873,0.62232971239966117,0.69171635648478036,0.74024772051967425,0.78130570076459094,0.81954347485450008,0.85778125176106057,0.89883924383591385,0.94737063660065335,1.0167573747619343,0.97748672602788522,2
distill:sticky-repeating,synthetic-sticky-repeating-5,TimesFM-zero-shot,709,0.77185380605806075,0.83061909675598145,0.74420809745788574,0.67840349674224854,0.74965333938598633,0.80464446544647217,0.81912076473236084,0.85902273654937744,0.87456715106964111,0.92136895656585693,1.0751594305038452,0.95353508500492579,2
distill:sticky-repeating,synthetic-sticky-repeating-5,TimesFM-laplace-qd,709,0.77185380605806075,0.85312914848327637,0.71021115779876709,0.72529435157775879,0.76192891597747803,0.83411180973052979,0.8768317699432373,0.87646269798278809,0.92041540145874023,0.98742866516113281,1.1101731061935425,0.67077905560103335,2
distill:sticky-repeating,synthetic-sticky-repeating-5,Laplace-q-fixed-bandwidth,710,0.85005920489571618,0.77403417947756004,0.57977081432254463,0.64811533193917747,0.69592135672830646,0.73636664599612689,0.77403413208461602,0.81170162149384661,0.85214692183080643,0.89995297484623937,0.96829758544363909,0.86118795210100241,2
distill:sticky-repeating,synthetic-sticky-repeating-5,TimesFM-zero-shot,710,0.85005920489571618,0.73361766338348389,0.74184536933898926,0.61629855632781982,0.67085599899291992,0.70284438133239746,0.7180018424987793,0.74945330619812012,0.7630915641784668,0.7855839729309082,0.8987581729888916,-0.4281153667370905,2
distill:sticky-repeating,synthetic-sticky-repeating-5,TimesFM-laplace-qd,710,0.85005920489571618,0.76059246063232422,0.61986625194549561,0.62576627731323242,0.6646721363067627,0.73057234287261963,0.79113602638244629,0.77064168453216553,0.83369791507720947,0.89300310611724854,1.0015596151351929,0.59803025855659175,2
distill:sticky-repeating,synthetic-sticky-repeating-5,Laplace-q-fixed-bandwidth,711,0.76569726054939868,0.85484528249361991,0.66340716039111058,0.73075386973432199,0.77786531771254563,0.81772387843412309,0.85484523574774496,0.89196659632796638,0.93182516848264152,0.97893664422696025,1.0462834450349543,0.79194587702040597,2
distill:sticky-repeating,synthetic-sticky-repeating-5,TimesFM-zero-shot,711,0.76569726054939868,0.82874453067779541,0.82012224197387695,0.69824588298797607,0.75513041019439697,0.79279792308807373,0.81039893627166748,0.8455585241317749,0.85657477378845215,0.8753206729888916,0.98073554039001465,1.1496722044657286,2
distill:sticky-repeating,synthetic-sticky-repeating-5,TimesFM-laplace-qd,711,0.76569726054939868,0.86025738716125488,0.70004427433013916,0.72180056571960449,0.76446926593780518,0.83009183406829834,0.88969683647155762,0.86503255367279053,0.92157113552093506,0.97483551502227783,1.0678733587265015,0.699690281705724,2
distill:sticky-repeating,synthetic-sticky-repeating-5,Laplace-q-fixed-bandwidth,712,0.85227501833075048,0.7702217602429392,0.58151414414977798,0.64789657422460389,0.69433672368677857,0.73362820366535386,0.77022171411662832,0.80681522778371617,0.84610671901763901,0.8925468958142293,0.95892941646780505,0.84246296232037921,2
distill:sticky-repeating,synthetic-sticky-repeating-5,TimesFM-zero-shot,712,0.85227501833075048,0.73400592803955078,0.74443733692169189,0.60714554786682129,0.67152512073516846,0.7002708911895752,0.71806156635284424,0.75366592407226562,0.75179886817932129,0.76044094562530518,0.84122800827026367,-0.47608062304841103,2
distill:sticky-repeating,synthetic-sticky-repeating-5,TimesFM-laplace-qd,712,0.85227501833075048,0.76360654830932617,0.63945376873016357,0.63040733337402344,0.67337214946746826,0.72748267650604248,0.78667366504669189,0.77385079860687256,0.81495654582977295,0.85662734508514404,0.92936038970947266,0.65759597628403799,2
distill:sticky-repeating,synthetic-sticky-repeating-5,Laplace-q-fixed-bandwidth,713,0.81244850818204983,0.85898899406134344,0.6729958569800023,0.73841975290505002,0.78419252907024273,0.82292022387366082,0.8589889486276121,0.895057677074373,0.93378538242867526,0.97955818549862328,1.0449821705786442,1.0300327021988034,2
distill:sticky-repeating,synthetic-sticky-repeating-5,TimesFM-zero-shot,713,0.81244850818204983,0.8164970874786377,0.79883313179016113,0.7100226879119873,0.75969481468200684,0.78951728343963623,0.7975773811340332,0.83844614028930664,0.8372417688369751,0.84642016887664795,0.92826247215270996,1.3587980177491155,2
distill:sticky-repeating,synthetic-sticky-repeating-5,TimesFM-laplace-qd,713,0.81244850818204983,0.85385346412658691,0.7197272777557373,0.75525212287902832,0.77727329730987549,0.82662808895111084,0.87016654014587402,0.8727186918258667,0.90735900402069092,0.94295001029968262,1.0123517513275146,1.1246386833783026,2
distill:sticky-repeating,synthetic-sticky-repeating-5,Laplace-q-fixed-bandwidth,714,0.7636214161323529,0.81821697384267777,0.6350023007115132,0.69944519418072326,0.74453484284372751,0.78268541490636157,0.81821692956907643,0.85374844682532403,0.89189902978079616,0.93698870541654244,1.0014316860284573,1.0080386859239985,2
distill:sticky-repeating,synthetic-sticky-repeating-5,TimesFM-zero-shot,714,0.7636214161323529,0.78134012222290039,0.75217938423156738,0.67340326309204102,0.71923792362213135,0.74942553043365479,0.75798213481903076,0.80074644088745117,0.80010569095611572,0.81217563152313232,0.87882673740386963,1.3750143673477904,2
distill:sticky-repeating,synthetic-sticky-repeating-5,TimesFM-laplace-qd,714,0.7636214161323529,0.81251704692840576,0.66467630863189697,0.72536897659301758,0.74020421504974365,0.78961145877838135,0.82863771915435791,0.828399658203125,0.86391699314117432,0.90408289432525635,0.96229588985443115,1.0701039144870299,2
distill:sticky-repeating,synthetic-sticky-repeating-5,Laplace-q-fixed-bandwidth,715,0.80918484888719788,0.76812758734311437,0.58762866417290294,0.65111277965792036,0.69553470594660349,0.73312114978155241,0.76812754366725344,0.80313394010411454,0.84072039465393589,0.88514234696445238,0.94862654918891309,1.0755116635374571,2
distill:sticky-repeating,synthetic-sticky-repeating-5,TimesFM-zero-shot,715,0.80918484888719788,0.72761452198028564,0.68638765811920166,0.61761951446533203,0.6683650016784668,0.70040774345397949,0.70132744312286377,0.76337325572967529,0.76619672775268555,0.78356444835662842,0.86217546463012695,0.50296423842254079,2
distill:sticky-repeating,synthetic-sticky-repeating-5,TimesFM-laplace-qd,715,0.80918484888719788,0.75391888618469238,0.63066339492797852,0.67622542381286621,0.69184815883636475,0.73870456218719482,0.76603865623474121,0.78313136100769043,0.81798660755157471,0.85843253135681152,0.92591762542724609,1.162398717421639,2
distill:sticky-repeating,synthetic-sticky-repeating-5,Laplace-q-fixed-bandwidth,716,0.76791431819309097,0.81437891399781626,0.63658463767419504,0.69911399804740482,0.74287091330270938,0.7798954960924116,0.81437887094166883,0.8488622488018458,0.88588684212976587,0.92964378297788519,0.99217322815865794,1.0669378450051998,2
distill:sticky-repeating,synthetic-sticky-repeating-5,TimesFM-zero-shot,716,0.76791431819309097,0.78332722187042236,0.73122608661651611,0.65875554084777832,0.71880221366882324,0.76183819770812988,0.76585400104522705,0.82108378410339355,0.82421386241912842,0.83730494976043701,0.91528499126434326,1.181577858345003,2
distill:sticky-repeating,synthetic-sticky-repeating-5,TimesFM-laplace-qd,716,0.76791431819309097,0.8141629695892334,0.72156155109405518,0.71737420558929443,0.74737203121185303,0.80660438537597656,0.83498466014862061,0.8419795036315918,0.87487542629241943,0.91320717334747314,0.98295152187347412,0.77752335562234465,2
distill:sticky-repeating,synthetic-sticky-repeating-5,Laplace-q-fixed-bandwidth,717,0.79674726719158917,0.77197780388211035,0.59683460296390756,0.65842819567000777,0.70153325857388693,0.7380070793528799,0.77197776124216078,0.80594844708099167,0.84242227773385991,0.88552736532242649,0.94712104195646418,1.1515917110523153,2
distill:sticky-repeating,synthetic-sticky-repeating-5,TimesFM-zero-shot,717,0.79674726719158917,0.75928890705108643,0.71782028675079346,0.62900972366333008,0.70287096500396729,0.7366715669631958,0.74288451671600342,0.78846752643585205,0.79459130764007568,0.80655741691589355,0.86641430854797363,1.6665550420587569,2
distill:sticky-repeating,synthetic-sticky-repeating-5,TimesFM-laplace-qd,717,0.79674726719158917,0.7793809175491333,0.69599628448486328,0.68599057197570801,0.7283940315246582,0.77842867374420166,0.81036925315856934,0.79783070087432861,0.83635091781616211,0.87476921081542969,0.92951226234436035,1.6145466252107203,2
distill:sticky-repeating,synthetic-sticky-repeating-5,Laplace-q-fixed-bandwidth,718,-2.2505739460305305,0.80114814609432061,0.62865337408208299,0.68931223998595081,0.73176608048512137,0.76768964907883741,0.8011481040048154,0.83460656281551882,0.87053014112104821,0.91298400687093362,0.97364295532521572,-282.63321157087518,2
distill:sticky-repeating,synthetic-sticky-repeating-5,TimesFM-zero-shot,718,-2.2505739460305305,0.76805233955383301,0.73745810985565186,0.64765572547912598,0.71765124797821045,0.74305152893066406,0.75276148319244385,0.79247856140136719,0.79941511154174805,0.81290805339813232,0.87879836559295654,-283.04555485568693,2
distill:sticky-repeating,synthetic-sticky-repeating-5,TimesFM-laplace-qd,718,-2.2505739460305305,0.79299557209014893,0.72588396072387695,0.69488954544067383,0.74242651462554932,0.78640007972717285,0.82080495357513428,0.81060791015625,0.8508683443069458,0.88974583148956299,0.94918644428253174,-363.21149249314442,2
distill:sticky-repeating,synthetic-sticky-repeating-5,Laplace-q-fixed-bandwidth,719,-2.30976092785103,-2.2516233794022935,-2.5821777721426633,-2.4658244386516053,-2.3844892650466791,-2.315691458436314,-2.251623460988287,-2.1875554578448195,-2.1187576316168188,-2.0374224099170464,-1.9210689175864308,0.50104762398716152,2
distill:sticky-repeating,synthetic-sticky-repeating-5,TimesFM-zero-shot,719,-2.30976092785103,-1.9899234771728516,-2.023637056350708,-2.4805302619934082,-2.2735738754272461,-2.1766092777252197,-2.0872478485107422,-1.873732328414917,-1.7826170921325684,-1.6531906127929688,-1.4531937837600708,-0.17297016334011073,2
distill:sticky-repeating,synthetic-sticky-repeating-5,TimesFM-laplace-qd,719,-2.30976092785103,-2.0859308242797852,-2.0479333400726318,-2.4346284866333008,-2.2948977947235107,-2.212491512298584,-2.1274757385253906,-2.0487561225891113,-1.9562416076660156,-1.8437471389770508,-1.7101670503616333,0.097804743377245984,2
distill:sticky-repeating,synthetic-sticky-repeating-5,Laplace-q-fixed-bandwidth,720,-2.3193529668015751,-2.310556642673931,-2.6360613504774242,-2.5215051948550107,-2.4414090313716303,-2.3736546148663176,-2.3105567225384038,-2.2474588247562859,-2.1797043888582457,-2.0996081787111147,-1.9850518661288121,0.56077078299097316,2
distill:sticky-repeating,synthetic-sticky-repeating-5,TimesFM-zero-shot,720,-2.3193529668015751,-2.2889900207519531,-2.3277320861816406,-2.4545493125915527,-2.353168249130249,-2.3257169723510742,-2.3027830123901367,-2.2394313812255859,-2.1709537506103516,-2.0975630283355713,-1.966374397277832,1.0348679720618617,2
distill:sticky-repeating,synthetic-sticky-repeating-5,TimesFM-laplace-qd,720,-2.3193529668015751,-2.2976961135864258,-2.1995253562927246,-2.4848089218139648,-2.400752067565918,-2.3605899810791016,-2.3211326599121094,-2.2868523597717285,-2.2208602428436279,-2.1487278938293457,-2.0526018142700195,0.77319715066635575,2
distill:sticky-repeating,synthetic-sticky-repeating-5,Laplace-q-fixed-bandwidth,721,-2.2844839368596586,-2.319924445331023,-2.640417896153886,-2.5276439136586215,-2.4487775703129717,-2.3820591138380052,-2.319924523498536,-2.2577899279353981,-2.1910714534677953,-2.112205063109128,-1.9994309273862494,0.55915066523950196,2
distill:sticky-repeating,synthetic-sticky-repeating-5,TimesFM-zero-shot,721,-2.2844839368596586,-2.2570371627807617,-2.275153636932373,-2.4108293056488037,-2.3354852199554443,-2.2967038154602051,-2.2703900337219238,-2.2321276664733887,-2.201169490814209,-2.1417608261108398,-2.0188443660736084,1.0792631273183846,2
distill:sticky-repeating,synthetic-sticky-repeating-5,TimesFM-laplace-qd,721,-2.2844839368596586,-2.267509937286377,-2.1426427364349365,-2.5093550682067871,-2.4259157180786133,-2.3636295795440674,-2.3088150024414062,-2.2521820068359375,-2.1992368698120117,-2.1248352527618408,-2.0131092071533203,0.47976926610010406,2
distill:sticky-repeating,synthetic-sticky-repeating-5,Laplace-q-fixed-bandwidth,722,-2.3211062632943693,-2.2848683880535456,-2.6004531481800495,-2.4894228087314598,-2.4117614797618776,-2.34605857150963,-2.2848684650180209,-2.2236783529517599,-2.1579754268606335,-2.0803140516214569,-1.969283561099854,0.57307101198778354,2
distill:sticky-repeating,synthetic-sticky-repeating-5,TimesFM-zero-shot,722,-2.3211062632943693,-2.2903327941894531,-2.2745704650878906,-2.4610028266906738,-2.3842339515686035,-2.3434262275695801,-2.3142199516296387,-2.264007568359375,-2.2266368865966797,-2.1705811023712158,-2.0503456592559814,0.93357118233214242,2
distill:sticky-repeating,synthetic-sticky-repeating-5,TimesFM-laplace-qd,722,-2.3211062632943693,-2.2884266376495361,-2.1314210891723633,-2.5545916557312012,-2.4646730422973633,-2.3963909149169922,-2.3366529941558838,-2.2739496231079102,-2.2134871482849121,-2.1388394832611084,-2.0255804061889648,0.4500405028251937,2
distill:sticky-repeating,synthetic-sticky-repeating-5,Laplace-q-fixed-bandwidth,723,-2.3096835196328693,-2.3214223144070325,-2.6321815131998028,-2.5228637338808975,-2.446387288907732,-2.3816833290914481,-2.3214223901394613,-2.2611614463587593,-2.1964574677641346,-2.1199809777229515,-2.0106630497868929,0.6057608317068921,2
distill:sticky-repeating,synthetic-sticky-repeating-5,TimesFM-zero-shot,723,-2.3096835196328693,-2.3264040946960449,-2.3294591903686523,-2.4411544799804688,-2.379061222076416,-2.3530368804931641,-2.3387007713317871,-2.3117072582244873,-2.2858467102050781,-2.2470676898956299,-2.1486935615539551,1.2591444857796827,2
distill:sticky-repeating,synthetic-sticky-repeating-5,TimesFM-laplace-qd,723,-2.3096835196328693,-2.3210725784301758,-2.1842122077941895,-2.5374462604522705,-2.4606952667236328,-2.4092984199523926,-2.3644533157348633,-2.3193676471710205,-2.26997971534729,-2.2121052742004395,-2.1212103366851807,0.5416770795580621,2
distill:sticky-repeating,synthetic-sticky-repeating-5,Laplace-q-fixed-bandwidth,724,-2.2945722829685304,-2.3099224647133654,-2.6159185318130316,-2.5082899697544203,-2.4329832909664244,-2.3692658120320491,-2.3099225391354405,-2.2505792605513824,-2.1868617640376149,-2.1115550407840997,-2.0039263324029069,0.61949712215875574,2
distill:sticky-repeating,synthetic-sticky-repeating-5,TimesFM-zero-shot,724,-2.2945722829685304,-2.323486328125,-2.3243105411529541,-2.4242584705352783,-2.3670229911804199,-2.3448612689971924,-2.3321328163146973,-2.3108911514282227,-2.2837820053100586,-2.240497350692749,-2.1347408294677734,1.1489070323919779,2
distill:sticky-repeating,synthetic-sticky-repeating-5,TimesFM-laplace-qd,724,-2.2945722829685304,-2.337059497833252,-2.191084623336792,-2.5619401931762695,-2.4817843437194824,-2.4273290634155273,-2.3783998489379883,-2.3333749771118164,-2.2775154113769531,-2.2094862461090088,-2.1022727489471436,0.37300683300763171,2
distill:sticky-repeating,synthetic-sticky-repeating-5,Laplace-q-fixed-bandwidth,725,-2.3303882441846655,-2.2947573144018238,-2.5960698509051374,-2.4901010574653952,-2.4159448120709541,-2.3531977979226388,-2.2947573877195326,-2.2363169715256639,-2.1735699404035245,-2.0994136510768282,-1.9934447128603425,0.61790903171142464,2
distill:sticky-repeating,synthetic-sticky-repeating-5,TimesFM-zero-shot,725,-2.3303882441846655,-2.2960798740386963,-2.30035400390625,-2.3794982433319092,-2.3297524452209473,-2.3163661956787109,-2.3050029277801514,-2.2815761566162109,-2.2607316970825195,-2.2209534645080566,-2.1235361099243164,2.1374500235647913,2
distill:sticky-repeating,synthetic-sticky-repeating-5,TimesFM-laplace-qd,725,-2.3303882441846655,-2.3017966747283936,-2.1636433601379395,-2.5079095363616943,-2.4328145980834961,-2.3861358165740967,-2.3382329940795898,-2.2985625267028809,-2.2505440711975098,-2.1850049495697021,-2.0837311744689941,0.81785047690646873,2
distill:sticky-repeating,synthetic-sticky-repeating-5,Laplace-q-fixed-bandwidth,726,-2.269502337018773,-2.330550778297019,-2.6272716035271948,-2.5229288921389568,-2.4499007305283946,-2.3881055972975025,-2.3305508497097316,-2.2729960982569919,-2.2112009476337464,-2.1381727425422961,-2.0338298891164914,0.59188949142721969,2
distill:sticky-repeating,synthetic-sticky-repeating-5,TimesFM-zero-shot,726,-2.269502337018773,-2.3234407901763916,-2.322662353515625,-2.4015798568725586,-2.3495244979858398,-2.3374435901641846,-2.3306021690368652,-2.312532901763916,-2.2925577163696289,-2.2596797943115234,-2.1734514236450195,0.72711867521373719,2
distill:sticky-repeating,synthetic-sticky-repeating-5,TimesFM-laplace-qd,726,-2.269502337018773,-2.3335452079772949,-2.1845269203186035,-2.5363249778747559,-2.4588546752929688,-2.4146223068237305,-2.3719749450683594,-2.3366689682006836,-2.2884769439697266,-2.2295079231262207,-2.1406781673431396,0.37452640370202173,2
distill:sticky-repeating,synthetic-sticky-repeating-5,Laplace-q-fixed-bandwidth,727,-2.3244227503884192,-2.2696236992393688,-2.5618645823926571,-2.4591072844505679,-2.3871799389283255,-2.3263139352196212,-2.2696237695720121,-2.2129335992365209,-2.1520675786514443,-2.0801401909382702,-1.9773827532973196,0.61741663934623148,2
distill:sticky-repeating,synthetic-sticky-repeating-5,TimesFM-zero-shot,727,-2.3244227503884192,-2.2557973861694336,-2.2527379989624023,-2.3545897006988525,-2.3036465644836426,-2.2868545055389404,-2.2748939990997314,-2.2356457710266113,-2.2070217132568359,-2.1593246459960938,-2.0505352020263672,1.1434214878873679,2
distill:sticky-repeating,synthetic-sticky-repeating-5,TimesFM-laplace-qd,727,-2.3244227503884192,-2.2590909004211426,-2.1216356754302979,-2.4901094436645508,-2.4091324806213379,-2.358339786529541,-2.307957649230957,-2.2509627342224121,-2.1930298805236816,-2.1178803443908691,-2.0039095878601074,0.79659610846368123,2
distill:sticky-repeating,synthetic-sticky-repeating-5,Laplace-q-fixed-bandwidth,728,-2.2816723722437451,-2.3245378440574149,-2.6123596578795611,-2.5111655848310166,-2.4403242137269423,-2.3803749634127263,-2.3245379132290243,-2.2687008584917931,-2.2087515917848721,-2.1379101787883315,-2.0367159682232074,0.65149241984943185,2
distill:sticky-repeating,synthetic-sticky-repeating-5,TimesFM-zero-shot,728,-2.2816723722437451,-2.3012404441833496,-2.3035314083099365,-2.3945813179016113,-2.3437991142272949,-2.3235645294189453,-2.3121738433837891,-2.2829170227050781,-2.2577996253967285,-2.2228922843933105,-2.1312499046325684,1.2469046785764257,2
distill:sticky-repeating,synthetic-sticky-repeating-5,TimesFM-laplace-qd,728,-2.2816723722437451,-2.3109164237976074,-2.1789228916168213,-2.5194578170776367,-2.4447298049926758,-2.3939499855041504,-2.3486025333404541,-2.307729959487915,-2.2569246292114258,-2.1985945701599121,-2.1045856475830078,0.51715894499642734,2
distill:sticky-repeating,synthetic-sticky-repeating-5,Laplace-q-fixed-bandwidth,729,-2.3282180409898734,-2.2817648910048991,-2.5652200743911902,-2.4655701192047026,-2.395801934976137,-2.3367587734289996,-2.2817649590119231,-2.2267711401681929,-2.1677279626851016,-2.0979597368459899,-1.9983096462038943,0.65989530441129807,2
distill:sticky-repeating,synthetic-sticky-repeating-5,TimesFM-zero-shot,729,-2.3282180409898734,-2.2745318412780762,-2.2749247550964355,-2.3735942840576172,-2.3209710121154785,-2.2985858917236328,-2.285222053527832,-2.2580316066741943,-2.2359151840209961,-2.2035117149353027,-2.1180133819580078,2.3561564926502125,2
distill:sticky-repeating,synthetic-sticky-repeating-5,TimesFM-laplace-qd,729,-2.3282180409898734,-2.2817854881286621,-2.1431255340576172,-2.5126304626464844,-2.4297127723693848,-2.3720417022705078,-2.3207557201385498,-2.2776374816894531,-2.2272486686706543,-2.1658737659454346,-2.0665183067321777,0.77121857029310736,2
distill:sticky-repeating,synthetic-sticky-repeating-5,Laplace-q-fixed-bandwidth,730,-2.2896282266526309,-2.3283063729709887,-2.6074693849894981,-2.5093366113499895,-2.4406234208582829,-2.382471131826013,-2.3283064397973492,-2.2741417434594462,-2.2159894380520653,-2.1472762070535083,-2.0491433006894226,0.68628658671326481,2
distill:sticky-repeating,synthetic-sticky-repeating-5,TimesFM-zero-shot,730,-2.2896282266526309,-2.3099582195281982,-2.3034398555755615,-2.4148073196411133,-2.3627438545227051,-2.3385336399078369,-2.3224363327026367,-2.2920017242431641,-2.2682418823242188,-2.2355008125305176,-2.139984130859375,1.1928610318797908,2
distill:sticky-repeating,synthetic-sticky-repeating-5,TimesFM-laplace-qd,730,-2.2896282266526309,-2.33154296875,-2.1845312118530273,-2.5507781505584717,-2.4738240242004395,-2.4176983833312988,-2.3651964664459229,-2.3319141864776611,-2.2809557914733887,-2.2224717140197754,-2.1236634254455566,0.5058043808897279,2
distill:sticky-repeating,synthetic-sticky-repeating-5,Laplace-q-fixed-bandwidth,731,-2.2529326635932425,-2.289701863559602,-2.5646300652096623,-2.4679937187108139,-2.4003215085002201,-2.3430483701537836,-2.2897019291629421,-2.2363554848131275,-2.1790823305115645,-2.111410079153544,-2.014773601654722,0.70343518383775416,2
distill:sticky-repeating,synthetic-sticky-repeating-5,TimesFM-zero-shot,731,-2.2529326635932425,-2.2941250801086426,-2.3028559684753418,-2.4143681526184082,-2.3551502227783203,-2.3263785839080811,-2.3082685470581055,-2.2772130966186523,-2.2516651153564453,-2.2201797962188721,-2.1384706497192383,1.0451440394319222,2
distill:sticky-repeating,synthetic-sticky-repeating-5,TimesFM-laplace-qd,731,-2.2529326635932425,-2.3076541423797607,-2.1882853507995605,-2.5228633880615234,-2.4443116188049316,-2.3879599571228027,-2.3374075889587402,-2.3101887702941895,-2.2599613666534424,-2.2074573040008545,-2.1278104782104492,0.54341432166340331,2
distill:sticky-repeating,synthetic-sticky-repeating-5,Laplace-q-fixed-bandwidth,732,1.5752455222041499,-2.2529953050222464,-2.5237530741127383,-2.4285899462039557,-2.3619429722096408,-2.3055357973069501,-2.2529953701806935,-2.2004549381401466,-2.1440477476755371,-2.0774007343669005,-1.9822374770484779,-176.14273919428035,2
distill:sticky-repeating,synthetic-sticky-repeating-5,TimesFM-zero-shot,732,1.5752455222041499,-2.2373142242431641,-2.2376413345336914,-2.3554236888885498,-2.2990367412567139,-2.2697257995605469,-2.2531609535217285,-2.2203085422515869,-2.1952810287475586,-2.1625251770019531,-2.0769174098968506,-228.85267279513056,2
distill:sticky-repeating,synthetic-sticky-repeating-5,TimesFM-laplace-qd,732,1.5752455222041499,-2.2407646179199219,-2.1300418376922607,-2.4485199451446533,-2.3732461929321289,-2.3159475326538086,-2.2676873207092285,-2.2479381561279297,-2.1996464729309082,-2.1469342708587646,-2.065983772277832,-254.20598198411696,2
distill:sticky-repeating,synthetic-sticky-repeating-5,Laplace-q-fixed-bandwidth,733,1.6232955218634098,1.5752629073410767,1.1266919710616241,1.2853445333123592,1.3955828879719743,1.4886516138432226,1.5752627852315475,1.6618739646137481,1.7549427168647873,1.8651811378735721,2.0238339215546697,0.22770664680186603,2
distill:sticky-repeating,synthetic-sticky-repeating-5,TimesFM-zero-shot,733,1.6232955218634098,0.51710677146911621,0.36825990676879883,-0.50928759574890137,-0.12886726856231689,0.12820053100585938,0.34395313262939453,0.69889259338378906,0.91704201698303223,1.1815762519836426,1.631321907043457,-1.8347925109566463,2
distill:sticky-repeating,synthetic-sticky-repeating-5,TimesFM-laplace-qd,733,1.6232955218634098,0.79602682590484619,0.65923154354095459,-0.18122398853302002,0.17621910572052002,0.44314432144165039,0.67760050296783447,0.91298198699951172,1.1346416473388672,1.3913471698760986,1.7850418090820312,-1.5183771812579536,2
distill:sticky-repeating,synthetic-sticky-repeating-5,Laplace-q-fixed-bandwidth,734,1.6065388887561991,1.6233035607484447,1.1822615922167996,1.3380950236128037,1.4465112886805001,1.5380779817427204,1.6233034433901854,1.7085289131512793,1.8000956320295933,1.9085119612687227,2.0643456095199135,0.25889921806112826,2
distill:sticky-repeating,synthetic-sticky-repeating-5,TimesFM-zero-shot,734,1.6065388887561991,1.5016970634460449,1.3400876522064209,0.71061503887176514,1.0322713851928711,1.2374038696289062,1.3792376518249512,1.6315937042236328,1.7611749172210693,1.8971710205078125,2.1544778347015381,-0.57191208691164586,2
distill:sticky-repeating,synthetic-sticky-repeating-5,TimesFM-laplace-qd,734,1.6065388887561991,1.5558438301086426,1.3725252151489258,0.86915326118469238,1.1464221477508545,1.3547370433807373,1.5131664276123047,1.6266467571258545,1.7689344882965088,1.909388542175293,2.1321914196014404,-0.33119149702885964,2
distill:sticky-repeating,synthetic-sticky-repeating-5,Laplace-q-fixed-bandwidth,735,1.5946976799663954,1.6065387966563804,1.172808038881326,1.3259273949880401,1.4325699398680389,1.522669024175066,1.6065386831630959,1.6904083496550735,1.7805074598848321,1.8871500682073039,2.0402696364711055,0.2760256254808533,2
distill:sticky-repeating,synthetic-sticky-repeating-5,TimesFM-zero-shot,735,1.5946976799663954,1.540611743927002,1.5040390491485596,1.0869371891021729,1.2719025611877441,1.3881909847259521,1.4677467346191406,1.5992791652679443,1.6207859516143799,1.6413707733154297,1.749234676361084,0.66658489656876041,2
distill:sticky-repeating,synthetic-sticky-repeating-5,TimesFM-laplace-qd,735,1.5946976799663954,1.5331435203552246,1.4208652973175049,1.1460704803466797,1.2913839817047119,1.4241571426391602,1.5364265441894531,1.559967041015625,1.6198439598083496,1.6679627895355225,1.7752101421356201,0.56393281917106197,2
distill:sticky-repeating,synthetic-sticky-repeating-5,Laplace-q-fixed-bandwidth,736,1.6112164607143384,1.5946826837646768,1.1680455854437757,1.3185520005468681,1.4234698817029903,1.5121372071041426,1.5946825742103814,1.6772279482794041,1.765895298366791,1.87081324218797,2.0213198655416056,0.29084559713883884,2
distill:sticky-repeating,synthetic-sticky-repeating-5,TimesFM-zero-shot,736,1.6112164607143384,1.557215690612793,1.5084307193756104,1.2034358978271484,1.3631813526153564,1.4611542224884033,1.5130970478057861,1.5930685997009277,1.5989110469818115,1.6002590656280518,1.6765899658203125,1.1695780850659285,2
distill:sticky-repeating,synthetic-sticky-repeating-5,TimesFM-laplace-qd,736,1.6112164607143384,1.5388319492340088,1.4035983085632324,1.2051050662994385,1.3407502174377441,1.4648327827453613,1.5542964935302734,1.5595459938049316,1.6124947071075439,1.6489207744598389,1.743847131729126,0.75977627858420349,2
distill:sticky-repeating,synthetic-sticky-repeating-5,Laplace-q-fixed-bandwidth,737,1.5796950934896765,1.6111794924122751,1.1914400354071875,1.3394222376133738,1.4426601085868791,1.5299288913806306,1.6111793857799244,1.6924298872499679,1.7796986947913456,1.8829366270446846,2.030919033124166,0.3005447953429119,2
distill:sticky-repeating,synthetic-sticky-repeating-5,TimesFM-zero-shot,737,1.5796950934896765,1.571499228477478,1.5294820070266724,1.2926517724990845,1.441407322883606,1.5139271020889282,1.5442782640457153,1.5847927331924438,1.5797106027603149,1.5687931776046753,1.6212829351425171,1.3647083821670152,2
distill:sticky-repeating,synthetic-sticky-repeating-5,TimesFM-laplace-qd,737,1.5796950934896765,1.5519975423812866,1.3915747404098511,1.2609950304031372,1.3883358240127563,1.4965327978134155,1.571872353553772,1.5709608793258667,1.6176096200942993,1.6484147310256958,1.734070897102356,1.0618812978084859,2
distill:sticky-repeating,synthetic-sticky-repeating-5,Laplace-q-fixed-bandwidth,738,1.5996748111571293,1.5796064121940752,1.1665804743645483,1.3121195218226163,1.4137197522843419,1.4996220693213169,1.5796063081633041,1.6595905541602645,1.7454928954140718,1.847093186417879,1.9926324336648165,0.3211416563957108,2
distill:sticky-repeating,synthetic-sticky-repeating-5,TimesFM-zero-shot,738,1.5996748111571293,1.5689628124237061,1.5362894535064697,1.3242850303649902,1.4574222564697266,1.5232195854187012,1.5506536960601807,1.5770153999328613,1.5659048557281494,1.5532200336456299,1.6018905639648438,0.95936116281161454,2
distill:sticky-repeating,synthetic-sticky-repeating-5,TimesFM-laplace-qd,738,1.5996748111571293,1.5519475936889648,1.4094109535217285,1.2769708633422852,1.3953135013580322,1.4980041980743408,1.5688321590423584,1.5736656188964844,1.6193795204162598,1.6502425670623779,1.7337725162506104,1.0101515124185829,2
distill:sticky-repeating,synthetic-sticky-repeating-5,Laplace-q-fixed-bandwidth,739,1.5527104134072482,1.5995191052616788,1.1930572592820556,1.3362179829989027,1.4362151376915497,1.520777385017607,1.5995190041777423,1.6782606300376914,1.7628229005554119,1.8628201145156427,2.0059810351039422,0.32067061642692862,2
distill:sticky-repeating,synthetic-sticky-repeating-5,TimesFM-zero-shot,739,1.5527104134072482,1.5977581739425659,1.5626312494277954,1.3563870191574097,1.4995414018630981,1.566139817237854,1.58710777759552,1.6011112928390503,1.5941790342330933,1.5871645212173462,1.6539527177810669,0.92728872734572443,2
distill:sticky-repeating,synthetic-sticky-repeating-5,TimesFM-laplace-qd,739,1.5527104134072482,1.5825167894363403,1.447177529335022,1.3197110891342163,1.4504390954971313,1.5557042360305786,1.6217676401138306,1.5866144895553589,1.6341618299484253,1.6733225584030151,1.7758406400680542,0.71657890074216701,2
distill:sticky-repeating,synthetic-sticky-repeating-5,Laplace-q-fixed-bandwidth,740,-0.3549719819412499,1.5524092044665556,1.1523413942074621,1.2931951223256402,1.3916289874752854,1.4748821465209132,1.552409105416015,1.6299360710933586,1.7131892533923865,1.8116231776444232,1.9524770985720439,-16.163820072969589,2
distill:sticky-repeating,synthetic-sticky-repeating-5,TimesFM-zero-shot,740,-0.3549719819412499,1.5303843021392822,1.4885549545288086,1.2940366268157959,1.4170389175415039,1.4833390712738037,1.5069942474365234,1.5378603935241699,1.5360572338104248,1.5293610095977783,1.5928201675415039,-140.04709190420189,2
distill:sticky-repeating,synthetic-sticky-repeating-5,TimesFM-laplace-qd,740,-0.3549719819412499,1.5254063606262207,1.4192154407501221,1.2865355014801025,1.3916337490081787,1.4898443222045898,1.5505025386810303,1.5321779251098633,1.5817329883575439,1.6212606430053711,1.7236695289611816,-53.02895047279705,2
distill:sticky-repeating,synthetic-sticky-repeating-5,Laplace-q-fixed-bandwidth,741,-0.41455676484071891,-0.35484411178958003,-0.79510424567586879,-0.63841153850397414,-0.53039475963358562,-0.43942626559765446,-0.35484425380489742,-0.27026223410889078,-0.17929371425567731,-0.071276869524874775,0.085416063153077537,0.24037159771839067,2
distill:sticky-repeating,synthetic-sticky-repeating-5,TimesFM-zero-shot,741,-0.41455676484071891,-0.45093995332717896,-0.54094994068145752,-1.1225589513778687,-0.87555938959121704,-0.73356527090072632,-0.59886938333511353,-0.3367842435836792,-0.21304672956466675,-0.040954291820526123,0.27598345279693604,-0.66103235548537786,2
distill:sticky-repeating,synthetic-sticky-repeating-5,TimesFM-laplace-qd,741,-0.41455676484071891,-0.47970336675643921,-0.54263687133789062,-1.0496346950531006,-0.84637528657913208,-0.70357269048690796,-0.55454981327056885,-0.43699607253074646,-0.30474120378494263,-0.13249611854553223,0.14961481094360352,-0.38799544516673445,2
distill:sticky-repeating,synthetic-sticky-repeating-5,Laplace-q-fixed-bandwidth,742,-0.42588843266060811,-0.41438061628880946,-0.84628505175077628,-0.69292357041589114,-0.5868909545072567,-0.49751194435838664,-0.41438074590845098,-0.33124954077860413,-0.24187050391008866,-0.13583782406516035,0.017523874843978555,0.28463600296626668,2
distill:sticky-repeating,synthetic-sticky-repeating-5,TimesFM-zero-shot,742,-0.42588843266060811,-0.53002816438674927,-0.57885485887527466,-0.94687837362289429,-0.79960888624191284,-0.7232433557510376,-0.64527690410614014,-0.44500046968460083,-0.37156623601913452,-0.24169987440109253,0.013270854949951172,-0.39127601572129533,2
distill:sticky-repeating,synthetic-sticky-repeating-5,TimesFM-laplace-qd,742,-0.42588843266060811,-0.51805663108825684,-0.56096303462982178,-0.85482704639434814,-0.74928867816925049,-0.66440099477767944,-0.5664135217666626,-0.4983210563659668,-0.41222038865089417,-0.28238028287887573,-0.060689151287078857,-0.079179319369149681,2
distill:sticky-repeating,synthetic-sticky-repeating-5,Laplace-q-fixed-bandwidth,743,-0.43538041470520539,-0.42573097948362992,-0.84972726472813997,-0.69945616335153737,-0.59531336450218986,-0.50746252487191057,-0.42573110034675465,-0.34399966888234446,-0.25614880409726892,-0.15200594279463403,-0.0017346289033729088,0.30200234172811391,2
distill:sticky-repeating,synthetic-sticky-repeating-5,TimesFM-zero-shot,743,-0.43538041470520539,-0.45064488053321838,-0.4781164824962616,-0.74560892581939697,-0.63702201843261719,-0.58782613277435303,-0.53497850894927979,-0.39150553941726685,-0.34179353713989258,-0.24128025770187378,-0.028598546981811523,-0.048054998078082889,2
distill:sticky-repeating,synthetic-sticky-repeating-5,TimesFM-laplace-qd,743,-0.43538041470520539,-0.41053220629692078,-0.41990378499031067,-0.66794073581695557,-0.58768767118453979,-0.5202336311340332,-0.43638485670089722,-0.40937501192092896,-0.33609884977340698,-0.22488713264465332,-0.030184507369995117,0.4103775225611721,2
distill:sticky-repeating,synthetic-sticky-repeating-5,Laplace-q-fixed-bandwidth,744,0.5841246049501041,-0.43523830170445416,-0.85173912594865353,-0.70434582737311202,-0.60200387341998685,-0.51562107836871263,-0.43523841618254028,-0.35485574765544298,-0.26847292724046851,-0.16613091304855493,-0.018737407600332046,-3.8856641299491588,2
distill:sticky-repeating,synthetic-sticky-repeating-5,TimesFM-zero-shot,744,0.5841246049501041,-0.43524926900863647,-0.45319351553916931,-0.65105932950973511,-0.56655669212341309,-0.53629732131958008,-0.49988514184951782,-0.39831933379173279,-0.36634969711303711,-0.28481650352478027,-0.10093975067138672,-3.8146152837199989,2
distill:sticky-repeating,synthetic-sticky-repeating-5,TimesFM-laplace-qd,744,0.5841246049501041,-0.38008147478103638,-0.39032122492790222,-0.57647490501403809,-0.51645421981811523,-0.46477213501930237,-0.39384618401527405,-0.39224374294281006,-0.33135885000228882,-0.23353737592697144,-0.060504674911499023,-3.7166597752522996,2
distill:sticky-repeating,synthetic-sticky-repeating-5,Laplace-q-fixed-bandwidth,745,0.61099807766437408,0.58403621382076731,0.15622699920417576,0.30899592616032345,0.41386333412993603,0.50206479647199087,0.58403605752983445,0.66600732593773593,0.7542088137222982,0.85907628614626375,1.0118454358657012,0.29337567314043134,2
distill:sticky-repeating,synthetic-sticky-repeating-5,TimesFM-zero-shot,745,0.61099807766437408,0.51787364482879639,0.48883116245269775,0.088675141334533691,0.26715743541717529,0.36525058746337891,0.43679952621459961,0.57636797428131104,0.63606607913970947,0.72847664356231689,0.93629670143127441,-0.048079609930211653,2
distill:sticky-repeating,synthetic-sticky-repeating-5,TimesFM-laplace-qd,745,0.61099807766437408,0.6344679594039917,0.600638747215271,0.24392068386077881,0.39665532112121582,0.51686477661132812,0.61825656890869141,0.64036118984222412,0.730446457862854,0.84254980087280273,1.0475554466247559,0.30498053140369685,2
distill:sticky-repeating,synthetic-sticky-repeating-5,Laplace-q-fixed-bandwidth,746,0.62452165198867526,0.61081312108355013,0.19179629361410871,0.34094190561350968,0.44374420874856357,0.53031809818203035,0.61081298544362284,0.69130787979617536,0.77788179404800051,0.88068415998869654,1.029829986742874,0.31618692805584026,2
distill:sticky-repeating,synthetic-sticky-repeating-5,TimesFM-zero-shot,746,0.62452165198867526,0.60731583833694458,0.57380503416061401,0.22927659749984741,0.39710229635238647,0.48656433820724487,0.54682797193527222,0.65633231401443481,0.7019537091255188,0.77225631475448608,0.94690793752670288,0.23623825447878932,2
distill:sticky-repeating,synthetic-sticky-repeating-5,TimesFM-laplace-qd,746,0.62452165198867526,0.67326396703720093,0.65524905920028687,0.33354419469833374,0.47358804941177368,0.58016103506088257,0.6665082573890686,0.67472761869430542,0.74828416109085083,0.83438843488693237,1.0028476715087891,0.51500120725144272,2
distill:sticky-repeating,synthetic-sticky-repeating-5,Laplace-q-fixed-bandwidth,747,0.55650985894461624,0.62426875438633023,0.21333197742412968,0.35924205980062118,0.46012827692551628,0.5451705616876259,0.62426863096841334,0.70336670756452246,0.78840901610142744,0.88929529540655627,1.0352055853552993,0.29452245047474479,2
distill:sticky-repeating,synthetic-sticky-repeating-5,TimesFM-zero-shot,747,0.55650985894461624,0.59300833940505981,0.52831584215164185,0.22746855020523071,0.39610558748245239,0.4796326756477356,0.53905647993087769,0.63069397211074829,0.6634783148765564,0.7190595269203186,0.85365515947341919,0.38946079653818799,2
distill:sticky-repeating,synthetic-sticky-repeating-5,TimesFM-laplace-qd,747,0.55650985894461624,0.63855069875717163,0.59381002187728882,0.33049613237380981,0.46408158540725708,0.55998402833938599,0.64054852724075317,0.63049572706222534,0.69037026166915894,0.76479119062423706,0.8973504900932312,0.4556670537013674,2
distill:sticky-repeating,synthetic-sticky-repeating-5,Laplace-q-fixed-bandwidth,748,0.60802876148307838,0.55620754472368594,0.15272421056499644,0.2957236457159591,0.39482832838424253,0.47842952858037768,0.55620742980239357,0.6339853376939486,0.71758656123347131,0.81669130392760836,0.95969093999844246,0.32756078912242992,2
distill:sticky-repeating,synthetic-sticky-repeating-5,TimesFM-zero-shot,748,0.60802876148307838,0.54319727420806885,0.4664616584777832,0.195151686668396,0.36152517795562744,0.43529295921325684,0.48981976509094238,0.57439959049224854,0.60199964046478271,0.65595626831054688,0.78665578365325928,0.51526092682422586,2
distill:sticky-repeating,synthetic-sticky-repeating-5,TimesFM-laplace-qd,748,0.60802876148307838,0.56341469287872314,0.50752568244934082,0.26417875289916992,0.394012451171875,0.48096299171447754,0.55722177028656006,0.55662643909454346,0.61085295677185059,0.68444836139678955,0.81251037120819092,0.64485440846154085,2
distill:sticky-repeating,synthetic-sticky-repeating-5,Laplace-q-fixed-bandwidth,749,0.59691204276684662,0.60760334007060479,0.21122964858860377,0.35149761144424851,0.44889446879644079,0.53110388211642356,0.60760323070564715,0.6841025861609904,0.76631202313093993,0.86370893846369556,1.0039770981480947,0.36791706996312756,2
distill:sticky-repeating,synthetic-sticky-repeating-5,TimesFM-zero-shot,749,0.59691204276684662,0.61867904663085938,0.53506684303283691,0.25540882349014282,0.43104875087738037,0.51127004623413086,0.57002651691436768,0.6426767110824585,0.66641604900360107,0.71695208549499512,0.83727657794952393,0.61098895357706873,2
distill:sticky-repeating,synthetic-sticky-repeating-5,TimesFM-laplace-qd,749,0.59691204276684662,0.63078415393829346,0.566001296043396,0.30918526649475098,0.44947052001953125,0.54442286491394043,0.62531208992004395,0.6205439567565918,0.67182457447052002,0.74513304233551025,0.86608397960662842,0.83089623045297833,2
distill:sticky-repeating,synthetic-sticky-repeating-5,Laplace-q-fixed-bandwidth,750,0.60060736751277299,0.59634218109931947,0.20681558113728948,0.34448681978107537,0.44023259383543983,0.52108864911702524,0.59634207666145234,0.67159551120429317,0.75245158958064384,0.84819742102200157,0.98586885142232494,0.38531153789579409,2
distill:sticky-repeating,synthetic-sticky-repeating-5,TimesFM-zero-shot,750,0.60060736751277299,0.61180239915847778,0.5379907488822937,0.27546250820159912,0.43780869245529175,0.51101118326187134,0.56449586153030396,0.62755662202835083,0.64027291536331177,0.68211036920547485,0.75995057821273804,0.87377732560229693,2
distill:sticky-repeating,synthetic-sticky-repeating-5,TimesFM-laplace-qd,750,0.60060736751277299,0.62477904558181763,0.55069082975387573,0.34142774343490601,0.46285539865493774,0.54624408483505249,0.62034279108047485,0.61203545331954956,0.64986830949783325,0.70843654870986938,0.78655534982681274,1.1112500324091481,2
distill:sticky-repeating,synthetic-sticky-repeating-5,Laplace-q-fixed-bandwidth,751,0.59436677136976857,0.59984711960065529,0.21690423951610244,0.35210795352186941,0.44626074027718859,0.52580425641173845,0.59984701974087828,0.67388978887120654,0.75343332756593484,0.84758617039941075,0.98279007197694312,0.40145076270847424,2
distill:sticky-repeating,synthetic-sticky-repeating-5,TimesFM-zero-shot,751,0.59436677136976857,0.59048396348953247,0.524333655834198,0.30445104837417603,0.43892854452133179,0.51022893190383911,0.55002707242965698,0.60559386014938354,0.6046631932258606,0.6240810751914978,0.68118840456008911,1.4935787599509958,2
distill:sticky-repeating,synthetic-sticky-repeating-5,TimesFM-laplace-qd,751,0.59436677136976857,0.59324246644973755,0.52236849069595337,0.31548887491226196,0.42555528879165649,0.51771992444992065,0.57973545789718628,0.59672600030899048,0.6299094557762146,0.67984038591384888,0.76092988252639771,0.99834573263364002,2
distill:sticky-repeating,synthetic-sticky-repeating-5,Laplace-q-fixed-bandwidth,752,0.57738683765655774,0.59336708300849395,0.21678391961600185,0.34962703123286137,0.44223682169002748,0.52050364337629174,0.59336698636677565,0.66623033531600728,0.74449717904963753,0.83710702432728124,0.96995031947356569,0.41516349135178432,2
distill:sticky-repeating,synthetic-sticky-repeating-5,TimesFM-zero-shot,752,0.57738683765655774,0.57615882158279419,0.5081217885017395,0.29149341583251953,0.43951374292373657,0.50707000494003296,0.54497474431991577,0.59252899885177612,0.59786456823348999,0.61484986543655396,0.67209666967391968,1.3633055344942437,2
distill:sticky-repeating,synthetic-sticky-repeating-5,TimesFM-laplace-qd,752,0.57738683765655774,0.5811343789100647,0.51213961839675903,0.30266803503036499,0.43124347925186157,0.5197557806968689,0.57996588945388794,0.58616584539413452,0.62669581174850464,0.67190819978713989,0.75149565935134888,1.0656285320981216,2
distill:sticky-repeating,synthetic-sticky-repeating-5,Laplace-q-fixed-bandwidth,753,0.63239318714016568,0.57611455549889201,0.20569402782335944,0.33626801324788097,0.42737928530249542,0.50440194049005149,0.57611446167195668,0.64782698893492197,0.72484966568260156,0.8159609924667599,0.94653515755897644,0.39961571213436198,2
distill:sticky-repeating,synthetic-sticky-repeating-5,TimesFM-zero-shot,753,0.63239318714016568,0.5894196629524231,0.53138965368270874,0.28270775079727173,0.43396395444869995,0.50296968221664429,0.54730850458145142,0.61365264654159546,0.62201410531997681,0.64411967992782593,0.70925658941268921,1.1919453699099058,2
distill:sticky-repeating,synthetic-sticky-repeating-5,TimesFM-laplace-qd,753,0.63239318714016568,0.59754770994186401,0.53187721967697144,0.28993582725524902,0.42285698652267456,0.51427537202835083,0.58205360174179077,0.61157792806625366,0.65274161100387573,0.70173615217208862,0.78504270315170288,0.79369907900815728,2
distill:sticky-repeating,synthetic-sticky-repeating-5,Laplace-q-fixed-bandwidth,754,0.65923103659134752,0.63059070765469427,0.26611435568950637,0.39451616034726578,0.48417905179667287,0.55999530084721205,0.63059061641724068,0.70118593817608676,0.77700220837175282,0.86666515294184443,0.9950671339809064,0.44035203624386487,2
distill:sticky-repeating,synthetic-sticky-repeating-5,TimesFM-zero-shot,754,0.65923103659134752,0.68016207218170166,0.62533783912658691,0.34921252727508545,0.51532900333404541,0.59075343608856201,0.63660645484924316,0.70492196083068848,0.71695911884307861,0.74936342239379883,0.82703316211700439,0.78881284929879469,2
distill:sticky-repeating,synthetic-sticky-repeating-5,TimesFM-laplace-qd,754,0.65923103659134752,0.68415176868438721,0.62259888648986816,0.37118518352508545,0.51082527637481689,0.60453760623931885,0.67057013511657715,0.69323718547821045,0.73347198963165283,0.78848683834075928,0.87705731391906738,0.7849404959566999,2
distill:sticky-repeating,synthetic-sticky-repeating-5,Laplace-q-fixed-bandwidth,755,0.57465705820396451,0.65675256018784689,0.29811047792902379,0.42438976787386734,0.51262933837142466,0.58725783596711989,0.65675247096808542,0.72624711271128506,0.80087563149685881,0.88911525400593616,1.0153947173225144,0.38859578201483469,2
distill:sticky-repeating,synthetic-sticky-repeating-5,TimesFM-zero-shot,755,0.57465705820396451,0.6673736572265625,0.61652207374572754,0.39620983600616455,0.53576159477233887,0.60056936740875244,0.63263440132141113,0.68778753280639648,0.6909337043762207,0.71723461151123047,0.78311598300933838,0.55418207810153541,2
distill:sticky-repeating,synthetic-sticky-repeating-5,TimesFM-laplace-qd,755,0.57465705820396451,0.66327881813049316,0.60905623435974121,0.3928641676902771,0.51458168029785156,0.59813475608825684,0.65447914600372314,0.67072010040283203,0.70459258556365967,0.75487744808197021,0.83079445362091064,0.41915835486962294,2
distill:sticky-repeating,synthetic-sticky-repeating-5,Laplace-q-fixed-bandwidth,756,0.61566322400427764,0.57194197700294236,0.21890154960509212,0.34315578901798982,0.43002648782582498,0.50350965092939881,0.57194189056986589,0.64037413564812917,0.71385731959658916,0.80072806915719053,0.92498247895437546,0.45800829109469299,2
distill:sticky-repeating,synthetic-sticky-repeating-5,TimesFM-zero-shot,756,0.61566322400427764,0.51804035902023315,0.46552544832229614,0.2223169207572937,0.3647150993347168,0.43734961748123169,0.48048430681228638,0.54874688386917114,0.56465893983840942,0.60709327459335327,0.70592385530471802,0.55274436067783528,2
distill:sticky-repeating,synthetic-sticky-repeating-5,TimesFM-laplace-qd,756,0.61566322400427764,0.50207442045211792,0.45053988695144653,0.20082825422286987,0.32909250259399414,0.42350882291793823,0.49329370260238647,0.51466077566146851,0.56683558225631714,0.63710659742355347,0.74818676710128784,0.2765741561320807,2
distill:sticky-repeating,synthetic-sticky-repeating-5,Laplace-q-fixed-bandwidth,757,0.58826398271162561,0.61221931742827995,0.26473543099094043,0.38698521362708371,0.47249729050546807,0.5448426956873218,0.61221923253232724,0.67959577533839099,0.75194120095815919,0.83745332807975026,0.95970327762552898,0.48921295125319708,2
distill:sticky-repeating,synthetic-sticky-repeating-5,TimesFM-zero-shot,757,0.58826398271162561,0.58267438411712646,0.53140318393707275,0.31557977199554443,0.44526171684265137,0.50951492786407471,0.54670655727386475,0.60232269763946533,0.60912811756134033,0.64146852493286133,0.72455620765686035,1.1299141699235014,2
distill:sticky-repeating,synthetic-sticky-repeating-5,TimesFM-laplace-qd,757,0.58826398271162561,0.57947206497192383,0.49992012977600098,0.30692428350448608,0.42346429824829102,0.50673305988311768,0.56978380680084229,0.58629369735717773,0.62492036819458008,0.68031406402587891,0.76842796802520752,0.94114543620890712,2
distill:sticky-repeating,synthetic-sticky-repeating-5,Laplace-q-fixed-bandwidth,758,0.64739471613862964,0.58438802085550567,0.24236379158773552,0.36264989363676386,0.44682599389880084,0.51805123826616817,0.58438793821162172,0.65072464296553623,0.72194990736815812,0.80612605811903681,0.92641232365574278,0.46201728227378358,2
distill:sticky-repeating,synthetic-sticky-repeating-5,TimesFM-zero-shot,758,0.64739471613862964,0.55674493312835693,0.51646268367767334,0.36403375864028931,0.45467448234558105,0.50114798545837402,0.53007960319519043,0.56645584106445312,0.56977224349975586,0.60003960132598877,0.68701827526092529,0.055819760508264205,2
distill:sticky-repeating,synthetic-sticky-repeating-5,TimesFM-laplace-qd,758,0.64739471613862964,0.53733277320861816,0.47288614511489868,0.31492215394973755,0.40161138772964478,0.4706730842590332,0.52598094940185547,0.53765213489532471,0.57388651371002197,0.62996482849121094,0.72465920448303223,0.17018501854508372,2
distill:sticky-repeating,synthetic-sticky-repeating-5,Laplace-q-fixed-bandwidth,759,0.55829323091047411,0.64250390599053953,0.30577563162803623,0.42416386483164414,0.50704281364907555,0.57717881425188444,0.64250382482857638,0.70782884071264018,0.7779648617867404,0.86084385837051836,0.9792322530698695,0.43631027300673386,2
distill:sticky-repeating,synthetic-sticky-repeating-5,TimesFM-zero-shot,759,0.55829323091047411,0.60362040996551514,0.56296050548553467,0.4114457368850708,0.49922746419906616,0.54480892419815063,0.57050788402557373,0.61726462841033936,0.62143468856811523,0.65582668781280518,0.74615299701690674,1.0365861802984182,2
distill:sticky-repeating,synthetic-sticky-repeating-5,TimesFM-laplace-qd,759,0.55829323091047411,0.59199047088623047,0.53011238574981689,0.37507122755050659,0.45637035369873047,0.52185237407684326,0.57098686695098877,0.59998321533203125,0.63409805297851562,0.69065439701080322,0.78340911865234375,0.86227083464244858,2
distill:sticky-repeating,synthetic-sticky-repeating-5,Laplace-q-fixed-bandwidth,760,0.55663942310750758,0.55397428421774786,0.22239149146263321,0.33894116829608339,0.42055886364562289,0.48963449370921336,0.55397420479280646,0.61831392092154114,0.68738957044496263,0.76900731408371326,0.88555714947875264,0.54232316842995409,2
distill:sticky-repeating,synthetic-sticky-repeating-5,TimesFM-zero-shot,760,0.55663942310750758,0.50922620296478271,0.45353400707244873,0.28286474943161011,0.37889701128005981,0.43281608819961548,0.46695715188980103,0.53099972009658813,0.54254722595214844,0.58204096555709839,0.68629437685012817,0.86238587629135899,2
distill:sticky-repeating,synthetic-sticky-repeating-5,TimesFM-laplace-qd,760,0.55663942310750758,0.50078529119491577,0.43098711967468262,0.26151788234710693,0.34830909967422485,0.42249268293380737,0.47872465848922729,0.50987744331359863,0.54972624778747559,0.6106300950050354,0.71608072519302368,0.64567403280668212,2
distill:sticky-repeating,synthetic-sticky-repeating-5,Laplace-q-fixed-bandwidth,761,0.59021453963611992,0.55245334026055504,0.22602810768854073,0.34073583692553311,0.42108914917961204,0.4891015655344253,0.55245326215394552,0.61580496423693587,0.68381739971389455,0.76417075909040344,0.8788786447192285,0.53817201066931641,2
distill:sticky-repeating,synthetic-sticky-repeating-5,TimesFM-zero-shot,761,0.59021453963611992,0.52505826950073242,0.47183641791343689,0.31885156035423279,0.41306963562965393,0.46633222699165344,0.4908120334148407,0.54531204700469971,0.55295884609222412,0.58702540397644043,0.67385804653167725,0.83225302419862723,2
distill:sticky-repeating,synthetic-sticky-repeating-5,TimesFM-laplace-qd,761,0.59021453963611992,0.51836180686950684,0.46329322457313538,0.29354539513587952,0.37831667065620422,0.45202013850212097,0.50019645690917969,0.53079414367675781,0.56574773788452148,0.62253260612487793,0.71307194232940674,0.64006321431483526,2
distill:sticky-repeating,synthetic-sticky-repeating-5,Laplace-q-fixed-bandwidth,762,0.63717176069055104,0.58566557092270233,0.26428044555483821,0.37719206966315821,0.45630910220781229,0.52328101552355544,0.58566549425101688,0.64804997817384891,0.71502191097223333,0.79413899027522539,0.90705076699756626,0.53559444496020392,2
distill:sticky-repeating,synthetic-sticky-repeating-5,TimesFM-zero-shot,762,0.63717176069055104,0.54692298173904419,0.49773579835891724,0.32678055763244629,0.42858117818832397,0.48833805322647095,0.51097530126571655,0.57001566886901855,0.59004825353622437,0.63641899824142456,0.7428850531578064,0.5111475002267043,2
distill:sticky-repeating,synthetic-sticky-repeating-5,TimesFM-laplace-qd,762,0.63717176069055104,0.55119019746780396,0.49796456098556519,0.30663466453552246,0.40261369943618774,0.48469913005828857,0.53248518705368042,0.56353646516799927,0.61093449592590332,0.67865794897079468,0.78588706254959106,0.44550633161531406,2
distill:sticky-repeating,synthetic-sticky-repeating-5,Laplace-q-fixed-bandwidth,763,0.57942957558287078,0.63212182895918201,0.31566715373071197,0.42682489985710015,0.50473199264030055,0.57068482869758708,0.6321217537743572,0.6935586844270808,0.75951153845132902,0.83741867770081024,0.94857657375839721,0.54795860017607123,2
distill:sticky-repeating,synthetic-sticky-repeating-5,TimesFM-zero-shot,763,0.57942957558287078,0.57564008235931396,0.53562945127487183,0.34659034013748169,0.4514240026473999,0.51316100358963013,0.5403902530670166,0.59563279151916504,0.62295794486999512,0.67743617296218872,0.78445500135421753,0.85065284132019348,2
distill:sticky-repeating,synthetic-sticky-repeating-5,TimesFM-laplace-qd,763,0.57942957558287078,0.59280699491500854,0.52710056304931641,0.35750478506088257,0.45151996612548828,0.53217977285385132,0.58134639263153076,0.60576212406158447,0.65680426359176636,0.72824341058731079,0.83055084943771362,0.80150291095746806,2
distill:sticky-repeating,synthetic-sticky-repeating-5,Laplace-q-fixed-bandwidth,764,0.53961881056727512,0.57562547296299404,0.26401239247619995,0.37345022373053682,0.45016876540120643,0.51511998147117377,0.57562539935880297,0.6361308219856816,0.70108205642024135,0.77780064370618773,0.88723862246966667,0.58423928825232441,2
distill:sticky-repeating,synthetic-sticky-repeating-5,TimesFM-zero-shot,764,0.53961881056727512,0.50166845321655273,0.47124835848808289,0.24254950881004333,0.35542163252830505,0.42729958891868591,0.463876873254776,0.53246819972991943,0.56204581260681152,0.62289583683013916,0.73168349266052246,0.63210964768545619,2
distill:sticky-repeating,synthetic-sticky-repeating-5,TimesFM-laplace-qd,764,0.53961881056727512,0.51352465152740479,0.47376140952110291,0.250894695520401,0.35182562470436096,0.44182851910591125,0.5016404390335083,0.53373968601226807,0.58804976940155029,0.6666104793548584,0.77311944961547852,0.62353105330760483,2
distill:sticky-repeating,synthetic-sticky-repeating-5,Laplace-q-fixed-bandwidth,765,1.2303755663380838,0.53696734983435324,0.23013455656209844,0.33787593755078971,0.41342067991058995,0.4773823105973739,0.53696727714198578,0.59655224935750972,0.66051389762412072,0.73605868478412639,0.84380021151525586,-3.044858379437112,2
distill:sticky-repeating,synthetic-sticky-repeating-5,TimesFM-zero-shot,765,1.2303755663380838,0.50337600708007812,0.48900917172431946,0.2391219437122345,0.35554483532905579,0.42804107069969177,0.46729394793510437,0.52864277362823486,0.55795681476593018,0.61042928695678711,0.70229554176330566,-5.5445580131242318,2
distill:sticky-repeating,synthetic-sticky-repeating-5,TimesFM-laplace-qd,765,1.2303755663380838,0.51958870887756348,0.49279895424842834,0.24530354142189026,0.34971627593040466,0.43728771805763245,0.49878981709480286,0.53917479515075684,0.59498775005340576,0.66689479351043701,0.75780045986175537,-4.7104410445678617,2
distill:sticky-repeating,synthetic-sticky-repeating-5,Laplace-q-fixed-bandwidth,766,1.1970000257531106,1.2177254672835374,0.90835231347176482,1.0170751565106766,1.0932296381039643,1.1576863395882087,1.2177253932888363,1.2777644524619776,1.3422211717318921,1.418375697789354,1.5270986885861388,0.60497100620422062,2
distill:sticky-repeating,synthetic-sticky-repeating-5,TimesFM-zero-shot,766,1.1970000257531106,1.1031327247619629,1.0885845422744751,0.66607141494750977,0.83700990676879883,0.96510207653045654,1.0399905443191528,1.158208966255188,1.2274470329284668,1.3124933242797852,1.4718631505966187,0.043021487848980522,2
distill:sticky-repeating,synthetic-sticky-repeating-5,TimesFM-laplace-qd,766,1.1970000257531106,1.169685959815979,1.1194497346878052,0.72722691297531128,0.88443803787231445,1.0293593406677246,1.1301268339157104,1.2153944969177246,1.3124175071716309,1.4209740161895752,1.5896917581558228,0.0028324125991487925,2
distill:sticky-repeating,synthetic-sticky-repeating-5,Laplace-q-fixed-bandwidth,767,1.2047495712454501,1.1850195559475409,0.88045799227091748,0.98746169481428092,1.06243673577021,1.1259018341245972,1.185019483180866,1.2441371374190942,1.3076022532625964,1.3825773389129292,1.4895811865511699,0.6208818746926914,2
distill:sticky-repeating,synthetic-sticky-repeating-5,TimesFM-zero-shot,767,1.2047495712454501,1.0838656425476074,1.0589185953140259,0.65566813945770264,0.82185721397399902,0.94726157188415527,1.0213382244110107,1.1353652477264404,1.1915403604507446,1.2605490684509277,1.3890669345855713,0.1607863081765164,2
distill:sticky-repeating,synthetic-sticky-repeating-5,TimesFM-laplace-qd,767,1.2047495712454501,1.1116546392440796,1.0591311454772949,0.68872737884521484,0.83882415294647217,0.97869837284088135,1.0711772441864014,1.1527942419052124,1.2302501201629639,1.3162157535552979,1.4459297657012939,0.12732198474297962,2
