n_samples,seed,mean_logpdf,mean_crps
64,1,1.242422,0.190914
64,2,1.207984,0.191095
64,3,0.567819,0.190435
128,1,1.351321,0.189823
128,2,-2.139177,0.190048
128,3,2.152882,0.189336
256,1,1.945614,0.189233
256,2,0.429144,0.189625
256,3,1.931838,0.188599
512,1,1.371775,0.187894
512,2,2.019301,0.188227
512,3,1.350973,0.188139
1024,1,1.406845,0.187701
1024,2,1.388643,0.187508
1024,3,1.378143,0.187995
2048,1,1.410144,0.187666
2048,2,1.664625,0.187719
2048,3,1.360677,0.188097
