series,n_origins,n_changes,lap_logpdf,lap_crps,CF_bonf_is,CF_bonf_width,CF_bonf_cov,CF_marg_is,CF_marg_width,CF_marg_cov,CF_joint_cov,CF_bonf_is_h1,CF_bonf_cov_h1,CF_bonf_is_h5,CF_bonf_cov_h5,CF_bonf_is_h10,CF_bonf_cov_h10,LAP_bonf_is,LAP_bonf_width,LAP_bonf_cov,LAP_marg_is,LAP_marg_width,LAP_marg_cov,LAP_joint_cov,LAP_bonf_is_h1,LAP_bonf_cov_h1,LAP_bonf_is_h5,LAP_bonf_cov_h5,LAP_bonf_is_h10,LAP_bonf_cov_h10
ADPWNUSNERSA,136,853,6.73559627555137,0.00020655657002928082,0.011518281135742147,0.0032174981788955386,0.9639705882352941,0.002824672268258885,0.0007069176863072189,0.8154411764705882,0.9264705882352942,0.0023773873443217494,0.9779411764705882,0.01076686802682067,0.9632352941176471,0.020754374635698424,0.9558823529411765,0.011789030288557387,0.005429013864338008,0.9654411764705882,0.0021708971949031953,0.0011994134663533594,0.8955882352941177,0.9117647058823529,0.001411095169075467,0.9779411764705882,0.008940378747277497,0.9705882352941176,0.01911087108584496,0.9632352941176471
ADPWINDMANNERSA,136,853,6.771745280214111,0.0002556117356978576,0.021177613137790725,0.005782739820081411,0.9676470588235294,0.004032924974074125,0.0007552550131872349,0.8551470588235294,0.9558823529411765,0.003415092112318266,0.9779411764705882,0.017950790231779756,0.9705882352941176,0.03924062718096133,0.9632352941176471,0.02557591206743974,0.013432556035359694,0.9742647058823529,0.003134885875562929,0.001505603089195654,0.9198529411764705,0.9411764705882353,0.0021193331189702687,0.9852941176470589,0.018807670435738097,0.9705882352941176,0.05332553407846567,0.9632352941176471
ADPWINDCONNERSA,136,853,6.3073343090575555,0.0002866506284688649,0.017825710536131238,0.005532407428294958,0.9713235294117647,0.0035705898196874055,0.0011148706423789974,0.8845588235294117,0.9485294117647058,0.0047347339506850165,0.9779411764705882,0.0160355505971228,0.9705882352941176,0.03058196970152626,0.9632352941176471,0.0166529187624192,0.005816948579698065,0.9720588235294118,0.003160389490686517,0.0017012221780304138,0.9110294117647059,0.9264705882352942,0.003941618699293504,0.9705882352941176,0.013542400274298354,0.9705882352941176,0.027041866056411977,0.9632352941176471
ADPWINDPROBUSNERSA,136,853,6.081303560226574,0.0003585818401870526,0.020270140502447003,0.0060400271447738985,0.9720588235294118,0.004452226801485478,0.0013115802147055983,0.8352941176470589,0.9485294117647058,0.003997220194717458,0.9779411764705882,0.01615545019497324,0.9705882352941176,0.03914848903375224,0.9632352941176471,0.022076389735627828,0.013023333632558155,0.9713235294117647,0.0038400628812657236,0.00235325290429666,0.9117647058823529,0.9191176470588235,0.0028859081952339054,0.9705882352941176,0.013024960795929179,0.9705882352941176,0.05361476474321508,0.9558823529411765
ADPWES1T19ENERSA,136,853,6.210235926379244,0.0003331673724228604,0.016239402030589975,0.004741074657029786,0.9654411764705882,0.004545690172521514,0.0010733202214444802,0.7948529411764705,0.9338235294117647,0.0059517313450823854,0.9558823529411765,0.01497992950766012,0.9705882352941176,0.026374733479491767,0.9632352941176471,0.01750082386497747,0.009280536987235754,0.9632352941176471,0.0035494432911102477,0.0018335163051099008,0.8720588235294118,0.9191176470588235,0.005051790944298431,0.9705882352941176,0.013855688381989917,0.9632352941176471,0.0341971754424896,0.9705882352941176
ADPWNUSNERNSA,136,853,5.030020149957675,0.0009068559925084633,0.01900775082636853,0.011515079837106713,0.9845588235294118,0.007924263226575693,0.004493086074229103,0.8529411764705882,0.9264705882352942,0.00612309884731087,1.0,0.023722177334344192,0.9779411764705882,0.023103258989528485,0.9852941176470589,0.01677151593341856,0.012218638728507002,0.9830882352941176,0.0077497353503431085,0.005902030604450721,0.9169117647058823,0.9117647058823529,0.00673307824805304,0.9852941176470589,0.019267257475945158,0.9852941176470589,0.019127480397479416,0.9926470588235294
ABCOMPN,204,1125,3.062567507387163,0.006274881904210527,0.08919005100989831,0.0737874232060012,0.9936274509803922,0.04879279725409186,0.03720219513573404,0.8995098039215687,0.9362745098039216,0.08843663215731004,0.9901960784313726,0.07556143446279188,0.9950980392156863,0.0724803552180889,1.0,0.08938625817383113,0.07749005360091972,0.9955882352941177,0.04955895624150547,0.040866525235670546,0.921078431372549,0.9656862745098039,0.07674972147183105,0.9950980392156863,0.07508363153473536,1.0,0.08850396621162729,1.0
ABCOMP,204,1125,2.7794376266688943,0.008355542495034066,0.14109698331864112,0.12191702585558704,0.9955882352941177,0.06821261068956083,0.05488661993540302,0.9411764705882353,0.9558823529411765,0.12027226434177192,0.9950980392156863,0.12021056708710609,1.0,0.12426757151953871,1.0,0.13937451092017147,0.11039553213924642,0.9931372549019608,0.06953766382842196,0.057349995886499125,0.9382352941176471,0.9411764705882353,0.12333011063766612,0.9901960784313726,0.11342992131072753,0.9950980392156863,0.12529976356536268,1.0
AMBOR3M,122,797,4.122429493917497,0.00418980744058609,0.2872830580551644,0.2872830580551644,1.0,0.08198916597734551,0.07773884763109959,0.9918032786885246,1.0,0.29732183951037394,1.0,0.2867013446947636,1.0,0.28061474426515914,1.0,0.1342033835636117,0.07746223525534522,0.9860655737704918,0.04942012816598746,0.029335979134521593,0.9131147540983606,0.9098360655737705,0.06708883638236526,0.9918032786885246,0.07531332081112455,1.0,0.14024307231722366,1.0
AMBOR1M,122,797,4.02496947896788,0.004664621252143632,0.65596767302953,0.65596767302953,1.0,0.10662495807109897,0.10315114212648556,0.990983606557377,1.0,0.7032044310853383,1.0,0.6309378083027379,1.0,0.6807028402491548,1.0,0.3202505191469678,0.28850561181799916,0.9934426229508196,0.05692117582061825,0.039867153894512675,0.930327868852459,0.9344262295081968,0.3383614296385814,1.0,0.22039654656888547,1.0,0.31436975329674766,1.0
ALLACBW027SBOG,145,890,4.041261084962986,0.003715002796990337,0.2489354239177919,0.09491091493875148,0.9848275862068966,0.05903486435739994,0.01795451620656004,0.9013793103448275,0.9379310344827586,0.41379248056336393,0.9862068965517241,0.5023552406260684,0.9793103448275862,0.1527104260156233,0.9862068965517241,0.19713407341872985,0.08749788242323576,0.9827586206896551,0.0459509225036656,0.023763522268921557,0.923448275862069,0.8758620689655172,0.1645452798973308,0.9655172413793104,0.40468506040255886,0.9862068965517241,0.10523071035734212,0.993103448275862
AOLACBW027SBOG,204,1124,3.909615775100257,0.0027788666448921207,0.10714762671195331,0.06687739168714771,0.990686274509804,0.02848324915401122,0.020344890468795486,0.9485294117647058,0.9558823529411765,0.08467053195612063,0.9901960784313726,0.08173087997202055,0.9901960784313726,0.15265009428691875,0.9901960784313726,0.08057508405685315,0.04641332057741809,0.9941176470588236,0.028316943127966013,0.02123007169827912,0.9343137254901961,0.9558823529411765,0.036714659541275785,0.9901960784313726,0.06495215043549289,0.9950980392156863,0.13742814980749754,0.9950980392156863
AOLACBW027NBOG,204,1124,3.485596813457738,0.004082389470680581,0.10661369143998253,0.07572359526729805,0.9950980392156863,0.036849411933071986,0.028806111512531173,0.9411764705882353,0.9607843137254902,0.07711837434385736,0.9950980392156863,0.08300922556397967,0.9950980392156863,0.15641601690836673,0.9950980392156863,0.08915948766884371,0.06180325930102069,0.9936274509803922,0.03697145739137833,0.029198340658359,0.9382352941176471,0.9558823529411765,0.05050566668584776,1.0,0.06943499270599511,0.9950980392156863,0.14420427342750694,0.9950980392156863
BAMLC0A0CMEY,119,785,3.5971919244274884,0.0045685938234897375,0.0631482103551352,0.05885497477080344,0.9974789915966387,0.0360819328523905,0.02911733664714169,0.9260504201680673,0.9747899159663865,0.05893542760130859,1.0,0.05881858775626005,1.0,0.0729005878115875,0.9915966386554622,0.058835308721139734,0.0495688624691829,0.992436974789916,0.03625815001711716,0.027856417076304422,0.9092436974789916,0.9327731092436975,0.0521002182880437,0.9831932773109243,0.04605699190037239,1.0,0.07733986068199704,0.9915966386554622
BAMLC0A0CMSYTW,119,786,3.510132562113358,0.00459498385588488,0.06248342477527835,0.06031900248585194,0.9983193277310924,0.03540792515846088,0.028605839280087145,0.9210084033613445,0.9831932773109243,0.06036607624855488,1.0,0.06027371424488752,1.0,0.06036538628759965,1.0,0.05651420287093786,0.04953292008306452,0.992436974789916,0.03536722998622711,0.028248711194598704,0.915126050420168,0.9327731092436975,0.05327651823674901,0.9747899159663865,0.04627260410979386,1.0,0.05563038935933737,0.9915966386554622
ANFCI,204,1124,2.326895003674432,0.01531950565521378,0.9296958149006499,0.653398249693201,0.9887254901960785,0.28598339829558844,0.2238435402799178,0.9446078431372549,0.9803921568627451,0.3313191998370959,0.9901960784313726,1.0170308727212443,0.9852941176470589,1.0807133040252173,0.9852941176470589,0.43161033409021243,0.29412823971835733,0.9892156862745098,0.15406173221987784,0.11900232941472423,0.9397058823529412,0.9803921568627451,0.1392756213146289,0.9901960784313726,0.42452787970440514,0.9901960784313726,0.47321287034103315,0.9901960784313726
BAMLC0A1CAAAEY,119,786,3.537256354617047,0.004790943624086264,0.06615797011189371,0.06541960675124346,0.9983193277310924,0.037694595866278914,0.03292370545751647,0.9394957983193277,0.9831932773109243,0.06533213883717143,1.0,0.06532794517549954,1.0,0.06608059599837338,1.0,0.05667184102546394,0.051014374723833404,0.9932773109243698,0.03723982824701377,0.02933432330558841,0.9126050420168067,0.9327731092436975,0.05137176286558396,0.9747899159663865,0.04870042072603298,1.0,0.058642685296641676,0.9915966386554622
BAMLC0A1CAAASYTW,119,786,3.4860959994359866,0.004878223920726015,0.06555582485264912,0.06465155122861305,0.9983193277310924,0.038324507934643134,0.03290978646789864,0.9302521008403362,0.9831932773109243,0.06474857443038945,1.0,0.06444911645337217,1.0,0.06522378286003662,1.0,0.059140260682953735,0.05301161887277573,0.992436974789916,0.037890859136566916,0.02991074639201021,0.9092436974789916,0.9327731092436975,0.054318677263629135,0.9831932773109243,0.04834264125532063,1.0,0.0688379323155494,0.9831932773109243
BAMLC0A2CAAEY,119,786,3.571360375584701,0.004763945646903705,0.06598142453797563,0.06578596093761657,0.9983193277310924,0.0373393373742574,0.0317462787450459,0.9361344537815126,0.9831932773109243,0.06571515783952654,1.0,0.06567185404916814,1.0,0.06640513707452095,1.0,0.05671924284769065,0.05049032729957682,0.9915966386554622,0.03666466510876596,0.028640042683561052,0.9100840336134454,0.9159663865546218,0.05484638296594368,0.9831932773109243,0.0500702248693314,0.9915966386554622,0.05632176837384188,0.9831932773109243
BAMLC0A2CAASYTW,119,786,3.5710081167443812,0.004759120035720289,0.06679618942861727,0.0658923235556258,0.9983193277310924,0.03741948943388187,0.03195429043247784,0.9336134453781513,0.9831932773109243,0.06576369983178615,1.0,0.06577301043436053,1.0,0.06666577045810902,1.0,0.057845859488706054,0.0504183738417474,0.9890756302521009,0.036922807271248734,0.028671103609716378,0.9067226890756303,0.8991596638655462,0.053729638345124967,0.9747899159663865,0.049961115305831486,0.9915966386554622,0.05740981582427817,0.9831932773109243
BAMLC0A3CAEY,119,786,3.6153638328972764,0.004658527186887499,0.06211273027557815,0.0604049409878494,0.9983193277310924,0.03634134902855173,0.029545795603462204,0.926890756302521,0.9831932773109243,0.06022652569104458,1.0,0.0603959664592921,1.0,0.060499647821121424,1.0,0.05621482126970711,0.049121780703571045,0.992436974789916,0.03598386627195818,0.02826663206146586,0.9142857142857143,0.9243697478991597,0.055927715278161386,0.9747899159663865,0.046597477389584425,1.0,0.05368234771960226,0.9915966386554622
BAMLC0A3CASYTW,119,786,3.522300577097298,0.004789391547841699,0.06494622296559548,0.06332002640647987,0.9983193277310924,0.03725462209553534,0.03015408308114472,0.915126050420168,0.9831932773109243,0.0632312576217958,1.0,0.06331306357109592,1.0,0.06328059306890421,1.0,0.05902017903936032,0.05229190606638152,0.9915966386554622,0.03711995083539519,0.02949332822722019,0.9184873949579831,0.9159663865546218,0.056938139935896574,0.9747899159663865,0.04985020604629737,0.9915966386554622,0.05795205854129924,0.9915966386554622
BAMLC0A4CBBBEY,119,786,3.5802804681773996,0.0044364565506374385,0.060832673673989195,0.05636218149183912,0.9983193277310924,0.03472860319596968,0.028232206339436666,0.9226890756302522,0.9831932773109243,0.05652214113801127,1.0,0.05633479756140203,1.0,0.0563153196625043,1.0,0.055853393461633816,0.047507944949102904,0.9915966386554622,0.034708233789581204,0.02755271894936981,0.9159663865546218,0.9243697478991597,0.0525707796548096,0.9831932773109243,0.04515314098526507,1.0,0.053977805370793955,0.9831932773109243
BAMLC0A4CBBBSYTW,119,786,3.549783966476773,0.0044366026327053625,0.06007104625836454,0.056218645652886194,0.9983193277310924,0.03455245568141091,0.027488207642083116,0.9235294117647059,0.9831932773109243,0.056482921259392894,1.0,0.0561120194930695,1.0,0.05610879928202835,1.0,0.055482131034049864,0.04704671897661186,0.9899159663865547,0.03475818968451898,0.027238660379361172,0.915126050420168,0.907563025210084,0.05821773877504129,0.9747899159663865,0.04573726865843826,0.9915966386554622,0.05404504648691486,0.9831932773109243
BAMLC1A0C13YEY,119,786,3.4389397317967396,0.005230843970916961,0.08049711030333376,0.07636388339264705,0.992436974789916,0.04323009479626075,0.03230552084410173,0.9100840336134454,0.9411764705882353,0.07980633425467845,0.9831932773109243,0.08221502550938815,0.9831932773109243,0.0771508719596372,1.0,0.08460480548453736,0.061704445345645245,0.9873949579831933,0.042725947361873295,0.031404898431670054,0.9126050420168067,0.907563025210084,0.08852859358163795,0.9831932773109243,0.10272572281542777,0.9831932773109243,0.06873131292882743,1.0
BAMLC2A0C35YEY,119,786,3.3597031711000405,0.005461387901133062,0.07480085699885744,0.0723496952212273,0.9983193277310924,0.04389926365086747,0.03469321097416365,0.9193277310924369,0.9831932773109243,0.07239396469242014,1.0,0.07227851963292871,1.0,0.07235149736937577,1.0,0.07229868506567692,0.0585578729816342,0.9873949579831933,0.0431880245789322,0.032842997692776064,0.9134453781512605,0.8991596638655462,0.0748069865865439,0.9831932773109243,0.06756449073528568,0.9747899159663865,0.06159569330512317,1.0
BAMLC1A0C13YSYTW,119,786,3.413091962392033,0.005430064108708526,0.0874741766406956,0.08152032070824662,0.992436974789916,0.044528670841488566,0.033696252616969534,0.9142857142857143,0.9411764705882353,0.08698421798557954,0.9831932773109243,0.09383923745266305,0.9831932773109243,0.08287766859098424,1.0,0.0875948105782452,0.06312648392919103,0.9882352941176471,0.0445095224012186,0.032238392282816476,0.9058823529411765,0.907563025210084,0.09634544325389187,0.9831932773109243,0.10633383305449004,0.9831932773109243,0.06626466994463309,1.0
BAMLC3A0C57YEY,119,786,3.400998152292292,0.0052376180697382545,0.06995567018261623,0.06595973352983989,0.9983193277310924,0.041046239147496576,0.03302306084403335,0.9226890756302522,0.9831932773109243,0.06631250876487206,1.0,0.06571127773469457,1.0,0.06625423612007307,1.0,0.06542194737712603,0.05594814705025695,0.9907563025210084,0.04072921338978935,0.03210086525435956,0.9193277310924369,0.9159663865546218,0.06771473083816243,0.9747899159663865,0.05457839097690244,0.9915966386554622,0.05899948110542992,1.0
BAMLC4A0C710YEY,119,786,3.5622061363456914,0.00470388282008393,0.05971248966100542,0.05555672369341238,0.9983193277310924,0.0364013379888039,0.030656916969810176,0.9285714285714286,0.9831932773109243,0.055258766066669976,1.0,0.0552476695400073,1.0,0.055388880752397916,1.0,0.055914236349012866,0.04838115788762786,0.9932773109243698,0.036193573471334534,0.028871363701732967,0.915126050420168,0.9327731092436975,0.05857366370447454,0.9747899159663865,0.04645265525360755,1.0,0.05739123269156345,0.9831932773109243
BAMLC4A0C710YSYTW,119,786,3.5199497276543665,0.004783196830405954,0.06188880126640998,0.05907831425046669,0.9983193277310924,0.03710958779951701,0.03150602957472528,0.9361344537815126,0.9831932773109243,0.05911477754807398,1.0,0.058962497791872376,1.0,0.05895176868068733,1.0,0.056333329112728786,0.04967696563602829,0.9949579831932773,0.03671981102548374,0.029832347561440584,0.9134453781512605,0.9495798319327731,0.05169045837512985,0.9915966386554622,0.04809771157444814,1.0,0.059104335424725686,0.9831932773109243
BAMLC7A0C1015YEY,119,786,3.59241636516271,0.004539311406829566,0.05797327306683617,0.05489745958941869,0.9983193277310924,0.0346631384077754,0.029550029890934804,0.9369747899159664,0.9831932773109243,0.055006620416901145,1.0,0.05464942968460132,1.0,0.05485512608716869,1.0,0.052431994145238144,0.04625249123400217,0.9957983193277311,0.034277674152173865,0.027786191683496515,0.9210084033613445,0.957983193277311,0.04948425517599409,0.9831932773109243,0.044402370136318564,1.0,0.055401213585330136,0.9915966386554622
BAMLCC0A0CMTRIV,119,786,4.4500217570680585,0.0015668976869894697,0.021888438604584087,0.020855444184942288,0.9974789915966387,0.012781151754720856,0.010940570787153134,0.9411764705882353,0.9747899159663865,0.02093257572343955,1.0,0.020790631037562245,1.0,0.020786767001354674,1.0,0.02034333875060104,0.01635344860996523,0.9890756302521009,0.01253781300811036,0.009959138932438447,0.915126050420168,0.9243697478991597,0.0213523543629307,0.9831932773109243,0.017555421024166247,0.9915966386554622,0.019567162295834443,0.9831932773109243
BAMLCC0A1AAATRIV,119,786,4.084007561803459,0.002251662051827431,0.028706120765267882,0.027761792111197597,0.9941176470588236,0.017807668482648312,0.015070551729149758,0.9369747899159664,0.957983193277311,0.02804108764224379,0.9915966386554622,0.028137807922748875,0.9915966386554622,0.029099297893828667,0.9915966386554622,0.02758235643497799,0.022576627536205873,0.9899159663865547,0.017826426271880944,0.013912324676376594,0.8983193277310925,0.9243697478991597,0.028550922042531793,0.9915966386554622,0.024523190622082868,0.9915966386554622,0.02973099150535426,0.9831932773109243
BAMLC8A0C15PYEY,119,786,3.675523555574963,0.004216993595474056,0.05517743311844114,0.05147719983971256,0.9957983193277311,0.03379109523328791,0.03006405400641589,0.9470588235294117,0.957983193277311,0.05304888494654063,0.9915966386554622,0.05299284433255615,0.9915966386554622,0.0513708678485221,1.0,0.05024918868266676,0.043033232850967114,0.9907563025210084,0.032819923669087994,0.02590119236650304,0.8983193277310925,0.9243697478991597,0.04838306707988564,0.9831932773109243,0.04187610126488497,0.9915966386554622,0.04849391094003817,0.9915966386554622
BAMLCC0A2AATRIV,119,786,4.37953791936519,0.0016808923000998309,0.023472073302305885,0.022311637367444757,0.9941176470588236,0.013668629599746664,0.011635567028783713,0.9420168067226891,0.957983193277311,0.023054735147979816,0.9915966386554622,0.022977381302852647,0.9915966386554622,0.0234760137576909,0.9915966386554622,0.02160419698445917,0.017303061806619207,0.9882352941176471,0.013443698363538894,0.010535513885855267,0.9092436974789916,0.9159663865546218,0.023048590872292996,0.9831932773109243,0.019562920871279203,0.9915966386554622,0.022027897392940907,0.9831932773109243
BAMLCC0A3ATRIV,119,786,4.449064648049621,0.0015689381767607382,0.02186193012806543,0.021075690859494896,0.9983193277310924,0.012799907441865863,0.011020808811603796,0.9445378151260504,0.9831932773109243,0.02116528058163685,1.0,0.021023624205465,1.0,0.02102323499829571,1.0,0.02015352469527772,0.01635370749156274,0.9890756302521009,0.012515935686403327,0.009954747580032314,0.9159663865546218,0.9243697478991597,0.021298301371154564,0.9831932773109243,0.017755759404869398,0.9915966386554622,0.019459750630687018,0.9831932773109243
BAMLCC1A013YTRIV,119,786,5.678054281164206,0.00045814094915652925,0.007399574197421896,0.0073783019740347785,0.9991596638655462,0.0038656967249301147,0.003189825075121095,0.9310924369747899,0.9915966386554622,0.007326112419304233,1.0,0.007364002993431778,1.0,0.007434760319113057,1.0,0.007175754215364367,0.005411454781077953,0.9882352941176471,0.0037654200201427987,0.002857045934066924,0.9218487394957983,0.9159663865546218,0.00827187135004796,0.9831932773109243,0.008463511094879734,0.9831932773109243,0.005869304324808519,1.0
BAMLCC0A4BBBTRIV,119,786,4.471795606174767,0.0015350417800671571,0.021850504595172678,0.020506768313830335,0.9983193277310924,0.012533955616656878,0.010654600459690354,0.9411764705882353,0.9831932773109243,0.02061005691607265,1.0,0.02043045914898461,1.0,0.020418855214071725,1.0,0.02015761186238804,0.01610976820163091,0.9882352941176471,0.012314255339719402,0.009788504049641437,0.9176470588235294,0.9159663865546218,0.021001645087423044,0.9747899159663865,0.016941765789442047,0.9915966386554622,0.019038454022439637,0.9831932773109243
BAMLCC2A035YTRIV,119,786,4.967562867916702,0.0009357973558762888,0.013627309555693093,0.013247107854077088,0.9983193277310924,0.007802319939866521,0.006429016071983674,0.9277310924369748,0.9831932773109243,0.013118573137628793,1.0,0.013287827624728497,1.0,0.013385590406615822,1.0,0.012369806095144273,0.010198352565753395,0.9882352941176471,0.007614449974237853,0.00587901566187049,0.9184873949579831,0.907563025210084,0.01251266286268748,0.9831932773109243,0.01116175819969455,0.9831932773109243,0.011277293495921426,1.0
BAMLCC3A057YTRIV,119,786,4.604516357671473,0.0013472742562536603,0.019131796025612994,0.01828374713964292,0.9983193277310924,0.011200430493723632,0.00939032790922926,0.9336134453781513,0.9831932773109243,0.01833114667180095,1.0,0.0181066335604586,1.0,0.0182440539854808,1.0,0.01712342083731793,0.01422473602415014,0.9890756302521009,0.010931497201686511,0.008546606671240497,0.9210084033613445,0.907563025210084,0.01730576027737137,0.9747899159663865,0.014695688175599932,0.9915966386554622,0.016142073167681306,0.9915966386554622
AAA10Y,498,2800,2.5044941495838113,0.016624543528117385,0.29214780998051554,0.20885782295064345,0.9883534136546185,0.14632740522774104,0.09535106513275167,0.885140562248996,0.9257028112449799,0.24749342786486545,0.9919678714859438,0.2615952100774723,0.9919678714859438,0.3108024357278632,0.9859437751004017,0.24108259208837524,0.20498806726082297,0.9907630522088353,0.13731315451344991,0.10071528156241492,0.898995983935743,0.9257028112449799,0.20405862973949343,0.9959839357429718,0.20634185016967269,0.9919678714859438,0.27061279375724495,0.9859437751004017
BAMLCC4A0710YTRIV,119,786,4.3812553111605235,0.001681006277821548,0.023136588489823234,0.02213737878203451,0.9983193277310924,0.013837107541108642,0.011841464529658795,0.946218487394958,0.9831932773109243,0.02206595710778485,1.0,0.022008174519818825,1.0,0.022011179036292624,1.0,0.021534259747202442,0.01751653195794725,0.9890756302521009,0.013497808853796473,0.010709216698093688,0.9201680672268907,0.9159663865546218,0.02372167025455538,0.9831932773109243,0.018409744660876547,0.9915966386554622,0.022000452815962288,0.9831932773109243
AAAFF,498,2800,1.8229816106724743,0.035189354330804154,1.2256894090453156,0.6757139329205927,0.9857429718875502,0.33844868153259267,0.179620440956754,0.8951807228915662,0.9016064257028112,1.7725897562570854,0.9779116465863453,1.8815975785818169,0.9738955823293173,1.032786980168151,0.9879518072289156,0.9184855899735517,0.48123343943591007,0.9857429718875502,0.3338093864160364,0.20166069214821997,0.8919678714859438,0.893574297188755,1.2968330092783442,0.9839357429718876,1.4029462178868273,0.9799196787148594,0.9042601457476868,0.9859437751004017
BAMLCC7A01015YTRIV,119,786,4.127200455322488,0.002161983814720702,0.029239569879271912,0.028058443783314804,0.9983193277310924,0.01762470564517578,0.014888177170870076,0.9378151260504202,0.9831932773109243,0.028113061849975397,1.0,0.027909835497088073,1.0,0.027956865329755772,1.0,0.02777196203528485,0.022393367342905278,0.9882352941176471,0.0173451529428701,0.013711529618492958,0.9176470588235294,0.9159663865546218,0.03126148861227065,0.9831932773109243,0.0246272553113054,0.9915966386554622,0.027693873705302047,0.9747899159663865
BAMLCC8A015PYTRIV,119,786,3.732795630923508,0.003217088043644312,0.04543735037020856,0.04121629977356242,0.9932773109243698,0.026777126366146643,0.022995145690465155,0.9445378151260504,0.957983193277311,0.044794062775619974,0.9915966386554622,0.04477491778754878,0.9915966386554622,0.045732749771867594,0.9915966386554622,0.043335152314689006,0.0333079353478009,0.9899159663865547,0.02611651262329981,0.02044889127070182,0.9100840336134454,0.9327731092436975,0.04553125463832586,0.9915966386554622,0.040140434270293325,0.9915966386554622,0.04116274350111843,0.9831932773109243
BAMLEM1BRRAAA2ACRPIEY,119,786,4.115137878408298,0.0035603477009082296,0.05241287620842921,0.050363025580764255,0.9941176470588236,0.029316399727861552,0.022470433139800513,0.9168067226890756,0.957983193277311,0.05064216467473869,0.9915966386554622,0.05257030120060144,0.9915966386554622,0.05034074756550768,1.0,0.052615947123666296,0.038002388588575076,0.9823529411764705,0.028412384948412663,0.019810397240977266,0.8890756302521008,0.8907563025210085,0.05588488354118167,0.957983193277311,0.060012543957706554,0.957983193277311,0.040688840303273105,1.0
BAMLEM1RAAA2ALCRPIUSEY,119,786,4.099687738712561,0.003605502591927558,0.0546086987537145,0.050905039911242136,0.9941176470588236,0.029486122288996074,0.02275618107868771,0.9176470588235294,0.957983193277311,0.05730802597990654,0.9915966386554622,0.059115348142854046,0.9915966386554622,0.05092819287649043,1.0,0.05531497580899685,0.03938536754014884,0.9857142857142858,0.02878070556889859,0.020130998653325398,0.8857142857142857,0.8907563025210085,0.06380772357895699,0.9747899159663865,0.06679602606354272,0.9747899159663865,0.0406983126363239,1.0
BAMLEM1BRRAAA2ACRPIOAS,119,786,2.724649197747868,0.017327611657036272,0.2225755537514852,0.2225755537514852,1.0,0.13530092798576177,0.10709340639125739,0.9067226890756303,1.0,0.21270658256157385,1.0,0.22363397261867396,1.0,0.22294940019704507,1.0,0.21164941727707007,0.18363238110398672,0.9882352941176471,0.13519954884383376,0.09598701295443678,0.880672268907563,0.8823529411764706,0.25513406898663615,0.9747899159663865,0.24088648451626726,0.9663865546218487,0.19786274440231302,1.0
BAMLEM2BRRBBBCRPIEY,119,786,4.403082136436653,0.002892087050927357,0.04741876279420493,0.03393130602115034,0.9941176470588236,0.023664006187410123,0.017410754964050767,0.9008403361344538,0.957983193277311,0.04811269372559731,0.9915966386554622,0.049477455598525684,0.9915966386554622,0.03350296779356514,1.0,0.04769539439614031,0.030460902988934318,0.9857142857142858,0.02397986849020648,0.015660517153208816,0.8756302521008403,0.8991596638655462,0.04697589919533958,0.957983193277311,0.05601597864393526,0.9831932773109243,0.03160699055397639,1.0
BAMLEM2BRRBBBCRPIOAS,119,786,2.9436221428251366,0.012277117002996267,0.15298480495052963,0.1427809325306203,0.9957983193277311,0.0957243924367516,0.07025888975690132,0.8915966386554622,0.957983193277311,0.16734656503284254,0.9915966386554622,0.16722332672200313,0.9915966386554622,0.1422688242212846,1.0,0.1673394208340362,0.1277940194464734,0.9831932773109243,0.09772416157307441,0.06626906743345491,0.8747899159663866,0.8571428571428571,0.20757847813888264,0.9831932773109243,0.2129676736728481,0.9747899159663865,0.16711657623378517,0.9747899159663865
BAMLEM2RBBBLCRPIUSOAS,119,786,2.823511687442062,0.012717193051172785,0.17017949252064007,0.15678840975971012,0.9907563025210084,0.10065844834337466,0.07257281237846855,0.9058823529411765,0.9243697478991597,0.1742365899541872,0.9915966386554622,0.17636794795397961,0.9915966386554622,0.171187353561108,0.9831932773109243,0.1830857462381689,0.1352263844035008,0.9798319327731092,0.10154032541320872,0.07064141555735773,0.8899159663865546,0.8403361344537815,0.18944323993213666,0.9831932773109243,0.18890652583358752,0.9663865546218487,0.19639797014422103,0.9747899159663865
BAMLEM3BRRBBCRPIEY,119,786,3.9743754268502536,0.0034205837756533177,0.06717662132612487,0.043586470271946724,0.9873949579831933,0.032752189092637725,0.019056070451516315,0.8907563025210085,0.9243697478991597,0.046688593182118,0.9915966386554622,0.049675125107202685,0.9915966386554622,0.05195742179059211,0.9915966386554622,0.0759905981400543,0.04114042854432807,0.9747899159663865,0.03246418302894813,0.020001353795032543,0.8974789915966387,0.8571428571428571,0.05552135952651176,0.9663865546218487,0.05703808611359881,0.9663865546218487,0.059116756098181907,0.9915966386554622
BAMLEM3BRRBBCRPIOAS,119,786,2.834664711539357,0.009371626785068437,0.1823045170185731,0.12311060225987128,0.9831932773109243,0.08283748752962067,0.04915658834524962,0.8873949579831932,0.8823529411764706,0.20723200428153044,0.9831932773109243,0.21636245502952678,0.9831932773109243,0.17314638448286993,0.9831932773109243,0.18419129036412793,0.1064708061966412,0.9789915966386554,0.08275867931752878,0.05245377697511818,0.8899159663865546,0.8403361344537815,0.1964120510983726,0.9747899159663865,0.20155357083182388,0.9831932773109243,0.24440780302172127,0.957983193277311
BAMLEM4BRRBLCRPIEY,119,786,3.5308591097976327,0.0047963857571633,0.13014481501321892,0.07393282335578266,0.9857142857142858,0.053425204486244805,0.020587970963726852,0.838655462184874,0.8991596638655462,0.07546452104995809,1.0,0.07668844203742747,1.0,0.18841029835443582,0.9831932773109243,0.1545236495026302,0.07328339114770072,0.9756302521008403,0.05097040451940473,0.027969780618312363,0.9042016806722689,0.8571428571428571,0.10455991499145065,0.9831932773109243,0.11034943006001716,0.9747899159663865,0.2060435058619057,0.9663865546218487
BAA10Y,498,2800,3.3286507593800994,0.008016525057864238,0.1330830728818649,0.09918194026486087,0.989558232931727,0.06984256109499991,0.04459197392414704,0.8867469879518072,0.929718875502008,0.11506789147715557,0.9919678714859438,0.11349028437614052,0.9939759036144579,0.126717827124841,0.9919678714859438,0.12376953906447245,0.10160446505181873,0.9913654618473896,0.06839036554360356,0.04864390439839182,0.892570281124498,0.9317269076305221,0.10051170908085187,0.9979919678714859,0.10925934154694275,0.9939759036144579,0.1296640544658298,0.9879518072289156
BAMLEM4RBLLCRPIUSEY,119,786,3.456868409782144,0.004923041642375701,0.1275406464660433,0.07863395612114903,0.9865546218487395,0.0545550975663326,0.021279753004758796,0.8411764705882353,0.8907563025210085,0.07835758831733526,1.0,0.08111413929925929,0.9915966386554622,0.19080594226943065,0.9831932773109243,0.1814324446864652,0.11305876461582587,0.9773109243697479,0.05208462730040897,0.029278797959858206,0.9058823529411765,0.8739495798319328,0.12096280676285597,0.9831932773109243,0.10979433641783469,0.9747899159663865,0.18474219928443222,0.9747899159663865
BAMLEM4BRRBLCRPIOAS,119,786,2.8287860265894427,0.008760527700415747,0.21675081012810357,0.12221202182757407,0.9882352941176471,0.08960763802146164,0.040400202915661036,0.8529411764705882,0.9327731092436975,0.16099640190154613,0.9831932773109243,0.17445146001476558,0.9915966386554622,0.3366170864710053,0.9831932773109243,0.2342939281236528,0.11711735766907898,0.9798319327731092,0.08666493821097201,0.05065365896809502,0.9016806722689076,0.8571428571428571,0.20186563853370468,0.9831932773109243,0.2020920515755592,0.9831932773109243,0.38121025725548185,0.9663865546218487
BAMLEM4RBLLCRPIUSOAS,119,786,2.786649753442899,0.00909025078780055,0.21536411868128608,0.1298093888922991,0.9890756302521009,0.09283765011443411,0.04169625849447269,0.8521008403361344,0.9411764705882353,0.15685674284905704,0.9747899159663865,0.16950433925875696,0.9915966386554622,0.3470159843687737,0.9831932773109243,0.24663146674393607,0.12600990235377993,0.9773109243697479,0.08985878768451616,0.05273245964650346,0.9033613445378151,0.8487394957983193,0.211454554468443,0.9747899159663865,0.2127664513006705,0.9663865546218487,0.40871856611681007,0.9747899159663865
BAMLEMALLCRPIASIAUSEY,119,786,3.7946427563293232,0.003917994027066082,0.06849466604544124,0.04825860796438076,0.9957983193277311,0.03179021638420433,0.02355281383103055,0.9193277310924369,0.9747899159663865,0.06576386314481127,0.9915966386554622,0.06764682133808386,0.9915966386554622,0.0480637523250419,1.0,0.06730920584956265,0.04276764544604007,0.9915966386554622,0.03176969600627855,0.022358436962737448,0.888235294117647,0.9495798319327731,0.04359624841799181,1.0,0.07210031570984035,0.9915966386554622,0.04757455151636767,1.0
BAMLEMCBPIEY,119,786,4.327623922760501,0.0029749840083452077,0.05101497122044064,0.03478092639868691,0.9899159663865547,0.02479669167395977,0.018026001083093223,0.9084033613445378,0.9411764705882353,0.04422573285698595,0.9915966386554622,0.04693371878695347,0.9831932773109243,0.0342307850324891,1.0,0.05315159297939985,0.03269655263970896,0.9815126050420168,0.025243366721876017,0.016867742478556356,0.8907563025210085,0.865546218487395,0.04076122371673239,0.9747899159663865,0.05867237162101095,0.9663865546218487,0.03379304031236312,1.0
BAAFF,498,2800,1.8881023675385546,0.033378576002959764,1.1232761185232554,0.6140605285004489,0.9869477911646586,0.32612801112564954,0.17348609059594983,0.8913654618473895,0.8995983935742972,1.732320238794727,0.9799196787148594,1.8493749492404823,0.9779116465863453,0.7993459185988966,0.9879518072289156,0.9112400145535478,0.48629672815770564,0.9863453815261044,0.31465638741374197,0.18963362270550949,0.8937751004016065,0.8895582329317269,1.3336747875459747,0.9819277108433735,1.4821091962957027,0.9779116465863453,0.7545289453076229,0.9899598393574297
BAMLEMCBPITRIV,119,786,5.119731707931862,0.0007904959858872342,0.013949090954810556,0.010567461898394023,0.9941176470588236,0.006816536690051833,0.005256593446159707,0.9336134453781513,0.957983193277311,0.01193610166568833,0.9915966386554622,0.014021327492919518,0.9915966386554622,0.010404662143278754,1.0,0.014122727538114915,0.008907631591720774,0.9840336134453781,0.0066462748335714165,0.004886476584260298,0.9210084033613445,0.865546218487395,0.013114827113567156,0.9663865546218487,0.015661261778355196,0.9747899159663865,0.009018091944204838,1.0
BAMLEMCBPIOAS,119,786,2.9580253018488696,0.009824130313870656,0.13920968889942648,0.1200238423499088,0.9915966386554622,0.07894636849110373,0.05417234568834888,0.8957983193277311,0.9159663865546218,0.1550802208752637,0.9915966386554622,0.1572287488601426,0.9915966386554622,0.12967065431004687,0.9915966386554622,0.14451886771154307,0.1054498941786146,0.9815126050420168,0.08034217834961081,0.05534144587154621,0.8840336134453781,0.865546218487395,0.18255365331634202,0.9831932773109243,0.19625566215689833,0.9747899159663865,0.12708041591038824,0.9747899159663865
BAMLEMCLLCRPIUSTRIV,119,786,5.058355401005889,0.0008396546517830915,0.015375310248156792,0.011504676090084901,0.9941176470588236,0.007360337611209833,0.0057294030757160976,0.9369747899159664,0.957983193277311,0.013137429065611324,0.9915966386554622,0.016300056615422408,0.9915966386554622,0.0113420032551984,1.0,0.015276557344633974,0.009511051503800836,0.9840336134453781,0.0071565553966859265,0.005196971304641503,0.9159663865546218,0.865546218487395,0.014171175736715478,0.9663865546218487,0.017360083109039862,0.9747899159663865,0.009642532065226958,1.0
BAMLEMEBCRPIEEY,119,786,4.314316031621288,0.00358139967501404,0.07044379149176916,0.04923664941323698,0.9873949579831933,0.03274473465024889,0.019340569347733927,0.888235294117647,0.9159663865546218,0.05794850727494934,0.9831932773109243,0.08221276507503567,0.9747899159663865,0.04938232983078435,1.0,0.08023441085829028,0.044377725723903416,0.9773109243697479,0.03288402225666343,0.01981227440019882,0.8890756302521008,0.8571428571428571,0.07495700561237763,0.9831932773109243,0.09800256778753637,0.9747899159663865,0.05530920194803096,0.9831932773109243
BAMLEMHBHYCRPIEY,119,786,3.862348908459442,0.003559210457080842,0.07552334732775884,0.052740538011069774,0.9865546218487395,0.035593165860815464,0.018517935712241654,0.8764705882352941,0.9159663865546218,0.05503313861061362,1.0,0.05467248475546672,0.9915966386554622,0.06784680534957195,0.9831932773109243,0.08555581811262733,0.046084349069873964,0.9781512605042016,0.035359008064032374,0.020900873490258425,0.8949579831932774,0.8823529411764706,0.060096492788638815,0.9831932773109243,0.0637128649105722,0.9663865546218487,0.07267423642938413,0.9831932773109243
BAMLEMEBCRPIEOAS,119,786,3.3537434499431162,0.009256626289152718,0.17313504467182325,0.1190245874171772,0.9815126050420168,0.08722957345922162,0.04418772777483774,0.8571428571428571,0.8907563025210085,0.1377475956720481,0.9831932773109243,0.16358551034260443,0.9747899159663865,0.16746214632997292,0.9747899159663865,0.16699494678495816,0.10483188001014672,0.9781512605042016,0.08401263289418003,0.05356556857934328,0.892436974789916,0.8487394957983193,0.16245377266764982,0.9831932773109243,0.1708155226279026,0.9747899159663865,0.15397890486586766,0.9747899159663865
BAMLEMHBHYCRPITRIV,119,786,4.983125705527368,0.000884296605143191,0.020450453867929253,0.01411210608578163,0.992436974789916,0.008328495231877862,0.005301413444403891,0.915126050420168,0.9495798319327731,0.014620674839461873,1.0,0.013099781442683723,1.0,0.018743702475810604,0.9915966386554622,0.0225677338710366,0.011628356039722404,0.9815126050420168,0.00846527654112653,0.005582623738887461,0.9109243697478991,0.8907563025210085,0.01996947824995713,0.9747899159663865,0.018500032879206266,0.9747899159663865,0.019525778363975125,0.9831932773109243
BAMLEMHBHYCRPIOAS,119,786,2.9875595613140042,0.008367777905119155,0.1593410580323235,0.11574746129713391,0.9899159663865547,0.07539917754684425,0.041692124464665886,0.8672268907563025,0.9411764705882353,0.1749031316782931,0.9915966386554622,0.17646161029377386,0.9915966386554622,0.157422788028686,0.9831932773109243,0.15932908458186257,0.09840085371058818,0.980672268907563,0.07437190895059795,0.04738875650667425,0.8890756302521008,0.865546218487395,0.16903247678613903,0.9831932773109243,0.18214645759877823,0.9831932773109243,0.18900599166028179,0.9663865546218487
BAMLEMHYHYLCRPIUSOAS,119,786,2.96140673997632,0.008614546968071176,0.16762459459066067,0.12283711701802373,0.9907563025210084,0.07730472793918856,0.044181731229501524,0.8680672268907563,0.9495798319327731,0.1853979847875679,0.9915966386554622,0.190888112593383,0.9915966386554622,0.16321834618625555,0.9831932773109243,0.16084949181058383,0.10076642386123151,0.9798319327731092,0.07633788732616825,0.04911241143230553,0.8865546218487395,0.8571428571428571,0.1722959781719292,0.9915966386554622,0.18600794683044025,0.9831932773109243,0.17964792117971598,0.957983193277311
BAMLEMIBHGCRPIOAS,119,786,2.816283914125206,0.014144450299480216,0.17167933663493762,0.168665669843881,0.9957983193277311,0.10802922638470785,0.08450302401488363,0.9025210084033614,0.957983193277311,0.17906852375912521,0.9915966386554622,0.17473078537751394,0.9915966386554622,0.16928628490307326,1.0,0.17494167689782894,0.14644011397616147,0.9882352941176471,0.11086027886434247,0.07850640062417827,0.8764705882352941,0.8907563025210085,0.2242895221671641,0.9831932773109243,0.20980049362496433,0.9747899159663865,0.1615494363082107,0.9915966386554622
BAMLEMPBPUBSICRPIEY,119,786,4.347343894688193,0.0029096605113407394,0.044961170740847524,0.037497275368534526,0.9941176470588236,0.024025568699896645,0.01823928122966396,0.9218487394957983,0.957983193277311,0.04438437227768605,0.9915966386554622,0.04594288292445713,0.9915966386554622,0.03734112859453302,1.0,0.047916262817365114,0.031329256389383955,0.9840336134453781,0.023857817384130214,0.016378620030530717,0.892436974789916,0.8739495798319328,0.055154549176918755,0.9747899159663865,0.059378931174578646,0.9663865546218487,0.032865449142501245,1.0
BAMLEMPBPUBSICRPIOAS,119,786,2.855841442904793,0.01137330051702188,0.14222053141698623,0.13564609188931623,0.9932773109243698,0.08737372317319596,0.06511007343663586,0.8966386554621849,0.9327731092436975,0.1392953966503643,0.9915966386554622,0.1429952752265071,0.9915966386554622,0.1415485869071922,0.9915966386554622,0.15192195075463458,0.1187824596885796,0.984873949579832,0.08931728633495356,0.06266037203754307,0.8823529411764706,0.865546218487395,0.192184120545622,0.9831932773109243,0.20244082474375424,0.9747899159663865,0.14138778590124126,0.9915966386554622
BAMLEMPUPUBSLCRPIUSOAS,119,786,2.877958802097611,0.011921182289666937,0.14251723774253078,0.13256994393741936,0.9941176470588236,0.09127316482904621,0.06967860071192121,0.9067226890756303,0.9411764705882353,0.1454950364354276,0.9915966386554622,0.14847484435061767,0.9915966386554622,0.13369171103976493,1.0,0.14719732997691426,0.12394059847336228,0.9865546218487395,0.09285187456025103,0.06600417314183875,0.8932773109243698,0.8739495798319328,0.17627707383996055,0.9831932773109243,0.17228672481498297,0.9831932773109243,0.14065358343220882,0.9831932773109243
BAMLEMRACRPIASIATRIV,119,786,5.080007934131543,0.0008238968259482295,0.014028652318951626,0.010719908847181126,0.9957983193277311,0.006845570005637126,0.00562889061084829,0.9445378151260504,0.9747899159663865,0.012180188320064024,0.9915966386554622,0.013511561992322696,0.9915966386554622,0.010727594482472678,1.0,0.013069521342417558,0.008820355153528312,0.9915966386554622,0.0067393266304816065,0.004964507731487035,0.9067226890756303,0.9411764705882353,0.009498134165481493,0.9747899159663865,0.013620507671681567,0.9915966386554622,0.008907720030227162,1.0
BAMLEMRACRPIASIAEY,119,786,3.8829067617182718,0.003731670031153408,0.06476794274057504,0.05031211590477154,0.9957983193277311,0.030018322372361118,0.02237882046472446,0.9159663865546218,0.9747899159663865,0.055530911736705796,0.9915966386554622,0.062447977885042145,0.9915966386554622,0.0504194485436779,1.0,0.062230684527271415,0.04143838040905944,0.9915966386554622,0.029710353711340936,0.02128428228422814,0.8957983193277311,0.9327731092436975,0.04271579537488672,1.0,0.06447803166248205,0.9915966386554622,0.04352666916038329,1.0
BAMLEMRACRPIASIAOAS,119,786,3.131712909976945,0.01212035079590744,0.19696153427359864,0.170084670011742,0.9932773109243698,0.09904235803223732,0.07309419482249742,0.9100840336134454,0.9495798319327731,0.18510390547712638,0.9915966386554622,0.1898716117966508,0.9915966386554622,0.16935895123237898,1.0,0.21730873586491084,0.1359281665824404,0.9823529411764705,0.10149157575197508,0.06832160643553727,0.8857142857142857,0.8823529411764706,0.294125948322678,0.9663865546218487,0.2621238508733813,0.9663865546218487,0.15675546498725432,0.9915966386554622
BAMLEMRECRPIEMEAOAS,119,786,2.8223741264011726,0.01140110351498873,0.15422464609356928,0.12679389708128228,0.9882352941176471,0.09150231065912662,0.06104893722851808,0.8756302521008403,0.8991596638655462,0.18741073084457624,0.9831932773109243,0.17887585033192654,0.9831932773109243,0.12824571505900018,0.9915966386554622,0.15456649095258743,0.11434323906430059,0.980672268907563,0.0912741275464307,0.06314586829367783,0.8773109243697479,0.8571428571428571,0.1803066363863855,0.9663865546218487,0.22637033897935607,0.9663865546218487,0.12980283082954827,0.9831932773109243
BAMLEMRLCRPILAEY,119,786,3.983258758924771,0.003350799411361544,0.0555464257774548,0.04186376542995254,0.9789915966386554,0.02996442294783808,0.0185421913430959,0.8932773109243698,0.8403361344537815,0.04263265575434274,0.9915966386554622,0.04612703597408818,0.9831932773109243,0.06040066301211001,0.9747899159663865,0.06234779840324322,0.03836348344993055,0.9798319327731092,0.030656960146673105,0.01967196860551338,0.8966386554621849,0.8571428571428571,0.0521632423185789,0.9663865546218487,0.05462926490195485,0.9747899159663865,0.057583265072950904,0.9831932773109243
BAMLEMRLCRPILATRIV,119,786,4.765222318519219,0.0011027172035316688,0.018663788613397073,0.015931544397349496,0.992436974789916,0.009574955005685871,0.007028357206131666,0.9226890756302522,0.9495798319327731,0.015956612489916,1.0,0.015973377976990145,1.0,0.01795777757571707,0.9915966386554622,0.021765487369533393,0.013006609016098658,0.9823529411764705,0.00975751649083948,0.006912153172826073,0.9067226890756303,0.8823529411764706,0.01952970418290222,0.9831932773109243,0.020899758459660894,0.9747899159663865,0.0196988861905709,0.9831932773109243
BAMLEMRLCRPILAOAS,119,786,2.9064374049151844,0.009002666203401717,0.16384510423831294,0.10250253814802618,0.9815126050420168,0.07649673806109797,0.04603869949736009,0.8773109243697479,0.8571428571428571,0.17731643042749703,0.9747899159663865,0.18552278564104008,0.9747899159663865,0.19580428572427697,0.9831932773109243,0.14803474078909262,0.0987304324353689,0.9815126050420168,0.07642515646090048,0.050328509727062126,0.8798319327731092,0.8571428571428571,0.1676082099857268,0.9747899159663865,0.186381302387525,0.9747899159663865,0.20123163046245116,0.9747899159663865
BAMLEMUBCRPIUSOAS,119,786,2.958053756497458,0.010245462468373469,0.14151357992652452,0.12687602002335555,0.9907563025210084,0.08253732905630361,0.05615561548083594,0.8974789915966387,0.907563025210084,0.15596625407234052,0.9831932773109243,0.15361765816402337,0.9831932773109243,0.13664437203490096,0.9915966386554622,0.15421071434818623,0.10996948347996612,0.980672268907563,0.08438946613659513,0.05707953592749417,0.8823529411764706,0.865546218487395,0.1971261793720097,0.9747899159663865,0.21035600461765408,0.9747899159663865,0.13674033151756843,0.9747899159663865
BAMLH0A0HYM2,119,786,2.66339932984045,0.011594214093071379,0.2432917611750863,0.1737206447603177,0.9915966386554622,0.10913996327000261,0.06373702964441443,0.888235294117647,0.9411764705882353,0.31559442805680554,0.9915966386554622,0.3222946115363438,0.9915966386554622,0.23104027588082193,0.9915966386554622,0.2291016674578428,0.1373433551427019,0.9840336134453781,0.10397793120755426,0.06687321987939762,0.892436974789916,0.8907563025210085,0.2851808883082902,0.9915966386554622,0.29753621511595346,0.9831932773109243,0.2435479885351017,0.9831932773109243
BAMLH0A0HYM2EY,119,786,3.3114997881358996,0.005333121313337309,0.0967822863872772,0.07145325350411602,0.992436974789916,0.04571770078627685,0.030665739306105177,0.9,0.9747899159663865,0.1080617764857134,0.9915966386554622,0.11177176612159581,0.9915966386554622,0.10947768176351798,0.9915966386554622,0.09543617345969083,0.060541142040213505,0.9857142857142858,0.04496666177763396,0.03220762435904961,0.9058823529411765,0.907563025210084,0.11372848905188362,0.9831932773109243,0.11249215299292617,0.9831932773109243,0.10793923025990598,0.9831932773109243
BAMLH0A0HYM2SYTW,119,786,3.3686908961929976,0.005128204290560475,0.09105690273008729,0.06526780515827472,0.9899159663865547,0.043918255924167635,0.02657004365669225,0.8722689075630252,0.9495798319327731,0.10407612921334358,0.9915966386554622,0.1064660968593367,0.9915966386554622,0.09923838172831269,0.9915966386554622,0.08981285798191019,0.05747098369136896,0.9840336134453781,0.04275283131540637,0.03053415429681591,0.9042016806722689,0.8991596638655462,0.10813419141712904,0.9831932773109243,0.1072057400371068,0.9831932773109243,0.10161333589222994,0.9747899159663865
BAMLH0A1HYBB,119,786,2.2821345336873957,0.016290081220494503,0.31449326583161746,0.231236356302234,0.9915966386554622,0.1484792684469244,0.08849449612883913,0.8840336134453781,0.9411764705882353,0.41768632804171585,0.9915966386554622,0.4069772817123063,0.9915966386554622,0.27394677207711415,0.9915966386554622,0.2975995991741793,0.18846697266901408,0.9840336134453781,0.142311608107575,0.09467304138645177,0.8966386554621849,0.8739495798319328,0.37550040440093957,0.9915966386554622,0.37982324152718994,0.9915966386554622,0.2750715507918161,0.9747899159663865
BAMLH0A1HYBBEY,119,786,3.289311780131791,0.005609620205360801,0.0907905280818106,0.07333262991648112,0.9932773109243698,0.046300166498568156,0.03245949601198338,0.9,0.9747899159663865,0.09874414662386713,0.9915966386554622,0.10102907297499732,0.9915966386554622,0.09718603958205285,0.9915966386554622,0.09544071931817256,0.06271327094662521,0.9873949579831933,0.04594475011692353,0.03342777911627018,0.9016806722689076,0.9243697478991597,0.11126352071106073,0.9831932773109243,0.10597906476351066,0.9831932773109243,0.09995859913963012,0.9915966386554622
BAMLH0A1HYBBSYTW,119,786,3.3238229038576255,0.005315077357188802,0.08365677706517513,0.06652825719959293,0.9907563025210084,0.04418977673681859,0.027975692924623298,0.8764705882352941,0.957983193277311,0.09109576604940557,0.9915966386554622,0.09234384615710824,0.9915966386554622,0.09051108212709126,0.9915966386554622,0.08779303002905743,0.057586513834744356,0.9840336134453781,0.04340187868827115,0.030945698930132354,0.8957983193277311,0.8907563025210085,0.09916395700475222,0.9831932773109243,0.09788034500868954,0.9831932773109243,0.09091991720437602,0.9915966386554622
BAMLH0A2HYB,119,786,2.4378087917344624,0.012653762462814648,0.25612292269408055,0.17973115185650815,0.9915966386554622,0.11763525131040119,0.07631294365704647,0.9050420168067227,0.9411764705882353,0.34658363950718707,0.9915966386554622,0.3448907058430646,0.9915966386554622,0.22998899429854358,0.9915966386554622,0.2333263580879713,0.14895890882605137,0.9831932773109243,0.11245049911926992,0.07663641198647156,0.9008403361344538,0.8823529411764706,0.30746720818546763,0.9915966386554622,0.3294279622357292,0.9831932773109243,0.2516566032682272,0.9831932773109243
BAMLH0A2HYBEY,119,786,3.1529662460125945,0.006036147356006676,0.10210471662945364,0.07369544610939383,0.9907563025210084,0.051311653536852894,0.03483496406363341,0.8873949579831932,0.9411764705882353,0.12403337352329367,0.9915966386554622,0.12276354951741553,0.9915966386554622,0.11275279044686196,0.9915966386554622,0.10504445516576025,0.0680225216689412,0.984873949579832,0.050590989720851624,0.03671240471947885,0.9008403361344538,0.8907563025210085,0.1300752976992049,0.9831932773109243,0.1304129325746661,0.9831932773109243,0.12537738883783114,0.9831932773109243
BAMLH0A2HYBSYTW,119,786,3.225451060400064,0.005831324158807374,0.10009851799037407,0.06873051079588395,0.9907563025210084,0.04995594585598089,0.03098206579863713,0.8764705882352941,0.9411764705882353,0.1200337910677337,0.9915966386554622,0.12170604321582203,0.9915966386554622,0.1043396151647668,0.9915966386554622,0.1004623537819119,0.06558131104348983,0.984873949579832,0.04857629344675682,0.035189281254619835,0.9008403361344538,0.8991596638655462,0.12445100069218419,0.9831932773109243,0.12509186059360863,0.9831932773109243,0.12008435995558644,0.9747899159663865
BAMLH0A3HYC,119,786,3.0402735878339273,0.006789909359198327,0.14493061259926887,0.11206269197100172,0.9932773109243698,0.06692311130274317,0.04040463081636168,0.8848739495798319,0.957983193277311,0.16932295960412191,0.9915966386554622,0.18622506072456732,0.9915966386554622,0.15474623611710225,0.9915966386554622,0.1406278776070023,0.08272018037150441,0.9831932773109243,0.06230922894053494,0.040956495287799675,0.8974789915966387,0.8907563025210085,0.1821544757245813,0.9747899159663865,0.20580191980330206,0.9747899159663865,0.18224940220596333,0.9663865546218487
BAMLH0A3HYCEY,119,786,3.3232828904484006,0.004822883143731739,0.08991326395636356,0.07379223828324682,0.9949579831932773,0.04447238286812336,0.029072245291934192,0.8983193277310925,0.9747899159663865,0.09785173607825434,0.9915966386554622,0.10163785307501967,0.9915966386554622,0.10239117211951279,0.9915966386554622,0.09404684645853263,0.05884852919741371,0.9840336134453781,0.04361509818937284,0.030350300900320253,0.907563025210084,0.9159663865546218,0.11575451028461291,0.9663865546218487,0.11389723894422697,0.9747899159663865,0.12363847125926768,0.9663865546218487
BAMLH0A3HYCSYTW,119,786,3.3530373611170514,0.004790477038849235,0.0890905200071788,0.07126359454646333,0.9949579831932773,0.0443284450002851,0.028215906687248046,0.8991596638655462,0.9747899159663865,0.09749970744959259,0.9915966386554622,0.10204496359306527,0.9915966386554622,0.10284384799725857,0.9915966386554622,0.09269913235018794,0.058023618383441486,0.9840336134453781,0.04356526130024049,0.02975956815115003,0.9042016806722689,0.9159663865546218,0.11396146064366844,0.9663865546218487,0.1138149282319901,0.9831932773109243,0.12320789392486295,0.9663865546218487
BAMLHE00EHYIEY,119,786,3.6360973237288077,0.0049963577503578565,0.1080489640397912,0.06516382603382054,0.9789915966386554,0.049956196037870736,0.025088344439417192,0.8714285714285714,0.8739495798319328,0.1022703254867695,0.9747899159663865,0.10663254236612728,0.9747899159663865,0.11345523364134631,0.9663865546218487,0.11529334851286686,0.06158414903284506,0.9680672268907563,0.048531423666620964,0.029427240304676108,0.9,0.8235294117647058,0.10514770226829305,0.9495798319327731,0.13312164296236095,0.9495798319327731,0.141715180710337,0.957983193277311
BAMLHE00EHYIOAS,119,786,2.828230755539295,0.009754294029124706,0.20068252594516303,0.13105974749134444,0.9831932773109243,0.09312061963002893,0.050881130569526,0.8647058823529412,0.9159663865546218,0.14524286073670356,0.9915966386554622,0.17049002582870387,0.9747899159663865,0.27203445733386716,0.9747899159663865,0.19460238221111723,0.11436110511378529,0.9781512605042016,0.09047884991927069,0.05942648012200474,0.9016806722689076,0.865546218487395,0.16275440913194952,0.9663865546218487,0.18830493806490195,0.9663865546218487,0.2725568076343519,0.9747899159663865
BAMLHE00EHYITRIV,119,786,5.247825661632885,0.0007108244163277632,0.020119196336987666,0.011764422394073866,0.980672268907563,0.007921816870611702,0.003909257833240907,0.9016806722689076,0.907563025210084,0.012545408444862788,0.9915966386554622,0.014755112979018544,0.9747899159663865,0.02396966183196237,0.957983193277311,0.02313986322260906,0.011080895026737668,0.9705882352941176,0.007622523142201403,0.0045081735481543725,0.9184873949579831,0.865546218487395,0.020333051128438064,0.957983193277311,0.02156688528162227,0.9411764705882353,0.030540305772460457,0.9663865546218487
BAMLHE00EHYISYTW,119,786,3.624997991931553,0.0050201277003237964,0.11509651546615528,0.062342807264252446,0.973109243697479,0.04991975540246009,0.02405637163952511,0.8579831932773109,0.8739495798319328,0.08502908286403028,0.9831932773109243,0.10809473896250031,0.9495798319327731,0.1321084045093032,0.9663865546218487,0.11807835756466609,0.06156646717122024,0.9663865546218487,0.04862815646853435,0.02941372497520804,0.8941176470588236,0.8151260504201681,0.0901154131938954,0.9663865546218487,0.12820582435240746,0.9495798319327731,0.1569437101660684,0.9663865546218487
BAMLHYH0A0HYM2TRIV,119,786,4.8726693049699135,0.0009905996145962305,0.020741510589611722,0.017709358219476046,0.9949579831932773,0.0093136640532966,0.006229763480747863,0.9176470588235294,0.9747899159663865,0.021722254264910302,0.9915966386554622,0.022131475086447413,0.9915966386554622,0.023378966039512686,0.9915966386554622,0.022185315118804592,0.012247615370094972,0.980672268907563,0.009027934951157342,0.0061732809221876905,0.9067226890756303,0.865546218487395,0.025132780816726947,0.9831932773109243,0.02509069896370494,0.9747899159663865,0.026177805413524907,0.9747899159663865
BAMLHYH0A1BBTRIV,119,786,4.978281913330673,0.0009083500753948643,0.017238318452774116,0.01605287330769301,0.9932773109243698,0.008445945123129933,0.0060301603361467195,0.9260504201680673,0.9663865546218487,0.017940260788677373,0.9831932773109243,0.016807194089312336,0.9915966386554622,0.018451941647906218,0.9915966386554622,0.018536757469776944,0.010898266267786031,0.9840336134453781,0.008123590453909002,0.005639305894725166,0.8983193277310925,0.8907563025210085,0.01989738764906075,0.9831932773109243,0.02037638029545133,0.9747899159663865,0.019628819690146643,0.9915966386554622
BAMLHYH0A2BTRIV,119,786,4.826146688954244,0.0010376066115130587,0.021448733692594587,0.018172826497263924,0.9949579831932773,0.009869316033200043,0.006429921291067977,0.907563025210084,0.9747899159663865,0.022597019748963637,0.9915966386554622,0.02303997490064391,0.9915966386554622,0.024408845220124716,0.9915966386554622,0.023668691592286357,0.012817691023298255,0.9798319327731092,0.009521942572007207,0.006404430336495837,0.9067226890756303,0.8571428571428571,0.025962912547606243,0.9831932773109243,0.026222527103220542,0.9747899159663865,0.02954183107428846,0.9747899159663865
BAMLHYH0A3CMTRIV,119,786,4.447942507234127,0.0014917899733708306,0.036909295147790476,0.02649402649062488,0.9915966386554622,0.014334464825535966,0.009379304993875412,0.907563025210084,0.957983193277311,0.04223126794656831,0.9915966386554622,0.042257273669878165,0.9915966386554622,0.04599501859832578,0.9831932773109243,0.036622881736274614,0.019335180233669542,0.9840336134453781,0.014183169779266558,0.009435780221934791,0.9016806722689076,0.8907563025210085,0.04783709993319453,0.9747899159663865,0.04122745539793562,0.9831932773109243,0.05200380590949099,0.9663865546218487
BRMTG0101,197,1095,2.5372617373787065,0.010883690384197163,0.16765713269643623,0.1365721784266541,0.9888324873096447,0.09288706609118953,0.06351432680502157,0.8939086294416244,0.9187817258883249,0.205507267405859,0.9796954314720813,0.20377953789553604,0.9847715736040609,0.13819239085101537,1.0,0.17208549748581842,0.13838861998793076,0.9949238578680203,0.09029757365767413,0.06881203646138807,0.9121827411167512,0.9593908629441624,0.22361530134093777,0.9847715736040609,0.26481470476720975,0.9898477157360406,0.14419150146969076,1.0
BRMTG0102,197,1095,2.6405996789236093,0.009614700669476032,0.1530043149322101,0.12713107829864567,0.9923857868020305,0.08057305641438474,0.05910882144096389,0.9030456852791878,0.9238578680203046,0.17139967628752467,0.9949238578680203,0.1723700181924504,0.9949238578680203,0.15191335857273455,0.9898477157360406,0.15641334712164268,0.12220781122850585,0.9923857868020305,0.07959036785408231,0.06197702664111167,0.916243654822335,0.934010152284264,0.1871916492663948,0.9898477157360406,0.21917537949108026,0.9847715736040609,0.14019675040610294,0.9949238578680203
BUSAPPWNSANER,190,1067,0.23944375105277857,0.11881573705336715,4.8487480705514825,2.9138562029747783,0.9878947368421053,1.3990210082111663,0.586199927150445,0.9131578947368421,0.9157894736842105,4.256477019724865,0.9842105263157894,6.964008554592338,0.9736842105263158,4.96592157454727,0.9894736842105263,11.836378104737399,10.211757790467717,0.9873684210526316,1.5069879439524383,0.7562894016580843,0.9136842105263158,0.9105263157894737,10.912800002638,0.9842105263157894,14.057069047308891,0.9789473684210527,10.854219829326338,0.9947368421052631
BUSAPPWNSAUS,190,1067,0.24218318822574061,0.11824268890693804,4.872873432645147,2.920577952002815,0.9863157894736843,1.3982661338318292,0.5826550296005529,0.9121052631578948,0.9,4.4052992922628365,0.9789473684210527,7.0651068274788775,0.968421052631579,4.800445488120935,0.9894736842105263,10.906018807927696,9.101527429356837,0.9863157894736843,1.5184244917875864,0.7586860793395258,0.9110526315789473,0.9052631578947369,11.604649296791534,0.9842105263157894,13.986794049269871,0.9842105263157894,10.142902943170672,0.9947368421052631
BUSAPPWNSAUSYY,176,1012,-4.560522299116759,20.938443634175464,2164.0587737651786,692.6398115480307,0.9806818181818182,322.8234678626903,70.99827672819106,0.88125,0.9375,1806.6283465288432,0.9943181818181818,1436.9377501592119,0.9886363636363636,984.9234772168144,0.9829545454545454,2183.0101174496194,1481.41832665176,0.9886363636363636,308.6438855596497,161.7935432355359,0.9090909090909091,0.9375,1590.8054660655616,0.9886363636363636,1485.9885591779278,1.0,910.4303125341875,0.9886363636363636
CACCLAIMS,204,1124,1.0922411379313255,0.046901947409205086,1.3790196573781095,0.8411605035724556,0.9911764705882353,0.46729076696577015,0.257456898163568,0.8892156862745098,0.9558823529411765,1.0812495386459453,0.9901960784313726,1.0981731680961417,0.9950980392156863,2.0747399734783456,0.9901960784313726,1.3648500953243687,0.9006408547189745,0.9833333333333333,0.47576598953330884,0.3009734856419107,0.9083333333333333,0.8921568627450981,0.6330625413486556,1.0,0.7655100778895441,0.9950980392156863,2.0968881732770566,0.9852941176470589
CAICLAIMS,204,1125,0.41828990659611864,0.09005626076036889,1.9470750169203832,1.1504617312706185,0.9887254901960785,0.8475906156119996,0.5499865676120419,0.8985294117647059,0.9215686274509803,1.941446935846726,0.9901960784313726,2.182730274863551,0.9754901960784313,2.283781140868997,0.9950980392156863,1.9347300100330391,1.1467156377138588,0.9838235294117647,0.8510532237518795,0.581988520020951,0.9073529411764706,0.8970588235294118,1.8862767315643783,0.9754901960784313,2.1587080528183384,0.9754901960784313,2.54293742988443,0.9803921568627451
CASACBW027SBOG,204,1124,2.476227450016111,0.01138606782084882,0.3290946146693865,0.2682892159421766,0.9926470588235294,0.12145427042521964,0.09505738512078586,0.9509803921568627,0.9607843137254902,0.3813448170980483,0.9950980392156863,0.3982640485025642,0.9950980392156863,0.2783551504028405,0.9950980392156863,0.2700994500092711,0.19597379221977407,0.9916666666666667,0.11152576393416912,0.08534305074754697,0.942156862745098,0.9558823529411765,0.27408961889121186,0.9852941176470589,0.3537119900635966,0.9950980392156863,0.23637825241507648,1.0
CASACBW027NBOG,204,1124,2.1751082674724187,0.015162940222543398,0.3329599475499736,0.2919218317077422,0.9950980392156863,0.15514523860903998,0.12690861528837571,0.9495098039215686,0.9509803921568627,0.4073392456872307,0.9901960784313726,0.4136525603018204,0.9901960784313726,0.2940913242062395,1.0,0.3188330402457518,0.21856291696082064,0.9857843137254902,0.14041816541586916,0.10540074208105955,0.9372549019607843,0.8970588235294118,0.41418774900723426,0.9705882352941176,0.4097085198039948,0.9852941176470589,0.2652117118823539,0.9950980392156863
CASLCBW027NBOG,204,1124,1.7410231845004436,0.023787472171283762,0.4527213427048444,0.3744665796416123,0.9946078431372549,0.20818693527646287,0.18085635748030168,0.9558823529411765,0.9607843137254902,0.5069013573523403,0.9901960784313726,0.5026423220010819,0.9901960784313726,0.3723166570867896,1.0,0.38744844760595676,0.2769675323606425,0.9882352941176471,0.19579684231643202,0.15314465345758943,0.9161764705882353,0.9068627450980392,0.43540740317425813,0.9803921568627451,0.5086204072303872,0.9754901960784313,0.30746119767667723,1.0
CASLCBW027SBOG,204,1124,2.1321071227640322,0.01598141285379236,0.37353970628361444,0.2695095244914137,0.9955882352941177,0.14399815098741528,0.12202482508668891,0.9563725490196079,0.9754901960784313,0.4455335029221883,0.9950980392156863,0.41793387312765906,0.9950980392156863,0.27050449288408374,1.0,0.32213973183168704,0.22326186368729387,0.990686274509804,0.13819149439829836,0.10877954578378364,0.9338235294117647,0.9313725490196079,0.30984553559009226,0.9852941176470589,0.3851886051419637,0.9950980392156863,0.29036110071394255,0.9950980392156863
CASSCBW027SBOG,204,1124,2.236379915617566,0.014220501101649905,0.2810513927244262,0.19535999242821211,0.9931372549019608,0.11973000994329175,0.08931114173083812,0.9264705882352942,0.9509803921568627,0.2246172249617642,0.9950980392156863,0.24056291110633118,0.9950980392156863,0.1987786926850709,0.9950980392156863,0.27640814423907994,0.19903611685634584,0.9916666666666667,0.1286560059315697,0.10059583308727221,0.9338235294117647,0.9362745098039216,0.1916438831189668,0.9901960784313726,0.23943483145066619,0.9950980392156863,0.23821521558641465,0.9852941176470589
CCLACBW027NBOG,204,1124,3.2810640253570473,0.005260795419199798,0.06785071150105045,0.05949393461380412,0.996078431372549,0.0354322222994722,0.02899622345125406,0.9200980392156862,0.9607843137254902,0.0631591653173293,0.9950980392156863,0.06325218645465908,0.9950980392156863,0.08322305106021323,0.9950980392156863,0.13762070810804347,0.12990073952278058,0.9946078431372549,0.07180994216287379,0.06529513452827984,0.9151960784313725,0.946078431372549,0.06049134888708689,0.9803921568627451,0.15856682316563786,1.0,0.17752003182813544,0.9950980392156863
CC4WSA,204,1124,3.193599730969903,0.009446674534473757,0.9362176190804571,0.2537197009231899,0.9808823529411764,0.16845565703674972,0.037842604863604246,0.8867647058823529,0.9509803921568627,0.3512622003787419,0.9803921568627451,0.9786310308206858,0.9754901960784313,1.12435625089475,0.9754901960784313,1.0318523725863833,0.5205273651277341,0.9833333333333333,0.12895134870721806,0.06863500611659244,0.9313725490196079,0.946078431372549,0.3236472886658865,0.9852941176470589,0.9276985759499271,0.9803921568627451,1.3491334713342282,0.9803921568627451
CCLACBW027SBOG,204,1124,4.144427286154627,0.0028600447671057166,0.06202670457135263,0.049942700282320285,0.9926470588235294,0.022802192228365124,0.01669014055108095,0.9215686274509803,0.9705882352941176,0.05426169375962751,0.9950980392156863,0.06195372975889965,0.9901960784313726,0.06913673387281676,0.9901960784313726,0.13546832874620565,0.12098533353871682,0.9911764705882353,0.057545557623754094,0.053553389830261776,0.9490196078431372,0.946078431372549,0.061324052198445694,0.9852941176470589,0.1478881755226461,0.9901960784313726,0.1693007222729394,0.9950980392156863
CCNSA,204,1124,1.67282543746783,0.02773260836102611,1.2609244132314008,0.5594545119667246,0.9803921568627451,0.3958683779765987,0.15452166451823662,0.8779411764705882,0.9215686274509803,1.402332167158325,0.9803921568627451,1.3050577631726017,0.9803921568627451,1.4055058655790238,0.9852941176470589,1.4578940161940979,1.2310444061341683,0.9872549019607844,0.2917507590761854,0.17206405375693518,0.903921568627451,0.9166666666666666,1.1951252005028947,1.0,1.5335504886901477,0.9901960784313726,1.4176617052605414,0.9950980392156863
CCSA,204,1124,2.529014961231316,0.013682582546999342,0.9061840581708771,0.2570403081861341,0.9857843137254902,0.1658039758721671,0.057734349768404046,0.8818627450980392,0.946078431372549,0.9245920830589593,0.9754901960784313,1.029636308886163,0.9803921568627451,1.2667021932999405,0.9901960784313726,0.8109803643219222,0.23114168176364072,0.9813725490196078,0.16417171978539333,0.08906541066802424,0.9117647058823529,0.8921568627450981,0.6838693129809456,0.9852941176470589,0.7757506830626903,0.9705882352941176,1.2981330198071852,0.9901960784313726
CIBOARD,204,1124,4.090476137074723,0.0024712354495639932,0.09996658850563388,0.038853091964815095,0.9862745098039216,0.026398235660272495,0.013632885895175535,0.917156862745098,0.946078431372549,0.08951938337786612,0.9901960784313726,0.1213000437729586,0.9754901960784313,0.11918253502041921,0.9803921568627451,0.08907130582865556,0.043512912594706826,0.9916666666666667,0.025779111772585305,0.01761877503231056,0.9357843137254902,0.9411764705882353,0.042031589146872946,0.9901960784313726,0.10588827794626429,0.9901960784313726,0.11218409732243174,0.9901960784313726
CIBOARDNSA,204,1124,3.737170989911873,0.003294800420804,0.0996766801510715,0.042669154267775664,0.9862745098039216,0.03176040104589586,0.01846514326118584,0.9093137254901961,0.9362745098039216,0.09560532856008712,0.9901960784313726,0.1183955887750072,0.9754901960784313,0.11352599534972654,0.9852941176470589,0.09534737208980301,0.042697118231092575,0.9857843137254902,0.03157116670774739,0.0219359418301783,0.9318627450980392,0.8921568627450981,0.05522318573155377,0.9754901960784313,0.11160938973285348,0.9852941176470589,0.12004617576425403,0.9803921568627451
CILSCBW027SBOG,204,1124,4.283416712585029,0.0023531165455105345,0.13568653579072934,0.0505768840060929,0.9857843137254902,0.03449880633554062,0.01203980341029184,0.8833333333333333,0.9264705882352942,0.16023659173838362,0.9754901960784313,0.1642547595544926,0.9852941176470589,0.13029904602642728,0.9901960784313726,0.13545819664358424,0.054883159026143595,0.9799019607843137,0.02845866456349807,0.01518176464890111,0.9284313725490196,0.8480392156862745,0.10893889398719613,0.9803921568627451,0.2012151212049476,0.9705882352941176,0.12163679377057629,0.9852941176470589
CBCCIND,416,1972,1.9014256105406349,0.021360529913119645,0.43832351872697356,0.34250516746803705,0.9879807692307693,0.20815706182545357,0.12870475457967112,0.8824519230769231,0.9038461538461539,0.3581393418292397,0.9903846153846154,0.3781834410110945,0.9903846153846154,0.4721932206117019,0.9807692307692307,1.1433119711705362,1.094560341410393,0.9908653846153846,0.20235126465880543,0.12757807471234361,0.8834134615384616,0.9230769230769231,0.9523104947729912,0.9903846153846154,1.0099481376721355,0.9903846153846154,0.9133750646940644,0.9879807692307693
CLSACBW027SBOG,204,1124,4.66404893345822,0.0016665855536232245,0.04677555768049862,0.02968015139683927,0.9946078431372549,0.015131940485262821,0.008886175919947737,0.9073529411764706,0.9656862745098039,0.02954087574576236,1.0,0.03034782900837593,0.9950980392156863,0.08193784585810826,0.9950980392156863,0.1048709834142124,0.08573126620742233,0.9897058823529412,0.030964204720717845,0.026988461126400964,0.9411764705882353,0.9264705882352942,0.09104173836414813,0.9852941176470589,0.09414705736578537,0.9950980392156863,0.1225637134956959,0.9901960784313726
COMPAPER,204,1125,1.889360297585835,0.02015975766337934,0.2620885341415981,0.24805325325064434,0.9911764705882353,0.16542418829078268,0.12386733222237915,0.917156862745098,0.9362745098039216,0.2673097990877399,0.9901960784313726,0.26142798909752185,0.9901960784313726,0.26420554554811243,0.9901960784313726,0.2608150002105496,0.22851901140498662,0.9882352941176471,0.16709207102989201,0.12700727691272579,0.917156862745098,0.9019607843137255,0.264358672304086,0.9901960784313726,0.27009169657441795,0.9901960784313726,0.2579618881365941,0.9852941176470589
COMPOUT,204,1125,2.6956089993800836,0.009061769063511471,0.16542353481827402,0.135810980453894,0.9926470588235294,0.07665436918198508,0.053801285463862904,0.9186274509803921,0.9362745098039216,0.15834457039660993,0.9950980392156863,0.14974846211671722,0.9950980392156863,0.15982449430673804,0.9950980392156863,0.15110810791106996,0.1229131985757943,0.9916666666666667,0.07824497080550132,0.06052277623152909,0.9367647058823529,0.9166666666666666,0.13648445935966677,0.9950980392156863,0.14251580921115675,0.9950980392156863,0.1605683701366966,0.9950980392156863
COMPUTN,204,1125,2.759535243314417,0.008440369819140228,0.13297192179952608,0.11431567066222983,0.9877450980392157,0.06979801719133116,0.04472799598804775,0.8740196078431373,0.9019607843137255,0.14215988643081917,0.9852941176470589,0.13827111015161586,0.9901960784313726,0.1255943511297183,0.9901960784313726,0.14056455296848244,0.10953051912842843,0.9852941176470589,0.07065985948135706,0.052395711939195795,0.9137254901960784,0.8872549019607843,0.14908680793595094,0.9852941176470589,0.16618572655791483,0.9803921568627451,0.13710434213150013,0.9901960784313726
D2WATAL,204,1125,2.5382271496397757,0.010755031718787446,0.27354465673001543,0.21942100397320471,0.9941176470588236,0.09536053108829345,0.0773153011152415,0.9436274509803921,0.9803921568627451,0.25861854412402563,0.9901960784313726,0.29319749296874525,0.9950980392156863,0.286813581349828,0.9950980392156863,0.19083801012250504,0.15374666254018562,0.9921568627450981,0.09353869032195844,0.07428864274418318,0.9303921568627451,0.946078431372549,0.17574404087161613,0.9852941176470589,0.2108496342264064,0.9950980392156863,0.21748477167384675,0.9950980392156863
CBBCHUSD,498,2800,1.7683881274175532,0.02376858053017014,0.46952382286128497,0.3539216210694368,0.9909638554216867,0.22263277681939894,0.14678376162261872,0.9060240963855422,0.9337349397590361,0.4290663138195852,0.9899598393574297,0.41983881682035795,0.9879518072289156,0.45424601574764667,0.9919678714859438,0.7106115718905577,0.6201316532057254,0.9897590361445783,0.21841476013670216,0.14901011668142847,0.9072289156626506,0.9317269076305221,0.6423107223771607,0.9879518072289156,0.6840709428759739,0.9859437751004017,0.6729021272721656,0.9879518072289156
CBBTCUSD,498,2800,2.2089415774572005,0.015218541467705378,0.23472021000607554,0.20799528741735193,0.9937751004016064,0.13620062753149018,0.09943159738828426,0.9140562248995984,0.9477911646586346,0.24515138648070744,0.9899598393574297,0.25291476158438064,0.9919678714859438,0.21929994895369367,0.9959839357429718,0.4233364075134448,0.3909289524896361,0.9919678714859438,0.1365421756236002,0.09474717900822789,0.9044176706827309,0.929718875502008,0.4802317696081901,0.9979919678714859,0.3754206307441793,0.9899598393574297,0.2720709723410086,0.9879518072289156
CBETHUSD,498,2800,1.9203919811388652,0.0204434490924299,0.35160574156493934,0.2876728475538936,0.9901606425702811,0.18233672281381239,0.12853355527845797,0.9060240963855422,0.9337349397590361,0.33314077800383446,0.9939759036144579,0.3346229565226469,0.9939759036144579,0.35363413642158875,0.9899598393574297,0.38459204499435956,0.3204422454100165,0.988152610441767,0.18008367350520157,0.12753498782737815,0.9020080321285141,0.9096385542168675,0.3135433677825066,0.9899598393574297,0.37237657649246586,0.9879518072289156,0.3793287075688952,0.9879518072289156
CBLTCUSD,498,2800,1.8322258181718967,0.022415806974582352,0.41807674979020054,0.3248493831651201,0.9903614457831326,0.2070447265148183,0.143676431342569,0.9176706827309237,0.9156626506024096,0.3936869583858568,0.9859437751004017,0.3883734890303367,0.9839357429718876,0.5317395631356672,0.9899598393574297,0.42465294696031164,0.31961915749354197,0.9887550200803212,0.2024084912838622,0.13884552716976967,0.9052208835341365,0.9056224899598394,0.39201359471187625,0.9919678714859438,0.384022114950659,0.9879518072289156,0.5387450482119918,0.9799196787148594
D2WLTGAL,204,1125,-0.09903843329439367,0.1752207349734113,3.6127659224439577,3.6089999031545013,0.9995098039215686,1.963135101286951,1.7798154602218976,0.9627450980392157,0.9950980392156863,3.7941885967630844,0.9950980392156863,3.5656244347087194,1.0,3.6948793415155086,1.0,4.378178912660752,4.261843628885073,0.9965686274509804,1.670106066668194,1.393667245904687,0.9318627450980392,0.9705882352941176,3.7198231250521507,0.9950980392156863,4.35765412935845,0.9950980392156863,5.576087363743501,1.0
DCCCLAIMS,204,1124,1.7098830893647978,0.031026720300081148,1.4909843777504252,0.5051691832747546,0.9789215686274509,0.3997305696586388,0.14735340832065508,0.8676470588235294,0.9362745098039216,1.4802209591727635,0.9803921568627451,1.454542900234054,0.9852941176470589,1.9355207952096503,0.9705882352941176,1.3838753234229513,0.6137142625704862,0.9789215686274509,0.3437160116699047,0.18379902841413523,0.9058823529411765,0.9019607843137255,1.3250482311376768,0.9803921568627451,1.5422543424306467,0.9852941176470589,1.6363280665799107,0.9705882352941176
DCICLAIMS,204,1125,0.010153234041044675,0.1355240076153266,2.749750182802641,1.5406690272133186,0.9833333333333333,1.2455807020847165,0.7208445105150579,0.8735294117647059,0.8774509803921569,3.457880651876088,0.9901960784313726,3.634939192423651,0.9803921568627451,2.47202045311107,0.9901960784313726,2.565350219288118,1.638146452561587,0.9872549019607844,1.2074758989949355,0.8246025522070425,0.8985294117647059,0.8921568627450981,3.2588686420598534,0.9901960784313726,3.6072840083288154,0.9803921568627451,2.305241279083444,0.9901960784313726
CPFF,498,2800,1.631473456716264,0.04536424138119365,1.3881064146801996,0.7896747870852446,0.9843373493975903,0.5139152942622965,0.2522219231599855,0.8789156626506024,0.9136546184738956,1.031352564479954,0.9879518072289156,1.021223452749894,0.9819277108433735,2.1933473203039404,0.9839357429718876,1.825585926893439,1.6387969243867326,0.9949799196787149,0.4605999911501467,0.2943594313831072,0.9044176706827309,0.963855421686747,1.3300266245069454,0.9959839357429718,1.647421882079474,1.0,2.5625421748477777,0.9919678714859438
DAAA,498,2800,3.008107109650384,0.00814494164467903,0.17242585551626508,0.10200311688140583,0.9859437751004017,0.07172753766832307,0.04656357566849402,0.9034136546184739,0.9337349397590361,0.13395110092709825,0.9879518072289156,0.11934056144469961,0.9859437751004017,0.17029524764553164,0.9839357429718876,0.12424751534891768,0.08855426459887024,0.9919678714859438,0.06592764881515342,0.04944479436792116,0.9002008032128515,0.9457831325301205,0.09583469901509858,0.9939759036144579,0.09911266285886958,0.9879518072289156,0.1199794720418111,0.9919678714859438
DBAA,498,2800,3.253401300898968,0.005954344930378063,0.10206516531960708,0.06790116219421106,0.9869477911646586,0.049228374625219375,0.034859035257726746,0.9026104417670683,0.9216867469879518,0.08886992916105849,0.9919678714859438,0.0916485963522116,0.9899598393574297,0.09182815310577704,0.9859437751004017,0.08889943774678889,0.06558327064284232,0.9907630522088353,0.04740914816018443,0.036845664436393255,0.9068273092369478,0.9377510040160643,0.08159723462007855,0.9879518072289156,0.08546619228714813,0.9859437751004017,0.08074892320774875,0.9939759036144579
DCOILBRENTEU,498,2800,2.277527900836331,0.015071035536617493,0.45458026992498224,0.23014525340018457,0.9753012048192771,0.1532042036204526,0.07770362675615841,0.8853413654618474,0.857429718875502,0.36625650877713095,0.9759036144578314,0.4344588854772814,0.9738955823293173,0.4639445388936953,0.9718875502008032,0.31497944873941147,0.18967580762506145,0.9827309236947791,0.13849596782110676,0.09196518696531174,0.9036144578313253,0.8795180722891566,0.21541166235727788,0.9879518072289156,0.28565884893397664,0.9779116465863453,0.35020706833319254,0.9799196787148594
DCPF3M,498,2800,1.8047967230960043,0.0487978764739964,2.034015655890692,1.1066774358254778,0.9927710843373494,0.6722823792619087,0.3536753399637403,0.9080321285140562,0.9819277108433735,1.3470890326502007,0.9959839357429718,1.8981143563138227,0.9899598393574297,2.9073308550405264,0.9939759036144579,1.835072865389875,1.345236249148003,0.9907630522088353,0.47888879775387627,0.31846926869602465,0.9076305220883534,0.9497991967871486,1.0052672070687463,0.9899598393574297,1.3405682157766603,0.9919678714859438,3.9526270198928497,0.9939759036144579
DCPF1M,498,2800,1.4657879903151647,0.08255967175045013,2.9637810075893993,1.6781213601842009,0.9917670682730924,1.057263199990932,0.6808311345147492,0.9295180722891566,0.9819277108433735,2.864742668400579,0.9919678714859438,3.7646106743598042,0.9939759036144579,2.349018936618732,0.9919678714859438,2.427029741182711,1.7120399383993268,0.9919678714859438,0.7610081260921598,0.501869586502359,0.9068273092369478,0.9618473895582329,1.2461185885094106,0.9899598393574297,2.91567112920781,0.9919678714859438,1.797889172947506,0.9959839357429718
DDFUELLA,498,2800,2.215564542540697,0.015294842693165134,0.3103492107379332,0.1819759095340356,0.9805220883534137,0.1441735032952477,0.08218023093294992,0.8694779116465864,0.8775100401606426,0.3466154981077721,0.9779116465863453,0.34437733414605093,0.9738955823293173,0.29808877664860295,0.9819277108433735,0.2596295547709893,0.18632156822272034,0.988152610441767,0.1312512454303151,0.09238846445356923,0.9016064257028112,0.9216867469879518,0.25835720170070386,0.9919678714859438,0.25989287700961305,0.9859437751004017,0.26963010180865543,0.9899598393574297
DCOILWTICO,498,2800,-1.9609308243782761,1.0631242466192017,30.85810081284265,13.204683816298763,0.9829317269076305,10.892437677677684,5.229963799479957,0.8726907630522088,0.8975903614457831,38.92949077804659,0.9859437751004017,38.486335716632055,0.9839357429718876,34.7977186979032,0.9839357429718876,29.316594497565102,13.272377981239885,0.9843373493975903,10.0411228387434,6.525782920906353,0.9096385542168675,0.9056224899598394,34.86597099627092,0.9899598393574297,35.375400714860184,0.9859437751004017,37.63778332335496,0.9738955823293173
DDFUELNYH,498,2800,2.312887766984227,0.014068153511755008,0.30161789774196046,0.18839092974826707,0.9809236947791165,0.13626166433333914,0.07472889802535984,0.876706827309237,0.8734939759036144,0.3373924716679452,0.9799196787148594,0.3161051091108375,0.9799196787148594,0.2809720799621139,0.9819277108433735,0.24916506379474937,0.16559070350503516,0.9851405622489959,0.12067170182554054,0.08526642213149556,0.9044176706827309,0.9016064257028112,0.207043043292798,0.9919678714859438,0.22796651081219402,0.9919678714859438,0.26327857944905697,0.9859437751004017
DDFUELUSGULF,498,2800,2.2819296842711196,0.014461367351814528,0.30558083500215033,0.18238152493702744,0.9809236947791165,0.1374834270086794,0.07658172771712281,0.870281124497992,0.891566265060241,0.3122060046856238,0.9779116465863453,0.29785473675000956,0.9839357429718876,0.29325199551203607,0.9819277108433735,0.25053227172674597,0.16975403080797555,0.9849397590361446,0.12294942774985526,0.08718997764384248,0.9032128514056225,0.9096385542168675,0.20800634873388027,0.9899598393574297,0.23622982602670703,0.9879518072289156,0.23972801996050824,0.9859437751004017
DEXBZUS,498,2800,3.3151178846555323,0.004982890717164188,0.06859937899799094,0.05685574988134944,0.9913654618473896,0.040342741982100125,0.03000934963724461,0.9078313253012048,0.9377510040160643,0.06816627017542122,0.9899598393574297,0.06362130026370579,0.9959839357429718,0.07131229694331558,0.9899598393574297,0.06698012360908587,0.057557244318238776,0.9927710843373494,0.03955031349682972,0.03078711038859879,0.9070281124497992,0.9538152610441767,0.06570240892687011,0.9899598393574297,0.06837808579178356,0.9899598393574297,0.07281806859930642,0.9959839357429718
DEXCAUS,498,2800,4.13308857873265,0.002184439840534906,0.032240464186314065,0.02553188661170851,0.992570281124498,0.018341023370830916,0.01349638791553491,0.9108433734939759,0.9457831325301205,0.028453270743303123,0.9939759036144579,0.02729074550895833,0.9959839357429718,0.03352482680062674,0.9939759036144579,0.03219683358337801,0.025537751480203236,0.9911646586345382,0.01781830475944148,0.013686012696192268,0.9142570281124498,0.9357429718875502,0.02461837804881465,0.9939759036144579,0.0277628319518873,1.0,0.03498544716200016,0.9939759036144579
DEXDNUS,498,2800,4.048463862833893,0.0023923299191177766,0.035566907882725984,0.02873452371214414,0.9891566265060241,0.020603571111350284,0.01448458943593291,0.8995983935742972,0.9136546184738956,0.0309982300224797,0.9939759036144579,0.031582293898181776,0.9899598393574297,0.033105556770106584,0.9939759036144579,0.033974889781874996,0.026703540351370635,0.9865461847389558,0.01966177626160794,0.014463648096375674,0.8985943775100401,0.891566265060241,0.030059447210637375,0.9959839357429718,0.030347027975988462,0.9939759036144579,0.03020499528790819,0.9839357429718876
DEXHKUS,498,2800,6.640830363398027,0.00022363593998015398,0.005231089380970344,0.003358679964481369,0.9849397590361446,0.0024152785947217925,0.0014285935656028665,0.8895582329317269,0.9176706827309237,0.005933403556875631,0.9879518072289156,0.00597739991116939,0.9839357429718876,0.004797022655814519,0.9839357429718876,0.012961483260623132,0.011739893566853645,0.9899598393574297,0.0022872015252804138,0.0014860989348035188,0.9066265060240963,0.9317269076305221,0.01263010621152741,0.9879518072289156,0.013225420636777962,0.9879518072289156,0.008350529180863346,0.9879518072289156
DEXINUS,498,2800,4.502778846644911,0.0016368465784362886,0.0301126083036062,0.021241211128121697,0.9863453815261044,0.015389576335749423,0.009719671463215826,0.8859437751004016,0.8855421686746988,0.033767599750987906,0.9899598393574297,0.03316469778873134,0.9899598393574297,0.031239267871526838,0.9839357429718876,0.02796602453119663,0.019313413555219625,0.9829317269076305,0.01425894850085997,0.009773721323610932,0.8941767068273092,0.8534136546184738,0.02601061036416353,0.9899598393574297,0.026892995554515256,0.9839357429718876,0.03241325158640423,0.9799196787148594
DEXJPUS,498,2800,3.8658542672992997,0.0029459504701336604,0.05332745804242463,0.03860561316080894,0.9839357429718876,0.026837530810288727,0.016909667366218725,0.8977911646586345,0.8855421686746988,0.05772272555875903,0.9799196787148594,0.060754932292557184,0.9799196787148594,0.050429657351144186,0.9819277108433735,0.04771964834589081,0.037358869462411,0.986144578313253,0.025560053187577234,0.018427555361885263,0.9106425702811245,0.8875502008032129,0.049626319281226135,0.9839357429718876,0.05128508264936516,0.9839357429718876,0.04270097086083286,0.9879518072289156
DEXKOUS,498,2800,3.8181092453712937,0.0029893821257569063,0.046144186344684174,0.03295188443342805,0.9855421686746988,0.025035612759822443,0.01698038696359296,0.8891566265060241,0.893574297188755,0.04358006355091431,0.9839357429718876,0.044727196693062035,0.9839357429718876,0.04119610277807695,0.9879518072289156,0.04224518320371599,0.03313239047386852,0.9901606425702811,0.02462601324204508,0.018118474235734695,0.8995983935742972,0.9136546184738956,0.03693133311793064,0.9919678714859438,0.03833190577712155,0.9879518072289156,0.041797596205942124,0.9879518072289156
DEXMAUS,498,2800,4.477120545063345,0.00169550306293909,0.031448083890701466,0.021902176451816722,0.9849397590361446,0.01606373283775932,0.009624533819149803,0.88714859437751,0.9196787148594378,0.02949048536588744,0.9839357429718876,0.03377493208607512,0.9779116465863453,0.029688019760675623,0.9819277108433735,0.029212063704778392,0.021207195012062294,0.98714859437751,0.015284139896131024,0.010350816569074548,0.8945783132530121,0.9056224899598394,0.027476964553832927,0.9819277108433735,0.031381367601325955,0.9799196787148594,0.029885090793945114,0.9919678714859438
DEXMXUS,498,2800,3.5426914186868643,0.00403223584058486,0.07478549301200083,0.0506641684389502,0.9883534136546185,0.03662132089261963,0.024671588025649446,0.906425702811245,0.9257028112449799,0.08594401441338996,0.9859437751004017,0.08157870614777296,0.9859437751004017,0.07277975468799,0.9899598393574297,0.06866692205360397,0.05138339107689041,0.9887550200803212,0.03428863781265403,0.025655364000132755,0.9138554216867469,0.9317269076305221,0.06325279051225419,0.9859437751004017,0.07015452297624336,0.9879518072289156,0.06901408193427942,0.9899598393574297
DEXNOUS,498,2800,3.516620654597874,0.00409580905573514,0.07863045612307215,0.0499164032424015,0.9869477911646586,0.03512950063048981,0.023622636518759614,0.8963855421686747,0.9257028112449799,0.06727699237718651,0.9859437751004017,0.07389444710072686,0.9839357429718876,0.07784604314711972,0.9879518072289156,0.06639413095903048,0.04626957693301603,0.988152610441767,0.033500810619443155,0.024627962939565394,0.9004016064257028,0.9116465863453815,0.05689766823859058,0.9939759036144579,0.05760701393875489,0.9899598393574297,0.07323818627349418,0.9859437751004017
DEXSDUS,498,2800,3.642125241865325,0.0035805822536232497,0.04929917158806958,0.040985729778499805,0.9923694779116465,0.029022954636925093,0.020688508066622167,0.8947791164658635,0.929718875502008,0.04514164518984333,0.9959839357429718,0.04388525728125229,0.9959839357429718,0.04606042448025863,0.9939759036144579,0.04817059459962172,0.040889655892675944,0.9907630522088353,0.02845131350703432,0.02162595576554351,0.9024096385542169,0.9176706827309237,0.042233458217947585,0.9919678714859438,0.04391561975230616,0.9859437751004017,0.042308752345305935,0.9919678714859438
DEXSIUS,498,2800,4.493515591776508,0.001518040489715792,0.022281209929868945,0.017884223765103964,0.9893574297188755,0.012631382567464848,0.009068629718097488,0.9010040160642571,0.9176706827309237,0.020312695683470956,0.9919678714859438,0.020348060525273125,0.9939759036144579,0.021043372018702943,0.9919678714859438,0.021886684397738592,0.01688816032060534,0.988152610441767,0.012267049484589773,0.009255719080162053,0.9050200803212851,0.9036144578313253,0.017691558471383786,0.9959839357429718,0.019850924451235694,0.9939759036144579,0.02074161610558893,0.9899598393574297
DEXSFUS,498,2800,3.3015387662394695,0.005025314554022407,0.061277586485142095,0.050191639545161634,0.9909638554216867,0.03805327810591961,0.030117495425770986,0.9082329317269077,0.9196787148594378,0.05762397007049688,0.9939759036144579,0.05604871830977369,0.9959839357429718,0.05850524077146051,0.9879518072289156,0.061016174853778096,0.05082792550676384,0.988152610441767,0.037891859510148125,0.03049889883141355,0.9096385542168675,0.9076305220883534,0.05452871364887926,0.9979919678714859,0.056518692954852484,0.9919678714859438,0.05881716905507021,0.9839357429718876
DEXSZUS,498,2800,3.9845266985365737,0.0025275027290872095,0.03871873052966078,0.028679638837243965,0.9875502008032129,0.021224326247000713,0.01472254520071794,0.8977911646586345,0.9096385542168675,0.0317917972439856,0.9919678714859438,0.03152616976615858,0.9899598393574297,0.041192110293460725,0.9839357429718876,0.03868307885723859,0.027692656435728876,0.9865461847389558,0.020947778916474476,0.015618278956933733,0.9122489959839357,0.893574297188755,0.02939235417566629,0.9919678714859438,0.030137706264210373,0.9919678714859438,0.04294398803961738,0.9839357429718876
DEXTAUS,498,2800,4.616381551782417,0.0014988205401281136,0.028664293730495914,0.017865083497396506,0.988152610441767,0.013393417153320618,0.00897361308268243,0.8955823293172691,0.9076305220883534,0.031496056837744146,0.9939759036144579,0.0305151704234466,0.9939759036144579,0.029700546403069187,0.9879518072289156,0.029591542957365498,0.01868079205550091,0.9875502008032129,0.013502501971892662,0.00947705280196885,0.9020080321285141,0.9036144578313253,0.033233926420465104,0.9899598393574297,0.03126565170266031,0.9919678714859438,0.03172802280927501,0.9839357429718876
DEXTHUS,498,2800,4.06385901048248,0.0024296867173542666,0.03205274065782216,0.024903608756418793,0.9849397590361446,0.01980513329177327,0.013505489333574703,0.8728915662650603,0.8674698795180723,0.0293972767162617,0.9879518072289156,0.02772499438596062,0.9899598393574297,0.0274440091242863,0.9939759036144579,0.032152838594125835,0.028352106292646066,0.992570281124498,0.019753842327401003,0.015424117130873403,0.9106425702811245,0.9377510040160643,0.02705177693733851,1.0,0.02981225440870135,1.0,0.0280206728790903,0.9979919678714859
DEXUSAL,498,2800,3.6743841639343744,0.0034693377041869113,0.054788483841184975,0.03820717508693822,0.9887550200803212,0.02857017499795967,0.019993138450301692,0.8973895582329318,0.9257028112449799,0.05924180429445601,0.9859437751004017,0.0598508604350713,0.9879518072289156,0.0505805297166382,0.9879518072289156,0.052134511634463615,0.038283019562062266,0.9897590361445783,0.027616686998665,0.021449365278223855,0.9146586345381527,0.9216867469879518,0.052189012877552066,0.9839357429718876,0.06665983100124585,0.9839357429718876,0.05009519079742673,0.9919678714859438
DEXUSEU,498,2800,4.045566710368748,0.002398045661448156,0.03461126987194077,0.02817188536453897,0.9889558232931727,0.020562408316994518,0.014591344626506953,0.8969879518072289,0.9096385542168675,0.029456152875763846,0.9939759036144579,0.031482771125613145,0.9919678714859438,0.032928546295364756,0.9919678714859438,0.03300528648808083,0.026057944603566266,0.9873493975903614,0.01949164306634065,0.014399689017131392,0.8977911646586345,0.893574297188755,0.027445087761320906,0.9979919678714859,0.027733468531828117,0.9919678714859438,0.03028091647334853,0.9859437751004017
DEXUSNZ,498,2800,3.638479189535592,0.0035755453009827915,0.053007248498162934,0.039131641178210004,0.9899598393574297,0.02920226442219565,0.020852032382057573,0.8963855421686747,0.9257028112449799,0.057237097113094,0.9899598393574297,0.05645715480872823,0.9899598393574297,0.04965376881959061,0.9879518072289156,0.05146604515907471,0.03883570438928048,0.9877510040160643,0.028382736242741034,0.021909253544885345,0.9106425702811245,0.9036144578313253,0.05305743661088672,0.9819277108433735,0.05943448926693613,0.9819277108433735,0.04985104637425422,0.9899598393574297
DEXUSUK,498,2800,3.8338952555604986,0.00295947272543239,0.05198447541991139,0.03747807797885389,0.9869477911646586,0.025480347640647997,0.017337005736227127,0.9020080321285141,0.9196787148594378,0.04166355246660438,0.9899598393574297,0.04221266837512441,0.9879518072289156,0.06495907159193423,0.9819277108433735,0.04365684299056728,0.03552701259926132,0.9883534136546185,0.024632721512237245,0.01830613541990289,0.9106425702811245,0.9076305220883534,0.037311260599500906,0.9879518072289156,0.038820563082389625,0.9939759036144579,0.056913855343055396,0.9819277108433735
DFII10,498,2800,2.33125740516843,0.027336222130136808,0.5467726297079261,0.34095389986669483,0.9855421686746988,0.23910993185403076,0.1523806262433664,0.8887550200803213,0.9216867469879518,0.6059020443854519,0.9939759036144579,0.5930875458492345,0.9899598393574297,0.6238994852792362,0.9799196787148594,0.45247436982441885,0.30730906498382754,0.9845381526104418,0.23054179756456697,0.16240144066193116,0.8845381526104418,0.8955823293172691,0.4476202353086565,0.9919678714859438,0.5028041338875703,0.9839357429718876,0.5609653559692803,0.9779116465863453
DFII20,498,2800,2.3742222074004884,0.025831750412108678,0.4865627864582907,0.2970020558821345,0.9855421686746988,0.2189823517172047,0.14348665700370647,0.8875502008032129,0.9196787148594378,0.5411067667107966,0.9899598393574297,0.5329314747053526,0.9899598393574297,0.5498731354209098,0.9839357429718876,0.41352777495177967,0.28854979619277327,0.9869477911646586,0.21508666008281774,0.1486178397836431,0.8841365461847389,0.9076305220883534,0.4161936873979516,0.9919678714859438,0.45789811642327416,0.9919678714859438,0.5052205576446882,0.9839357429718876
DFII30,498,2800,2.4140370075277358,0.024973784799444346,0.4929295727521512,0.29768136118180016,0.9853413654618474,0.2113161828425848,0.1385855289937994,0.8869477911646586,0.9076305220883534,0.5313319600610481,0.9859437751004017,0.5207675382722396,0.9899598393574297,0.5692195953018349,0.9859437751004017,0.4029108953638098,0.2672353188169928,0.988152610441767,0.20764818224839943,0.1435025568402229,0.8833333333333333,0.9156626506024096,0.4003098651115809,0.9859437751004017,0.43210707617983996,0.9919678714859438,0.48982782498229527,0.9839357429718876
DFII5,498,2800,2.1669456498877877,0.03058827008145133,0.5525621156898551,0.40149348339012053,0.9903614457831326,0.2785248762390934,0.1785225115552067,0.8931726907630522,0.9417670682730924,0.5403649892601772,0.9899598393574297,0.617120879821013,0.9899598393574297,0.6354815867646852,0.9859437751004017,0.4870035376388731,0.3779844012817529,0.9873493975903614,0.2622514457995577,0.18453541810990393,0.8855421686746988,0.9136546184738956,0.40768737985392706,0.9899598393574297,0.49602470561959927,0.9879518072289156,0.5933629150118279,0.9859437751004017
DGASNYH,498,2800,2.2668706979501363,0.014699834840218334,0.3878567966142284,0.23447463481621864,0.9869477911646586,0.14125499734125702,0.07856732458301105,0.8865461847389559,0.9156626506024096,0.44424648305932074,0.9859437751004017,0.42688215840522215,0.9879518072289156,0.3858700221502789,0.9899598393574297,0.31441996763904806,0.19655028627307297,0.9875502008032129,0.13139803203204609,0.08985908611028828,0.9080321285140562,0.9076305220883534,0.31798630755894647,0.9879518072289156,0.34503819241168576,0.9859437751004017,0.34957487990834213,0.9879518072289156
DFII7,498,2800,2.2919487102135263,0.02866538329690857,0.5498497050133156,0.3661385403299648,0.9891566265060241,0.2561323386142982,0.16426953190342905,0.891566265060241,0.9497991967871486,0.5842111834383601,0.9939759036144579,0.6015858641116989,0.9919678714859438,0.6394207356650458,0.9859437751004017,0.4775429279200918,0.34663568820862406,0.9873493975903614,0.24381363142113138,0.1672082751056945,0.879718875502008,0.9216867469879518,0.4469072445719157,0.9939759036144579,0.5064886793309932,0.9859437751004017,0.628857127707175,0.9799196787148594
DGASUSGULF,498,2800,2.1698766504346763,0.016319536645593664,0.45270318957818945,0.28007026752866515,0.9849397590361446,0.1588604787221995,0.08826850452077804,0.8855421686746988,0.8955823293172691,0.43575626971082176,0.9919678714859438,0.4210177689983134,0.9919678714859438,0.4198695141501027,0.9859437751004017,0.3219775966900312,0.22265802172888968,0.9869477911646586,0.14756811912040904,0.10046089205516794,0.9040160642570281,0.9096385542168675,0.2633969418830086,0.9919678714859438,0.30390783314094316,0.9899598393574297,0.39636282207527385,0.9859437751004017
DGS10,498,2800,2.5077273946267216,0.013928872415142537,0.37899783820205524,0.1969761887520907,0.9863453815261044,0.1400135791568132,0.08050985865064217,0.9046184738955824,0.9477911646586346,0.38532520650060087,0.9919678714859438,0.3331421292001305,0.9859437751004017,0.3835013902111312,0.9859437751004017,0.2690399279819187,0.15911507564177932,0.988152610441767,0.11803560760452825,0.08491078508584754,0.9050200803212851,0.9257028112449799,0.29272375256923144,0.9959839357429718,0.2696953458701156,0.9879518072289156,0.33067206000197996,0.9899598393574297
DGS20,498,2800,2.701143147236235,0.011021463410500414,0.29576974039425696,0.154653730462715,0.9877510040160643,0.10569572265961194,0.06439564706129791,0.9078313253012048,0.9518072289156626,0.30327419657400584,0.9899598393574297,0.28055749326519624,0.9879518072289156,0.3149523374739001,0.9879518072289156,0.20644102633340444,0.12569401877608277,0.989558232931727,0.09256283637173203,0.06665832242388671,0.9090361445783133,0.9257028112449799,0.22883829355297122,0.9979919678714859,0.21237909580697445,0.9919678714859438,0.24949090187363115,0.9879518072289156
DGS3,498,2800,2.4233913362689163,0.019088140133264306,0.48771009547752486,0.2782788147548708,0.9853413654618474,0.2126884770483431,0.1193864124785651,0.8957831325301204,0.9136546184738956,0.525231094830938,0.9819277108433735,0.47920541045281817,0.9839357429718876,0.489835237547422,0.9879518072289156,0.38296177507603024,0.2395781079392434,0.9863453815261044,0.16859402635062806,0.11526006962843664,0.9014056224899598,0.9156626506024096,0.38821470690312815,0.9919678714859438,0.4031570501978592,0.9839357429718876,0.43224279606460997,0.9919678714859438
DGS30,498,2800,2.7286669995776753,0.010474038969089145,0.27600119824499614,0.14942178036745576,0.986144578313253,0.09810096410401978,0.061425126651554425,0.909437751004016,0.9357429718875502,0.2927621318006396,0.9919678714859438,0.26457294719233715,0.9879518072289156,0.24492493586474395,0.9839357429718876,0.19486835588658766,0.11833024219585789,0.9911646586345382,0.08762793336749754,0.06350733264482497,0.909437751004016,0.9377510040160643,0.21383220720434115,0.9959839357429718,0.20007618209026856,0.9899598393574297,0.20006015754025638,0.9939759036144579
DJCA,498,2513,3.2051780291518903,0.0057785075784181125,0.15185628356898415,0.0891294898078737,0.9827309236947791,0.056020174757367286,0.033137855044603766,0.8957831325301204,0.9036144578313253,0.13655666242957437,0.9839357429718876,0.1434441837070705,0.9819277108433735,0.12963321951686863,0.9859437751004017,0.11663773263593437,0.09029063541021798,0.9911646586345382,0.05172706193593957,0.036591365873507635,0.9114457831325301,0.9598393574297188,0.08454504245278499,0.9979919678714859,0.11935452435335261,0.9919678714859438,0.11262048834469852,0.9919678714859438
DGS5,498,2800,2.353459292377451,0.017375613853133506,0.4525121337460944,0.2529717238074836,0.9847389558232932,0.18682594858607596,0.1054209587244869,0.9004016064257028,0.9337349397590361,0.4719060514046922,0.9899598393574297,0.4551628354098249,0.9839357429718876,0.500307277378011,0.9819277108433735,0.32211511494449896,0.2025000133475064,0.986144578313253,0.15061763665111985,0.10499511434994227,0.9022088353413654,0.9096385542168675,0.31571677719441243,0.9919678714859438,0.3183240703630446,0.9839357429718876,0.4033672348342653,0.9899598393574297
DGS7,498,2800,2.3969380837653533,0.015154590390853186,0.3756245989723669,0.21213103305908584,0.9867469879518073,0.15113571946424734,0.08753473392734054,0.9042168674698795,0.9437751004016064,0.39996044176532586,0.9899598393574297,0.35798105068410246,0.9859437751004017,0.4227330329080006,0.9819277108433735,0.2725757028089882,0.17323635065477183,0.9851405622489959,0.1291618945682625,0.09107054128562009,0.903012048192771,0.9036144578313253,0.2679442649082774,0.9919678714859438,0.2593653413277035,0.9899598393574297,0.34404411122484785,0.9859437751004017
DJIA,498,2513,3.2175149260183313,0.005730771344022502,0.15538393310372925,0.09342271840612255,0.9837349397590361,0.057170637687204706,0.03343350109257529,0.9016064257028112,0.9116465863453815,0.13480882389906704,0.9839357429718876,0.16560949034986377,0.9819277108433735,0.12023811361881424,0.9879518072289156,0.14465516058710307,0.12139781441741523,0.9913654618473896,0.051550362221612724,0.03692080760981878,0.9104417670682731,0.9497991967871486,0.10204916201943778,1.0,0.1445145367645803,0.9899598393574297,0.11179469360130631,0.9919678714859438
DHHNGSP,498,2800,1.4033997013952204,0.04039148921647498,1.6402394016923167,0.8075696410004304,0.9867469879518073,0.4361723484190774,0.1888310012738116,0.8720883534136546,0.9337349397590361,1.8131679441753816,0.9919678714859438,1.807805450277907,0.9919678714859438,1.8754386191854253,0.9819277108433735,2.268399226662103,1.6065418845728097,0.9907630522088353,0.44602447871266643,0.26496797926958093,0.903012048192771,0.9457831325301205,1.7648456383557882,0.9979919678714859,2.73108738039567,0.9919678714859438,2.6676251395777455,0.9819277108433735
DJTA,498,2513,2.81127581648082,0.008289275757775877,0.17917749345386427,0.11095558521797493,0.9855421686746988,0.07480451868086362,0.046229387990126505,0.8873493975903615,0.9156626506024096,0.16073462142501002,0.9839357429718876,0.16550295601248574,0.9859437751004017,0.16538315455743122,0.9879518072289156,0.1448348726721805,0.10206528411575397,0.9879518072289156,0.07140065217290219,0.05125203851331287,0.9068273092369478,0.9196787148594378,0.10268328561923386,0.9959839357429718,0.11285754736671944,0.9899598393574297,0.1623462959637869,0.9819277108433735
DHOILNYH,498,2800,2.254220632928507,0.014956098382499002,0.3282519763369936,0.20107043708615352,0.9839357429718876,0.14561954228206025,0.07827245449310018,0.8765060240963856,0.9016064257028112,0.45183751627702895,0.9819277108433735,0.4046191575322053,0.9839357429718876,0.2705649180024745,0.9879518072289156,0.28844127974588274,0.18761157101595083,0.98714859437751,0.1312412403171696,0.09215445258019526,0.9082329317269077,0.9116465863453815,0.3259869751065762,0.9879518072289156,0.3319522858438468,0.9899598393574297,0.25766760653894877,0.9879518072289156
DJFUELUSGULF,498,2800,2.1622704395523464,0.016426158086727632,0.35197058505305123,0.20973853146075302,0.9823293172690764,0.15888924290696832,0.08731885108362186,0.8660642570281124,0.8955823293172691,0.3835487046253789,0.9839357429718876,0.3818282946797367,0.9839357429718876,0.30938680647857275,0.9799196787148594,0.2871148030328862,0.21721991239249988,0.9899598393574297,0.14146566933153204,0.09982706938655346,0.9028112449799197,0.9317269076305221,0.2421309156872843,0.9939759036144579,0.27499445976956893,0.9899598393574297,0.27986201493047325,0.9939759036144579
DJUA,498,2513,3.080296809232377,0.006464130310054726,0.15455917558594223,0.09244255951739738,0.9853413654618474,0.06015247049498129,0.036061440230938546,0.8965863453815262,0.9176706827309237,0.13214450575771927,0.9879518072289156,0.15499147819728668,0.9859437751004017,0.1658520163681039,0.9799196787148594,0.12256688799418194,0.08633760526404374,0.9889558232931727,0.05515397458441648,0.04027123729876312,0.9114457831325301,0.9357429718875502,0.09864246208060339,0.9859437751004017,0.13339053929977354,0.9839357429718876,0.16297863922471578,0.9919678714859438
DPSACBW027SBOG,204,1124,4.348886280297636,0.0017525409503892655,0.039682036699854865,0.02674505369895197,0.990686274509804,0.015149693566338463,0.011288505115561724,0.9343137254901961,0.9656862745098039,0.039185971634487914,0.9950980392156863,0.0490030102000237,0.9852941176470589,0.03203584483168196,0.9901960784313726,0.03246231050204339,0.022716854203097166,0.9911764705882353,0.014607515360126245,0.011291949931321677,0.9147058823529411,0.9411764705882353,0.026981287107116128,0.9852941176470589,0.039010452997556004,0.9950980392156863,0.025502538471929195,1.0
DPSACBW027NBOG,204,1124,3.7128679892571665,0.0032839195976853033,0.044906503432407596,0.03859257650363867,0.9916666666666667,0.025395069053868242,0.021826314832605984,0.9382352941176471,0.946078431372549,0.04958979139341645,0.9901960784313726,0.05007979609827222,0.9901960784313726,0.03957372638753008,0.9901960784313726,0.043647647711953445,0.03499974313420162,0.9901960784313726,0.025177741649408617,0.0202831365845166,0.9196078431372549,0.9215686274509803,0.05040867127350142,0.9803921568627451,0.05669528870881365,0.9803921568627451,0.03858514642693869,0.9950980392156863
DNFINCP,204,1125,1.7816803955698888,0.022580696252484045,0.4578715465053254,0.3902347496822337,0.9926470588235294,0.20306184052950615,0.14535655345069956,0.9225490196078432,0.946078431372549,0.5099952677857833,0.9901960784313726,0.4872564577489384,0.9901960784313726,0.41301280814476865,0.9950980392156863,0.3887740137646138,0.3192286165045662,0.9911764705882353,0.20940429388570034,0.15476722407081342,0.9181372549019607,0.9411764705882353,0.430043515657986,0.9901960784313726,0.43327242363107654,0.9901960784313726,0.37784029789080903,0.9950980392156863
DPSDCBW027SBOG,204,1124,4.255009426513034,0.001896396473754985,0.04073266464479659,0.029066871778231865,0.9931372549019608,0.016394977658357884,0.012062185718399511,0.9284313725490196,0.9656862745098039,0.03882124959401444,0.9950980392156863,0.048058286131443695,0.9901960784313726,0.032317744738364365,0.9950980392156863,0.03558495397681852,0.02540097587191623,0.9901960784313726,0.016112479997124424,0.012151250744443386,0.9196078431372549,0.9264705882352942,0.02960658820431531,0.9803921568627451,0.04180710909793741,0.9901960784313726,0.0297595005922037,1.0
DPSLCBW027NBOG,204,1124,3.438592455401352,0.004322065761964315,0.059555314791749824,0.05558942896996602,0.9965686274509804,0.033880834673769074,0.028467955748791428,0.9382352941176471,0.9754901960784313,0.06037885029094451,0.9950980392156863,0.062443128044218844,0.9950980392156863,0.05625969093731875,1.0,0.057576203473539304,0.04706519491427706,0.9877450980392157,0.033514027468916414,0.026739951211303147,0.9274509803921569,0.8872549019607843,0.05928440989544318,0.9803921568627451,0.06712104797002647,0.9803921568627451,0.05151307181801433,0.9950980392156863
DPSLCBW027SBOG,204,1124,4.05945514564144,0.002287711569910901,0.046172291001260975,0.03535832833848285,0.9946078431372549,0.019245903910258457,0.01431766179340578,0.9323529411764706,0.9656862745098039,0.04794466146354359,0.9950980392156863,0.05247788715974006,0.9901960784313726,0.0360373023708904,1.0,0.04406476181882944,0.031055563933824623,0.986764705882353,0.019477557087623214,0.014757427351380062,0.9220588235294118,0.8872549019607843,0.03845248933444755,0.9803921568627451,0.053636660684827614,0.9803921568627451,0.03684068884397683,0.9950980392156863
DPSSCBW027NBOG,204,1124,3.911422502364248,0.0026899190729533836,0.04566648294666163,0.03648747585719346,0.9936274509803922,0.021951901897928013,0.01845694352191953,0.9450980392156862,0.946078431372549,0.035757889564487326,0.9950980392156863,0.039600662609964386,0.9950980392156863,0.03975624189778904,0.9950980392156863,0.044324558246114185,0.03227213578800039,0.990686274509804,0.021807505856512505,0.017199656906802356,0.925,0.9215686274509803,0.030877024657159594,0.9950980392156863,0.036708027091777146,0.9803921568627451,0.03797081920134367,0.9950980392156863
DPSSCBW027SBOG,204,1124,4.478774656018095,0.0015538306811828419,0.04399837440687093,0.027042008358438587,0.990686274509804,0.015319538588555951,0.009940621455220297,0.9392156862745098,0.9411764705882353,0.033460279268863496,0.9950980392156863,0.04557634389885991,0.9901960784313726,0.03397543091522716,0.9901960784313726,0.042981835895413115,0.022491603370489326,0.9872549019607844,0.014820580387586192,0.009839167304818297,0.9254901960784314,0.9166666666666666,0.02010258914604033,0.9950980392156863,0.04404802448126532,0.9852941176470589,0.031280889460441,0.9901960784313726
DTP10J28,455,2127,1.472164477758417,0.03213228270970089,0.6814362356126312,0.4329853063318751,0.9861538461538462,0.30216967562360153,0.17449192060934143,0.8709890109890109,0.9340659340659341,0.6761126191263431,0.9868131868131869,0.7579494398853349,0.9846153846153847,0.7466500928248996,0.989010989010989,0.569651797646522,0.4234528671210365,0.989010989010989,0.2827649846962024,0.19973864642690892,0.9021978021978022,0.9296703296703297,0.5233433568136378,0.9868131868131869,0.5685405858499173,0.9912087912087912,0.7404193264090047,0.9868131868131869
DTP10J26,498,2461,1.457239688611099,0.03546802585837539,1.0057702410365694,0.39746675079913507,0.9783132530120482,0.35876382346461283,0.17416358973666993,0.8680722891566265,0.8755020080321285,0.5420147853685489,0.9779116465863453,0.6452983373128504,0.9779116465863453,1.4390929429835801,0.9819277108433735,0.7473292983154326,0.423669539611149,0.9873493975903614,0.32169439528333443,0.20237388084992894,0.8919678714859438,0.9116465863453815,0.4498350735165442,0.9919678714859438,0.5226598229749757,0.9879518072289156,1.1136127956032043,0.9879518072289156
DSWP30,498,2800,2.6930019596272605,0.010208599405493828,0.16796150490801867,0.1152422022625191,0.9833333333333333,0.09134229046043164,0.05811313400464067,0.878714859437751,0.8795180722891566,0.20274803924140838,0.9779116465863453,0.19069470748417508,0.9839357429718876,0.16639804264934313,0.9819277108433735,0.1409913703639305,0.11777694085147149,0.9923694779116465,0.08191904250401968,0.060292003658645295,0.9014056224899598,0.9397590361445783,0.14824012474962067,0.9939759036144579,0.1480989542165039,0.9859437751004017,0.15910827101717542,0.9899598393574297
DSWP10,498,2800,2.4682592649731143,0.012562936033730085,0.19327016998278393,0.13832766543282582,0.9875502008032129,0.1063698476384144,0.0712090341015619,0.8843373493975903,0.9016064257028112,0.22850719981597686,0.9839357429718876,0.22955128141818193,0.9819277108433735,0.1686797584271035,0.9919678714859438,0.1748463303937788,0.1506248753316093,0.993574297188755,0.10027025614155957,0.0750285825877219,0.8985943775100401,0.9437751004016064,0.19126040614272258,0.9919678714859438,0.18585841088387192,0.9939759036144579,0.17770333464670315,0.9959839357429718
DRGASLA,498,2800,1.9246197390043642,0.020613622677779858,0.5681977118004298,0.36451242117041294,0.984136546184739,0.21112969000283108,0.11272029768526155,0.8911646586345382,0.8855421686746988,0.4468974372218656,0.9879518072289156,0.46203906031663916,0.9859437751004017,0.6552872563400695,0.9839357429718876,0.8148390404391179,0.6911455871554859,0.9897590361445783,0.19958469247469837,0.13111727874756712,0.9124497991967871,0.9176706827309237,0.6717493987569971,0.9879518072289156,0.6404695782958313,0.9879518072289156,0.8168017845654942,0.9879518072289156
DSWP5,498,2800,2.2383456358798686,0.01677095083605755,0.2559866399240873,0.18177801682261896,0.986144578313253,0.13982543295925057,0.09549139190890962,0.8865461847389559,0.8714859437751004,0.28874746582687083,0.9799196787148594,0.298543227878863,0.9779116465863453,0.20768036248479352,0.9939759036144579,0.2472572110081484,0.21010093766895527,0.9929718875502008,0.13658173885379174,0.10055205761351714,0.9002008032128515,0.9317269076305221,0.24943575843514468,0.9899598393574297,0.268728766851729,0.9919678714859438,0.24174662129583,0.9939759036144579
DPROPANEMBTX,498,2800,2.3452984451170114,0.01582521241585971,0.3042353279721985,0.21720455802404187,0.9887550200803212,0.1536109979562462,0.09464669542746819,0.8909638554216868,0.9156626506024096,0.25488704498124815,0.9919678714859438,0.2637092812889589,0.9919678714859438,0.35282348595844015,0.9879518072289156,0.4440105773612622,0.40316179307785155,0.9921686746987952,0.15005843269240415,0.09945244716310353,0.8863453815261044,0.9357429718875502,0.3831854235728263,0.9939759036144579,0.367751623606573,0.9899598393574297,0.4107206094131885,0.9919678714859438
DSWP2,498,2800,2.403010467631082,0.020339087394378785,0.31630285600576946,0.24146698143805922,0.9891566265060241,0.17069653734352036,0.1179840119829232,0.8937751004016065,0.9016064257028112,0.3424730734465802,0.9899598393574297,0.34798762648527776,0.9919678714859438,0.27122428864170056,0.9879518072289156,0.3144462275738664,0.260172480745651,0.9913654618473896,0.17217039985298116,0.12003770689993538,0.8937751004016065,0.929718875502008,0.3352126745507998,0.9879518072289156,0.3506893928236427,0.9899598393574297,0.3245589259923743,0.9959839357429718
DSWP3,498,2800,2.2443044998566632,0.01968809552501159,0.3071341099360782,0.22139071672848534,0.988152610441767,0.1646780924278487,0.1132414790949426,0.8903614457831325,0.8975903614457831,0.3424066757523034,0.9839357429718876,0.3448695520158874,0.9859437751004017,0.24457112789673258,0.9899598393574297,0.30786217037473207,0.25394461801490015,0.9923694779116465,0.16422481857821053,0.11788929682967775,0.8945783132530121,0.9257028112449799,0.31285043567893517,0.9879518072289156,0.34615242246788386,0.9939759036144579,0.26618881897468655,0.9919678714859438
DLTIIT,498,2800,2.3904463166225716,0.025352411040551432,0.49672749768323976,0.2939979801097923,0.9857429718875502,0.21520725816270336,0.13873229407444873,0.8821285140562249,0.9116465863453815,0.5552778020540604,0.9879518072289156,0.5440209581720431,0.9899598393574297,0.5729250858813079,0.9779116465863453,0.41788774011128066,0.2639505241505659,0.9883534136546185,0.21135725442079104,0.14517476858584694,0.878714859437751,0.9236947791164659,0.4403978999553456,0.9839357429718876,0.44941267581961725,0.9899598393574297,0.5182469342011202,0.9899598393574297
DTP10J30,325,1610,1.44710506966593,0.03215912939292284,0.5187978098994441,0.432807923192977,0.9904615384615385,0.2811338196038791,0.1852634487206071,0.8898461538461538,0.9384615384615385,0.626893984808254,0.9876923076923076,0.5423272279276556,0.9846153846153847,0.46961461763260093,0.9938461538461538,0.4449672056411381,0.39093135436867,0.9932307692307693,0.26330866177303697,0.19899932357974648,0.9095384615384615,0.9507692307692308,0.45095407173073804,0.9938461538461538,0.41975174204669113,0.9907692307692307,0.5377734936688168,0.9938461538461538
DTP10L29,360,1749,1.4807528716360205,0.03125489570761465,0.5136249673195363,0.4427567310852581,0.9919444444444444,0.27391374631589743,0.18220709102405386,0.8919444444444444,0.9388888888888889,0.4996049612753299,0.9916666666666667,0.48722920990904617,0.9944444444444445,0.5329124352175205,0.9861111111111112,0.429387984826495,0.4090487666274353,0.9958333333333333,0.2583749401358145,0.19695142494322118,0.9111111111111111,0.9638888888888889,0.4304343147498406,0.9916666666666667,0.4475130959402976,0.9944444444444445,0.4415920736551679,1.0
DTP10L28,423,2002,1.439223041165971,0.03235890018440675,0.6605182519112509,0.4427354226369944,0.9865248226950355,0.297444343012182,0.1779070967333797,0.8810874704491726,0.91725768321513,0.7730049467666389,0.9905437352245863,0.7840225319304813,0.9881796690307328,0.6117241294132015,0.9810874704491725,0.5700952384714978,0.4234437658360539,0.9893617021276596,0.28333574367761993,0.20922513750909383,0.9156028368794327,0.9314420803782506,0.5661131513303542,0.9858156028368794,0.6381990516296644,0.9905437352245863,0.6336268552588761,0.9881796690307328
DTP10L26,498,2481,1.385905459334532,0.03802876696664645,0.9460241087925275,0.43831107908023603,0.9746987951807229,0.3883324769423688,0.18109810533723425,0.8546184738955823,0.8493975903614458,0.9667869371636756,0.9718875502008032,1.0945047083249084,0.9658634538152611,0.9541027627596441,0.9759036144578314,0.6644548369115787,0.4714659515349079,0.9843373493975903,0.34474434759969297,0.22266981363281774,0.8951807228915662,0.9016064257028112,0.6103137627138694,0.9859437751004017,0.6808335930327964,0.9859437751004017,0.7078810955282822,0.9819277108433735
DTP10L27,486,2251,1.4853634315770823,0.03198284343747985,0.6671876770831164,0.42075088513614617,0.9853909465020576,0.29938460889746865,0.17207066097066456,0.8728395061728395,0.9135802469135802,0.6938939240136408,0.9897119341563786,0.7667213056670494,0.98559670781893,0.6877350151170809,0.9876543209876543,0.5513289278036487,0.41067487158113725,0.9868312757201646,0.2799928014642371,0.19766739874224692,0.9051440329218107,0.9074074074074074,0.5248142286419885,0.98559670781893,0.5702779741632651,0.98559670781893,0.7022450626292265,0.98559670781893
DTP20J29,498,2800,1.5671707815009643,0.029243399569947138,0.5765163639771969,0.3775261086826753,0.9855421686746988,0.26769832987940134,0.16054705431123711,0.8763052208835341,0.9116465863453815,0.4390518082496354,0.9859437751004017,0.49615689080061487,0.9839357429718876,0.6311981438587041,0.9879518072289156,0.47772877017198195,0.35296972501615675,0.9893574297188755,0.2517592459369424,0.17902250709609316,0.9014056224899598,0.9236947791164659,0.36557104691473324,0.9919678714859438,0.4096745886278389,0.9859437751004017,0.5398936586319062,0.9919678714859438
DTP20J27,498,2800,1.472961258180286,0.03307624482601629,0.6521654639701943,0.4155566140555209,0.9827309236947791,0.3150976089636694,0.17482283231415957,0.8626506024096385,0.8875502008032129,0.46991757363391723,0.9819277108433735,0.5320214722732971,0.9859437751004017,0.7193544494355267,0.9839357429718876,0.543375170375583,0.4207642591976695,0.9897590361445783,0.28755562244936783,0.20214798615089916,0.8995983935742972,0.9236947791164659,0.44182418022100245,0.9919678714859438,0.47108718432175545,0.9899598393574297,0.6087128077405376,0.9919678714859438
DTP20J26,498,2800,1.4551854348576692,0.03556355476660609,0.9888956534247942,0.40124885657608184,0.9781124497991968,0.3626150900265205,0.1739172981856734,0.869277108433735,0.8755020080321285,0.5971488717123374,0.9759036144578314,0.7311451343660071,0.9698795180722891,1.2735422842990558,0.9839357429718876,0.75822058545223,0.4299065289390145,0.9877510040160643,0.324908086223767,0.20679489932767148,0.8967871485943775,0.9156626506024096,0.5172522492346703,0.9899598393574297,0.5736951893063189,0.9899598393574297,1.0406113674714426,0.9899598393574297
DTP30A28,498,2800,2.172418685463,0.03027689012867512,0.6046922300745126,0.40278098577153254,0.9855421686746988,0.27988016800333104,0.16613342821863478,0.8753012048192771,0.9096385542168675,0.44745030738644914,0.9839357429718876,0.546704284872192,0.9859437751004017,0.6434489390020112,0.9859437751004017,0.4996492952705039,0.3646641309889443,0.98714859437751,0.26692637683793435,0.18583419658932832,0.8815261044176707,0.9036144578313253,0.39282007542608716,0.9899598393574297,0.4512426314641451,0.9859437751004017,0.5719207804252325,0.9879518072289156
DTP5A25,222,1195,0.9820502332307322,0.05213709369249269,1.4376999609519108,0.5266409153095607,0.9617117117117117,0.5509843677958559,0.2479217218041633,0.8324324324324325,0.7477477477477478,2.303726844095476,0.954954954954955,2.385539524878357,0.9459459459459459,0.717449867852542,0.9684684684684685,1.2873162725732283,0.6487635055666185,0.9761261261261261,0.5082488643330692,0.30246072735491597,0.8788288288288288,0.8198198198198198,1.9236797977725426,0.9684684684684685,2.16610750311697,0.9594594594594594,0.7483032793307914,0.972972972972973
DTP30A29,498,2800,2.250389762688208,0.029502312672617704,0.6215508623281805,0.38263244908752836,0.9851405622489959,0.2725809959195835,0.1598856336775604,0.8785140562248996,0.9136546184738956,0.5574044375881161,0.9859437751004017,0.6104889904865125,0.9819277108433735,0.6867814320859355,0.9879518072289156,0.5323456508087541,0.37455728320071696,0.9901606425702811,0.26121306585806847,0.1767003534410207,0.8839357429718876,0.9357429718875502,0.49518059831367983,0.9939759036144579,0.5172808175774074,0.9859437751004017,0.6416200234415995,0.9939759036144579
DTP30F50,325,1607,1.6556780901146093,0.02601881224074671,0.41049530856527394,0.3508730397299619,0.9907692307692307,0.21141094889428216,0.15439770946490164,0.9058461538461539,0.9323076923076923,0.37936733167823367,0.9938461538461538,0.38709780149147655,0.9938461538461538,0.37467300987836794,0.9876923076923076,0.35006216110618854,0.3129362648677635,0.9923076923076923,0.20336904207017023,0.16291906862236116,0.9230769230769231,0.9415384615384615,0.3310608829401846,0.9938461538461538,0.3355424922285158,0.9938461538461538,0.3775842973072233,0.9969230769230769
DTP30F40,498,2800,1.7157879127615863,0.02483697300644316,0.49627727526462795,0.3043388825556041,0.9865461847389558,0.2125834459754449,0.14028170756958197,0.8905622489959839,0.9176706827309237,0.36983974522128826,0.9859437751004017,0.4108943787615662,0.9879518072289156,0.5372085108051669,0.9899598393574297,0.3908081388641365,0.26797186154013963,0.9875502008032129,0.20451982698953564,0.15132248425158062,0.9068273092369478,0.9096385542168675,0.2946063533109941,0.9879518072289156,0.30188116441939145,0.9879518072289156,0.4849389402596688,0.9879518072289156
DTP30F43,498,2800,1.7134298650359834,0.024815736608620385,0.5034219340492931,0.30664279269730016,0.9855421686746988,0.2129638818105246,0.13969569579772628,0.8905622489959839,0.9096385542168675,0.3698361360449235,0.9879518072289156,0.4144686470705839,0.9899598393574297,0.5464249502241351,0.9879518072289156,0.39527092300008443,0.26736449660785466,0.98714859437751,0.20511197907376572,0.1502751347757326,0.9040160642570281,0.9056224899598394,0.2896709399249136,0.9859437751004017,0.29532541061147044,0.9839357429718876,0.4885603275110697,0.9859437751004017
DTP30F45,498,2800,1.7240671728281072,0.02462413288211014,0.4979267521754226,0.30523085883336637,0.9849397590361446,0.2109910487261862,0.1382726876778709,0.8913654618473895,0.9056224899598394,0.37759530066388736,0.9879518072289156,0.4117771297241917,0.9879518072289156,0.5419304023097095,0.9879518072289156,0.3862760930250548,0.26341804309237704,0.9883534136546185,0.20299907017138938,0.14851704452671657,0.9034136546184739,0.9176706827309237,0.28368273790345616,0.9919678714859438,0.29448366575127444,0.9859437751004017,0.4829944664363058,0.9899598393574297
ECBESTRNUMTRANS,360,1749,1.0073737025412983,0.05479297331786506,1.6836209479395698,1.3150645070056775,0.9933333333333333,0.642127026071308,0.3029881774172795,0.9041666666666667,0.95,1.7004270898893106,0.9972222222222222,1.740273404312134,0.9972222222222222,1.9290566684874524,0.9861111111111112,4.11865681326123,3.7625282956642274,0.9913888888888889,0.6850423340541728,0.38434464904545473,0.895,0.95,3.02033362044574,0.9944444444444445,3.284205464853974,0.9972222222222222,4.0225374593791985,0.9861111111111112
ECBESTRTOTVOL,360,1749,0.8905251466964618,0.056432264686282124,1.421650676283318,1.1049809719283163,0.9916666666666667,0.5656150861888257,0.340947479110649,0.9072222222222223,0.9444444444444444,1.2983273516614537,0.9972222222222222,1.3407612192565028,0.9944444444444445,1.6808877730443768,0.9861111111111112,3.032027732342049,2.68323084585537,0.9922222222222222,0.6097851653220948,0.3866005396084911,0.9058333333333334,0.95,2.332762176319371,0.9944444444444445,2.8518619074690794,0.9972222222222222,2.550453222973321,0.9861111111111112
DTWEXB,498,2800,4.505713520365246,0.0015258589231311158,0.023208570090726806,0.01884563057044004,0.9917670682730924,0.012912172063762219,0.009593802346278447,0.9090361445783133,0.929718875502008,0.019679795109708843,0.9939759036144579,0.02002382275285628,0.9939759036144579,0.02487858019182674,0.9939759036144579,0.022167660670232348,0.016840893433132997,0.9863453815261044,0.012312453362278791,0.009208225697148029,0.9010040160642571,0.8755020080321285,0.01659070310368956,0.9919678714859438,0.018505735715603808,0.9879518072289156,0.026024851561234828,0.9839357429718876
DTWEXAFEGS,498,2800,4.211619965345113,0.0020296676046603385,0.03072640610767841,0.023779277405315116,0.9885542168674699,0.01727658914619205,0.012024730310913211,0.8961847389558233,0.9096385542168675,0.024960885936520235,0.9939759036144579,0.02463446154660415,0.9919678714859438,0.031322160093582935,0.9879518072289156,0.02971356104481608,0.024032120329891923,0.9903614457831326,0.016391770549429845,0.012312202518419102,0.906425702811245,0.929718875502008,0.02372590660584502,1.0,0.02371075939866172,0.9979919678714859,0.03128392437990181,0.9879518072289156
DTWEXBGS,498,2800,4.382255198808838,0.0016970077556434306,0.02571916250800014,0.01959132044005614,0.9897590361445783,0.014384895040694515,0.01018647040131889,0.8993975903614457,0.929718875502008,0.02161172803256596,0.9939759036144579,0.022549564081011483,0.9919678714859438,0.026279016884232512,0.9939759036144579,0.02559187732044744,0.021093238753147347,0.9917670682730924,0.01393720165333385,0.010446008027279356,0.9086345381526104,0.9357429718875502,0.019206928904779208,0.9979919678714859,0.02125443171481114,0.9939759036144579,0.025734710334794006,0.9939759036144579
FINCP,204,1125,2.251674137424557,0.014010370794660708,0.22803674498345788,0.1898378042934745,0.9897058823529412,0.12137706791470877,0.08577615371928347,0.9102941176470588,0.9166666666666666,0.19187964970153218,1.0,0.1898461732043048,1.0,0.23769800885175335,0.9852941176470589,0.21371747167935262,0.18323765644855033,0.9916666666666667,0.12085638366523972,0.09185246414140871,0.928921568627451,0.9166666666666666,0.17843366671330516,0.9950980392156863,0.1766426142457934,1.0,0.22554024699059072,0.9852941176470589
FINCPN,204,1125,2.368442769851209,0.012383300718109632,0.19458403986900763,0.16443538377705524,0.990686274509804,0.0998087431891876,0.06651710995293104,0.8916666666666667,0.9215686274509803,0.16503250048163784,0.9950980392156863,0.16699380609919848,0.9950980392156863,0.21342740706208585,0.9852941176470589,0.1949185666147618,0.15450629135473729,0.9892156862745098,0.10149230092404717,0.0765927306296833,0.9205882352941176,0.9068627450980392,0.16408089474664528,0.9901960784313726,0.18533094368399455,0.9803921568627451,0.2389484080887436,0.9901960784313726
DTWEXEMEGS,498,2800,4.356214154637314,0.0017474916764387827,0.027272091981982747,0.02076544176149506,0.9891566265060241,0.0148073313173271,0.010465392529855596,0.9006024096385542,0.9317269076305221,0.028299673488881127,0.9859437751004017,0.02755748715146171,0.9879518072289156,0.02781737918479428,0.9939759036144579,0.026078938181747092,0.0209076769422228,0.9893574297188755,0.014545947311535926,0.010926817743574038,0.9074297188755021,0.9257028112449799,0.021782222038105974,0.9899598393574297,0.0251198130407554,0.9859437751004017,0.026956706903440927,0.9939759036144579
DTWEXM,498,2800,4.2203225765092665,0.002043462531657882,0.029533772529358793,0.02567602763692329,0.994578313253012,0.017220874580739114,0.013150035900934732,0.9240963855421687,0.9457831325301205,0.026432639343335427,0.9959839357429718,0.02625633826037659,0.9979919678714859,0.03231399111103434,0.9919678714859438,0.027980694024039687,0.02226416165940952,0.9889558232931727,0.016235360288856422,0.012345917323269449,0.9074297188755021,0.893574297188755,0.023218705952455523,0.9919678714859438,0.02460136030566054,0.9859437751004017,0.03137569270767428,0.9859437751004017
FLICLAIMS,204,1125,0.2738658070625909,0.10515634239147277,2.860714478269562,1.5607096655579418,0.9882352941176471,1.0393684778346743,0.6518099831919207,0.9,0.9313725490196079,3.589561706464209,0.9901960784313726,4.039123707261322,0.9901960784313726,2.6376195342916473,0.9852941176470589,2.6330314009011864,1.3453590309292371,0.986764705882353,1.0434996389796578,0.635124085579465,0.8946078431372549,0.9215686274509803,3.334275785705371,0.9852941176470589,3.6098424405164655,0.9901960784313726,2.812599976606612,0.9803921568627451
GASDESLSMWW,177,1016,2.7172248683750966,0.009312626960893659,0.21912504299861646,0.11685849742716942,0.988135593220339,0.09038115263703275,0.05124433252591445,0.8875706214689265,0.903954802259887,0.1491954860402026,0.9887005649717514,0.1541636554137159,0.9943502824858758,0.2689134784711634,0.9830508474576272,0.20818826570660323,0.10864233785426161,0.9830508474576272,0.08408308474097388,0.05501139096495671,0.9107344632768362,0.8926553672316384,0.1142273603278976,0.9887005649717514,0.11445935017921634,0.9943502824858758,0.28508973293812884,0.9717514124293786
GASDESLSW,177,1016,2.8646324480910828,0.008050496527241578,0.20577557281258518,0.10275203989957372,0.9898305084745763,0.07944116558336882,0.04556174807110422,0.8926553672316384,0.9265536723163842,0.11630981169007541,0.9943502824858758,0.12801478327984148,0.9943502824858758,0.27805619042188445,0.9774011299435028,0.19968392524467404,0.09500433351664773,0.9819209039548022,0.07430163788082839,0.048168070024637924,0.9090395480225989,0.8926553672316384,0.0930356148282687,0.9887005649717514,0.10515154116957286,0.9830508474576272,0.2851566525797434,0.9717514124293786
GASDESECW,204,1125,2.989102108904296,0.007186485689066288,0.2045042671894824,0.11653662350755464,0.9882352941176471,0.0768036383064659,0.046467341750571406,0.907843137254902,0.9313725490196079,0.19732903079466013,0.9901960784313726,0.12910497576431298,0.9950980392156863,0.1257691574197512,0.9901960784313726,0.16753871373232296,0.09168901208948324,0.986764705882353,0.06507214093444771,0.04472805042674837,0.9127450980392157,0.9264705882352942,0.08980845372399372,0.9901960784313726,0.10360984401882872,0.9901960784313726,0.1114245804691466,0.9950980392156863
GASDESGCW,204,1125,2.8143546496096437,0.008541757578932763,0.214901530141023,0.12393168583271985,0.9892156862745098,0.08577090705175663,0.052013200851408634,0.890686274509804,0.9019607843137255,0.1734265810004911,0.9901960784313726,0.12650001281264264,1.0,0.14480397171575093,0.9852941176470589,0.19209834175387966,0.11496684497721298,0.9911764705882353,0.07689760232155293,0.054167336669817504,0.9191176470588235,0.9411764705882353,0.0968103689330272,0.9901960784313726,0.11792868665825755,1.0,0.13266831926789252,1.0
EFFRVOL,498,2617,1.3135367249372087,0.04232421782401592,1.0247584650062704,0.7230935663250833,0.9877510040160643,0.41299352179088605,0.220808206994338,0.8909638554216868,0.9236947791164659,0.9944513982323775,0.9879518072289156,0.9071979137713974,0.9919678714859438,1.079825238013688,0.9859437751004017,2.588970269957494,2.3790237049499496,0.9911646586345382,0.4250218912972678,0.24935951363159273,0.9082329317269077,0.9377510040160643,1.709435765897385,0.9899598393574297,2.329957985724782,0.9879518072289156,1.9605552058711704,0.9859437751004017
GASDESMWW,204,1125,2.734841376371806,0.009146932769119976,0.21423179030904363,0.13676670047464193,0.9901960784313726,0.08949515323861679,0.05545341317462722,0.8975490196078432,0.9117647058823529,0.15312125295914886,0.9950980392156863,0.1446041689533736,1.0,0.1692965804649861,0.9950980392156863,0.18124286104634582,0.12031852335638153,0.9901960784313726,0.07995991198166282,0.05647300411802387,0.9181372549019607,0.9411764705882353,0.1176225293446907,0.9950980392156863,0.128774508565649,0.9950980392156863,0.1353815581600869,1.0
GASDESRMW,204,1125,2.801044084544892,0.008323944129432985,0.17899250844830128,0.10753393862015438,0.9901960784313726,0.08111993501078048,0.054048593826050595,0.9112745098039216,0.9411764705882353,0.14055120321229841,0.9852941176470589,0.15060559490030553,0.9950980392156863,0.15240744352257138,0.9901960784313726,0.16273073912892796,0.10357685702166965,0.9862745098039216,0.07538485378215772,0.052044606937309175,0.9088235294117647,0.9313725490196079,0.09449732312563965,0.9901960784313726,0.11101615710933943,0.9901960784313726,0.11810890637830428,0.9950980392156863
GASDESW,204,1125,2.8849116885339527,0.007831493508210377,0.1967903577651874,0.11646900482462492,0.9916666666666667,0.0788174486974834,0.04903637930892007,0.9024509803921569,0.9362745098039216,0.1640209509208113,0.9901960784313726,0.12412920671620374,1.0,0.13968791878979878,0.9950980392156863,0.17174960052228394,0.09964363663744744,0.9892156862745098,0.06972457593216418,0.049133731533768536,0.9230392156862746,0.9362745098039216,0.08188264928958806,0.9901960784313726,0.10401802219263653,1.0,0.11426683332303009,1.0
GDBFRW,133,839,-0.03874790049156205,0.1565329787588839,3.3136073891221667,3.3136073891221667,1.0,1.62644536738967,1.3715539869826987,0.9586466165413534,1.0,2.927481490574963,1.0,3.366972644778807,1.0,3.4032615489254616,1.0,2.8780325070708987,2.8122569453003656,0.9977443609022556,1.4402515936072156,1.2410004324925452,0.9511278195488722,0.9774436090225563,2.4186732476784942,0.9924812030075187,2.852928351643128,1.0,3.357058520365314,1.0
H8B3092NCBA,139,863,2.0228272222968666,0.01789602547044992,0.2146602422985897,0.1809446320807043,0.9848920863309353,0.13841176508630168,0.09552757759352225,0.8561151079136691,0.8920863309352518,0.20221988520583883,0.9928057553956835,0.19538888876833757,0.9784172661870504,0.22354199522879825,0.9928057553956835,0.22132125246553433,0.2018618874739133,0.9906474820143885,0.13728968868328714,0.1092244980655274,0.9007194244604316,0.935251798561151,0.19103922510507731,1.0,0.19722274579473953,1.0,0.21736628625471707,1.0
GASDESWCW,204,1125,2.912648584963279,0.007503394971229312,0.1897439494542588,0.10587458471474803,0.990686274509804,0.07745683410981812,0.048402975583476386,0.9112745098039216,0.9411764705882353,0.18582974937702335,0.9852941176470589,0.11770193775329281,0.9950980392156863,0.1641742572766511,0.9901960784313726,0.17525214136046957,0.08852762942305792,0.9848039215686275,0.06866383124442076,0.04641051745566027,0.9166666666666666,0.9068627450980392,0.12291101668068705,0.9852941176470589,0.12540120116183645,0.9852941176470589,0.11401361469389293,0.9901960784313726
H8B3094NCBA,204,1124,2.9079133884495434,0.007453734009355737,0.19753347140457952,0.12600140196600312,0.9887254901960785,0.06610706583380782,0.039199981852263484,0.8887254901960784,0.9313725490196079,0.15468852559772042,0.9950980392156863,0.15323503285031986,0.9950980392156863,0.1340698471407996,0.9950980392156863,0.18239547385722532,0.12543384053047785,0.9926470588235294,0.07292909191177763,0.054104903206813736,0.9318627450980392,0.9558823529411765,0.10453981112834942,1.0,0.15490903447787027,0.9950980392156863,0.13764054037938414,1.0
H8B3094NCBD,204,1124,2.678037830470817,0.009410068677886754,0.22092103722522785,0.1420231956522341,0.9872549019607844,0.08900077185224302,0.04947865889686005,0.8877450980392156,0.9019607843137255,0.14192224812289897,0.9901960784313726,0.14576947709663085,0.9950980392156863,0.16539436509529984,0.9950980392156863,0.22059345856619816,0.1440160721857738,0.984313725490196,0.09113979869977754,0.059779375464635895,0.9186274509803921,0.8872549019607843,0.16447348823241942,0.9803921568627451,0.17017254477635835,0.9950980392156863,0.17388043167840606,0.9901960784313726
H8B3094NSMA,204,1124,2.7016421108583573,0.00962197105183334,0.31383564214710186,0.1231290899987877,0.990686274509804,0.09152008039094288,0.04561147653708402,0.875,0.9411764705882353,0.1972147140730431,0.9901960784313726,0.1621847141353135,0.9852941176470589,0.3241544960914853,0.9901960784313726,0.3400754009857015,0.18734750535504038,0.9911764705882353,0.10450146095448046,0.07437878013491467,0.9196078431372549,0.946078431372549,0.1382441662741656,0.9901960784313726,0.2223572511684325,0.9852941176470589,0.3861239944451134,0.9901960784313726
HBUSAPPWNSAUS,190,1067,0.23353950457629527,0.11858210709309792,4.827826278377465,2.883604716394122,0.9842105263157894,1.395641481619624,0.5782221892515644,0.9110526315789473,0.8947368421052632,4.170579098672303,0.9789473684210527,7.03088755383893,0.9578947368421052,4.815403843496925,0.9894736842105263,11.746881914458468,10.100164322478943,0.9868421052631579,1.5058056725526732,0.7577507939469528,0.91,0.9105263157894737,10.762698691918818,0.9842105263157894,14.427221234827032,0.9842105263157894,11.6348667774732,0.9947368421052631
EVZCLS,498,2800,1.5539519807197455,0.035110769649101696,0.8314831135808423,0.47455457114563543,0.986144578313253,0.359340426960673,0.17530159985849342,0.8734939759036144,0.9036144578313253,0.663107103384505,0.9859437751004017,0.8319640425606606,0.9879518072289156,0.6956313924427152,0.9879518072289156,1.044029146879925,0.8783319412692455,0.9899598393574297,0.3306184847686942,0.22433546668996052,0.9062248995983936,0.927710843373494,0.8298656760784995,0.9919678714859438,1.0270002863592933,0.9919678714859438,0.6730082350078919,0.9939759036144579
IC4WSA,204,1125,2.4098927544226245,0.01601503669397275,1.2706585382766047,0.26823093168745277,0.9818627450980392,0.19762440305609077,0.05678911814085491,0.8735294117647059,0.946078431372549,1.5104313673659904,0.9803921568627451,1.8289593966847113,0.9754901960784313,1.3900496213835323,0.9803921568627451,1.139341269454755,0.2847023691024734,0.9799019607843137,0.20588998230786312,0.10108378942119327,0.907843137254902,0.9019607843137255,1.4946152019867363,0.9754901960784313,1.621339633586968,0.9656862745098039,1.428593599483436,0.9803921568627451
ICNSA,204,1125,0.7077000308467931,0.06714804876617501,1.4877903057819484,0.7198239577262419,0.9882352941176471,0.5946384087908889,0.387593186223087,0.9044117647058824,0.8970588235294118,2.8478762855985873,0.9852941176470589,2.8418502796192144,0.9754901960784313,1.1075713087391232,0.9852941176470589,1.5889651775641587,0.7573757207221604,0.9774509803921568,0.6281391432542527,0.40371110499690327,0.8950980392156863,0.8186274509803921,3.024421943409089,0.9705882352941176,2.8907678752978847,0.9705882352941176,1.1517199350059204,0.9803921568627451
ICSA,204,1125,1.5721430235679672,0.031415428895413315,1.3143066446749434,0.36702813387623207,0.9862745098039216,0.3098507023472758,0.13879974205311682,0.8838235294117647,0.9264705882352942,2.670054275432251,0.9852941176470589,2.654360166168035,0.9803921568627451,0.9905164007022402,0.9901960784313726,1.4475289197852588,0.5204449293371811,0.9833333333333333,0.33570946641979416,0.19702993815933456,0.9122549019607843,0.9019607843137255,2.7132753289876517,0.9803921568627451,2.8147233997652417,0.9803921568627451,1.1755667771767202,0.9901960784313726
IHLIDXAU,498,2365,4.791525957271265,0.001158079650134503,0.017978165219172157,0.01586597657370328,0.9909638554216867,0.010250973944067324,0.008061701931718407,0.9104417670682731,0.9558232931726908,0.011531624055843076,0.9879518072289156,0.018508419817277147,0.9939759036144579,0.019971591182434474,0.9899598393574297,0.017635185413424334,0.014172257913760328,0.9845381526104418,0.009527484946399323,0.0071721809570577215,0.9042168674698795,0.9257028112449799,0.011618111429000343,0.9839357429718876,0.01808704862623447,0.9859437751004017,0.02374817129089277,0.9799196787148594
GVZCLS,498,2800,1.6068411752519343,0.027782166928873704,0.4602386268825078,0.34727405621576485,0.9853413654618474,0.24932343404155333,0.16142115605881766,0.8917670682730924,0.9016064257028112,0.39343477256203235,0.9859437751004017,0.37931449300826164,0.9879518072289156,0.5553991063476479,0.9779116465863453,0.445508734518403,0.3497276178428017,0.9873493975903614,0.24005792865384304,0.1716338178559841,0.9102409638554216,0.9156626506024096,0.3683168360173016,0.9899598393574297,0.38651522292411,0.9879518072289156,0.5215554265185675,0.9839357429718876
IHLIDXCA,498,2365,4.975077347649334,0.0009362336789104734,0.017175753572238325,0.014045526555320643,0.9875502008032129,0.008058609452221881,0.005964468707680615,0.9076305220883534,0.9518072289156626,0.009443866128469527,0.9939759036144579,0.019053843048177685,0.9839357429718876,0.019000724828609292,0.9879518072289156,0.014946441288104264,0.012061596978138956,0.9867469879518073,0.00794357256639914,0.005802750471529006,0.9042168674698795,0.9457831325301205,0.008677952502937784,0.9939759036144579,0.013932184274527472,0.9899598393574297,0.0180031137664471,0.9899598393574297
IHLIDXAUTPSOFTDEVE,498,2365,4.546692654520421,0.0014331391353601501,0.020641967603031268,0.01780470171993725,0.988152610441767,0.011849301550917799,0.009005133180408024,0.9028112449799197,0.9236947791164659,0.014262330239438079,0.9859437751004017,0.023355812830292148,0.9839357429718876,0.02187935129254735,0.9879518072289156,0.0191425347321997,0.015775029117378707,0.986144578313253,0.011451075045266334,0.008752119415818058,0.9010040160642571,0.9216867469879518,0.012559265354877001,0.9799196787148594,0.022129371507803815,0.9839357429718876,0.020922927432136296,0.9879518072289156
IHLIDXDE,498,2365,5.420651930643139,0.0006072017214586238,0.00871516314512466,0.0073723027932595464,0.9907630522088353,0.004939241329558984,0.003815331128008467,0.9110441767068274,0.9377510040160643,0.006676823535202984,0.9939759036144579,0.009228254531987192,0.9919678714859438,0.009549220839842896,0.9899598393574297,0.008244566450673438,0.0065587672836221935,0.9883534136546185,0.004845480721056048,0.003762455844281224,0.9050200803212851,0.9337349397590361,0.006193042531082751,0.9919678714859438,0.008672385939100885,0.9899598393574297,0.009659366459853314,0.9899598393574297
IHLIDXCATPSOFTDEVE,498,2365,4.753397232283291,0.0011781988782006234,0.019329824262406228,0.01492189192845009,0.9879518072289156,0.010004924273991637,0.007121078534817296,0.9024096385542169,0.9257028112449799,0.014539353324064893,0.9939759036144579,0.019191473825692203,0.9899598393574297,0.02225158571760126,0.9819277108433735,0.017988805586546877,0.01528847001675969,0.9899598393574297,0.009769032629338526,0.007249176053451482,0.9072289156626506,0.9317269076305221,0.012846065954198722,0.9899598393574297,0.018354652183270353,0.9939759036144579,0.0209623783994495,0.9799196787148594
IHLIDXDETPCIVIENGI,498,2365,4.956486578083492,0.0009595306401734441,0.012736008444505561,0.011197410076895998,0.9929718875502008,0.007816537667236991,0.0059144005817305225,0.9020080321285141,0.9618473895582329,0.008853315229831873,0.9959839357429718,0.012465377115652845,0.9919678714859438,0.014070576414279357,0.9939759036144579,0.012318026066227785,0.01072436237230123,0.98714859437751,0.007779507961008068,0.006074203386159788,0.9104417670682731,0.927710843373494,0.008189250691730064,0.9879518072289156,0.012492986427329787,0.9899598393574297,0.013639903486835822,0.9919678714859438
IHLIDXDETPELECENGI,498,2365,4.866492652698586,0.0010473100431806278,0.017650951246259688,0.014593560012255834,0.9875502008032129,0.008928558067590218,0.00658594436235919,0.8987951807228916,0.9397590361445783,0.015018157817378754,0.9859437751004017,0.01773754419624225,0.9879518072289156,0.01746046108856748,0.9899598393574297,0.016822124882073707,0.014985138036937167,0.993574297188755,0.008664698113951465,0.006714251696662153,0.9082329317269077,0.963855421686747,0.010455398011677794,0.9859437751004017,0.01725661280808628,0.9979919678714859,0.020079808880925417,0.9959839357429718
IHLIDXDETPINDUENGI,498,2365,4.898445471050365,0.001001878564365578,0.02216222444047488,0.015762964057003784,0.983132530120482,0.008816044431821456,0.006006736022265606,0.9024096385542169,0.9337349397590361,0.013431298156990595,0.9919678714859438,0.021124206562320752,0.9839357429718876,0.02469618526816759,0.9779116465863453,0.018440260689870897,0.013497009422392866,0.9917670682730924,0.008471931208652634,0.006463478581200822,0.9178714859437751,0.9578313253012049,0.01031108742677636,0.9959839357429718,0.017738376165263123,0.9939759036144579,0.02167140969218825,0.9939759036144579
IHLIDXDETPSOFTDEVE,498,2365,5.200841585913081,0.0007644844062164302,0.012268350320202421,0.00980515107775384,0.9867469879518073,0.006745986284518828,0.004565392293789947,0.8869477911646586,0.9397590361445783,0.009760884888835183,0.9879518072289156,0.011598159465564731,0.9859437751004017,0.013296453758459352,0.9859437751004017,0.012271854665165895,0.009579801131547973,0.9885542168674699,0.006413309789764292,0.004746617611093368,0.9104417670682731,0.9558232931726908,0.00894045378700693,0.9919678714859438,0.012511095795036432,0.9879518072289156,0.013056997401811501,0.9899598393574297
IHLIDXFR,498,2365,4.9303849795093875,0.001047508712658833,0.02003888454376517,0.015475593501821662,0.9887550200803212,0.009722919544636159,0.0066013422122615465,0.905421686746988,0.9518072289156626,0.015056632240813616,0.9899598393574297,0.022209699235175233,0.9899598393574297,0.020049366049088496,0.9879518072289156,0.01884280523518746,0.01340745961238614,0.9845381526104418,0.008999919655620013,0.006665972196538454,0.9090361445783133,0.927710843373494,0.011895162688226907,0.9899598393574297,0.02132154055680529,0.9819277108433735,0.022845963944166468,0.9839357429718876
IHLIDXFRTPSOFTDEVE,498,2365,4.778055651288697,0.0011569550915165308,0.01804480673936688,0.014992538849215321,0.9883534136546185,0.009943563995665016,0.006940264721662211,0.8945783132530121,0.9357429718875502,0.013091166642476025,0.9839357429718876,0.01701463140268078,0.9879518072289156,0.02110336877741006,0.9839357429718876,0.016680251728415064,0.01525990329591119,0.9933734939759036,0.009789325541646918,0.007353941045664378,0.9028112449799197,0.9538152610441767,0.010203082265409818,0.9959839357429718,0.017196258253300394,0.9919678714859438,0.018762315255526,0.9919678714859438
IHLIDXGB,498,2365,4.897071050095426,0.001044508417588461,0.02205205611207992,0.017950211201164867,0.9893574297188755,0.009781900514193953,0.00735747533306244,0.9104417670682731,0.9558232931726908,0.009153110806035125,0.9979919678714859,0.02350329158654489,0.9859437751004017,0.02416294610816353,0.9919678714859438,0.01806590355839174,0.014043207372492716,0.9847389558232932,0.008941015130496773,0.006715795939579238,0.906425702811245,0.9357429718875502,0.00826366692063627,0.9939759036144579,0.017537556360320394,0.9839357429718876,0.026454296536308455,0.9799196787148594
IHLIDXGBTPBAFI,498,2365,4.318035231078241,0.001817446859196248,0.03091121585511519,0.027863479380808635,0.9931726907630523,0.016623268999704365,0.012164721533952625,0.911847389558233,0.9718875502008032,0.021281980599852472,0.9919678714859438,0.03224919032943257,0.9939759036144579,0.03249493569686455,0.9959839357429718,0.027844855364499654,0.023998861231892762,0.9889558232931727,0.015735695262325117,0.011756715622080761,0.9130522088353413,0.9417670682730924,0.01699349373470909,0.9939759036144579,0.03047158342051311,0.9879518072289156,0.03381362143664372,0.9879518072289156
IHLIDXGBTPSOFTDEVE,498,2365,4.713990175379551,0.0012205641565886363,0.0204138195897954,0.016102746174929697,0.989558232931727,0.010062190912842082,0.007506765773762483,0.905421686746988,0.929718875502008,0.018397823591548814,0.9859437751004017,0.02583310715868803,0.9819277108433735,0.022392755560059444,0.9879518072289156,0.018373118446509892,0.01671197388810053,0.9953815261044177,0.00981899388653744,0.007606672609658891,0.91285140562249,0.9578313253012049,0.013764462754348089,0.9879518072289156,0.018894347365092056,0.9919678714859438,0.02274510288379693,0.9979919678714859
IHLIDXGBTPCIVIENGI,498,2365,3.985166965532311,0.0025518683383325387,0.03479650286039348,0.03105659673840184,0.9905622489959839,0.021290136897331367,0.017529380782956974,0.9172690763052209,0.9437751004016064,0.022928922376991897,0.9959839357429718,0.033954465467920476,0.9919678714859438,0.03666157081544837,0.9859437751004017,0.031206177665154,0.02883352934589719,0.9929718875502008,0.02004052524385751,0.016265402602507424,0.9092369477911647,0.9518072289156626,0.019488299882163107,0.9939759036144579,0.030319077775198534,0.9979919678714859,0.03780224401053284,0.9899598393574297
IHLIDXNEWNSAUS,498,2365,2.8067288073120085,0.009101996652754697,0.184106824252446,0.16058550489078843,0.9913654618473896,0.10287340004269256,0.06586640986752794,0.9008032128514056,0.9618473895582329,0.09515613209781405,0.9919678714859438,0.21015559630789904,0.9919678714859438,0.20248111436567523,0.9919678714859438,0.42657333363498773,0.404133331455282,0.9901606425702811,0.09306505170712297,0.06416079074576048,0.9014056224899598,0.9658634538152611,0.16227442699734898,0.9939759036144579,0.4854377561133961,0.9879518072289156,0.2979747241385258,0.9779116465863453
IHLIDXNEWUS,498,2365,3.309607709528073,0.005141855541383808,0.11321554929134339,0.08506423218461336,0.9869477911646586,0.05136081076579093,0.031088682583848243,0.9028112449799197,0.9317269076305221,0.08446106059688216,0.9839357429718876,0.1298320283583627,0.9859437751004017,0.12357695395477448,0.9839357429718876,0.13614188799055768,0.1128750274515443,0.9863453815261044,0.049659356007666924,0.03376555076011012,0.9038152610441768,0.9236947791164659,0.13548086794016606,0.9899598393574297,0.13652142536661127,0.9819277108433735,0.1314068237168419,0.9839357429718876
IHLIDXNSADE,498,2365,5.236137849825617,0.0007274659901585703,0.009222363514662204,0.008170946597879878,0.9919678714859438,0.005823492553276756,0.0044645343469622645,0.9032128514056225,0.9538152610441767,0.007112499903274114,0.9899598393574297,0.009151189823315508,0.9939759036144579,0.00992627015922597,0.9939759036144579,0.00958141394938671,0.008247554108000233,0.9919678714859438,0.005724124162864918,0.00444942983841395,0.9012048192771084,0.9497991967871486,0.007186228133279305,0.9899598393574297,0.00950012419535185,0.9959839357429718,0.010902034895527851,0.9919678714859438
IHLIDXNSAFR,498,2365,4.767878801042251,0.0011838157554141025,0.021225286722729598,0.015834269960523607,0.9889558232931727,0.010124297155664463,0.00713982608340235,0.9066265060240963,0.9518072289156626,0.014971598105251943,0.9899598393574297,0.024673796196534942,0.9819277108433735,0.020989697276381822,0.9899598393574297,0.019214646447315697,0.0153555591309436,0.9879518072289156,0.010186111507356684,0.0077246380629431306,0.9142570281124498,0.9558232931726908,0.011110595775916103,0.9919678714859438,0.02108339638874985,0.9839357429718876,0.02173170430263044,0.9899598393574297
IHLIDXNSAGB,498,2365,4.487695208490297,0.001545185517473876,0.026098390035487466,0.02131602654265939,0.9903614457831326,0.013018273448920413,0.009933830118309395,0.914859437751004,0.9698795180722891,0.010747246665539995,0.9919678714859438,0.027623648822531714,0.9879518072289156,0.033238220409541344,0.9919678714859438,0.026579051649031647,0.021268574772403532,0.9887550200803212,0.013451925550997217,0.009799802878857974,0.9018072289156627,0.9598393574297188,0.019629830604235343,0.9979919678714859,0.0275738974215992,0.9859437751004017,0.03320291312082472,0.9859437751004017
IHLIDXNSAUS,498,2365,5.217073410369068,0.000732487352949185,0.012383958872779906,0.010426873237071045,0.9893574297188755,0.006477990843886114,0.004613266547530615,0.911847389558233,0.9538152610441767,0.007827645790661903,0.9919678714859438,0.013454407547731492,0.9879518072289156,0.013270950119324186,0.9899598393574297,0.01216793265608403,0.010484784790572138,0.9909638554216867,0.006375481748826683,0.004752036946194032,0.9136546184738956,0.9538152610441767,0.008896054754905484,0.9959839357429718,0.012506328946514185,0.9919678714859438,0.016333640226400784,0.9819277108433735
IHLIDXUS,498,2365,5.4379997767435135,0.0006031621312542364,0.010744158229725938,0.009327716992167414,0.9893574297188755,0.005540938498772437,0.003923047117184277,0.9090361445783133,0.9377510040160643,0.008028181353729907,0.9859437751004017,0.011262323657596322,0.9859437751004017,0.01143795122456698,0.9919678714859438,0.010308473757167945,0.008505189002421622,0.9877510040160643,0.005310723252537123,0.0038107568991055745,0.9078313253012048,0.9357429718875502,0.0062114047168245375,0.9919678714859438,0.0107023926443693,0.9859437751004017,0.01317239466339589,0.9879518072289156
IHLIDXUSCA,498,2365,5.308963369654744,0.0006749027913402105,0.012286620107533239,0.010312644543079386,0.9893574297188755,0.006116548224969333,0.004522329107212451,0.9096385542168675,0.927710843373494,0.009726204598255761,0.9859437751004017,0.013820846958445073,0.9819277108433735,0.013889472434885091,0.9859437751004017,0.011065042671500032,0.008801689834168638,0.9865461847389558,0.005933832847656718,0.004256217387787396,0.9066265060240963,0.9176706827309237,0.007515775156893134,0.9839357429718876,0.013512687386535695,0.9799196787148594,0.01312529787454572,0.9939759036144579
IHLIDXUSTPARCH,498,2365,5.028418019329828,0.0009016190462951241,0.014937908781570537,0.011962153539612407,0.98714859437751,0.007794069451425978,0.005564105924213383,0.9020080321285141,0.929718875502008,0.013092104363445467,0.9879518072289156,0.016655049858867045,0.9839357429718876,0.017096417195099252,0.9859437751004017,0.014001105745946105,0.011459953030606644,0.9905622489959839,0.007670866411008141,0.005594939979767411,0.8967871485943775,0.9437751004016064,0.009641565613590917,0.9899598393574297,0.016124224918456845,0.9819277108433735,0.018209736235863035,0.9959839357429718
IHLIDXUSTPACCO,498,2365,4.412971119490715,0.0020293746121026117,0.0819691728743483,0.06513110179420492,0.9885542168674699,0.024416176140227307,0.013671211043888257,0.9140562248995984,0.9698795180722891,0.04374354815305063,0.9939759036144579,0.07856281238346152,0.9879518072289156,0.08856603398415011,0.9879518072289156,0.10529826636101665,0.0857121069267826,0.9857429718875502,0.024510574123318474,0.016736639598104966,0.9172690763052209,0.9518072289156626,0.07461696450069984,0.9919678714859438,0.10548935752170063,0.9859437751004017,0.11879634871241071,0.9799196787148594
IHLIDXUSTPCONS,465,2169,5.12628716505866,0.0008511905142852586,0.021298944969363996,0.014832330366668462,0.9843010752688172,0.008464113278416696,0.00555316958825945,0.910752688172043,0.9333333333333333,0.01112427769039078,0.9870967741935484,0.021038824393441923,0.9849462365591398,0.02822615462681045,0.9827956989247312,0.018256983411410514,0.011652995674703686,0.9838709677419355,0.007822851581267307,0.0053090264638301615,0.903010752688172,0.9354838709677419,0.009431569377331195,0.9870967741935484,0.01677083045447394,0.978494623655914,0.027200227066239577,0.9827956989247312
IHLIDXUSTPAREN,498,2365,4.564385242889776,0.0014488644045451329,0.026923237875675396,0.021058068744611802,0.9901606425702811,0.013574194775590782,0.009512039290225174,0.9120481927710843,0.9538152610441767,0.01898323795716064,0.9919678714859438,0.02762307971890658,0.9919678714859438,0.030999891035194262,0.9899598393574297,0.026049034909127862,0.020554145421477696,0.9889558232931727,0.012881984818658088,0.009242010974894736,0.9022088353413654,0.9437751004016064,0.025801498500864058,0.9919678714859438,0.025094317379684265,0.9899598393574297,0.029938900880582847,0.9919678714859438
IHLIDXUSTPBAFI,498,2365,4.5791553121234765,0.0014420680418084962,0.04024458336587471,0.026996242856406404,0.9901606425702811,0.014452876187244406,0.00910134771519797,0.9166666666666666,0.9658634538152611,0.016048451920644646,0.9959839357429718,0.04017517498278057,0.9879518072289156,0.04628082159368029,0.9899598393574297,0.03141206503012098,0.02470768061612304,0.9939759036144579,0.013294187680482884,0.009112739684807938,0.9044176706827309,0.9698795180722891,0.01765375417574459,0.9959839357429718,0.029688325007440956,0.9959839357429718,0.04067151450288992,0.9959839357429718
IHLIDXUSTPCIVIENGI,498,2365,5.001630994290822,0.0009203819165607386,0.015035500310451177,0.01189599886050996,0.9905622489959839,0.007868367238120056,0.005910536361487929,0.9144578313253012,0.9457831325301205,0.013703079948584537,0.9919678714859438,0.016438849154332014,0.9899598393574297,0.01601512282465514,0.9919678714859438,0.01482961565991195,0.011336317435822446,0.98714859437751,0.007490151455044288,0.005719474311585711,0.9108433734939759,0.927710843373494,0.010362650398338426,0.9879518072289156,0.015738034888664536,0.9879518072289156,0.017800381551576205,0.9899598393574297
IHLIDXUSTPDENT,483,2239,4.674086910142297,0.001354872872687114,0.02616924452765874,0.023719893481417422,0.9898550724637681,0.013502883155696983,0.009616639540789042,0.9115942028985508,0.9358178053830227,0.018325657095907884,0.9834368530020704,0.025488082452204547,0.9958592132505176,0.03381344035559801,0.9834368530020704,0.025356572557400626,0.02045822296783823,0.9886128364389234,0.012503291534389296,0.008602692256312211,0.8989648033126294,0.9358178053830227,0.0259601756972325,0.9917184265010351,0.02498566092115657,0.9875776397515528,0.0335238699432118,0.9772256728778468
IHLIDXUSTPCUSTSERV,498,2365,4.925544414360693,0.0010453722690885916,0.019803946886512658,0.017192097472410732,0.9887550200803212,0.010197823023377519,0.00691615329229912,0.9040160642570281,0.9477911646586346,0.015193477746387931,0.9919678714859438,0.020927809845148037,0.9859437751004017,0.02119878939596918,0.9859437751004017,0.019722994423286584,0.01631936834932986,0.9885542168674699,0.00954144542468266,0.006740237530869224,0.9068273092369478,0.9417670682730924,0.015090710304173655,0.9979919678714859,0.020343275491178137,0.9859437751004017,0.023306940403429604,0.9799196787148594
IHLIDXUSTPDRIV,481,2232,3.890909796575499,0.0032053695289333477,0.08801671811966212,0.06358175300342712,0.9806652806652807,0.03897270260053969,0.018624608823076212,0.9029106029106029,0.8357588357588358,0.07801779887161589,0.9854469854469855,0.08268857361398824,0.9854469854469855,0.08497975640839295,0.9833679833679834,0.1927599082648733,0.18510637263030766,0.9898128898128898,0.03862803428212926,0.019782000908370127,0.9043659043659044,0.918918918918919,0.16203392393933824,0.9896049896049897,0.18849377487671817,0.9937629937629938,0.15616144887270106,0.9916839916839917
IHLIDXUSTPELECENGI,498,2365,4.963564143984544,0.0009457537671392882,0.013639776867253752,0.011651437033965123,0.9911646586345382,0.008115061487989596,0.006027333681876617,0.9016064257028112,0.9377510040160643,0.011551657713944783,0.9959839357429718,0.014907001150225672,0.9899598393574297,0.015166484328650575,0.9899598393574297,0.013707394096620078,0.011569331624722106,0.9901606425702811,0.007837079971494555,0.0059730148912695066,0.9056224899598394,0.9236947791164659,0.009588489420314733,0.9959839357429718,0.01408410929831423,0.9879518072289156,0.01737758970234274,0.9879518072289156
IHLIDXUSTPITOPHE,421,1994,4.99253247770867,0.0009206056836970031,0.017596917704499667,0.013980432999972724,0.9904988123515439,0.008111366559577391,0.005735501941401122,0.9071258907363421,0.9572446555819477,0.00843309060324631,0.995249406175772,0.018620837272061288,0.9928741092636579,0.019788315671907933,0.9904988123515439,0.01580027366573684,0.011559348928640056,0.9836104513064133,0.00800741225544061,0.0057643129435064585,0.9007125890736342,0.9168646080760094,0.008290141318174396,0.9904988123515439,0.015242606107231878,0.9881235154394299,0.01901402193588755,0.9762470308788599
IHLIDXUSTPFOPRSE,498,2365,5.012786658174084,0.0009311238513576908,0.019562471217886596,0.016335123916990362,0.9889558232931727,0.008863183126756229,0.006056330959378619,0.9124497991967871,0.9377510040160643,0.01791674851061676,0.9859437751004017,0.021160697654241476,0.9859437751004017,0.020494606267664264,0.9839357429718876,0.018126079154387787,0.01341056668265369,0.9875502008032129,0.008261969977293844,0.005849463875985094,0.9082329317269077,0.9317269076305221,0.0177849937856377,0.9839357429718876,0.020050740226004362,0.9919678714859438,0.019965052488330432,0.9859437751004017
IHLIDXUSTPHOTO,498,2365,4.641396650658324,0.0013756666841906386,0.0281393270377596,0.025413899012253573,0.9911646586345382,0.01238581034746972,0.010049826168440667,0.9116465863453815,0.9497991967871486,0.018186896756012056,0.9939759036144579,0.02950293766327915,0.9899598393574297,0.03382810733991895,0.9839357429718876,0.02153206773589611,0.01815854920120551,0.9863453815261044,0.011633730599741918,0.008447614846624651,0.8869477911646586,0.9176706827309237,0.016193897314626265,0.9979919678714859,0.02063725846571975,0.9839357429718876,0.033388588456517855,0.9738955823293173
IHLIDXUSTPHUMARESO,498,2365,4.982189123532595,0.0009399402603960504,0.018125490650240873,0.014901557028060324,0.9899598393574297,0.008669992718466898,0.0063656769816654605,0.9082329317269077,0.9377510040160643,0.016255094294150514,0.9879518072289156,0.019256388442621796,0.9839357429718876,0.021019267183197726,0.9899598393574297,0.015789764223779538,0.013334039903876767,0.9863453815261044,0.008130372337669858,0.0059757803738638765,0.9022088353413654,0.9036144578313253,0.013218146170761436,0.9879518072289156,0.01606568991059492,0.9799196787148594,0.02149134678790295,0.9899598393574297
IHLIDXUSTPINDUENGI,498,2365,4.9701162104799215,0.0009533049943909069,0.019511177727791776,0.015103460086962915,0.9901606425702811,0.00902402657677489,0.005956778248690785,0.908433734939759,0.9578313253012049,0.013839082484655239,0.9899598393574297,0.021465290326334412,0.9879518072289156,0.01886877314789075,0.9919678714859438,0.01867115151957914,0.014577265907788697,0.9885542168674699,0.008593882427413704,0.00603287268708885,0.9116465863453815,0.9257028112449799,0.020518407974049538,0.9899598393574297,0.019470697174264938,0.9819277108433735,0.01953265873734035,0.9939759036144579
IHLIDXUSTPLEGA,498,2365,4.903017996267427,0.0010535772096273884,0.03043407643596796,0.020139276835174316,0.9905622489959839,0.010154476906722124,0.0065176210091623665,0.9098393574297189,0.9578313253012049,0.012103047939743478,0.9919678714859438,0.030406541147081974,0.9859437751004017,0.03271631125652396,0.9919678714859438,0.023407762077025083,0.016734444859710585,0.9873493975903614,0.009648557684117787,0.0066639517193819095,0.9044176706827309,0.9377510040160643,0.010259556731718068,0.9959839357429718,0.024414858700154998,0.9859437751004017,0.023851392201579048,0.9899598393574297
IHLIDXUSTPMATH,421,1994,4.674524547029393,0.0012580366248973098,0.017369080992481627,0.01538365339838266,0.9904988123515439,0.010559683246983996,0.007832554456240166,0.9014251781472684,0.9453681710213777,0.01203667866253722,0.995249406175772,0.016910180425571974,0.9904988123515439,0.022261382486037765,0.9833729216152018,0.016958346232576787,0.015303125943662243,0.9885985748218528,0.010353096471876674,0.007676532821482376,0.8990498812351544,0.9311163895486936,0.011295745108482639,0.9881235154394299,0.01649312677353309,0.9928741092636579,0.021548837100355538,0.9809976247030879
IHLIDXUSTPMANA,498,2365,4.944234105607254,0.0009894554923779064,0.018896882224898465,0.014824316607543495,0.9909638554216867,0.009463337826453429,0.006793344867121759,0.9140562248995984,0.9538152610441767,0.014254083780004076,0.9939759036144579,0.020554732113311883,0.9899598393574297,0.01994716016204573,0.9859437751004017,0.022178116419487397,0.01737888420857328,0.9869477911646586,0.009184167847127117,0.006223181247990826,0.9056224899598394,0.9257028112449799,0.025428030086305838,0.9919678714859438,0.019947124918005266,0.9819277108433735,0.019363600148217464,0.9859437751004017
IHLIDXUSTPMARK,498,2365,4.885533421989925,0.0010314281174833282,0.018174425721961547,0.015509522759228166,0.9909638554216867,0.00944629058704133,0.007220145279665071,0.9116465863453815,0.9397590361445783,0.014041686490101948,0.9939759036144579,0.019376331343905775,0.9919678714859438,0.02140717320460188,0.9879518072289156,0.01739744579999737,0.015056255022563624,0.9905622489959839,0.008909268561753813,0.006662250295350748,0.9108433734939759,0.9497991967871486,0.011346393172514777,0.9939759036144579,0.016633244459187884,0.9919678714859438,0.022034430572190834,0.9959839357429718
IHLIDXUSTPMEDIINFO,498,2365,4.948211498375011,0.0010125951482305344,0.023971667813946326,0.016522884282691646,0.9765060240963855,0.01044111836535969,0.006060600354643366,0.8815261044176707,0.9016064257028112,0.016524343788263555,0.9819277108433735,0.023915464534286706,0.9759036144578314,0.026859404663496147,0.9738955823293173,0.01787066638354926,0.015235630249232766,0.9909638554216867,0.0088707558164164,0.006096513261648065,0.8961847389558233,0.9518072289156626,0.012797835037731183,0.9919678714859438,0.017020289008737578,0.9899598393574297,0.02439580624112153,0.9899598393574297
IHLIDXUSTPNURS,498,2365,5.286608308943908,0.0006914781950658573,0.013185906581861685,0.010821102836477194,0.9865461847389558,0.0061875356365230704,0.0044059573145283585,0.9042168674698795,0.9196787148594378,0.010058087518316558,0.9839357429718876,0.013050378866082074,0.9879518072289156,0.014193837494449418,0.9799196787148594,0.01093489712007968,0.008479366452195655,0.9857429718875502,0.005852811038672689,0.004382382321480461,0.9090361445783133,0.9196787148594378,0.009126733939409774,0.9839357429718876,0.010826930421012928,0.9899598393574297,0.01221507173050893,0.9839357429718876
IHLIDXUSTPPHSU,498,2365,5.071835535308312,0.0008521776561053796,0.012246198923126856,0.010570056585694912,0.9903614457831326,0.007185816065574139,0.005408527172202692,0.9070281124497992,0.9317269076305221,0.009444999701636302,0.9879518072289156,0.012499559722770698,0.9859437751004017,0.012164699033380107,0.9919678714859438,0.011825731146555614,0.009665644026987757,0.986144578313253,0.007000192277319022,0.005314280351392095,0.9108433734939759,0.9056224899598394,0.009128811974354821,0.9839357429718876,0.012313976373872354,0.9839357429718876,0.011557118482914805,0.9919678714859438
IHLIDXUSTPPRMA,498,2365,5.128815342514945,0.0008082514177208239,0.015773425427661174,0.012871077618546355,0.9899598393574297,0.007505823940352471,0.005022733500050975,0.9052208835341365,0.9397590361445783,0.014166635835565633,0.9899598393574297,0.01733445533910369,0.9879518072289156,0.016485287518828728,0.9879518072289156,0.016064402379594958,0.011743390538474884,0.9887550200803212,0.007322032336330626,0.005148941336610791,0.9100401606425703,0.927710843373494,0.013711040880780897,0.9919678714859438,0.01789942643536041,0.9879518072289156,0.020989179241728103,0.9779116465863453
IHLIDXUSTPPROJMANA,498,2365,5.191935855546773,0.0007632345452588878,0.013585915217728636,0.010690593876750662,0.9891566265060241,0.006694835940672723,0.004796157263579181,0.9022088353413654,0.9357429718875502,0.011826379997924423,0.9879518072289156,0.014767546628140223,0.9859437751004017,0.01592611982067152,0.9879518072289156,0.01241258774123716,0.009742394643641052,0.9891566265060241,0.006344938016847373,0.004687152426084511,0.9032128514056225,0.9317269076305221,0.009326886221807005,0.9899598393574297,0.014152458462233461,0.9859437751004017,0.01605696547549285,0.9899598393574297
IHLIDXUSTPRETA,498,2365,4.674414841483992,0.0012679688966668718,0.01807918731729616,0.01599449209874927,0.9917670682730924,0.010994826552576003,0.008650978996783394,0.9152610441767068,0.9518072289156626,0.014713475342516302,0.9899598393574297,0.017601919801536216,0.9919678714859438,0.01941435606816538,0.9919678714859438,0.017300148678873487,0.015048833770795494,0.9913654618473896,0.01071679975375246,0.008036327574635755,0.8949799196787148,0.9317269076305221,0.01372163143833712,0.9859437751004017,0.016162246624976114,0.9919678714859438,0.019521966685004565,0.9919678714859438
IHLIDXUSTPSALE,498,2365,4.939232345002934,0.0009757604856017569,0.01733831854927952,0.013658340684232911,0.9889558232931727,0.008746649784900388,0.006307506805587082,0.9134538152610442,0.9497991967871486,0.010792553000727281,0.9879518072289156,0.020586536392223832,0.9819277108433735,0.020458008200124483,0.9859437751004017,0.017337671011807734,0.012422757539821463,0.9843373493975903,0.008471663811404507,0.00600691512634339,0.8987951807228916,0.929718875502008,0.010681909127775745,0.9899598393574297,0.01986730512834432,0.9819277108433735,0.022628325953735835,0.9859437751004017
IHLIDXUSTPSCREDE,498,2365,4.9950518391514525,0.0009206861765907946,0.01956140445787793,0.015197269162355288,0.9907630522088353,0.008790948652239464,0.005808917001043033,0.9020080321285141,0.9457831325301205,0.013952176532692337,0.9959839357429718,0.021778329289697213,0.9879518072289156,0.01679298373662878,0.9899598393574297,0.018181022860026836,0.01246410128757268,0.9887550200803212,0.00825879325035211,0.005900833209198646,0.9166666666666666,0.9196787148594378,0.016490920890837927,0.9939759036144579,0.017637048847686153,0.9879518072289156,0.020611584343455218,0.9859437751004017
IUDZOS2,445,2090,9.149506803490775,3.675207588404681e-05,0.0005480727073014542,0.00035120408360402494,0.968314606741573,0.00034483406660922554,0.00019465724966968043,0.7878651685393259,0.8337078651685393,0.0006886930185189758,0.9662921348314607,0.0005566507936124174,0.9685393258426966,0.0005801018715697642,0.9775280898876404,0.001365181642222063,0.0013469150895184946,0.9901123595505618,0.0002481635621746203,0.00020815479008037417,0.9166292134831461,0.950561797752809,0.0010457871532409135,0.9910112359550561,0.0016279897073050737,0.9932584269662922,0.0010109770703331578,0.9887640449438202
IHLIDXUSTPSEPUSA,498,2365,4.8076922856655875,0.0012501033022824458,0.027334102676791264,0.02067637360853051,0.9829317269076305,0.013497454916175069,0.008767710346384289,0.9004016064257028,0.9377510040160643,0.02005151405028235,0.9839357429718876,0.0271577025388263,0.9759036144578314,0.029437254606453873,0.9819277108433735,0.02382544857136207,0.02042203526912641,0.988152610441767,0.011540859132864713,0.008012495482156769,0.9022088353413654,0.929718875502008,0.04098121621472013,0.9939759036144579,0.020550163402078825,0.9919678714859438,0.02419522449410596,0.9859437751004017
IHLIDXUSTPSOFTDEVE,498,2365,4.842984716804887,0.0010928764374714113,0.020416540205302182,0.015925376120426073,0.9893574297188755,0.010000770605846115,0.006765960991910896,0.903012048192771,0.9417670682730924,0.0167880623693791,0.9919678714859438,0.020909756315997327,0.9899598393574297,0.020085965251686592,0.9859437751004017,0.017486587184322014,0.014345025238735534,0.9899598393574297,0.009344043572611179,0.006899448562402033,0.906425702811245,0.927710843373494,0.013314773326132814,0.9859437751004017,0.018076219742501627,0.9879518072289156,0.020003624568693895,0.9919678714859438
LDGUST,96,692,-0.6386065368754947,0.2656917239397547,4.574565850339513,4.574565850339513,1.0,2.6037148239379975,2.385686070688696,0.9541666666666667,1.0,4.761035983615183,1.0,4.491598997059927,1.0,4.788772315171248,1.0,5.2302932088497345,5.071484790727365,0.996875,2.381084574038384,2.1408391940123073,0.9479166666666666,0.9791666666666666,3.573785956857451,1.0,5.242897574604673,1.0,7.96407938459028,1.0
IUDSOIA,498,2800,4.616450547519052,0.03705231993451925,6.518771814613461,0.9297085050217577,0.9903614457831326,0.7517201506083893,0.0517051187028996,0.9403614457831325,0.9477911646586346,5.988781709638828,0.9959839357429718,6.8144028666085426,0.9919678714859438,5.730917227663992,0.9859437751004017,3.8683242393737536,3.646047917377996,0.9933734939759036,0.5422696384994571,0.31362610218629744,0.9746987951807229,0.9377510040160643,4.448333136290537,0.9879518072289156,2.6925130031035414,1.0,2.387873938980552,0.9979919678714859
IUDZLT2,445,2089,-9.402106467753338,1715.7484547814206,48251.168746635914,22768.27853280773,0.989438202247191,15836.431725324092,8977.090321336349,0.8961797752808989,0.9168539325842696,57672.316031763374,0.9865168539325843,57481.335585423614,0.9910112359550561,68495.72595993108,0.9820224719101124,49615.358900637184,22223.757835534674,0.9858426966292135,16162.213920252969,9716.072472338075,0.9049438202247191,0.9011235955056179,59320.37486680497,0.9865168539325843,59082.15738803558,0.9865168539325843,68643.9502095309,0.9820224719101124
LLBLCBW027NBOG,204,1124,4.417189181622894,0.0016115059189037097,0.036831892924939616,0.029616212448290328,0.996078431372549,0.01239567986253387,0.009810108466618696,0.932843137254902,0.9852941176470589,0.03904895848857609,0.9950980392156863,0.04453271104298763,0.9950980392156863,0.029842432029839164,1.0,0.03398600103132286,0.02917292837446104,0.9936274509803922,0.015730462557368437,0.013547723116868436,0.9357843137254902,0.946078431372549,0.021542975906793074,0.9950980392156863,0.04080023463734499,0.9950980392156863,0.04009038980402907,1.0
KCPRU,498,2800,2.2376470033555074,0.01531261703926111,0.29339455936913894,0.20635274573570414,0.9833333333333333,0.14854927788891523,0.08744387532981301,0.8740963855421687,0.8875502008032129,0.2771921812119147,0.9879518072289156,0.27938414124354705,0.9879518072289156,0.28579322245436634,0.9839357429718876,0.30831001462708724,0.2698920186250902,0.9927710843373494,0.1369726179245674,0.09436447536544049,0.8907630522088353,0.9337349397590361,0.30722601804360333,0.9939759036144579,0.2838798541342526,0.9939759036144579,0.2802013160004104,0.9939759036144579
KCPRS,498,2800,0.7686250639274248,0.08960366612103565,2.303948325355903,1.360057237547887,0.9757028112449799,1.144931987399582,0.5796833752878348,0.85,0.8614457831325302,1.913354873575916,0.9779116465863453,2.109150248815233,0.9779116465863453,2.628239562889036,0.9759036144578314,2.28667984812146,1.7915437504851734,0.9839357429718876,0.809838582033958,0.6131908632438408,0.9042168674698795,0.891566265060241,1.3011506705351417,0.9819277108433735,2.0591324412672605,0.9859437751004017,2.7551996118935915,0.9859437751004017
LLBLCBW027SBOG,204,1124,4.910283664607935,0.0010370835976988237,0.03724204753715114,0.028029899689585677,0.9892156862745098,0.010046471178735788,0.007113964454461533,0.9387254901960784,0.9607843137254902,0.03581641323381972,0.9901960784313726,0.04584817191223853,0.9803921568627451,0.029831866662908775,0.9901960784313726,0.03127409477066256,0.023821927445770795,0.9916666666666667,0.012364314841746504,0.010326801811950276,0.9352941176470588,0.9264705882352942,0.023122993155593765,0.9852941176470589,0.0396874163338372,0.9901960784313726,0.035595058578378136,1.0
M1,133,839,3.1836062400672915,0.008614021119509645,0.7684901514486108,0.07285418501802036,0.9804511278195489,0.12386329699464659,0.028897566158339476,0.8533834586466166,0.9323308270676691,0.6434959113995546,0.9849624060150376,0.3504780396011013,0.9849624060150376,0.2715978959959251,0.9774436090225563,0.5133052986179936,0.15138261735180814,0.9819548872180451,0.1139485503474605,0.06593288093637863,0.9165413533834587,0.8646616541353384,0.18006525739261586,0.9699248120300752,0.19151622102868004,0.9774436090225563,0.15900446924513112,0.9774436090225563
LLBSCBW027SBOG,204,1124,4.892556145174866,0.001142753110261179,0.049860311446376045,0.024358128195161453,0.9882352941176471,0.012518874458967313,0.006521795106678826,0.9343137254901961,0.9117647058823529,0.07024803834458862,0.9852941176470589,0.07681097745782016,0.9852941176470589,0.034211443276543435,0.9852941176470589,0.04932304658352817,0.02028461768071182,0.9862745098039216,0.01315598420320479,0.007358729115343186,0.9186274509803921,0.8823529411764706,0.07312687294585388,0.9705882352941176,0.07974542784535357,0.9803921568627451,0.03811161069809051,0.9901960784313726
KCRORO,498,2800,-1.5131619587090883,0.6500912366813651,18.94150564739274,10.781351545110786,0.9843373493975903,6.382176293367274,3.6680119775748814,0.8939759036144578,0.9176706827309237,15.350112838981223,0.9839357429718876,18.929370071393652,0.9819277108433735,20.063535886311776,0.9819277108433735,14.769686886638418,10.423143745335407,0.9875502008032129,6.060936597078414,4.052081224803819,0.9088353413654618,0.929718875502008,10.552146644640631,0.9919678714859438,13.96402998557076,0.9899598393574297,17.219144242158528,0.9819277108433735
M2,133,839,4.771548642222915,0.0012885501804482608,0.045789611267802045,0.013633922156597679,0.9774436090225563,0.015240870961939712,0.006354628754927393,0.8909774436090225,0.9022556390977443,0.047714262003795034,0.9699248120300752,0.06506956937815599,0.9774436090225563,0.07419012914962106,0.9699248120300752,0.04325380693295603,0.014351113489934966,0.981203007518797,0.012310172337374943,0.007110059166137329,0.9067669172932331,0.9097744360902256,0.036560189868597597,0.9774436090225563,0.06543955506374483,0.9774436090225563,0.07568905866039115,0.9699248120300752
KCROROE,498,2800,-1.5268599387771191,0.6603623610527155,17.599099320242512,9.762885222650372,0.9851405622489959,6.450033785387799,3.774844272811735,0.8937751004016065,0.927710843373494,14.995683032360867,0.9859437751004017,18.197098984645745,0.9839357429718876,19.701800951007687,0.9779116465863453,13.805715762766228,9.83393329173487,0.9907630522088353,6.1160812124252075,4.186264612807621,0.9124497991967871,0.9477911646586346,10.91853223391471,0.9939759036144579,13.526453075909386,0.9939759036144579,16.573756798294454,0.9839357429718876
LTDACBW027SBOG,204,1124,3.597542701505373,0.0036442436291964186,0.05883547713814683,0.042361307312821395,0.9916666666666667,0.029374798633956496,0.022619916701290904,0.9259803921568628,0.9215686274509803,0.07690948781341275,0.9852941176470589,0.08172167598490288,0.9803921568627451,0.05774819085865148,0.9950980392156863,0.05892084930401172,0.04465860866306466,0.9911764705882353,0.029899918457107943,0.022801053109571305,0.9186274509803921,0.9215686274509803,0.07373121881273804,0.9754901960784313,0.07175867493560406,0.9803921568627451,0.0661397345057776,0.9901960784313726
MORTGAGE1US,66,573,3.2789898070884873,0.007631791586749185,0.122922662476557,0.10593181761550004,0.9893939393939394,0.0679629922570634,0.05006617199235315,0.9196969696969697,0.8939393939393939,0.1036038178715511,1.0,0.10512329433332844,1.0,0.1648335353610168,0.9696969696969697,0.10807791352507368,0.08358490012514677,0.9848484848484849,0.06900131751030587,0.0476647015736571,0.9,0.8484848484848485,0.1039161963594128,0.9696969696969697,0.08327955744611676,1.0,0.15920634552318902,0.9696969696969697
MAICLAIMS,204,1125,0.06797982543745852,0.1279215379498433,2.808760211159141,1.4179200658650393,0.9813725490196078,1.2330068042470494,0.7531588504523956,0.8950980392156863,0.8529411764705882,4.706966984821225,0.9656862745098039,4.432945225723971,0.9705882352941176,2.939793758741629,0.9705882352941176,2.65553821210367,1.4874380702363506,0.9857843137254902,1.250588070408428,0.7628165048734368,0.8877450980392156,0.8872549019607843,3.8318145267516424,0.9803921568627451,3.8991754045529663,0.9901960784313726,2.869090673550629,0.9901960784313726
MORTGAGE5US,156,931,2.6271742704291903,0.011046866389573978,0.22071075703524146,0.12658642169435386,0.9794871794871794,0.1080484841639669,0.055709574877799824,0.8717948717948718,0.8782051282051282,0.20892562296232925,0.9807692307692307,0.26990724843653463,0.967948717948718,0.17688218571195724,0.9807692307692307,0.18874791359113455,0.1339576906424899,0.9833333333333333,0.10042882492205896,0.06417638105562724,0.8878205128205128,0.8846153846153846,0.23115798394661466,0.9743589743589743,0.2935070110384918,0.9551282051282052,0.14504350171757485,0.9935897435897436
MOCCLAIMS,204,1124,1.1387216295011964,0.04529342426267325,1.021776457912498,0.5067033835871301,0.9799019607843137,0.42944385528461676,0.23602320303030908,0.8627450980392157,0.8480392156862745,1.3143572751329395,0.9656862745098039,1.3321240909856664,0.9607843137254902,1.1371274606873725,0.9950980392156863,0.965114236060102,0.6183377592294022,0.9862745098039216,0.4208235292933223,0.2815600730907066,0.9024509803921569,0.9117647058823529,1.0612573064290713,0.9803921568627451,1.0770577091577473,0.9901960784313726,1.1591047816082574,0.9950980392156863
MIICLAIMS,204,1125,-0.15090023029727545,0.15692893323288404,2.5540821490638392,1.6606474319246483,0.9857843137254902,1.390730074832908,0.9008030491913155,0.8808823529411764,0.8970588235294118,4.136034442538104,0.9852941176470589,4.192230837564109,0.9803921568627451,1.905315757394734,0.9901960784313726,2.7042465287933783,1.9273976910450608,0.9931372549019608,1.3913472127967759,0.9769564183259665,0.8975490196078432,0.9558823529411765,4.272165998901138,0.9901960784313726,4.121821007400057,0.9950980392156863,2.0737314188405036,0.9950980392156863
MORTGAGE15US,204,1125,2.4846338393378153,0.011890912041988529,0.19550252418105374,0.1488858936677906,0.9862745098039216,0.10519272625612973,0.06475011036083236,0.8642156862745098,0.8921568627450981,0.220265176584435,0.9852941176470589,0.2159544239244143,0.9901960784313726,0.1586573789542785,0.9901960784313726,0.2146268290885376,0.16541617838886907,0.990686274509804,0.10225491803604587,0.07634524674743437,0.9088235294117647,0.9313725490196079,0.264331061994279,0.9852941176470589,0.292534049975156,0.9803921568627451,0.18631074535480643,0.9950980392156863
MORTGAGE30US,204,1125,2.570297381724831,0.010618581428440257,0.18695250336097452,0.14246764423495864,0.9877450980392157,0.09369960492619732,0.0595689361083719,0.888235294117647,0.8970588235294118,0.2094458440647585,0.9901960784313726,0.2166961634118185,0.9803921568627451,0.17116427156095648,0.9950980392156863,0.18587299076816477,0.13335926788324642,0.9887254901960785,0.09117041165608834,0.06720444571256372,0.9161764705882353,0.9215686274509803,0.2375556633880349,0.9803921568627451,0.2527776050348793,0.9754901960784313,0.17626945086190407,0.9950980392156863
KCROROG,498,2800,-1.6164501637696829,0.6899553056069831,9.587807063515385,6.869842110047721,0.983132530120482,5.564289442881532,3.767771333852002,0.8785140562248996,0.893574297188755,9.905111986919602,0.9799196787148594,9.422745522845592,0.9839357429718876,8.547204906432125,0.9839357429718876,9.332379291618903,6.875476976242514,0.9845381526104418,5.36468555894443,4.044657452871969,0.9028112449799197,0.8995983935742972,8.745463170586294,0.9819277108433735,9.305529912436985,0.9779116465863453,8.52320317365479,0.9899598393574297
KCROROL,498,2800,-1.346795486581647,0.6413350022748324,26.85853691763748,14.077156907270801,0.9783132530120482,7.9929060333710895,3.3959011910005046,0.8518072289156626,0.9056224899598394,15.359694064917976,0.9819277108433735,24.88988050182416,0.9759036144578314,23.839764353545807,0.9759036144578314,29.087212621558496,16.419377065504424,0.9835341365461847,7.092169103922898,4.487488238406268,0.9140562248995984,0.9216867469879518,10.12320296668887,0.9879518072289156,28.42217893050936,0.9839357429718876,22.86357509772035,0.9839357429718876
KCROROS,498,2800,-1.4030283284687948,0.5817040724827891,15.327743753741343,9.423205457359561,0.9863453815261044,5.747299862790609,3.2124674166063225,0.885140562248996,0.9337349397590361,9.779390878832576,0.9859437751004017,12.909075671664938,0.9839357429718876,14.951461697429528,0.9839357429718876,12.765858594731723,8.661372875584783,0.9885542168674699,5.294241083913291,3.52995260873159,0.9034136546184739,0.9497991967871486,7.17028250034194,0.9939759036144579,11.107802225011014,0.9899598393574297,13.226627025004344,0.9859437751004017
NASDAQBXN,256,1332,3.549239065756546,0.004102104262747137,0.09670348474146082,0.06985493655986588,0.98984375,0.04375843952130321,0.030864533683342955,0.92421875,0.9375,0.08024662558233839,0.9921875,0.08102798705791621,0.984375,0.08297488004219035,0.9921875,0.16088232821199447,0.14621302847289697,0.98984375,0.04228241935201858,0.029397073418742613,0.90078125,0.92578125,0.10781974134372163,0.984375,0.18659440537087146,0.9921875,0.14367833563187055,0.9921875
NASDAQHERBAL,165,970,2.1748568392879903,0.01558502402257763,0.32710247415300514,0.23246435750259017,0.9915151515151515,0.1370361164066759,0.10356886255255096,0.9266666666666666,0.9333333333333333,0.28781880798683473,0.9818181818181818,0.3181598262917181,0.9818181818181818,0.3731850431077616,0.9939393939393939,0.30828593492864514,0.19293536997535987,0.9872727272727273,0.1371538496185476,0.10068695212054289,0.9163636363636364,0.9151515151515152,0.2564543429853932,0.9818181818181818,0.30667571904520463,0.9878787878787879,0.36706259667524127,0.9939393939393939
NASDAQGSOX,238,1262,2.619560516132209,0.009906522036714925,0.14782713616948204,0.11289031615758936,0.9865546218487395,0.08517175077351966,0.05720121442480655,0.8953781512605042,0.8949579831932774,0.17119799885432102,0.9789915966386554,0.15944042849412127,0.9831932773109243,0.11885392102621488,0.9957983193277311,0.1507332804980304,0.11740094527179182,0.9878151260504202,0.08132594015140296,0.06159616417159387,0.9180672268907563,0.8991596638655462,0.15543900256249019,0.9831932773109243,0.16274965084139661,0.9873949579831933,0.1293189998293857,0.9915966386554622
NASDAQ100,498,2800,2.8622332942530027,0.008009422752783763,0.15752320044893114,0.10310966547751159,0.9837349397590361,0.072982628855805,0.04685054054420819,0.8961847389558233,0.9076305220883534,0.1321397647872151,0.9779116465863453,0.1535759191839453,0.9799196787148594,0.13472964407536625,0.9859437751004017,0.16015463369367325,0.13300917770061016,0.9901606425702811,0.06785547964228493,0.049384232319947104,0.9022088353413654,0.9397590361445783,0.13393180749605352,0.9959839357429718,0.14382289568195453,0.9879518072289156,0.13277663043545682,0.9899598393574297
NASDAQEMCLOUD,414,1966,2.3558712477092643,0.012965274382476464,0.19620363217216327,0.14416368250516234,0.9857487922705314,0.11152129563717268,0.0746593636569955,0.883816425120773,0.9057971014492754,0.21249718013333643,0.9855072463768116,0.2203378649685436,0.9855072463768116,0.19550842912767616,0.9830917874396136,0.2019537525420949,0.15128219581724078,0.986231884057971,0.1039395828023027,0.07765588067516756,0.9031400966183575,0.9154589371980676,0.18584671419388177,0.9879227053140096,0.22655496622495946,0.9855072463768116,0.20788046551789133,0.9830917874396136
NASDAQB4040GI,498,2800,3.8279663563955717,0.003326384881266847,0.08118411063702109,0.05423774842360944,0.9905622489959839,0.03340823737016825,0.02029160146312438,0.9044176706827309,0.9337349397590361,0.10028637110792074,0.9919678714859438,0.09951852169003547,0.9899598393574297,0.060716942188343524,0.9919678714859438,0.1182402543068951,0.09612300642199524,0.9907630522088353,0.03243717033753332,0.020255995439599512,0.8973895582329318,0.9437751004016064,0.1459228807664061,0.9879518072289156,0.13826131403750386,0.9879518072289156,0.06698995220562823,0.9899598393574297
NASDAQCAPEXA,498,2800,3.124189968066649,0.006389459662283402,0.15833714387184722,0.09785890380512496,0.9827309236947791,0.06269255024368725,0.03781949941007365,0.9012048192771084,0.9136546184738956,0.14368065017567508,0.9839357429718876,0.16538778427745884,0.9759036144578314,0.12711185991578924,0.9879518072289156,0.118232204088397,0.09063387089510727,0.989558232931727,0.05577279191455015,0.039954441507915855,0.9048192771084337,0.9377510040160643,0.0881844702445607,1.0,0.11873432217503006,0.9919678714859438,0.10411286439841522,0.9919678714859438
NASDAQCOM,498,2800,2.888033456741502,0.007809172838282122,0.15522681762018548,0.09971115866060251,0.9825301204819277,0.07147841750434493,0.04527466383598989,0.8943775100401606,0.8995983935742972,0.13135419129898898,0.9819277108433735,0.1473246188219326,0.9799196787148594,0.1384653388042481,0.9839357429718876,0.13885715290451311,0.11117605908361411,0.9905622489959839,0.06665348334792764,0.04810537469592865,0.9004016064257028,0.9437751004016064,0.11466908587639973,0.9959839357429718,0.13073191057533567,0.9899598393574297,0.13152437839468845,0.9899598393574297
NASDAQCELS,498,2800,2.3542868465651026,0.01325444263131428,0.2118421191523878,0.14399141341877017,0.9839357429718876,0.11200535999648435,0.07326153394426185,0.87570281124498,0.8975903614457831,0.21744532681271528,0.9799196787148594,0.2246142394870543,0.9839357429718876,0.16629206909982608,0.9899598393574297,0.18450141226650943,0.14276130678674803,0.9857429718875502,0.1056661560205598,0.07968228403953764,0.8987951807228916,0.893574297188755,0.17281446800674305,0.9879518072289156,0.19455235474246046,0.9819277108433735,0.15685815151161459,0.9919678714859438
NASDAQDRB,498,2800,3.065607011826615,0.006659103452005053,0.1651870721207927,0.09768637273194121,0.9827309236947791,0.06348552455685998,0.03812426699585296,0.8923694779116466,0.9056224899598394,0.14868419579298667,0.9819277108433735,0.16279514636998244,0.9819277108433735,0.13143793703590706,0.9859437751004017,0.11960426581516023,0.08876014217714313,0.9893574297188755,0.058007949790269006,0.041328743254878585,0.9038152610441768,0.9377510040160643,0.08981655338548779,0.9959839357429718,0.10599575277914612,0.9879518072289156,0.10674943622148757,0.9919678714859438
NASDAQNFCFA,96,692,3.014893562146894,0.006473220444479771,0.12821358937653943,0.0767825308942652,0.9927083333333333,0.05667575367228808,0.03917859177091002,0.91875,0.96875,0.07538274929764549,1.0,0.07745359726993596,1.0,0.07798277780066634,1.0,0.12249531005667448,0.07507183582104196,0.990625,0.05655637316896592,0.04212966370194468,0.9322916666666666,0.9479166666666666,0.0724616620107973,1.0,0.07621878517194372,1.0,0.07869480417216994,1.0
NASDAQNDXTMC,196,1094,2.7373293551749676,0.00872500350277609,0.15000857491562586,0.10365136435609468,0.9903061224489796,0.07559670132227238,0.056769637829968286,0.9198979591836735,0.9387755102040817,0.22880096436179115,0.9846938775510204,0.219149397983438,0.9897959183673469,0.1304043887178917,0.9846938775510204,0.1440357094863579,0.09087124769009657,0.9857142857142858,0.07250257675218227,0.05116807051800196,0.8979591836734694,0.8979591836734694,0.1938794720342476,0.9846938775510204,0.21343261446883413,0.9846938775510204,0.11470957062532663,0.9897959183673469
NASDAQHXC,498,2800,2.3711223209289325,0.012980062994535557,0.21905259706132163,0.15135428876183796,0.9845381526104418,0.11353017421279829,0.07411657634108944,0.8819277108433735,0.891566265060241,0.19175730194141619,0.9839357429718876,0.18879875762211032,0.9859437751004017,0.2573894606106637,0.9859437751004017,0.21009077751066593,0.14262458253574012,0.9849397590361446,0.10718026230852419,0.07770780934902702,0.8995983935742972,0.8855421686746988,0.15567682635006716,0.9879518072289156,0.16590814643033644,0.9879518072289156,0.28008633363879776,0.9839357429718876
NASDAQHXCX,498,2800,2.3714926997147265,0.012975831065602333,0.21891509522378133,0.15127716266768382,0.9843373493975903,0.1134826724442482,0.07412428456679314,0.8823293172690763,0.891566265060241,0.1915027376811623,0.9839357429718876,0.18881031674274484,0.9859437751004017,0.2569408509609217,0.9859437751004017,0.21003486846352656,0.1422997012487662,0.9851405622489959,0.10711519061892,0.07768069098606795,0.8995983935742972,0.8875502008032129,0.15561255143210234,0.9879518072289156,0.1656932410894607,0.9879518072289156,0.2800706557598909,0.9859437751004017
NASDAQNQCN35,305,1529,2.341068726198991,0.01313011021310831,0.2897321771269371,0.2052554299431604,0.9911475409836066,0.12012644642527932,0.0790680837844004,0.9055737704918033,0.9508196721311475,0.22308051532231768,0.9934426229508196,0.23131432388864037,0.9967213114754099,0.27554556238600625,0.9901639344262295,0.27031645726284587,0.201500339758833,0.9927868852459016,0.11700401958881916,0.08473498920066191,0.9140983606557377,0.9540983606557377,0.19500708565818825,0.9934426229508196,0.23293133248374207,0.9934426229508196,0.2685581474241793,0.9967213114754099
NASDAQHXR,498,2800,2.867028797904223,0.007851701031673547,0.14532711107273627,0.09781520007884024,0.9843373493975903,0.06850035382739508,0.045043595053349796,0.8893574297188755,0.9096385542168675,0.16349015117831445,0.9839357429718876,0.17699950210766005,0.9819277108433735,0.1375162267006386,0.9859437751004017,0.11733129082827007,0.09078232868359976,0.9869477911646586,0.06544051305027328,0.046936804035253965,0.8967871485943775,0.9156626506024096,0.11310719142078253,0.9859437751004017,0.13962081771767382,0.9879518072289156,0.11970264527484463,0.9819277108433735
NASDAQNBI,498,2800,2.8129369001834945,0.00821768697924774,0.1327194817328112,0.09671427385762639,0.9863453815261044,0.0684649935756662,0.04649674782654466,0.8885542168674698,0.9236947791164659,0.13293747047223617,0.9839357429718876,0.1458869560801556,0.9839357429718876,0.11651185112918178,0.9879518072289156,0.11977313461893788,0.09341212415181767,0.9887550200803212,0.06558509182099578,0.049788201509181916,0.9092369477911647,0.9317269076305221,0.1007867233574498,0.9919678714859438,0.1267724476497586,0.9859437751004017,0.11966848373009177,0.9939759036144579
NASDAQNDXL3,498,2800,1.7633082523635784,0.02418472129264413,0.48184540146028926,0.31324053107257416,0.984136546184739,0.22205117743916206,0.14157708644710165,0.8959839357429719,0.9076305220883534,0.45472219595189534,0.9779116465863453,0.5289929352946174,0.9759036144578314,0.35558523481920046,0.9919678714859438,0.48598889010579494,0.4108394355009075,0.9911646586345382,0.20504455456741802,0.147303581684374,0.8987951807228916,0.9477911646586346,0.45781918634706403,0.9959839357429718,0.528876267135649,0.9879518072289156,0.3717412156935029,0.9959839357429718
NASDAQNDXT,498,2800,2.615960046425923,0.010154036300677852,0.1838585367330431,0.1216335949237961,0.983132530120482,0.08831053683096306,0.05733676920066838,0.880722891566265,0.9016064257028112,0.17869624462546865,0.9759036144578314,0.18912084635395934,0.9759036144578314,0.13952550382349854,0.9919678714859438,0.15390747371701496,0.1218555561045268,0.9909638554216867,0.0839596453356756,0.062263791875137135,0.9082329317269077,0.9417670682730924,0.13228395968211396,0.9959839357429718,0.15081755528674096,0.9859437751004017,0.13531711067805866,0.9959839357429718
NASDAQNDXX,498,2800,3.1678114655652263,0.005994867807751663,0.1321039699886849,0.08545860697511809,0.9851405622489959,0.055499714597985306,0.035276508907499116,0.9012048192771084,0.9216867469879518,0.12258020532680412,0.9799196787148594,0.1338476883431355,0.9819277108433735,0.10418809385904029,0.9919678714859438,0.10292891012595155,0.07727631524410226,0.9887550200803212,0.0513209035148826,0.036603089754362494,0.9066265060240963,0.9377510040160643,0.07632452853193684,0.9919678714859438,0.10469917506731297,0.9859437751004017,0.0904718414622229,0.9919678714859438
NASDAQNQEM,498,2800,3.2122959675750105,0.005551392209363051,0.12320002427158695,0.07426450865267285,0.9867469879518073,0.049298475195816156,0.03196226170562623,0.8923694779116466,0.9216867469879518,0.12452349442415644,0.9879518072289156,0.13906231270098451,0.9839357429718876,0.1123204100804197,0.9839357429718876,0.0953694425831188,0.06290376717651741,0.9855421686746988,0.04744751648935286,0.032912735717372785,0.892570281124498,0.8975903614457831,0.08705794628479532,0.9859437751004017,0.10230594103951542,0.9819277108433735,0.09703757619680706,0.9839357429718876
NASDAQNQINTEL,412,1955,2.6316066659229653,0.00967394415852375,0.1730998809049886,0.11293671083779673,0.9842233009708737,0.07997020216601447,0.05243537823400477,0.875242718446602,0.9004854368932039,0.1504239470160194,0.9854368932038835,0.16627463027513043,0.9878640776699029,0.17024170111583475,0.9854368932038835,0.15525051040547813,0.1111354137317957,0.9864077669902913,0.07804514474151446,0.05815527354206284,0.9111650485436893,0.9101941747572816,0.12825220632795334,0.9830097087378641,0.14991177264382674,0.9878640776699029,0.1667254618516346,0.9854368932038835
NASDAQNQROBOUS,428,2021,2.627082506001972,0.00979201181852527,0.1869890009781829,0.12239556126289909,0.9848130841121495,0.0836978664172412,0.05517334233699212,0.8869158878504673,0.9158878504672897,0.2035504012968446,0.9836448598130841,0.1982244938062424,0.9813084112149533,0.18271693455124455,0.985981308411215,0.16309228266510276,0.115539320909917,0.9866822429906542,0.0802897693136636,0.0616964346348827,0.9212616822429907,0.9252336448598131,0.15366807668319923,0.985981308411215,0.17219554561318973,0.985981308411215,0.17119267958272671,0.9929906542056075
NASDAQNQEURO50,498,2800,3.1427674169756754,0.006084113611123894,0.13773147143317818,0.08447198107088819,0.9851405622489959,0.05809477219140495,0.03506489517870719,0.8911646586345382,0.929718875502008,0.1493450906594082,0.9859437751004017,0.17211175507453735,0.9819277108433735,0.13762512873595575,0.9859437751004017,0.1110735984933931,0.07388374948684401,0.9845381526104418,0.05416432905368761,0.03700976642590402,0.8953815261044177,0.8995983935742972,0.10787071125782761,0.9839357429718876,0.1414344316541149,0.9839357429718876,0.11547392683280105,0.9799196787148594
NASDAQNQGI,498,2800,3.3680994787239107,0.004944784533770362,0.1302676566441873,0.07383569082816248,0.9815261044176706,0.04830981318082229,0.028818733072340303,0.8961847389558233,0.9056224899598394,0.15515525620169618,0.9718875502008032,0.16243676629057835,0.9738955823293173,0.13438730958440273,0.9879518072289156,0.09468684191157774,0.06642495184702026,0.9875502008032129,0.04393609230575356,0.03002319516618999,0.8991967871485944,0.9317269076305221,0.0930201435612741,0.9839357429718876,0.12096177434476398,0.9819277108433735,0.11087028852433427,0.9859437751004017
NASDAQNYGBIG,107,738,2.8904515636487145,0.007539655440440478,0.14203760598833062,0.07532254744257517,0.9841121495327103,0.0649507718093032,0.03878207512529721,0.8691588785046729,0.8691588785046729,0.16497799089470674,0.9719626168224299,0.16381934424261194,0.9719626168224299,0.07585885166165487,1.0,0.1338273543172256,0.07865694124923583,0.9850467289719627,0.06268093905609914,0.04381220634874539,0.9009345794392524,0.8785046728971962,0.1280356563866348,0.9719626168224299,0.13623330961502197,0.9813084112149533,0.07925168688158381,1.0
NASDAQNQUSB45,305,1528,3.3723539440554613,0.0046168505265555245,0.0693691965232568,0.04991551895768535,0.9878688524590163,0.03827064931296126,0.025550708893404196,0.8721311475409836,0.8852459016393442,0.06868460808659141,0.9868852459016394,0.06617105931607574,0.9868852459016394,0.09063071663826398,0.980327868852459,0.06868331256596229,0.04850681372456281,0.9859016393442623,0.03712884119958138,0.02693961177692107,0.8940983606557377,0.8786885245901639,0.06667670361255916,0.9836065573770492,0.07192993210414246,0.980327868852459,0.0869311697029867,0.980327868852459
NASDAQNSLITP,159,944,2.2477917965483885,0.014253218338860047,0.19726253412374428,0.1388597115905943,0.9849056603773585,0.11573551801212591,0.07550693290968634,0.8635220125786164,0.8616352201257862,0.21291497400596243,0.9811320754716981,0.24287407232571057,0.9748427672955975,0.16057220727766555,0.9937106918238994,0.196733189137283,0.15251150427413435,0.9867924528301887,0.11337277574196591,0.0834767143685027,0.8849056603773585,0.8805031446540881,0.18599757935398825,0.9811320754716981,0.22784326571951594,0.9811320754716981,0.18910649647332906,0.9937106918238994
NASDAQNQMAREITT,498,2800,3.0016537552912315,0.007699509990004875,0.2812199943488872,0.15176893881391146,0.9827309236947791,0.08879937698011989,0.04395799677362587,0.9,0.9377510040160643,0.28134374006603696,0.9819277108433735,0.3220210527017829,0.9819277108433735,0.24817376526322024,0.9819277108433735,0.183110244398962,0.11231786797777665,0.9863453815261044,0.07084790153049969,0.04922332549755329,0.9166666666666666,0.9357429718875502,0.11514783257066404,0.9859437751004017,0.22629017575734406,0.9819277108433735,0.15794434868738777,0.9919678714859438
NASDAQNQUS500LCT,498,2653,3.1459739146160985,0.006147661004558785,0.1534719873274972,0.09311434527838959,0.9819277108433735,0.06135948161217689,0.036143491105870035,0.8929718875502008,0.8975903614457831,0.14130002817738183,0.9779116465863453,0.15596769790055362,0.9759036144578314,0.12102877593022801,0.9879518072289156,0.15225031044871334,0.12481034787504164,0.989558232931727,0.054498922142685896,0.037489564480035494,0.8983935742971888,0.9397590361445783,0.13321088450454557,0.9959839357429718,0.15136912380739037,0.9899598393574297,0.11222769177159331,0.9939759036144579
NASDAQNQUSB201030,498,2800,3.134832413430123,0.006038919390544689,0.12049028188552294,0.083660875884736,0.9863453815261044,0.054065724010877995,0.033512621369285164,0.8923694779116466,0.9257028112449799,0.11403926908620216,0.9899598393574297,0.12198975015269459,0.9859437751004017,0.12975006520544424,0.9819277108433735,0.0991694603786783,0.07507293383364734,0.9897590361445783,0.05111309562809274,0.03609500188523545,0.9002008032128515,0.9377510040160643,0.07668673802274546,0.9939759036144579,0.09750424189870202,0.9919678714859438,0.12657811379804643,0.9859437751004017
NASDAQNQUSB451030,498,2800,2.9377158523152636,0.00735560143771223,0.14512011108456122,0.10318402672271532,0.98714859437751,0.06785599896894079,0.04172596787572497,0.8857429718875502,0.9096385542168675,0.14795033866553772,0.9839357429718876,0.15627924529788798,0.9859437751004017,0.13222953289696374,0.9879518072289156,0.13163366298934903,0.09976568919128853,0.9885542168674699,0.06516912652042026,0.04522002644767229,0.9116465863453815,0.9236947791164659,0.1174151061259256,0.9919678714859438,0.13359170980902382,0.9859437751004017,0.132501188048706,0.9839357429718876
NASDAQNQUSS,498,2800,2.8248526211745553,0.008238507011088024,0.17987503030104965,0.11047393876543209,0.986144578313253,0.07339840595786876,0.04670796525050619,0.8929718875502008,0.9216867469879518,0.1862315933160116,0.9819277108433735,0.18729771095043823,0.9819277108433735,0.14850228842066981,0.9899598393574297,0.1352924216831598,0.09750919825108009,0.9893574297188755,0.06900439245412229,0.05068126860635851,0.909437751004016,0.9357429718875502,0.12747367316188762,0.9899598393574297,0.1488700447764387,0.9879518072289156,0.1299873173879718,0.9939759036144579
NASDAQNQUSL10101015,498,2800,2.7324461402227795,0.009086417836633527,0.16709071746661175,0.11486492056961296,0.9855421686746988,0.08182058242799879,0.052672580743879496,0.8941767068273092,0.8975903614457831,0.17015459755240173,0.9879518072289156,0.1896806642296494,0.9819277108433735,0.15804638470331966,0.9859437751004017,0.15508983490997436,0.12234170066083663,0.9909638554216867,0.07689659044130862,0.05602397726977809,0.8969879518072289,0.9397590361445783,0.14218441590833397,0.9919678714859438,0.17835950084297078,0.9899598393574297,0.14075916268210584,0.9839357429718876
NASDAQOMRXMUNI,498,2800,5.5885737264316635,0.0005815216794321231,0.011033852805210954,0.007300213374059305,0.9811244979919679,0.005694353082495823,0.0032776916658081457,0.87570281124498,0.8755020080321285,0.010247448105161547,0.9759036144578314,0.012362790844145766,0.9718875502008032,0.008833079091490562,0.9919678714859438,0.010173687124114388,0.00844757452950612,0.9875502008032129,0.0050132207666174575,0.003690545050302093,0.908433734939759,0.9116465863453815,0.010500955005324206,0.9879518072289156,0.00984847839042848,0.9839357429718876,0.009331085762984994,0.9939759036144579
NASDAQQGLDI,498,2800,3.549789349231192,0.0040499111356461955,0.07266799341060685,0.047516634727682076,0.9839357429718876,0.03765828790166915,0.022078921600886703,0.8763052208835341,0.8855421686746988,0.07757893646115316,0.9859437751004017,0.07576587392901003,0.9839357429718876,0.0668867065394792,0.9859437751004017,0.08039701802335891,0.0669735606812607,0.9885542168674699,0.036162005676450316,0.02541855136921578,0.9002008032128515,0.9076305220883534,0.08118210058341087,0.9899598393574297,0.08270311618344121,0.9879518072289156,0.06928296737337561,0.9919678714859438
NASDAQOMXS30,498,2800,3.121189753910899,0.006071859672660314,0.11275521365209216,0.0765058583387099,0.9849397590361446,0.05423669318571749,0.03462903968182673,0.8881526104417671,0.9156626506024096,0.09142399531676906,0.9919678714859438,0.08431642719821478,0.9939759036144579,0.10662467625555508,0.9738955823293173,0.09103411730996593,0.07068884895716658,0.9869477911646586,0.051036702522961754,0.03705521592205955,0.9058232931726907,0.9016064257028112,0.07458547062159784,0.9959839357429718,0.07582435240540934,0.9899598393574297,0.09304814225526192,0.9759036144578314
NASDAQQMI,498,2800,2.873138629651597,0.007858706308984869,0.13410461385315964,0.09910655024444463,0.9855421686746988,0.07035541268847766,0.04638824619973016,0.8921686746987951,0.9096385542168675,0.13788511567622322,0.9859437751004017,0.13613129182193853,0.9839357429718876,0.13138540047313874,0.9879518072289156,0.12716114305021498,0.10803750990320272,0.9933734939759036,0.06698574800289683,0.049609930149368105,0.9070281124497992,0.9598393574297188,0.11538697717237406,0.9919678714859438,0.13431290162255624,0.9919678714859438,0.1408865485684226,0.9919678714859438
NASDAQQSLVO,498,2800,2.8984345281783344,0.007787964072117465,0.15660002521169844,0.09446192420534044,0.9839357429718876,0.07292561725463022,0.041905351369481016,0.876706827309237,0.9016064257028112,0.1577785771798723,0.9859437751004017,0.17596165448546516,0.9819277108433735,0.1620222484100403,0.9799196787148594,0.16369534937352598,0.13388302898263968,0.9883534136546185,0.06938121621900938,0.047128222014452874,0.9008032128514056,0.9196787148594378,0.15100836581089214,0.9899598393574297,0.17317618604030377,0.9899598393574297,0.15583215686334245,0.9899598393574297
NASDAQSRVRSCNR,428,2020,2.9584808999577263,0.007271818397659774,0.1777040249951679,0.10653572111764584,0.9848130841121495,0.06711225539663059,0.041350039092782016,0.8957943925233645,0.9158878504672897,0.1740942771895795,0.9883177570093458,0.15856680253163258,0.9883177570093458,0.23338867172316557,0.9766355140186916,0.14036471323528366,0.1072668950021806,0.9866822429906542,0.06315940214420285,0.045621232342286336,0.9175233644859813,0.9112149532710281,0.10423608537512222,0.985981308411215,0.1294987228364999,0.985981308411215,0.20693880762044264,0.9883177570093458
NASDAQSRVRSCPR,428,2020,2.9580916680524028,0.00727622918234011,0.1779471079824789,0.10649448502107618,0.9850467289719627,0.06709362784959484,0.04131571168618105,0.8960280373831776,0.9182242990654206,0.17360914306582753,0.9883177570093458,0.15875307549716164,0.9883177570093458,0.23466645046146886,0.9789719626168224,0.14025881137367574,0.10735094253230304,0.9871495327102804,0.06313336223017316,0.045693181334221115,0.919392523364486,0.9135514018691588,0.10379064699021384,0.985981308411215,0.12821601989620657,0.985981308411215,0.20717382118257377,0.9883177570093458
NASDAQSOX,498,2800,2.394321629343177,0.012574653523955981,0.21976573171169886,0.14528180250104017,0.9819277108433735,0.1084004937266052,0.06879882098174105,0.8755020080321285,0.8855421686746988,0.21291822956712042,0.9839357429718876,0.22393619247126947,0.9859437751004017,0.18413607041933874,0.9859437751004017,0.1876410145602527,0.14584027796279217,0.989558232931727,0.1032500314153947,0.07687728659541677,0.9060240963855422,0.927710843373494,0.15447627315137277,0.9959839357429718,0.19362712469929078,0.9879518072289156,0.16809310969894925,0.9919678714859438
NASDAQXND,270,1387,2.8865311769265993,0.007697518448321972,0.12783695210655255,0.08326156619740595,0.9866666666666667,0.06520351782922323,0.04767907153691185,0.9125925925925926,0.9,0.0954945284702613,0.9925925925925926,0.09700735773169936,0.9888888888888889,0.1662333167138726,0.9851851851851852,0.11820137816717861,0.08508765488595543,0.9877777777777778,0.0619704437814109,0.04843918206443153,0.9118518518518518,0.9,0.09630103866297632,0.9888888888888889,0.08777272533810629,0.9925925925925926,0.15960115556826454,0.9888888888888889
NASDAQXNDXINR,201,1113,2.9603952751178033,0.006936709317295471,0.12746303957645963,0.08449368978153063,0.9890547263681592,0.061234483967735856,0.04580526752798383,0.9149253731343283,0.9203980099502488,0.12544679329017552,0.9900497512437811,0.1304273070226978,0.9850746268656716,0.10888836218661957,0.9850746268656716,0.12111452845583345,0.07504716337169119,0.982089552238806,0.05877706776574642,0.04324904513606407,0.9014925373134328,0.8905472636815921,0.10874333081228608,0.9751243781094527,0.12065156130757561,0.9751243781094527,0.1172103099775593,0.9751243781094527
NASDAQVOLI,498,2323,1.1126676878224995,0.045177077277717935,0.7662625102467346,0.5960006231283949,0.989558232931727,0.39871501159140954,0.26988348143224145,0.9004016064257028,0.9357429718875502,0.7766633355094158,0.9899598393574297,0.758980151269652,0.9899598393574297,0.7017622187224049,0.9939759036144579,0.7338619604072633,0.5903497466372084,0.9905622489959839,0.3884810776110233,0.27985263244677105,0.9074297188755021,0.9397590361445783,0.619022079928631,0.9899598393574297,0.6788112334664868,0.9939759036144579,0.7597049820572658,0.9919678714859438
NASDAQTDEX,498,2322,0.8760595700550285,0.056808968059145495,1.2970441348156538,0.8220829068267271,0.9869477911646586,0.5206914549759196,0.33129050842420343,0.9010040160642571,0.9176706827309237,1.1455705933874518,0.9839357429718876,1.1926362628696252,0.9859437751004017,1.5506176966372625,0.9839357429718876,1.157688123790641,0.8473092064892342,0.9909638554216867,0.5238607615233967,0.3597840374945208,0.9092369477911647,0.9437751004016064,1.0077679037492246,0.9939759036144579,1.0928566632574475,0.9939759036144579,1.3558365945139705,0.9839357429718876
NASDAQVOLNDX,498,2800,3.084147723969221,0.006238973258434272,0.09295984838622352,0.0764095278963881,0.9905622489959839,0.053560755543608264,0.03697266463085403,0.8995983935742972,0.9357429718875502,0.10049450483208748,0.9919678714859438,0.09356411481852439,0.9919678714859438,0.08985662161627869,0.9879518072289156,0.09483398400288186,0.0827758084870474,0.9915662650602409,0.05204260664623394,0.037721398967859796,0.8987951807228916,0.9257028112449799,0.09969979911595053,0.9899598393574297,0.10656811799922872,0.9859437751004017,0.09057856876348354,0.9879518072289156
NFCILEVERAGE,204,1124,2.23044170223112,0.01904218884464165,0.3470635581356665,0.2614784501775394,0.9789215686274509,0.16388511045049908,0.11902976414311595,0.9,0.9607843137254902,0.04985647802176663,0.9852941176470589,0.3070571233008195,0.9852941176470589,0.6455463684577032,0.9705882352941176,0.26046074019172816,0.2490258329704066,0.9946078431372549,0.1527370698465121,0.13367103888908777,0.9397058823529412,0.9901960784313726,0.024656668175235933,0.9950980392156863,0.22188222240345012,0.9950980392156863,0.5148951945103963,1.0
NDFACBW027SBOG,204,1124,-4.9170340346935255,18.270216528672016,354.5009052874928,220.51645829540985,0.990686274509804,152.98333263559624,101.35385301893459,0.9014705882352941,0.9362745098039216,341.85227142118384,0.9852941176470589,343.2407841813491,0.9852941176470589,415.7887195541602,0.9901960784313726,344.9615717763434,224.09322196924194,0.9901960784313726,155.55827342472813,116.12249597067847,0.9269607843137255,0.9362745098039216,339.5160311238078,0.9803921568627451,337.76772651670564,0.9852941176470589,413.31804756455415,0.9950980392156863
NASDAQXCMP,498,2800,2.889704419455028,0.007809684355735826,0.15412913967354305,0.09928778768798645,0.9823293172690764,0.07142293356592418,0.04531970474844526,0.893574297188755,0.9016064257028112,0.13933639564474937,0.9759036144578314,0.15613873774701884,0.9759036144578314,0.12266448187558457,0.9879518072289156,0.13386496379526666,0.10785511704974966,0.9909638554216867,0.06640264133096954,0.047534982241712744,0.8993975903614457,0.9477911646586346,0.11620486035443706,0.9979919678714859,0.1333249540492832,0.9899598393574297,0.11931895358563231,0.9939759036144579
NASDAQXAU,498,2800,2.3640644556004955,0.01284093919252549,0.21712699681409692,0.14611734826208733,0.9855421686746988,0.10999347030145672,0.07023317817286075,0.8781124497991968,0.9116465863453815,0.19968636828410752,0.9879518072289156,0.18555236601140823,0.9879518072289156,0.21809193297726462,0.9859437751004017,0.1961210840751942,0.14666684713713965,0.98714859437751,0.10644677785484698,0.07828735498348437,0.905421686746988,0.9096385542168675,0.16888927751828342,0.9879518072289156,0.17997483703830433,0.9919678714859438,0.22536714687870343,0.9899598393574297
NASDAQXNBI,498,2800,2.8129472430383853,0.0082173997325976,0.13259726257476914,0.09669299340213394,0.9863453815261044,0.06843761344630313,0.04647126581536352,0.8881526104417671,0.9236947791164659,0.1330042421087689,0.9839357429718876,0.14586551063070444,0.9839357429718876,0.1164490973137307,0.9879518072289156,0.11973200680289593,0.09355011625756846,0.9887550200803212,0.06555150496040026,0.049793628631203866,0.909437751004016,0.9317269076305221,0.10089144462005689,0.9919678714859438,0.1268881096900984,0.9879518072289156,0.11965921724739874,0.9939759036144579
NFINCP,204,1125,1.9625344805568021,0.018744979017524897,0.3641233874894714,0.3136205865545943,0.9941176470588236,0.1688651698650106,0.11731705933277578,0.9186274509803921,0.9509803921568627,0.401109145770341,0.9901960784313726,0.38335587250507275,0.9901960784313726,0.3083790181486679,1.0,0.33409506639967584,0.25615977985178817,0.9892156862745098,0.17108814162066935,0.128321197787825,0.9318627450980392,0.9117647058823529,0.3815065407809843,0.9901960784313726,0.3848494125635598,0.9901960784313726,0.31537953688656617,0.9901960784313726
NASDAQXNDX,498,2800,2.863278497427929,0.008009761307623599,0.15595032502712855,0.10267353740552662,0.9839357429718876,0.07278887602018078,0.046874820115595545,0.8947791164658635,0.9096385542168675,0.13900184450128392,0.9779116465863453,0.1654606833328988,0.9759036144578314,0.11812137191336171,0.9899598393574297,0.15332043214593838,0.12811956103181807,0.9909638554216867,0.0676589018817373,0.04909533488147408,0.9,0.9457831325301205,0.13659110240743716,0.9959839357429718,0.1605464443436234,0.9879518072289156,0.12084812288074186,0.9959839357429718
NYCCLAIMS,204,1124,1.480779020276196,0.033228179591743456,1.0135458442323166,0.49985595541056493,0.9799019607843137,0.37804281157868685,0.20263037393961147,0.875,0.8725490196078431,1.0338016242715817,0.9656862745098039,1.2881553943080597,0.9656862745098039,1.206225793537336,0.9901960784313726,0.9296938108009971,0.8765750170275978,0.9892156862745098,0.33665961909576664,0.20852487736317957,0.8759803921568627,0.9019607843137255,1.0281764673787483,0.9901960784313726,0.7832491715246004,0.9950980392156863,0.8754172770537856,0.9950980392156863
NYICLAIMS,204,1125,-0.16009586849920726,0.15917660135785264,2.353891301905571,1.683019882149021,0.9823529411764705,1.5068681227459586,1.0971915878470169,0.8848039215686274,0.8627450980392157,2.872968867026746,0.9852941176470589,3.309835034850678,0.9656862745098039,2.3603313410729085,0.9803921568627451,3.3013543983914353,2.84497446786062,0.9848039215686275,1.5588613218951946,0.9266705285376545,0.8495098039215686,0.8823529411764706,3.404258474777473,0.9607843137254902,4.009306051267902,0.9754901960784313,3.707431247052061,0.9950980392156863
NASDAQXOSX,498,2800,2.2776565380365628,0.014531422064338665,0.28891888007727773,0.1799891587605504,0.9855421686746988,0.12818439241821195,0.08442039633765853,0.8985943775100401,0.9056224899598394,0.23246127573091852,0.9919678714859438,0.20232651682343822,0.9899598393574297,0.21810072082754295,0.9879518072289156,0.23905031445345976,0.16701395143457762,0.9883534136546185,0.11971845213936029,0.09182877470983558,0.9072289156626506,0.9116465863453815,0.1634760669280706,0.9979919678714859,0.17378567954349683,0.9959839357429718,0.1870568800505279,0.9959839357429718
NASDAQXSOX,498,2800,2.3939353476782306,0.012576268184342163,0.219688936375559,0.14522477804265344,0.9817269076305221,0.10843907981404284,0.06883077494194961,0.8753012048192771,0.8835341365461847,0.21295885379081858,0.9839357429718876,0.22395458146349362,0.9859437751004017,0.1839056518702657,0.9859437751004017,0.18781760270906697,0.1454627082146003,0.9893574297188755,0.10329333705018323,0.07695504395034992,0.906425702811245,0.927710843373494,0.15355844631084573,0.9959839357429718,0.19429093404283285,0.9879518072289156,0.1695097563125126,0.9919678714859438
NASDAQXXAU,498,2800,2.363912032781517,0.012841850100213905,0.2170595471644134,0.1461279930944337,0.9855421686746988,0.10997638528089984,0.0702553745352075,0.8783132530120482,0.9116465863453815,0.1993237392903373,0.9879518072289156,0.18563916324780552,0.9879518072289156,0.21800337079175952,0.9859437751004017,0.19594123970182312,0.1465967968202193,0.9867469879518073,0.10643037159980638,0.07829674192087877,0.9052208835341365,0.9076305220883534,0.16924914979374026,0.9879518072289156,0.17844751836032657,0.9919678714859438,0.22510215403798542,0.9899598393574297
OBMMIC15YF,498,2392,2.788631248690991,0.008654941725300208,0.13497733551658245,0.09666060796601024,0.9827309236947791,0.07348398442052266,0.04882102691114139,0.8773092369477912,0.8875502008032129,0.13797607494784564,0.9859437751004017,0.12221517677038442,0.9899598393574297,0.13395573203803604,0.9859437751004017,0.13247629258150354,0.11021289540479817,0.9903614457831326,0.06990467481191806,0.05534395065584852,0.9184738955823293,0.9357429718875502,0.12059750161861066,0.9859437751004017,0.13386421284265293,0.9919678714859438,0.15309026722344402,0.9899598393574297
NIKKEI225,498,2800,2.9412300486819944,0.007276631161384404,0.13782134469347596,0.0876290108912211,0.9897590361445783,0.0634655717575603,0.03947846127599008,0.8825301204819277,0.9538152610441767,0.13320563810948696,0.9899598393574297,0.12873704436517958,0.9899598393574297,0.14599453638313575,0.9899598393574297,0.13220058225717976,0.09099512565311395,0.9917670682730924,0.06187325062622929,0.04404416477176396,0.8951807228915662,0.9497991967871486,0.11082460119678646,0.9939759036144579,0.12356892045430817,0.9939759036144579,0.1476519510974279,0.9899598393574297
OBMMIC30YF,498,2392,3.36374926828184,0.004768723754288738,0.09811753017865428,0.06139415569586336,0.9897590361445783,0.04242337761277808,0.026968864504266766,0.8909638554216868,0.9377510040160643,0.11199452251386656,0.9919678714859438,0.09529954812449003,0.9919678714859438,0.10300276915374412,0.9859437751004017,0.0889883129739233,0.06850656572715573,0.9921686746987952,0.04189709143538515,0.029882917997955352,0.9070281124497992,0.9538152610441767,0.0850689094654965,0.9899598393574297,0.0939958684444546,0.9919678714859438,0.10599927399182374,0.9919678714859438
OBFRVOL,498,2617,1.141821502651409,0.05067501209841196,1.8879025106407232,1.3939140041789768,0.9899598393574297,0.5980299280579782,0.2123004049371121,0.8841365461847389,0.9317269076305221,1.82583373116275,0.9919678714859438,1.754782420075714,0.9939759036144579,1.7798629574324722,0.9899598393574297,5.159140840901015,5.014810131994046,0.9955823293172691,0.6550222823625633,0.3107097376291133,0.9024096385542169,0.963855421686747,4.497689896803328,0.9979919678714859,4.200897146397121,0.9919678714859438,4.501188224925146,0.9899598393574297
OBMMIC30YFLVGT80FB700A719,498,2392,2.9925392566307147,0.006782198331147242,0.11903518239224181,0.08121659288864118,0.9873493975903614,0.056332897785635355,0.03823147641022688,0.8907630522088353,0.9136546184738956,0.12149680633831908,0.9879518072289156,0.12125126487826508,0.9879518072289156,0.13553131061262427,0.9899598393574297,0.10675118483607662,0.08020763894779487,0.989558232931727,0.055819844559799416,0.041826801450877034,0.9130522088353413,0.9257028112449799,0.09743462205775301,0.9939759036144579,0.10777696617124038,0.9959839357429718,0.11722227852452403,0.9919678714859438
OBMMIC30YFLVGT80FB720A739,498,2392,3.0754609651509384,0.0062369866930403915,0.11265329361212174,0.07337617607162608,0.988152610441767,0.0507607955573956,0.034494034116990695,0.8945783132530121,0.9216867469879518,0.13453493337167352,0.9879518072289156,0.1277094258484011,0.9879518072289156,0.1032177435812859,0.9879518072289156,0.1013666906003535,0.0753717674907095,0.9899598393574297,0.05104221222518217,0.03871799467783407,0.9104417670682731,0.9317269076305221,0.09899596845201797,0.9879518072289156,0.12219764345855606,0.9879518072289156,0.10555034991043093,0.9879518072289156
OBMMIC30YFLVGT80FGE740,498,2392,3.320699837993998,0.00498566042155242,0.09755328276343446,0.06190127848205113,0.9891566265060241,0.04302005908166053,0.02786846475509544,0.893574297188755,0.927710843373494,0.10250472086189985,0.9899598393574297,0.09123016064709846,0.9899598393574297,0.10595851702838971,0.9879518072289156,0.09005228648999111,0.06682853265591931,0.9901606425702811,0.04270610585602039,0.03110936554481023,0.9114457831325301,0.9317269076305221,0.084679020174621,0.9919678714859438,0.09213467642287879,0.9919678714859438,0.10788738978831265,0.9879518072289156
OBMMIC30YFLVGT80FLT680,498,2392,2.5097081276887576,0.011023409779468564,0.2158064060477603,0.14244734480824958,0.9877510040160643,0.09430805159253274,0.0597857614552514,0.8853413654618474,0.9216867469879518,0.16510743023387145,0.9919678714859438,0.17273955064518476,0.9919678714859438,0.22813766445795472,0.9859437751004017,0.208024406626906,0.14640329395175006,0.9915662650602409,0.09522444873825539,0.070714592066844,0.9142570281124498,0.9417670682730924,0.13555938505699897,0.9919678714859438,0.17129509181098354,0.9919678714859438,0.2626325977619163,0.9899598393574297
ODSACBW027SBOG,145,890,4.279631154772163,0.001855162248797784,0.046306828395568676,0.028522730695676547,0.9910344827586207,0.016525932980168922,0.01205609915489142,0.9379310344827586,0.9586206896551724,0.02632030661037463,0.993103448275862,0.02867299187865357,1.0,0.07286758320317872,0.9862068965517241,0.04345119605366477,0.02256755773267129,0.9862068965517241,0.01612626192390649,0.011705885128755204,0.9137931034482759,0.9379310344827586,0.019557246873004804,1.0,0.023218786312260167,0.993103448275862,0.0758776867278165,0.9793103448275862
OBMMIC30YFLVLE80FB700A719,498,2392,2.7677861553507155,0.008538333499033294,0.1282492561316129,0.09194109656724145,0.9877510040160643,0.06949250204706106,0.04843213353864877,0.8865461847389559,0.9156626506024096,0.1356404245916857,0.9819277108433735,0.1440330068983027,0.9839357429718876,0.11874411582496244,0.9939759036144579,0.11745212789805087,0.09529724048120712,0.9907630522088353,0.06723915702838058,0.05301512374958203,0.914859437751004,0.929718875502008,0.11821937774529769,0.9819277108433735,0.13752466702620508,0.9839357429718876,0.12423686188720601,0.9939759036144579
OBMMIC30YFLVLE80FB720A739,498,2392,2.965772516842712,0.007000599486810865,0.1125122601355703,0.07790255769320518,0.98714859437751,0.057645200697605495,0.039365319062015874,0.8881526104417671,0.9096385542168675,0.10840875676143713,0.9899598393574297,0.10337417135364549,0.9879518072289156,0.12144188587989149,0.9839357429718876,0.10479057520317589,0.07982812860940894,0.988152610441767,0.05644090871490253,0.04279037369664625,0.9072289156626506,0.9116465863453815,0.09679021193961575,0.9859437751004017,0.10496854563454441,0.9879518072289156,0.1141431122777596,0.9839357429718876
OMBACBW027SBOG,145,890,3.472300520378878,0.004225776586314477,0.07521228306001868,0.06759778274136476,0.9903448275862069,0.03873292376862864,0.026189142577335674,0.9213793103448276,0.9241379310344827,0.07008284661644093,0.9862068965517241,0.06968182297228523,0.993103448275862,0.07818411542218401,0.9862068965517241,0.07841601836950689,0.057944818398268955,0.983448275862069,0.03805879783570092,0.026927428017192168,0.9137931034482759,0.8620689655172413,0.07282491701970185,0.9862068965517241,0.07111129414828721,0.993103448275862,0.08286182079553495,0.9724137931034482
OBMMIC30YFLVLE80FGE740,498,2392,3.3279182561826604,0.004924371433082901,0.09297281061807769,0.06067416163730463,0.9883534136546185,0.043067899200407045,0.027689736946894524,0.8921686746987951,0.929718875502008,0.10495672043347848,0.9899598393574297,0.08604380093090538,0.9859437751004017,0.09407566702895485,0.9899598393574297,0.08604921774578178,0.06609062425648701,0.9901606425702811,0.04192002557563819,0.029609023350391887,0.9022088353413654,0.9357429718875502,0.08192285797889058,0.9879518072289156,0.08580201004869725,0.9919678714859438,0.0998081818974086,0.9939759036144579
OKICLAIMS,204,1125,0.10330578118374148,0.12205702265164221,2.454857493745652,1.532592219020476,0.9813725490196078,1.1730443562647803,0.6855268408412757,0.8901960784313725,0.8970588235294118,3.7796150548580862,0.9705882352941176,3.487421362615228,0.9705882352941176,1.8963988385500816,0.9852941176470589,2.524130869531088,1.5651067116859025,0.9794117647058823,1.1865401671217577,0.7169127167769961,0.8941176470588236,0.8872549019607843,3.5925089298583055,0.9754901960784313,3.549116445135201,0.9852941176470589,1.794735891124122,0.9803921568627451
OBMMIC30YFLVLE80FLT680,498,2392,2.7532956148514645,0.008661498899071406,0.1407076683662491,0.09530744769152,0.9849397590361446,0.07046119177083406,0.04929428418717092,0.8879518072289156,0.8855421686746988,0.1564299175689691,0.9859437751004017,0.16929956715229846,0.9859437751004017,0.13734219742140327,0.9839357429718876,0.12157551628795048,0.09500924536294468,0.9911646586345382,0.06866304683856114,0.05368145840483875,0.9168674698795181,0.9377510040160643,0.13142996058225828,0.9899598393574297,0.15443774933219598,0.9899598393574297,0.11119154959623805,0.9919678714859438
OBMMIC30YFNA,498,2392,3.1222364745238793,0.006016000763436378,0.09326658583625765,0.06641555153592707,0.9855421686746988,0.049759554821120405,0.03664915612298229,0.9010040160642571,0.8975903614457831,0.09744020055706093,0.9839357429718876,0.08757839410675927,0.9899598393574297,0.09174012729589373,0.9919678714859438,0.08568557790683527,0.06433373940905023,0.9893574297188755,0.04809501649979312,0.03735432898892115,0.9082329317269077,0.9216867469879518,0.08044412078113232,0.9899598393574297,0.08631571486601543,0.9899598393574297,0.09254351589657413,0.9919678714859438
OBMMIFHA30YF,498,2392,3.2407359771584243,0.005386239746460667,0.12078633604787582,0.07161870372888965,0.9885542168674699,0.044946294505380326,0.029630453083418076,0.8875502008032129,0.929718875502008,0.1295130820776153,0.9879518072289156,0.1280928077266649,0.9859437751004017,0.1341088940358261,0.9899598393574297,0.09912716795559717,0.07009461438774194,0.9911646586345382,0.04528855922978115,0.033290639324583766,0.9170682730923695,0.9437751004016064,0.0929221761356664,0.9879518072289156,0.1090846506816504,0.9919678714859438,0.1236750857412919,0.9879518072289156
OBMMIJUMBO30YF,498,2392,2.672034426264309,0.009535972048534323,0.12958378631579665,0.10126015113042619,0.9865461847389558,0.07961734548953629,0.0556461130066753,0.8883534136546185,0.893574297188755,0.10597476640342389,0.9859437751004017,0.12444774804860873,0.9859437751004017,0.1308421679838736,0.9879518072289156,0.11472121465907902,0.09573417477208655,0.9891566265060241,0.07372354377837244,0.05793596317011828,0.9048192771084337,0.9036144578313253,0.09869332420346442,0.9879518072289156,0.11725374722771464,0.9919678714859438,0.1117308921651624,0.9939759036144579
PAICLAIMS,204,1125,0.29811965353990233,0.10062073314919248,2.3584107405292,1.0280658148822344,0.9848039215686275,0.9049478900943572,0.560542773440961,0.8921568627450981,0.8774509803921569,4.492979083345263,0.9754901960784313,4.635069853588475,0.9852941176470589,1.0791666866703462,0.9901960784313726,2.396131886820837,1.2657758272612005,0.9901960784313726,0.9435381240450275,0.6320405769739454,0.8975490196078432,0.9166666666666666,4.012284777742168,0.9852941176470589,4.533250143522051,0.9852941176470589,1.261184208798215,0.9950980392156863
OBMMIUSDA30YF,498,2392,2.8697063087767427,0.007676222756663503,0.1260667717797721,0.08745256727851315,0.9897590361445783,0.06117331568346314,0.0425684652790572,0.8821285140562249,0.9317269076305221,0.11149551249346049,0.9959839357429718,0.12555567883431068,0.9919678714859438,0.12812807728936246,0.9899598393574297,0.11607365475277977,0.09749367482200615,0.9943775100401606,0.06122012986555793,0.04736611162687814,0.9142570281124498,0.963855421686747,0.09956321160141827,0.9959839357429718,0.11755407972831397,0.9959839357429718,0.13784310300348537,0.9979919678714859
OBMMIVA30YF,498,2392,2.910352276294379,0.00742037286746072,0.14108745848561888,0.09171365077465166,0.9849397590361446,0.06251072594390324,0.04156944676915299,0.892570281124498,0.9076305220883534,0.1601099244704096,0.9859437751004017,0.1429638367001232,0.9879518072289156,0.14523582449845956,0.9859437751004017,0.12619066204418716,0.09086931291235283,0.9893574297188755,0.06303884503543557,0.0463089567569785,0.9104417670682731,0.927710843373494,0.1258616050159947,0.9839357429718876,0.13614403296898114,0.9899598393574297,0.13671224684692695,0.9919678714859438
RESPPANWW,204,1125,3.94636410938412,0.003337305573434895,0.23513321181989402,0.15983886423665697,0.9877450980392157,0.0502196839645023,0.030104901835859208,0.9367647058823529,0.9558823529411765,0.17389265283296204,0.9950980392156863,0.2584741125826811,0.9950980392156863,0.25675807204872925,0.9852941176470589,0.14767507013929407,0.10132059302618418,0.9872549019607844,0.040408027598316264,0.029107221317855266,0.9480392156862745,0.9215686274509803,0.07259805718607984,0.9705882352941176,0.17818619428137247,0.9901960784313726,0.14499205511118515,0.9950980392156863
RESPPMLLDONWW,204,1125,0.04744523421236664,0.22709190400514653,7.093288325734965,7.093288325734965,1.0,3.178737530962267,3.1103458938859534,0.9916666666666667,1.0,7.297325045767067,1.0,7.095462086123596,1.0,7.187233183082133,1.0,4.219615331109756,4.139461952448732,0.9975490196078431,2.029403213293475,1.7452376836170636,0.932843137254902,0.9803921568627451,3.025387297261786,0.9901960784313726,4.090338733552487,1.0,7.350790669990475,1.0
RESPPNTEPPNWW,204,1125,4.620865876481024,0.0013411549063402344,0.14619007735230108,0.14325762971909028,0.9975490196078431,0.02540641518677373,0.024652586759515,0.9769607843137255,0.9852941176470589,0.1408043568925343,0.9950980392156863,0.14716870295852308,0.9950980392156863,0.1533081023661103,1.0,0.040537071549843706,0.03683180026147713,0.9926470588235294,0.015267317345286949,0.013293401419261766,0.9343137254901961,0.946078431372549,0.024436335690443248,0.9852941176470589,0.04026800507368505,0.9901960784313726,0.11997905094493998,1.0
RESPPALGUOXCH1NWW,204,1125,-9.88930271788974,6673.516089376906,216135.05651289862,87762.84851489864,0.9784313725490196,75183.10759326052,29954.017783164123,0.8009803921568628,0.8823529411764706,330847.9325349776,0.9901960784313726,275749.2586210441,0.9803921568627451,114424.24342552022,0.9803921568627451,538032.2284804893,518037.542689175,0.9852941176470589,69951.11066677785,49637.408465240056,0.9151960784313725,0.9558823529411765,350367.4139988518,0.9852941176470589,452463.30875636067,0.9852941176470589,774993.3431326348,0.9901960784313726
RREPT,98,701,0.6448848353415334,0.06887680930034129,1.984414286414918,0.9824827364979948,0.9795918367346939,0.7392837199180541,0.25852950998846097,0.7816326530612245,0.8775510204081632,2.5409304136838635,0.9795918367346939,2.586276120267382,0.9795918367346939,0.9876770179206864,1.0,2.1246335802953205,1.0449392035493428,0.9714285714285714,0.6673867710167087,0.4264578824192683,0.9102040816326531,0.826530612244898,2.288410452224183,0.9591836734693877,2.743876710906898,0.9591836734693877,1.018581251495446,1.0
RREP15,204,1125,0.9407129947430153,0.055675659040658694,1.6881946752520272,1.1536845855368127,0.9852941176470589,0.6335510733821146,0.31635852722463165,0.8686274509803922,0.9215686274509803,1.714407951669071,0.9901960784313726,1.9211393476870589,0.9901960784313726,1.2567699328402713,0.9901960784313726,1.6495373934616662,1.052725175962351,0.9789215686274509,0.5713684688184396,0.34889660782213894,0.9014705882352941,0.8676470588235294,1.4890118074025793,0.9705882352941176,1.893694463137873,0.9803921568627451,1.2055078946712792,0.9901960784313726
OVXCLS,498,2800,1.4081716843585972,0.03450467471908216,0.7713775630304744,0.4698070471504688,0.983132530120482,0.33412663025472394,0.19027700296510947,0.885140562248996,0.8895582329317269,0.6859044244554384,0.9819277108433735,0.646432400285805,0.9859437751004017,0.8649727063870092,0.9839357429718876,0.7098569046719625,0.47189799678388145,0.9877510040160643,0.31919707606778125,0.21285692089258476,0.9066265060240963,0.9116465863453815,0.5708580955454662,0.9919678714859438,0.6192975230407257,0.9919678714859438,0.9687992940187,0.9859437751004017
RIFSPPFAAD30NB,498,2800,1.4657879903151647,0.08255967175045013,2.9637810075893993,1.6781213601842009,0.9917670682730924,1.057263199990932,0.6808311345147492,0.9295180722891566,0.9819277108433735,2.864742668400579,0.9919678714859438,3.7646106743598042,0.9939759036144579,2.349018936618732,0.9919678714859438,2.427029741182711,1.7120399383993268,0.9919678714859438,0.7610081260921598,0.501869586502359,0.9068273092369478,0.9618473895582329,1.2461185885094106,0.9899598393574297,2.91567112920781,0.9919678714859438,1.797889172947506,0.9959839357429718
RIFSPPFAAD60NB,498,2800,1.436452934678304,0.06930323506307827,2.1885687968674934,1.3190313725643201,0.9885542168674699,0.7802726405537127,0.5055110013453396,0.9315261044176707,0.9497991967871486,1.9428177256832655,0.9919678714859438,1.964038060554649,0.9919678714859438,2.706791092005768,0.9859437751004017,1.9528183851948202,1.31514700301765,0.9863453815261044,0.6793821538388963,0.44972017306707873,0.9016064257028112,0.9156626506024096,1.389722048508425,0.9859437751004017,2.0881291668858983,0.9859437751004017,2.5113387479905147,0.9859437751004017
RIFSPPFAAD90NB,498,2800,1.8047967230960043,0.0487978764739964,2.034015655890692,1.1066774358254778,0.9927710843373494,0.6722823792619087,0.3536753399637403,0.9080321285140562,0.9819277108433735,1.3470890326502007,0.9959839357429718,1.8981143563138227,0.9899598393574297,2.9073308550405264,0.9939759036144579,1.835072865389875,1.345236249148003,0.9907630522088353,0.47888879775387627,0.31846926869602465,0.9076305220883534,0.9497991967871486,1.0052672070687463,0.9899598393574297,1.3405682157766603,0.9919678714859438,3.9526270198928497,0.9939759036144579
RIFSPPNA2P2D07NB,498,2800,3.033066835286418,0.027113333846547214,0.7579516738391151,0.4716123485005575,0.9823293172690764,0.35913084065860257,0.18910474167401728,0.8857429718875502,0.9116465863453815,0.6799249119391387,0.9859437751004017,0.8430434815184088,0.9799196787148594,0.5914195774351492,0.9879518072289156,0.5700583608087938,0.40288676633313847,0.9863453815261044,0.2505412151540674,0.1645615924250612,0.9008032128514056,0.9096385542168675,0.5081096094582497,0.9859437751004017,0.6972613252940569,0.9738955823293173,0.48101665122244314,0.9979919678714859
RIFSPPNA2P2D30NB,498,2800,2.7707139076212886,0.0336536663061702,1.4652583537200645,0.7850080026342243,0.9799196787148594,0.5001406326083386,0.2100413411971618,0.8951807228915662,0.9096385542168675,1.7976699253994164,0.9799196787148594,1.962904364331252,0.9759036144578314,1.2926845876219737,0.9819277108433735,1.134436096219576,0.9075776215657864,0.9893574297188755,0.3487917899497656,0.21346573219796494,0.8985943775100401,0.929718875502008,0.8390696813050312,0.9839357429718876,1.2245830237888184,0.9819277108433735,0.9475356541901604,0.9959839357429718
RIFSPPNA2P2D90NB,498,2800,1.2250837695201662,0.06299991548598066,1.672229305276886,1.1643618754075593,0.9869477911646586,0.788817327451632,0.47098780767908194,0.9078313253012048,0.9397590361445783,1.8429026401681707,0.9839357429718876,1.6325341204224115,0.9859437751004017,1.3371521999782374,0.9939759036144579,1.3672046941971063,1.2615295354231897,0.9911646586345382,0.5783027870697569,0.43297668991788524,0.9080321285140562,0.9437751004016064,1.2264948025774776,0.9939759036144579,1.3411615551897231,0.9879518072289156,1.6160745303850572,0.9959839357429718
RIMLPBAARNB,498,2800,3.231394001450435,0.005689564174997059,0.06309659244768205,0.05591462053564069,0.9897590361445783,0.04383101194622264,0.03348445102386166,0.8927710843373494,0.9076305220883534,0.061973089353132185,0.9919678714859438,0.05699843445443215,0.9939759036144579,0.06308930145985264,0.9859437751004017,0.06522787183213373,0.05580851808601616,0.9909638554216867,0.042612603302267744,0.03423707255495224,0.9066265060240963,0.9257028112449799,0.058685725695653994,0.9919678714859438,0.05907177458989091,0.9919678714859438,0.06421796793513188,0.9919678714859438
SAVINGS,123,799,4.156904814078835,0.0020915378645530213,0.03699268454592926,0.030880957047115798,0.991869918699187,0.018797184081750944,0.01331005195035037,0.9308943089430894,0.959349593495935,0.031152225492570167,1.0,0.0435145420711805,0.991869918699187,0.04959668720057973,0.975609756097561,0.03773121916718274,0.023864200447838865,0.9780487804878049,0.019003277888123185,0.01307189646224901,0.9178861788617886,0.8617886178861789,0.028931553875026692,0.967479674796748,0.047541561285519264,0.975609756097561,0.059508064023231444,0.959349593495935
SBCACBW027SBOG,204,1124,4.301357270532284,0.0018215582664947454,0.04771806199947199,0.040199943880082196,0.9897058823529412,0.01700911092477994,0.013614163377730902,0.9274509803921569,0.9362745098039216,0.040174018118495754,0.9852941176470589,0.04639178940657304,0.9852941176470589,0.058840221321368555,0.9901960784313726,0.03099159159010274,0.02403357821606573,0.9921568627450981,0.014993958839245076,0.0118799548315446,0.932843137254902,0.9362745098039216,0.03015829698529401,0.9901960784313726,0.030165870205857582,0.9901960784313726,0.046555566803286146,0.9901960784313726
RRPONTSYD,498,2800,-4.07524959780751,15.682312633018965,452.49232762469506,311.68869945279584,0.9857429718875502,179.26728978714067,93.70104991618247,0.8897590361445783,0.9136546184738956,389.80647825318954,0.9919678714859438,395.84823174918887,0.9839357429718876,472.33967053034826,0.9859437751004017,685.5866920941618,616.552542844569,0.9927710843373494,165.818588129145,110.94176202909378,0.9214859437751004,0.9457831325301205,684.2565603453503,0.9979919678714859,723.8842497539508,0.9939759036144579,517.9830398831543,0.9899598393574297
SOFRINDEX,443,2081,9.066591529546578,3.8106489456502446e-05,0.0006306821521641271,0.0004416181381256432,0.9762979683972912,0.0003922099449376647,0.00022689040832382703,0.8338600451467268,0.8600451467268623,0.0006144715395718628,0.9796839729119639,0.0005165974146092563,0.9841986455981941,0.0006032272058556218,0.9841986455981941,0.0007287528271264112,0.0006719334555831315,0.9945823927765237,0.0003138322034493146,0.0002533950107206802,0.9413092550790068,0.9503386004514672,0.0011685244803446813,0.9887133182844243,0.00047428351069620753,0.9932279909706546,0.0004523447508960902,0.9932279909706546
RRPONTSYSAD,498,2800,-4.052923407636029,15.596992308096915,453.7277998607603,309.9975491029617,0.9851405622489959,178.76898215185028,92.25861027362087,0.8873493975903615,0.9116465863453815,414.33940595089496,0.9879518072289156,410.116075755612,0.9859437751004017,481.40038355883144,0.9859437751004017,768.3830410169338,703.1400159578119,0.9919678714859438,168.02704126630906,115.10954424300618,0.9200803212851406,0.9457831325301205,717.0758453682537,0.9979919678714859,825.1299275374544,0.9959839357429718,479.4952383439435,0.9879518072289156
RRPTSYD,498,2800,-4.0390576403149705,15.525240938957053,451.8368370376604,309.757308640845,0.9855421686746988,177.9216046648963,92.72784586748263,0.8891566265060241,0.9136546184738956,386.4077592632471,0.9919678714859438,398.35277238680874,0.9819277108433735,473.3925990662388,0.9859437751004017,723.9947485697692,659.4252610042414,0.9917670682730924,166.46556475050326,111.03247704360724,0.914859437751004,0.9457831325301205,718.6506438023036,0.9979919678714859,693.5677860811538,0.9919678714859438,506.14863418957526,0.9859437751004017
RRPTTLD,498,2800,-4.039079447896288,15.525348084005671,451.84150842322526,309.75972548081046,0.9855421686746988,177.92296148014955,92.72859334831898,0.8891566265060241,0.9136546184738956,386.4100175441034,0.9919678714859438,398.3695159389048,0.9819277108433735,473.3915789198199,0.9859437751004017,724.0766848948359,659.5025456777423,0.9917670682730924,166.46509748477425,111.02907299458296,0.914859437751004,0.9457831325301205,718.6968806804168,0.9979919678714859,693.6438938064678,0.9919678714859438,506.1756431859106,0.9859437751004017
RRPONTTLD,498,2800,-4.075219857833348,15.682278504572018,452.4893999350239,311.6905607088431,0.9857429718875502,179.26696761362498,93.70041310091872,0.8897590361445783,0.9136546184738956,389.8049470616823,0.9919678714859438,395.85223422289073,0.9839357429718876,472.3424500335427,0.9859437751004017,685.6670710234743,616.6696235762423,0.9927710843373494,165.81452836003783,110.93750502774763,0.9214859437751004,0.9457831325301205,684.0122500890642,0.9979919678714859,723.6942752806226,0.9939759036144579,517.9212274354148,0.9899598393574297
SOFR180DAYAVG,411,1954,4.899426820141807,0.003575823111218933,0.1705782007148698,0.0965367470046193,0.983698296836983,0.05763427279875633,0.02275175627635835,0.8907542579075426,0.9245742092457421,0.14753669472966416,0.9878345498783455,0.16521206029303892,0.9805352798053528,0.20078308655910346,0.9805352798053528,0.2860256323706243,0.2221178230453014,0.9812652068126521,0.040313830103100794,0.024648358182181095,0.9211678832116789,0.9075425790754258,0.2600851676266132,0.9829683698296837,0.2195793703279016,0.9732360097323601,0.20901582514231784,0.9829683698296837
SOFRVOL,443,2079,1.9214683961142272,0.020675098547037946,0.30821763701370397,0.24818478281157558,0.9893905191873589,0.17817316496255817,0.12953621291075004,0.9067720090293454,0.9006772009029346,0.24102238553024907,0.9954853273137697,0.25288325295278996,0.9977426636568849,0.37089627076385107,0.9864559819413092,0.2774715998661286,0.22432971467240764,0.9873589164785553,0.16895396292242754,0.12713195617986406,0.9121896162528217,0.8848758465011287,0.21518287466962072,0.9954853273137697,0.2280346779865021,0.9977426636568849,0.3321953267177506,0.9796839729119639
STLFSI,121,792,1.3423012762632662,0.034494892752277996,1.5790951764963694,1.523149012894625,0.9975206611570248,0.36372733793209994,0.3270054041739385,0.9669421487603306,0.9834710743801653,1.272351312774655,1.0,1.6627505046390922,1.0,1.7386913839808187,0.9917355371900827,0.6277343912348269,0.5339489042435266,0.9925619834710744,0.313502415797589,0.2544595584996953,0.9330578512396694,0.9256198347107438,0.4190834140248712,1.0,0.5382382143917946,0.9917355371900827,0.7523678180290151,1.0
SP500,498,2513,3.1582850008739976,0.006077641691151851,0.15604420399130314,0.09472226296789561,0.9817269076305221,0.06189247827524944,0.0362451683115438,0.8971887550200803,0.8975903614457831,0.13594474793785447,0.9779116465863453,0.16506859418421896,0.9718875502008032,0.11484315506346855,0.9879518072289156,0.1849968411485373,0.16162438478295196,0.9901606425702811,0.054107448667340186,0.0388636494676889,0.9088353413654618,0.9457831325301205,0.15357381318715388,0.9959839357429718,0.2024562097706804,0.9939759036144579,0.13647205668734996,0.9939759036144579
STLFSI2,145,887,0.03972206966719835,0.13582897832005408,5.358347980027973,3.146746280392198,0.9875862068965517,1.451241448987556,0.9301811143690305,0.9220689655172414,0.9655172413793104,4.508294016475712,0.9862068965517241,3.7798865632432124,0.993103448275862,6.242521517667055,0.9862068965517241,4.04556900933537,2.4840175583825967,0.9889655172413793,1.3924067558929603,0.9429420701282459,0.926896551724138,0.9448275862068966,2.4321457951082253,0.993103448275862,2.7826463547593723,0.993103448275862,5.401846994380503,0.9862068965517241
STLFSI3,155,929,-0.20472370190670103,0.16881631619413762,4.805602668928905,3.1494225104629074,0.9870967741935484,1.620365459937815,1.1161228455976857,0.9264516129032258,0.9741935483870968,3.9234106605628503,0.9870967741935484,3.6961894272921647,0.9935483870967742,5.975885925576835,0.9806451612903225,3.5640103280744517,2.3258158127449633,0.9838709677419355,1.5691457815540266,1.1070334429549766,0.9187096774193548,0.9225806451612903,2.843482634791526,0.9935483870967742,2.9009630057502482,0.9935483870967742,4.73769792040414,0.9741935483870968
RVXCLS,498,2800,1.4547659988382535,0.031795704122795046,0.5512111037567801,0.4151472161170734,0.9903614457831326,0.2758987714571477,0.19297985034845255,0.9066265060240963,0.9457831325301205,0.5474680507241587,0.9879518072289156,0.5727514640285106,0.9919678714859438,0.5060655485666358,0.9919678714859438,0.5251755226761945,0.41621467728374717,0.9901606425702811,0.2757578695584225,0.19820249384844252,0.9002008032128515,0.9417670682730924,0.47543336954216814,0.9959839357429718,0.4995185497413646,0.9919678714859438,0.5259544643987637,0.9919678714859438
STLFSI4,204,1124,0.09640627957001079,0.1271747425329441,4.677854608243269,2.9834320526663105,0.9892156862745098,1.316972884524419,0.8387429450541877,0.9156862745098039,0.9705882352941176,4.149802042540894,0.9901960784313726,3.3780841500927026,0.9950980392156863,4.992343223981884,0.9852941176470589,3.696184881609388,2.488080823509564,0.9882352941176471,1.285578580310159,0.849427619158462,0.9196078431372549,0.9362745098039216,2.297481259438168,0.9852941176470589,3.0166729357343534,0.9901960784313726,4.167562646633951,0.9852941176470589
T10Y3M,498,2800,1.9429918353154325,0.03109386437576024,0.534966048169233,0.36592605966080644,0.9849397590361446,0.2576165577642188,0.17599965993538083,0.8859437751004016,0.9176706827309237,0.6440173275290755,0.9819277108433735,0.6432058974498127,0.9799196787148594,0.44661403197219823,0.9819277108433735,0.4208602959950673,0.3514102867259511,0.9913654618473896,0.2495306916646495,0.1842404099120017,0.8937751004016065,0.929718875502008,0.40878893439752156,0.9879518072289156,0.48093448428765156,0.9899598393574297,0.40562156373452635,0.9939759036144579
T10YIE,498,2800,3.2753751937372044,0.008809969308709812,0.31810370700734003,0.15683442052715924,0.9785140562248996,0.091593524235997,0.04883859323365538,0.8963855421686747,0.8755020080321285,0.20318933779556647,0.9859437751004017,0.2312634652137719,0.9799196787148594,0.32068793216614544,0.9718875502008032,0.20983335694876784,0.12028655968743587,0.9885542168674699,0.08235078984404216,0.05862917139691885,0.8985943775100401,0.9196787148594378,0.12614055566132387,0.9919678714859438,0.14699128466376943,0.9859437751004017,0.2456012954309422,0.9839357429718876
T10YFF,498,2800,1.7727285389524727,0.03494746001825562,1.000163834424364,0.5748369678831581,0.9875502008032129,0.3185533488483556,0.18591542790155888,0.8891566265060241,0.9136546184738956,0.9997590689425617,0.9859437751004017,1.0301554429596045,0.9879518072289156,0.908201760997123,0.9839357429718876,0.8012513847399723,0.4760474207243227,0.9883534136546185,0.3170106967943653,0.20254097119505982,0.892570281124498,0.8995983935742972,0.9098227715138251,0.9899598393574297,0.9191788636240075,0.9879518072289156,0.7292573010084674,0.9859437751004017
T5YFF,498,2800,1.8560253820453485,0.035769736228908215,0.9455369252637427,0.5676899299421078,0.9889558232931727,0.34736927910048215,0.19613930685646594,0.8857429718875502,0.9196787148594378,0.9346435980300132,0.9919678714859438,0.9411320281315353,0.9919678714859438,0.8838630543453971,0.9839357429718876,0.8054384972371943,0.5020271718602838,0.98714859437751,0.32972724833694467,0.21229501607750853,0.8949799196787148,0.8855421686746988,0.9157272291467327,0.9899598393574297,0.9029129985833796,0.9879518072289156,0.7436784114839914,0.9819277108433735
TASACBW027SBOG,204,1124,4.111017023058475,0.002206379587778663,0.058387902169206786,0.052004761695828856,0.9931372549019608,0.020735100484785697,0.017162097084046275,0.9450980392156862,0.946078431372549,0.05335821592025766,0.9950980392156863,0.05618057250415953,0.9901960784313726,0.06628749148234434,0.9901960784313726,0.03680985329032668,0.029481219160691977,0.990686274509804,0.018506018188832612,0.014724546286386924,0.9343137254901961,0.9215686274509803,0.03647305733316048,0.9901960784313726,0.03446568996679523,0.9852941176470589,0.05087116299730744,0.9901960784313726
TGCRVOLUME,443,2080,2.6695338415801757,0.009571942074476179,0.16034923455238023,0.14325185578600616,0.9945823927765237,0.08046068065520007,0.057234850252626146,0.9158013544018059,0.9593679458239278,0.14209990663276484,1.0,0.14431244004006308,0.9977426636568849,0.15551090232045106,0.9954853273137697,0.15535482882768892,0.12504197026526953,0.9900677200902934,0.08258393024825793,0.06066246002879426,0.9214446952595937,0.9322799097065463,0.1345265136396786,0.9954853273137697,0.13527245523098277,0.9954853273137697,0.14310058688174762,0.9864559819413092
T5YIFR,498,2800,3.1059493270578913,0.009146722770947477,0.21542442386326288,0.12856013647090794,0.9913654618473896,0.08261126796447439,0.054567449156571954,0.9172690763052209,0.9357429718875502,0.21098416856828434,0.9919678714859438,0.13131698292759214,0.9979919678714859,0.19029273258651414,0.9899598393574297,0.18188727425199855,0.11458969012988598,0.9889558232931727,0.08050936003932214,0.0583182469737754,0.9120481927710843,0.9076305220883534,0.12362939864170625,0.9879518072289156,0.12897574584859625,0.9959839357429718,0.16887095284273868,0.9919678714859438
THREEFF10,498,2800,3.0537983462544878,0.006787517219339015,0.12917384793197942,0.08379568087980328,0.9853413654618474,0.060283856671909844,0.040229159322360146,0.9006024096385542,0.9216867469879518,0.12420906176745523,0.9899598393574297,0.11222284090278398,0.9859437751004017,0.13819284776448731,0.9859437751004017,0.09837289411224688,0.07738669979976268,0.9903614457831326,0.054830935315929315,0.04043898751902198,0.8991967871485944,0.9357429718875502,0.09489743567430577,0.9939759036144579,0.0870337663686806,0.9919678714859438,0.1179094342823894,0.9879518072289156
THREEFF1,498,2800,1.8553360811766075,0.02345618287889252,0.46347865988184,0.29988664102118306,0.9839357429718876,0.22798044295523598,0.13386547150122907,0.8718875502008032,0.9056224899598394,0.44747673160797286,0.9899598393574297,0.5045093772301775,0.9859437751004017,0.43208796236904307,0.9839357429718876,0.39677740754775465,0.2715090568295106,0.9845381526104418,0.19874780255387794,0.14243973654730294,0.9010040160642571,0.8855421686746988,0.3795551698199574,0.9919678714859438,0.4288096620616455,0.9899598393574297,0.3653309295769298,0.9879518072289156
THREEFF2,498,2800,2.28487472516291,0.017076439846186425,0.43421751792906804,0.24467380808888511,0.9833333333333333,0.18687550393461644,0.10207257686114353,0.8949799196787148,0.9056224899598394,0.48807018044925954,0.9839357429718876,0.44878996826012957,0.9859437751004017,0.4994801632682685,0.9759036144578314,0.34291597962225795,0.21210684745410144,0.9847389558232932,0.15016784936438268,0.10519751879718364,0.9016064257028112,0.9076305220883534,0.3734065026740637,0.9939759036144579,0.4011250009933108,0.9879518072289156,0.4084086577567508,0.9839357429718876
THREEFF3,498,2800,2.3198957140196548,0.016124519881087866,0.41232151834420927,0.22615993298709433,0.9847389558232932,0.17691235035046754,0.09666046590957746,0.8979919678714859,0.929718875502008,0.44259191224936373,0.9859437751004017,0.4242705226996338,0.9819277108433735,0.4244895264912345,0.9799196787148594,0.3187452955120812,0.20621542692887343,0.9877510040160643,0.14037286414676536,0.09868926805426934,0.8987951807228916,0.929718875502008,0.34245672714407727,0.9939759036144579,0.37060517555898714,0.9879518072289156,0.3706320583595886,0.9899598393574297
THREEFF5,498,2800,2.5448205159085937,0.012111869433180877,0.3041166222596849,0.17371144486355372,0.9851405622489959,0.12007087895898136,0.07135066483502447,0.9,0.9357429718875502,0.29025708596311106,0.9899598393574297,0.2928223545750382,0.9839357429718876,0.32551540949392677,0.9859437751004017,0.20741283943808467,0.14749046141622246,0.9915662650602409,0.10235614636551965,0.07365419391929294,0.9014056224899598,0.9497991967871486,0.21756342044130994,0.9959839357429718,0.21216140533323,0.9939759036144579,0.25398394545994124,0.9899598393574297
THREEFF7,498,2800,2.7771341838621373,0.009230208094536793,0.20372515508735445,0.12240755303775566,0.9853413654618474,0.08596039207978916,0.05436690888185733,0.9014056224899598,0.9357429718875502,0.19828169652131997,0.9899598393574297,0.18586419344873126,0.9859437751004017,0.21607790977356217,0.9859437751004017,0.14316828517863195,0.10740917928828785,0.989558232931727,0.07607254378503898,0.055628160543668564,0.9012048192771084,0.9357429718875502,0.14267366948604884,0.9939759036144579,0.1324850041390859,0.9919678714859438,0.17564386726299341,0.9879518072289156
THREEFFTP1,498,2800,2.825847300594281,0.008536552065189112,0.13932418230405086,0.09859599506413987,0.9823293172690764,0.07656992005324287,0.048563048642844144,0.8765060240963856,0.8875502008032129,0.1358514536032065,0.9839357429718876,0.14989676660873041,0.9799196787148594,0.13726198917354301,0.9779116465863453,0.12136494821557743,0.0962999736233088,0.9857429718875502,0.06934420931961863,0.051270415596000214,0.9008032128514056,0.893574297188755,0.10833146541192636,0.9919678714859438,0.12330958855098577,0.9859437751004017,0.13482018800037776,0.9839357429718876
THREEFFTP10,498,2800,2.1955201853725064,0.015485885891745328,0.22182019558055163,0.16130750365918328,0.9859437751004017,0.12644352000016978,0.08858242610996701,0.8795180722891566,0.9176706827309237,0.20976780163840142,0.9879518072289156,0.1911744237576205,0.9859437751004017,0.24226765835597647,0.9819277108433735,0.19997587927063168,0.1707057217235581,0.9899598393574297,0.1216225902049395,0.09146308886005522,0.8921686746987951,0.927710843373494,0.17652549474618218,0.9959839357429718,0.17833422116302872,0.9919678714859438,0.22183786496272748,0.9899598393574297
THREEFFTP5,498,2800,2.3421793511327262,0.013533840746326187,0.20640781344021242,0.14989028365538026,0.9847389558232932,0.11446447329087023,0.07696787281287627,0.8791164658634538,0.9116465863453815,0.1944392935528385,0.9879518072289156,0.19587825795481245,0.9779116465863453,0.22233462124182998,0.9799196787148594,0.18204044292074212,0.15376912351325372,0.9905622489959839,0.10730947748844955,0.08014260191525112,0.8957831325301204,0.9337349397590361,0.16780813427340038,0.9979919678714859,0.16684042236188715,0.9919678714859438,0.20459688839320297,0.9879518072289156
THREEFY1,498,2800,2.2986712391412727,0.015429065869216503,0.3697170055596355,0.22517690176627655,0.9829317269076305,0.15981178891023137,0.08824809433918358,0.8730923694779117,0.9036144578313253,0.3506123964855399,0.9899598393574297,0.4108943010898922,0.9839357429718876,0.33564607976244043,0.9859437751004017,0.3056476082685545,0.19583894173897248,0.9843373493975903,0.13763710600808987,0.09641183372607208,0.9074297188755021,0.8955823293172691,0.2907838347764643,0.9919678714859438,0.32383552572213525,0.9879518072289156,0.29998064438223515,0.9879518072289156
THREEFY10,498,2800,2.70776887922709,0.0100003208903538,0.23090602310033165,0.13652747339636273,0.9855421686746988,0.09587231609151706,0.05827343654548169,0.9026104417670683,0.9357429718875502,0.2185560357458816,0.9919678714859438,0.222235465076397,0.9819277108433735,0.24692095079902895,0.9839357429718876,0.17139805358040636,0.1211220814691185,0.9889558232931727,0.08432346139781187,0.06064332667364582,0.9022088353413654,0.927710843373494,0.17647751361866817,0.9959839357429718,0.1729607579217815,0.9899598393574297,0.20476497531148546,0.9899598393574297
THREEFY2,498,2800,2.5299052711452674,0.014878766712362781,0.3956820335154394,0.21274383561202675,0.9825301204819277,0.16758065500235125,0.09150078081510826,0.8881526104417671,0.9076305220883534,0.41188246214803514,0.9879518072289156,0.36533751802601394,0.9839357429718876,0.4700457931773391,0.9819277108433735,0.32853919404554327,0.18393257683621872,0.983132530120482,0.13173182216962867,0.09224467376376687,0.9024096385542169,0.893574297188755,0.32963913430981695,0.9919678714859438,0.319140500752689,0.9879518072289156,0.4168600950777269,0.9799196787148594
THREEFY3,498,2800,2.4656797911561696,0.014798550805065147,0.3862391621487748,0.2146629363611657,0.984136546184739,0.16229956818318525,0.08800511811400183,0.8971887550200803,0.9176706827309237,0.41514423816238666,0.9899598393574297,0.3719040590762797,0.9859437751004017,0.431326522451667,0.9779116465863453,0.31304999382941195,0.18359088998200765,0.9843373493975903,0.13142389438354102,0.0920829465314981,0.9036144578313253,0.9056224899598394,0.3323685796689095,0.9919678714859438,0.33299234744208456,0.9899598393574297,0.3742056873546614,0.9859437751004017
THREEFY4,498,2800,2.4566928778685653,0.014452487907170637,0.37108337130145524,0.20764427633217458,0.9857429718875502,0.1583297214598201,0.08613706456682088,0.8993975903614457,0.929718875502008,0.3951432920214932,0.9899598393574297,0.3687149359578923,0.9859437751004017,0.3913959592744675,0.9779116465863453,0.29879307002026284,0.18340590681480776,0.9853413654618474,0.12728074936305486,0.08956142272350108,0.9022088353413654,0.9176706827309237,0.3238125855019665,0.9939759036144579,0.3305550100450942,0.9879518072289156,0.3494205273828595,0.9879518072289156
THREEFY5,498,2800,2.4789125471543394,0.01376219650668832,0.35280185579688134,0.1953829338632608,0.986144578313253,0.14796327957377364,0.08151236532643169,0.9,0.9337349397590361,0.36646324908456396,0.9919678714859438,0.34389010192026237,0.9859437751004017,0.35947870203361426,0.9859437751004017,0.2766570204695641,0.17410980973195564,0.9867469879518073,0.12013115763535562,0.08461668547677599,0.9010040160642571,0.9176706827309237,0.2982732397961495,0.9939759036144579,0.30627084465793336,0.9879518072289156,0.3230779129464703,0.9899598393574297
THREEFY6,498,2800,2.515804662655753,0.01293141435005044,0.3309795240680995,0.1829588892077707,0.9859437751004017,0.13521759277540937,0.07594992922779534,0.9024096385542169,0.9337349397590361,0.333434900756018,0.9899598393574297,0.32091930660898643,0.9859437751004017,0.33602347053332315,0.9839357429718876,0.25381969157892564,0.16463519323856754,0.9877510040160643,0.11208050179625548,0.07909706144831616,0.9008032128514056,0.927710843373494,0.2700095548656317,0.9919678714859438,0.2805950758049532,0.9899598393574297,0.2965072697687556,0.9899598393574297
THREEFY7,498,2800,2.5604706114608335,0.012098443615341282,0.3043899159120106,0.1702207196875397,0.986144578313253,0.12313926177199064,0.07074540214819017,0.9044176706827309,0.9397590361445783,0.29804592965125837,0.9899598393574297,0.29160554036582403,0.9819277108433735,0.31349239438659326,0.9839357429718876,0.2294618277548955,0.1509355592015425,0.9867469879518073,0.10412420854025316,0.07401276809024675,0.9012048192771084,0.9196787148594378,0.24132891757465919,0.9919678714859438,0.24762725937946675,0.9879518072289156,0.2671917879439988,0.9839357429718876
THREEFY8,498,2800,2.6099878803340584,0.011321705625921401,0.27844532094378677,0.15812663440949762,0.986144578313253,0.11247623196084329,0.06604128049734563,0.9028112449799197,0.9397590361445783,0.2653488641774091,0.9919678714859438,0.2669144851007532,0.9819277108433735,0.2895428353347583,0.9859437751004017,0.2070973620753642,0.13958149323463973,0.9875502008032129,0.09672688373373275,0.06912537463531407,0.9014056224899598,0.9196787148594378,0.21742147526480213,0.9959839357429718,0.2194482138352608,0.9879518072289156,0.23990100737090056,0.9879518072289156
THREEFY9,498,2800,2.6599334854634344,0.010621238724409529,0.25355197080058517,0.14673574910591494,0.9855421686746988,0.10358719727479833,0.06193774077145378,0.9032128514056225,0.9377510040160643,0.2401373886266012,0.9919678714859438,0.2439335102176602,0.9819277108433735,0.2679363176323831,0.9839357429718876,0.18713877951027574,0.12955851856001743,0.9897590361445783,0.0901217324752557,0.0646035013190658,0.9018072289156627,0.9317269076305221,0.19604849976243494,0.9959839357429718,0.19380825818843034,0.9899598393574297,0.2190288221638376,0.9919678714859438
THREEFYTP1,498,2800,3.3783440609716457,0.004911020607171201,0.08001001962655938,0.05664530910627396,0.9821285140562249,0.043944888904250794,0.027932443075208264,0.8783132530120482,0.8875502008032129,0.07792254033240067,0.9839357429718876,0.08566632741810033,0.9779116465863453,0.07873233278843775,0.9779116465863453,0.0697332562681343,0.055449804159991664,0.9859437751004017,0.03988682802758886,0.029454403852024018,0.8993975903614457,0.891566265060241,0.06231463853390597,0.9939759036144579,0.07038888678753415,0.9839357429718876,0.07780860085346433,0.9839357429718876
THREEFYTP10,498,2800,2.417566277756247,0.012535181642925539,0.19096246827820293,0.1386730306786891,0.9845381526104418,0.1057402553345498,0.07121406858192356,0.8777108433734939,0.9096385542168675,0.17910882893817984,0.9879518072289156,0.18010408344509912,0.9779116465863453,0.20608864565494192,0.9799196787148594,0.16851831227883515,0.14260452319688824,0.9901606425702811,0.09937530534102572,0.0741981585186286,0.8969879518072289,0.929718875502008,0.15490909444564335,0.9979919678714859,0.15332713525784353,0.9919678714859438,0.18956161136361893,0.9879518072289156
THREEFYTP2,498,2800,2.931194356897047,0.007670657291048212,0.12503327709379863,0.08850064108563888,0.9819277108433735,0.06873705101464789,0.04364050485410145,0.876706827309237,0.8855421686746988,0.12196352652780945,0.9839357429718876,0.1339596742754387,0.9779116465863453,0.12337759347211523,0.9779116465863453,0.10901039459957938,0.08689460530766782,0.9859437751004017,0.06230793207507468,0.04604489926263006,0.9006024096385542,0.893574297188755,0.09719341443204822,0.9939759036144579,0.11124725074920634,0.9859437751004017,0.12165484336926374,0.9839357429718876
TLAACBW027NBOG,204,1124,3.9753958871993627,0.0025438022706668426,0.048827142784122715,0.04005727897519167,0.9931372549019608,0.021516497222362336,0.015154859887971155,0.921078431372549,0.946078431372549,0.06008114054779956,0.9852941176470589,0.06433936474316511,0.9852941176470589,0.03991762860349167,1.0,0.04753837785461487,0.03553889485450778,0.986764705882353,0.021726743178707257,0.016317088992468046,0.9352941176470588,0.9019607843137255,0.04961265517826927,0.9803921568627451,0.06587128559680197,0.9754901960784313,0.0409229144358811,0.9950980392156863
TLAACBW027SBOG,204,1124,4.294154317461685,0.0018783506208759858,0.04823893101447638,0.03599490531362739,0.990686274509804,0.017743071777474924,0.012225787229992648,0.9313725490196079,0.9558823529411765,0.05293311220996881,0.9901960784313726,0.0599083427002901,0.9901960784313726,0.04036836441252689,0.9901960784313726,0.04003647157016844,0.030415332304115274,0.9911764705882353,0.017334720188740455,0.012874686594266011,0.942156862745098,0.946078431372549,0.026609525700663637,0.9901960784313726,0.051190069424293966,0.9901960784313726,0.031923522376641936,1.0
THREEFYTP3,498,2800,2.7440278719485662,0.009250286939220026,0.15018091889567806,0.10643827192893869,0.9819277108433735,0.08255739955827779,0.0525912064595563,0.8783132530120482,0.8855421686746988,0.14610082303064975,0.9839357429718876,0.15962796286399084,0.9779116465863453,0.1487360699247074,0.9779116465863453,0.13104814788321836,0.10446505340215503,0.9865461847389558,0.0749755366792023,0.055445900843937586,0.8997991967871486,0.891566265060241,0.11763905950050282,0.9939759036144579,0.13212977413369817,0.9859437751004017,0.14587949344105558,0.9859437751004017
TLALCBW027SBOG,204,1124,4.124307187473999,0.0021523781035497915,0.05029037113511888,0.03822781241950265,0.9916666666666667,0.01820020439732051,0.013484441558905937,0.9299019607843138,0.946078431372549,0.052056240924147054,0.9950980392156863,0.05841815277713031,0.9901960784313726,0.042396670674790256,0.9901960784313726,0.040895723642030195,0.0313603177570045,0.990686274509804,0.018405600220446343,0.013956661956492401,0.9264705882352942,0.9215686274509803,0.035210191434462405,0.9803921568627451,0.05301521907969414,0.9852941176470589,0.03710203653886915,0.9950980392156863
TLBACBW027NBOG,204,1124,3.8612620457772264,0.002860271122527486,0.0549515326674601,0.04336828000816211,0.9926470588235294,0.02420090508629796,0.017132921492302045,0.9259803921568628,0.9558823529411765,0.0619004792340489,0.9852941176470589,0.06985066743518098,0.9901960784313726,0.048725207059036976,0.9950980392156863,0.05205998802905351,0.04034995869215041,0.9872549019607844,0.02479379668025161,0.018856998219165456,0.9401960784313725,0.9068627450980392,0.05191681739464956,0.9803921568627451,0.07081369223159453,0.9754901960784313,0.0438916037137074,0.9950980392156863
TLBACBW027SBOG,204,1124,4.204891346678991,0.0020642824312338587,0.055276806840920734,0.04066106856764321,0.990686274509804,0.019745097952761016,0.012715319267740473,0.928921568627451,0.9558823529411765,0.05727968121524712,0.9901960784313726,0.0671276112737961,0.9901960784313726,0.052804713184410275,0.9901960784313726,0.04830374482172217,0.03643287184688125,0.9911764705882353,0.01982446742691789,0.014587905283460014,0.9416666666666667,0.9558823529411765,0.030636467701618056,0.9950980392156863,0.06274154026981565,0.9901960784313726,0.044951927467779686,0.9950980392156863
THREEFYTP5,498,2800,2.578802672503055,0.010820600178082406,0.17269392803777614,0.12337331099672072,0.9821285140562249,0.0950672348967668,0.06145938732991275,0.8777108433734939,0.8895582329317269,0.16612236135398264,0.9839357429718876,0.1789013192534517,0.9759036144578314,0.1770930378430587,0.9799196787148594,0.15123817063642708,0.1238279025280346,0.9883534136546185,0.08711060219840204,0.064341875284171,0.8963855421686747,0.9056224899598394,0.1373974270034146,0.9979919678714859,0.1491094975241317,0.9839357429718876,0.1689466308171377,0.9859437751004017
TMBACBW027NBOG,145,890,3.8802963073938552,0.0028055015043320156,0.049146007661164844,0.043827677775158336,0.9951724137931034,0.02482203182075161,0.018720574056912825,0.9220689655172414,0.9517241379310345,0.044078324233461856,1.0,0.043674251710232294,1.0,0.04179471263409108,1.0,0.04702806502954791,0.0349533330669234,0.9848275862068966,0.023731568867856573,0.01785629682527388,0.9186206896551724,0.8758620689655172,0.043192705236852084,0.9793103448275862,0.04989349921646203,0.9793103448275862,0.04702722589783789,0.9862068965517241
TMBACBW027SBOG,145,890,4.135654560245303,0.002142226761345572,0.045149845618617075,0.03831729929797919,0.9924137931034482,0.01981732068645223,0.014675523185305699,0.9241379310344827,0.9310344827586207,0.04035168745151779,0.993103448275862,0.039933656138395154,0.993103448275862,0.037348040971281186,0.993103448275862,0.04153397788926666,0.027663047477517678,0.9862068965517241,0.019230717024265077,0.013660778411206284,0.9110344827586206,0.8896551724137931,0.03361916283168007,0.993103448275862,0.040026135596310276,0.993103448275862,0.039894890096408425,0.9862068965517241
TNMACBW027SBOG,145,890,3.474603235191744,0.0042152862575430715,0.09068510053223318,0.06155246849543964,0.9848275862068966,0.0392998135365591,0.028138532149280873,0.9275862068965517,0.9379310344827586,0.06404607035673658,0.993103448275862,0.06850308980424293,0.993103448275862,0.0784359377711339,0.9793103448275862,0.07266023690539761,0.051076091467418226,0.9862068965517241,0.03793419353576142,0.02780344803917459,0.9158620689655173,0.9103448275862069,0.047937067741545755,0.9862068965517241,0.05203225451501922,1.0,0.07036953714539308,0.9793103448275862
TOTBKCR,204,1124,5.0629319640481025,0.0008589908641444423,0.02849049736111624,0.020364717051193564,0.9882352941176471,0.008481304843370152,0.006220277802709923,0.9362745098039216,0.9509803921568627,0.02906076580705982,0.9901960784313726,0.03662813468927158,0.9852941176470589,0.023153282011515338,0.9852941176470589,0.023601885290636646,0.016084123943925537,0.9931372549019608,0.009099201468981697,0.007057079054119472,0.9215686274509803,0.9558823529411765,0.015001309248388025,0.9901960784313726,0.033608705923680676,0.9901960784313726,0.02510526040845207,0.9950980392156863
TOTBKCRNSA,204,1124,4.633994090566246,0.0013050361999863772,0.0278280049311471,0.021818188894725237,0.9950980392156863,0.010254341219266572,0.00829376544720942,0.9387254901960784,0.9705882352941176,0.03087844761721349,0.9901960784313726,0.036800490605216306,0.9901960784313726,0.02136124494594493,0.9950980392156863,0.02568499861635042,0.02050432736741629,0.9921568627450981,0.01158853861433749,0.009649316427944764,0.9269607843137255,0.9558823529411765,0.01796917447586112,0.9950980392156863,0.035663019466947776,0.9901960784313726,0.025406082717979332,0.9950980392156863
TOTCI,204,1124,4.2048047617403945,0.002200148867903824,0.09587460297012014,0.03773532222148273,0.9808823529411764,0.024846817933542324,0.011904844578416255,0.9117647058823529,0.9215686274509803,0.08830781462956869,0.9803921568627451,0.13238409548732358,0.9754901960784313,0.09678499988148229,0.9705882352941176,0.08185646133092418,0.03240713060279484,0.9852941176470589,0.0227325607175061,0.014581339155994796,0.9308823529411765,0.8921568627450981,0.05205523303414598,0.9803921568627451,0.09297436112439797,0.9852941176470589,0.09746988338341922,0.9754901960784313
TOTRA,96,692,4.014640185905402,0.0026591078002337065,0.20505288739358166,0.20505288739358166,1.0,0.043614536531566266,0.04342809871938537,0.996875,1.0,0.17081095375138589,1.0,0.19654069083527734,1.0,0.2080624147969389,1.0,0.07722464366966748,0.07323918688863902,0.9947916666666666,0.03419169663826165,0.03210855191681182,0.965625,0.9479166666666666,0.06929540965499249,0.9479166666666666,0.06904142696898258,1.0,0.13000130080666697,1.0
TOTCINSA,204,1124,3.8501384649571437,0.002996643193753178,0.09397147534997329,0.04311641994454368,0.984313725490196,0.02942053697628658,0.017174943720226373,0.9053921568627451,0.9215686274509803,0.0839142137347818,0.9901960784313726,0.1311566975367276,0.9754901960784313,0.09322733823364895,0.9803921568627451,0.08416993252955196,0.04271576636892409,0.9892156862745098,0.028432053283287493,0.019802005915433567,0.9264705882352942,0.9166666666666666,0.04664369366387579,0.9852941176470589,0.0942878410331122,0.9950980392156863,0.1013603155492577,0.9803921568627451
TOTLL,204,1124,5.039031699016368,0.0009260981511019919,0.035372072211333934,0.02274570013119739,0.9877450980392157,0.009534821620419076,0.006446878937115756,0.9406862745098039,0.9705882352941176,0.031408975363194015,0.9852941176470589,0.0453531774889756,0.9852941176470589,0.03140362903800965,0.9852941176470589,0.02645482182232764,0.020343512674448023,0.9936274509803922,0.010726397026660535,0.008768001931388533,0.9357843137254902,0.9509803921568627,0.013910198268603118,0.9901960784313726,0.03778039765015527,0.9901960784313726,0.026520631323722205,1.0
TOTLLNSA,204,1124,4.4968572439886465,0.0014994970115026513,0.03196271972347064,0.023498874458705667,0.9931372549019608,0.01168449059827233,0.009113255660171043,0.9294117647058824,0.9705882352941176,0.034026563239347746,0.9901960784313726,0.0405527734971589,0.9852941176470589,0.025552006151095742,0.9950980392156863,0.03012109056313582,0.024506972447203644,0.9936274509803922,0.01374244913170022,0.011644619293619249,0.9382352941176471,0.946078431372549,0.019216620010777667,0.9950980392156863,0.03931182571846616,0.9901960784313726,0.029651950057471982,1.0
TREAS10Y,204,1125,4.227720688057148,0.002854980350136311,0.1403704456238863,0.10512622157183896,0.9946078431372549,0.04029791364199759,0.027288275308529106,0.9372549019607843,0.9803921568627451,0.14727434300143197,0.9901960784313726,0.15128631936328313,0.9950980392156863,0.15562596643108584,0.9950980392156863,0.22186847608879387,0.20748489211384594,0.9941176470588236,0.037986446218960704,0.02183557087759465,0.9102941176470588,0.9411764705882353,0.2428205159189556,0.9803921568627451,0.1996620806628867,1.0,0.16006250928969748,0.9950980392156863
TREAS1590,204,1125,0.9971658102323524,0.16629452465070682,13.037673518334817,6.646216391076344,0.9759803921568627,2.5512129400797323,0.8149229992458363,0.8911764705882353,0.8284313725490197,13.32584202224727,0.9607843137254902,11.996738282563252,0.9705882352941176,12.927757103341182,0.9803921568627451,17.5546183085142,14.241472714716291,0.9848039215686275,2.5335553088721423,1.3335044464734398,0.9318627450980392,0.8872549019607843,16.580201301484788,0.9754901960784313,14.84510507076177,0.9754901960784313,17.070878223682925,0.9901960784313726
TREAS1T5,204,1125,3.229955312944118,0.006157233567908704,0.18398808098759833,0.11010910592119819,0.9921568627450981,0.06626976353510633,0.04519270936830565,0.9313725490196079,0.9607843137254902,0.1958539597772635,0.9852941176470589,0.21116077745437561,0.9852941176470589,0.22192221004073964,0.9950980392156863,0.24105336212730033,0.2299703796827957,0.9955882352941177,0.0651430352453654,0.041794480320487555,0.9073529411764706,0.9607843137254902,0.21199716906457478,1.0,0.24205835177113805,0.9901960784313726,0.24693782534942793,1.0
TREAS5T10,204,1125,2.8688087954798474,0.008883357978449599,0.31136337105519185,0.21150428323124634,0.9872549019607844,0.10561414483183112,0.04939697474048657,0.9122549019607843,0.8970588235294118,0.4068482409040485,0.9852941176470589,0.3920611376512224,0.9852941176470589,0.30894713741724933,0.9852941176470589,0.7758884903852953,0.754264600503458,0.9921568627450981,0.10879865716533392,0.05587247090415556,0.9093137254901961,0.9264705882352942,0.8049721172282602,0.9901960784313726,0.6785687005353609,0.9950980392156863,0.4692968565629916,0.9950980392156863
TREAS911Y,204,1125,2.498165953579243,0.05455961922854886,5.556391371185358,2.057992602444445,0.9691176470588235,1.1132083338431065,0.26157725698660367,0.8955882352941177,0.8725490196078431,5.257774797387448,0.9803921568627451,6.360300399013376,0.9803921568627451,4.447974719205083,0.9558823529411765,2.923929826688463,2.337252520064516,0.9857843137254902,0.8848660174905476,0.6046110931301578,0.9200980392156862,0.9117647058823529,4.9335762916756645,0.9803921568627451,2.600477580162889,0.9852941176470589,3.3137335795504814,0.9803921568627451
TREAST,204,1125,4.711566916932807,0.0022847500554034456,0.1575343720912164,0.08135604682800081,0.9916666666666667,0.033982040209257824,0.018079689792486003,0.921078431372549,0.9754901960784313,0.14805058716741087,0.9901960784313726,0.1834268967667113,0.9950980392156863,0.16696574128631134,0.9950980392156863,0.22632369825326942,0.21281108585977485,0.9911764705882353,0.029393273453498906,0.017779708282634952,0.9245098039215687,0.9558823529411765,0.2229541527498963,0.9754901960784313,0.22232015596911417,0.9901960784313726,0.24571293423584664,0.9950980392156863
TXICLAIMS,204,1125,0.20319553295170187,0.11220295232225411,2.1682283136729126,1.4181905689930443,0.9892156862745098,1.1548365295550256,0.6201801605445673,0.8799019607843137,0.9019607843137255,3.2052722065657373,0.9901960784313726,2.950437038158524,0.9901960784313726,1.5610317263947142,0.9803921568627451,4.1031283871892095,3.4875447460833953,0.9818627450980392,1.2281475810616957,0.7031279374453743,0.8916666666666667,0.8921568627450981,5.420294417642878,0.9852941176470589,3.1602968208068734,0.9803921568627451,2.780999923039741,0.9803921568627451
VAICLAIMS,204,1125,0.054209926712471004,0.13510427321332344,3.813647626008273,1.7778348469408234,0.9862745098039216,1.326899707621983,0.7046805278027164,0.8779411764705882,0.9313725490196079,4.545830058817526,0.9901960784313726,4.267281404378244,0.9901960784313726,2.598248506521257,0.9852941176470589,3.290492957496956,1.9245350913464077,0.9833333333333333,1.3210468529699007,0.901504027378707,0.9112745098039216,0.8823529411764706,3.888441107404018,0.9803921568627451,4.1807356596440375,0.9852941176470589,2.4514343656890647,0.9901960784313726
USEPUINDXD,498,2800,-0.8274977185069025,0.3119169184946235,4.723802203920456,3.301722849139583,0.9843373493975903,2.52265609162507,1.7844671044800817,0.8855421686746988,0.8835341365461847,4.797207409530041,0.9779116465863453,4.955637754177727,0.9779116465863453,4.2343530857324225,0.9859437751004017,4.341246354509993,3.6770128741605497,0.9941767068273092,2.47776979753492,1.8955794409218631,0.9068273092369478,0.9518072289156626,3.8256421078918947,0.9879518072289156,4.463583353808216,0.9899598393574297,3.681308912536311,0.9939759036144579
VIXCLS,498,2800,1.1943003250896869,0.041549699923212446,0.7988880290549031,0.5523979073747003,0.9879518072289156,0.37162159701673775,0.24520172463723394,0.8997991967871486,0.927710843373494,0.8028873606589528,0.9859437751004017,0.7783918502587239,0.9819277108433735,0.8487482813833401,0.9899598393574297,0.7286908193316308,0.5958305768855553,0.9917670682730924,0.3689874375053045,0.2504873538803089,0.8997991967871486,0.9417670682730924,0.6535685562939042,0.9939759036144579,0.7285855435633584,0.9879518072289156,0.7730874996592532,0.9919678714859438
VXAPLCLS,498,2800,1.3556798265912184,0.03537751221099315,0.6334472085324768,0.5162506345200684,0.9887550200803212,0.32326700077948606,0.20800298193641054,0.9058232931726907,0.9056224899598394,0.6491408188680918,0.9839357429718876,0.6638870327351878,0.9839357429718876,0.6180468124179068,0.9899598393574297,0.9789212548905811,0.8512326708183425,0.9891566265060241,0.32304022063753857,0.22155149492699583,0.914859437751004,0.9096385542168675,1.0609555748803647,0.9919678714859438,0.9666135106439229,0.9879518072289156,0.8418213319510398,0.9879518072289156
VXAZNCLS,498,2800,1.4190798643421074,0.03333842305519543,0.6936310955618404,0.5651862073815781,0.9913654618473896,0.31992905605387534,0.20728979469627334,0.9086345381526104,0.9196787148594378,0.638624610616974,0.9899598393574297,0.6348870764106733,0.9919678714859438,0.6277802012607697,0.9939759036144579,1.8126893706817542,1.7254801859476514,0.9937751004016064,0.32300802849414356,0.2082807083017538,0.91285140562249,0.9377510040160643,1.934350898023353,0.9959839357429718,1.7612610703196907,0.9939759036144579,1.194792126945463,0.9919678714859438
VXDCLS,498,2800,1.0912434947284515,0.04825885794794355,1.373946709400307,0.78007417694519,0.9865461847389558,0.4915565645182121,0.27146124322701076,0.8985943775100401,0.9196787148594378,1.3902400095130585,0.9859437751004017,1.5505582254389334,0.9899598393574297,1.5618805727674423,0.9879518072289156,2.427879721086257,1.9763164289523274,0.992570281124498,0.5001263626011555,0.3092991513223597,0.9026104417670683,0.9477911646586346,2.0663193516979605,0.9959839357429718,2.2976269050738924,0.9919678714859438,2.4549665270911314,0.9919678714859438
VXEEMCLS,498,2800,1.16511463013057,0.04388633984067081,1.094332796973756,0.7231709693169505,0.9855421686746988,0.42717826383494445,0.24487297261137567,0.8977911646586345,0.9116465863453815,1.0990923136292712,0.9839357429718876,0.8462551141423585,0.9859437751004017,0.9937843185579549,0.9839357429718876,1.1423317337225916,0.8484380565455564,0.9875502008032129,0.4153255837075561,0.2723571488664311,0.9062248995983936,0.9236947791164659,0.7574314924921267,0.9959839357429718,0.8385112126652313,0.9879518072289156,0.9379703167619042,0.9919678714859438
VXEWZCLS,498,2800,1.602458916837157,0.02809107846254416,0.5741337819613248,0.4291327511600189,0.9865461847389558,0.26837075072141436,0.16520749848377647,0.9022088353413654,0.9236947791164659,0.5144915694453864,0.9879518072289156,0.5475333135789536,0.9899598393574297,0.5621388160554396,0.9859437751004017,0.5561888263511457,0.41999937418434546,0.9867469879518073,0.2633088453895044,0.17767662469685536,0.9102409638554216,0.9036144578313253,0.49604167737316074,0.9879518072289156,0.5173790246499462,0.9899598393574297,0.5755185831560377,0.9899598393574297
VXFXICLS,498,2747,1.4791177485635585,0.032444988330902105,0.7143216416567783,0.3967284822499438,0.9805220883534137,0.315135345159015,0.1745271152869007,0.8899598393574297,0.8694779116465864,0.5767257867323594,0.9779116465863453,0.5816035701945818,0.9839357429718876,0.9254692181642069,0.9759036144578314,0.6820583409345367,0.41503922140235183,0.9839357429718876,0.3018681913895092,0.1939089031977758,0.8971887550200803,0.8895582329317269,0.47488226146836315,0.9879518072289156,0.5427557772693318,0.9839357429718876,0.9342094336616588,0.9759036144578314
VXGOGCLS,498,2800,1.2801929543869552,0.038204616461844754,0.7582907328559259,0.5915552920412723,0.989558232931727,0.36231530448710386,0.24675321583680315,0.9136546184738956,0.9156626506024096,0.9714125912274606,0.9779116465863453,1.0011523843886636,0.9779116465863453,0.6206807893031302,0.9959839357429718,1.7605405479611356,1.6383554367521938,0.9917670682730924,0.35369230435184873,0.23795622331584138,0.9098393574297189,0.9257028112449799,2.2236878258123043,0.9879518072289156,1.865373657306285,0.9879518072289156,0.9456692630989906,0.9919678714859438
VXGSCLS,498,2800,1.4170524191090894,0.03328941200708755,0.5650236433672653,0.4537591970716991,0.9869477911646586,0.3064198849033694,0.21106564219222376,0.9060240963855422,0.9337349397590361,0.5400777080140621,0.9859437751004017,0.5163380890528376,0.9879518072289156,0.5991229218329552,0.9839357429718876,0.581122152549684,0.49081275857743606,0.9901606425702811,0.2998277814304453,0.2118771849064508,0.9098393574297189,0.9337349397590361,0.5290217413425091,0.9919678714859438,0.5508049860448394,0.9919678714859438,0.6320367822264956,0.9859437751004017
VXIBMCLS,498,2800,1.2610171467986389,0.04050140885525243,0.9009402573830384,0.698489510735811,0.9893574297188755,0.43694557352484764,0.24303910221242797,0.8949799196787148,0.8995983935742972,0.9270323090432581,0.9839357429718876,0.9873301771977543,0.9799196787148594,0.7433351578307256,0.9959839357429718,3.309683933868693,3.251467321419349,0.9959839357429718,0.4163274106590501,0.2530714991360206,0.9124497991967871,0.9618473895582329,4.021856861995298,0.9959839357429718,3.547043295931039,0.9859437751004017,2.073426932939297,0.9959839357429718
VXNCLS,498,2800,1.398106016953662,0.033673599764044514,0.5456117821391455,0.42451366753700154,0.9889558232931727,0.2903487292000314,0.20579435920442088,0.8975903614457831,0.9236947791164659,0.5545998696024277,0.9859437751004017,0.5504494816298909,0.9859437751004017,0.5213638308019063,0.9899598393574297,0.5126249213184263,0.43510011227152723,0.9913654618473896,0.2886372922292949,0.2047107045072294,0.8957831325301204,0.9317269076305221,0.48693628039185854,0.9919678714859438,0.5033188163426637,0.9879518072289156,0.5400652703298682,0.9919678714859438
VXOCLS,498,2800,0.9794504224809993,0.050735699842997396,0.8246472231959145,0.6320018743188359,0.9865461847389558,0.43321540825908883,0.28835529961200684,0.8859437751004016,0.9016064257028112,0.7989209537095621,0.9859437751004017,0.7492157204923937,0.9859437751004017,0.8598607750406029,0.9859437751004017,0.8258055082216136,0.6269582774860756,0.9869477911646586,0.4357242642162796,0.3030337195474371,0.8977911646586345,0.9096385542168675,0.7465203400336009,0.9859437751004017,0.8117171264396703,0.9839357429718876,0.8382036215407933,0.9819277108433735
VXSLVCLS,498,2747,1.796442034917512,0.02616582607298194,0.546341365682429,0.3997073362127129,0.98714859437751,0.25780422704923617,0.15960553012751968,0.8957831325301204,0.9116465863453815,0.48403774360890256,0.9899598393574297,0.4987235762291967,0.9859437751004017,0.507702448110892,0.9879518072289156,0.6241145058283097,0.5507480670143245,0.9891566265060241,0.24426945408214176,0.16678567110291379,0.8979919678714859,0.9116465863453815,0.5456056317250606,0.9959839357429718,0.5673149490741272,0.9939759036144579,0.5807327044806121,0.9859437751004017
VXTYN,498,2800,1.6088956947664999,0.027434020182090513,0.4992538161992798,0.31427950939961313,0.9859437751004017,0.24371982151219476,0.14903704394668088,0.8823293172690763,0.8975903614457831,0.3576348758521285,0.9899598393574297,0.3655944759981047,0.9899598393574297,0.6527187810026283,0.9799196787148594,0.4570845784932681,0.32254684107392245,0.9855421686746988,0.24229828676483445,0.16360898595169615,0.8973895582329318,0.8895582329317269,0.3844716228096151,0.9899598393574297,0.35904301440792796,0.9899598393574297,0.5492929519151479,0.9779116465863453
WAAA,204,1125,2.365457230619114,0.013017595788799475,0.297609573482268,0.14647584372851394,0.9882352941176471,0.11318994673897648,0.06616245555605015,0.8808823529411764,0.9411764705882353,0.3104090967712493,0.9901960784313726,0.22085442247447012,0.9901960784313726,0.318311589491344,0.9803921568627451,0.2927477039472701,0.17691727217832245,0.9897058823529412,0.1151405005196605,0.08675357528519026,0.9299019607843138,0.9411764705882353,0.20379566209979164,0.9901960784313726,0.2509245866520381,0.9901960784313726,0.3505630800430521,0.9852941176470589
VXVCLS,498,2800,1.6664069447735192,0.02614971880939914,0.5566081134770763,0.37878694894334164,0.98714859437751,0.24418687466191588,0.15322477782821864,0.8949799196787148,0.9337349397590361,0.59013226843237,0.9859437751004017,0.6167355950653545,0.9879518072289156,0.518396803256648,0.9879518072289156,0.5252904459791126,0.4348122148244469,0.9901606425702811,0.24015102849724157,0.1645428739358812,0.9092369477911647,0.9437751004016064,0.47172475377252066,0.9919678714859438,0.5084273777572766,0.9899598393574297,0.5232114698468643,0.9919678714859438
WACL,204,1125,3.278507784263348,0.004997088521205485,0.09888908883502376,0.08767314924707267,0.9911764705882353,0.04807620356786082,0.041825511901078284,0.9441176470588235,0.9411764705882353,0.08912906016543504,0.9950980392156863,0.08765570513176597,0.9950980392156863,0.09215428489073037,0.9950980392156863,0.06258465492221839,0.05531106079537926,0.9926470588235294,0.039042787102877244,0.03148320183357403,0.9019607843137255,0.9411764705882353,0.04597490795247092,1.0,0.05666350076595636,1.0,0.06697704227418591,0.9950980392156863
WALCL,204,1125,3.945352643283819,0.0033465266730958653,0.23636891072179478,0.15996872294716116,0.9877450980392157,0.05030202341744722,0.03009863149988444,0.9377450980392157,0.9558823529411765,0.17363901531295634,0.9950980392156863,0.2585678385140582,0.9950980392156863,0.2597118938221285,0.9852941176470589,0.1475361164941493,0.10130485758778221,0.9877450980392157,0.04048892870105885,0.029173766249539733,0.9480392156862745,0.9264705882352942,0.07248538318544386,0.9705882352941176,0.17885569372815546,0.9901960784313726,0.14628290583902076,0.9950980392156863
WBAA,204,1125,2.591522338322298,0.010345834381857995,0.24592615455827943,0.1192339553845131,0.9887254901960785,0.08908118033353653,0.05339193552742864,0.8808823529411764,0.946078431372549,0.2573100985425994,0.9901960784313726,0.17143338852542025,0.9901960784313726,0.17381075835331028,0.9852941176470589,0.2205066644354957,0.1430454052265986,0.9877450980392157,0.08953747955601629,0.06880935440847075,0.9382352941176471,0.9313725490196079,0.14923174801959296,0.9852941176470589,0.15493263502638807,0.9950980392156863,0.1899367791184047,0.9901960784313726
WBUSAPPWNSAUS,190,1067,0.22823249462666567,0.11759880110485772,4.737248379732535,2.84704893826227,0.9842105263157894,1.3758786373972032,0.5655254356879801,0.9121052631578948,0.8947368421052632,3.7795228121588194,0.9789473684210527,7.0897681973136715,0.9578947368421052,4.889292674730691,0.9894736842105263,12.142724160664319,10.674735522598953,0.9868421052631579,1.482002605656916,0.7364748531039795,0.9131578947368421,0.9157894736842105,10.035223714140258,0.9842105263157894,14.964398999674566,0.9842105263157894,11.576378191129608,0.9947368421052631
WCPF3M,198,1101,1.6047441551458483,0.052294339250720995,1.9164845059278353,1.3098227969501777,0.9924242424242424,0.7173289721298226,0.3844748897588118,0.8954545454545455,0.9696969696969697,1.6794196201962976,0.98989898989899,1.3154560833854019,0.9949494949494949,1.4457134238408038,0.9949494949494949,3.2980343040084583,2.59360156609481,0.9833333333333333,0.5615964587942877,0.3798199551484618,0.9333333333333333,0.9292929292929293,2.5067226959727167,0.9848484848484849,2.9894793751888296,0.9797979797979798,2.3230078889348165,0.9848484848484849
WDDNS,203,1122,1.437282082471988,0.03753336374980473,0.4286520258315899,0.40800563576744364,0.9980295566502463,0.2889524966878518,0.2686169786008617,0.9600985221674877,0.9802955665024631,0.38227749663139454,0.9950738916256158,0.46557692230826114,1.0,0.4624386024724542,1.0,0.3703349871853771,0.3055167271562985,0.9876847290640394,0.24785742209060152,0.20451031449303725,0.9133004926108375,0.9064039408866995,0.310634317966827,0.9901477832512315,0.3623464459429954,0.9802955665024631,0.3913934219084831,0.9901477832512315
VXXLECLS,498,2747,1.461009696003472,0.0315926521253061,0.4927361240571616,0.38299095884019224,0.9877510040160643,0.27726811679385377,0.18746273608383376,0.9,0.9156626506024096,0.49806465112388804,0.9919678714859438,0.5161087320716788,0.9899598393574297,0.48981161867479944,0.9819277108433735,0.5043481522536011,0.3806086297396809,0.9859437751004017,0.2748107950729549,0.19063966414912645,0.9004016064257028,0.9016064257028112,0.4999445878137789,0.9879518072289156,0.4971000654263644,0.9899598393574297,0.5225674519059085,0.9819277108433735
WDFOA,204,1125,2.225537258441835,0.06584176720574925,4.103845550664772,3.0969884931800657,0.9892156862745098,1.1133308312049228,0.5363201119910495,0.9186274509803921,0.9215686274509803,4.13461509126086,0.9901960784313726,4.35118283333011,0.9901960784313726,3.1520281878610126,0.9950980392156863,6.121484698404688,4.204997014078852,0.9838235294117647,0.9667505517015764,0.5328705769915585,0.9313725490196079,0.9019607843137255,6.037718420180879,0.9852941176470589,5.372223585505335,0.9901960784313726,5.34297182040153,0.9852941176470589
WDFUELUSGULF,185,1049,1.7563135188142291,0.023872369842887646,0.44757890963453817,0.30134404670201553,0.9875675675675676,0.22287580789857656,0.12901171097056136,0.8729729729729729,0.9297297297297298,0.3404915111311861,0.9891891891891892,0.36393269057072974,0.9945945945945946,0.5558288304045468,0.9837837837837838,0.44580692601501654,0.28901860446101746,0.9794594594594594,0.20542496559154005,0.14491202789241042,0.9162162162162162,0.8864864864864865,0.3061564523780926,0.9891891891891892,0.3719350469996898,0.9891891891891892,0.5246555689669511,0.972972972972973
WDTGAL,204,1125,-0.09903843329439367,0.1752207349734113,3.6127659224439577,3.6089999031545013,0.9995098039215686,1.963135101286951,1.7798154602218976,0.9627450980392157,0.9950980392156863,3.7941885967630844,0.9950980392156863,3.5656244347087194,1.0,3.6948793415155086,1.0,4.378178912660752,4.261843628885073,0.9965686274509804,1.670106066668194,1.393667245904687,0.9318627450980392,0.9705882352941176,3.7198231250521507,0.9950980392156863,4.35765412935845,0.9950980392156863,5.576087363743501,1.0
WFII10,204,1124,1.18600654401088,0.045640738847901915,0.9014461877496224,0.6761765883403033,0.9911764705882353,0.39641804149486815,0.2751028781285353,0.9034313725490196,0.9411764705882353,1.189181074945757,0.9901960784313726,1.0420370334259303,0.9901960784313726,0.7238855876879722,0.9950980392156863,0.8117963169942447,0.5909849522359435,0.9897058823529412,0.3908463595726516,0.29684678968241873,0.9240196078431373,0.9313725490196079,0.83108580116974,0.9852941176470589,0.9918158735833991,0.9852941176470589,0.6373570332347382,0.9950980392156863
WFII20,204,1124,1.2890175156810286,0.043279799710617434,0.7539500716266183,0.5338798209541287,0.9911764705882353,0.3687328244278385,0.26122906289694126,0.9068627450980392,0.9411764705882353,1.0247074779031382,0.9901960784313726,0.9187234731816004,0.9901960784313726,0.6313025552386282,0.9901960784313726,0.7629491628632826,0.5214592249145191,0.9887254901960785,0.36323881129528884,0.27342499482894045,0.9156862745098039,0.9166666666666666,0.8621328588680924,0.9803921568627451,0.9750236225833024,0.9852941176470589,0.6433687038704454,0.9852941176470589
WFII30,137,856,1.4516987411491138,0.03986753908816985,0.7971836853793167,0.4381053138932859,0.9854014598540146,0.34454066540316586,0.22684282345620588,0.9036496350364963,0.8832116788321168,1.2469000617574413,0.9854014598540146,1.1281638308366333,0.9854014598540146,0.5925296180747175,0.9708029197080292,0.8002598134868201,0.5003447242946258,0.9846715328467154,0.3493971053739332,0.24706917478996257,0.9182481751824818,0.8978102189781022,1.0649576175033817,0.9781021897810219,1.1404426274865296,0.9854014598540146,0.5496070593634125,0.9781021897810219
WFII5,204,1124,1.0692695703792348,0.05104736284117818,1.0864347244298567,0.8568075176306451,0.9931372549019608,0.45157736442060026,0.31406423928575117,0.917156862745098,0.9509803921568627,1.2377578278819135,0.9901960784313726,1.167057125217395,0.9901960784313726,0.9115346720016705,0.9950980392156863,0.9542498014566971,0.6976222651921615,0.9911764705882353,0.4420828011541658,0.3387084372016707,0.9323529411764706,0.9411764705882353,0.9550681942924146,0.9803921568627451,1.0993996509195487,0.9901960784313726,0.8434892747898048,0.9950980392156863
WGS10YR,204,1124,1.805657611199324,0.022889665653222088,0.4684024568934926,0.3158946872237224,0.984313725490196,0.21318204561583465,0.1273495411727209,0.8862745098039215,0.9068627450980392,0.47202533112660255,0.9803921568627451,0.4790531123519898,0.9803921568627451,0.583283563450666,0.9754901960784313,0.4532559330526763,0.31230788221083333,0.9862745098039216,0.20097341231243807,0.149246283920555,0.9279411764705883,0.9313725490196079,0.33498899240842883,0.9901960784313726,0.4131184240771846,0.9852941176470589,0.5732809318951584,0.9852941176470589
WGS1YR,204,1124,1.9881867509190212,0.039891857586590425,0.9961947605562997,0.6523990048318601,0.986764705882353,0.43366559382693676,0.28109110641493135,0.9014705882352941,0.9264705882352942,0.7950587525431033,0.9901960784313726,0.8839680939708101,0.9852941176470589,1.0366963629747,0.9901960784313726,1.1322018859132488,0.7118345978719073,0.9857843137254902,0.39098877476966143,0.24333385387223225,0.9009803921568628,0.9264705882352942,0.6582190287637291,0.9901960784313726,0.8897566571045816,0.9803921568627451,1.4737863240062083,0.9852941176470589
WGS20YR,204,1124,2.042560591386118,0.01817321520487986,0.34401627155715125,0.24160829653471658,0.9852941176470589,0.16264507376560147,0.09868600914722472,0.8813725490196078,0.9068627450980392,0.35855220381108144,0.9803921568627451,0.40573067801576285,0.9803921568627451,0.3109415389431944,0.9901960784313726,0.32105231971961334,0.24226096130251978,0.9877450980392157,0.15472691077733966,0.11609263824036924,0.9323529411764706,0.9411764705882353,0.2469862890997928,0.9950980392156863,0.34136802754689866,0.9803921568627451,0.30685034653585475,0.9901960784313726
WGS2YR,204,1124,1.5411801786407033,0.037099915101957585,0.7564260051503648,0.5720141934977273,0.9892156862745098,0.3723465566186793,0.24179567216404232,0.9049019607843137,0.9264705882352942,0.7233439147764189,0.9901960784313726,0.7397130982482688,0.9803921568627451,0.898214097594591,0.9852941176470589,0.8118450716089614,0.5248695621220235,0.9857843137254902,0.34167846458204065,0.2462755600873758,0.9303921568627451,0.9068627450980392,0.7296805209641567,0.9656862745098039,0.8160643899202054,0.9754901960784313,1.0183620577591428,0.9901960784313726
WGS30YR,204,1124,2.1143922172912486,0.016546074420891677,0.30730737578252465,0.2248247415967039,0.9877450980392157,0.1461543495612481,0.08998781428236564,0.8897058823529411,0.9411764705882353,0.2851309401770897,0.9852941176470589,0.35136398842100103,0.9754901960784313,0.2565906025853875,0.9950980392156863,0.2944817732068797,0.22151603797669372,0.9882352941176471,0.14181463698588168,0.1074153703214823,0.9308823529411765,0.9362745098039216,0.24061190972446558,0.9901960784313726,0.3085120658864382,0.9803921568627451,0.254472403394079,0.9901960784313726
WGS3YR,204,1124,1.451207568191635,0.03641113621565654,0.6835553295525086,0.49693268133850216,0.9887254901960785,0.3561463405269775,0.2308568607296841,0.9107843137254902,0.9215686274509803,0.662762867156566,0.9852941176470589,0.7015533686869051,0.9852941176470589,0.8089056284509899,0.9852941176470589,0.8420026884643476,0.6384378302999897,0.990686274509804,0.3274600204308734,0.24126823419756369,0.932843137254902,0.9558823529411765,0.6285842717594969,0.9852941176470589,1.0497245121351133,0.9852941176470589,1.2437973861928449,0.9950980392156863
WGS5YR,204,1124,1.5278514673511228,0.031079281045457135,0.5750257317689963,0.41190012677084,0.986764705882353,0.2955370295693146,0.1921898347823067,0.9019607843137255,0.9215686274509803,0.656544349907908,0.9754901960784313,0.6526266611161565,0.9754901960784313,0.6924555487753309,0.9852941176470589,0.6961604771311964,0.5249511366764468,0.9848039215686275,0.27567157886797367,0.20340065178194602,0.9269607843137255,0.9264705882352942,0.5777849298337914,0.9803921568627451,0.929961158259568,0.9852941176470589,1.0169190562978663,0.9803921568627451
WIMFSL,133,839,3.3543898139023085,0.004528280798332768,0.13801870969555177,0.04859213675064884,0.9766917293233083,0.04405567618046344,0.02339068316527722,0.8984962406015038,0.8947368421052632,0.11027516643237041,0.9924812030075187,0.1224001229751261,0.9849624060150376,0.21476265518348484,0.9624060150375939,0.1567391347660632,0.051099574937197884,0.9744360902255639,0.04491588493987106,0.025690014533182884,0.9082706766917293,0.8872180451127819,0.11506015319039645,0.9849624060150376,0.13219873441112748,0.9849624060150376,0.24536029269743576,0.9624060150375939
WGS6MO,204,1124,1.895285400080152,0.06012684805593095,2.090609586202004,1.2304547273526911,0.9779411764705882,0.8625871540016826,0.45483855110462784,0.8921568627450981,0.9166666666666666,1.4353873299049869,0.9901960784313726,1.9555168592928238,0.9852941176470589,2.3238429554189866,0.9656862745098039,3.7797014207520507,2.684667101215734,0.9730392156862745,0.662691143699203,0.3735292730508213,0.9,0.8970588235294118,2.765021016718631,0.9607843137254902,3.6574276849144773,0.9656862745098039,3.4967610006257575,0.9705882352941176
WGS7YR,204,1124,1.6715422401082956,0.026620582731175315,0.5099488849653352,0.3514985224979548,0.9852941176470589,0.24748946735328933,0.15714681204243902,0.8975490196078432,0.9117647058823529,0.6517827089276241,0.9754901960784313,0.5231489079273652,0.9803921568627451,0.6299943694649018,0.9852941176470589,0.5268081106758672,0.3686673174776208,0.9862745098039216,0.23326259451515813,0.17255788167304412,0.925,0.9313725490196079,0.43680603693854164,0.9852941176470589,0.6497467103008362,0.9852941176470589,0.689698392759316,0.9852941176470589
WJFUELUSGULF,204,1124,1.7110340749609596,0.024960680821070478,0.5313698037850904,0.34883700644180327,0.9897058823529412,0.24043782778349412,0.13570623979876506,0.8862745098039215,0.9558823529411765,0.45516363917805425,0.9852941176470589,0.5808292193498615,0.9901960784313726,0.34788215829553437,0.9950980392156863,0.44740715522411734,0.3063682248833008,0.9852941176470589,0.22468685286994655,0.15111161631224115,0.9049019607843137,0.8970588235294118,0.377598977931558,0.9705882352941176,0.3720611356190503,0.9754901960784313,0.3410140455082696,0.9901960784313726
WLDLCL,204,1125,2.529071122408135,0.011050461534232371,1.0103058202270283,0.9722776857724484,0.9950980392156863,0.4061897021540725,0.37928373402360227,0.9549019607843138,0.9803921568627451,0.9469399895955574,0.9950980392156863,1.0928041883813762,0.9950980392156863,0.9757178094968652,0.9950980392156863,0.3945743170735904,0.2924098327802587,0.9833333333333333,0.14632214061104812,0.11581682829183627,0.9225490196078432,0.8872549019607843,0.2541293578097572,0.9705882352941176,0.4166769683570607,0.9852941176470589,0.5266614938139027,0.9901960784313726
WLAD,204,1125,-8.713966136024894,970.3800989242192,27575.110403190163,16624.95923894648,0.9901960784313726,10255.956414210888,4211.72844703752,0.8352941176470589,0.946078431372549,25562.445270875392,0.9901960784313726,22463.048665386897,0.9803921568627451,34258.60173779191,0.9901960784313726,67913.78022040648,52217.317802168334,0.9848039215686275,9677.503087861267,6290.920311143982,0.9352941176470588,0.9264705882352942,62257.490926465056,0.9901960784313726,62847.61575693365,0.9754901960784313,79836.94042503825,0.9852941176470589
WLFN,204,1125,4.691151106585931,0.0012378513843762323,0.01916158986482756,0.016419964061264745,0.9970588235294118,0.010305797275661343,0.008841856593670943,0.9450980392156862,0.9803921568627451,0.018688247633199196,0.9901960784313726,0.023739149979433254,0.9950980392156863,0.016464081127671525,1.0,0.017671143981642125,0.013814713002473588,0.9911764705882353,0.01018697025753191,0.008079860201805913,0.9215686274509803,0.9411764705882353,0.016359360126424527,0.9852941176470589,0.022128613961649203,0.9901960784313726,0.015664017627560183,0.9950980392156863
WLODL,204,1125,0.047092124165890994,0.22710888087871564,7.1006971216676735,7.1006971216676735,1.0,3.179795775739407,3.1113587105999287,0.9916666666666667,1.0,7.306202891794871,1.0,7.101477879485264,1.0,7.207887530756592,1.0,4.224794051896139,4.144917474124575,0.9975490196078431,2.0313821462912056,1.7478323187079747,0.9323529411764706,0.9803921568627451,3.030162623575391,0.9901960784313726,4.093820288005474,1.0,7.3456881957155025,1.0
WLODLL,204,1125,1.9982695319973933,0.018300060140048105,1.1628338977627262,1.138762748715421,0.9950980392156863,0.5274041086123611,0.5026349657497612,0.9573529411764706,0.9607843137254902,0.8742292764760042,0.9950980392156863,1.2899775941362979,0.9901960784313726,1.1122545062767653,0.9950980392156863,0.5092509038910116,0.3893718644765078,0.9862745098039216,0.21626916168272559,0.17407177292605722,0.9161764705882353,0.9019607843137255,0.3332097182118322,0.9803921568627451,0.5869903421340604,0.9803921568627451,0.648988365720452,0.9950980392156863
WLRRAA,204,1125,1.1032943705662885,0.0472437145739027,1.048119938928058,0.7000279506367824,0.9848039215686275,0.5057187600846325,0.2733658207399428,0.8754901960784314,0.8774509803921569,0.8142336318501086,0.9852941176470589,0.8620624115685797,0.9803921568627451,1.410651099644215,0.9754901960784313,0.9510837522764983,0.6768078312278226,0.9887254901960785,0.4357741907103834,0.28869743096405126,0.9004901960784314,0.9117647058823529,0.6758440599200018,0.9950980392156863,0.788999766334122,0.9950980392156863,1.17283576129945,0.9754901960784313
WLRRAFOIAL,204,1125,1.638061873012332,0.02610869502689589,0.5171742005921185,0.40830762041900726,0.9931372549019608,0.225795304158465,0.16712977404512383,0.9176470588235294,0.9411764705882353,0.42779406521150604,0.9950980392156863,0.41241907183722504,0.9950980392156863,0.4296593727026346,0.9950980392156863,0.44071453206093136,0.312629114177675,0.9926470588235294,0.22558051333319942,0.1631649957039121,0.9014705882352941,0.9411764705882353,0.2870442424995454,1.0,0.3635364267765834,0.9901960784313726,0.3272636011298441,0.9950980392156863
WLRRAL,204,1125,0.9541079271693855,0.05442778703641558,1.623322586621165,1.1198343490969798,0.9877450980392157,0.608165594824027,0.31145451582657807,0.8691176470588236,0.9264705882352942,1.8578306554208075,0.9901960784313726,1.8899523419726059,0.9901960784313726,1.168678983373419,0.9950980392156863,1.607858289764578,0.9747169303836845,0.9803921568627451,0.5511843333022612,0.34225530473377025,0.9029411764705882,0.8725490196078431,1.671564508403987,0.9705882352941176,1.8180419612921785,0.9803921568627451,1.1042281013173174,0.9950980392156863
WLTIIT,204,1124,1.343899250595423,0.04151992871222076,0.7744053761666133,0.5304297429158845,0.9897058823529412,0.35522575472301493,0.25163248185698806,0.9107843137254902,0.9215686274509803,1.1193100206103237,0.9901960784313726,0.954999330725407,0.9901960784313726,0.6140224961554379,0.9901960784313726,0.7376253645703483,0.5024353404490514,0.990686274509804,0.3514251613989625,0.26128088750083756,0.9142156862745098,0.9362745098039216,0.9136737929191678,0.9901960784313726,0.959466312611051,0.9901960784313726,0.5886957593309287,0.9901960784313726
WLTLECL,204,1125,3.9362493177784144,0.00337313691258612,0.2381170771685772,0.16274355278835423,0.9882352941176471,0.05096721979718508,0.03082275414934739,0.9382352941176471,0.9607843137254902,0.1765769436814105,0.9950980392156863,0.2621653297683313,0.9950980392156863,0.25927708650818587,0.9852941176470589,0.14738059810378557,0.10085386046359214,0.9872549019607844,0.04084581186588712,0.02943843210575793,0.946078431372549,0.9215686274509803,0.07344635690222112,0.9705882352941176,0.177874382315131,0.9901960784313726,0.1455940984767578,0.9950980392156863
WLEMUINDXD,498,2800,-1.4763787288453718,0.6002549035734263,6.286529566652008,5.5176447354129445,0.9837349397590361,4.73191664627251,3.606209797636256,0.8865461847389559,0.8694779116465864,5.8266074936407914,0.9879518072289156,6.331807416015046,0.9819277108433735,6.140286874644015,0.9839357429718876,6.605387695980023,6.0655795643021175,0.9931726907630523,4.521193839262959,3.7256889064283096,0.9046184738955824,0.9457831325301205,5.735473788932701,0.9899598393574297,6.425040027455555,0.9979919678714859,6.862403652549592,0.9939759036144579
WM1NS,203,1122,2.3312314376074736,0.017467936968771032,0.4011739286015333,0.17162689665849665,0.9911330049261083,0.15148383990854322,0.11236799432360002,0.9300492610837439,0.916256157635468,0.14060900473120952,1.0,0.22968323045657896,0.9802955665024631,0.22070569052832506,0.9901477832512315,0.4032718793390766,0.1732520421676814,0.9881773399014778,0.14658682528970754,0.10561743379540671,0.905911330049261,0.9014778325123153,0.1624852729632519,0.9901477832512315,0.18670775998318775,0.9852216748768473,0.22128333521666607,0.9901477832512315
WM2NS,203,1122,3.86163283847812,0.002831499153305637,0.03969777712886938,0.029244017098074997,0.9876847290640394,0.022331370331128902,0.017939016493949307,0.9270935960591133,0.9014778325123153,0.04054516715164651,0.9852216748768473,0.041473468411570964,0.9802955665024631,0.05287831102625582,0.9802955665024631,0.041641479995973694,0.028951302522246126,0.9852216748768473,0.02234266131575171,0.01625591057378526,0.8911330049261084,0.8916256157635468,0.038932888197075466,0.9852216748768473,0.04673209810214693,0.9704433497536946,0.05462680811655229,0.9802955665024631
WOFDRBORBA,204,1125,0.4672596197064944,0.09678468359763939,1.8294011337658647,1.5680913061246575,0.9916666666666667,1.0613563310266743,0.6748991538758894,0.8936274509803922,0.9215686274509803,1.8186209555187798,0.9901960784313726,1.7321768392428754,0.9950980392156863,2.123715438173727,0.9901960784313726,2.270305593837568,1.9322250009496877,0.9887254901960785,0.8490286079941265,0.619392254124356,0.9107843137254902,0.9019607843137255,1.4566266381837196,0.9901960784313726,2.072126223012221,0.9950980392156863,3.129556158581694,0.9754901960784313
WOFSRBRBC,204,1125,3.9345339666013555,0.003359338059763528,0.2352938108195627,0.16221367119118182,0.9882352941176471,0.050375098939670335,0.03079308709708449,0.9387254901960784,0.9607843137254902,0.17668870701613448,0.9950980392156863,0.26058539502429356,0.9950980392156863,0.25456213904460545,0.9852941176470589,0.142462696669537,0.0958136448376123,0.9872549019607844,0.040056900405085465,0.028545170356313994,0.9436274509803921,0.9215686274509803,0.07313064938246143,0.9705882352941176,0.17198956699931942,0.9901960784313726,0.14489366512907076,0.9950980392156863
WPROPANEMBTX,204,1124,1.5169752103658078,0.029457793039116584,0.4329450258851744,0.3646266056948873,0.9887254901960785,0.24184780372801748,0.15956331990645845,0.8735294117647059,0.9166666666666666,0.39162274820816606,0.9950980392156863,0.40208946882191576,0.9901960784313726,0.3775897695423357,0.9950980392156863,0.43770538395987857,0.37702198590074426,0.9916666666666667,0.2436735216559168,0.18873599006721634,0.9200980392156862,0.9411764705882353,0.3965854475349992,0.9950980392156863,0.43584380728718536,0.9901960784313726,0.4194205289521365,0.9950980392156863
WOFDRBORBL,204,1125,0.28501878293833943,0.11845587155709152,2.126111196925803,2.0522887435854082,0.996078431372549,1.310398524372088,0.9039530830362117,0.9009803921568628,0.9607843137254902,2.0876378248930947,1.0,2.045835658173539,1.0,2.041537032163663,1.0,3.0661416205134544,2.7932609066024288,0.9936274509803922,1.00993523179931,0.7977784097791011,0.9176470588235294,0.9411764705882353,1.6629105649380693,0.9901960784313726,2.916120035284439,0.9950980392156863,5.374013145350914,1.0
WRBWFRBL,204,1125,1.975345224688609,0.01870656611415466,1.8336096856399453,1.8112455926141435,0.9950980392156863,0.8991870380833676,0.874456434482461,0.9563725490196079,0.9607843137254902,1.4063132162958034,0.9950980392156863,2.0820826272868995,0.9901960784313726,1.7430946615042409,0.9950980392156863,0.6216783434775804,0.4928953707581548,0.9848039215686275,0.24009253025435787,0.1975996792439543,0.9205882352941176,0.8970588235294118,0.342955894363123,0.9803921568627451,0.7498019277878089,0.9803921568627451,0.898745862023338,0.9901960784313726
WREPOFOR,204,1125,1.8712744263028702,0.020736124199099867,0.32265246210422716,0.300957903866722,0.9975490196078431,0.1720308059583535,0.13947600278872072,0.9245098039215687,0.9754901960784313,0.3119838351483432,0.9950980392156863,0.30565285681356785,0.9950980392156863,0.2989754790112978,1.0,0.30030026547928124,0.2521946640833047,0.9936274509803922,0.16824219547652133,0.13133164495494493,0.913235294117647,0.946078431372549,0.25037085886448474,0.9901960784313726,0.3315749007839362,0.9852941176470589,0.2679917559777755,1.0
WRESCRT,204,1125,4.104506882626913,0.0028361487495151675,0.23292138611977772,0.15927900619931218,0.9862745098039216,0.04666652381633575,0.026172713030805803,0.9191176470588235,0.9607843137254902,0.15848894322792262,0.9950980392156863,0.25611979934911894,0.9950980392156863,0.2686271840889499,0.9852941176470589,0.1893683087424475,0.14549009436584448,0.986764705882353,0.03454847927003352,0.023555162631782367,0.9357843137254902,0.9411764705882353,0.06862508932535259,0.9852941176470589,0.19787806917264644,0.9901960784313726,0.2229930249015605,0.9950980392156863
WRESBAL,204,1125,2.1657620674814715,0.015568889794795409,1.3030583849449764,1.2690147219411085,0.996078431372549,0.5032959509225134,0.4823526509482128,0.9529411764705882,0.9852941176470589,1.1476396915157834,0.9950980392156863,1.3975155253341922,0.9950980392156863,1.4059850881872102,0.9950980392156863,0.43766475805086313,0.38359183278436465,0.9901960784313726,0.1854206496990632,0.1478675205491287,0.9034313725490196,0.9264705882352942,0.2026062128584123,0.9803921568627451,0.45802124639851866,0.9950980392156863,0.7080821202632421,1.0
WRMORTG,76,613,2.5348006230628437,0.01017483647861478,0.19034380580572682,0.14688669434304052,0.9960526315789474,0.08728013047706512,0.05780913800793829,0.8960526315789473,0.9605263157894737,0.28449508485464853,0.9868421052631579,0.29628370587902214,0.9868421052631579,0.1464838373759937,1.0,0.1913081640832409,0.10925361512982458,0.9855263157894737,0.08648242412546947,0.06263133152325931,0.9105263157894737,0.9210526315789473,0.371580485162288,0.9605263157894737,0.3871451122843094,0.9473684210526315,0.11331720250856814,1.0
WRMFSL,133,839,4.050730979357591,0.002419688313656057,0.06660243421431816,0.02938194872701952,0.98796992481203,0.023081885591568728,0.012889226624977412,0.8954887218045112,0.9323308270676691,0.029970450837407958,0.9774436090225563,0.03358586151770624,0.9924812030075187,0.13096728976913996,0.9849624060150376,0.06666346565643667,0.029986647401404345,0.9849624060150376,0.023021710277240013,0.014267682415092393,0.9150375939849624,0.9022556390977443,0.028977320273721373,1.0,0.03135496760547057,0.9924812030075187,0.12474492414750901,0.9849624060150376
WRMFNS,203,1122,3.900540863712569,0.002759624921223255,0.06299100091197062,0.03428406030041925,0.9901477832512315,0.024448411527393313,0.016286831943280546,0.9236453201970444,0.9408866995073891,0.03687186144946889,0.9950738916256158,0.04261733576526211,0.9901477832512315,0.10803429113390497,0.9852216748768473,0.06208810152756306,0.036668825925188483,0.9866995073891626,0.02512902432163603,0.017332276046385754,0.9261083743842364,0.8817733990147784,0.035834944003908686,1.0,0.03935485633671294,0.9901477832512315,0.1083640413776917,0.9852216748768473
WSECOUT,204,1125,4.316627691204111,0.0023908690824401045,0.20922946242166293,0.12286354310988346,0.9877450980392157,0.03954255541733398,0.022617586099755702,0.9382352941176471,0.9803921568627451,0.14757173321248113,0.9901960784313726,0.2058745167459241,0.9852941176470589,0.2498797501573189,0.9852941176470589,0.18367483787007566,0.130965855804526,0.9916666666666667,0.027777800018452956,0.018912800888660198,0.9519607843137254,0.9656862745098039,0.0816500691562664,0.9901960784313726,0.18000657377355053,0.9901960784313726,0.4003375336061208,0.9950980392156863
WSDEALL,204,1125,-9.628883595959987,2083.7521131916665,60014.856746965794,52842.26448326955,0.9852941176470589,18400.7323545853,13533.431445717088,0.9,0.9019607843137255,56446.504409101246,0.9901960784313726,60772.85990757339,0.9803921568627451,64061.52091724498,0.9852941176470589,31134.71762608487,29399.15154381704,0.9955882352941177,17595.83981975122,13925.487589398195,0.9093137254901961,0.9558823529411765,24152.593786142425,0.9950980392156863,33815.041518677586,0.9950980392156863,44210.23918550466,1.0
WSDONTL,204,1125,-9.604600913916746,2050.548957159509,30124.37003169054,20959.93083166988,0.9808823529411764,17274.025453340913,11187.631188168545,0.8686274509803922,0.8725490196078431,27077.06261709089,0.9852941176470589,29873.967707643766,0.9852941176470589,35774.41388381914,0.9803921568627451,27435.29215400793,22566.630817967132,0.9897058823529412,16790.774521530137,12362.058091991526,0.8926470588235295,0.9068627450980392,22674.555641091483,0.9950980392156863,27429.465937518464,0.9950980392156863,33417.4965202878,0.9901960784313726
WSHOICL,204,1125,3.3576653013886406,0.005209848429798949,0.19529103960161306,0.13271734401028254,0.9897058823529412,0.05906169788966601,0.0352744821825287,0.9156862745098039,0.9558823529411765,0.26042553137357466,0.9852941176470589,0.2605367117364653,0.9852941176470589,0.16077415841314158,0.9950980392156863,0.19641883836259438,0.12637321922487574,0.9828431372549019,0.054501744891261375,0.031594520610578214,0.9225490196078432,0.8921568627450981,0.33122965275710897,0.9754901960784313,0.21247993614678515,0.9754901960784313,0.13899763136575072,0.9901960784313726
WSLB20,76,613,2.690522086578182,0.012739633513259314,0.19498596609745342,0.18946878396573438,0.9973684210526316,0.10808178757903693,0.07339614939109719,0.8855263157894737,0.9736842105263158,0.20814399018869795,0.9868421052631579,0.21872387593263334,0.9868421052631579,0.19405821385075592,1.0,0.17441800434895544,0.13297408109815936,0.993421052631579,0.10417119180128762,0.07650882352083807,0.8947368421052632,0.9342105263157895,0.2706165898763253,0.9736842105263158,0.25383884487594816,0.9868421052631579,0.14141605775202337,1.0
WSHOSHO,204,1125,4.15515170662157,0.0028852423724295994,0.29596757013609315,0.1894253076189264,0.984313725490196,0.04727392225045675,0.02469457359149708,0.9465686274509804,0.9754901960784313,0.2492926581244192,0.9901960784313726,0.29866258254980965,0.9852941176470589,0.31869687240088096,0.9852941176470589,0.23537672586147199,0.19984307076754637,0.9941176470588236,0.03289463744243311,0.02264630783094556,0.9524509803921568,0.9705882352941176,0.12853714503010225,0.9754901960784313,0.27186442315995374,0.9950980392156863,0.39310385306865614,1.0
WSHOTSA,204,1125,4.681248463302183,0.0023687827206311267,0.18751095343517582,0.08981645872505309,0.9897058823529412,0.03352167214057279,0.015068932201141312,0.9284313725490196,0.9803921568627451,0.11792495979359267,0.9950980392156863,0.22009925360748409,0.9852941176470589,0.22010799318855917,0.9901960784313726,0.19684425946059794,0.18745722795056707,0.9921568627450981,0.03136970988768791,0.019790403546308632,0.9352941176470588,0.9558823529411765,0.1778427959689933,0.9803921568627451,0.15796318595333297,1.0,0.28910314096623746,0.9901960784313726
WSHOTSL,204,1125,4.661940581621341,0.0025088848885806503,0.19014114630354634,0.09745415638889275,0.9887254901960785,0.035449632549308045,0.018197895338642866,0.9323529411764706,0.9803921568627451,0.1709527269664433,0.9901960784313726,0.22067999880449604,0.9901960784313726,0.1950994457125507,0.9901960784313726,0.21777919028333564,0.20607198886240066,0.9926470588235294,0.03194730723985205,0.019995373784487794,0.9235294117647059,0.9705882352941176,0.1607873022723239,0.9754901960784313,0.22623792004968282,0.9901960784313726,0.2613828198049887,0.9950980392156863
WSMTMNS,203,1122,4.855050714364484,0.0011618669109535686,0.023034634195251143,0.013846610571205313,0.9724137931034482,0.011973732690590516,0.0055463012448818865,0.8384236453201971,0.8719211822660099,0.021343898838946832,0.9753694581280788,0.01824878758779464,0.9753694581280788,0.03161293577256531,0.9507389162561576,0.020045751809159393,0.014904765968946248,0.9827586206896551,0.010030113825157424,0.0073590223952375985,0.9123152709359605,0.896551724137931,0.016411179525179183,0.9802955665024631,0.019761645821288143,0.9852216748768473,0.02508823544490313,0.9753694581280788
WTB1YR,159,946,1.96548587917853,0.03609120732812561,1.066205723135067,0.7356969369323693,0.9911949685534591,0.44255006756048987,0.311211415123588,0.9345911949685535,0.9433962264150944,1.1471515258146556,0.9874213836477987,1.2646085138866403,0.9874213836477987,1.0654084706151452,0.9937106918238994,1.0501778932745032,0.5742509644260223,0.9855345911949686,0.3752972484696149,0.2440285732620113,0.9226415094339623,0.9056603773584906,0.8963095252136345,0.9811320754716981,1.150623769846646,0.9811320754716981,1.0846491705651011,0.9937106918238994
WTB6MS,204,1124,1.9136126484241935,0.05990199763681243,2.0717179147786813,1.2283744269606138,0.9779411764705882,0.8616093210756657,0.45321817170377404,0.8911764705882353,0.9166666666666666,1.428036666218125,0.9901960784313726,1.950846278033817,0.9852941176470589,2.3023444162535145,0.9656862745098039,3.7260448350382194,2.626458458649777,0.9725490196078431,0.66319092084665,0.37319540916571503,0.8995098039215687,0.8970588235294118,2.6705902838494264,0.9607843137254902,3.59924467569385,0.9656862745098039,3.347472601294345,0.9705882352941176
WTFORBAFL,204,1125,2.13250511196424,0.016212457374266513,0.3373176926991415,0.2508666937052219,0.9897058823529412,0.14804718614383633,0.10040090765790058,0.9044117647058824,0.9313725490196079,0.2977546880594899,0.9901960784313726,0.36645633454900983,0.9901960784313726,0.29459127428366627,0.9950980392156863,0.595428783438064,0.5621198327500154,0.9931372549019608,0.14518077608576455,0.11032339289635189,0.9259803921568628,0.9411764705882353,0.23006361653442056,0.9950980392156863,0.7327338704123472,0.9901960784313726,0.8257047784060573,0.9950980392156863
WTFSRFA,204,1125,4.123108430090379,0.0027805293057076045,0.2257900734539469,0.15317493139721008,0.9862745098039216,0.04552089219833214,0.025188215668089174,0.9196078431372549,0.9607843137254902,0.15364284100360834,0.9950980392156863,0.2471297574388798,0.9950980392156863,0.26161464898882847,0.9852941176470589,0.18617472886669956,0.14284011881650674,0.986764705882353,0.033838683448818054,0.023029853924086845,0.9352941176470588,0.9411764705882353,0.06720551466657253,0.9852941176470589,0.1944850852443155,0.9901960784313726,0.22635973444692695,0.9950980392156863
WTFSRFL,204,1125,3.951433129821275,0.003299692210585358,0.22963436383696795,0.1565967333420056,0.9882352941176471,0.04884127288612004,0.02938435785291329,0.9367647058823529,0.9607843137254902,0.1713338485463483,0.9950980392156863,0.2538410445241187,0.9950980392156863,0.2517899468789863,0.9852941176470589,0.14172284540885227,0.09575555304905617,0.9872549019607844,0.03926631835015523,0.027939472937619638,0.9436274509803921,0.9215686274509803,0.0712999359954114,0.9705882352941176,0.16939610191684282,0.9901960784313726,0.14413340247804057,0.9950980392156863
WTREGEN,204,1125,0.18129374764018308,0.1262342982411471,2.5510735392919393,2.3246158995390918,0.9941176470588236,1.3097870670749285,0.976689456938467,0.9343137254901961,0.946078431372549,2.5048182731097586,0.9950980392156863,2.5605494521296293,0.9950980392156863,2.8583506168526367,0.9901960784313726,3.419004180293918,3.1355039691450477,0.9941176470588236,1.235293140550935,0.883207305442446,0.9176470588235294,0.9509803921568627,3.2122361926802077,0.9950980392156863,3.2394373100661698,0.9950980392156863,3.074402062268339,0.9901960784313726
