series,n,ll_A_loc,crps_A_loc,ll_B_scaled,crps_B_scaled,ll_C_conf_raw,crps_C_conf_raw,ll_D_conf_scaled,crps_D_conf_scaled,ll_E_refit_ar,crps_E_refit_ar,ll_F_refit_noG,crps_F_refit_noG,ll_C2_raw_sm,crps_C2_raw_sm,ll_D2_scaled_sm,crps_D2_scaled_sm,ll_E2_refit_sm,crps_E2_refit_sm,ll_G_pool_with,crps_G_pool_with,ll_H_pool_without,crps_H_pool_without,ll_I_pool_sm,crps_I_pool_sm
AAA,1289,2.0177146285003027,0.015447117617563316,2.237951410070716,0.01529621318856833,2.0465093236783916,0.01544426330466648,2.082091843882289,0.015330462713432615,2.138290011497192,0.014889267575607964,2.2733543036950596,0.014887932739454634,2.012424189442733,0.01548082187793032,2.0636687392033513,0.01533239014704675,2.13167156318902,0.01489092743050023,2.268421768538867,0.014923129596431202,2.268422528371546,0.014923129049024632,2.2684231183440953,0.014923128880141436
AAA10Y,5380,2.280457141519519,0.012834691142207437,2.401589186681455,0.01280945542566968,2.216387055646475,0.012827372325864006,2.323486367517313,0.012810999781450984,2.325292758551326,0.012783732925473046,2.4038280805448324,0.012787306468837146,2.201296559304302,0.012828267959630525,2.3180376304392256,0.012811920770229409,2.3204302913161166,0.012784962868192138,2.3777283554530104,0.01262600413044096,2.3777284391884987,0.0126260038430011,2.3777283260558244,0.012626004209755286
AAAFF,5380,0.9748077589618568,0.04417155959997973,1.2671771510229242,0.04082677382101265,1.1277399668441108,0.04086652318384357,1.2089877408768974,0.040703393811286216,1.2112616954651647,0.0406103871564915,1.2744764126713943,0.04075668885074147,1.1129488196479986,0.040802118115066316,1.2076238175768987,0.04070304660852675,1.210727859068971,0.04061105001401089,1.2605586548530603,0.0407384701219751,1.2606189936428214,0.04073855340283473,1.260553256832839,0.04073859068963045
ABCOMP,1331,2.6145734167771444,0.008744595600285884,2.6742330777546472,0.008837511828884268,2.4251572868873654,0.008888752814171069,2.6285724612085155,0.008851189419796299,2.6466797714575265,0.008703111886819145,2.688173685163213,0.008686496529173582,2.381499129989814,0.008885805475224065,2.583072834929883,0.008838582954496025,2.603778425186559,0.008688533257224228,2.688134917182692,0.008704945196668533,2.6881359413666304,0.00870494445965729,2.6881354414942833,0.008704944525300011
ABCOMPN,1331,2.974385237068456,0.0064649728200182974,2.9883500797328373,0.006619350541977866,2.940624118315323,0.006474653303019979,2.894071257077706,0.006616219461921541,2.9047404305159996,0.006596210669521138,2.9927994056849743,0.0066036945238884025,2.940877145219923,0.006471250107803051,2.8849142531893963,0.006618868453959794,2.8981114954283553,0.006598388019454673,2.9812588989272286,0.0065296219577247495,2.9813678038749685,0.0065293200317352584,2.9812674525887632,0.006529601265710126
ADPWES1T19ENERSA,853,5.868201572798526,0.00028012808857710684,6.5462514517880805,0.00026397061214482824,5.653149190819,0.0002908237201771889,6.323778285646904,0.0002643564910226482,7.0760206682006315,0.00013768374685702207,7.003968959397708,0.00014544896952938267,5.659790511684296,0.00029057944855100055,6.319326522498301,0.00026379872463831234,7.094470266603398,0.0001362738393724677,7.004663405368063,0.00014542194817596956,7.003968959397708,0.00014544896952938267,7.011078965320209,0.00014527896412620656
ADPWINDCONNERSA,853,6.0996972491195285,0.00023782475067232192,6.704740681724701,0.00020729349759189685,6.150040170242082,0.0002401298971860588,6.634357350314004,0.00020685211186400565,6.894745809321871,0.00013000373208324386,6.967202847063481,0.00013462850522725372,6.163210239078313,0.00023956430607847062,6.606954500968624,0.00020670750052134088,6.878041555571654,0.00012946917512049764,6.967202847063481,0.00013462850522725372,6.967202847063481,0.00013462850522725372,6.967202847063481,0.00013462850522725372
ADPWINDMANNERSA,853,5.558860059951748,0.00022635576078140898,7.061574144717734,0.00018022692509669369,5.640100645520643,0.00023229010694241173,6.796606651134828,0.00017939228114752185,7.296126899241963,9.4980941840367e-05,7.405492801241927,9.961581951278397e-05,5.635595646653375,0.0002310598413221625,6.825185391510777,0.0001792255267227729,7.301997113539855,9.411204036215899e-05,7.405492801241927,9.961581951278397e-05,7.405492801241927,9.961581951278397e-05,7.405492801241927,9.961581951278397e-05
ADPWINDPROBUSNERSA,853,5.563358317698417,0.0003099951571792239,6.408208348117002,0.0002731089465010671,5.479586068339239,0.0003178889730510093,6.151167452385544,0.000273446369301036,6.973630688622769,0.0001226192894881795,6.947604038951582,0.0001362303289801628,5.37380065571121,0.00031731248860859357,6.1316093354424,0.00027346678360531593,7.009895903995913,0.00012174562547697991,6.947604038951582,0.0001362303289801628,6.947604038951582,0.0001362303289801628,6.947604038951582,0.0001362303289801628
ADPWNUSNERNSA,853,5.053119388151137,0.0008018330598278579,5.12986834454623,0.0008043324003145446,5.137729219593357,0.0007954160785694581,5.050696503675278,0.0007924910575389864,5.531414192961201,0.0005074620206826727,5.5285610931344324,0.0005163024479989522,5.112152826625866,0.0007958658874072963,5.012973094041357,0.0007937256868193356,5.560310259822139,0.000503438947507534,5.5285610931344324,0.0005163024479989522,5.5285610931344324,0.0005163024479989522,5.5285610931344324,0.0005163024479989522
ADPWNUSNERSA,853,5.929784818710939,0.0001744633430874926,7.134360300230045,0.00014865500103283428,5.681056911515478,0.0001870537182931559,6.866942423618599,0.000148833258220927,7.519064811205603,7.266661907611832e-05,7.675656185202643,6.909071365693631e-05,5.703822963648363,0.00018613782824937982,6.7856507910464074,0.00014857197216152542,7.513690172465795,6.706610002315889e-05,7.675656185202643,6.909071365693631e-05,7.675656185202643,6.909071365693631e-05,7.675656185202643,6.909071365693631e-05
AHETPI,749,4.611701132120156,0.000997537226749235,4.770475235461253,0.000978904654724121,4.708224222456808,0.0009549938801341202,4.719016867556446,0.000963414916743609,4.767303697313338,0.0009298774950271913,4.81512726508002,0.0009425878847442898,4.7363321615152225,0.0009441506206129712,4.736431771711421,0.0009618699859943865,4.782322621191618,0.000927966322754448,4.786809753422911,0.0009548105217348293,4.78691344509342,0.0009547345203471414,4.78711600704928,0.0009547156813316804
ALLACBW027SBOG,887,2.9045180276640776,0.004752060754957095,3.8754392088171263,0.0037945681333321347,3.3379820634109265,0.0037671260885378042,3.730827323906256,0.003721014540940455,3.735379230057674,0.003755215825446472,3.8659572350495583,0.003835555992636724,3.339856143884852,0.003761264651108558,3.656283377612965,0.0037117369075038566,3.6472360662227343,0.0037431677665635517,3.872499027949215,0.003796245338455983,3.8754107330402072,0.0037954709837834397,3.8699268840484713,0.0037977176057494813
ALTSALES,605,1.2272348683469712,0.03416175727830101,1.3157646636880675,0.03400237846332185,1.295406239346716,0.03265182290188967,1.2916928361214415,0.03277491280236287,1.347753085509649,0.032403874598118575,1.3258828026104035,0.03393768425452523,1.2776287877761099,0.032519152469588364,1.2755313774467703,0.03278723503282972,1.3407831733460198,0.03240462123591215,1.2688496246975765,0.03273581568442488,1.2688500636181967,0.03273581552704832,1.2688496367069475,0.032735815673907806
ALURN,603,0.48261138946683646,0.05879464270518753,0.7146279746574634,0.060499288695131936,0.4793837086948931,0.058060478585055884,0.5642828591271044,0.05846994195231317,0.553607658097806,0.058990184892858226,0.7167993651475597,0.06088162416159357,0.4820781764108933,0.05808302074674946,0.5673575994620614,0.05849358130434207,0.5611948797538882,0.058979854970938744,0.5035896429211083,0.05636306485572526,0.6666890563265194,0.05636708329584276,0.5158554245349543,0.05652494190697849
AMBOR1M,797,1.676907619840857,0.01803336577192971,3.3827844451055586,0.005248137213744052,3.2384637516006003,0.0061445278279177685,3.5348198307406533,0.004741624312232123,3.5305583669221265,0.004748107576207722,3.3762906775489983,0.005267812080043568,3.2372151625427574,0.005814924394162463,3.526954812246986,0.004714159047405704,3.529984742080992,0.004709414462967556,3.457157951229844,0.005637234514947625,3.274930009680804,0.006679344515285623,3.2749299973793606,0.006679344523443344
AMBOR3M,797,2.3942964359946663,0.009235091285572138,3.5508931565614303,0.004411515176011583,3.3642696832809835,0.005189875248904206,3.61063556962869,0.004291745805755192,3.611763726680416,0.004310707269804969,3.5485734726668854,0.004441262578393476,3.377835179330949,0.004990280568836222,3.6074753419671275,0.004290339607579941,3.6022082340639066,0.0043093167964480105,3.489057795734617,0.004887515428858553,3.4878294756821746,0.004898692886974947,3.4878294784459487,0.004898692888306958
ANFCI,2896,1.2667051891878525,0.03359629991490588,2.0292615822362565,0.024958819900626532,1.749771937092353,0.02718968611076769,1.9698948127512168,0.0249230036907679,2.7292796514917947,0.009784933762049728,2.85570921464629,0.009897289797622935,1.744695264426217,0.027166890652390356,1.9727718871981441,0.02492806567061514,2.735698001556511,0.009764798399355285,2.858113791276041,0.009835755708242105,2.85570921464629,0.009897289797622935,2.8588823596057193,0.009808426052589286
AOLACBW027NBOG,2791,2.750556182980291,0.007642919657627152,2.8608268866112154,0.007586547141877895,2.7890235086176545,0.007435971828325029,2.811200005368666,0.007568411509964025,2.8783688370080025,0.006973836055431395,2.9287876660312886,0.007007147739398684,2.7877982535671686,0.007432882295114789,2.810373216522608,0.007568356069990025,2.8797355158495246,0.0069724006892071975,2.8832303861144566,0.007172457699924456,2.883347751165824,0.007172239649446322,2.883230375179146,0.007172457719895315
AOLACBW027SBOG,2791,2.978672195773112,0.00553317323942702,3.1572406772668264,0.005400080801729587,3.06669669789443,0.005219967858576639,3.1270501681181146,0.005366186015591117,3.1751997713724474,0.005105943896761159,3.2072007279519985,0.005140817275045522,3.0672824728264674,0.005220352573265189,3.1217084773943444,0.005365382212433327,3.175386241571923,0.0051028890683356845,3.1443786243420315,0.0051490579024695724,3.14450997671212,0.005148899674766904,3.1443786243420315,0.0051490579024695724
BAA,1289,2.2011154046408468,0.0137069599867617,2.4036671876078306,0.012937218505497353,2.2612491303605635,0.013271747031873978,2.3644862122050396,0.01297211768828918,2.4303150289965694,0.012337547657768597,2.4597540632206862,0.012323931349592726,2.2544856452394444,0.013261339493788655,2.3318745453569076,0.01299213592358665,2.4166289451358782,0.012348507966364327,2.457167753150181,0.012342267137361307,2.457167664106276,0.01234226775792435,2.4571680235890803,0.01234226768343009
BAA10Y,5380,2.9900646399348134,0.006351609458422933,3.0715861845794277,0.00637834600346121,2.9029369682103203,0.006353487031998706,2.981932890232957,0.006380096915494346,2.9875493776180617,0.006373113220463072,3.0727356199656186,0.006376379893766499,2.894431414093536,0.006353753341717633,2.983470316633853,0.0063798811058171714,2.986344500062954,0.006373688424158767,3.04895571118309,0.006390039081145016,3.048932318726652,0.00639003164473614,3.0489486800031105,0.006390047634380248
BAAFF,5380,0.9980875603579327,0.042931172257421026,1.305698681513702,0.039407022828745454,1.1666562974769898,0.03938136002215094,1.2515752660407453,0.03927393477519579,1.2581931214704423,0.039193680543101524,1.312918965626103,0.03936110331076392,1.15403300691431,0.03935673005191822,1.246190224383666,0.03928141675932903,1.2532902222964135,0.039203708569037314,1.2988199232277176,0.03935973146059487,1.298806072779809,0.03935992135031586,1.2988199299871945,0.03935973096776572
BAMLC0A0CMEY,784,3.3437688974695865,0.004667760908158604,3.349225341843218,0.004719983806255981,3.3318455574325623,0.004630095218149551,3.2544041561907475,0.004735794871858192,3.252834566718069,0.004746306446244089,3.3467511000486936,0.004732252447029723,3.346594189082711,0.004621780310401409,3.2573046951326794,0.0047388614023655086,3.2587233882348485,0.004748924306352803,3.3723674517615265,0.004529814501076822,3.3723674517615265,0.004529814501076822,3.3723674517615265,0.004529814501076822
BAMLC0A0CMSYTW,785,3.336238013801234,0.004724965933534581,3.3340424345097643,0.00478967034974546,3.3095339089927815,0.004703029033991102,3.242313073906432,0.004808161704969961,3.2419071349175135,0.004812664701720557,3.3325348198220883,0.0047951726722601255,3.3275471361395517,0.004690733341104992,3.243688073917099,0.004810786527513912,3.2469805459790537,0.0048139309164262145,3.364706120518575,0.004584046457936655,3.364706120518575,0.004584046457936655,3.364706120518575,0.004584046457936655
BAMLC0A1CAAAEY,785,3.2681444987161457,0.00500092590770465,3.2921262770393653,0.005016720103284501,3.272220898926625,0.004926960319072522,3.1928874384541577,0.005035939955446574,3.1880662024289004,0.005046432150016482,3.290046544933457,0.005027155779947555,3.2910151681470206,0.004917720759529449,3.211579528440956,0.005035781605854928,3.2136014065513256,0.005044950122502344,3.2971831379490415,0.004854948034144422,3.2971831379490397,0.004854948034144406,3.2971831379490264,0.004854948034144461
BAMLC0A1CAAASYTW,785,3.2589486092937725,0.005064032351064583,3.288622313597502,0.00508601481814905,3.2459026762989867,0.004997737855358663,3.17324085808679,0.005107686839581147,3.1818453498033525,0.0051035479823584515,3.2896090391462107,0.005082809939405588,3.2638954788673367,0.004988800371727669,3.1909281907940277,0.005108908394503155,3.198795313068745,0.005103795885060069,3.2886528042514716,0.004909228901259569,3.288652804251481,0.004909228901259532,3.2886528042514445,0.004909228901259653
BAMLC0A2CAAEY,785,3.288075635206445,0.004931443811638426,3.2941707625164858,0.004982034575499954,3.2778276709363117,0.004885897049089832,3.216715866264004,0.004998010961884604,3.2209011621644255,0.00500585442972266,3.292676283093602,0.0049894762474668435,3.291864482979171,0.004874711234136892,3.215488776609871,0.005000766847918713,3.2176599981183633,0.0050075964462779395,3.3168117553720666,0.00478325512094792,3.316811755372048,0.004783255120947936,3.316811755372067,0.004783255120947919
BAMLC0A2CAASYTW,785,3.2881933938869397,0.004932405699038268,3.2900801049891433,0.004991224567769367,3.279833178970528,0.004897944877322261,3.1933910110977832,0.005007988652345131,3.2003968414112123,0.005006636855930845,3.2899889218789045,0.0049909225104903315,3.297489035526384,0.004879412241769691,3.196759941070518,0.005009708384095113,3.2043349403774424,0.005007928881426497,3.317029284990679,0.00478483512509238,3.317029284990692,0.004784835125092322,3.317029284990715,0.004784835125092299
BAMLC0A3CAEY,785,3.317635818569494,0.004813052309809978,3.3117015137993984,0.004883951477771268,3.2956706669370512,0.00478628883933827,3.234578533528337,0.004903350818797776,3.232758608245859,0.004905465884140933,3.3111165719834963,0.004886624027821655,3.3030680621403006,0.004775623255871769,3.2335123572136295,0.004905207963374828,3.236655277694174,0.004905980802804555,3.3470990128658995,0.004664517906854948,3.3470990128658875,0.004664517906854968,3.347099012865899,0.004664517906854949
BAMLC0A3CASYTW,785,3.2890131806696816,0.004954370201202717,3.288934353044663,0.005024135405189789,3.2709631380891784,0.004928126689150559,3.1755768714646484,0.005043346944771965,3.174902752061012,0.005045363899015592,3.2870765851831143,0.005030698422715669,3.2812550302728316,0.004917370646800801,3.182413030192582,0.0050455023923906385,3.183886190875093,0.0050470528893533,3.318265154912173,0.004802652474380792,3.318265154912173,0.0048026524743807935,3.318265154912173,0.004802652474380792
BAMLC0A4CBBBEY,785,3.362708675442443,0.004581714235705144,3.365082020823893,0.004635300436244451,3.351986421993591,0.004552607443712211,3.2754749832768746,0.004651081030973232,3.2714601043384133,0.004661184338850441,3.3629342389111776,0.00464529132698511,3.3587082596966904,0.004543342431595148,3.272539080079433,0.004653454630010448,3.273622500452966,0.004662414302824259,3.3905882651651895,0.004445815961328427,3.3905882651652757,0.0044458159613283595,3.390588265165189,0.004445815961328428
BAMLC0A4CBBBSYTW,785,3.3690498522362415,0.004568652741761977,3.3685622626844616,0.004632011477699052,3.345157088973892,0.00454952185625072,3.2867350342502957,0.00464753942755321,3.2822140755069906,0.00465936417217728,3.3658332578232284,0.004644531431108461,3.3552119384229964,0.004537035202659668,3.2782305159452765,0.004650885434583848,3.279026662830847,0.004661478934225547,3.397198532307492,0.004434198005212643,3.397198532307492,0.004434198005212643,3.397198532307492,0.004434198005212643
BAMLC1A0C13YEY,785,3.1916608268189997,0.005430597840351523,3.1765713443655335,0.0055361864515507675,3.173166373464205,0.0054242291047394454,3.0646127373807994,0.005543136168530173,3.085755495893699,0.005504138600956868,3.179537988218264,0.0055079249625991766,3.1706830945921083,0.005411501634333285,3.0638681612239065,0.005546643004164127,3.086628228262889,0.005507519795209072,3.2250023846574374,0.005228565890897439,3.2250024751480075,0.005228565887300316,3.225002384363744,0.005228565891609792
BAMLC1A0C13YSYTW,785,3.1579016184425055,0.00561753774334211,3.1403745463468007,0.005734250694190833,3.1267954719154782,0.005619828179946447,3.021936354009828,0.005745128279353922,3.0322463115626856,0.005713616386629566,3.14285822557143,0.005709137376510172,3.1323472378159782,0.005604624817519875,3.014771866346947,0.0057469515608768685,3.035135393255271,0.0057156733607052305,3.190810489184391,0.005408019885817343,3.1908104891843925,0.005408019885817344,3.190810489184391,0.005408019885817343
BAMLC2A0C35YEY,785,3.1679007366026615,0.0055924628163147245,3.16096785642491,0.005682748214076189,3.1559923301222814,0.00556982624881546,3.0720359954264054,0.005701898237156313,3.064661493766101,0.0057014924394379225,3.160223883488364,0.0056854010863041085,3.155011064126522,0.005561444692002666,3.0592470992583887,0.005704207240457876,3.0688269981619696,0.005701934384249813,3.197736549027166,0.005410637687714063,3.197736549027166,0.005410637687714065,3.197736549027166,0.005410637687714063
BAMLC3A0C57YEY,785,3.20636901784201,0.005379969868670892,3.208658676418531,0.005454705416978875,3.200940597463582,0.0053502858141902514,3.114408927311279,0.005475558368060237,3.1085680550525496,0.005481667105287368,3.207184197445505,0.005463385278569677,3.2015642591886437,0.0053427891183474505,3.112550478632355,0.005478266890404258,3.113859457902528,0.005483868386607873,3.23581939454009,0.005215007189740583,3.23581939454009,0.005215007189740583,3.23581939454009,0.005215007189740583
BAMLC4A0C710YEY,785,3.3074532445582214,0.004853034626307329,3.3116698142284338,0.00490849263027334,3.296533163693398,0.004811276456781873,3.1834195622783996,0.004927570941979567,3.188872460341511,0.004940067769479549,3.308798814494815,0.004921974884611495,3.3077114899393605,0.004806418279396773,3.2047437427004346,0.004929020050278771,3.206832339040193,0.004941467427304737,3.334971474094369,0.0047169881438447765,3.334971474094369,0.0047169881438447765,3.334971474094369,0.0047169881438447765
BAMLC4A0C710YSYTW,785,3.288237922787195,0.004945279033899074,3.2953599885713216,0.004998497183349775,3.277140776273685,0.004899561965422248,3.190316610491999,0.005018214056620156,3.1912561884293638,0.005030815511352485,3.2928707461930293,0.00501089626941782,3.2891625659555963,0.004894686557221408,3.193731631985967,0.005021019135425495,3.194615813179223,0.005032686355619346,3.315902360908375,0.004805654032599612,3.315902360908375,0.004805654032599612,3.315902360908375,0.004805654032599612
BAMLC7A0C1015YEY,785,3.34221691693608,0.004681201971921973,3.3520323882517244,0.004727674150234248,3.3281779136049705,0.0046364489646567334,3.1815084636146964,0.004751435099899441,3.180113664154659,0.004762438365765318,3.3493952238371536,0.004739303001728265,3.3402741697215736,0.004631296236306612,3.239813764656649,0.004751214513225922,3.2419357175587007,0.004761283341205123,3.3705507618674404,0.004546746300324162,3.3705507618674404,0.004546746300324162,3.3705507618674404,0.004546746300324162
BAMLC8A0C15PYEY,785,3.396584601726238,0.0044010364247878495,3.4253784263055054,0.004407420342722222,3.4175330858689974,0.004329797303043361,3.3025541966982246,0.004425286638531363,3.3121460445951962,0.0044376926145765485,3.4226925926464693,0.00441991280085845,3.4226001010657265,0.004326196311505609,3.3311317609946287,0.004425773220205442,3.335766896298082,0.004436664398750012,3.424484314787927,0.004263609568846624,3.424484314787927,0.004263609568846624,3.424484314787927,0.004263609568846624
BAMLCC0A0CMTRIV,785,4.381933564116457,0.001627132829001118,4.4206759592657425,0.001621648018498871,4.389944682846741,0.0015957050834817027,4.268708268596798,0.0016271231497180505,4.282949290225102,0.0016283607548913319,4.419166937194718,0.001624759323758244,4.408532804207026,0.0015924569170533117,4.314603093235144,0.001626701771300536,4.324896628991763,0.0016283745118134366,4.4097051358885375,0.0015817920968270993,4.4097051358885375,0.0015817920968270993,4.4097051358885375,0.0015817920968270993
BAMLCC0A1AAATRIV,785,4.0393694828647435,0.002321131039161483,4.050060877204368,0.0023367980368019007,4.04299451921553,0.00229219493625241,3.888400954854503,0.0023487230261942083,3.8930260020210485,0.0023512550790208086,4.049210515712396,0.0023403830678929488,4.048909112541449,0.0022885872686658412,3.9292668783581792,0.0023476400766173577,3.9370548538164156,0.002350159619604639,4.069708988132405,0.0022493173877327468,4.069708988132404,0.0022493173877327468,4.069708988132405,0.0022493173877327468
BAMLCC0A2AATRIV,785,4.317692353998534,0.0017411138458837895,4.347557914263036,0.0017403450125794552,4.318952029196162,0.001709391043845492,4.200297074281186,0.0017470351494242927,4.211600538507238,0.0017477465950069713,4.346689274220336,0.0017428723320441887,4.339164989776869,0.00170662055247402,4.232682265323804,0.0017463463516658251,4.242363989858277,0.001747506171627866,4.346783754467911,0.0016898959510755062,4.346783754467911,0.0016898959510755062,4.346783754467911,0.0016898959510755062
BAMLCC0A3ATRIV,785,4.380591108625028,0.0016305985294049923,4.418452827667891,0.001626120841840386,4.38770341559184,0.0016008200417283592,4.269392385177481,0.0016326426952777936,4.286284822212393,0.0016334948797065724,4.417023020730964,0.001629025306495996,4.4070451212226445,0.0015965635755921925,4.316250285048248,0.001631377913199127,4.32650441393827,0.0016329448502973335,4.408973758104026,0.0015839473310678427,4.408973758104026,0.001583947331067843,4.408973758104026,0.0015839473310678429
BAMLCC0A4BBBTRIV,785,4.401297525068864,0.0015933625178617841,4.4431086945246,0.001586047055322721,4.415565182511317,0.0015607211145342447,4.280439974817307,0.0015914626220630986,4.302864958310823,0.0015927747208967053,4.44141213865271,0.0015895151329482107,4.428278714297985,0.0015583065846399918,4.337301225163492,0.0015904975393165142,4.346082977610751,0.0015925972309133978,4.427891974417821,0.001551251573301299,4.42789197441782,0.001551251573301299,4.427891974417821,0.001551251573301299
BAMLCC1A013YTRIV,785,5.613824934783984,0.00047516813531700255,5.641140272743836,0.0004760072955000186,5.594983799481166,0.00047009236094259024,5.541327742763326,0.0004767799999126153,5.545208396115319,0.00047457710299535693,5.642764995536134,0.00047429957880241406,5.606750085942271,0.0004679567164660331,5.538842748807896,0.00047674832305817373,5.5514333464681425,0.0004745950423023901,5.634120225040474,0.00046777609294102406,5.634120959499075,0.0004677759231337362,5.634120299788523,0.0004677760566368049
BAMLCC2A035YTRIV,785,4.906609267234043,0.0009658337982173522,4.936128673493547,0.0009666247853879164,4.931154409820889,0.0009498593895535184,4.825975796927309,0.0009700370717550914,4.837545586667466,0.0009698133653360212,4.935452623676256,0.0009675290425222368,4.9223954808087935,0.0009483105014535437,4.838293405881259,0.0009698192212635829,4.848193701756639,0.0009697173236494001,4.933821414436829,0.0009406164289377668,4.933821414436829,0.0009406164289377668,4.933821414436829,0.0009406164289377669
BAMLCC3A057YTRIV,785,4.539548932133838,0.0013921778911291796,4.575996012325619,0.0013896741370991131,4.5551893486849355,0.0013684347417010196,4.46881214573482,0.0013941214003322408,4.472108871124649,0.0013960371615543779,4.574281139694154,0.0013926792162517623,4.562724582868775,0.001365430774250132,4.4790997305201605,0.001393816390038134,4.483627504260294,0.0013955013889570338,4.567189706084091,0.0013548446318056657,4.567189706084092,0.0013548446318056657,4.567189706084091,0.0013548446318056657
BAMLCC4A0710YTRIV,785,4.308411180359442,0.0017464086143852047,4.354831523659767,0.0017337453051085687,4.318886368564155,0.0017107461564437147,4.209658828505749,0.0017403429531003647,4.2179400301220715,0.0017433352161262204,4.352909931116968,0.0017381955443772797,4.337533789883238,0.001704366078102005,4.2482541680084225,0.0017391864923772663,4.254200626314269,0.0017427446518967838,4.3355198172420675,0.0017004364504303773,4.3355198172420675,0.0017004364504303769,4.3355198172420675,0.0017004364504303773
BAMLCC7A01015YTRIV,785,4.066122134211014,0.0022369230467089297,4.099605175899289,0.0022319793391989205,4.065228650897314,0.002196878835180542,3.93581300787927,0.0022403989481944828,3.9376565993275467,0.002244707205781481,4.097588198223487,0.002237621521355148,4.081352665089794,0.0021929449647751934,3.988619410004461,0.0022394664797249796,3.9943964851232994,0.002243607631264358,4.094667046858513,0.002174041255713096,4.094667046858513,0.002174041255713096,4.094667046858513,0.002174041255713096
BAMLCC8A015PYTRIV,785,3.6623066417067762,0.003350694934845451,3.699892155848573,0.003337845267880431,3.684980967785848,0.003283216631824837,3.5873970362097682,0.003348174376608342,3.596973821479634,0.00335390256636873,3.6978187956770623,0.003347835428819042,3.6911183319527563,0.0032806645298046173,3.59748876910636,0.00334778521156435,3.6054084724565167,0.0033542685343758653,3.691266704592279,0.003243989143093469,3.691266704592279,0.003243989143093469,3.691266704592279,0.003243989143093469
BAMLEM1BRRAAA2ACRPIEY,785,3.5944952788781146,0.003605126668056394,3.6056200257768447,0.003634728081638743,3.5744651926379145,0.0036034199800827724,3.5305288622181874,0.003641082895072101,3.530793535482422,0.0036409857556521635,3.6045857193518076,0.003634729386823701,3.5779316181583,0.003579076558064818,3.535295221084856,0.0036432525130620686,3.536374687611679,0.0036430699977045493,3.612717916687737,0.0035377687397196225,3.612717916687737,0.0035377687397196225,3.612717916687737,0.0035377687397196225
BAMLEM1BRRAAA2ACRPIOAS,785,2.008437895133896,0.01788699814986376,2.0073398966313984,0.018144820627104683,2.0314371678494596,0.017778574277510527,1.8745270743701699,0.018275078708249428,1.9793451758799534,0.01726292646479678,2.0658970485897106,0.017128133603631763,1.9921865355339934,0.017767067126230766,1.8965876990483244,0.01827619807966894,1.9892319225675967,0.017266877340802997,2.049854522193884,0.017142353319287887,2.049854514505491,0.017142353342375526,2.0498545218590793,0.017142353321433525
BAMLEM1RAAA2ALCRPIUSEY,785,3.5896167457894244,0.00363366525505608,3.592496921587381,0.003675119769569181,3.5555507313549306,0.0036267842851669925,3.546843127768773,0.003679207891778092,3.546417598145164,0.003679387338114531,3.5916486984668303,0.00367634338941455,3.5685041571917617,0.0036163619107862886,3.5312587180431665,0.0036816093448796094,3.5384497114249425,0.0036814649767799067,3.6066023759641737,0.0035665246026683212,3.6066023759641737,0.0035665246026683212,3.6066023759641737,0.0035665246026683212
BAMLEM2BRRBBBCRPIEY,785,3.8138769149169645,0.0028534439528167975,3.8284528470468513,0.0028716804791031982,3.7761917642674505,0.0028434569845117164,3.758240830404948,0.002872599399714914,3.7565132585807888,0.002872819845025606,3.8258429468786646,0.002873005862964913,3.789969199021237,0.00283160081773348,3.7687589404176505,0.0028728989796747307,3.765475032946174,0.0028731175904891685,3.8249571248742535,0.0028201301989903864,3.8249571248742535,0.002820130198990386,3.8249571248742535,0.0028201301989903864
BAMLEM2BRRBBBCRPIOAS,785,2.3758549106157663,0.012471083466336491,2.3563599366567045,0.012744800631915125,2.322738424486599,0.01246961006475555,2.255747949309152,0.012810440325919681,2.2775640712649237,0.012580880997793819,2.371904230916386,0.012507534391575498,2.317038804505051,0.01247233304438898,2.246795319379931,0.012820880799373748,2.2719805085503415,0.012593120472389013,2.409491897435774,0.012006412665307102,2.409491897435774,0.012006412665307102,2.409491897435774,0.012006412665307102
BAMLEM2RBBBLCRPIUSOAS,785,2.334533492425855,0.012962051989537916,2.318155742152764,0.013229123243758934,2.2543043321914924,0.012961344860762607,2.2338926443724536,0.013306696668156717,2.249184186333861,0.013108837611473346,2.3307113280646004,0.013025089862050523,2.270123114507506,0.012957880777380986,2.238520264442916,0.013312559050975918,2.2541602541028136,0.013120584854693368,2.3682715208821623,0.01248570446080826,2.3682715208821623,0.012485704460808256,2.3682715208821623,0.01248570446080826
BAMLEM3BRRBBCRPIEY,785,3.567101518722709,0.0034401268027452214,3.6139379261346116,0.003497443780760467,3.474685175827443,0.0034086528672742328,3.413317472378473,0.0034760661110728635,3.5233005159180104,0.003454785331420783,3.622922525491637,0.003504693760979717,3.4378448200050338,0.0034062092060540192,3.4360562838877766,0.0034733426667661388,3.49644274586838,0.003455554835090108,3.5840199371815706,0.0033993916925712385,3.584020514428036,0.0033993918224082317,3.5840201569924743,0.003399391209320588
BAMLEM3BRRBBCRPIOAS,785,2.602130209457836,0.009378902137164916,2.6168390147450777,0.009612881756996056,2.545042603756403,0.009383043920731629,2.514385509008767,0.00961472683548071,2.5045080829940676,0.009643070264814367,2.6136474416853592,0.009648015632400173,2.527731512155515,0.009387754197382385,2.490540737340409,0.009617505498436962,2.487185360348567,0.009647650747727058,2.618747417599341,0.009073065964625732,2.6187474175935677,0.00907306596461153,2.6187474175878864,0.009073065964637693
BAMLEM4BRRBLCRPIEY,785,3.1326173281850838,0.0047466979145790985,3.224550017232469,0.004908946048304,3.020635165110018,0.0047015539285630075,3.0267869419516797,0.004832833038934172,3.0686933271386385,0.004828036135619957,3.221576847089109,0.00494223960093775,3.0035201714514335,0.004700256949160482,2.991093324458482,0.00483114861439548,3.042355676271794,0.004828689253095429,3.1300556403057995,0.004634735892155957,3.130055640305802,0.0046347358921559525,3.1300556403058004,0.004634735892155955
BAMLEM4BRRBLCRPIOAS,785,2.598209822950897,0.008604899290089249,2.681784552207822,0.008911131302592181,2.693764154456871,0.008573205067512857,2.4847102051603116,0.00886185234696407,2.4839887770088853,0.008875627824747274,2.6764091899691764,0.008949538410396763,2.641691171166557,0.008571188509391,2.4741306898823536,0.008857717027230183,2.472653042659192,0.00887240032488009,2.6021476835963133,0.008371106667822198,2.602147730224421,0.00837110666782219,2.6021476835963133,0.008371106667822198
BAMLEM4RBLLCRPIUSEY,785,3.1006503928140843,0.004867154697117781,3.1999896781664705,0.005049279065084159,2.993996326430937,0.004823004328928015,3.009059089194971,0.004962383077825252,3.0224147627957354,0.004967727592524668,3.197768474570031,0.005074765501517502,2.9611760250028283,0.0048236730567945245,2.948347014477234,0.004966429204133715,2.977215512793876,0.0049716715495540945,3.099564852451741,0.004735992611207428,3.099564852451741,0.004735992611207428,3.099564852451741,0.004735992611207428
BAMLEM4RBLLCRPIUSOAS,785,2.5472187618216395,0.00894240505314409,2.6397814659261494,0.009285259840742978,2.658312873200046,0.008921148516049773,2.4479585860770348,0.009223789390862422,2.446399524980112,0.009232729066494295,2.634355457952114,0.009317477903856793,2.604310144514314,0.008913281796877118,2.4255597708085057,0.009220883899331657,2.4300096658830674,0.009230294555768858,2.5502788377257444,0.008688921937301407,2.5502788840172155,0.008688921937301407,2.550278837765371,0.008688921937301407
BAMLEMALLCRPIASIAUSEY,785,3.453906146451362,0.003978763272842481,3.4443684342114698,0.004043573827421377,3.4326221321145303,0.003963948680081783,3.3884382314191206,0.004040288735592128,3.3815148408602353,0.004064386777401785,3.438874315934525,0.004068878723465355,3.4268025167713647,0.003955828391675069,3.4011557383472306,0.004038472748075919,3.397702992959683,0.00406349125967392,3.4768649970942205,0.0038891939488863883,3.47686499709422,0.00388919394888639,3.47686499709422,0.003889193948886389
BAMLEMCBPIEY,785,3.7579645093891756,0.002984693239611029,3.7573923494601957,0.0030175951662757103,3.7159945356472903,0.002982569231947715,3.7100424732180137,0.003014645248767994,3.6997898791246855,0.003015294439205402,3.7572948341392807,0.003016917441577388,3.728799604785672,0.0029682120863606058,3.7133836807958267,0.00301405260547522,3.7093580890998,0.0030142260894821383,3.7671563146165865,0.002948293205538592,3.7671563146165865,0.002948293205538592,3.7671563146165865,0.002948293205538592
BAMLEMCBPIOAS,785,2.601219492543205,0.009889960497680218,2.587607603326829,0.010089840524080445,2.5366886609106394,0.009895879148587668,2.468949121402708,0.010132128827010653,2.4730955662988743,0.010077069006338516,2.5935450596721084,0.010023524787994738,2.533012952919363,0.00989629296350489,2.483746754800869,0.010135646852346651,2.4886040136395717,0.010082178703895472,2.626305062936595,0.009567671169050112,2.626305062936595,0.009567671169050112,2.626305062936595,0.009567671169050112
BAMLEMCBPITRIV,785,5.070435569693834,0.0007987892727435339,5.134101080878795,0.0007913550553290106,5.0698315501752855,0.0007844803983882377,5.088937627470815,0.000790831995579141,5.104631592784466,0.0007876509877264192,5.137107552031888,0.0007878581194753027,5.068733761163125,0.0007833932387386761,5.095166444463547,0.0007911269514521483,5.100301096278067,0.0007877045334486912,5.072640727186255,0.0007979599093112692,5.072640727182516,0.0007979599093114988,5.072640727186209,0.0007979599093112776
BAMLEMCLLCRPIUSTRIV,785,5.00582113550988,0.0008488252526834378,5.074719929705562,0.000839375686676507,5.010977855138206,0.0008311727837864376,5.028066091343596,0.0008384217280124841,5.037580476918595,0.0008359872072747902,5.077863108274689,0.0008365680587084448,5.007035236852795,0.0008300733458425852,5.037543458411508,0.0008385716757258935,5.042528011763421,0.0008356880878582717,5.008398340273405,0.0008467357468082001,5.008398340273575,0.0008467357468081698,5.00839834027342,0.000846735746808206
BAMLEMEBCRPIEEY,785,3.544248968797617,0.0036011539897827624,3.582882371054677,0.0036309739721513733,3.457995461501898,0.0035869374972526667,3.4902087765460625,0.0036298062417481026,3.4893963772950096,0.0036471133116593025,3.5774180941285447,0.003655713234913783,3.45946163423904,0.0035813079400033154,3.4922532563494513,0.003628720208749676,3.4898749288020703,0.003647508888732002,3.541198184381496,0.003618324975372225,3.541198188118143,0.003618324975372055,3.5411981843812383,0.003618324975372972
BAMLEMEBCRPIEOAS,785,2.5560922327421176,0.00936774256176226,2.6406612268078047,0.009568401351682127,2.5631954028092605,0.009368092607173495,2.4682966952554377,0.009554498268984603,2.4671889251553307,0.009517886971522676,2.6422758124071506,0.00954732055073779,2.5279764549522956,0.009364730320068205,2.454427921459718,0.009554642991122683,2.4584215074200126,0.009517925374892275,2.5692827790189674,0.009075552313568422,2.569282779019215,0.009075552313567775,2.5692827790189656,0.009075552313568424
BAMLEMHBHYCRPIEY,785,3.498964346659827,0.0035964428971531634,3.560069882864105,0.003693293141148429,3.376324099703522,0.0035691426256205376,3.33241394563209,0.0036602615263430804,3.4338789334744106,0.0036274526829560456,3.5707332369270013,0.0036899623808784,3.3361188673179627,0.003569200345425332,3.335311267003585,0.0036607267114290537,3.400145921488724,0.003629428051873273,3.492803263024239,0.0035490001901050936,3.492803263024236,0.0035490001901050936,3.492803263024239,0.0035490001901050936
BAMLEMHBHYCRPIOAS,785,2.721851026563443,0.0083087752239015,2.75234451515271,0.00853082883828575,2.7258234167718243,0.008318712753593109,2.615855698495636,0.008547525399586961,2.619488709443043,0.008566222256777363,2.7493348220944123,0.008565586234141866,2.666376324820998,0.00831716250421755,2.6114040453967293,0.00854855512592271,2.614379031385019,0.008568666401608058,2.731917880804021,0.00824314910859432,2.7323212442202163,0.008241771310647496,2.731859563110002,0.008243338489753506
BAMLEMHBHYCRPITRIV,785,4.917301861468054,0.000891880790644547,5.007624958272683,0.0008912909715813502,4.884289358672738,0.0008702897930027465,4.885932143833174,0.000885429428233862,4.993864183147669,0.0008723134349179921,5.035482279954004,0.0008833132804307287,4.884950794968535,0.0008698795297717204,4.901380867652103,0.0008855570421690038,4.993897476593412,0.0008726225089205702,5.000314572608206,0.0008935313293341524,4.99991982207944,0.0008936646146742155,5.000318278740016,0.0008935297719544084
BAMLEMHYHYLCRPIUSOAS,785,2.701644106521467,0.008574933495285346,2.7172762828649897,0.008806352437786215,2.6791612428075244,0.008580977974470522,2.5943881548792556,0.008822676079132867,2.5923573937116933,0.008855880069705389,2.713528151082972,0.008847115762488483,2.6551721758991786,0.008580581795363152,2.5800747843713716,0.008825392666994673,2.576600265560918,0.008860699019230051,2.7096326983849695,0.00831703856319378,2.7096326983746786,0.008317038563227314,2.709632698358911,0.008317038563273624
BAMLEMIBHGCRPIOAS,785,2.228248774458786,0.014480421027571161,2.2119200832661097,0.01479058448184528,2.221260992829265,0.014439998140523519,2.0964219241436113,0.014869951545114633,2.1525396998395085,0.014290218236497322,2.248117390960166,0.014206512562621029,2.2021806473677725,0.014444097828312411,2.107824362796888,0.014877556105331652,2.164373773529264,0.014297642767552406,2.2664769728832157,0.013902983612989507,2.2664769728832157,0.013902983612989507,2.2664769728832157,0.013902983612989507
BAMLEMPBPUBSICRPIEY,785,3.7920606893886957,0.0029385275426922026,3.8149319534286956,0.0029510479304879125,3.7583412801343687,0.002941980513595067,3.7406154726581304,0.002958496343738103,3.7587583717067163,0.00294039722477704,3.8178069782412623,0.0029368821248440327,3.772735534675708,0.0029166013441708784,3.749605719496342,0.002958695236103907,3.7603040060552844,0.002942368797399455,3.8043285508730533,0.0028997468889528596,3.804328550873054,0.0028997468889528596,3.8043285508730538,0.0028997468889528596
BAMLEMPBPUBSICRPIOAS,785,2.453892392278929,0.01154858787675117,2.4370887594577058,0.011785267506222254,2.378303391317723,0.011561894875813331,2.34331967229172,0.011848390628300731,2.3823236080931753,0.011572556048005429,2.4638027423431343,0.011496473058669321,2.390713262834004,0.011564801805738871,2.347512100829352,0.011856079619894808,2.3803593783173294,0.011585425499757223,2.4893004917225285,0.011124549270587543,2.4893004917237658,0.011124549270586611,2.4893004917225134,0.011124549270587581
BAMLEMPUPUBSLCRPIUSOAS,785,2.4024285972318355,0.012194496954133329,2.3800921485609297,0.012472694270271844,2.3469389698454455,0.01220493741846368,2.287471958139874,0.012551393452680502,2.3190562643960866,0.012221113385874283,2.4098438473952584,0.0121315411276577,2.350693682275286,0.012204617899339108,2.2889351591959657,0.012562223586756717,2.3227024257049718,0.012231375037070683,2.4385705025820976,0.011737344398256756,2.4385705025820976,0.011737344398256756,2.4385705025820976,0.011737344398256756
BAMLEMRACRPIASIAEY,785,3.518015366394657,0.0037876694079719687,3.5128754187934934,0.0038445358771392385,3.477042593336446,0.0037748259901580067,3.446771894813911,0.0038479998149192614,3.4474789652417046,0.00386367320874184,3.508861601602707,0.003860823261102319,3.4819290419971978,0.0037696002379238322,3.457260734633343,0.0038462903193744093,3.4564713494357533,0.0038622531459869044,3.5399604548299557,0.003706814534126446,3.539960454829955,0.0037068145341264463,3.5399604548299557,0.0037068145341264467
BAMLEMRACRPIASIAOAS,785,2.345900827166375,0.012539137312738157,2.355561185438594,0.012678401281182566,2.319519459704553,0.012451159384408467,2.2247083552466207,0.012706268346508065,2.3200635570756902,0.01222473214776538,2.394684617671753,0.01221542920941618,2.3151515731501107,0.012439711414381837,2.242761461372614,0.01270987886102941,2.303247725158803,0.012236175345998664,2.375589851771698,0.012090977304560097,2.3755898517762604,0.012090977304601059,2.3755898517716987,0.012090977304560095
BAMLEMRACRPIASIATRIV,785,5.017897265403611,0.0008400155690614485,5.044620018278973,0.000841049428772477,5.023794005088831,0.0008282177964180245,4.972957181942568,0.0008400278589302845,4.965054250586789,0.0008415314324187701,5.042217609149019,0.0008421697589908384,5.022337943803531,0.0008281196948006335,4.972871614601619,0.000840269074862893,4.97439375245421,0.0008413787572712594,5.035320887259331,0.0008281565883788348,5.035320887259332,0.0008281565883788349,5.035320887259331,0.0008281565883788348
BAMLEMRECRPIEMEAOAS,785,2.4516920238139313,0.011480516494129915,2.4517106813371115,0.011717731763194078,2.402390029657221,0.011504568701947623,2.3215384953197513,0.011790090409525241,2.3429055458732604,0.01173418927111869,2.458497833866774,0.011641757744337226,2.383211105720601,0.011511392765148586,2.3245653206694317,0.011797729877089467,2.33729828080986,0.01173872119969274,2.4780832692877626,0.011116076844437349,2.4780832692877626,0.011116076844437347,2.4780832692877626,0.011116076844437349
BAMLEMRLCRPILAEY,785,3.6565939844160913,0.003329647545078961,3.6528784679078727,0.0034035030714952863,3.5472204073871603,0.0033213060709451066,3.4683821743206287,0.0033959783791139447,3.560994671752852,0.003368660638842048,3.6603791647917694,0.003396564186319048,3.5332659268026516,0.003320955889845677,3.479983463598236,0.0033949736949252765,3.5362424894893114,0.003370508206318387,3.667553688998029,0.0032592948449735666,3.6675536889980296,0.003259294844973566,3.6675536889980296,0.0032592948449735658
BAMLEMRLCRPILAOAS,785,2.6615265535508246,0.008958863043088659,2.665959696706423,0.00923721115738253,2.595273163313455,0.008974401871308211,2.5061194864823997,0.009254803992887917,2.513141707092634,0.009289993453412698,2.662997269389442,0.009277292077447236,2.556894579034574,0.008991412957264789,2.5175078541247147,0.009257017878503755,2.517770645470515,0.009294230819430366,2.6798340827674716,0.008683377496470827,2.679834082767471,0.008683377496470829,2.6798340827674716,0.008683377496470827
BAMLEMRLCRPILATRIV,785,4.749204008688787,0.0011130264001200268,4.801072927104135,0.001108879999950629,4.736117680137024,0.001091617804703774,4.716664815644672,0.0011072697142949068,4.74703955291702,0.0010936636631892075,4.816788647371067,0.0010981658732388993,4.74166785777406,0.0010906883549871998,4.716215943306214,0.001107418398228275,4.744797694922145,0.0010938752514264927,4.751802929534358,0.0011060496815856332,4.751802929625371,0.0011060496815611474,4.751802929535918,0.0011060496815855853
BAMLEMUBCRPIUSOAS,785,2.558148960607235,0.01031923486575117,2.546047068392597,0.010525837594038917,2.4928139472804407,0.010324863171889,2.4387550602604855,0.010563862639591387,2.4499643395334916,0.010487205675146688,2.552979370714193,0.010437364065866853,2.4868489120856334,0.01032465778612813,2.444354997748503,0.01057457270079626,2.449211253153398,0.010501580822943715,2.5848707142351124,0.0099697588177962,2.5848707142351124,0.0099697588177962,2.5848707142351124,0.0099697588177962
BAMLH0A0HYM2,785,2.344089468894008,0.011967383503054835,2.4028080138421313,0.012146400424870361,2.351051553243158,0.011958742279870743,2.30119673979408,0.012113919161350512,2.309304925107921,0.012216888953710816,2.3991204159552484,0.012273334535406872,2.3227792230603885,0.011931990162254444,2.2613436635819464,0.012111706547762101,2.2894619333646435,0.012218083060989388,2.365346350154772,0.011471715701792605,2.3653463501552117,0.011471715701792411,2.365346350154772,0.011471715701792605
BAMLH0A0HYM2EY,785,3.182299394734947,0.005447542020145726,3.206150975289464,0.005523733129619772,3.141940781395576,0.005431650442645226,3.0896880416314847,0.005536285950871631,3.096948854149459,0.005525687232155783,3.205969833328329,0.0055134396601273575,3.1396121114315974,0.005429306549997905,3.1096034486555,0.005534852659301798,3.1097829929226117,0.005523806533478132,3.2039074446796003,0.005267343220835795,3.2039074446796003,0.005267343220835795,3.2039074446796003,0.005267343220835795
BAMLH0A0HYM2SYTW,785,3.2259034972339977,0.005201671947125423,3.2476333965883826,0.005289101446732864,3.168558268750733,0.005206194124107503,3.1421917369235723,0.005303825431312297,3.1446772921376347,0.005298802925434417,3.2453089020726664,0.005288235675707678,3.1676787425821837,0.005206092982050931,3.155320976449416,0.005303145017739446,3.155222802127549,0.005300157225875942,3.246907696545092,0.0050300135727018944,3.246907696545092,0.0050300135727018944,3.246907696545092,0.0050300135727018944
BAMLH0A1HYBB,785,2.016886875556056,0.016872522958561044,2.049564872492054,0.017212031176763416,2.0237216831576035,0.016934733848959688,1.8964469501837125,0.017200769928927266,1.9392300438154686,0.017327727497418947,2.0474149006183473,0.017372640717042545,1.982567388017948,0.016865252971107494,1.8882534216124092,0.017200045580370395,1.9290547747885782,0.01733690350644282,2.0453282695573938,0.016092926860740733,2.0453282695573964,0.016092926860740715,2.0453282695573938,0.016092926860740733
BAMLH0A1HYBBEY,785,3.139501478198093,0.005745900878664797,3.1479870447326506,0.005840853248710557,3.1059141313727614,0.005733056443295095,3.069608679893356,0.005853119306128425,3.067905064128398,0.005858790076780388,3.1469852632917235,0.005840220110462342,3.103693655938386,0.005733853877992765,3.0789984623444346,0.00585553654860587,3.0747514539817264,0.005855629044933526,3.1639603958004896,0.005551430479100085,3.1639603958004896,0.005551430479100084,3.1639603958004896,0.005551430479100085
BAMLH0A1HYBBSYTW,785,3.205116413288319,0.00538422219335325,3.2104446315411925,0.005486033511399949,3.1408367550842127,0.005398040280190814,3.1219113455602256,0.005507521169332648,3.126757856915261,0.005512296546094662,3.2082598120368173,0.005492148319258266,3.1375857591868153,0.0054014397039441955,3.134277349782221,0.005506828374659278,3.1274882145604535,0.005514293036636082,3.229515635501562,0.005195530508393556,3.229515635501562,0.005195530508393556,3.229515635501562,0.005195530508393556
BAMLH0A2HYB,785,2.2591561893797754,0.013124506262643217,2.3107159202951113,0.01335579455356668,2.266051656616271,0.013129672104953857,2.1985954479489354,0.01330230187923547,2.219940000024587,0.013403343744258582,2.306792575490202,0.013485309285354146,2.2686184572780093,0.013085938273915815,2.1717632315332747,0.013305598411346885,2.203968798504285,0.01340855762708701,2.2823473431569177,0.012604477471056813,2.2823473431687518,0.012604477471056938,2.2823473431569177,0.012604477471056813
BAMLH0A2HYBEY,785,3.0558032848444223,0.006158488273257778,3.070630910674899,0.0062730557657202516,3.0159758903328537,0.006144199525724928,2.9092561836710407,0.0062794334858676465,2.9591689438454156,0.006260143121122971,3.071107451639713,0.006262652159360368,3.007591314090067,0.006143230748341263,2.9549158685005765,0.006275934830852471,2.978503322671587,0.006259280462910054,3.0793054705123506,0.005960878380676794,3.0793054705123506,0.005960878380676794,3.0793054705123506,0.005960878380676794
BAMLH0A2HYBSYTW,785,3.085445052078641,0.005931404932796937,3.1096324827642405,0.006052607674542857,3.0287799993675777,0.005938151269969124,2.966157757200556,0.006061484048803131,2.987295298160645,0.006061595874563128,3.107688671885743,0.006060185454160339,3.013657643111372,0.005940590458712563,2.996591450670873,0.006060124489475512,3.0064538463821298,0.006063193771505131,3.108743518674778,0.005741699023534271,3.108743518674778,0.005741699023534271,3.108743518674778,0.005741699023534271
BAMLH0A3HYC,785,2.885231583092666,0.007006686688980859,2.9681511383348758,0.007053384747478157,2.9366801648042515,0.007026461276030275,2.9063553973002176,0.007034744740058016,2.9181089559393794,0.007078779619976081,2.962550136326274,0.00710006938534316,2.9420762251225816,0.006961895024769259,2.8652333570853603,0.007046558927661596,2.8791647130945393,0.007094042436908815,2.882773518843836,0.006815425457626365,2.882773506688162,0.006815425443930118,2.8827734709118285,0.006815425538796198
BAMLH0A3HYCEY,785,3.2642882940527347,0.004935439213335513,3.299522096193116,0.004990512897566911,3.249570457516095,0.00488952955424806,3.194605958239454,0.004983328049397837,3.186082219032395,0.004988452182536209,3.2936189779275113,0.005005397340298712,3.231491272540655,0.004889692199244469,3.170394690529008,0.0049874037600523054,3.1607890782416828,0.004991546714222262,3.2680341028187687,0.0047997003356716654,3.268034108899834,0.0047997003427644215,3.2680341028137208,0.004799700335683919
BAMLH0A3HYCSYTW,785,3.2722268670526167,0.004884062289331572,3.30242910585994,0.004957711747548515,3.2546778102653704,0.0048501914667962555,3.1991236472805475,0.004949320308309331,3.1905526809241773,0.004954848657337123,3.2969073352597533,0.004972157671291371,3.240524585671285,0.004849411960055714,3.160614663612256,0.00495305927728892,3.15690750373186,0.004957014225961299,3.2751863520598787,0.004750838725744812,3.275186353627136,0.004750838726083113,3.2751863522829154,0.004750838725374532
BAMLHE00EHYIEY,785,3.1458143763622166,0.005033424218185049,3.2542233453826053,0.005150086744691795,3.162652156698227,0.005009661372600552,3.1556439780521086,0.005082697907822371,3.2238243711077312,0.005067847535623753,3.262087834228259,0.0051767256826218445,3.0661862356068954,0.0050098904519017134,3.1336865601220776,0.00508550522637455,3.2076752193231077,0.005073293691426526,3.1486121409783596,0.00501032175785644,3.1485172225516957,0.005010438744230123,3.148612226682834,0.005010321622339017
BAMLHE00EHYIOAS,785,2.5357053243178895,0.009842617977888936,2.6031974209103184,0.010012592953183748,2.5411059934908304,0.009798742852300224,2.4788885329501573,0.009953025276783637,2.4876937601951497,0.009994725368028977,2.5984637883727246,0.010075018940261351,2.4470620033228103,0.009804383873957474,2.486357314302055,0.009951919902791245,2.4839787564469034,0.009995176397137663,2.5482230468356213,0.009638514232955732,2.5489266030561106,0.009635298257915198,2.548222946478422,0.009638514856624572
BAMLHE00EHYISYTW,785,3.1550419164558945,0.004947719517052238,3.2740890284896964,0.005061642704137872,3.1524574152363583,0.004934924152696681,3.124582663856634,0.005001755644651805,3.1933029986670194,0.004986843136935636,3.2801452352568443,0.005086243531455358,3.074924467287992,0.00494029387613473,3.117854744262237,0.005004404113695902,3.1814877312986827,0.00499148672499529,3.170928736496164,0.005032408441148339,3.1709282638123146,0.005032403724291189,3.1709289190512946,0.005032408345907063
BAMLHE00EHYITRIV,785,5.091950455318022,0.0007025323564544777,5.296475365738109,0.0006963853371910944,5.132799809470611,0.0006804863979831782,5.164635637780563,0.0006794984872564716,5.257759720586128,0.0006783167605373523,5.313659147103971,0.000705380008768509,5.09117666683357,0.0006783546481434243,5.082389205850676,0.000679942477210541,5.248858098336769,0.0006788019019584436,5.268408989006352,0.0007200300226110523,5.269072152156961,0.000719927649779475,5.268484921824594,0.0007200201634559956
BAMLHYH0A0HYM2TRIV,785,4.816297028997843,0.0010217084237097629,4.92685338059401,0.0009983086578172478,4.852590143827326,0.000985971963954333,4.795688183263455,0.0009991541145023082,4.822199554977461,0.0009917848595252222,4.929013560327049,0.0009933871087618989,4.8467734293854745,0.000985527912440413,4.826654867057843,0.0009985998184829424,4.841295442865965,0.0009923436325008437,4.831952476731871,0.0010013243216696712,4.832559583068343,0.001001159412443986,4.832164866851606,0.0010012687760852174
BAMLHYH0A1BBTRIV,785,4.893703244358199,0.0009481164190471504,5.006739821367208,0.0009205910689329129,4.946287004941107,0.0009096781702694286,4.9215267073286375,0.0009207374842691375,4.922593106491765,0.0009157116874697545,5.010781236446089,0.0009158587138818155,4.939444522123271,0.0009092261737308518,4.930876413174509,0.0009210620052043948,4.935330755128174,0.0009160420028465499,4.930169094812753,0.0009311661311605033,4.929914961096254,0.0009311999796451391,4.930170371376689,0.00093116581736209
BAMLHYH0A2BTRIV,785,4.777614995583661,0.0010624788351314334,4.888959931891356,0.0010424393306537319,4.791585880109266,0.0010302285052976089,4.7578453126355775,0.001042188752561118,4.797026998890912,0.0010352081506988932,4.8918079660699085,0.0010376193482128223,4.7846858659320235,0.0010301769617094955,4.7822867961284725,0.0010420921719081658,4.803129474217869,0.001035645836304,4.792631358923498,0.0010406540388934451,4.793060621751244,0.001040522060599146,4.7926322152629925,0.001040653770615804
BAMLHYH0A3CMTRIV,785,4.405941547483293,0.0015175560908577746,4.480164351335701,0.0015181601253832766,4.426851846111864,0.001481680428218266,4.400069789765969,0.0015082775111590772,4.395522136226926,0.001503154721675055,4.477244373488101,0.0015178598203496934,4.409594296138153,0.0014806865146224822,4.385790259181379,0.0015083921749884917,4.387226657985307,0.0015031567760408749,4.406479707838809,0.0014887632378835832,4.406514864976231,0.0014887810201231904,4.406475264036077,0.00148876323855557
BOGMBASE,808,1.872439844661761,0.010101549730371535,2.530669264021654,0.010383976005232958,1.6236913954703052,0.01024427705826566,1.9944319493652258,0.010333697871927585,2.1848762356909344,0.00990133130273822,2.5636355178970183,0.010066683696188333,1.6107674585871778,0.010231864631017712,2.0201569048984305,0.010310790773274502,2.1730168634581,0.009854663285634595,2.500776851138852,0.010409068772221178,2.5013126815707856,0.010409067598147213,2.5007769208918407,0.010409068380913558
BOGMBASEW,2383,2.912184086939274,0.005386260194468711,3.26208144545694,0.005412227288570511,2.9612377278026605,0.0052649314275779475,3.238732075717562,0.005298842687686186,3.2428102517931454,0.005270770784542465,3.2690742128294774,0.005356129186185623,2.929545623277149,0.005261734146463723,3.2141970655178387,0.005300362697800467,3.2206543154313945,0.005266370477386447,2.9886765724756708,0.005332275455882891,3.175667053135801,0.005347265019908306,3.031922820495434,0.005319888795901961
BORROW,808,-1.275824697469184,0.30838320284551884,-1.1463685115166409,0.33140957482566363,-1.2036093443986124,0.30484648018029353,-1.3784847926968244,0.3194771324248304,-1.3614593676861289,0.31586318350359766,-1.1431029044510648,0.3306229188515051,-1.248839941687627,0.3046225593284768,-1.3994346375674285,0.319476044423649,-1.3826113512311864,0.316003833997638,-1.1224501397333089,0.29619212539027534,-1.1225901461761592,0.29619481012199644,-1.1224514282136362,0.29619233891630453
BRMTG0101,2089,2.5190779638730687,0.01010687508104128,2.5990053507478295,0.010197308845296026,2.560330036978459,0.010089980920494596,2.4821004979815124,0.010208795470877222,2.476919463381912,0.01024573188281343,2.596406658042688,0.01022702189566176,2.5278899185801347,0.010094260144755693,2.502913137237085,0.010205341386879398,2.4902980400392303,0.010243390526826952,2.5946854837760336,0.010198040388623998,2.594866159754195,0.010197924656374773,2.594679904947637,0.01019805226458157
BRMTG0102,2089,2.6073366221529066,0.009343684690158323,2.6701425455970416,0.009454641247626882,2.6109680382938323,0.009337721034020259,2.5821745171449924,0.009461683368425738,2.5678138613230472,0.009490927260013977,2.6677278261456068,0.009477309348792196,2.585809065187304,0.009337934421853076,2.583022848145553,0.009462202449760766,2.5708440211122348,0.00949101627114683,2.662242226499272,0.00940888340795558,2.6624709853312174,0.009408889595924428,2.662247733713257,0.009408878463383426
BUSAPPWNSANER,1067,-0.3328798739930674,0.13258970599639489,-0.2910198594646594,0.1364783751540711,-0.10496364589513958,0.11824412531106096,-0.08582457122520111,0.12325710544262108,0.10620036641888557,0.11371185742316897,-0.18541995534595548,0.12936945924835422,-0.09995352279370362,0.11808167261151786,-0.08621969614199851,0.1231923867810645,0.11167268958693578,0.11354377790485455,-0.05356259282536826,0.12128452837529256,-0.23840167908194368,0.12868824162779544,-0.037797840044794806,0.12110956061357948
BUSAPPWNSAUS,1067,-0.33641911866462704,0.13124177111164886,-0.3036566012824581,0.13585381615178985,-0.07633654113735458,0.11668820997514401,-0.05922849792622455,0.12165068975939297,0.13291799788927408,0.11273647293644838,-0.21019562467454297,0.1290115707660762,-0.07319200966131345,0.11648561582522649,-0.0475477453820138,0.12150547457593143,0.12747245614716493,0.11245214465621081,-0.001879732255776051,0.11694252217741001,-0.2425736276782328,0.1271206647502503,0.010642974097869021,0.1181234151544368
BUSAPPWNSAUSYY,1012,-6.380147689097623,22.54873227280517,-5.439127206194122,21.522315575116206,-5.769427020622921,17.190037834175037,-5.549736242275737,18.39398354709526,-5.173177489202374,16.76136273334442,-5.422566216706523,20.047803688514698,-5.761170240822412,17.16271546071478,-5.592711057247291,18.39089185210466,-5.122714539209639,16.772428343306597,-5.068177395578886,16.925171069233905,-5.378159544158578,19.386631420526815,-5.134111383831492,16.859905864814756
BUSLOANS,953,3.232139481730135,0.004499089872220914,3.4341452863432655,0.004402276459693145,3.1947550540314205,0.0044843615957619815,3.3190470365389695,0.004370869485030059,3.441773340619088,0.0038081912838155187,3.529561999455928,0.003890790666523455,3.1800274955175247,0.004479295668450482,3.2940031554596247,0.00436897765510069,3.445476342177678,0.003806420167205256,3.5295619994553955,0.003890790666525298,3.529561999455393,0.0038907906665252966,3.5295619994553955,0.0038907906665252966
CACCLAIMS,2102,0.9364524894022697,0.046729458326541747,0.9729424664088744,0.0476228422419563,0.8925336175739148,0.04609518699444781,0.9205238771433143,0.04698160671740614,1.166343698024194,0.03755603934975692,1.176960775762953,0.03970793011341834,0.8896260767028039,0.04609491860546859,0.9166132793404326,0.046985299273639466,1.1701645388932553,0.03752354566253739,1.167886028897324,0.04001625690967096,1.1678882064412994,0.040016228868758996,1.1678802829666184,0.040016354386842395
CAICLAIMS,2102,0.3914610847401898,0.08488077879424318,0.4194818438359241,0.0863728338686854,0.3229345881429565,0.08407086724423286,0.374932585717164,0.08572864990441649,0.5094345102806243,0.07767906467358546,0.5328143552459766,0.07834405771760113,0.3038122180886117,0.0841323316939407,0.3616099694662548,0.08576930681667302,0.4869966785980889,0.07773638039447062,0.5095087431798113,0.07976273520648047,0.50951135014104,0.07976266850335212,0.5095102452510278,0.07976270553860798
CASACBW027NBOG,2791,1.3189737009049067,0.035286215909739946,1.4616719195872614,0.03431744908941708,1.3684180699236197,0.034454606535573404,1.3988981736079968,0.03434687840518041,1.5331476339369219,0.029052914221469467,1.5921353483378256,0.02902295876741174,1.3707345751489395,0.034435147269627396,1.4098623645416355,0.03433776383388338,1.533557784600728,0.029069916965053018,1.5850309939040732,0.029337755485956532,1.5850320254346018,0.029337752018101432,1.5850309939044187,0.029337755485954135
CASACBW027SBOG,2791,1.7392603709036187,0.022864433404290285,1.874403395751006,0.02232089434577459,1.7540078141728044,0.022506577404973898,1.823993397003907,0.022335991430398574,1.9754135527525831,0.01877942315235229,2.0159024434637836,0.018791136558630586,1.7540226086170618,0.022454354851711086,1.8240895665486336,0.02234050191890406,1.9751250810285044,0.018768115806303737,1.9917021512329312,0.019325267094015677,1.9917087700269207,0.01932521761836723,1.9917024481130963,0.019325264187451122
CASLCBW027NBOG,2152,1.1932120094565055,0.040163516774481926,1.291116662510612,0.039590558137588626,1.2402552908194482,0.039339823557360015,1.2583638216850144,0.039584748376714704,1.3295806620084178,0.034622116354927575,1.3889011123545199,0.03464806638626856,1.2467602627599208,0.03928088910629221,1.2528661487475161,0.0395982623835457,1.3260866044194928,0.03465796691622655,1.3889011122163084,0.03464806638022518,1.3889011122163728,0.0346480663802243,1.3889011122162278,0.034648066380224406
CASLCBW027SBOG,2152,1.5682871571639418,0.027241218137682776,1.6911159791802584,0.026776375390703985,1.5668186829893183,0.02701889305781293,1.629839869943502,0.02681603607778513,1.7785680760032727,0.022508837108521414,1.8280623148449782,0.02248502020955562,1.5693884862997673,0.026939787520712195,1.6375324509871074,0.026817043277174317,1.7795738079353494,0.022500626956425563,1.8171441949582658,0.022740063718022625,1.8170812683195503,0.02274037965560362,1.81714419499737,0.022740063717527986
CASSCBW027SBOG,2152,1.9184272390922277,0.019035099593591235,1.9602879884546125,0.01906447671666342,1.9538745731133675,0.018653806729830955,1.9123691418726032,0.019062752884628813,1.9793481630178014,0.01682359964523409,2.0583751510306754,0.016796685122968065,1.9580365170463314,0.018635114571689593,1.9079487220518365,0.01906405034046895,1.9774322863448126,0.016826263289851883,2.0352517653232653,0.01741575669725742,2.0352569655416937,0.01741571733935471,2.0352547569784587,0.01741571934525382
CBBCHUSD,3123,1.48208009954647,0.028083210888217112,1.5860426307024957,0.027218966205229605,1.5673060761435813,0.026499083101762872,1.5458247304071935,0.027065868909357613,1.5453864424251693,0.026997817761503794,1.5890400899212065,0.027199191579498558,1.5626629591523011,0.026502111571234083,1.539657471848858,0.027068138512360274,1.5421521339175575,0.026999832639821194,1.553030022483025,0.026926661718946903,1.552994976921738,0.026926863219053132,1.5530192561365597,0.0269266713655656
CBBTCUSD,4209,1.8646201013504897,0.01950211933883268,1.9973263158298702,0.0185460625034707,1.9872561707274314,0.018386806791421108,1.9970039613167114,0.018488967097491423,1.9956740374691269,0.01847204440986837,1.9956980357626277,0.018539210182197858,1.986248399720654,0.01838106509853061,1.9932486373152956,0.018486412228685196,1.993018991083121,0.018466626113273047,1.9975126125191829,0.018485404554751738,1.9965693208015367,0.01855649313397515,2.0001140384833436,0.018528966533803384
CBCCIND,1972,1.702423815530382,0.02271183967879266,1.7948137683505745,0.02212764223272018,1.7906748873820526,0.021927163599820967,1.7911894801005754,0.02200876569752877,1.787985453061633,0.021942042812007456,1.7925642601604528,0.022115367739637935,1.7849410812980262,0.021924272474945,1.7849815044522195,0.022011059835764683,1.7820372119961907,0.021939343295616153,1.7977784958255418,0.02192448564022651,1.7948137632036567,0.022127642170806372,1.7945529885144793,0.02184403651799619
CBETHUSD,3707,1.5935300241435955,0.026028593103411463,1.6729478199412466,0.025502567424567562,1.661118314997823,0.025057543498519203,1.6536125409028029,0.025430897709868196,1.6470936986829343,0.025369728786463812,1.6732122979171906,0.025467926006274365,1.657869769153239,0.02505360190217217,1.6475416346430976,0.025429258301706316,1.64422565137863,0.025365035201588858,1.658456187435136,0.025164717876398974,1.65875151704272,0.025163416363882,1.6584614954678571,0.02516465450897233
CBLTCUSD,3617,1.5321247510682103,0.027560720381092297,1.619315944523071,0.02697919722299186,1.6043502324533088,0.02669123129802919,1.5812558484378323,0.026918072301589654,1.5712975774219116,0.026891633780325178,1.6191963239419898,0.026973388789607085,1.6078792313796475,0.026642508439051058,1.570163860910157,0.026925245046371296,1.5654159946269388,0.026898563602858125,1.5879194100124605,0.026491724695134253,1.5884041767363377,0.026489419690537724,1.5878944978111682,0.026491933715465956
CC4WSA,3100,2.400564276407325,0.00517229696810125,3.469160513629497,0.004845158210899301,2.3055610819811756,0.0050443296989551205,3.298144242083618,0.004826592265344255,3.4851807401742443,0.003790582449524289,3.605731625159809,0.003820280214000104,2.3038761028751273,0.0050438254696034785,3.273138688404732,0.004824320180549768,3.466575805691036,0.003785503743762359,3.605731625159809,0.003820280214000104,3.605731625159809,0.003820280214000104,3.605731625159809,0.003820280214000104
CCLACBW027NBOG,1357,1.6095323694287451,0.008002902941740882,2.1213589465395426,0.006479309817121671,2.1145334670093376,0.005804685865620015,2.0692261427969663,0.0062104458011488445,2.0722574181120663,0.006248733306966753,2.171252639136793,0.0065867512278870825,2.1453165020872236,0.0057390514485459445,2.072738618926154,0.00620742575988599,2.072665775662058,0.006258651957700056,2.0749454175754067,0.0060129999269009915,2.0745380890962357,0.006058491924167806,2.0806825744875197,0.0059611599417320575
CCLACBW027SBOG,1357,1.2207318463962322,0.007111324715809146,2.3204892670394823,0.004463496783086804,2.264172632899362,0.0038963841298168688,2.31137837609829,0.0040491388100004945,2.3245054633534026,0.004063641764365179,2.3216331536512156,0.004522640384499301,2.2680756205316777,0.003861723684792051,2.3071932162653392,0.004059550729846187,2.321864169492876,0.00408177361208295,2.308113432174957,0.004009753279128678,2.3095201354717205,0.004008027065101697,2.295360700568847,0.004026019024098246
CCNSA,3103,1.4223435625749075,0.029045551009189267,1.4549803004052402,0.02947469840310231,1.6099249263544824,0.028063712944464386,1.4908573880159235,0.028525025422222194,1.5230574393191754,0.02741081544903675,1.4874896354822191,0.028752008386459013,1.6007223723394954,0.028037291138122138,1.4960481619826154,0.028533421454727793,1.5211707193176152,0.0274059784880486,1.5987088724062883,0.02810164567513601,1.4473715361939603,0.02835144260299333,1.5910345436888629,0.028081043849291512
CCSA,3103,2.0444781441739615,0.011570710240099593,2.3789235313769517,0.011617298912893339,1.9524988052094525,0.011456608593690838,2.293297629702632,0.01155813313851978,2.34429006262657,0.010921541324859549,2.426799173427185,0.010965926759801957,1.9507514518194664,0.011454911138734883,2.2820068156323443,0.011559792645618565,2.334830172467516,0.010921851788890472,2.3944974458518224,0.011220928824876667,2.394491905690728,0.011220891692350804,2.3944859615710743,0.011220964247582451
CE16OV,940,2.8934502706227243,0.002056959200443268,3.6989939732575876,0.0021389960305626724,3.0088128359159967,0.001907925659422661,2.96877420809162,0.002070329770373388,2.939912695508453,0.00208415002765941,3.6500270640792674,0.0021577232808616758,3.0161539804197965,0.0019029988403585776,2.9536732299424506,0.002072533360796646,2.9370812343933728,0.002086776796503058,3.6774282930068254,0.0021772398478167657,3.6774161815593764,0.0021772453230244166,3.677427783008128,0.0021772399973406507
CES3000000008,1049,4.006680873418172,0.002026182520226189,4.475374444969779,0.0015648556053339305,4.452304198820456,0.0015535176206865884,4.441113298946819,0.001563620211535262,4.447957805005206,0.001539028591628439,4.4881806268895845,0.0015453964777126749,4.46198288241925,0.001553575212195439,4.426422047375745,0.0015639881706795396,4.44745947851337,0.001538623891481231,4.484796123877395,0.0015537661100163004,4.4847965929336375,0.0015537656777553045,4.484796363304604,0.0015537664844338921
CES9091000001,1049,3.0213684360841455,0.004951931206693502,3.422848300916722,0.00436364735191211,3.6724115582565107,0.003798646609496987,3.6504628816518188,0.003866117882564559,3.6481448766809015,0.003849660173587065,3.4138563098311607,0.004433923551056014,3.6737326218642075,0.003791994364022648,3.6386823498298133,0.0038728052650035777,3.631644990253465,0.0038585925702159705,3.674765174516775,0.00378513755503732,3.422791322762316,0.0043643451602188976,3.650683126489573,0.003885801120196122
CFNAI,710,-2.4521276306656477,0.42956662424776737,-1.307398329946399,0.4832549259387454,-2.506879982981767,0.4140022057433021,-1.947321171365139,0.4613105960457516,-1.6003302994498647,0.4084936783375213,-1.285433073866667,0.4358302126927897,-2.4874541075238286,0.4125299554242287,-1.9921133799617081,0.46160423202111805,-1.6230664389855953,0.41007410090458724,-1.3503939176281978,0.4512798545553819,-1.3502261521029897,0.45124874841736484,-1.3504139925187846,0.4512852691980836
CIBOARD,2152,3.8802117684861828,0.0021763275443713857,3.9633598687793175,0.002241924484693823,3.8410707414356016,0.002172854482397493,3.872185202696745,0.0022254654251334287,3.895561470132467,0.0021910761231986892,3.981108059447183,0.002210200366087822,3.828335794341052,0.002170126932040377,3.8744404336515967,0.0022250782505284523,3.89612409044799,0.0021911554131687147,3.954184771470587,0.0022528005523970917,3.9545707341601846,0.0022527977097298248,3.95418175716224,0.002252801523979964
CIBOARDNSA,2152,3.6589773156953016,0.003032980753373191,3.6649811783834223,0.00312404136065083,3.5918136657704767,0.003031708699308412,3.599401279665681,0.0031204102859737613,3.6225622511245748,0.003026040519713344,3.6990901424369134,0.003019526566158683,3.585321860484336,0.0030320452165284954,3.5898757034066864,0.003118893977272526,3.6143321014515437,0.0030224723875572177,3.6847078404866997,0.003063052528604741,3.684731652928452,0.0030630288715595383,3.68470838136525,0.0030630517293892493
CILSCBW027SBOG,2152,3.804435866245063,0.001868593184629526,4.099707030272765,0.001899067838300128,3.7208942883142395,0.0018397006329696046,3.992888127878955,0.001872431922805793,4.018295650249529,0.0018211363119211802,4.11221102897569,0.0018482243408434102,3.694351197298241,0.0018418092473436634,3.976723634289076,0.0018678979355491662,4.001892425363227,0.00181524497161381,4.068277575033047,0.0018891689351507037,4.0691786679169795,0.001888679407523987,4.068329601057141,0.0018891485337173522
CLF16OV,940,4.304100559709299,0.0015454797753667968,4.420170306590493,0.0014930593347236012,4.412330448335857,0.0014395231899914046,4.372785784123833,0.0014866032280021117,4.391889152576661,0.0014594391293852205,4.4277951224580345,0.0014637793613252283,4.423215216688881,0.0014363289756076495,4.3780011978025,0.0014865218445063396,4.406298410208092,0.0014589830366542502,4.399760406498659,0.0015090432121254642,4.399784837707343,0.0015090306464044505,4.399760406705526,0.0015090432120150156
CLSACBW027SBOG,2791,2.105198918176476,0.0021677675367473568,3.267842856199009,0.002007727003026591,2.5299857022442405,0.0018532085361658845,2.470139759629027,0.001953842673161043,2.468213874349254,0.0019595090837894458,3.273494367204224,0.0020167205352547134,2.4550641528258366,0.0018524713920690643,2.4681889962635326,0.0019538798695104614,2.465957835652354,0.0019599585506960056,3.2709154180092224,0.0020069148087097804,3.2708150327987475,0.0020069470562817525,3.270988677769947,0.0020068861013539086
CNP16OV,940,5.646936958197812,0.0002964040026968188,5.785643773068764,0.0002973288991070399,6.1651149492384425,0.00024275610607709015,6.0867070004799775,0.00025882509203784085,6.115489857862372,0.0002544807991197093,5.771550062305468,0.00030032831723541604,6.167193015211821,0.000242600697633205,6.1014494349740085,0.0002586702378103611,6.126660661203947,0.000254497676228013,6.137655980786279,0.0002455887738921164,5.779876127834627,0.00029816723676889427,6.150133718257275,0.00024422722507749095
COMPAPER,1331,1.802886144498008,0.021719896150518544,1.77559384081793,0.022288947574047573,1.7755707744715674,0.021716833777046588,1.6829182688517221,0.02226241874940312,1.6840809809875026,0.022236962071789622,1.7803749730567315,0.022263739952890126,1.7745585642993205,0.021702958419774373,1.677199923905921,0.02226259942185522,1.684373318398663,0.02224585758326695,1.8384871938751552,0.021003367061712578,1.8384871938751552,0.021003367061712578,1.8384871938751552,0.021003367061712578
COMPOUT,1331,2.520320662017643,0.009497857813176138,2.5939390034387415,0.009639467664748082,2.4623996814182516,0.00958011025495188,2.571848460548119,0.009632160963748358,2.5816007502824045,0.00963769368844125,2.59872767296999,0.009616450536211562,2.383679302297224,0.009597736663363735,2.5028499346622377,0.009614353862184412,2.5105322263596523,0.009592812321688312,2.5714277811718915,0.009641127313425256,2.5714278930324785,0.009641127256636187,2.5714277131414067,0.00964112736973329
COMPUTN,1331,2.6848099574143047,0.008301251069934346,2.717628741668808,0.008551679661839227,2.6753111811972223,0.008317462603663553,2.6202526716026795,0.008538263845323925,2.6331684382978553,0.008547616777245944,2.722208161899066,0.008564899985436933,2.6550175855899636,0.008309264563132582,2.58685232117146,0.008533375818099152,2.5918857319425856,0.008541398981501554,2.713610355095133,0.00834765897064541,2.7136952106684737,0.008347609112548962,2.7136067182367265,0.008347665886103488
COMPUTSA,700,1.1959445859978608,0.0396073067392465,1.1998405447267824,0.04081718334558497,1.088423483041167,0.03994715862378429,1.0826721389275877,0.04099107381517528,1.1800484030128822,0.036751864162071955,1.307870084408558,0.036525410082386585,1.1055324460980314,0.03992153465326535,1.0904585668118807,0.040981060343847166,1.1847415504161145,0.03670768639162024,1.2481142615903655,0.03811045605900607,1.2483773075734685,0.03810538137801015,1.2481146186323138,0.03811045266314197
CORESTICKM159SFRBATL,701,1.6071789552635798,0.024913511291924997,1.7025112853707782,0.024529959534583864,1.5992542021938672,0.024403281198897574,1.644085122039158,0.02444789338396864,1.696760128733199,0.02334622381636176,1.7400879150977842,0.02345871813705041,1.5987499368913378,0.024397093835317508,1.624003246357837,0.02446390847215374,1.685920395248518,0.023356346659312955,1.7393946604878374,0.023480039089644085,1.7393918949945393,0.02348002608187139,1.7393941001542585,0.023480046123430368
CPALTT01USM657N,829,-0.368975688362815,0.18999475117431003,-0.3580377453425755,0.19284371428003574,-0.4773016809026721,0.19044071383206915,-0.5075454303321376,0.1938889313878483,-0.5788723283037515,0.19364836155495058,-0.36359631016298327,0.19193840243904528,-0.47226940341059487,0.18970815616816802,-0.45943674134151424,0.1935241446494611,-0.5071338140568299,0.19343628926367076,-0.37646587803435544,0.18902745318196482,-0.34725486236263253,0.18950616012661692,-0.34725112930683316,0.18950790327425457
CPFF,4715,0.651402957102619,0.05488908755925083,1.286581909786035,0.04670808587059315,1.032255561297148,0.04790714612135696,1.2604675846203346,0.0461818240986262,1.3439935352670287,0.04289037656538617,1.3756429893085147,0.04353835300577363,1.0110632080052298,0.04788605005822559,1.25296856346255,0.046193311075284585,1.3352690045863322,0.04289543879337775,1.3605125260643511,0.04360442375714649,1.3605122979145015,0.043604425882228716,1.3605122978605098,0.04360442588185595
CPIAPPSL,952,3.8913494630860597,0.002552986800257686,3.9515607876755614,0.0025892068150690957,3.6819562859446306,0.0025901174390105613,3.8040588934267587,0.0025977858711776804,3.783780045302701,0.0026070473502122883,3.948338397003281,0.0025997449209294666,3.644415665050591,0.0026098570562891822,3.801212590889639,0.002597566642725803,3.780274025677818,0.0026071925246310234,3.9515426216933474,0.002589369227256133,3.9515433777503497,0.002589369252796671,3.9515427977350384,0.0025893691563920605
CPIAUCSL,952,4.495283983481761,0.0014130228876224008,4.581925833766417,0.00137898382921697,4.447392254925148,0.001395849330966077,4.537300186350291,0.0013758068191835953,4.58237652958331,0.0013063491685177588,4.625791097231199,0.0013133003611623761,4.438571867832794,0.001395732234766159,4.531959733103418,0.00137618590906484,4.576570477949896,0.00130580214233588,4.614174399309498,0.001333069698697481,4.614173311650324,0.0013330694034074412,4.614173499709605,0.0013330694545457533
CPIENGSL,832,1.8739422221942061,0.013516906611849901,2.288556149038346,0.013758654323299514,2.2808504329719366,0.01341542115773831,1.9918412597254194,0.013607964007631786,2.2434527359563883,0.013107418519041868,2.3309073989544404,0.01329940454993753,2.289427069820375,0.013416373165329282,2.0692242379512744,0.013600571123985933,2.250684513073049,0.01310506907289356,2.3307465684182826,0.013300895458074157,2.330746662203984,0.01330089854787696,2.3307465756226002,0.013300898752763178
CPIFABSL,712,4.444561522969029,0.0013485302333520331,4.798333327619832,0.001127981835902061,4.646682654743488,0.0012019218604301816,4.7535222703457,0.0011291823316596982,4.775240715533895,0.001091408387358553,4.816641148464017,0.001094523415850159,4.707808092789103,0.001168454336962745,4.748135521024809,0.0011306659545287433,4.767570929595436,0.0010917875927873753,4.802827404155979,0.0011161998060104953,4.802827683372016,0.0011161996780481036,4.802827608732641,0.0011161997283876896
CPIHOSNS,712,4.517957025097493,0.0014439085056181667,4.580399347483222,0.0014339983183221526,4.513626509887498,0.0014449992987984126,4.55726204177921,0.0014416526417502153,4.609709234323071,0.0013504107942776847,4.627758795540867,0.0013524929313944846,4.52658005377901,0.001440769716350911,4.562408653106313,0.0014425782240296916,4.617866645072161,0.0013509132437586101,4.627690459734323,0.0013525832538370287,4.62769042878379,0.0013525832625383154,4.627689986661883,0.0013525838106464186
CPILFENS,832,4.7677826982391185,0.0011406438120614385,4.779489373459126,0.0011568932356085658,4.694327485153665,0.0011511704581077913,4.743596850001427,0.0011607304802096119,4.790931867283024,0.0010988370627369683,4.828684768185751,0.0010936497099200554,4.750986868455783,0.0011429367619160587,4.75248333674002,0.0011596222298030563,4.808898733440293,0.0010972794026715513,4.8253227615737,0.001099140693442742,4.825147523616183,0.0010991983677826672,4.825365375961726,0.001099137952014657
CPILFESL,832,5.13670060683122,0.0006987026770717749,5.435297723147004,0.0006190627079875955,5.178745603204636,0.000689864714832234,5.35804449133156,0.0006195187395437344,5.370862259311929,0.0006052905451381868,5.444296532463473,0.0006055452485954276,5.233593156190702,0.0006685508364428702,5.362157502514124,0.0006138601000796703,5.37721637919578,0.0005996925456781631,5.422172097235963,0.0006220055822216177,5.42346465359133,0.0006216337673723198,5.4222080439456715,0.0006219947410476077
CPIMEDSL,952,4.704837561916544,0.001116702581477432,4.949233020631868,0.001012399970864639,4.680497694068008,0.0010598990036600922,4.745589112134435,0.0010200592834282707,4.749127525773995,0.0010102251931994068,4.953684167357225,0.0010051904031009216,4.736998641829456,0.001051017363758542,4.798175875694401,0.0010153701042974902,4.795619038992094,0.001006830776319185,4.9435259992078455,0.0010091661414040414,4.943551357402026,0.0010091575886900521,4.943429908585352,0.0010091918079920459
CPIUFDNS,1360,3.1176502526968166,0.0048942256530915,3.8528178428426063,0.003462256548421271,3.69678408618091,0.0036363749894543812,3.8069231072915937,0.003438963395165381,3.8185856384343744,0.003385366964160758,3.864273858597294,0.003431260115208187,3.7065190827657144,0.0036196313223946504,3.8170580386026507,0.003437835362800119,3.826324885838531,0.0033893502233728664,3.8417035919777036,0.0035367361967324827,3.8419954993905607,0.0035359896137623667,3.8416479622490356,0.0035368677475507127
CPIUFDSL,952,3.9872494392888176,0.0021522012203397927,4.423491985657334,0.0017721176476459461,4.357423808175502,0.0017809232436270949,4.39077915300821,0.0017621122232792724,4.414588318820754,0.0017151089548859792,4.4394592359490455,0.0017382342788383781,4.363255105611544,0.0017803499214661222,4.386874474070426,0.0017630327430595229,4.411167389832779,0.0017165016249250237,4.423541787454956,0.0017718169220773594,4.423541787121597,0.0017718169240253522,4.42354178757426,0.0017718169179023369
CRESTKCPIXSLTRM159SFRBATL,701,0.720567031993626,0.04583945039141045,1.121851247236446,0.046056860090148304,0.7393329357219965,0.045693447323459105,0.9252642872734468,0.04598648014964098,0.9792625265876712,0.04499331486852052,1.137097654997325,0.04504215035514468,0.5699691006951465,0.04601694430541711,0.9297429436255288,0.045986540229962625,0.9758811641002005,0.04497810767108718,1.1367310374313806,0.045065168032966924,1.136734359506635,0.04506515957151497,1.1367305477157885,0.04506515251392711
CUSR0000SAF11,892,3.924601885363822,0.002411154376662453,4.125779876723827,0.002215824652944337,4.036801914944933,0.002270471655129463,4.102970175022381,0.0022103610660833928,4.12708071536566,0.002160813073592093,4.139304825148817,0.002167805570328819,4.0760106738718855,0.0022382366907125854,4.109783225372688,0.0022067849941411564,4.128060618363945,0.002151608844830634,4.099064734029132,0.002289261400123064,4.1001848544466775,0.002288434762410641,4.099161456469922,0.002289151996574806
CUSR0000SEFV,880,5.04794833132042,0.0007780211577124673,5.3164218094606595,0.000684967100950901,5.106511415453,0.0007361706808504742,5.151527656349212,0.0006887255960260316,5.17228884867822,0.0006765481956811159,5.328536585441093,0.0006722690955281226,5.142776889501348,0.0007309236619842622,5.181226506393816,0.0006870333334738882,5.202322888736866,0.0006747000019405132,5.311824636518955,0.0006861029324141739,5.311593525993347,0.0006861559182051084,5.311785697616337,0.0006861137278304049
CUSR0000SETA01,881,3.6548919526383856,0.0027318489607219107,4.3564357872597865,0.0017653749290585604,4.298678889624475,0.0017978532539475222,4.323954805470578,0.001766838872261516,4.392717964666771,0.0016496662111629818,4.403927674213789,0.00166152312207257,4.302083172670735,0.0017989220405436777,4.317283743251782,0.0017657554452040387,4.398785530534799,0.0016479180275051815,4.341602740552165,0.0017296735256110674,4.39420620128445,0.001682328329187679,4.341815461077578,0.0017246694147778773
CUSR0000SETA02,881,3.0121880320118626,0.005973954210115811,3.238063895005405,0.005596198347091872,3.0410986260450543,0.005727492630562938,3.1158415645927517,0.005600279769927197,3.397817705371221,0.0044741430769211,3.4252744529769292,0.004568085644158524,3.044963142777808,0.005724961616024136,3.124965304320853,0.005599813108189679,3.4062376633939295,0.004467911008740513,3.4194649189467756,0.004614743575042313,3.4195010128016765,0.004614656403564015,3.419468078484658,0.004614748674948067
CUSR0000SETD,712,4.336678168263429,0.0015548175573545395,4.6370845506948,0.0014979191860902492,4.332795778770993,0.0015536027092227043,4.518323399744089,0.0015089725278084232,4.526586434888563,0.0015152012292942918,4.634227981720887,0.0015052250103446158,4.325006433086872,0.001554214792642903,4.501445453001825,0.001509591197612236,4.505029664526077,0.0015159184750623304,4.63677800547678,0.0014980930806705124,4.6367892344490755,0.0014980908932088642,4.636778084253826,0.001498093001150689
CUUR0000SA0R,1360,3.9363843423290565,0.0023016325036786483,4.3010905021872565,0.0019656052710080585,4.152413707397578,0.0020630973932608825,4.271318904641823,0.0019626691854827028,4.280373739422245,0.0018816620946684052,4.327275335976453,0.0018961138783515055,4.172118753726345,0.0020395640786879635,4.268366623177501,0.0019635227397518345,4.276543559884774,0.0018825022415597666,4.320196506129214,0.0019191959380162606,4.32019786497581,0.0019191953350140912,4.3201955820875275,0.001919196436051775
CUUR0000SEFV,880,5.017434421179839,0.0008109396745654728,5.280381391577914,0.0007203130681631022,5.079180033792651,0.0007705939933557391,5.127210172850045,0.0007251736573040059,5.155409963577929,0.0007086429314565928,5.295522085547034,0.0007032405778871144,5.108481490561997,0.0007641445973670615,5.1506958970792,0.0007228267841775372,5.182657980250582,0.0007061180637134293,5.294824124988458,0.0007039342163545547,5.2948212724575585,0.0007039337459515317,5.294822082411374,0.0007039341382493316
CUUR0000SETA01,906,3.224872231609092,0.004173337698478503,3.9243389839489073,0.002716695945613815,3.851980817760202,0.002858192769895045,3.8992759885136397,0.0026822740402024465,4.038282910803796,0.0023901930279123023,4.040285788870663,0.002423345298754424,3.900845390286125,0.0027942380886467025,3.919866353659192,0.0026838934484834953,4.045021464895705,0.0023790641675439143,4.038222128962543,0.0023903474467694375,4.027169003959972,0.0024729152340252332,3.90159637655722,0.0027941400697490855
CUURA101SA0,1094,3.2331706138122276,0.0039580917485080806,4.214014475312148,0.0020091790797835355,4.15215869255959,0.0020061791178744436,4.175071820878885,0.002016037267102346,4.177471466467368,0.002007211414516964,4.215533813158274,0.0020015005543426887,4.1375588200687705,0.002008006302965093,4.173609668212378,0.002016609701909755,4.173355162485971,0.0020077010526943,4.214023322586247,0.0020091420625867793,4.214023350193496,0.002009142065265905,4.214024456109719,0.00200914145256031
D2WATAL,1229,2.231994253835162,0.013104484381937858,2.4283271539586027,0.012693557606325827,2.2743825074819743,0.012689477986269081,2.3746564320061467,0.01256848115299229,2.336673139430548,0.01280521523558906,2.4239510205877783,0.012901116922336992,2.282179906111735,0.012641051771373093,2.3791827923448334,0.012555601741678307,2.3284242464375393,0.0127783351749512,2.405828240431528,0.012680223937492238,2.4054077003965877,0.01268223487644191,2.405549432496589,0.012682204753720738
D2WLTGAL,1229,-0.8238494155892081,0.26028674485658987,-0.28559540502219427,0.22949676357915058,-0.4564267260126203,0.2407045339678346,-0.24177930286724947,0.22682912729042015,-0.2415703834219731,0.21145237720546317,-0.2628720041131909,0.2170074404602362,-0.48220233676445595,0.24055117590693037,-0.24961202579228295,0.2270350528900342,-0.24462593133239974,0.21160749490248157,-0.3204602892781742,0.21889094847028398,-0.32047036149643804,0.2188915739645681,-0.32046002144852936,0.21889091768986096
DAAA,5385,2.822559983556252,0.0075366673335507265,2.9459009867328807,0.007534383644544168,2.781156834252787,0.007534946356338562,2.8822334042431224,0.007540114142989556,2.8833061096581916,0.007517646320606635,2.9487724138643707,0.007511264205145816,2.7726258671043755,0.00753458230803749,2.8762696420089187,0.0075408496611891595,2.879236311958381,0.007518831916330695,2.934214054432008,0.007518657541821185,2.9342175676408377,0.0075186353652797015,2.9342136168035413,0.007518658605813915
DBAA,5385,3.1497616370194166,0.0056140937453190475,3.2065087192488892,0.005656670642376108,3.095659546022337,0.005615681778045654,3.1326447081536006,0.0056619851527775445,3.1316682368066147,0.005655381972661783,3.2081616515129747,0.005648765356132503,3.094935289712552,0.005615222328091301,3.135441395229502,0.005662411745382675,3.1348343133863756,0.005655479081857955,3.1852960688484613,0.005532855339813238,3.1852459932913106,0.005532910946085732,3.1852598866562567,0.005532895778908799
DCCCLAIMS,2111,0.8193517505448753,0.04833629762821203,1.2131710416540797,0.04532242591950793,0.9635646324103742,0.045498549670667514,1.0986598278846715,0.04439876062775369,1.217948365231768,0.037155628620176434,1.3349427270942698,0.038606395985762515,0.9554774140357897,0.04538387675931264,1.0763570453807196,0.04441626368958026,1.2149339057416577,0.03715693963476667,1.3301123063956861,0.038912230102972734,1.3302420105398063,0.03890937753565855,1.3301095520811665,0.038912285131038706
DCICLAIMS,2111,-0.19508822847955687,0.151288897311358,-0.15808228943474803,0.1537293183200298,-0.21899458800189534,0.1501027317269425,-0.2604788140711152,0.15306495806191336,-0.19962343709912725,0.14493726811257845,-0.10619268808640735,0.1457896554385355,-0.22395898929546285,0.1498346778028608,-0.2725813993448118,0.1530516855436629,-0.2096564973760965,0.1452428310020674,-0.14324261199790844,0.14375673381476825,-0.14323511741895775,0.1437524981842349,-0.14323174240696082,0.143756356510895
DCOILBRENTEU,5447,2.170695575777642,0.013082249144006457,2.412791984068648,0.012998470241442676,2.112080918915168,0.012965273888657026,2.335124409662434,0.012986895850492165,2.333268303436715,0.013037148888484036,2.409863845571498,0.01305263703058188,2.109843388227955,0.01296532410022006,2.3361802977508628,0.012986681424947041,2.3334710888807413,0.013039302226777377,2.4038803925013217,0.012959829311004516,2.404351973794088,0.012959917079503176,2.4038803927877397,0.012959829309808135
DCOILWTICO,5400,-2.181925335802305,0.9621158887594866,-1.9305438488786684,0.9628910473307084,-2.2085694033394674,0.9521935708461267,-2.0713065984821055,0.961897986907046,-2.0799941081158755,0.9630119697350871,-1.9317494146007892,0.9642036630962839,-2.2209724205719112,0.9519337703951812,-2.077588891144523,0.9618628802010161,-2.0841088161622445,0.963122510353486,-1.9436092143129713,0.9607647094445378,-1.9436091819226131,0.960764715572273,-1.9436091826641761,0.960764716185189
DCPF1M,4057,-0.2459566609780558,0.10227343103114232,1.086549941582503,0.09155874411584285,0.46469000405977423,0.10256027943417213,0.9679680235796961,0.09067763801643199,1.0589173050560876,0.08150636013249819,1.1863127927719186,0.08265449430679683,0.45989344149086914,0.1020532103964785,0.9317623061051264,0.09071172445846733,1.033423438140579,0.08145877343273134,1.172500718579211,0.08267270728121406,1.1716103800715894,0.08266958591018259,1.1713823121231568,0.08266972268874426
DCPF3M,4715,0.10052979075323869,0.07965793407741587,1.2274442446723826,0.07150043525312111,0.5991759078944648,0.0789881279428366,1.206266163933498,0.07080117121889472,1.2496859934194087,0.06295611888779157,1.3266542566831356,0.06359053940693266,0.5042013712870158,0.07842137410774588,1.1774836099491086,0.07083084223865177,1.2346988567982553,0.06287456452502396,1.320515881607118,0.06359700189099089,1.3205161002388173,0.06359700157936339,1.3205159286080606,0.0635970019225669
DDFUELLA,5392,2.252560812173737,0.01324392173265954,2.369406409996629,0.013142713310731679,2.1803464953940215,0.013208174636611947,2.280112842027178,0.013150626093201636,2.2824322306616964,0.013149061177959208,2.3683335962055114,0.013145401949234633,2.1732554805028754,0.013208101285038772,2.2803995719278096,0.01314983010620012,2.281791068436859,0.013149212852015672,2.356222070756791,0.013054460687819775,2.356216653012257,0.013054483947112868,2.356219598495862,0.013054468486893745
DDFUELNYH,5036,2.316838018126103,0.012339758774610968,2.456678842016704,0.012215421945228901,2.2407013368829793,0.012315789528549196,2.3746519080858257,0.012224208068750424,2.371719919562713,0.012238120487844732,2.455853722616589,0.012233467178090289,2.2306768680959896,0.012313999945215925,2.3711000201440533,0.012226241139778538,2.3695104240367373,0.012239511067971756,2.44834762090573,0.01217935768225112,2.4484511580807804,0.012178981895727966,2.447742226200726,0.012179283555892408
DDFUELUSGULF,5036,2.2779717016549323,0.012785027800878085,2.4268675835018283,0.012648812693526601,2.2326470634102384,0.012733192985119489,2.33351300276682,0.012659190820469868,2.338332119711831,0.012674994794594444,2.4256721173358295,0.012669257834041306,2.2170128771587287,0.012724555679682876,2.3399797730669296,0.012658895906789685,2.3393064429596624,0.012675701362485992,2.4200126344755053,0.012644692977204585,2.420245083668443,0.01264459812851392,2.420011696846215,0.012644692561078296
DEXBZUS,5391,3.1675163353770444,0.005346703465060634,3.283980936557376,0.0052697163437714824,3.1535529941964815,0.005284549200272261,3.2152892380946896,0.005271261212301518,3.2139833806251192,0.005280168375442212,3.2813282673990236,0.0052800088302597074,3.1450021690372596,0.005279892480502868,3.214231013997989,0.005271391024245176,3.213410180326368,0.005280339761788669,3.272550856400173,0.005272446383443148,3.272559557708732,0.005272431575408663,3.272551158584925,0.00527244611098629
DEXCAUS,5391,3.76336209024074,0.0029889653751186246,3.883513090573722,0.0029281020453236347,3.7883177870074114,0.0029245170798394174,3.8417268183485063,0.002928686595400164,3.841483451422219,0.0029289219124687543,3.8832115565718035,0.002928777570772783,3.7857477477733905,0.0029242342288986257,3.837215420927122,0.0029291824482709453,3.8366528207414854,0.00292948682051812,3.8710215601959588,0.002925612691958384,3.871021557562769,0.002925612699551056,3.8710215601711684,0.0029256126920613854
DEXDNUS,5391,3.7494082595853406,0.0030796500611892175,3.831877207058256,0.003057745561083771,3.7403317877478868,0.0030442751680442403,3.7796282475325063,0.0030601015677749715,3.778570902010386,0.003064664600482439,3.8303165190561583,0.003062117913631454,3.736632499004232,0.003044285200137203,3.7769268486405863,0.003060432856984033,3.775303529273477,0.0030650336561089354,3.8194172073465604,0.0030511915141481554,3.819417581822332,0.0030511907608008655,3.819417207045131,0.0030511915141371738
DEXHKUS,5391,6.4048418790812125,0.00019352049763315962,6.682692578885233,0.00018572496802462876,6.516952466572182,0.00018874690420536363,6.670570448038636,0.0001841374741412319,6.661806619857109,0.0001848548029992622,6.678717912541664,0.00018692394580460976,6.474817156794819,0.00018883023489258845,6.650204369905071,0.00018417284015707352,6.645711469604087,0.00018488751402316253,6.673105097786925,0.00018544008648640212,6.673105152153592,0.00018544007792082164,6.6731050976549025,0.0001854400865124451
DEXINUS,5390,3.931737081533374,0.002419975328123645,4.122468230151826,0.0023477600028474974,4.022899594061619,0.002370099006930206,4.059685585899315,0.002343778477119384,4.056675545880701,0.0023371163894168076,4.126307499698752,0.002343413309001389,4.01108884823468,0.002366842440575041,4.047624365972744,0.0023441229344022653,4.050327338756974,0.0023373926405095744,4.1157475377808215,0.0023411225076124015,4.11569466465881,0.0023411435892459302,4.115741018270666,0.002341126150549643
DEXJPUS,5391,3.6294881826761247,0.003423392150141783,3.6987012116188995,0.003410319053307387,3.585962429827662,0.0033870299775277638,3.6328072485621674,0.0034102421519707988,3.6324665127774245,0.0034143607812862965,3.6973157914217682,0.0034146411261488214,3.5819176023422092,0.003387075446138408,3.628199057782879,0.0034105823217438357,3.627685985446791,0.0034147757451603662,3.6678513659201366,0.0033468712180720465,3.6680241684311317,0.003346886451814253,3.667851348332923,0.003346871232758009
DEXKOUS,5391,3.5034906430090635,0.0035707926149253777,3.7479038702677476,0.003436137320710974,3.529022113688563,0.0034512724617461995,3.7013178886822495,0.003432895513222322,3.7021883391460975,0.003434306309155436,3.7481767591995867,0.003440840462868032,3.528827621318088,0.003449316912689408,3.6921251582798535,0.003433698280751159,3.693670155306507,0.0034351484849294857,3.740669918908331,0.003429867485630324,3.740664422104635,0.0034298659773201357,3.7406696286567027,0.0034298684438774313
DEXMAUS,5391,4.009875598448454,0.0021656359735872576,4.198687107927843,0.002116854034605652,4.074052085972062,0.002154806276219408,4.148429876595836,0.002121973540380768,4.088802402968913,0.0022637771557328734,4.196936930160401,0.002123452957843059,4.094597316354579,0.002140929448004487,4.158795098755709,0.0021179114395316508,4.107633082878409,0.0022703494157940104,4.198687423429732,0.002116854081536561,4.198687427295506,0.002116854081505228,4.198687422775898,0.0021168540815248607
DEXMXUS,5391,3.4310726370395686,0.004011891506674797,3.567679994435203,0.004003583940446116,3.3853329498818887,0.0040073185264673525,3.471134360618417,0.004005811320434503,3.469068369913788,0.004015429229735754,3.5656022081469043,0.004013166101510243,3.381417912061763,0.004005456274693069,3.4701857361032804,0.004005310102748791,3.468465538021752,0.00401493751964929,3.5430378745723465,0.0040054036298029375,3.5430378762214225,0.004005403629735068,3.5430378762121744,0.004005403629772191
DEXNOUS,5391,3.3837504059225254,0.004400805732807513,3.459476350363945,0.004389088323617871,3.341936947158541,0.004371937369775008,3.399523584849216,0.004391975503020431,3.396487648609602,0.004398392265686025,3.4579758304109234,0.004395456976285124,3.3406209850105815,0.00437174894477966,3.3992479670401017,0.004392370760262542,3.396776686477106,0.004398831347156282,3.4474665767040764,0.004379925440847508,3.4474438416839934,0.004379957192056967,3.447466577540675,0.0043799254401179375
DEXSDUS,5391,3.4481632016447885,0.004144348134416638,3.527484547593942,0.004122070220694236,3.417779653704245,0.00411332529079528,3.462585556669123,0.004126246807550163,3.461776820763861,0.004127993108177265,3.526731203205831,0.004123223139868387,3.4147261797718027,0.0041125913982585595,3.4615899214776547,0.0041262910602039215,3.460878576611098,0.004127893557145425,3.516256374133666,0.004115299642921755,3.516254759404062,0.004115302969775892,3.5162563744946564,0.004115299642722865
DEXSFUS,5391,3.1454011655176926,0.0056927409108105936,3.1894674596366577,0.005716396330243296,3.1158762088981997,0.005666145521505136,3.141030653778616,0.005722250283277732,3.140128029708915,0.0057314004300912155,3.188105109682507,0.005724914435136508,3.1067392181311013,0.00566882048494373,3.1408065424815974,0.005722589518014498,3.1398271821461834,0.005731667061887389,3.1818331154489883,0.005656399923375736,3.1820126204562023,0.005656400567329498,3.181833107930411,0.005656399900634915
DEXSIUS,5391,4.263014341402065,0.0018255854147751047,4.334049241473782,0.001825909647134569,4.2358851813459895,0.0018136044184125157,4.268234800112724,0.0018272537841331517,4.267589859841216,0.0018283034416565788,4.332497025886021,0.0018270387777083391,4.22884611000633,0.001813506164297462,4.265238239193089,0.0018274796478892853,4.2651385027322934,0.001828411560899116,4.32179106954902,0.0018203588331464958,4.321791069662766,0.0018203588330697987,4.321791069502845,0.0018203588330551073
DEXSZUS,5391,3.6264255893079036,0.003309668957247494,3.722448117691113,0.003273527959248822,3.6444964505439748,0.003235083264766882,3.6765091617788057,0.003271991266535454,3.6751263832560617,0.003274023885128084,3.721426497557566,0.0032754016088465147,3.6420091413197113,0.0032344042131648323,3.669449170576233,0.003272015652137262,3.6671864145289423,0.003274044587791586,3.6997197492329748,0.0032325309662330085,3.6997585689393397,0.0032324776904885167,3.699719726168364,0.0032325309994495803
DEXTAUS,5388,4.32742055581211,0.0016529781094521358,4.417929659296455,0.0016493596755878773,4.318374289170591,0.0016245478770626513,4.348787869912946,0.0016439720654703137,4.3465982166453285,0.001642975796349448,4.418904464760046,0.0016496899191138865,4.312500067696338,0.001624616023381386,4.343444448441516,0.0016441292894450686,4.3398808490448895,0.0016431656433317221,4.39834699671655,0.001638506899938617,4.398448757649302,0.0016384430035944447,4.39834553791293,0.0016385080356393139
DEXTHUS,5391,4.031605268114993,0.0022506946656868495,4.175485969517233,0.0021885364757975702,4.076347673830516,0.00220341054057857,4.134392243073521,0.0021858824039608696,4.130147589247153,0.0021897711674481505,4.173328934917185,0.0021928329973903856,4.063989855911062,0.0022020530054514325,4.127780543406638,0.0021862670171356015,4.123746164712411,0.0021900873318529343,4.166713566098075,0.0021878250302532253,4.166713577504805,0.0021878250274948146,4.166713568758487,0.002187825028105088
DEXUSAL,5391,3.397207692367121,0.004215849038052634,3.5383282248913943,0.004144912091830329,3.397127154116688,0.004148174717626872,3.4725163719548675,0.004148245398617672,3.4769144004253523,0.004145596307279755,3.5389981844831957,0.004141324880812488,3.3949450118673163,0.004146729922934565,3.477248571558415,0.004148112615718785,3.4799236584966193,0.00414541514370698,3.520506315927679,0.004133148029508683,3.5205063163939356,0.004133148029271269,3.520506315937504,0.004133148029291184
DEXUSEU,5391,3.748237301228382,0.003088730246962144,3.8296311498783537,0.003067083202532458,3.7396436088013143,0.00305569256334405,3.779638882924086,0.003069601207857505,3.7780506597313153,0.0030742793267401892,3.8281455953857493,0.0030715249516295416,3.7358262598694303,0.003055568537521319,3.7773571421582903,0.003069954032099702,3.7752122471677145,0.0030746504721064953,3.8172619871156503,0.003060657644541791,3.8172623362479863,0.0030606569564278078,3.817261987057089,0.0030606576446331663
DEXUSNZ,5391,3.377707208951701,0.004429746112683417,3.4620191757634347,0.004399210190189874,3.3819315625499775,0.00438097314172318,3.407232592478457,0.004401565901655128,3.407412284456843,0.004403340089879598,3.461748878500745,0.004401024171619491,3.380425570278665,0.004378828234151315,3.3956902432162948,0.004403252171480986,3.3965688541763406,0.004404893158949792,3.4458404038495987,0.004380325851435478,3.4458404202498945,0.004380325825273838,3.445840397579215,0.004380325849202408
DEXUSUK,5391,3.6656399346466904,0.003271607788621995,3.7551010588693066,0.00326085751337916,3.6372429917716915,0.003246547840146104,3.684092731020645,0.003263620987987866,3.6798795856803035,0.0032701417475621566,3.753076751239985,0.003267234328991078,3.63577895951065,0.003246512076542228,3.682488905473378,0.0032637390884221068,3.678976711975047,0.0032701520929884443,3.7425404805955758,0.0032526171990649093,3.7425404812025524,0.0032526171995577013,3.74254048124363,0.0032526171989997223
DFII10,5385,1.5034891100668213,0.028360316415390843,1.6146998047969003,0.02818430220270514,1.479018763240571,0.028153970058731256,1.5074375410800942,0.028209977974752196,1.510545151210232,0.02826890323880434,1.613427017144039,0.028241246042665022,1.4721114145782666,0.02815236720409297,1.517072617690441,0.028208547642069468,1.5175631533888756,0.028266569458516765,1.6023281860858312,0.028095959163393747,1.6023281933857383,0.028095959139628854,1.6023281875116202,0.028095959150732777
DFII20,5385,1.531609603210754,0.027942596298356936,1.6118543046707712,0.027932529475068378,1.5003021086077577,0.027822292550039502,1.5057224722423401,0.027965751520457115,1.5121867684244998,0.027949495402408965,1.6123431439859433,0.02791947062676278,1.4952187234974577,0.027817408501499784,1.5174952749252377,0.02796147734405364,1.5199391052245987,0.027949923630203773,1.5964101307781384,0.027736942012753583,1.5963352876543397,0.02773754117538494,1.5964142338460607,0.027736910782678374
DFII30,4100,1.6676347959339508,0.024495434076926975,1.7321075780969157,0.024673901403426592,1.6253549836228753,0.024439646656940123,1.634217082584389,0.024712559837568215,1.638567079970299,0.02473166048560004,1.7313348142187526,0.024691235673358465,1.624491022431865,0.02442844836970022,1.6410931712435124,0.024709796533095393,1.6436608457097213,0.024730723823559942,1.7062391047274392,0.02375848129038494,1.706063516000085,0.0237596257785762,1.706235974924043,0.023758507772634947
DFII5,5385,1.2305784615792505,0.03336425700911815,1.4717831822906664,0.03233071147496912,1.2844872133992031,0.03214880654514003,1.3277268963268933,0.032367140202998315,1.3249390806516876,0.03241159351030026,1.4718136011248202,0.0323654263077495,1.2746954172093403,0.03213662762438805,1.3158478346055846,0.03232288701398052,1.316905349311096,0.03235713721581709,1.459544800653066,0.032242198344191585,1.4595386308217198,0.0322422360576038,1.459544802837109,0.03224219834384466
DFII7,5385,1.3347723486902945,0.03147822736934907,1.5101004177777428,0.031073163231570864,1.3455989206582306,0.030857273857746167,1.3720421632902273,0.031083704605145177,1.3727408024983636,0.031044016665207907,1.5116575265572714,0.031039290633944498,1.3384194167318875,0.030857016968059342,1.364213105323347,0.031076080257126045,1.3673690295666152,0.03103664961568027,1.4977623208532136,0.030985380670323276,1.4977623212096864,0.03098538066846677,1.4977623208808888,0.030985380669536464
DGASNYH,5398,2.165160101678986,0.014259792885169877,2.2787459660308853,0.014156322281883908,2.13923116499631,0.014027382100685543,2.2029605389227274,0.014148014075506516,2.2033452275162104,0.014172587976807894,2.278214712934513,0.014185141871322195,2.1363162363499226,0.014028145945871456,2.2018205526188037,0.014148332568549598,2.203027891516417,0.014172802395638423,2.272516839697617,0.014102015778152554,2.2733989239866697,0.014101810820056985,2.27251742869798,0.014102014677862536
DGASUSGULF,5395,2.039408784824645,0.01580791375661327,2.211958433682789,0.015445453043344397,2.032853977670005,0.015480558243578323,2.1369009448220275,0.015433619536489822,2.1350187198878174,0.015456256335389933,2.2112984231313315,0.015468657317544212,2.0332022659259885,0.015417183947844514,2.1333015883469386,0.015435020576187692,2.134159985681603,0.015457389373158851,2.1986301627381977,0.01543121979659393,2.1986426273619455,0.015431101337003839,2.1986479612506074,0.015431085071152937
DGS10,5385,2.200462187611671,0.01308565035323825,2.463989467049169,0.012807059526829707,2.169586720052806,0.01306642133757345,2.3475640423677313,0.012822097859286135,2.3403128592204436,0.012843732767281988,2.463533729074613,0.01282715499741303,2.154954981671674,0.01306471132248813,2.35102931304172,0.01282213387040469,2.3453230463943124,0.012844416529043617,2.4529304916914034,0.012797830318949148,2.452904928877076,0.012797880560227546,2.452930362827531,0.01279783055494895
DGS20,5385,2.4470714002020713,0.010405594782534226,2.665385365090488,0.010252668653391507,2.402887982643217,0.010391456615630085,2.549910623711398,0.01026473469395581,2.552185304669846,0.010272012242562844,2.665236025356823,0.010258992632499606,2.3988202587222496,0.010389756312031,2.5551098601945146,0.010263521950181513,2.553130587443135,0.01027230308242868,2.654025111015864,0.010230026045011621,2.6539536981829457,0.010230078982114737,2.6540251110590867,0.010230026045107655
DGS3,5385,1.6449256264111143,0.02249257221328851,2.023455696420386,0.021387580898632852,1.7143021608370612,0.022299758221160853,1.9317121742874634,0.02140568085133872,1.9283610846945636,0.02135160587004253,2.0256174515664678,0.021335723193533142,1.689005420853084,0.022284716439304228,1.9243273617140382,0.02140322161470501,1.9236674049007891,0.021350257555468422,2.0132587345796384,0.021377290732856963,2.013258735717433,0.021377290680959664,2.013258734587194,0.021377290732902267
DGS30,5385,2.536420554123993,0.00966114434143584,2.7323171664292567,0.009541811085265884,2.48143392598072,0.009658840981458432,2.6271720117771924,0.009553426156004284,2.6330162297412816,0.00956321153384954,2.7316972842639413,0.009550992455985171,2.470830174918131,0.009657598769738625,2.6351224777353823,0.00955363400412241,2.6337100529057818,0.009564084611850097,2.720546984827628,0.009524470362825421,2.7205469851579207,0.009524470361854229,2.7205469848501047,0.009524470362519447
DGS5,5385,1.850775701346076,0.018486304891279566,2.1628507420492027,0.01785091600372641,1.8632369235054074,0.01839647844820375,2.0815371935311053,0.017866282776865507,2.0777852531912955,0.01785755629673473,2.1639808482468057,0.017843925255304816,1.8525110758093375,0.018386927330532803,2.0706281210286366,0.01786680547003755,2.069799726389323,0.017858810536677185,2.1524366649749824,0.017839987185119446,2.1523893398582583,0.01784009670233036,2.15243666476947,0.017839987185765266
DGS7,5385,2.0510452700582666,0.015456975780043665,2.2999772011389936,0.015107083271777252,2.0377650481798963,0.015426800566040956,2.2087411205301244,0.015123588098544315,2.20796518147523,0.015138097271201653,2.300619923496472,0.015123108882477337,2.02959642233647,0.015419443326404653,2.208446854113478,0.015123823361847945,2.207510856259755,0.015139888099476199,2.2895074612170574,0.015093979124805498,2.2894793915284306,0.015094038006440403,2.2895075889797796,0.01509397902201519
DHHNGSP,5411,1.2018487968846492,0.02865950656909012,1.575594121667073,0.029477921271342605,1.137238363321551,0.028418883815346817,1.4270671832968729,0.029061730564600034,1.4282321304638064,0.02921403541734539,1.575035505659066,0.029681872684115283,1.1250451025544397,0.028411659772860642,1.4193543467463032,0.029069447419773624,1.4206712350008326,0.029225367890180726,1.5659647953297835,0.029372231376240787,1.5659644904265426,0.029372232758106437,1.5659647953251008,0.029372231376280346
DHOILNYH,5398,2.2537265345740884,0.013064678563954957,2.387625757870169,0.012986136080167743,2.163229635783033,0.013038388189741077,2.274158566864369,0.012994597085985327,2.2802000320810394,0.012986001852798027,2.3878357739872293,0.012978372007657522,2.162082457547322,0.013026733770900845,2.2799334214214424,0.012992422743740467,2.284850864573718,0.012984365257837272,2.374220863005419,0.012894665027041074,2.374259066241771,0.012894565627597289,2.3742207150448316,0.012894665187920634
DJCA,2511,2.965710277200799,0.005854766646454811,3.211279422280144,0.005767976113909648,2.9818257050664583,0.005808296509819185,3.1369307952352137,0.005756681239655712,3.1306875109392247,0.005759887770991166,3.2089865278129093,0.005784464403259977,2.9653579047625893,0.0058036610359698156,3.128048089248895,0.005757251159416589,3.125048591366357,0.005760549583438328,3.181513670352549,0.005756773367350273,3.1815276170495648,0.005756762582657614,3.1815136506636654,0.005756773391044244
DJFUELUSGULF,5397,2.1595386976344937,0.014147706891284422,2.3399198683964806,0.013770789242428836,2.1185771069110286,0.013950781165876723,2.252516390311951,0.013778463079937565,2.2543436014536353,0.013799426023751449,2.3388789195137165,0.013796335026108107,2.1144932639514673,0.01394430631283273,2.259467986406579,0.013777579459407906,2.259398711141095,0.01379990025315871,2.339848565575712,0.013770891562158678,2.3398486336819886,0.013770891373804073,2.339848678934548,0.013770891550868553
DJIA,2511,2.9451493805758022,0.0058930323931305735,3.2134289658476987,0.005773431979696409,2.9997547474346695,0.0058304729916995425,3.1149835649208955,0.005766525432228145,3.117493008401195,0.005751943330390375,3.2117693845508537,0.005764745996621029,2.9966676100332963,0.005821339064697237,3.1083947625090116,0.005765907452483751,3.1105415514414485,0.005751464710989151,3.1855415273657774,0.005775249281879539,3.185659914102697,0.005775005077084333,3.1855194075596103,0.005775276696934457
DJTA,2511,2.6936618087775575,0.008258839909669717,2.7999308856786245,0.008338626936890735,2.675656454414561,0.008263452206067917,2.7353837172247983,0.00833418969431629,2.727295658726113,0.008350507921972119,2.796776006354143,0.00835394318342612,2.6614667848313234,0.008260662665060137,2.7257908260949044,0.008335081285002582,2.719071821203188,0.008351476829444586,2.759833056487533,0.008287326372772274,2.759833058143558,0.008287326355915352,2.759833057467267,0.008287326350808899
DJUA,2511,2.920798062994512,0.006487698638101759,3.082717520063457,0.006455621680907648,2.8590053103879307,0.0064674785026930205,3.007494598650277,0.006458123236334351,3.0063348534701366,0.006469662645457733,3.081185647926882,0.006474150564153978,2.855300435656006,0.006463579704324972,2.9912761146224467,0.006460011258760965,2.9925976016045124,0.006471524963842984,3.0768985012579293,0.006405420699523284,3.076899092547143,0.006405419424409547,3.0768985013040258,0.0064054206993188175
DLTIIT,5386,1.586504102278048,0.026392461255281656,1.6802310903720572,0.026332122907138884,1.5506562208348358,0.0262746168296759,1.589061426167447,0.026365698516301037,1.5921885380340135,0.026379865689063742,1.6796537743923856,0.026347649038079273,1.5488016630348678,0.026271680265506164,1.5945537603648543,0.026364100208737962,1.5956555041847555,0.02638143220579162,1.6665143776444653,0.026230882423841164,1.6676524210354842,0.02623088248533207,1.6665143823299835,0.026230882425861187
DNFINCP,1332,1.4377146149540154,0.02564100587904195,1.6263922378926405,0.02593409618869179,1.578713669666126,0.025501098207327853,1.5080021381249469,0.025621737311277856,1.5087672192049226,0.025419786477846065,1.6298672567597015,0.025752648088629895,1.572802283896362,0.025456285194084168,1.4801083292580426,0.02562456833237546,1.490658316504903,0.02541613458684449,1.6264613047296435,0.025928471609593187,1.6264613562367667,0.02592847181694007,1.626461274316668,0.025928471940100065
DPROPANEMBTX,5389,2.1666274152065204,0.013919252687303825,2.2844999230875422,0.014056034571453628,2.178907874110736,0.013860233425972448,2.2112220253529355,0.013989677106492371,2.2119037363024634,0.01400728840297466,2.2872185211880223,0.014090373809798587,2.1496260743068047,0.013854948390547944,2.206989372831568,0.013990976667120552,2.207713170111156,0.014010409062476947,2.279203905179186,0.014040777242368572,2.27920389881078,0.014040777266585213,2.2792039167577376,0.014040777234730956
DPSACBW027NBOG,2791,3.0444453148724406,0.006304336378473182,3.1665402095419304,0.006179201521868047,3.113692210433013,0.0061372369823390355,3.111908110257391,0.006186527634281246,3.17355762497063,0.005709446424073445,3.229100858049935,0.005667938655564767,3.1199598484912974,0.006126595152907882,3.116004108736289,0.006186946051466948,3.1696831247018435,0.005709374104146308,3.2035554953084544,0.0058472505476785865,3.2036950435299314,0.005847241505915133,3.2035694856137447,0.005847228073854988
DPSACBW027SBOG,2791,3.556616359813996,0.0034394541969879192,3.849953056224688,0.003096048732523283,3.8076073651103073,0.0030686627435235203,3.8142749815823134,0.003098152991549521,3.9209185531061164,0.0027223855928237566,3.9649617900392515,0.0027203475262832836,3.817226370603891,0.0030585462563672643,3.8134998604035175,0.003097661649230616,3.9198669407241735,0.002721761853525632,3.9495575568678163,0.0027611659188089962,3.94960283393167,0.00276108628328379,3.949557561259482,0.0027611659521464328
DPSDCBW027SBOG,2791,3.5171337013186044,0.00360425149285501,3.780582327747381,0.00329491237428044,3.7325486089957076,0.003268481755500918,3.746301051146961,0.0032970409607232403,3.8516658860925364,0.0028755860557870294,3.903275439101889,0.0028720671981145376,3.7411261681780483,0.0032585481221432846,3.7421649263147483,0.003297340889136937,3.8510002673714756,0.002874325554371241,3.889237969981993,0.002911015686060879,3.88925311132651,0.0029109904903508194,3.8892379700241424,0.0029110156860070197
DPSLCBW027NBOG,2152,2.9965910889818805,0.0065757560803444215,3.073411176577249,0.006534468767786018,3.0359803312107725,0.006434231291025863,2.9986732736213444,0.006545652815169464,3.025567507961463,0.006143057222511584,3.1250146745526446,0.006090212607726376,3.0417109178058315,0.00642730960641576,3.0002639126912225,0.006548215786781701,3.029094298029773,0.006139453572742417,3.106302565914833,0.006183288477211655,3.1062703330229655,0.0061828616295703746,3.106041281681942,0.006183291285705351
DPSLCBW027SBOG,2152,3.6027350388779023,0.003423243825825214,3.717131384609234,0.0033738870340421236,3.6397495350723816,0.0033316392473981835,3.6739306163450243,0.0033724871964525517,3.751420113386296,0.002999737647353422,3.82076931730069,0.0029889033597543394,3.6435148692976176,0.0033266079559403595,3.6559157500932637,0.0033732863944307945,3.7454594777881582,0.0029990606377058916,3.8207692153411847,0.002988904291563084,3.8207692154327226,0.0029889042914231024,3.8207692153411914,0.0029889042915630763
DPSSCBW027NBOG,2791,3.195877638929177,0.005307341382776754,3.3141559073876006,0.005209490878920185,3.2422776826037016,0.0052044410479890136,3.271070114916585,0.005194814234477949,3.2938101280581944,0.005050203297289008,3.3393685728131497,0.005026972378436991,3.2499060023991198,0.005190116591988123,3.2788985615818613,0.005194926226458825,3.3020680331698586,0.005044377941325282,3.29324411872067,0.005004306181486929,3.293251989678828,0.005004295042335568,3.293244129884915,0.005004306170140176
DPSSCBW027SBOG,2791,3.0538181390029244,0.00566175204756207,3.765541470993906,0.004424352935609096,3.5210994441291215,0.004765716807314334,3.711998991684414,0.004421027819350066,3.7964640380319117,0.003853811946455787,3.854188535367842,0.003868854959161938,3.52222169892149,0.004745136966806706,3.713159992280181,0.0044187986449684144,3.8008944248771206,0.0038475867998432815,3.828922237474997,0.003949464068826737,3.8289222147538733,0.003949464131184402,3.8289222374749867,0.003949464068826541
DRGASLA,5397,1.8218613370779975,0.01926628854092087,1.9526389335095204,0.019356797896517168,1.7783631810293563,0.019081194659578513,1.8302432613456558,0.019276642302295605,1.8318840022452723,0.019323791039386397,1.9506405337201613,0.019418638334044315,1.7681335930456397,0.0190793454494653,1.834560395676061,0.01927603202715561,1.8337989044941032,0.019325370546693206,1.9426441944174682,0.019323513373034017,1.9427056983174584,0.019323378354466465,1.9426583912525845,0.0193234574707906
DSPI,808,2.1932949244568003,0.005017891674953999,2.8791171111512055,0.005642768162402003,2.4203550592931187,0.004679527112725748,2.8933440938902004,0.004906256720321056,3.0195832665015807,0.00485045642433425,2.8921911625735066,0.005445999989029937,2.3373842388412296,0.004678299284790848,2.869542916247425,0.004917024211735956,2.996917436728306,0.0048628268554237065,2.833519881492395,0.0050199497412493944,2.811189884193306,0.005512539909751398,2.8109386381787327,0.005513166375733515
DSWP10,2958,2.363857744795874,0.011545607143818285,2.526937498264407,0.011602438366011464,2.3612170838921633,0.011576417745003578,2.3959661449483085,0.011620013103269515,2.3917473003679097,0.011651645390765913,2.524784300537864,0.011636068938408933,2.3326932037363726,0.011575831242094974,2.391099317024572,0.011622110339762853,2.3889309299683528,0.011654671364830149,2.5054067611711868,0.01158530248691262,2.505404945284301,0.011585305056495252,2.50540676117874,0.011585302486917847
DSWP2,2958,1.856592336934719,0.01817737355724128,2.0818683914691984,0.018292064613653174,1.894173521654786,0.01825445674692588,1.9439981846704726,0.018285184782420312,1.9454891377231178,0.018332895463110118,2.080583183565617,0.018340248654744033,1.8684278966909602,0.018261102548844898,1.9381887842605492,0.018285005240736774,1.9382572846931376,0.01833198997416092,2.069589044343333,0.018273965334698217,2.0695890761575804,0.018273965270837453,2.0695890463250226,0.01827396533405362
DSWP3,2958,1.8929581977690058,0.017659911933549398,2.1045002192285502,0.017783288603723905,1.918032025247146,0.017711021127493776,1.9527113620882834,0.01778165588238654,1.9478954610637582,0.017828877643847583,2.102097691295829,0.017834568454891724,1.9066573034461032,0.01770467459013998,1.947675183366261,0.017781553167719243,1.944719854120993,0.017827832384391114,2.089537017236573,0.017770079556296784,2.089537017247083,0.017770079555695796,2.0895370172920735,0.01777007955597106
DSWP30,2958,2.5687566089236324,0.009447076004682265,2.733232567123702,0.009447144468161221,2.520473981150192,0.009475025143899753,2.604771592436708,0.009460148400851838,2.602468829032739,0.009489222455603364,2.7306328900131116,0.009475666711846114,2.5209996960713363,0.00946891609681739,2.6106814251587984,0.00946042151305511,2.607074820651821,0.009489850654478786,2.722671863407555,0.009425124955782155,2.7226718410395625,0.00942512498975219,2.722671901246167,0.009425124873211451
DSWP5,2958,2.069219788522873,0.015230521292249935,2.245933775658164,0.0153341681293254,2.099964477436515,0.015249622221331173,2.09234271675712,0.015346313852312275,2.0894593071873415,0.01539269059001778,2.243524527102998,0.015381449424655153,2.076452426179791,0.015253125410100548,2.089303952019457,0.015347372578799952,2.087652016775439,0.015394216303448035,2.2332948465790805,0.015328429456556955,2.2332948451083894,0.015328429456969104,2.2332948462486235,0.015328429456466747
DTP10J26,2461,1.004845726777346,0.03577806160307517,1.4350315883732436,0.035516523683652185,0.9205721573775113,0.03592979980185861,1.1538021992528789,0.03554536053660534,1.1977606246703822,0.035774677977088255,1.438837272816713,0.0357528964405797,0.8537053087927976,0.03594215849630115,1.1537835231782487,0.03554593699957638,1.187480051168481,0.0357772214835035,1.3814132025698636,0.035172246795842264,1.3814196349695609,0.035172192136195254,1.3814107849589319,0.03517227202068724
DTP10J28,2114,1.286859182745471,0.03274043211880071,1.4552412169632152,0.032944691310673895,1.2735409411320235,0.03278848848631548,1.3019431417108531,0.03294011656093946,1.3124931937473385,0.03295281854575509,1.4533079905998576,0.03298570325752817,1.2669964078453275,0.03276575773539788,1.3085735921596104,0.032934865901874055,1.3141924144464718,0.03296299356724929,1.403367181636282,0.03295738088974622,1.4033671820814548,0.03295738084439246,1.4033672329878362,0.032957380549828774
DTP10J30,1597,1.3709714954679275,0.033216330928167934,1.4241261388775839,0.03346986911119719,1.3257716570294769,0.03326293446937879,1.3421570113383725,0.03354276518586188,1.3425999746847261,0.0336249461939979,1.4221865259910913,0.033586805362048784,1.3177804277692846,0.03324842521937601,1.3437370401097963,0.03353462865306427,1.344163603645115,0.033619363019957896,1.4241261334772388,0.03346986938620457,1.424126134385482,0.033469869382382535,1.424126133195819,0.033469869387487416
DTP10L26,2481,1.0539290781161181,0.03741683811347535,1.4102638960844045,0.037191512630427505,1.0440701101033605,0.03749675122517577,1.2626858617294148,0.037175133002727165,1.2626411446406152,0.037212179905273673,1.4106827811465474,0.037238105694737005,1.0150437950282318,0.037500508157297364,1.250088759073272,0.03717946429807895,1.25296351595496,0.03721539200038324,1.3554002400003857,0.0368860560792097,1.3554323900790795,0.036888173185285436,1.3553996058881475,0.03688606434209676
DTP10L27,2238,1.2865555082961702,0.032469236695875196,1.4692416417859009,0.03268073684715629,1.2626549793858948,0.032561392302567306,1.3155827231389592,0.032675708099763404,1.3242027931609401,0.032720448953862113,1.467239098692921,0.03275564917010638,1.2527093754509946,0.03254066355351698,1.3089256040157746,0.03267809081553508,1.313498854269953,0.03272925513084504,1.4315781785391104,0.03270232577761101,1.4323707818169986,0.03270232575658352,1.4315781787299975,0.03270232577436096
DTP10L28,1989,1.2917027589206518,0.033024757112896076,1.4414907359500013,0.0332249779450367,1.2906086656607547,0.033031559449839945,1.3079345260123056,0.03319984526190556,1.3173561988334455,0.033261477293288946,1.4394710525013943,0.033305242773151354,1.2796003501608673,0.03300521988950839,1.3209644429187428,0.03319311102418456,1.324385314565617,0.033256498957614525,1.3876972785656854,0.033293924168223285,1.3877100521465053,0.03329377246697489,1.3876972546672361,0.033293924260873124
DTP10L29,1736,1.3920488878735786,0.032432650004680146,1.4572722536031706,0.03255652719614249,1.393967186706233,0.032331868446416716,1.378784212062579,0.03259283575959275,1.3891906484570455,0.03267884934898865,1.4552184628981295,0.03265517313956933,1.383141129530891,0.03231954169240149,1.3646299259800585,0.032628115055061614,1.3684343464951614,0.03271595126964779,1.4572650567029586,0.03255679504188308,1.4572650373121352,0.03255679500686128,1.4572649723894977,0.03255679532046634
DTP20J26,4004,1.2661099814893144,0.03129076970426816,1.5516616440556217,0.031005498436026544,1.0958826200354232,0.03138838678974925,1.402199895774571,0.03103666140404783,1.376030197044507,0.031121182767591665,1.5509923838276283,0.031079179295463114,1.0793944391068262,0.03138295315286293,1.3847470579067565,0.031033600149148983,1.366468459136857,0.031114112209796766,1.5268542105101803,0.030493044266221295,1.5270961810582497,0.030491574418095593,1.5268541109653535,0.030493045100115808
DTP20J27,4128,1.4706312942557525,0.028848573188502914,1.6035287349698106,0.0288379218691408,1.3642099149498228,0.028899824785009322,1.5155750155912793,0.02886241865273686,1.5089669362256595,0.028913008688747226,1.6019688130788365,0.02888646099608812,1.3555145523682859,0.0288943012585665,1.5066727992935594,0.028864082205086388,1.5040348966498365,0.02891417653414198,1.5775958414648472,0.028350072136810286,1.5777915292552143,0.028349375113907962,1.5775958401529866,0.028350072145043308
DTP20J29,4125,1.5630301869946188,0.026726748948271907,1.6586674551596616,0.02686403962612891,1.4756733572288498,0.026733710385075923,1.5761649227907182,0.026888202096135818,1.5716921254235403,0.02695412077527714,1.6567545300886466,0.02692230334920414,1.4722585107273822,0.02671901211137254,1.5655036578367152,0.026890884602065897,1.5649636533211628,0.02695350146226612,1.6277816420236921,0.02635606337881543,1.6277783428404313,0.026356078629152804,1.627781642011257,0.02635606337892445
DTP30A28,5380,1.5025804721247735,0.02839474958978195,1.6149542782253172,0.028343557837642003,1.4306995561480382,0.028337098734150586,1.5240260902190343,0.028372794858095778,1.5221910183010536,0.028385535186277212,1.614209590884377,0.028358369357440894,1.424797590802592,0.028337842777627104,1.5238785198225158,0.0283733711320425,1.5241215667538222,0.028385540525602864,1.6013386207485785,0.028212463357407038,1.6013242500918554,0.02821252829782258,1.6013386206399822,0.028212463359731
DTP30A29,5378,1.5097621532367942,0.02809345082914876,1.6139766641498212,0.02813798123836902,1.4425845163216728,0.028034748760601927,1.5065905053332236,0.0281619704927766,1.5072484972067706,0.028179276462817416,1.613291439361663,0.028156328137806632,1.439023745634565,0.02803231519494482,1.510847305921467,0.028162003775778176,1.5107044266096201,0.02817994536367569,1.5998846859583125,0.028013455066817884,1.5998976444450927,0.028013506309797032,1.5998846881864157,0.028013455042739416
DTP30F40,4094,1.6692213770921405,0.024418623928716812,1.731578421685778,0.02457444024851237,1.6307444900555639,0.0243957811519308,1.6640618252153843,0.02460457926001104,1.6599615537482455,0.024669623788638635,1.7298727911124858,0.02463417659399618,1.6313564064042958,0.02435815258030578,1.656445738894932,0.02460874595372516,1.6543939492247146,0.024675868782047475,1.7114074657066054,0.024002474460658327,1.7113936995263324,0.024002267377828537,1.7114075065980212,0.02400247441309429
DTP30F43,3331,1.6758693657037782,0.023917945998852125,1.7487993340284342,0.024174246386702233,1.6220964944022749,0.023936295635323606,1.6762660305864505,0.024192086641260213,1.67032276503867,0.02424748616732655,1.7471653379423429,0.024231659163449597,1.6161140711016417,0.02391685743246547,1.663796606598743,0.02420049115293309,1.662141636861097,0.024253819600674572,1.7187587586024224,0.023347988583422134,1.7186388901520724,0.02334981489367144,1.7187606711396697,0.02334795899272384
DTP30F45,2835,1.6701351065258705,0.023784256431199285,1.7588037398588414,0.023986126898124446,1.5942328209781318,0.023772946241876546,1.6667998002114035,0.024011867319352724,1.6683888747950164,0.024098162714265615,1.7566267250017658,0.02407262710952701,1.585664721166217,0.023780897803099565,1.6727783127640703,0.02400867760752837,1.6709065601698396,0.024096555193045457,1.7212879276619786,0.023349736248984287,1.7210793328612106,0.023351343308696156,1.7212748088681438,0.023349863566233208
DTP30F50,1594,1.58579402927852,0.027189106876496026,1.6201187646075332,0.02730065011030438,1.544823276444384,0.027091418692294575,1.5533434129441437,0.027383547073151895,1.5597297857308943,0.02742477901782116,1.6194342889839808,0.027372536700354774,1.548423855567387,0.027073693841124912,1.5626968856988808,0.02737821979362333,1.5651794619583588,0.027422483876531914,1.6201909028789103,0.0272894647722698,1.620118751544346,0.027300647977847328,1.620149450819287,0.027295883147623344
DTP5A25,1195,0.46485421903136653,0.054185500047922844,0.8824820628623269,0.05520774354055235,0.644316126462549,0.05408213070877372,0.6181839607490569,0.054971337509757856,0.6209170108058836,0.055113103925700804,0.8850432773059805,0.05537362258435161,0.5961349482110376,0.054081299690302294,0.5859835956701157,0.05499046631228747,0.5958225769675428,0.05511492758716228,0.846624842411666,0.055171391056681514,0.8466248456014515,0.055171391051722786,0.8466248424560615,0.05517139105781332
DTWEXAFEGS,5143,3.9722086134658574,0.002447243288831102,4.0527024951953825,0.002434888506943156,3.9618012117605548,0.0024225414668894367,3.984627293328659,0.0024369710322169813,3.9842459935446213,0.0024389669676414096,4.051661877052258,0.0024371962655345835,3.9546888733437706,0.0024226991122733143,3.984925393952324,0.002437361439479377,3.983026941210134,0.0024394263961489116,4.04077586751746,0.002434424588370945,4.040775867371869,0.002434424588377173,4.040775867520874,0.0024344245883785366
DTWEXB,3774,4.3018650826145,0.0017459376339284197,4.393907611300657,0.001741774551538144,4.235612097609808,0.0017393679584932422,4.338656537549263,0.0017431850682595573,4.334320749539941,0.0017483704465247121,4.391651608430579,0.0017470226122193297,4.227494768198854,0.0017396144554649084,4.3262725613799615,0.0017435279010860987,4.323998554460785,0.001748843950094373,4.376447115351504,0.0017404258758871199,4.376447115233627,0.0017404258759240554,4.376447115280798,0.0017404258760352338
DTWEXBGS,5143,4.218366455103215,0.001903122512346263,4.2943716496822235,0.0019004021488906613,4.201190773385245,0.0018920243230692892,4.236575735143563,0.0019017708130498743,4.232713667760245,0.0019080061726311518,4.291948688067508,0.0019067748516588608,4.186362946521791,0.0018920327012919692,4.23001699180543,0.0019021263647943127,4.2265595860039085,0.0019084779220876335,4.278776890082508,0.0019013509574211387,4.278776890087501,0.0019013509574160928,4.278776890077741,0.001901350957425874
DTWEXEMEGS,5143,4.27883740059191,0.001762683324737656,4.370618691250026,0.0017661895271593245,4.238650549568839,0.0017618338710949364,4.275933417838065,0.0017675411421714247,4.2758939034461125,0.0017734186044997748,4.367874512256271,0.001772410853744075,4.2327273597367485,0.0017610513469021672,4.2719634605739785,0.001767636271536121,4.271041905725173,0.0017736820546127234,4.3633691792466625,0.001767212316858123,4.3633691807169095,0.0017672123157534117,4.363369179489453,0.0017672123162032812
DTWEXM,3774,3.9545734714851415,0.0024835465210196195,4.048505419040369,0.0024684883573808237,3.932193878863823,0.002459877883606755,3.990218602570044,0.0024702754324494565,3.988175771296949,0.002470790144215306,4.0477922918499445,0.002468883536400297,3.9271809767132138,0.0024599944150716104,3.9803270784480067,0.0024707826868725024,3.9789989503198107,0.0024711728731909707,4.030626157243121,0.002463115211720222,4.030626774448491,0.002463114420867244,4.030626157298132,0.0024631152116398884
ECBESTRNUMTRANS,1736,0.5786227258112397,0.06271305601657083,0.7149697005984371,0.06068319639283651,0.9660364989813514,0.0541643682916536,0.8720690490666267,0.056079514565919315,0.877853836187405,0.05539560884292212,0.7238383722860269,0.06068723471681362,0.9221415673296183,0.054154321505073266,0.8500122801454929,0.05616745474100062,0.8630894522623612,0.055468963195912775,0.9660367614225271,0.054164370055755966,0.6508586333832755,0.05984250167233254,0.9221421686480873,0.054154322662183084
ECBESTRTOTVOL,1736,0.6652465601525432,0.06202568279424582,0.7125563467283321,0.061319573512350546,0.8593341605601641,0.05704441558442138,0.7688793220575456,0.05899104506329888,0.795555266553166,0.058316665683279825,0.7284951680640147,0.06106215431082915,0.8492578234937262,0.05695364973685423,0.7464453847390684,0.05904435099826305,0.78500131710478,0.05836034037250764,0.8320719590460535,0.05747602152110394,0.7120968261671653,0.05925536961254953,0.815563385623762,0.05758798233074048
EFFRVOL,2604,0.997611933576841,0.04400761336543963,0.9783324796404765,0.04545133826471739,0.965170491579576,0.043230071638967915,0.8783197412079855,0.04474286139101043,0.9866704656103888,0.04358213238021467,1.0129105392226063,0.04440157403558849,0.9537102768774371,0.04322604222559266,0.8774843269438858,0.04474038961647627,0.9760710186189362,0.04360173291223747,1.0426114692966806,0.04200626619104328,1.0426114692966806,0.04200626619104328,1.0426114692966806,0.04200626619104328
EVZCLS,4359,1.3185109121893255,0.030876845885103962,1.4947198834849598,0.030945869736695022,1.2536209465124084,0.030468027631404073,1.4326368449292404,0.03079852445901962,1.4632324362741482,0.03030408912394808,1.508604306152819,0.03046332080331251,1.2419630197571785,0.03047183674315943,1.4279095989051487,0.03080090054608356,1.456110648170661,0.03030668761887839,1.4721966687825032,0.02979760125212347,1.4723210386941636,0.02979665293413665,1.4722006473210971,0.02979752250135218
EXCSRESNW,1909,-0.05454643958041581,0.11594047608177581,0.5799145372760043,0.09938462817943472,0.8611861490934194,0.09079561564733563,0.8339488703632288,0.09225818483333285,0.8304873880387494,0.09255731263691759,0.580994419354223,0.09935749528051008,0.8529050272796815,0.0905813448130034,0.8345221842894677,0.0922422474113975,0.8295074769003222,0.09246822266717031,0.8610915966981908,0.09079572228095596,0.5212043740243857,0.09563373249359278,0.8528444992217731,0.09058143130379105
FEDFUNDS,863,0.28565229166275413,0.06442017521070793,0.8009988965767387,0.062422262449615296,0.2414301831117438,0.061190343317003994,0.5675863875739494,0.0611807384757566,0.9397945255545979,0.05723173765466589,0.8760005619897917,0.059946876338696345,0.22004989021499047,0.061328335641108234,0.47169547529595973,0.06116737567877229,0.9448759410453542,0.05713650307662884,0.8748922721449983,0.06019747037870975,0.8748919600491475,0.0601974419988233,0.8748899171938135,0.0601974911614554
FINCP,1331,2.0782680938464786,0.0149814208674375,2.155890908518128,0.015198478106439924,2.0507311275894162,0.015024142663643474,2.037596660286571,0.015170411530120356,2.0461992328483154,0.015167904597771061,2.1566781554168384,0.015192260358164482,2.0042212995018476,0.015040436655738785,2.0347557626397905,0.015171775038838842,2.03990678623791,0.015169747857057077,2.1116254517239255,0.015222200942830583,2.1114877306476174,0.01522252402785777,2.11173420643923,0.015221682323973664
FINCPN,1331,2.3137809435808343,0.01261656092401886,2.3154083637575362,0.01298622791804449,2.2571408047734023,0.01264211432078327,2.179259929619101,0.012982814051996935,2.2208832050434255,0.012829328833950148,2.331435749105127,0.01282240967466032,2.2488420136000924,0.012631195619709504,2.175155164153732,0.012982010579640546,2.201177740193411,0.012835651501016081,2.3418131529248436,0.012268703827077097,2.341813152716,0.012268703827768701,2.341813152924802,0.012268703827077168
FLICLAIMS,2106,0.13620919511056545,0.10768533161853758,0.11066859511912502,0.1106120293637607,0.1854235033099371,0.1060549457080082,0.10981495450555495,0.10871872257439084,0.12337856511855534,0.10390979414085737,0.1626472131942991,0.10657009779494887,0.18326625770333585,0.10603844300880756,0.10824476043459517,0.1087350230648247,0.12150968016616832,0.10390640531178064,0.1771958089831305,0.10247924769942812,0.17719580900744317,0.10247924769855311,0.1771958089862667,0.10247924769929888
GASDESECW,1686,2.494228580391188,0.008537773396324702,2.677935890623308,0.008397982821934907,2.533293509996619,0.008524161178446668,2.5873770283945032,0.008317542465144337,2.7488674668736333,0.0074173695996924555,2.785092214798422,0.007616613970346475,2.5396176413303886,0.008506056573090772,2.5880644880432055,0.008318893688055527,2.7382763587885033,0.0074188874249308395,2.7852083286893823,0.007616614154874729,2.785208329007097,0.007616614153409593,2.7852083286704095,0.007616614154927708
GASDESGCW,1686,2.4164835669631413,0.00975672998140324,2.586547080951146,0.009673874334248996,2.455956269535418,0.0097373316781778,2.492233419588176,0.009606818473766394,2.602658881612923,0.008783489783486812,2.6601943378343322,0.008960139047225972,2.4621197589829285,0.00972430558578644,2.4766911212434937,0.009609798640796965,2.5946244166200296,0.008791286463984289,2.6602270275698583,0.008960166716525653,2.6602270245667015,0.008960166687786862,2.6602270310265568,0.008960166710045228
GASDESLSMWW,1014,2.4932165321441055,0.009500624337177061,2.6319735104217625,0.009364509473024814,2.4219139459268875,0.009439202965499674,2.580858920125744,0.009228479675097148,2.6960830511378324,0.008378481083635599,2.7214477646229835,0.008582625912735325,2.4175511106497507,0.009440876140566667,2.5835027941093345,0.009236251264986294,2.693584239347598,0.008394497336884382,2.7214477642292856,0.008582625913229424,2.7214477642275274,0.00858262591322124,2.721447764230948,0.008582625913224944
GASDESLSW,1014,2.618227933889238,0.008031442900935958,2.751996557491858,0.007828018368489575,2.5940756256110444,0.00798881101788768,2.709351444719978,0.007714417644861227,2.8644905313329234,0.0068344357400734485,2.8634300548401868,0.007037568762739578,2.5776460828407437,0.007959167486795463,2.722411732171831,0.0077179516734768045,2.871877160351733,0.006846879504405925,2.863430054293847,0.0070375687644070204,2.8634300542931626,0.007037568764405618,2.8634707171722718,0.007037543526296882
GASDESMWW,1686,2.387109794805046,0.010392794006977044,2.5617271382924547,0.010358231603192873,2.4748763336036737,0.010356080318464932,2.479855019382603,0.010269109861694862,2.5903595733350704,0.009311475836563972,2.6457561129235,0.009530408125741982,2.4630890100861547,0.010340956834185571,2.4668038098196785,0.010272164942539437,2.5860360872972,0.009318616245997106,2.6457566641370014,0.00953052684449128,2.6457566812232,0.009530526798078033,2.6457566746258934,0.009530526825983708
GASDESRMW,1686,2.601618482067785,0.008921252706141681,2.7604310014378552,0.008739200513126016,2.646957325690521,0.008888875273408812,2.6928574974856563,0.008724018391890536,2.940931599879328,0.0067158045879340475,2.9784441976452607,0.006812111083707696,2.6359869542993155,0.008885631629074424,2.673832677594243,0.008729208948555126,2.9383866642638305,0.006713363519560848,2.9784441976455747,0.006812111083686161,2.9784441976456413,0.006812111083686059,2.9784441976455747,0.006812111083686161
GASDESW,1686,2.4983204487820525,0.009034322646789338,2.6726523232615675,0.008945365476426883,2.558098696504407,0.009034205334956195,2.584169046071978,0.008869892351996362,2.7136106117387278,0.007841688004036557,2.775490805053611,0.008064207197497874,2.555315409069749,0.009019074915373985,2.5667189249458704,0.00887276489714454,2.720112053795983,0.00785172025429952,2.775572064687795,0.008064132664268656,2.7755720737176603,0.008064132610058564,2.775572064561419,0.008064132665723938
GASDESWCW,1686,2.5823315932798403,0.009125513491428117,2.7113342729313197,0.008915516833082667,2.6244375194034784,0.00905498317694839,2.6872580787056095,0.008874040838269438,2.852804530195739,0.00746793376230346,2.8721189580246067,0.007597922110277823,2.6243543921550203,0.00904885852650719,2.6648163462664476,0.008879331342689756,2.8473972093326334,0.007475865680884468,2.8721189580246063,0.007597922110277824,2.8721189580246063,0.007597922110277824,2.8721189580246063,0.007597922110277824
GDBFRW,2404,-0.33260505611203733,0.17211114511859657,-0.11828196763826734,0.1633877259839322,-0.29043733084260775,0.16395038330100226,-0.14145612566521193,0.1621574755078907,-0.10824288356357799,0.15864342954668792,-0.09985704241918811,0.16083440872215415,-0.3045850066919976,0.1640403339053771,-0.1481630586128019,0.16218837427130153,-0.11357746304311253,0.1587341949802377,-0.13425408763135846,0.15993194009708342,-0.13338789010395233,0.1598958825247258,-0.1344171599757382,0.15993805461398147
GS1,878,0.5471004987868988,0.05564193505376267,0.7788291854903846,0.056059749343932146,0.3964533883414067,0.05567014917390422,0.7037688255804999,0.05532245741216839,0.7409236323788392,0.053190776000955516,0.8269332520599728,0.054019474599610984,0.37443973345693554,0.05569785566361452,0.6820272350199132,0.055333100851866324,0.7286941077221684,0.05320855007022045,0.8269328486119776,0.05401948622280992,0.826932840152089,0.05401948632304178,0.8269328486113031,0.05401948622281412
GS10,878,1.1469741349934528,0.03425419358464545,1.3866321052316735,0.03404592847874144,1.111979169153053,0.03420057588891486,1.1769478084683538,0.034077992232132814,1.2610524862800268,0.033150550410706275,1.4135204228885938,0.033130122545994845,0.9972691321819935,0.03441496450751091,1.1606199197025313,0.03409196483625482,1.2034257277111375,0.033139045073654526,1.2899981413100263,0.03296214650416254,1.2898622560578148,0.032962750762092104,1.2900117070199815,0.032962145958637466
GS2,600,0.06015722032970201,0.07589154086257094,0.4207936820115081,0.07524830999276337,0.3801158301274167,0.07535450418633698,0.3291944153004798,0.07464829846096596,0.33887255666097593,0.07313462796470836,0.44217826615846717,0.07379768131878447,0.23119434773951714,0.07562076517581676,0.29263053462073896,0.07467264311377979,0.32363582713552996,0.07309832183705914,0.4404370041360666,0.07388714172608218,0.44044988429058046,0.07388707206501942,0.4404415683630981,0.07388715239311341
GS20,797,1.234288016408586,0.03019631866352546,1.4821550642536085,0.029915354112759657,1.271742119929533,0.03001463098664848,1.2757542522991907,0.029980874470927215,1.277869488922179,0.029364927494213836,1.494126309710667,0.029375052063270693,1.2316423997406016,0.030059577574464657,1.2719813272505038,0.0299743078636936,1.2760434131870364,0.02937321911038442,1.3786570159115974,0.029107661102741374,1.3783781744633585,0.029109110582918464,1.3786611261939712,0.029107643472111738
GS5,878,0.8465915088990221,0.04440372323429895,1.1408085064067337,0.04431017648245149,0.7495346589743247,0.04462107283037026,0.9834506611923062,0.04421722618611326,1.0482161634715925,0.04287537989891293,1.1744307649305912,0.0429607710731197,0.6750801386814055,0.04478001284288542,0.9468482103281639,0.0442397820859361,1.0296458846367615,0.04288473349834515,1.1073516747346057,0.043487281452043426,1.1073518017373085,0.04348728150053067,1.1073516747416254,0.043487281451938344
GVZCLS,4557,1.4776000631426698,0.0294404930806369,1.5041082541579474,0.029553548495340965,1.4677304047698017,0.02898407816633942,1.4569297292426984,0.029455078174656882,1.460637384438615,0.02941795051081437,1.5069606035225143,0.02952919865431402,1.4634150534650086,0.028980841507815755,1.4496343405410683,0.029467779536837112,1.4524905042262266,0.02942877419997649,1.512751191094357,0.02831529137105093,1.512751191094357,0.02831529137105093,1.512751191094357,0.02831529137105093
H8B3092NCBA,860,1.977356951085738,0.018659930965803876,1.9732407228429545,0.01900163308226195,1.9409863739347044,0.01869038757770193,1.897060545841485,0.019076028019569397,1.935881271626476,0.018554856147088534,1.9994068322057912,0.01851195787389509,1.94706082162636,0.0186856677301386,1.8928445931501894,0.01908202486190152,1.93179042396848,0.018566837533379225,2.0119563970111933,0.017901636692324654,2.0119563970111933,0.017901636692324654,2.0119563970111933,0.017901636692324654
H8B3094NCBA,2791,1.9405307826424016,0.013019003534819279,2.383724849456236,0.010496240001324538,2.3617619791001543,0.00992167091238498,2.3287843326179005,0.010404389659008742,2.3989931398274758,0.00968531063739288,2.4531375331628293,0.009781928832288001,2.370921456974114,0.00989922261528365,2.328120457980496,0.010372088847437866,2.396217645435364,0.00963751500517718,2.440261718262175,0.00963686915879318,2.4403633087950602,0.00963523882003877,2.4402534942893905,0.009636904435978758
H8B3094NCBD,2791,2.3224939309521044,0.01246018422423668,2.38240457050254,0.012318634045182538,2.3780230548277577,0.012014026449750567,2.319984198700909,0.0122993207775982,2.3790026997397735,0.0114673633747335,2.437894733576341,0.011511602619210286,2.381401135167828,0.011995026983948897,2.3225031213842295,0.012299215684133351,2.377292417059749,0.011469193638925871,2.411228352711692,0.011857332062996892,2.411242568632721,0.011857302776296071,2.4112319031349494,0.01185732064211538
H8B3094NSMA,2152,1.5709332764298247,0.02250886727851571,2.4796046007356463,0.014687062178127278,2.322310719429019,0.015665879646151595,2.427239875292824,0.01455226441244032,2.423259718219993,0.014341991270024529,2.4853008111609816,0.014511547032728193,2.3682592044427784,0.015064152540504347,2.4361346498360597,0.01455320643173379,2.4347616587216674,0.014347378843317658,2.453957591709133,0.014771836574867659,2.4539683890281974,0.014771787126304309,2.4539664190753445,0.014771792703934502
HBUSAPPWNSAUS,1067,-0.33765665540900597,0.13097187303714827,-0.30494917490601486,0.1365397119268378,-0.07747212501205161,0.11758154121938065,-0.08814771409929907,0.12255768816440427,0.1239079609935228,0.11377731548606426,-0.21156695011070392,0.12921798243607938,-0.08506196848241672,0.11713157821078425,-0.08709903139635777,0.12233295261697472,0.09170876851311091,0.11334620804523476,0.061886225111537845,0.11560422447178147,-0.24222233140539642,0.12675462615041921,-0.025059181804283633,0.11956625538965435
HNFSEPUSSA,760,2.76747204010733,0.008345044880253172,2.7844536256476093,0.008239552145566402,2.775591796009705,0.00831585752010077,2.743814100544861,0.008236624887952548,2.762304306230125,0.007989645950733927,2.803588022470035,0.008036434578132159,2.7623569549935874,0.008315144523690334,2.7278983092007834,0.008241055078077089,2.753762461719189,0.007993898241359806,2.7680030800084245,0.00833859237969873,2.7680011123449795,0.008338599580473312,2.768003054441811,0.008338592413868296
HOUST,808,1.0799384513027688,0.04545608991409565,1.078497602228588,0.04628375184533242,1.0592360101108005,0.04545303249370035,0.9910900788477964,0.04634948550160756,1.0843010552812733,0.042027902926107426,1.1462100126015586,0.04237243102504647,1.0553151442279933,0.04542251756806601,0.9924516447578834,0.046374952031317,1.0915330941952046,0.04203933212520631,1.1202331696069652,0.04372651384535363,1.1202331696069343,0.04372651384535186,1.120233169607003,0.043726513845352914
HOUST1F,808,1.18534375820697,0.04022379452335126,1.1890878809243333,0.04066715662419325,1.1922064465625382,0.03974954432860329,1.1067145231290156,0.04070745652273677,1.1599493269271657,0.03889137325162807,1.2283134804262705,0.03900966908893007,1.193526207230951,0.03972166406699248,1.1026856974020287,0.04071134672025976,1.1587309088719429,0.03890997984563809,1.2222669047597081,0.038866133673097186,1.2222669047590342,0.03886613367310889,1.2222669047597081,0.038866133673097186
HOUST5F,808,0.06186585531946499,0.12467252757690367,0.07830551488717007,0.12653183256142309,0.03879780321524953,0.12477404017787738,-0.017619275491173744,0.1269144154037716,0.15453667328039045,0.10886428628193658,0.2059690667613562,0.10930830311470466,0.030051290041278947,0.1247977068903571,-0.017386003954336603,0.12699725204426843,0.14640342761823347,0.10878945498353083,0.10911910276339419,0.11918081174128327,0.10911936633837628,0.11918072014048853,0.10911629838820255,0.11918085245100532
HSN1F,760,1.1468289803839111,0.0421334221795148,1.1273703881214645,0.0429581712109482,1.1061819150757426,0.04209774177957779,1.0941550380778642,0.043056740159655035,1.1302720900443268,0.041359300426212185,1.1694325270696813,0.04123306086731883,1.1088237738281324,0.042042678271959226,1.0807181509871147,0.0430763687847686,1.1192129436256666,0.04131234263601725,1.1882684435747821,0.04059321563832279,1.1882684435747821,0.04059321563832279,1.1882684435747821,0.04059321563832279
HTRUCKSSAAR,713,1.406417351377261,0.031773836290941194,1.453842936552897,0.03148583725723387,1.4372173286796646,0.031144386051024316,1.4252531317959563,0.03153051930499096,1.4453620664326343,0.03085976800387939,1.4788523251583765,0.030781410699926806,1.4440524398294785,0.031142131788243693,1.4141099632780423,0.03155432028205506,1.4420461837281608,0.03086826756205161,1.4423912191070034,0.030933211837940892,1.4423912183518715,0.030933211841775325,1.4423912190839374,0.030933211838171205
IC4WSA,3101,1.302133420497823,0.010696231150709569,1.990659952298035,0.010694574366708296,1.2487714560936187,0.01037461184876217,1.4482431981223243,0.010575926580157343,1.5525765074766404,0.009317365069796682,2.0132544794606018,0.009467129351597114,1.2463905982367267,0.010375500415776487,1.448119306789335,0.010578388621725427,1.545714845342198,0.009319278125461464,2.0096812207548944,0.009581335068920184,2.009763967531272,0.009581251412563338,2.009679096960334,0.009581341008517276
ICNSA,3104,0.5764573245401319,0.07065897019888127,0.5363911761495853,0.07277349832772599,0.5538006456127257,0.07029308094832659,0.4909153653094405,0.0723597247990491,0.521243303101938,0.07062050244331282,0.5642785433178678,0.0709730252253747,0.5472407880934765,0.0703068431161207,0.48493076948397745,0.07237767699266988,0.5135464296672759,0.0706545396167564,0.6131179194917482,0.06774679384771526,0.6131179194918026,0.06774679384771526,0.613117919491744,0.06774679384771538
ICSA,3104,1.1762697432975695,0.028483096951246158,1.3898158870760684,0.028739861093544646,1.1485881630540853,0.027693439154516074,1.1449028559664713,0.02852074424990308,1.1727496132173534,0.0277230217982937,1.4012457129163898,0.027863354541477252,1.1474107960983277,0.02769122315785616,1.142873154805129,0.028524208668206864,1.170987247860232,0.02772648069139637,1.3766342981574802,0.027045288217358014,1.376842140406269,0.027043455595028985,1.3766207275922149,0.027045343820537054
IHLIDXAU,2337,4.63268949623226,0.0011730568373258298,4.943373582020203,0.0010153095397067657,4.818167397640922,0.0010583740419007094,4.886353735127563,0.0010182256322682618,5.046799050638732,0.0007817998970282881,5.156297948769507,0.0007791496771246518,4.824544026081346,0.0010536656269976765,4.885654429064344,0.0010187299466410873,5.0521593645822085,0.0007815501514953691,5.156297948769507,0.0007791496771246518,5.156297948769507,0.0007791496771246518,5.156297948769507,0.0007791496771246518
IHLIDXAUTPSOFTDEVE,2337,4.571029810016422,0.001323859625711375,4.70059243202095,0.0012536688710120653,4.593325430717106,0.001288308345991937,4.633898533191155,0.0012566793683763927,4.878361990328482,0.0009534259922157969,4.943505029901141,0.0009501978511923413,4.591542226608522,0.0012850191426793253,4.632806635118566,0.001257438840014419,4.879715583179596,0.0009529212552770196,4.943505029901141,0.0009501978511923413,4.943505029901141,0.0009501978511923413,4.943505029901141,0.0009501978511923413
IHLIDXCA,2337,4.900068477680548,0.0008980113864141035,5.154948615968488,0.0007947656806695993,5.068112256560076,0.0008144198213173012,5.089205847796611,0.0007968416224369139,5.26118862069707,0.0006476815918431864,5.327518789301623,0.0006481196432142948,5.066891285070404,0.0008100820020976289,5.085794979629473,0.0007972711607389542,5.259545821626996,0.0006473980685520554,5.327518789301623,0.0006481196432142945,5.327518789301623,0.0006481196432142948,5.327518783543597,0.0006481196423483172
IHLIDXCATPSOFTDEVE,2337,4.784304773725518,0.0010810772814358004,4.881588359131525,0.0010401093978603402,4.802262208372979,0.0010624537128175416,4.831890448509956,0.0010417491110842549,5.006663506820062,0.0008632485668557785,5.0413603370839555,0.0008673568789595552,4.80169764608468,0.001060345606102393,4.837532025344884,0.0010417848250089154,5.004310551421169,0.0008633683693826251,5.0413603370839555,0.0008673568789595552,5.0413603370839555,0.0008673568789595552,5.0413603370839555,0.0008673568789595552
IHLIDXDE,2337,5.391835212055558,0.000573219592393606,5.556992726692247,0.0005366262524779227,5.4797978652211015,0.0005455197811394884,5.50994098828006,0.0005392184659289754,5.709898952794555,0.0004157559971543825,5.788943955967999,0.0004138418743952016,5.491585538942493,0.0005440035937917105,5.503375457363879,0.0005394241909535406,5.715426206811679,0.00041549358382430744,5.788943955967999,0.0004138418743952016,5.788943955967999,0.0004138418743952016,5.788943955963517,0.00041384187439617116
IHLIDXDETPCIVIENGI,2337,5.006239398523092,0.0008759479315006515,5.106805106595619,0.0008426995538506797,5.005080556706043,0.000864781633545641,5.047449433987198,0.0008455242896932676,5.342491245997573,0.000603666802569317,5.390905373208653,0.0006047131966122449,5.0059636433311425,0.0008623727442274975,5.05614055334335,0.0008456295437325955,5.345478667116478,0.0006031648784818407,5.390905373208653,0.0006047131966122449,5.390905373208653,0.0006047131966122449,5.390905373208653,0.0006047131966122448
IHLIDXDETPELECENGI,2337,4.790727621843193,0.0010261045548167504,5.007520463198228,0.000931300283327704,4.888057723386311,0.0009702794624037522,4.9652341224423555,0.0009331271200261431,5.216863709098188,0.0006910491201119113,5.268384318086405,0.0006906195340791414,4.890437975161262,0.0009653227959493549,4.9610509670604594,0.0009338689635413456,5.209104588606165,0.0006904777490822015,5.268384317930339,0.0006906195340932304,5.268384318086405,0.0006906195340791414,5.267306651697762,0.000690666848562236
IHLIDXDETPINDUENGI,2337,4.880473913563748,0.0009467164619622838,5.089977153614073,0.0008696630174148999,4.948008173800078,0.0009018353367261826,5.038651718249124,0.0008718722583424147,5.231371799865364,0.00069650067516555,5.282190745003464,0.0006969347258929667,4.940899230533815,0.0008997448651484072,5.035542838972728,0.0008721551997383078,5.23078359791737,0.0006962208821162083,5.282190745003464,0.0006969347258929667,5.282190745003464,0.0006969347258929667,5.282190745003464,0.0006969347258929667
IHLIDXDETPSOFTDEVE,2337,5.2075788386212585,0.0007076030630417272,5.3384005510369255,0.0006732105964318096,5.247548965193269,0.0006970878871127332,5.296137733342737,0.0006745702508954732,5.49903319238359,0.0005199437123823422,5.558035984342647,0.0005202851429285613,5.234366772956263,0.0006937161009875441,5.2866287372843095,0.0006748583787659227,5.503995566613006,0.0005196714399128293,5.558035984342647,0.0005202851429285613,5.558035984342647,0.0005202851429285613,5.558035984342647,0.0005202851429285613
IHLIDXFR,2337,4.835904607262765,0.0009908619961134593,5.101472038733349,0.0008877612410123746,4.9491935560968745,0.0009307148923783329,5.056100230952869,0.000888284967841748,5.326447951927213,0.0006393558215948122,5.376817845997401,0.0006407159237181441,4.941412141881245,0.0009274395638771724,5.055234312518486,0.0008887621729601631,5.3276545040928545,0.0006392334534091875,5.376817845997401,0.0006407159237181441,5.376817845997401,0.0006407159237181441,5.376817845997401,0.0006407159237181441
IHLIDXFRTPSOFTDEVE,2337,4.807933094382513,0.0010694935800682163,4.905788309338443,0.0010415057902089292,4.818356090461638,0.001056504216419658,4.843263682824781,0.001042770228424132,5.047788342172283,0.0008277888082810172,5.0975531524481825,0.0008318712706012262,4.813346182423116,0.0010555590513819102,4.844494293465298,0.0010429589502408518,5.0515708174274945,0.0008276446326524497,5.0975531524481825,0.0008318712706012262,5.0975531524481825,0.0008318712706012262,5.097553496606496,0.0008318712440097647
IHLIDXGB,2337,4.605536006228603,0.0011460519735494437,5.059048128123559,0.0009055145641780362,4.9271015212061835,0.0009577440954388087,5.006309747238721,0.000906583867765772,5.240047133406729,0.0006641913976907341,5.3079610433710425,0.000667368534253395,4.9361928796441745,0.0009463337847200032,5.003940247092024,0.0009068477859335598,5.241327963807942,0.0006640703856625349,5.3079610433710425,0.000667368534253395,5.3079610433710425,0.000667368534253395,5.307961043371043,0.0006673685342533948
IHLIDXGBTPBAFI,2337,4.243048443187208,0.0017944597014184264,4.435702465700514,0.0016643120670878442,4.344150952701248,0.0016936835380085263,4.392119774652889,0.0016643163100970874,4.620408847485774,0.0012700974861201266,4.658846138670822,0.0012831144564517919,4.358320217974201,0.0016775752028270164,4.394585098033479,0.0016648810598342758,4.625458003790618,0.0012693579436981633,4.658846138670822,0.0012831144564517919,4.658846138670822,0.0012831144564517919,4.658846138670822,0.0012831144564517919
IHLIDXGBTPCIVIENGI,2337,3.921856214197626,0.002502938091268675,4.079152981767257,0.002355411748521464,3.985167050380649,0.002423551999862489,4.02480668645125,0.0023598898672017522,4.284923639939449,0.0018010416585188995,4.316072459815524,0.0018082386538474811,3.993339183089536,0.0024041535809373824,4.0241444775785205,0.002361248188451453,4.286272156980456,0.0017993948978397216,4.316072459814985,0.0018082386538473651,4.316072459814998,0.0018082386538473484,4.316072459814985,0.0018082386538473656
IHLIDXGBTPSOFTDEVE,2337,4.7282501933180505,0.001134098430856074,4.841895459801608,0.0010870015833217516,4.7634237574540474,0.0011096404535768786,4.788217497485028,0.0010896268474872054,4.997908378287403,0.0008716376133350897,5.041524559825947,0.0008788652188853524,4.761317144845354,0.001106872907058782,4.7843261388129505,0.0010899379501374022,4.997268851322339,0.0008722025554675,5.041524559825947,0.0008788652188853524,5.041524559825947,0.0008788652188853524,5.041524559825947,0.0008788652188853522
IHLIDXNEWNSAUS,2337,2.554604887151037,0.009533084756315143,2.8479110391526037,0.008833576493552599,2.7521752718771744,0.009151150424718932,2.799766668885529,0.008771839077234389,3.462613952048824,0.004312524998980852,3.38007011676336,0.0046110333708458745,2.695569078335205,0.009154485274394084,2.802066075842884,0.008774580993753868,3.4713058304836446,0.004294412058315468,3.38007011676336,0.0046110333708458745,3.38007011676336,0.0046110333708458745,3.3800701167633598,0.0046110333708458745
IHLIDXNEWUS,2337,3.149472223705802,0.005287725166498186,3.3096436462179555,0.005111864582106491,3.1650991772550396,0.005102061108787653,3.2264754169544667,0.005093380659488846,3.615405308410127,0.003515205988825579,3.607975388152824,0.0036327601686933224,3.160328531126609,0.005102273291975606,3.229777145216848,0.005093985191502477,3.6178651730837825,0.003513291358942147,3.607975388152821,0.0036327601686933263,3.607975388152821,0.0036327601686933263,3.6079753881528185,0.003632760168693289
IHLIDXNSADE,2337,5.300823606066482,0.0006622844362708667,5.361585616025378,0.0006487250654730006,5.300357369258628,0.0006572362958387668,5.321788157305281,0.0006502364403782508,5.639808753901435,0.0004529894636110968,5.685067506546264,0.0004520997288028522,5.299212344739214,0.0006562890718632865,5.323348156965222,0.0006509024282228273,5.626043319567497,0.00045247500177237666,5.685067506546264,0.0004520997288028522,5.685067506546264,0.0004520997288028522,5.685067506546264,0.0004520997288028522
IHLIDXNSAFR,2337,4.777443871984956,0.0010972007164733932,4.902832000589162,0.0010395829886058426,4.804311543526919,0.0010783407143803271,4.863661269456626,0.0010413221068997663,5.257938050389134,0.0006613305079373309,5.298353531821996,0.000669503872168317,4.807496927721073,0.001077800700890707,4.862431877794101,0.001041501260792294,5.260512540266299,0.0006611319587127627,5.298353531821996,0.000669503872168317,5.298353531821996,0.000669503872168317,5.29835353172209,0.0006695038720451063
IHLIDXNSAGB,2337,4.465997782937228,0.0014221506411454868,4.668332745649121,0.0012896629946111448,4.573765826123997,0.0013419693388437078,4.618137471662677,0.0012925362976547235,5.038751473019459,0.0007695279295811195,5.1115485221007235,0.000771688316162375,4.587106251738744,0.0013291887308394658,4.6236040862129695,0.0012925691847181149,5.047724878755519,0.0007675885017207008,5.1115485221007235,0.000771688316162375,5.1115485221007235,0.000771688316162375,5.1115485221007235,0.000771688316162375
IHLIDXNSAUS,2337,5.184766883699536,0.0006994139038550009,5.357646914538366,0.0006493502483744568,5.287406361235611,0.0006578967690196448,5.304268424430002,0.00064974869285408,5.489739723948489,0.0005240612716217092,5.530919640151285,0.0005297477707296778,5.290356715248,0.0006571094117520144,5.305638193195686,0.0006498808100244591,5.48863552538005,0.0005240249718266668,5.530919637940895,0.0005297477719112389,5.530919637940167,0.0005297477719113929,5.530919637940439,0.0005297477719112596
IHLIDXUS,2337,5.306336600724312,0.0005998441695598103,5.548874287330152,0.0005355952701361403,5.478453547994116,0.0005466057301319162,5.481676045281477,0.0005366815048975947,5.575316279084494,0.00047830557795174955,5.642971409312465,0.0004782683341581446,5.483032706401523,0.0005422264893524519,5.481255498898535,0.0005366700376315839,5.577744558419515,0.0004780530696909077,5.6429714089810945,0.0004782683343377808,5.642971408980322,0.00047826833433791885,5.642971408981182,0.00047826833433776
IHLIDXUSCA,2337,5.197774041144277,0.0006752080987077056,5.4200333865119585,0.0006113304079699738,5.3538498295034005,0.0006182427336299713,5.340895058630385,0.0006129998577753992,5.469834386749974,0.0005292506801497195,5.54601001507691,0.0005295322459416082,5.3536630118163995,0.0006173590742069501,5.350888830153155,0.0006130094588557394,5.472191344176736,0.0005292079173042978,5.54601001507691,0.0005295322459416083,5.54601001507691,0.0005295322459416083,5.546010009901233,0.0005295322465165592
IHLIDXUSTPACCO,2337,3.8165332421852507,0.002540099915534287,4.495776978303437,0.001973976857230835,4.2601029136382955,0.0021721678112881834,4.483896034056914,0.001960089589784346,4.75735526532732,0.0013274707151440285,4.758870654099401,0.0013663508459820838,4.257307161256668,0.0021269767024793586,4.482273737189926,0.0019590957391316553,4.767397301080804,0.001320204138602801,4.758870654099401,0.0013663508459820838,4.758870654099401,0.0013663508459820838,4.758870654099401,0.0013663508459820838
IHLIDXUSTPARCH,2337,4.9686211425442846,0.0008575605959268205,5.1771154074044325,0.0007852160339650059,5.079266680849289,0.0007996150330356334,5.137952073192431,0.0007856410136077062,5.337727312230962,0.0006184352675560345,5.38246361926506,0.0006177008266482037,5.077284992362464,0.0007968880536272992,5.123747227619095,0.0007870208942508908,5.332860658019919,0.0006163462050165497,5.38246361926506,0.0006177008266482037,5.38246361926506,0.0006177008266482037,5.38246361926506,0.0006177008266482037
IHLIDXUSTPAREN,2337,4.528350691095389,0.0013881366183251787,4.665444400954378,0.0013325396632868167,4.585715672642947,0.0013497665868969985,4.600443487929105,0.0013348692549210144,4.8584208524610855,0.0009972013320550083,4.891719146061901,0.0010127427541525003,4.583255241511194,0.0013480079977671547,4.609857598532921,0.001335046476199856,4.86386925286251,0.0009965234539512397,4.891719146061818,0.0010127427541526037,4.891719146061818,0.0010127427541526037,4.891719146057887,0.0010127427541519456
IHLIDXUSTPBAFI,2337,4.445835956304113,0.0014382670498670224,4.683979296057248,0.001335096067345656,4.5578671106641835,0.0013560415875026397,4.647218914436493,0.0013312085509319246,4.793279663019909,0.001098029703636982,4.824819269572095,0.0011122419818475678,4.557573070264092,0.0013524003714390667,4.646393718992184,0.001331768107087604,4.79703607063922,0.0010971254081639968,4.824819269572078,0.0011122419818475767,4.824819269572079,0.0011122419818475765,4.824819269572078,0.0011122419818475767
IHLIDXUSTPCIVIENGI,2337,4.992695250678373,0.000858407403132838,5.140615928579646,0.0008119407846255833,5.0652609271483975,0.0008269451350107402,5.11246856714548,0.0008125518164189921,5.271903252067755,0.0006635452997612259,5.320810587917871,0.0006651900178321347,5.077028075107411,0.0008231472594941907,5.107123824982231,0.0008128984082793946,5.2747407584698625,0.0006637051731894102,5.320810587917871,0.0006651900178321347,5.320810587917871,0.0006651900178321347,5.320810587917871,0.0006651900178321347
IHLIDXUSTPCONS,2169,4.919995880344522,0.0008590582049049045,5.318718478536172,0.0007195758326313767,5.163094617750011,0.0007512937231434264,5.271258677980629,0.0007195325800982464,5.492860423696517,0.00054938903672314,5.553237871450399,0.0005502883526394838,5.1643379133105025,0.0007462230130175625,5.265999256095226,0.0007193751850130456,5.4808009293208375,0.0005481231111924309,5.553237871450399,0.0005502883526394838,5.553237871450399,0.0005502883526394838,5.553237871450399,0.0005502883526394838
IHLIDXUSTPCUSTSERV,2337,4.757848384664617,0.0010657285103611684,5.012795325046082,0.0009671268351395675,4.929638669807018,0.0009773267198818739,4.970543112921178,0.0009652730060377183,5.137531252851916,0.0008084223923624526,5.164206285189267,0.0008192455930109932,4.9215019043953285,0.00097603493749406,4.966595335707539,0.0009655021054022078,5.138768718342579,0.0008082992264745863,5.164206285189262,0.0008192455930109531,5.164206285189264,0.0008192455930109508,5.164206285189261,0.0008192455930109535
IHLIDXUSTPDENT,2239,4.434332029221871,0.0013703592375580236,4.878154304845741,0.0010847426157008049,4.798714030785453,0.0011355200296687164,4.839805494384856,0.0010847164223878514,5.0522525887866125,0.0008090963728416124,5.1271274600334324,0.0008137252263709698,4.7877660835075675,0.0011215112947030748,4.8288799387948425,0.0010850517840863595,5.056467316495123,0.0008091401182960061,5.1271274600334324,0.0008137252263709698,5.1271274600334324,0.0008137252263709698,5.1271274600334324,0.0008137252263709698
IHLIDXUSTPDRIV,2232,3.517744798699401,0.0032888936870714165,3.6241264009939504,0.0032555599802106695,3.6811888924325356,0.0030218616331517895,3.6608467922762307,0.003065017593440974,3.7256781820237297,0.002885337902335155,3.652322821771728,0.0031296735641971355,3.6820426474524273,0.0030208270448542564,3.661204449631009,0.003065368379542358,3.727025324438569,0.0028864913653363386,3.6523228217691925,0.0031296735641954776,3.6523228217696073,0.0031296735641953522,3.65232282176917,0.0031296735641954936
IHLIDXUSTPELECENGI,2337,4.965594988657238,0.0008978298028644911,5.06117556556012,0.0008690850876954182,4.990285143933528,0.0008801048434822843,5.015002360847921,0.0008690108614578906,5.133293360445076,0.000767142609037252,5.169019729706293,0.0007706999319659767,4.987796893208586,0.0008775853110387846,5.000396100969179,0.0008705902602433631,5.118472765504064,0.0007681837241008501,5.169019729706293,0.0007706999319659767,5.169019729706293,0.0007706999319659767,5.169019729706293,0.0007706999319659767
IHLIDXUSTPFOPRSE,2337,4.840776117994313,0.0009474842017731586,5.148902989118996,0.0008264667247140688,5.037916004088407,0.0008553814824506389,5.107163376325773,0.000827914149830029,5.317210597571848,0.0006494403035521971,5.355467159102675,0.0006561684984127478,5.053140421864864,0.0008407599026790385,5.108867324778685,0.0008279069043729057,5.320376458645863,0.000649519961834859,5.355467159102665,0.0006561684984127531,5.355467159102675,0.0006561684984127478,5.355459582527952,0.0006561722960027778
IHLIDXUSTPHOTO,2337,4.245487346512374,0.001611946308716394,4.755130648693032,0.001219424379340091,4.669335140070103,0.0012638615266262923,4.704836327271489,0.0012226680204019528,4.867053069503218,0.0010011917858240998,4.930702250711939,0.0010053088219201783,4.6818132096893255,0.001253373689679292,4.7029619312710205,0.0012230214142435528,4.873550981925304,0.0010011440018191532,4.930702250711939,0.0010053088219201785,4.930702250711939,0.0010053088219201785,4.930702250711939,0.0010053088219201785
IHLIDXUSTPHUMARESO,2337,4.8270749600335625,0.0009538489389617316,5.130985419113692,0.0008203681845435004,5.038994270673749,0.0008450641204339898,5.082208674342416,0.0008223717614734278,5.208856657210262,0.0007023379292494569,5.268259124671045,0.0007046093159230223,5.0396252376857475,0.0008431161291626422,5.078173560522097,0.0008225160562462929,5.211115604157733,0.0007024683876249739,5.268259124671045,0.0007046093159230223,5.268259124671045,0.0007046093159230223,5.268259124671045,0.0007046093159230223
IHLIDXUSTPINDUENGI,2337,4.944437678769243,0.0009045667918545331,5.056743182157786,0.0008764689613427667,4.98212426093698,0.0008841551999764984,5.02213352288407,0.0008744269092681617,5.109163982921808,0.0007884932205945388,5.1418623224886195,0.0007952827548697258,4.9847185777103755,0.0008777714805589315,5.014298109139309,0.0008747906679107047,5.1072752487267845,0.0007889281208301096,5.1418623224886195,0.0007952827548697258,5.1418623224886195,0.0007952827548697258,5.1418623224886195,0.0007952827548697258
IHLIDXUSTPITOPHE,1994,5.002424410123427,0.0008561803004002136,5.115209216401351,0.0008299498582790165,5.035458378032821,0.0008357642358001124,5.042211836965711,0.000831743020501698,5.230835705820835,0.0006717689666860244,5.295482693639713,0.000674771045130278,5.047789868652677,0.0008316198156541949,5.041308451954993,0.0008319524729753746,5.231933414670694,0.0006717179194191742,5.295482693639713,0.000674771045130278,5.295482693639713,0.000674771045130278,5.295482693639713,0.000674771045130278
IHLIDXUSTPLEGA,2337,4.817432564470545,0.0009948601684587651,5.054429171084579,0.0009051988367011076,4.9759037752209325,0.0009234594479416556,4.989930689219849,0.000902917304413963,5.184746250175055,0.0007270794027717494,5.230168420686717,0.0007346660709519766,4.983822244090848,0.0009181225624377976,4.994924865469054,0.0009031063407441123,5.185573820754139,0.0007270951018980724,5.230168420686717,0.0007346660709519766,5.230168420686717,0.0007346660709519766,5.230168420686717,0.0007346660709519766
IHLIDXUSTPMANA,2337,4.83010184125432,0.0009937769691549686,4.990609201192421,0.0009340264836024454,4.9694665171829335,0.0009285269983168139,4.927609106286799,0.0009344305601214718,5.054148596871745,0.0008432607382553849,5.064533253948726,0.0008609379735742733,4.968374856363487,0.0009257865634691367,4.930375311969489,0.0009341541691012508,5.050039892153179,0.0008431434009624842,5.06079010159851,0.0008647870492344716,5.060790408726735,0.0008647868941753433,5.060855417248743,0.0008657382197322751
IHLIDXUSTPMARK,2337,4.761494272053893,0.001026418973872305,5.036902236779407,0.0009017191036852553,4.955495503740712,0.000924361915963464,4.988717856173042,0.0009020704252557378,5.116547060957649,0.0007738323488960093,5.171682366382131,0.0007735544399426542,4.956197531537167,0.0009182627753973079,4.983061799919122,0.0009026088532731602,5.117577426127322,0.0007735061902454009,5.171682366382131,0.0007735544399426542,5.171682366382131,0.0007735544399426542,5.171682366382131,0.0007735544399426542
IHLIDXUSTPMATH,1994,4.741897117116565,0.0011499454652844883,4.808335899016714,0.0011285696368220142,4.730034252144712,0.0011426759167602028,4.763241830225471,0.0011313394491708,4.954334917420149,0.000898801902247419,4.993744755077779,0.0009027499899635377,4.727207607836605,0.0011406923386052855,4.754801243182698,0.0011321733235751155,4.9561392120061045,0.0008987731252859675,4.993744755077779,0.0009027499899635377,4.993744755077779,0.0009027499899635377,4.993744755077779,0.0009027499899635377
IHLIDXUSTPMEDIINFO,2337,4.808126067629821,0.0009915763802924651,5.0875648506021065,0.0008821810094844957,4.9701415200602925,0.0009121921029172,5.025893923277177,0.0008832761429420957,5.165134947490351,0.0007430494643476301,5.228788715965213,0.0007469697290821004,4.976279607622389,0.0009015885385375207,5.027550675488811,0.000883575327335924,5.170650847765386,0.000742534174432964,5.228788715965189,0.0007469697290821185,5.228788715965189,0.0007469697290821185,5.228788715964583,0.0007469697290822103
IHLIDXUSTPNURS,2337,5.213285158169493,0.0006749668945168661,5.404990958838083,0.0006242900320535943,5.320760745041185,0.0006347014289508149,5.344654082914452,0.0006260422535235503,5.453351168096325,0.0005426002572108327,5.534916755331643,0.0005410443151218201,5.322650964228911,0.0006329900168097369,5.341430726373811,0.0006260972222738207,5.459526312652549,0.0005426148356018854,5.534916755331643,0.0005410443151218201,5.534916755331643,0.0005410443151218201,5.534916755331643,0.0005410443151218201
IHLIDXUSTPPHSU,2337,5.073946213240783,0.0008086704248770926,5.176646002501184,0.000780944304315097,5.10720531244872,0.0007909720363530643,5.119160286981718,0.000781749629698949,5.242852579719561,0.0006635093954615539,5.314274507988973,0.0006634703485739062,5.109445778378231,0.000786323484382215,5.119237752620815,0.0007819903237570575,5.236630280246884,0.0006638926309161848,5.314274507988973,0.0006634703485739062,5.314274507988973,0.0006634703485739062,5.314280347138058,0.0006634697193905214
IHLIDXUSTPPRMA,2337,5.069867592565681,0.0007819183184952714,5.230959022172309,0.000732961292984881,5.177082896900623,0.0007388768584454021,5.183608902359452,0.0007314459184193943,5.299102524108203,0.0006437669856803313,5.337403989830108,0.0006494806334795958,5.177677442714101,0.0007356646659870061,5.1867882452980005,0.0007314851677321858,5.301755586549959,0.0006438584638273681,5.337403989830108,0.0006494806334795958,5.337403989830108,0.0006494806334795958,5.337403989830108,0.0006494806334795958
IHLIDXUSTPPROJMANA,2337,5.129461642853811,0.0007343940651194601,5.303038565369896,0.0006839736668882971,5.229705855658791,0.000698241945646842,5.245336746587881,0.0006850479892108568,5.357369255136672,0.0005987542181952305,5.42100910837634,0.0006015948083187653,5.230810032149706,0.0006936381099960296,5.239198352588845,0.0006852674518858169,5.359915847271192,0.0005991420908968614,5.421009108375462,0.0006015948083195417,5.421009108375466,0.0006015948083195409,5.421009108375462,0.0006015948083195416
IHLIDXUSTPRETA,2337,4.665819628902357,0.0012142751754499717,4.7755041949603445,0.0011668646091288128,4.72122998432303,0.0011797002808979621,4.743003926475114,0.001168498977201855,4.867109267159589,0.000980679126568231,4.922599097134873,0.0009845992853327113,4.707940967483345,0.00117743703585338,4.739769657771811,0.001168819000720379,4.866129993194226,0.000980773284203416,4.922599097134642,0.0009845992853330504,4.922599097134642,0.0009845992853330504,4.9225990767544126,0.0009845992952249184
IHLIDXUSTPSALE,2337,4.8913031710129165,0.0009228148584982275,5.112408542514272,0.000843554728779405,5.022517616665136,0.0008579599112595229,5.077048495473902,0.0008444750386818199,5.233084753808725,0.0006868150296270952,5.2823749900644374,0.0006891072032632587,5.028444874006193,0.0008554232284118405,5.072802940295843,0.0008448314548939998,5.23345375833789,0.0006865718167008583,5.2823749900644374,0.0006891072032632587,5.2823749900644374,0.0006891072032632587,5.2823749900644374,0.0006891072032632587
IHLIDXUSTPSCREDE,2337,4.947118744698299,0.000882855282575684,5.088329125029217,0.0008412793388238159,5.0379153243692265,0.0008480051706910916,5.056908134527067,0.0008374894569273744,5.150933984256938,0.0007670020768453756,5.163726809922495,0.0007765513678258551,5.044891093828833,0.0008398418063195487,5.056194619592855,0.0008376114416357308,5.150106352063764,0.0007673347416534847,5.163726809922316,0.0007765513678259736,5.163726809922319,0.0007765513678259729,5.163726809922318,0.0007765513678259729
IHLIDXUSTPSEPUSA,2337,4.569771561460466,0.0012878504308588895,4.892924124487979,0.0011449453060201216,4.802479748574713,0.0011776440692492368,4.849950344008938,0.0011406979888510824,5.01931246474249,0.0008931388594065881,5.0614154756919785,0.000911216920936632,4.798689274729488,0.0011743871354033587,4.84998270345357,0.0011409122095926388,5.022023602256935,0.0008928392347129257,5.061415475691571,0.0009112169209369125,5.0614154756919785,0.000911216920936632,5.06141547525177,0.0009112169204890218
IHLIDXUSTPSOFTDEVE,2337,4.849040859297168,0.0010205252877535866,4.966863747272969,0.0009839916290717626,4.876006609793898,0.001008630731365543,4.919890899260058,0.0009844932004491817,5.108643369865459,0.000795291230409551,5.13808046107446,0.0008038419872378228,4.866564701939776,0.0010082595752360902,4.919695583682192,0.0009849322820385921,5.10947070270819,0.0007954042631394107,5.138080461074455,0.0008038419872378203,5.1380804610744555,0.0008038419872378203,5.1380804610744555,0.0008038419872378203
INDPRO,1288,2.6994064717646307,0.007461241261574923,3.277901616562489,0.005594487534401484,3.232454576645707,0.005604339178707941,3.2539912618803903,0.005524700872744445,3.2716076285645603,0.005285263559607285,3.3083964755744004,0.005371728667147282,3.2365931322905217,0.005607872480232792,3.254303054601276,0.005525705520258203,3.2744881905465033,0.005281781166276097,3.308348671041665,0.00537110996367267,3.308353827032348,0.005371088395262648,3.3083486710416645,0.00537110996367267
IPMAN,652,2.718292348697409,0.004982223720070477,3.12536770878459,0.005215347397838121,2.679054822246197,0.004884013435061101,2.79865237839671,0.005037367317167993,2.7962311512580054,0.005066202635114706,3.1071416688971696,0.005277244716463141,2.678646009909483,0.00488284257725434,2.785569358201828,0.00504501857501852,2.7864968872567575,0.005073803802174593,3.125367106267247,0.005215349200112548,3.125367134672027,0.00521534915992023,3.125479729591261,0.005216243534464916
IR3TIB01USM156N,742,0.17953244226478887,0.056526085045441085,0.4502623512184542,0.057924312195780675,0.4120219528651982,0.05659275263082276,0.34390581257892683,0.05601354694007045,0.4325999244268635,0.05272176623350219,0.49330442006022,0.05563495481452657,0.1765375148712376,0.05644349423697157,0.3220564589338016,0.056010362465967724,0.4266910801267464,0.05281424589565507,0.49330387396497866,0.05563496492953204,0.4933038783500348,0.05563496489459576,0.49330387096082606,0.0556349649562471
IRLTLT01AUM156N,682,1.2439514239955165,0.03276462263561358,1.471289230114985,0.03254155634614775,1.32439471286237,0.03248916930198074,1.3360486393961635,0.03268637576145569,1.3579652013954016,0.03192470907948435,1.4903943282504053,0.03167324392915802,1.3086311030975246,0.032490038806246076,1.3205613524315756,0.03263290981439749,1.3550111433471832,0.03185161362077025,1.4014381038369166,0.032286418671061946,1.4013857354346344,0.032286840351216546,1.401438103836836,0.0322864186710632
IRLTLT01CAM156N,856,1.0191923661253497,0.0341995559703331,1.4706453958646462,0.033297916432508325,1.1765041080771999,0.03373494328389054,1.2611623453258312,0.03340973882353559,1.241109884364501,0.03260380897003656,1.4913811327631696,0.032475635434496386,1.1290682336700861,0.0338108733777781,1.2652229336509144,0.03341083967641172,1.262842871860465,0.03258181409177626,1.4212906858888341,0.03244088467907336,1.4213084509702587,0.03244074827849856,1.421291615942128,0.03244088068070475
IRLTLT01EZM156N,672,0.23469163059759157,0.10598287308057028,0.21516795609748096,0.10863050323260269,0.23637359698048074,0.10626076345471477,0.10725514886229084,0.108701080636543,0.109798957898979,0.10833514860728238,0.21726468898707618,0.1083560839944078,0.2337250537323488,0.10596636878199266,0.1263831876581345,0.10866741962809556,0.13042948974650886,0.10834896848270643,0.23809111783657078,0.10601272477508503,0.23809111779671344,0.10601272477577026,0.2380911177601068,0.10601272477785971
IRLTLT01FRM156N,796,0.11322979960594688,0.11810379855234128,0.18273624099520927,0.11708079172787197,0.03246345094414199,0.12077967242590763,0.1312285854258506,0.11750463340513148,0.15378891501433195,0.11497843623706891,0.19897659940110288,0.11488824343410949,0.05590343101574903,0.11995101694327773,0.13522235425697737,0.11750338285818542,0.15322862207289958,0.11497166747415939,0.12915890049112103,0.11714662933765434,0.12989500710525412,0.11712372346929395,0.12924252914748768,0.11714398981264273
IRLTLT01GBM156N,796,0.9150515725769378,0.039549906722265535,1.426950301292074,0.03831792887833857,1.1506188845688021,0.03907443798034759,1.2707380515116082,0.038385885520625856,1.3692345027154047,0.03713082090666207,1.4563924187641624,0.037151974619580905,1.0871154747685967,0.03918891819437151,1.284902447487094,0.03839150107955229,1.356454758675438,0.03712445442748454,1.4131505904363004,0.037226844089823054,1.4129635775922307,0.037227756705884615,1.4131505831354874,0.03722684416795106
IRLTLT01USM156N,877,1.1456196560578598,0.03428941985971968,1.3857409078989866,0.03408032255005668,1.11017645814088,0.03423710664251066,1.1756691703649575,0.03411398176071264,1.2597874154305613,0.0331824492887131,1.412699094648599,0.033160739490389696,0.9953621991162459,0.03445253174345185,1.1591738945860912,0.03412880661557143,1.2020035693902702,0.03317175157921962,1.2889623560261727,0.032992472892285685,1.2888262348620652,0.03299307819927415,1.2889759452877076,0.03299247234581351
IUDSOIA,5437,1.6130843904537167,0.01512334841552367,2.634632094942395,0.012436831692426854,2.4693687989350677,0.011072398934973618,2.8887735787135274,0.011084372304431711,2.9615900469687273,0.01091142827139703,2.6834177621959716,0.012396056241789194,2.4288751345812503,0.011067777803194597,2.8680659006869926,0.011085830421804744,2.9378515617709025,0.010915038130991072,2.7767625611033444,0.011104611225369739,2.6701987330905403,0.01245821322058404,2.78613138428787,0.011049535037839463
IUDZLT2,2076,-9.808025990139516,1792.2780220132665,-9.655986907416763,1849.8170142829022,-9.779790462279308,1731.6063227916834,-9.774273835514737,1817.6470065306137,-9.744185784691563,1811.0430517265652,-9.648706051291272,1855.3895288404003,-9.789912701132529,1731.6795280813135,-9.768346299669338,1817.2519645484333,-9.746345685429887,1811.7471559377325,-9.726537975930956,1720.3333277470097,-9.72653783521765,1720.3333277470097,-9.726537975926748,1720.3333277470097
IUDZOS2,2077,7.794626035894019,3.825657754366381e-05,9.051301056542968,3.688890069730962e-05,8.972474538988505,3.589293387011286e-05,10.199347523992104,2.978129077142499e-05,10.201037555641921,3.0081213055407852e-05,9.078333139390617,3.5963773742603294e-05,8.827962157722867,3.604633331765312e-05,10.207799680927593,2.9911298813237597e-05,10.204355162532528,3.0322571476083962e-05,10.170155254523511,2.9896419919739476e-05,9.039512411045774,3.6085943975152966e-05,10.17597861248926,2.9987416948891472e-05
KCPRS,5426,0.217416425116799,0.07945808304701237,0.84123238156854,0.07328536131584769,0.49314670337401134,0.07708055871710248,0.7597459020091162,0.07315587311159688,0.771282886381816,0.07134090166862882,0.8592636264652816,0.07149747252920545,0.4657163397382393,0.07703270997309841,0.7399188170432229,0.07316617102070844,0.7597697583126807,0.07134852414454937,0.845622395803609,0.07131749139414655,0.8456236748171716,0.07131750092717337,0.8456209146472412,0.07131753716601064
KCPRU,5426,2.106473773667957,0.014828453510358924,2.243481706607578,0.014708339407459881,2.1369062673611454,0.014661605607549028,2.1613358009231183,0.01466088132884981,2.164703483166681,0.014686956257529804,2.2432223908383944,0.01475726474461836,2.1228025231161007,0.01465895427273826,2.161898941010091,0.014661109239128115,2.160975667143301,0.01469145609394526,2.231582303111374,0.01469486559112846,2.231589581816031,0.014694865746419754,2.231582256544732,0.014694865760912617
KCRORO,5585,-1.8129141821072485,0.7144515355580653,-1.548828640169266,0.6873627934310255,-1.7507341884894974,0.6994032567562806,-1.631156595956166,0.6863288991117731,-1.526438549072103,0.6200122913454978,-1.4535205103815225,0.6228705926438435,-1.7694693500722394,0.69853093440355,-1.631928702429331,0.6863473199844669,-1.5268842674717773,0.6200896911255496,-1.4617639532772702,0.6242642055500843,-1.4616914101891039,0.6242580263264272,-1.4617534015594968,0.6242633642292484
KCROROE,5585,-1.8492673543814866,0.7511036609906507,-1.6092044971262007,0.725578146824935,-1.7779537782434363,0.7367406973524854,-1.6852583643494161,0.7245641509047207,-1.574737273824503,0.6506847665371664,-1.509328005856058,0.6530581416641875,-1.7931232761541012,0.7360099415235801,-1.6860371650965496,0.7246159395720837,-1.57768529322945,0.6505186035071727,-1.512862229171777,0.6538037392014183,-1.5128622807985632,0.6538037448007857,-1.5128622291733897,0.6538037392017351
KCROROG,5585,-1.8092238886801748,0.8123987129422815,-1.7550985415414295,0.8130033330964871,-1.8400816531861934,0.8080202707663595,-1.829880349697734,0.8142983996972071,-1.7019137011281869,0.7187345642356278,-1.6339521638145933,0.7169761974889686,-1.840026064867979,0.807889156389179,-1.8263178856132591,0.8142862889488832,-1.7023197941402946,0.7187518906923949,-1.6347570060766545,0.7177187168233484,-1.6347570882470988,0.717718736962017,-1.6347570060753116,0.717718716824079
KCROROL,5585,-1.8636376864606887,0.6618513760273169,-0.9781200492453974,0.5167529250574784,-1.3809049494227827,0.5448923192990569,-1.0781719222882873,0.512182120402321,-0.8473499912612802,0.4322505482516512,-0.8092832070235934,0.4380458815067054,-1.4049015313441962,0.5446376914426191,-1.0867956959258724,0.5121849540826716,-0.8540312189675935,0.4321205508123784,-0.8092972554554537,0.4382643588479075,-0.8092986367649808,0.43826430850734116,-0.8092972554535985,0.4382643588477994
KCROROS,5585,-1.6221969103957794,0.5913381376041209,-1.3712608884801627,0.5722676325168355,-1.5921456720084297,0.5772109231691002,-1.4499603439127249,0.57131697602659,-1.3399753183660181,0.5188300660050145,-1.2722849929110274,0.5203533777138657,-1.6124564778290882,0.5766224648653534,-1.4570890696330048,0.5713458818017211,-1.3448619356836553,0.5187822563993049,-1.2824008920426992,0.5222775222688262,-1.282400964719185,0.522277539167111,-1.2824008920428294,0.5222775222688426
LBSNSA01,603,3.6912905166636523,0.0031527543248463558,3.719787262984807,0.0031513949344492203,3.708134239897632,0.003076843785140088,3.6874040474705714,0.0031475672994205023,3.6819389349387794,0.003164784039074513,3.715023940468242,0.0031686954666008747,3.720519017196482,0.0030713669856234516,3.699426989590646,0.003148300024478721,3.6952868494004316,0.0031653213856596973,3.7302271684776303,0.0030333892686585265,3.7302271684776303,0.0030333892686585265,3.7302271684776303,0.0030333892686585265
LDGUST,5384,-11.172034832691693,3193.419692821884,-8.044090445777236,2848.131106350158,-9.901185075742552,3269.311435046008,-8.162155907328787,2834.533336616405,-8.144909347015409,2730.8373735596006,-8.002570740196822,2752.4633718929276,-9.958160401241576,3270.9998320301997,-8.233846893309748,2835.92137909001,-8.223409681714525,2733.1321983004686,-8.002570928598402,2752.463374290851,-8.002570929456759,2752.4633743025092,-8.002570929954278,2752.463374304655
LLBLCBW027NBOG,2152,3.9483679458110745,0.0019894881935461936,4.0586807141194345,0.002014591482658624,3.9640787986723702,0.0019280941997238989,3.9610436911927045,0.002002379154739808,3.9803794557893717,0.0019572241600180787,4.068261575308787,0.001963120229878906,3.965940774075386,0.001928527599149596,3.964014336142668,0.001999890348637938,3.978483059315632,0.0019550050345459903,4.0664320770257945,0.001962994460407393,4.066342429611976,0.0019630217208359783,4.066428272339364,0.001962997732328281
LLBLCBW027SBOG,2152,4.026481939308402,0.001544808173344761,4.336240727428952,0.001517821476986929,4.125938856016021,0.001441908914145614,4.173868068273264,0.0014843960403420665,4.19054501045463,0.0014633818873070448,4.339822011510949,0.0014961257536883613,4.1175028271402345,0.0014416382113112754,4.167287242623311,0.0014839676689911646,4.18809131592783,0.0014629952582851872,4.330480393645516,0.0014612619292923292,4.330942605983947,0.0014613089860172816,4.3304960901463,0.0014612559066399613
LLBSCBW027SBOG,2152,4.295306761241857,0.0014713587716654215,4.4459796946491545,0.001412575308120704,4.458504729317473,0.0013362084415059435,4.453280475805981,0.0013800112524580401,4.465240217129406,0.001374515548267325,4.450733605922629,0.0014088540897892097,4.4487217826527345,0.0013360723569070096,4.441054427409119,0.0013803544026795883,4.449564036370583,0.001375290639266998,4.436188570662175,0.0013906699596982286,4.439113364430112,0.0013903319451039615,4.436374024719897,0.0013905188169460502
LNS11300001,940,4.349749436327939,0.001609588650613068,4.33702811921808,0.0016526805064902739,4.336329095616468,0.0016038645239455744,4.275707711318193,0.0016534686979427493,4.304925129869463,0.0016124206362498708,4.349465425387775,0.0016103297873355793,4.304524067937739,0.0016048473614067196,4.266912656055986,0.001654163409834091,4.301885644787197,0.0016133755019857282,4.384146866640921,0.0015389822081515428,4.384146866640921,0.0015389822081515428,4.384146866640921,0.0015389822081515428
LNS11300002,940,3.7998371107322333,0.0024837554581770317,4.172826998516618,0.0020678682044046326,4.170448165267319,0.0020258488685625867,4.120914874841679,0.0020720634369305988,4.135238987291755,0.0020073104851343255,4.209194109460668,0.0020015468857042763,4.179371774518351,0.002024473439301741,4.120386866944681,0.002072775471754446,4.1357778477366605,0.0020090424166399165,4.206547207649184,0.0020031130844124756,4.20661652710622,0.002003053457461287,4.206547057456005,0.002003113223855381
LNS11300012,940,2.50607288579054,0.010234522353513105,2.534640287228932,0.010501835056137084,2.408281319475667,0.010213239644605613,2.3855633361691666,0.010499752422345507,2.4889555108899875,0.009845425097846548,2.5909702065306823,0.009849204915797737,2.432206605319973,0.010205344196254988,2.3930365587308335,0.010501700155388968,2.494574989617798,0.009836849727172718,2.54817107698017,0.009796351836692046,2.54817107698017,0.009796351836692046,2.54817107698017,0.009796351836692046
LNS11324230,940,3.6663433580323894,0.0033679919862973306,3.6715808701138095,0.0034067416788468073,3.670385776713916,0.0033355904662442253,3.5792841017760773,0.003414566989887223,3.6348743458498087,0.0032877148840030923,3.7071744682208223,0.00328264621384963,3.6719022977831277,0.0033319780245161003,3.5798128211061844,0.003416799672296221,3.633033059187128,0.0032908370541083363,3.695195310997937,0.0032692785353959676,3.6951953109979385,0.0032692785353959667,3.695195310997937,0.0032692785353959676
LNS12032194,852,1.479523108975015,0.026107489771205788,1.612493109576152,0.026228869222038632,1.4122767479553706,0.025842310384729218,1.5091544982980751,0.02606289754576433,1.4706503394232668,0.025832619000762374,1.6257908920743138,0.025988508449056966,1.42556324917897,0.025710356495555826,1.464993159131491,0.026067386082614063,1.4600898300767344,0.025841444964630072,1.55714045442191,0.025000691118262457,1.5571404544251497,0.025000691118234997,1.5571404544219107,0.025000691118262464
LNS12300060,940,3.0782789616124724,0.0018228102214216306,3.5252328579323717,0.001930337444355495,3.1477467604306906,0.00172923124191798,3.0700939785579675,0.001890040433205561,3.0815998846985684,0.0018813989358050145,3.4546508777052094,0.0019198443137313568,3.1361586874829954,0.0017294100982300378,3.075059006124685,0.0018895585402797488,3.085497382546625,0.0018825022989210217,3.483346285146544,0.0019493276542258747,3.483456676949393,0.0019492439289536874,3.4833488141341915,0.001949325876721448
LNS12500000,700,2.5351533406265276,0.002496710458304808,3.1520821840172664,0.0027389517412650223,2.4921397712213973,0.0024983750927378,2.4546460884019763,0.0026420806011244386,2.4284927313831934,0.0026654116656894783,3.179650931919722,0.002777690349328522,2.4915551287071316,0.0024947040870589633,2.468469064328866,0.002641276299162108,2.4492359088976867,0.002665181382309444,3.16258116662482,0.00252758349247504,3.1636770053369436,0.0025246394060708948,3.1610514492196584,0.0025312587425042527
LNS14000006,652,0.8789706876362018,0.03633143641557522,1.1491805355812232,0.03739051581574748,0.7183903305274625,0.03642314174141245,0.7501619917575095,0.03725524099235607,0.8163476921143883,0.03575331775763159,1.1655420986015324,0.03599738012110113,0.7054508457432728,0.036510561447882596,0.7600067602761598,0.03724872856420448,0.8266356305530737,0.03574083097565224,1.1216568515566425,0.034515677151882126,1.121656845062703,0.03451567718115193,1.1216568515289944,0.03451567715198401
LNS14000036,940,1.1530123333505307,0.03502154018144211,1.349661725804287,0.03449662500002017,1.1239988112222237,0.033988086756416486,1.1790169838778226,0.034583351956275786,1.2238390642515389,0.03347235244954119,1.3651349429562747,0.033423485247920603,1.1305728103143833,0.033978340033273075,1.1822364631671602,0.03458466766441696,1.229853821877845,0.03347525796914847,1.3184415990412648,0.033972749495944095,1.3183181610747317,0.033973758028154076,1.3184414967559626,0.03397275034480951
LNS14024887,940,1.3359164549281834,0.026558495535522027,1.5929332919661536,0.026508172385635763,1.3278048716578936,0.02579855856885884,1.3412682487101355,0.02650331130949529,1.3816163529223522,0.025675945533853647,1.6049898935879239,0.025689764590166742,1.3215189759379957,0.025822220906560247,1.337515361333765,0.026490863695163153,1.3846370261803869,0.025644694292315792,1.5751157946210825,0.026146523660376897,1.575145720137728,0.026146216545538472,1.5751257259063767,0.026144747916476665
LOANS,953,3.810998098592201,0.002729411796562709,3.9736345705144647,0.0025848622136209255,3.8354417016705478,0.002667566355667982,3.906660637341808,0.0025614744331856993,4.015287488220261,0.0023655680374608874,4.042115286156849,0.002415228714413648,3.8437345023420635,0.0026670469761416716,3.917811934144612,0.002558651328950048,4.004630390769278,0.0023657247585232846,4.042115197018265,0.0024152289366128014,4.04211519705914,0.002415228936563986,4.042115197011561,0.002415228936614518
LRAC25MAUSM156S,848,4.4496475403031335,0.0013391108634421105,4.506113223553901,0.0013758155698265638,4.364234618063784,0.0013439379913866242,4.32807363642419,0.0013792750135158572,4.372855139160442,0.0013356945199779896,4.52492232298886,0.0013340769021185238,4.299467838282436,0.0013465745228434885,4.3469914937385195,0.001378057671484004,4.381807936104031,0.0013339222249529406,4.476832526567842,0.0012778973266217033,4.476832526567842,0.0012778973266217033,4.476832526567842,0.0012778973266217033
LTDACBW027SBOG,2791,3.633421875731197,0.003393650116472156,3.680872556802816,0.0034290627847640455,3.6050001020806803,0.0033914831591490492,3.5614021316244626,0.003433343868923785,3.5779848900480067,0.0034278678195416965,3.682905802511491,0.003425142647818216,3.594615048768945,0.003391517404777856,3.5697935162871475,0.0034328961875368276,3.5803983461231734,0.003428477486937394,3.678896433150833,0.0034246435212202443,3.67918632578881,0.003424625046569058,3.6786466063847456,0.003424642599492993
M1,2091,-3.056291866870017,0.005132827298518941,1.3536018641090084,0.005683096528016639,-3.6397845261360775,0.005212107418397261,-3.616105760568897,0.005606337228873906,-3.602391739459743,0.0055693971799247585,1.3166784112388836,0.005637585734133545,-3.6660053537742425,0.00521770027730924,-3.6087208720855655,0.005602961996937337,-3.5998972834409746,0.005566762750627022,1.2997652449618367,0.005656112071222732,1.3439862628471406,0.005656181941226834,1.299758646895103,0.005656112097054732
M12MTVUSM227NFWA,665,4.31021459730626,0.0011794361816328677,4.824153325329819,0.0012064119234403688,4.3712876626757815,0.001144426392060868,4.516834203139854,0.001159898285438009,4.712740398026739,0.0010850198484812178,4.859353278727495,0.0011189948887583981,4.345911494548523,0.0011421554825762736,4.491861288382342,0.0011609649910988107,4.632728317337181,0.0010853187584392938,4.859353276800239,0.0011189948910071681,4.859353276801836,0.0011189948909979442,4.859353276795308,0.0011189948910080183
M1SL,808,-17.065785975525685,0.008794112981448906,1.4477801551307992,0.01107399490187296,-16.00133095002803,0.008619931606274575,-7.151056154843334,0.01030934813568003,-8.005286371104836,0.010286021932306436,1.4642393770270705,0.011186720324967397,-17.018157210250333,0.008628713562988293,-11.57924834991024,0.010297320881481577,-8.750508850276308,0.010280693731307402,1.4480087106824326,0.011074147681673658,1.4480107173505858,0.011074145498026612,1.4480086310799312,0.011074147714141098
M2,2091,4.6612531046417995,0.001034579737188076,4.798090197387622,0.0010453633768843923,4.587647562945474,0.0010304212810264743,4.658171703049201,0.0010439466191291247,4.657770992755973,0.0010438867058517422,4.799534487541528,0.001045578924555355,4.57925886009959,0.0010298411268512319,4.65609991500874,0.0010441251657390925,4.6564995734055135,0.0010437761841467171,4.776951126535589,0.0010364619227035059,4.779332173408897,0.0010364650895754043,4.7769508932210005,0.0010364615458892219
M2NS,808,3.581189975600863,0.003470370458970937,3.590558544193453,0.003574537265301958,3.5343888094924933,0.0034771795221443537,3.5115242570245186,0.0035697747299016525,3.5067599357321564,0.003563982514125384,3.5886266923460353,0.0035775402671625015,3.5329774614203857,0.003475476663246551,3.516740338840106,0.00356790161899517,3.5160890314989817,0.0035626000267590485,3.5813798177156406,0.003470370485831855,3.58137981749265,0.003470370486253258,3.5813798175027878,0.003470370485953368
M2SL,808,3.8795250554424063,0.0019767133188146394,4.16898196118763,0.0020293830101831296,3.8261429538598963,0.001977619967477154,4.046221029532763,0.001983126282030787,4.1515821861324165,0.0018361170240274735,4.223106291740336,0.001886760358976863,3.8276989342848498,0.001976545202789241,4.002521030770499,0.0019826711860244503,4.12613860661088,0.0018351534960492101,4.223106291735249,0.001886760358984915,4.2231062917353945,0.0018867603589848322,4.223106291735232,0.0018867603589849354
MABMM301USM189S,766,3.8408539175748158,0.0020282459287706152,4.170677443401096,0.0020425082925895986,3.781633648022893,0.0020326482421911445,4.092850072440873,0.0019906139290504356,4.107144905337693,0.0018803519568606141,4.215533672469987,0.001912680186514795,3.7821232874246147,0.0020324573936515633,4.045698595589832,0.0019916782746262824,4.080269212980899,0.0018819221183166766,4.215533672469987,0.001912680186514795,4.215533672469987,0.001912680186514795,4.215533672469987,0.001912680186514795
MAICLAIMS,2107,-0.01663381807251895,0.12681073873792592,-0.041894674153654846,0.13080165475268885,0.05361136096362927,0.12481172078743685,-0.038333604819507615,0.1288728446264893,-0.019788436286581768,0.12417730935292057,-0.004227356368805292,0.12624933813887598,0.03127932700442395,0.12487485068772305,-0.057510691284209096,0.1289345698570551,-0.03497192027183983,0.12424670169925969,0.02546761255246648,0.12107831805720733,0.025467902498603378,0.12107831028355542,0.025467902498603843,0.12107831028355545
MANEMP,1049,3.527943414349151,0.0029488439168077925,4.204788605934068,0.0021280872711477833,4.125194973231504,0.0021471386026866448,4.21631433020393,0.0020787971680616647,4.334040127904143,0.0018222471664177634,4.269431440653439,0.0019809223220043108,4.120074161543972,0.0021507134379311634,4.21595600849989,0.0020808146315578454,4.33739481328263,0.0018236439944240555,4.237027762572558,0.0020783869214963573,4.237029177137308,0.0020783874509496332,4.234982066279461,0.002084843360980315
MCUMFN,652,2.710529560527717,0.0049961207021325124,3.1196902820681895,0.00522256950645603,2.69327040362799,0.004897349940993743,2.7994750740222845,0.005045161208725215,2.7982074019996177,0.0050781522443287454,3.102935726921336,0.005287376377509699,2.689317846160159,0.004895566578689329,2.784181902896395,0.005049346372950494,2.7840713644630037,0.005080809556524332,3.1136326303079693,0.0052443942480175955,3.1137052411214974,0.005244286466385787,3.114132548513389,0.005243371624605518
MIICLAIMS,2108,-0.28416005135599576,0.16810466557021708,-0.30332509425422555,0.172608730034253,-0.2782191336742762,0.16769178111910474,-0.3903190802031466,0.17199914781815526,-0.37527630633281145,0.16928837773090957,-0.28837252583081796,0.1700786506211825,-0.29585745653847584,0.16756267399482994,-0.3946895585616855,0.17200351175980838,-0.37939413931677163,0.16929538996581517,-0.24175758144983145,0.16049447531284927,-0.24175758144978174,0.16049447531284683,-0.24175758145018295,0.16049447531284916
MOCCLAIMS,2104,0.7846827919860295,0.05419049939164579,1.0604976883775385,0.04786077137836744,1.0333449730739082,0.047253141106410976,1.0453050736912193,0.04760726432078652,1.025420792583225,0.046712356348923005,1.0659539341121473,0.047168535250100826,1.0399392862000685,0.04717834265112049,1.0496511833024718,0.04758908733499839,1.031997392532461,0.04668775586342984,1.0409080990947288,0.04736655926432676,1.0438417635574977,0.04805557331915012,1.0473489360400736,0.047285415396272124
MORTGAGE15US,1819,2.466402933364269,0.010639884967664501,2.5559548231221645,0.010713991536075362,2.4567112482749436,0.010643562795751965,2.452184076980393,0.010706505909150763,2.4589313274992093,0.010728234290344982,2.5539949278745446,0.010736366667294992,2.4208224933344127,0.010638644214708587,2.4598731738839774,0.010706689797753225,2.460693433334836,0.010728217319104682,2.537552504969075,0.010661378942315114,2.5393485051668647,0.010661102313214672,2.5375365310305953,0.010661415310508633
MORTGAGE1US,1669,2.839771322831097,0.007431621576544841,2.9186194385338218,0.00749017425084512,2.726106059417145,0.00747508548707299,2.8373469843254737,0.007494847710982812,2.845453648376371,0.007434224172204475,2.928204529455586,0.007428546565547575,2.715809942427501,0.007475276935555436,2.8273159955470084,0.0074951567819193194,2.84025739944979,0.007434377566475572,2.899203810416562,0.007534144687397193,2.8992626412806226,0.007534076795451005,2.899203861328446,0.0075341444209804246
MORTGAGE30US,2884,2.611765982367843,0.008225350582021075,2.839875043879994,0.008278147023011715,2.6628692575394783,0.008227282064059767,2.6974274211254716,0.008269546807334537,2.716013112964776,0.008182439218044846,2.8521936255583475,0.008199617269409692,2.6577570663882155,0.008222215766454453,2.7057939003828273,0.008268246753663635,2.7210271980685947,0.008181571497917072,2.8521787636028946,0.00819978331138858,2.852180453202389,0.008199786792348033,2.852177986880133,0.008199783848853621
MORTGAGE5US,931,2.3406169395321528,0.011396562767181468,2.449150180975548,0.011669051109934535,2.2928108642593914,0.011423831787713834,2.339505888535365,0.011628623935738365,2.3529027909216613,0.011479327571067142,2.456911974982454,0.011518275157775018,2.2842396708003205,0.011422649035042655,2.3165682479293195,0.011632093094538281,2.336106846386098,0.011477787152655695,2.417272292474445,0.011219431967414246,2.417272301028834,0.011219431865723307,2.417272278710506,0.011219432100151963
MSACSR,760,1.039179709776038,0.04676811074306093,1.0178828904127983,0.04749655032963229,0.9757218978525724,0.04662583906146846,0.9886102976365628,0.047572414504033544,1.0203056808021513,0.04589787845255393,1.0563336320310739,0.0458787348220961,0.9970849005803518,0.04661174243643644,0.9765729137549859,0.04759674056230416,1.0140519295887356,0.04589839120118796,1.083780050406687,0.04497648755607498,1.083780050406687,0.04497648755607498,1.083780050406687,0.04497648755607498
MSPNHSUS,760,1.7204616856077066,0.024317118932436446,1.7138179946244292,0.02480947645645934,1.7052283917780322,0.024348270880370754,1.6678331545667702,0.02493513833582885,1.8442064652932986,0.02111324442084302,1.8611403022418196,0.02107009596203187,1.7018911804978025,0.024373321194241536,1.668026146824738,0.024950117740946007,1.8559300251067772,0.021087794658199936,1.76388259957434,0.02325206000129868,1.7638825995743403,0.023252060001298678,1.76388259957434,0.02325206000129868
MVMTD027MNFRBDAL,1013,2.619302540167789,0.009651875761383997,2.631318984474795,0.009738818227748249,2.5798486158435274,0.009639168019509373,2.5726821577472294,0.009782320741039305,2.5842716835343142,0.009747004509536885,2.6352353095134022,0.009712399567201596,2.588843382340285,0.009633407451576488,2.5795804164308422,0.009779941365353591,2.5859550753348945,0.009746129146325583,2.631361188938489,0.009738415563387533,2.6313612036881033,0.009738415565908326,2.631361182403233,0.009738415571656368
MYAGM2USM052S,698,4.339122573445129,0.0016304707223309815,4.392099332979213,0.001656399555252435,4.323901075100251,0.0016290378283903663,4.305650686393652,0.0016312896181413955,4.36117667759182,0.0015584025961273588,4.429075650711288,0.0015882465243960205,4.3161848494367,0.0016269397818089127,4.312940984726932,0.001630648198876894,4.362719270931551,0.001558826892228124,4.4290756507024875,0.0015882465244094176,4.429075650702722,0.001588246524409269,4.429075650702487,0.001588246524409419
NASDAQ100,5415,2.8049766854888034,0.007585933788936012,2.959620096959758,0.007429905502321125,2.8051725765729074,0.007496918161774515,2.909713195516985,0.007427473975378956,2.9100941642216775,0.00739654761049221,2.9608053890558135,0.007402222659251682,2.800720991344548,0.007496505973896975,2.9029324097431703,0.007428092881333825,2.9033905394227215,0.007397698040253878,2.9457413604882468,0.007407853721792693,2.9457413601102442,0.007407853722835568,2.945741359535356,0.0074078537272947425
NASDAQB4040GI,5470,2.8217792008061076,0.0072748934928331494,3.299367850331014,0.006163782340773909,3.1863073735141128,0.0062893637923819344,3.2687761653880854,0.006140137613746355,3.2711104018359736,0.006136479278961934,3.301677500357078,0.006171840620337795,3.1800892905241307,0.006285789093961165,3.2615418646641294,0.006140695390934132,3.265745990948987,0.006136875195201038,3.288377713681088,0.006174130649638931,3.2883777137138925,0.006174130648918886,3.2883777135962484,0.0061741306489453375
NASDAQBXN,1319,3.2791467484554704,0.004455488967520605,3.4732695141584773,0.004287233579780289,3.5071552197031948,0.004162218019190118,3.5503100732645074,0.004134790911660535,3.551377052532787,0.00411441065111774,3.4739310392461142,0.004281112811661496,3.500712856210113,0.004156881258067155,3.5380860720686225,0.004136155331455105,3.539777181476255,0.004114797958438734,3.5107378396433444,0.004164525791703932,3.473199114092929,0.004286025912254836,3.513539078872965,0.004170207058983592
NASDAQCAPEXA,2923,2.9761666846482875,0.006143496475883791,3.1823761925670486,0.006027280723636635,2.94487772953517,0.0060900203075564575,3.100178103178789,0.0060209737217831825,3.100115093923798,0.006017289234067422,3.1813064314321378,0.006032208294669546,2.936171429868077,0.0060896117004970805,3.099069730770463,0.006022114648769084,3.0989176683341846,0.006018629985620966,3.160986065509216,0.00600741123350707,3.1609953788162306,0.006007398505031388,3.1609845462488178,0.006007414336586161
NASDAQCELS,4938,2.3443410388581594,0.012396820680352834,2.487815703031844,0.01211321002736434,2.3283200280373006,0.01231141136539217,2.442909155040093,0.012124779642899049,2.440794750620714,0.012152240121136323,2.4856635294386127,0.012139096637909401,2.324744274033617,0.01230231373978235,2.4363793824323676,0.012127290987975752,2.434735340260824,0.012155055745364591,2.4877977512303677,0.012111987786840745,2.487806395762389,0.012111977046025159,2.4877978792926765,0.01211198257050761
NASDAQCOM,5415,2.815314597739763,0.007446416890918054,2.9844059926227744,0.007278725467684028,2.839780688108929,0.007363152123136846,2.920823581156594,0.007277769977214186,2.921958819617966,0.007251764367067114,2.9852717783905907,0.0072561865668584165,2.825056753480071,0.0073610943897097015,2.9208103724890115,0.007278248478040994,2.921118849496919,0.007252381365436812,2.970610813934092,0.007251344264464653,2.9706108139220357,0.007251344266377483,2.9706108136700773,0.007251344265899619
NASDAQDRB,4918,2.9008605586849616,0.006805708402108273,3.1146220020312465,0.006509593857265209,2.957558047154482,0.006617951936350251,3.0600806136188208,0.0065051844886219075,3.061348421497864,0.006494717764739305,3.1144710509198634,0.006500824283817214,2.9532257684849865,0.006598265417976259,3.061216880690802,0.006505395335107099,3.0605798843632654,0.006495438678349496,3.1044407071491698,0.00651202367510212,3.1044406772111857,0.006512023494020369,3.1044407106767267,0.006512023652743794
NASDAQEMCLOUD,1953,2.2782478411143634,0.013407860619577865,2.3551503919003096,0.013361136929366878,2.2495123935785455,0.013381099244438106,2.275614876953103,0.013403030312746792,2.2730016790299716,0.013432423707269847,2.3518333327899037,0.013393758370256633,2.2306672133997307,0.013395788808902456,2.2751489935326235,0.013404191225544591,2.274934775831819,0.01343393479661442,2.3384311698075324,0.013334701824700576,2.3383726620118486,0.013334801334736407,2.338449016676129,0.01333463014993363
NASDAQGSOX,1249,2.553609902386218,0.010113910111047857,2.5772306920279764,0.010233119589938614,2.4635556256290636,0.010175134715429007,2.4753456430885556,0.010245629918379,2.4776566969541864,0.010268026648304982,2.5755846452917193,0.010272172410659326,2.4639011988581863,0.010130101149702659,2.477532409767362,0.010246464885856482,2.480142434948049,0.010273159636200416,2.569377445611836,0.009986412858646768,2.5693774456118246,0.009986412858646833,2.569377445611814,0.009986412858646892
NASDAQHERBAL,970,2.0407161057156715,0.016311697718261953,2.156382160840151,0.016098820528707977,1.9949440033616477,0.016268083469916605,2.0759691164506866,0.016129210097194247,2.071323766625531,0.016131645237474464,2.157031443227416,0.016089410414566966,2.0077853545908733,0.016136982582002832,2.0688352938395713,0.016064818714032512,2.072728005373327,0.01605692248219171,2.074804008353267,0.015680446915109624,2.074804050177145,0.015680446715944853,2.0748040083532926,0.015680446915109555
NASDAQHXC,5414,2.361431941565175,0.011720224987840743,2.515416690415911,0.011541381467432636,2.370768154763169,0.011657061602609707,2.447544213665417,0.011543653949658915,2.4481311682783398,0.011544923423069323,2.515241531225084,0.01154661445055969,2.3628966051841855,0.011650362049336935,2.440853805272775,0.011545123483009352,2.441628022330042,0.011546449973233988,2.501042941258055,0.011539113466241521,2.5010430082315267,0.011539113275752418,2.5010304071140195,0.011539113267795765
NASDAQHXCX,5414,2.361609014128629,0.011718510538138929,2.5154826107949977,0.011539677136580676,2.370305508069544,0.011654219503635726,2.4470822273666633,0.011542045506064493,2.4488730169755346,0.011543023850679554,2.515292294301111,0.011545165795505808,2.3624343548355244,0.011647790263740923,2.440464069004216,0.011543370345204978,2.4415967770914575,0.011544908550113739,2.5010729875357396,0.011537901931376124,2.501073049604102,0.011537901754948017,2.5010615122881776,0.011537901749552437
NASDAQHXR,3040,2.8469397342263774,0.00753720700346055,2.908030843816777,0.007565577703581381,2.8072803346348567,0.007521481004656561,2.8430851078302926,0.007573833071214347,2.8388265673738293,0.007597759429557773,2.9046593551592115,0.007594068184079376,2.7996805103994022,0.007521865238888717,2.8333014391109623,0.007575845663595092,2.8302620461369097,0.007600446432516785,2.8774983705671,0.007530530603951185,2.877488466954057,0.007530524884963056,2.877498380638935,0.007530530573129058
NASDAQNBI,5412,2.7426900888932675,0.008400726422765688,2.805135581624057,0.008427926300940948,2.6958505513962483,0.008389153455034215,2.742854877181687,0.008435015631293483,2.741563414830085,0.008425504478092108,2.8049341489312405,0.00842024481855712,2.690331837769365,0.008389498889678137,2.739814665819576,0.00843617986537605,2.7396467301269496,0.008426031297838263,2.789086441671747,0.008410821135667086,2.789074874719745,0.008410851755437635,2.789086441063118,0.008410821140245207
NASDAQNDXL3,3447,1.725565417203301,0.021827912493604103,1.868012880480771,0.0218239932390375,1.6795155307739686,0.021849422717505174,1.7804343072797288,0.021830795865410223,1.7875509778922223,0.02174333266659449,1.8685925715747296,0.021757512672991364,1.6707791337165516,0.021848262184984354,1.7827885578114648,0.02182954313495935,1.7849119247290561,0.021745997994215144,1.8354418330163063,0.0215539766437836,1.835441833025905,0.021553976643778797,1.8354418330150246,0.02155397664379024
NASDAQNDXT,5126,2.614540964967192,0.009294711963199328,2.75952615106723,0.009121560411058008,2.6057666080501045,0.009233776826009525,2.700741212235176,0.009133824036180785,2.6984178312546723,0.009096832761160118,2.7607685574101817,0.009086387852404962,2.5958607386229446,0.009232719796006872,2.695164681470689,0.009134830082341571,2.6943030740085994,0.00909753151395622,2.747935057321386,0.009105568883396673,2.7479351210782297,0.009105569796259661,2.747935125862796,0.009105569792726803
NASDAQNDXTMC,1081,2.6450410235677464,0.00901919665661297,2.69829303583676,0.008980959838493575,2.655657829649504,0.008835518572615704,2.6255798750863044,0.008986662566933607,2.625060315037565,0.0089779042610597,2.6991121596409258,0.008976189808734223,2.6508188720107095,0.008831816193855518,2.6162162946635643,0.00899014270426093,2.616847768820866,0.008981945696301511,2.6735320981192414,0.008796494832691185,2.6735320981192454,0.008796494832691163,2.673532098119245,0.008796494832691178
NASDAQNDXX,5126,2.887088242292247,0.006989932791830836,3.0930125856903037,0.00666484572672719,2.960664062092491,0.0067689294785677765,3.0350428268324543,0.006669112555786065,3.039768397589554,0.0066512835937085615,3.093699150145894,0.006649713533081791,2.9555141631730275,0.006763876587969681,3.0384032482472936,0.00666952190361574,3.0392850874442745,0.006651787799208625,3.081632131008237,0.00665092605189362,3.0816321319491946,0.006650926053989683,3.081632129755284,0.006650926056328232
NASDAQNFCFA,679,2.886509150916364,0.006786823407117724,2.972066474074005,0.006926048444398141,2.861681072897574,0.006751729578485743,2.8178433700605,0.006897893912432829,2.8443529360590696,0.006879156946000538,2.9723669841748377,0.006910739616465745,2.873929632124631,0.006743993455611925,2.7980736460448647,0.006893533737946872,2.7983965588735247,0.006865415295336066,2.9167124909379996,0.006562955025151111,2.916712490938051,0.006562955025151108,2.916712490938,0.00656295502515111
NASDAQNQCN35,1516,2.210906817821413,0.013459554075014642,2.287191057933588,0.013616447428518563,2.2587141471163767,0.013351539034324,2.228618595013406,0.013499715773057223,2.2267087133912766,0.01356124985827137,2.282625960154685,0.013703517824612143,2.2510884370983533,0.01331803537215283,2.2124397227510286,0.013505513146102046,2.211132813743167,0.01356766981762218,2.2504352303498782,0.013301017399370977,2.250591936572972,0.013299895235422932,2.2503913772622175,0.013301438238246116
NASDAQNQEM,5544,3.0021589071837225,0.006259224440498343,3.1575456458991256,0.006081344451701127,3.047286046667159,0.00612982889570976,3.09977008417998,0.006080557468483824,3.102287192232966,0.006078339082855875,3.159340514280765,0.006080958938993809,3.0388668006583566,0.006125035002489977,3.095050894077944,0.006081775282304139,3.097476169760552,0.006080511373358514,3.146902911228082,0.00607008697548441,3.1468768595488963,0.006070062720624897,3.1469024941130668,0.0060700810963463065
NASDAQNQEURO50,3614,3.0208205709901192,0.006190127035186541,3.117327243866328,0.006155557806163923,2.97963236713088,0.006121568859211271,3.0531135366600903,0.006153721552935545,3.047151101278545,0.006151449184831548,3.116764651327639,0.006155635840020538,2.9754437394765194,0.00612151198654435,3.044146863539237,0.00615480583649427,3.0408264008230854,0.006152133932329023,3.0927785379258568,0.0061025221141044915,3.092803009023449,0.00610249004188028,3.0927815992659546,0.006102523983696303
NASDAQNQGI,5544,3.1503420159763142,0.005249220151007115,3.3693515408911527,0.005038651093226972,3.2053867484400227,0.005130537504421571,3.3193410631069016,0.005036841723887096,3.3205868429499175,0.005041397196561607,3.36953430781577,0.005043729087415359,3.1972365959276168,0.00512759680457486,3.3040985790508666,0.005036063031827004,3.3041718382783785,0.00504068992638126,3.3560996616295955,0.00503195455474055,3.35606518204619,0.00503201691410943,3.356099654316728,0.0050319545555435295
NASDAQNQINTEL,1942,2.5674826000113176,0.009811312225184408,2.6371197179321797,0.009882170003604513,2.4994338347496754,0.009824651811939195,2.5386883150841464,0.009904596531309307,2.54475041670729,0.009926647071423076,2.6353540716305863,0.00991085843483316,2.497704606348163,0.009822986816977117,2.537225767614159,0.00990696435611572,2.542688201150683,0.009928817273686833,2.6095741725584847,0.009924686901924185,2.6095891462628638,0.009924631388250806,2.6095707092463107,0.009924697351891639
NASDAQNQMAREITT,2872,2.6722778670582077,0.007304770865464539,3.1012058462825416,0.006970415109371907,2.618275335143103,0.0071503908236359185,3.0081203423144847,0.006963457666066215,3.0073989511168193,0.006997742483922154,3.0983688964733833,0.0070114464896748815,2.614753712790444,0.00713618273309519,3.0101738590500036,0.006963337952105111,3.009472451065938,0.00699887615924066,3.080788284566452,0.006950581977883867,3.0807882845666246,0.006950581977883624,3.0807882845664527,0.006950581977883887
NASDAQNQROBOUS,2008,2.5508926879617624,0.010015579666128063,2.6370872555101745,0.010035505222566844,2.5247598389896115,0.010000939886138614,2.567678855132891,0.010057205751831652,2.5663154747094996,0.010048470326198489,2.6345330216173006,0.010035024578543586,2.5152907339234005,0.009997043839563735,2.5692552584712955,0.010057037243971148,2.5661690597783378,0.010048252455412379,2.612648132510972,0.010066769535612254,2.6126481515515763,0.010066769457410281,2.6126481282608927,0.010066769544112225
NASDAQNQUS500LCT,2640,2.976751657217121,0.00601908319976535,3.1921823427285623,0.005929506653404408,2.9027348657580427,0.006003224176215515,3.1218015282701006,0.005927014939455124,3.124153255715273,0.005905567523534576,3.1910746117507123,0.005914348766887328,2.891698359107625,0.006001675520161537,3.118064170851063,0.00592782969901263,3.121259573752809,0.005906982505579048,3.176668859871646,0.005936655368789784,3.176655171302041,0.005936625723086207,3.176596863518307,0.005936750783036396
NASDAQNQUSB201030,3862,3.061135124421792,0.006021843779487438,3.1327835954403946,0.006034205859892827,3.0191364911624343,0.005993144767314437,3.079646679247907,0.006032446192916616,3.0813255294396895,0.006029682076826116,3.1313847400690515,0.006033548302022993,3.000745649048122,0.0059954703860900386,3.060139867431788,0.0060360103896243975,3.060016611835743,0.006033134979549307,3.1232079313894006,0.005937118966825866,3.1232001678293253,0.0059371186710704274,3.123208129691618,0.005937118662575809
NASDAQNQUSB45,1515,3.3351503125602266,0.004670437704856282,3.3444050877820497,0.004739305814534721,3.280609450378737,0.004675472019741847,3.2868184754385252,0.0047460864664694005,3.276108720222522,0.004768879646982648,3.342794634518955,0.004762266212867438,3.273095004740217,0.004675355017150659,3.269643912662651,0.004746824445637403,3.2629842889035854,0.0047705852318484995,3.3604059372562065,0.004544162021531621,3.3604059372562065,0.004544162021531621,3.3604059372562065,0.004544162021531621
NASDAQNQUSB451030,3862,2.9277678201844686,0.006671776210494597,2.9900859836685814,0.006751482355401841,2.8272714689461,0.0066628412046711325,2.874431676007419,0.006746557609475046,2.8744341505742845,0.0067581473341221275,2.9878236708261436,0.006764859397087979,2.820671930083329,0.006663944873912196,2.8785172541915927,0.006746579669730393,2.8773016504947213,0.006758614089400247,2.9541437724780315,0.006560836964728974,2.954136179715546,0.006560839163580082,2.9541436412968554,0.006560837243836243
NASDAQNQUSL10101015,3858,2.7412479691455673,0.008110732758725038,2.841626963731656,0.00811469051784494,2.6717611296435373,0.008084234208311806,2.7659331057563206,0.008113097229629468,2.7598528312974486,0.008077078800639691,2.8420791317995997,0.008078641555865504,2.6568051323473125,0.008086128376745258,2.7628902412431575,0.008114027904067147,2.760030164152471,0.008076341541824008,2.8211112986480607,0.008014242157042406,2.8211112982071453,0.00801424215757687,2.821111298649014,0.008014242157028681
NASDAQNQUSS,3872,2.8514134681375527,0.0073065797172663215,2.9663639161936906,0.007242169029173179,2.7956031965186896,0.0072388009190763845,2.8859229207922517,0.007250503946146222,2.8899728212214804,0.007256493368585915,2.965729248772093,0.007249384986715848,2.788841198147281,0.007236849604931014,2.890361027906922,0.007251380412542899,2.8917059645645966,0.0072575707366918695,2.966318139041216,0.007242180741293655,2.9663163953331484,0.007242180393280263,2.966318162725705,0.007242180712999529
NASDAQNSLITP,931,2.197144522752799,0.01444869635926002,2.211417747045026,0.014732244827637167,2.173570156199338,0.014441813023285606,2.1438397471449595,0.014738741295128043,2.1607959394194975,0.014626846981456281,2.225399691496631,0.014614961581639706,2.160082382037516,0.014454226347337992,2.12749947402993,0.014748580644869775,2.154683418920367,0.014638095559859728,2.210096186664145,0.014248834702374579,2.2100961866641446,0.01424883470237458,2.2100961866641446,0.014248834702374579
NASDAQNYGBIG,725,2.772681340418392,0.007648772494011964,2.8655400359518555,0.007761832892685736,2.7599192221757005,0.007643540298186177,2.719973185973681,0.007777152594533658,2.715049589200677,0.007820737926743827,2.862912839459353,0.007818125308002764,2.7480229283344078,0.0076448625218383595,2.7182741475960146,0.007779015580963546,2.7244738453463495,0.007822444286440236,2.7838520180673916,0.0075758868399873475,2.7838520180052133,0.0075758868400712396,2.783852018067375,0.007575886839987433
NASDAQOMRXMUNI,3931,5.450048766172128,0.0005334646443226681,5.6722247705768885,0.0005128371199645713,5.3884967334948195,0.00052661178288918,5.6127715159017635,0.0005126881774105497,5.621380584439337,0.0005116815925994848,5.676192377877241,0.0005123239533114545,5.380582284958889,0.0005266809167155494,5.609290381853253,0.0005126683606446173,5.617548629624889,0.0005117315038891514,5.65534992347006,0.0005142096387910749,5.655456877402116,0.0005142053620489665,5.655349912516209,0.0005142096460165897
NASDAQOMXS30,4413,2.9791319829251686,0.006530157614219619,3.0946364853166437,0.006348072891183189,2.983088942897494,0.006340031567316383,3.040291231553568,0.006353047986183352,3.0381497753967417,0.006346223343220253,3.0949474782118322,0.006342233278481052,2.9820550723485564,0.006340508445483074,3.041557471596414,0.006353142767826002,3.0393429565509686,0.0063464447181082635,3.0946376941269205,0.0063480905518162834,3.0946376986081523,0.006348090519463825,3.094637705251954,0.0063480905408264355
NASDAQQGLDI,3446,3.4273473863994166,0.004107477273173032,3.4930996305090574,0.004048343133844818,3.4484043668170017,0.004001579031878286,3.474044815232022,0.004031198465792053,3.4742107578357952,0.004028529505675522,3.4930704530102727,0.004044901518718937,3.4406022136080043,0.003995814628396839,3.461679158882192,0.004033694740026113,3.460248755693699,0.004030847101159296,3.463398790000931,0.003979834063932439,3.4601588383025534,0.003985229477900069,3.4685517309631306,0.003972666978018143
NASDAQQMI,5366,2.837848105173594,0.0074564444839869196,2.9782513731023923,0.007224722946028048,2.847705668508686,0.007275509292129702,2.9210828253034786,0.007235461063537141,2.923909535936108,0.0072194857551463,2.979344456335917,0.007208890066378068,2.8425303434170552,0.007275111265040865,2.9262494407596233,0.007233543264231098,2.926704122663985,0.007218061397521247,2.977237378592296,0.007217245940649831,2.9782982828068048,0.007226577626109277,2.977783173566053,0.007216536415649714
NASDAQQSLVO,3368,2.8221364779600866,0.007467288201782564,2.8972689866337538,0.007479582078705145,2.7931692194643127,0.00736535815666893,2.853008878973926,0.007463019286475728,2.851540371953812,0.007458384535593363,2.8977901310928242,0.007475174244661555,2.780938278876444,0.0073668186104007966,2.8482090439609498,0.007464123146327471,2.848156184336372,0.007458178605702574,2.8784389970064246,0.007274723548582351,2.8689652220423905,0.0073100418564736895,2.8818056441290296,0.007281470739914071
NASDAQSOX,5289,2.3644163950639707,0.011449630047030566,2.5005121073119563,0.011111823768088626,2.3663229731925544,0.011135556022903791,2.4558175903537696,0.011112319260877525,2.4599109512279576,0.01104578683755274,2.503411102171958,0.011045274707878753,2.364661462494038,0.011132268535079981,2.462865116571174,0.011110681447623108,2.463649211299252,0.011043697063982264,2.4818364582015735,0.01107159328207537,2.4819053271181515,0.011071372480775707,2.481854191307035,0.011071530984443
NASDAQSRVRSCNR,2020,2.7865855196262537,0.007500170960218752,2.9434581877893335,0.007422321790854932,2.7607198842553995,0.007433159558413111,2.8558722382809023,0.007428564509489503,2.8527957349513406,0.007445068157535974,2.939904166291764,0.007439018914476004,2.761266363178987,0.0074321194570494435,2.8515835524353674,0.007428989266397353,2.8507723958917617,0.007443708380101461,2.932392075035457,0.007405856298857652,2.932392074920289,0.007405856325000558,2.9323920699513186,0.007405856293529195
NASDAQSRVRSCPR,2020,2.786041434086457,0.007503518982389878,2.9431687701319076,0.007427061006666421,2.7587796238741116,0.007437609481562313,2.855371873292282,0.007433603061229458,2.852369591293989,0.007450971578927166,2.9396153305295387,0.007443877019295948,2.7605502022904744,0.00743653154276308,2.8508310744719285,0.007434199161177702,2.849794138404205,0.007448922940669436,2.9321286461563187,0.007409361112119859,2.9321286224170184,0.007409361142647486,2.932128620506315,0.007409361109537864
NASDAQTDEX,2309,0.7117277400146188,0.06047046953363048,0.790204967667851,0.06019521050920416,0.7412398491890889,0.05856447727931087,0.7177084610900092,0.05992839113165445,0.7314877509295215,0.059545625472961036,0.7944309853778564,0.05985899916582378,0.7342562240625905,0.05855590029533623,0.7100960267221538,0.059931948602420015,0.726178823209006,0.05954592777054592,0.7524839023207361,0.05784696930380358,0.752483902325918,0.05784696930369623,0.7524839023207344,0.05784696930380361
NASDAQVOLI,2310,1.009322280840988,0.04724926380314977,1.0505092733030867,0.0471824469005462,1.018786735637449,0.04660572222314166,1.007959803305248,0.04711132310032448,1.0071446343538681,0.04705321471785637,1.0508271066344312,0.04712450370452635,1.0135349782691228,0.046584074830127636,1.0022285530834874,0.0471220498549297,1.0035578687511013,0.04705550492483781,1.0447958992250581,0.04545499292896928,1.0447958992250581,0.04545499292896928,1.0447958992250581,0.04545499292896928
NASDAQVOLNDX,3897,3.070922124982413,0.00604073846499652,3.073768151701029,0.006136188685045839,3.062516334095357,0.00602226988649624,3.0064061515221048,0.0061331164835419765,3.007531564400534,0.00613125884450159,3.073382978675419,0.006139600024930924,3.0510527394204114,0.006020563750206153,3.0073267138825206,0.00613331949936204,3.0054564388552465,0.006131920483598832,3.0993894317257706,0.0058723363721824825,3.0993894317257706,0.0058723363721824825,3.0993894317257706,0.0058723363721824825
NASDAQXAU,5207,2.1095180192526124,0.014128318413322953,2.2435055435699605,0.013985257470728485,2.1140158112311185,0.013856349658277922,2.1393712976612207,0.013976434199540718,2.1349540702743646,0.01394697641852673,2.2447897039673506,0.013955933080104394,2.1123110655240667,0.013834753832778445,2.1317432289874367,0.013976917604963278,2.132794874931447,0.013945993356061614,2.210948176909923,0.013840754210665333,2.2109568996365057,0.01384070327120785,2.2109564506468105,0.01384071921398073
NASDAQXCMP,5414,2.815304308645825,0.007447199957717272,2.984319460063438,0.007279583351532484,2.8397741890137116,0.007363656134904684,2.9208960099945496,0.007278637598756019,2.922303061323703,0.00725261661475798,2.9851903409003864,0.0072570322619633365,2.825184542036143,0.007361731781684376,2.9209643717584655,0.007279178298197166,2.9211068632254142,0.007253320498745062,2.9704809424595924,0.0072522730992294355,2.9704809424477605,0.0072522731018119435,2.9704809425089223,0.007252273099213863
NASDAQXNBI,5414,2.741796227752728,0.00839353933200849,2.805426751636125,0.008425199394176599,2.6973916194986707,0.008383753658353572,2.7378461597319714,0.008432599798756964,2.7368547182498197,0.008423736834688453,2.80517165146972,0.008418607322277082,2.693331184727901,0.008383905456498052,2.736000407031925,0.008433239152369902,2.73620463662985,0.008424004133184415,2.7870533256891292,0.00840564942956976,2.7867016046083317,0.008406409678293699,2.7870533257247803,0.008405649430032759
NASDAQXND,1374,2.78373372348517,0.008038239895150031,2.8451803804554268,0.008046638172801683,2.7729506207981074,0.007991673384659155,2.7753941047289636,0.008050288945108865,2.77877923180488,0.008044043775099803,2.8459667378702527,0.008042676667730406,2.776956195587065,0.007982601967903171,2.7811738452250716,0.008050722895760662,2.7826883527248056,0.008044816930433372,2.823897480692475,0.007800503132023057,2.824167312915563,0.007799159551685958,2.823928663037713,0.007800432021121961
NASDAQXNDX,5414,2.8017506398989065,0.007584276162452211,2.9595102821448878,0.007431546879278768,2.81858345534127,0.007500886735655452,2.899600356945121,0.007428813084119995,2.903794499742125,0.007397029301687086,2.960669535901375,0.007403834219023927,2.8070006059054484,0.007497700918849197,2.900894136308351,0.007428888846511311,2.902444288346628,0.007398219671279221,2.9444622736696986,0.007408048028901505,2.9444622826189577,0.00740804802881898,2.944462273009633,0.0074080480302672535
NASDAQXNDXINR,1100,2.8445761616902066,0.007265381415631629,2.934383714226001,0.0071427473322252496,2.8603935491855035,0.0070458784890172895,2.8387901971290512,0.007157287602965113,2.846786371555511,0.0071101673228538215,2.940538112149657,0.0070960914106074895,2.8662363368281687,0.007039423855538974,2.852774541821725,0.007155740751473014,2.860480567463572,0.0071082793243806,2.8804879308888816,0.007071386746942186,2.8804895642267896,0.007071380699079234,2.8804879439583515,0.007071386719041262
NASDAQXOSX,3778,2.2804292848495824,0.01283715496344585,2.4123664170552024,0.012791334091725606,2.1959638730531266,0.012840307429230763,2.3005079397973693,0.012806577268325648,2.2984734807813774,0.012865058594744926,2.4102923704832935,0.012849943072184409,2.1859726891084184,0.012841234813122404,2.3029328988407727,0.012807117891906375,2.301045866509265,0.012868434241565488,2.405662150920077,0.012797411563465288,2.405690405874088,0.012797351341117135,2.4056622904392335,0.012797411455203692
NASDAQXSOX,4162,2.4793130043110563,0.010670030453329928,2.581109029459369,0.010686083812223194,2.395592662483132,0.010690707702516424,2.5041836517978897,0.010701539735126973,2.50696301542404,0.010642611169996284,2.5832915849103326,0.010630341086783762,2.3862236986946255,0.01069240690434812,2.505151687833129,0.010701137565159967,2.5064403520437173,0.010643254968327659,2.565744436479544,0.010548011849634149,2.565799143543404,0.010547997443932785,2.5657444214399217,0.010548011871587468
NASDAQXXAU,3778,2.270801180192925,0.013525280597920554,2.319833116477936,0.013599543633405254,2.2281902831552545,0.01348965680465866,2.249889263961222,0.01361750860458817,2.250004027413682,0.013591984737047933,2.3203835245992646,0.013578448997937783,2.2268126111396676,0.01348925424356023,2.2386812621389907,0.013621020010888734,2.2403943319506143,0.013595521841231986,2.302151096724627,0.013318012862907545,2.3021681564290266,0.013317947404837906,2.3021516298145435,0.013318011248927626
NDFACBW027SBOG,1152,-4.998760837592754,18.6151730602732,-4.992146126881743,19.197976825372734,-5.043564307421825,18.684160968619082,-5.1157837682935305,19.14391111260978,-5.078635174849527,18.917025822996735,-4.977574223109246,18.923220742751578,-5.037064339443879,18.665479606231152,-5.115617420219385,19.147380233995666,-5.074697232158804,18.917062214931068,-4.966037341663861,17.99547879991571,-4.966036589012761,17.995473874609512,-4.9660369547912655,17.995475963364225
NFCILEVERAGE,2896,2.11642679498335,0.015735828602999588,2.3533689677990193,0.014405089185972561,2.091102158520062,0.015753638813517663,2.322308777264747,0.014413089874169437,3.679053841272136,0.0030612896791022705,3.8151505731266715,0.0030951556313985706,2.0915033702472585,0.01571500434435594,2.314717089055268,0.014420942577854937,3.636911556074737,0.0030457392521536205,3.815149604806839,0.003095145103191781,3.8151505731266715,0.0030951556313985706,3.829293756167465,0.003043335275112278
NFINCP,1331,1.685198538198451,0.020862123235819974,1.809207290738414,0.021288943557009662,1.7530887756352338,0.02080749985443312,1.6634152789451526,0.021091728639910164,1.6578431327434315,0.0209261159086763,1.8149404133126503,0.02115258659907765,1.7531992084439294,0.020775059094193513,1.6426992960146627,0.02108995261750683,1.6523097088860426,0.020929676317480786,1.8092337521829767,0.021288091469397263,1.8092337786346875,0.0212880916729111,1.8092337693019909,0.021288091664727633
NIKKEI225,5268,2.755911002618378,0.008014207058522639,2.8674785951311423,0.007948381414972132,2.7595083179941433,0.007934404696860768,2.790326233918093,0.00794853924212351,2.789595396056894,0.007962760789827907,2.865297997204729,0.007963669044204529,2.7518213803494764,0.007930386248504983,2.7910024710549175,0.007948540814059168,2.7897273619488216,0.007963419607789783,2.863445051374368,0.007923797132019442,2.863473973541951,0.007923706243865155,2.8634449996032725,0.007923797531566048
NYCCLAIMS,2106,0.6822957672513164,0.0534485747992271,1.393252795098502,0.03336559578896132,1.4416845682397754,0.03300920894542482,1.4309995231952717,0.03303666696314457,1.4198275430810439,0.03204473003904825,1.4050664712099128,0.03246928508396931,1.4493211870810374,0.032927228077275696,1.4393223122258603,0.03302291854943219,1.4217093143135213,0.03202789169371908,1.4585831281860033,0.031939173767902285,1.4050664712128358,0.03246928508413886,1.4618440226609017,0.03196735817874333
NYICLAIMS,2106,-0.11332302887149154,0.1425483595137744,-0.1006921182644272,0.14513914359095437,0.05278155948608859,0.13808743202796803,-0.04828163874339777,0.14279973355006945,-0.03915644618634132,0.1395827592291765,-0.06893248250670356,0.14234618747817557,0.05013857893593619,0.13810775857210447,-0.05860866222124747,0.1429030343710853,-0.04518916943128884,0.13965320059700362,0.052787236210508945,0.13809125306524647,-0.05976608257654522,0.1362080238351644,0.04878663985885701,0.13817531140838762
OBFRVOL,2604,0.6256358537908404,0.05436709337526487,0.7431958228786253,0.0547898460324634,0.8245063334530731,0.048503282842905775,0.7570243161916591,0.05131054147045081,0.8372812296099384,0.05035497644924673,0.774650083471396,0.054186050030804525,0.8252586752978607,0.04851542841995387,0.7476501957075039,0.051334281182026605,0.8240402637648763,0.05038783434403257,0.8400862082686954,0.04893851362934607,0.7519305116357371,0.05334652230652884,0.8488277747560958,0.04946852104116143
OBMMIC15YF,2379,2.6363300734704826,0.00897440793751995,2.7727609736558936,0.008985831951399275,2.58952105397448,0.008977298649197116,2.655101442206191,0.009001937714852032,2.694784721748971,0.008585114604357276,2.8090247950996083,0.008576330417209527,2.5673435232772945,0.00897993826572238,2.655897936290475,0.009002366395540752,2.6927020249168696,0.008584160436433298,2.7699627068464765,0.00849554198901379,2.7706914473371174,0.00849538335444987,2.7699637288500365,0.008495539717066491
OBMMIC30YF,2379,3.2386316515427036,0.004764302953076446,3.3645315888201304,0.004794445558314417,3.202745745331183,0.004745940808536462,3.2633332961229065,0.004795218503733082,3.2638231261470962,0.004805442143968976,3.3628583740284905,0.00480661167193972,3.201572856081583,0.004744952400990559,3.2586003953187404,0.004796011833217666,3.2556554041651893,0.004807035241530287,3.345099408115444,0.004775734327478856,3.345189986375832,0.004775734331008405,3.345099408393264,0.004775734326951108
OBMMIC30YFLVGT80FB700A719,2379,2.90985014038519,0.006943754951196601,2.9604798300687474,0.007081964946048163,2.861894444472241,0.006949395813252668,2.8856760578776663,0.007088095489140633,2.9068872778699535,0.006827212118899389,2.9978923769692987,0.006814212489596983,2.8563824643245552,0.0069502393979641785,2.874162006597093,0.007089770574112173,2.901886222033063,0.006828740308498573,2.989590367054104,0.006821505906131144,2.9894929573158935,0.006821696513585141,2.989590371110273,0.006821505900573618
OBMMIC30YFLVGT80FB720A739,2379,3.016446932721431,0.006260850133540286,3.0737933111894544,0.00638890429287395,2.964050894437401,0.006263452712607701,2.9845345820580977,0.0063983243906637335,3.001391890059735,0.006270124102161179,3.0976063103808626,0.006259491649788211,2.966336423772877,0.00626222013118882,2.978227639590291,0.0064001778594804165,2.997437249753175,0.006271793429977723,3.0704543646702454,0.006202558515133843,3.0704384192239007,0.006202572436543501,3.0704522616762433,0.006202561621772208
OBMMIC30YFLVGT80FGE740,2379,3.210303645434942,0.004946293986287686,3.324475669308966,0.0050070794225782105,3.160270064109248,0.004945773169159107,3.2104420357664503,0.005009395306395443,3.2085906394650903,0.005016600452018018,3.3242858896984826,0.0050192254156901615,3.1492307164681645,0.004945756109015045,3.20700300294083,0.005010232092660891,3.2041825507043082,0.0050180778735296715,3.2807006301550428,0.004971400106588136,3.2808682023677576,0.004971310521018181,3.280675507412282,0.0049714210410814206
OBMMIC30YFLVGT80FLT680,2379,2.3436158266030134,0.01138000072097458,2.4539355348258485,0.011628362655235881,2.3206993507110654,0.011362246773787138,2.267652401045397,0.01161041098401282,2.4217875293148903,0.010595607131474682,2.5411992000666777,0.010635707290830815,2.3048914781230176,0.011359826751111766,2.2666468104260926,0.011609203706080103,2.4106490872585242,0.010596259684537224,2.5298182039800543,0.01068142034205642,2.529818204160789,0.010681420341729182,2.5298182039838353,0.010681420342036636
OBMMIC30YFLVLE80FB700A719,2379,2.6821096796684514,0.008899612710549476,2.726530674142601,0.00902155449862872,2.6475279943545895,0.00890357078004162,2.635235159896639,0.009034675351068229,2.6940654049183337,0.008501415761370455,2.7876164609850167,0.008477830121974422,2.6458124460737475,0.00890183060029344,2.6426572268659414,0.009033889218457956,2.6953900814706335,0.008499580155041816,2.7799866975028613,0.008475695613219906,2.779847259505743,0.00847593600582851,2.779986638913491,0.008475695744880912
OBMMIC30YFLVLE80FB720A739,2379,2.90486201694557,0.0070899067440476716,2.938883050942473,0.00722440704565251,2.849074484102993,0.00709631576059268,2.86844002460134,0.007228919853333408,2.875477415248115,0.007019711610717305,2.96934339769655,0.007014641046768042,2.8499219418076875,0.007096172937217713,2.857591860821838,0.007231061142200403,2.8721416914958433,0.007020562007435664,2.936795430964873,0.006852851876309309,2.936794856272586,0.006852852956854631,2.936795187997208,0.006852852496446787
OBMMIC30YFLVLE80FGE740,2379,3.2381055746062573,0.0048857511340768475,3.328999176762155,0.00493770901527108,3.1837519826019514,0.004885113322732697,3.240532154432275,0.004940557438213433,3.243250489298028,0.0049435601571250366,3.3286894496110726,0.0049411046085585915,3.181784222767801,0.004884960465786965,3.2394918603600247,0.004940235953728685,3.2412210109366257,0.00494365523164735,3.30749148165812,0.0049246987661375075,3.3075850140006575,0.004925057953650719,3.3074914817653798,0.00492469876641297
OBMMIC30YFLVLE80FLT680,2379,2.6539052881058183,0.00909566987449198,2.6929040152994697,0.009255177775378112,2.6349207486018327,0.00908545057929125,2.6070720389664364,0.009266274753924334,2.677605511637834,0.008569281567246595,2.76336947024795,0.008571229801192022,2.6329723829797316,0.009081448103223104,2.604011670108107,0.009266392164371438,2.677325597622423,0.008570634828588799,2.7041382469942303,0.008733941929493866,2.7040856447641546,0.00873365375669731,2.704252473952328,0.008733467517602008
OBMMIC30YFNA,2379,3.0449007567960313,0.006221936328732823,3.089340489844898,0.006288056923387511,3.022576863670992,0.006209473846830795,3.03029497444571,0.006294259085907582,3.0391949229296875,0.006186030437173552,3.1050691165623525,0.006178856237046839,3.0239050704158976,0.006208405604550565,3.0289835887851493,0.006295790112571716,3.032502303939712,0.006188969544532598,3.0708720846936073,0.0060618063024808645,3.070884125422067,0.00606135747615662,3.070842061528745,0.006061857351840081
OBMMIFHA30YF,2379,3.0968085811713655,0.005433913110467499,3.220280061918967,0.0055329716009595055,3.0601091698284826,0.00542227805089446,3.1067906062940205,0.005532089263916053,3.1291851777473942,0.005446055931109554,3.2405353108551416,0.0054486716898744705,3.050279327002267,0.00541858209174882,3.1051047966638756,0.005533473258388659,3.1273081245928087,0.005446399101159278,3.198095731595681,0.005407849918071366,3.1980883133484808,0.005407869836987313,3.1980954629894547,0.005407850607915321
OBMMIJUMBO30YF,2379,2.5833204143202275,0.009933280752330662,2.629820148876789,0.01004054252769728,2.5339170528220545,0.00993599878614268,2.5248550859502217,0.010059470967608099,2.609310205141883,0.009280323268592197,2.7048096222818634,0.009258561241796514,2.5295909771151694,0.009935634353364768,2.53754116193817,0.010058477649803116,2.6125365991778753,0.009278795763607444,2.6723145172143794,0.009406723196541279,2.672287921421202,0.009406743304524073,2.6723045474150298,0.009406750059364111
OBMMIUSDA30YF,2379,2.807965408373455,0.007824012281125194,2.8449399471939496,0.008002735307969796,2.772951774843948,0.007832009228642552,2.7349969372287113,0.008017269679006516,2.804292398892693,0.0075881607334622354,2.900793645139742,0.007577997381420619,2.770597514953266,0.007830381149211217,2.7341422916328226,0.008018978367004707,2.797006185329718,0.00759141297945052,2.858090799363762,0.007587392921406313,2.858155483053936,0.007587054870490491,2.858090427333544,0.007587393634494227
OBMMIVA30YF,2379,2.8050531815615445,0.007494806657541727,2.88557665381965,0.0076659839504867105,2.7487202978660705,0.0075101959053634135,2.76647301191809,0.007662186818850584,2.7887594146624894,0.0075348408529595885,2.9056458827223164,0.007536863323789245,2.7460777278596984,0.007508161518458374,2.765564509853946,0.007663612114082671,2.789729091580601,0.007535280256107829,2.869497782457233,0.007322733966689016,2.869602914676834,0.007322414137497079,2.8695697149554302,0.007322530732457803
ODSACBW027SBOG,887,4.223018679353618,0.001830846334400135,4.297298600042059,0.0018351046173982412,4.214061040459589,0.001795908782030713,4.250998766408227,0.0018376094173710989,4.268146587859508,0.001746448727232211,4.3470213705238185,0.001748225068945071,4.223520756634965,0.0017941061771626452,4.242621179869044,0.0018381561901794168,4.2686207902022275,0.0017467972865850005,4.299658660212045,0.0018170656969204411,4.29964289977408,0.0018170723773197623,4.299660205190771,0.001817065284893908
OKICLAIMS,2102,-0.23571062071552995,0.15724155282941663,-0.11638114105195753,0.1497499046278622,-0.07202664709713455,0.14570210121238392,-0.11421028025041735,0.1484325725028466,-0.03498694929477839,0.13627309542313404,-0.016345610758034243,0.13742396546576496,-0.07741183453633306,0.14551360762617088,-0.12216555700948611,0.1484722195202301,-0.03496560531794706,0.13621584074280282,-0.041543851490075445,0.1425210853358527,-0.03236789478843246,0.13872736034203784,-0.04077589034210239,0.14211726916605963
OMBACBW027SBOG,887,3.3808361148997217,0.004321031149131928,3.443449469902955,0.004290778273625506,3.3463597284797255,0.004209469479390223,3.3550882919233174,0.004285204981911796,3.3877232294885373,0.0042488082103379725,3.4518220940677353,0.0042630041020691204,3.353444151056009,0.004208150844805159,3.3613861424625484,0.004284561997619671,3.3900564868822385,0.004248283058099784,3.3932405679791864,0.004348898560845256,3.393393392446112,0.004348727186912276,3.3932482840647187,0.004348891090041218
OVXCLS,4825,1.3792933781503427,0.03007241831403985,1.469505601429798,0.030416860653080604,1.3615433204910032,0.0298267930752271,1.3632060414345153,0.030280482676707774,1.3708165739999854,0.030246741090439733,1.4696302144903612,0.03037857255009091,1.3393224807312927,0.02982630385188273,1.3593838893825845,0.030283780182911973,1.364984209789577,0.03025072721008041,1.4140512587320089,0.028948064262198113,1.4140516064812596,0.028948060519105038,1.414051261289907,0.02894806423095472
PAICLAIMS,2106,0.1904461595923048,0.09916856014455437,0.18245719475767902,0.1026459036791717,0.1890228460712214,0.09881465215614141,0.09728000869194435,0.10196473170101117,0.12687823425108566,0.10061992170892232,0.20073383204096165,0.10115088756673875,0.1790848405110963,0.09879165892903097,0.09028346270405102,0.1019944989762027,0.11743382098121569,0.10065210395933935,0.2302218673464255,0.0946453722145991,0.2302218673464255,0.0946453722145991,0.2302218673464255,0.0946453722145991
PAYEMS,1049,3.4027491157708987,0.0016448333474979788,4.002315880413185,0.0014226852351959386,3.9441360485623274,0.001291662559800496,3.966359993587294,0.0013755673965907943,4.013071970083622,0.0013238534989702135,4.04514398896746,0.0014049555417819364,3.9583112280167896,0.0012842786425827314,3.9651465560691066,0.0013783309829935861,4.014553906650417,0.0013281435553707558,4.024246214763988,0.001429093877406712,4.024250304528029,0.0014290934979872372,4.023716998004117,0.0014294489453897778
PAYNSA,1049,3.1237782274198,0.005143868179922444,3.079735357558208,0.0052286314845580405,3.4138208795233536,0.004694217091737795,3.415206251321176,0.004859233226784351,3.452319000774152,0.00486633144030851,3.0788617001619443,0.005261454716821003,3.4216729832869768,0.004689886121808975,3.407552899629597,0.004864634853898306,3.447436320289917,0.004836094360167921,3.4051123089376416,0.004733934145351445,3.1500193066605977,0.005061489552848642,3.4217626713942186,0.004689876040848585
PCE,808,3.126356330244097,0.0033307547456316745,3.6013663092739514,0.003493653646226997,3.09051638729426,0.0032244351529651834,3.379336132189834,0.0033859204202581926,3.435428304749968,0.0033383062996964106,3.6089896613168593,0.0034757383093589867,3.0946424809464332,0.0032218870240974633,3.4127767056762255,0.0033825185501390677,3.4197862271273305,0.003336419678486254,3.5557267394742142,0.0034966435703034995,3.5562271786914588,0.0034958964674216054,3.5552298979151638,0.0034969657942369443
PCEDG,808,2.089034957438315,0.013989181894458727,2.260206323105008,0.013972180089992896,2.062451860662128,0.013538933246519629,2.164582736448029,0.013713270018348881,2.161617657311493,0.013536118033767367,2.274463232374606,0.013860547245021185,2.0660007406781316,0.013537465512187005,2.151052175109985,0.013701367596365017,2.165487733476836,0.01352550014948704,2.1602717961140905,0.013671535280410568,2.1602719565540065,0.013671535960932816,2.1602719776063903,0.013671535206060919
PCEPI,808,4.90415451843658,0.000957592576771316,4.931553593768722,0.0009733856745843576,4.8852962292447435,0.0009602766059754043,4.850100884858376,0.0009690167290849159,4.851857682687203,0.00093529420423901,4.957855005867182,0.0009435361175779735,4.886336402306401,0.0009586720139409522,4.853495139882519,0.0009688356639804171,4.858930609960151,0.0009353999165413843,4.953203773521477,0.0009498039235540083,4.95320389172154,0.0009498040472826795,4.953203862440121,0.0009498040648560235
PCEPILFE,808,5.424677246543099,0.0005741405981166165,5.452447087523299,0.0005726001955704687,5.412963189828983,0.0005744981756113724,5.429905040842266,0.000569784472231871,5.424221934109064,0.0005691347553748442,5.453809863572108,0.0005719420310278713,5.423284500427408,0.0005735951961678231,5.4256079353269975,0.0005698015380270164,5.420794690734955,0.0005692709571111215,5.451732221008922,0.0005733691600223475,5.4517306597883195,0.0005733694705276803,5.451732555367448,0.0005733690972957989
PCES,808,2.9433871711796495,0.0023657898617946197,3.483230817510396,0.0025805323896683583,2.9488029704831495,0.0023219837537268887,3.3937714792128917,0.0025080118055257777,3.3836500754142036,0.0024970311530328015,3.492341321121504,0.0025688884584081587,2.9580474830767294,0.002320036234911316,3.392627073221895,0.0025040162745665526,3.394928018761893,0.00249309768106605,3.490386646421005,0.0025776978472680885,3.4907082369000038,0.00257736768930411,3.4903216136461688,0.0025777016194971822
PCU325211325211,600,2.318251416286037,0.011314973083752346,2.431681007365879,0.011375219406833005,2.3528417945243554,0.011343778232276983,2.314867294431694,0.011381144940873564,2.471303899437032,0.010755232780414573,2.5201327831723077,0.010740384666290405,2.3254042538871973,0.011347153830696611,2.3049285010838676,0.011377510508908575,2.4270345297175155,0.010713381226456493,2.520132782668038,0.010740384671416777,2.520132782668833,0.01074038467141372,2.520132782668039,0.010740384671416784
PCU335311335311,713,3.271228759458176,0.004450267000440229,3.3670519172876032,0.004438074793365797,3.2945863978705123,0.004358920849083574,3.3047425403260986,0.004378608098545335,3.3351581648250064,0.004364779969268116,3.3736019722103836,0.004442072426635046,3.2760810455593674,0.004358716761421907,3.2931412061391514,0.004381054281963284,3.3261929165326265,0.0043681261816602155,3.367309477784708,0.004441404404957928,3.367305445598213,0.004441406695099503,3.3673093973253025,0.004441381595211917
PERMIT,796,1.4707217490370224,0.029517193715896083,1.507652299672815,0.02932749475834314,1.4458773162964433,0.029338302220583104,1.44236606609378,0.02925869209697111,1.4673089072520087,0.028647346123688664,1.5405495435367114,0.028680609456817774,1.4538520974903975,0.0292039138503756,1.4428152459742387,0.029264765934778603,1.4781409853198086,0.02863406916643778,1.516220112990341,0.02858657427805688,1.5163619916439324,0.028584656677452188,1.5162401224768711,0.02858639277666562
PERMIT1,796,1.6473826982037227,0.023868475281213303,1.7904684978182497,0.022592156158937886,1.734318331851692,0.022743598019406765,1.8026324590173144,0.022460378542133258,1.7974169243536442,0.022546079927439164,1.7893478083568628,0.02268258546237833,1.7426880862066219,0.022580119038965854,1.785113803072814,0.022464865833467816,1.7801864408103236,0.022560700469455637,1.7613797534392197,0.02267015744637833,1.7616167551120998,0.022668053792130338,1.7613824934747115,0.022670152233206346
PI,808,2.1912557320301693,0.004041207373729934,3.1404059928967434,0.004634491620495432,2.341900456479723,0.003822787377061799,3.150779536652183,0.004124521068133916,3.202985224865189,0.004058862828602581,3.150607993830034,0.004458825921381449,2.3390730295225426,0.003819679511688768,3.084384235427156,0.004144172907136413,3.156479184007912,0.004074819403407942,3.106186580275105,0.004634169623771207,3.106374057119246,0.004633998113685097,3.1059656841999423,0.0046343805355784536
PMSAVE,808,-0.03262287438176388,0.07518600410126856,0.3357187816128445,0.07983046910131997,-0.014499525922263534,0.074582409759673,0.18211290632932978,0.07609750794590575,0.13786750266027992,0.07597396683844125,0.35300044455868373,0.08008340610880972,-0.0727766003845309,0.07459114544072643,0.07708338030008552,0.07617689924571173,0.1096231404591859,0.07604106617502628,0.004219481466429383,0.07192963407846854,0.029279454886031394,0.07192963407791225,0.025939646138456,0.0719296340784684
POPTHM,808,7.58589827931021,6.69606047660128e-05,7.7427509506542105,6.207712551037151e-05,7.563442640423239,6.628539215053263e-05,7.678347980437421,6.222338821236447e-05,8.221032096963363,3.327810261254344e-05,8.282209883146042,3.342881596451428e-05,7.566217686660674,6.629050346927414e-05,7.715481572918874,6.231812007929718e-05,8.254548537469613,3.307287844981514e-05,8.282209883146137,3.342881596451361e-05,8.282209883146042,3.342881596451428e-05,8.282788786506622,3.3428935368063974e-05
PSAVERT,808,0.04750203000062008,0.07122464985766622,0.40991264825370866,0.07526029261135578,0.06980117719773041,0.07074133374594033,0.2754283876648329,0.07206364920837047,0.18132972715059031,0.07189858033257711,0.42804610107055585,0.07543820891095586,0.03480970672219934,0.07072096378455502,0.1790848968081902,0.07213168687696292,0.19882920900071993,0.07198056353100842,0.11555821589259702,0.06832602644392066,0.11571328684870291,0.06832602643490535,0.11555821589259702,0.06832602644392066
RECPROUSM156N,707,-3.6129032180228724,3.1734824141797335,-2.6693937430438566,2.3105765203303603,-1.7568927234904146,1.7812297250029427,-1.6846347939184347,1.624450614166603,-1.368233167688568,1.4343178582179557,-2.601485863548106,2.317279859720993,-1.7886837684877954,1.7451389852125547,-1.7145363070188855,1.6245820920543788,-1.368400581656196,1.4311158584183443,-1.3713921318295021,1.4344514811169478,-2.6536788945901524,2.4098070953903434,-1.368120700137571,1.431115090105792
RESBALNSW,2383,0.7008474625626893,0.03976646172220095,1.3052819299126386,0.03843252356098539,1.0846084215333396,0.036644900660774665,1.1259953574161887,0.03675596700664733,1.103128818140159,0.03654352380151574,1.301002017208376,0.038042062922055614,1.006087158332756,0.036634222083578374,1.111548125137963,0.03678341611546168,1.0919844274713604,0.03656360483048415,1.2813185935836697,0.035838703242129746,1.2582143664695509,0.03536664516458258,1.2580826896006325,0.03536660799357306
RESPPALGUOXCH1NWW,1229,-11.463632147191332,6687.689022216341,-10.240335622768214,6400.483943027133,-10.997611569954028,6718.571053378474,-10.121808659050188,6429.598923381584,-10.192101886145311,5164.985072497094,-10.102788870259383,5137.355117765004,-11.185765189114564,6747.524637564611,-10.215268716599963,6419.003623863257,-10.29563936465837,5081.196600370631,-10.027080621731969,5165.197162377548,-10.1050005594289,5141.713905804191,-10.143687043724727,5100.282522083399
RESPPANWW,1229,2.908396844204038,0.005954156548374945,3.8636524770819154,0.004210570197656086,3.4893696379477466,0.004632757552523502,3.782045642012726,0.004158997006423144,3.8121789283866296,0.004200717500638793,3.8653488484918417,0.004313187272109781,3.489774104510175,0.004567508119455673,3.8149709055806116,0.00413432742251273,3.7824489154019325,0.004208845346422779,3.8465149852770084,0.004396236427093034,3.8465507154878793,0.004396117434126341,3.8465184478329038,0.004396231401069213
RESPPMLLDONWW,1229,-1.5954790513356254,0.46130944872423635,-0.30883050024328285,0.3626121968472997,-0.9160532504337321,0.40442886619532087,-0.26761812225685566,0.3606227341031564,-0.24436321510546827,0.3328700348487744,-0.23673745803747118,0.3338346280468842,-0.9713275763851401,0.40291144231625375,-0.29212644319770953,0.3610873859859407,-0.2591837566502874,0.33322604454496685,-0.23672999985086648,0.3338574480227983,-0.23672932016460843,0.3338574499412822,-0.23672932153262397,0.3338574504348782
RESPPNTEPPNWW,1229,2.747159763176815,0.005994075389634462,4.362889012181541,0.003347141189319128,4.2521793445765805,0.0032957065885653443,4.308023406066482,0.003257597255791843,4.314752616054533,0.0031557589597859415,4.393830167427132,0.003276482264853017,4.253042562446641,0.0032472710100340855,4.292831970688577,0.003211262940112379,4.328333299048799,0.0031285353397349624,4.385231410440413,0.003317851539320644,4.385228583369559,0.0033178520454002084,4.385230942165665,0.0033178522263566717
REVOLSL,700,2.4439858720348533,0.008532922756813987,3.685477626769486,0.0034889773130234274,3.6101061618567436,0.003631431501436328,3.5602321540810125,0.0035252538116167156,3.544355115959138,0.0035115367744656596,3.6798508557398564,0.0035104666656628363,3.62505744761461,0.003611559614089017,3.574328176643509,0.003520841405036432,3.553656909399038,0.003509532909147211,3.6241035710568537,0.003599907222631809,3.685464382800824,0.0034890773549969036,3.6226067300016456,0.0035919078466803743
RIFSPPFAAD30NB,4057,-0.2459566609780558,0.10227343103114232,1.086549941582503,0.09155874411584285,0.46469000405977423,0.10256027943417213,0.9679680235796961,0.09067763801643199,1.0589173050560876,0.08150636013249819,1.1863127927719186,0.08265449430679683,0.45989344149086914,0.1020532103964785,0.9317623061051264,0.09071172445846733,1.033423438140579,0.08145877343273134,1.172500718579211,0.08267270728121406,1.1716103800715894,0.08266958591018259,1.1713823121231568,0.08266972268874426
RIFSPPFAAD60NB,3759,-0.053392260482542184,0.08346168329169355,1.1237919287419165,0.07684074494622885,0.28406982199104347,0.08614445834217292,1.0689387607608007,0.07628732114890868,1.118448475653167,0.0687764802873017,1.216821262820938,0.06916990812259022,0.2579233707921277,0.08567096825165081,1.0375587575449217,0.07628265007828662,1.1071524699879238,0.06864957463463045,1.2168212628180994,0.06916990812259698,1.2168212628184532,0.06916990812259696,1.216821262796822,0.0691699081227256
RIFSPPFAAD90NB,4715,0.10052979075323869,0.07965793407741587,1.2274442446723826,0.07150043525312111,0.5991759078944648,0.0789881279428366,1.206266163933498,0.07080117121889472,1.2496859934194087,0.06295611888779157,1.3266542566831356,0.06359053940693266,0.5042013712870158,0.07842137410774588,1.1774836099491086,0.07083084223865177,1.2346988567982553,0.06287456452502396,1.320515881607118,0.06359700189099089,1.3205161002388173,0.06359700157936339,1.3205159286080606,0.0635970019225669
RIFSPPNA2P2D07NB,5370,0.8709616190261354,0.042470617498477185,1.8683093537037896,0.036383640612571856,1.3081280633697983,0.04074855260459162,1.7886154270451673,0.03632822773533259,1.8649164831770209,0.0333404930245517,1.9387485048259507,0.03348811952322922,1.2932130253802971,0.04065916120906435,1.762789510049791,0.03633460843374264,1.851412981755631,0.03331985500013717,1.9185064528258666,0.033537956244148605,1.9185068674503531,0.03353795775593619,1.9184089592700162,0.033537588545032464
RIFSPPNA2P2D30NB,5357,0.7303777416611588,0.04611543096957336,1.8488302411748967,0.0395918828518895,1.1885174047176914,0.04368650492599006,1.7136761118480226,0.039398546736581275,1.7916921153344902,0.036591423402240295,1.9158498793203769,0.03681860026839809,1.148212486533211,0.043636311412580536,1.721447604299181,0.03939666415022387,1.7840337304925322,0.03658622372273732,1.9080116202386441,0.0368350162393038,1.9080832449094332,0.036834925584348845,1.9091086369003483,0.03683113457770453
RIFSPPNA2P2D90NB,3345,0.2196480609177714,0.07186838402263132,1.1868560813228972,0.06480433584338031,0.5217380067472035,0.0708633278849666,1.0046938010826651,0.06451039974283697,1.0962255528626805,0.05877210679408349,1.2629984944471744,0.05909386685946195,0.5184336704190102,0.07066710223894127,1.003854385950711,0.06452133434426718,1.0835553462351497,0.05875880272237561,1.2567714840730797,0.059106921448759474,1.256841366116754,0.05910683423016756,1.2567714840759485,0.05910692144875233
RIMLPBAARNB,2948,3.1912745620889305,0.005457130328551387,3.227525533935166,0.005513813999872034,3.144464086545143,0.005455467562006995,3.1447226589775847,0.005520606299419668,3.1475245599788853,0.005497934533109353,3.2307060091759214,0.0054905443232623865,3.144574389698537,0.005455079082271165,3.149097853047856,0.005521487778094382,3.1535367354650923,0.005497734610990093,3.2191937859920277,0.005316245930563932,3.2191903737934995,0.005316276141963536,3.219183206685203,0.005316266458927566
RREP15,1229,0.6509493003878454,0.05639811302271019,0.9107096900271242,0.05595285803363835,0.7496578899063613,0.05497314490932936,0.7178791304117753,0.054925121426658764,0.8244142541103764,0.05465699337894887,0.9309204813874565,0.05577359773555084,0.651593567804041,0.054899823482663423,0.7105872706632986,0.05492491869813592,0.8009787421553655,0.05467365353471942,0.8287758153930234,0.054694814775515625,0.8287774624981343,0.054694765026354376,0.8177529518376021,0.054694805312289166
RREPT,808,0.4664032333586042,0.06318999256752134,0.7249318033147621,0.06524909143354274,0.42847730453405625,0.06340956414424119,0.40122029616493465,0.06414537453439105,0.5684869255580466,0.06382389414321889,0.7347404988657877,0.0649739497223971,0.2962684023365702,0.06364903374677958,0.39203957716311133,0.06414233056606895,0.5358148549586456,0.06384420900398224,0.5454831940873186,0.0621266102554035,0.5599871361111096,0.062127135087797145,0.5454120375255678,0.06212751452778867
RRPONTSYD,3270,-5.069940971544684,17.3962778566993,-4.637920641474858,16.62037285203566,-4.632490054661583,16.526029338610904,-4.5277423281329945,16.098456065067936,-4.454123896497931,15.875181056648243,-4.6055262029845645,16.45489962199443,-4.708471791455214,16.505715120670374,-4.5619092879379,16.098085133702092,-4.491912674371895,15.872693669691705,-4.6474093671032275,16.42636921808196,-4.664538488561109,16.364375181514585,-4.682580912496909,16.295847099275232
RRPONTSYSAD,3275,-5.073738496548765,17.58955562509546,-4.650846765989635,16.708290770417502,-4.738965124760204,16.516425170404027,-4.564169713353588,16.20759773890343,-4.512983723459782,15.997637963300967,-4.61773241645877,16.54280944443782,-4.842459005941887,16.529948065617848,-4.594694401458251,16.207987801180224,-4.545934433534435,15.998344823798243,-4.705190466035252,16.467118863959644,-4.656418828775194,16.427381095651526,-4.7244989387751355,16.395335090341877
RRPONTTLD,3272,-5.06957769846929,17.386390067200487,-4.637930277968056,16.61493310544274,-4.632016676568664,16.517209311514158,-4.530245085262908,16.090085095511675,-4.456782950933856,15.86752881268283,-4.6055670395034065,16.4493104926683,-4.70739141412504,16.496573335317663,-4.564500717907905,16.09067774728839,-4.494564900918602,15.865885169355444,-4.653032594743854,16.45687543914366,-4.664444561354087,16.35622398792643,-4.704013690890548,16.35989717713454
RRPTSYD,3294,-5.079928300365292,17.51193728769161,-4.641784740884145,16.73130606894889,-4.6103625591057735,16.612064486144117,-4.512382531610919,16.172087289060016,-4.442870753638032,15.953811257227047,-4.609929937143417,16.58160990640688,-4.683647416691072,16.59341919872185,-4.542822376337395,16.16941245390668,-4.479673962308132,15.951038227127384,-4.613644521646642,16.419104183648702,-4.679918022424374,16.45431178359468,-4.679751009872196,16.459557127095135
RRPTTLD,3299,-5.079246517120195,17.49109417570487,-4.642439019263461,16.728180362415166,-4.612308121278108,16.590575170103527,-4.520811231530048,16.159078808529923,-4.4497977873391905,15.93921555357489,-4.610676033460612,16.57794587814564,-4.684217047049323,16.56608665421958,-4.5523645736877985,16.157806922226026,-4.489491232002257,15.9389833603982,-4.645534525510835,16.494439435634437,-4.679659689523875,16.436784218979643,-4.693336188931721,16.468692809429275
RVXCLS,5412,1.3684180973147821,0.03261990392010785,1.3820044420726838,0.03315397117707613,1.3408207470542788,0.0325341052930773,1.3088582978717036,0.03310384458413283,1.3103639612152096,0.033050274728420884,1.3835134571188887,0.03310005112595792,1.3286685545305728,0.03252987106455461,1.3043630590420745,0.03310680235042026,1.3067134886872145,0.03305524982212881,1.4018269590490444,0.031358247574165665,1.4018269590490444,0.031358247574165665,1.4018269590490444,0.031358247574165665
SAVINGS,2364,-7.000585911809025,0.006628866057325431,-1.5695483688063936,0.0033595552300095155,-5.709979340357126,0.002956071075417423,-5.699115484787912,0.0031111489746923184,-5.663921171397257,0.0030419331086031904,-1.277729961822534,0.0033391762767519427,-5.696441529265505,0.0029417177571416644,-5.70187679124193,0.0031201314935707606,-5.667008333923903,0.00304849930642734,-1.2652282469644143,0.0032380820942847417,-1.2846486467603961,0.0033290277455705055,-1.2726728934817695,0.0033054039832944534
SBCACBW027SBOG,2791,3.831964166975882,0.0027008133342420874,3.9341380038975697,0.0026953896867321497,3.8078659858956065,0.0026721295318115185,3.8467970839925183,0.0026914640843515654,3.863499514627588,0.0026533703926760813,3.9468008622111217,0.0026574911591762266,3.8081109571695095,0.0026715265490174227,3.8454112186971163,0.002691798119336199,3.862397572103468,0.002653766941494179,3.9260635582571264,0.0026809605257037228,3.9260760759058346,0.0026809599359274502,3.926063455233027,0.002680959977527509
SOFR180DAYAVG,1941,2.9302245590687432,0.004420126157788588,4.834244425128923,0.003142676062257784,4.121831010246854,0.0038344808774186646,4.898417807718336,0.0030819531896114504,4.85779751903988,0.0031022771443352947,4.831221991921221,0.0031942829784688247,4.113354118693054,0.00379671853692064,4.843134716437731,0.0030786457079498343,4.82419615023821,0.0031048474613083036,4.834249619641541,0.003142852379089318,4.834250476962117,0.0031428523029062177,4.834249617679848,0.0031428523921232633
SOFRINDEX,2068,7.862549042459387,4.4144294726612456e-05,8.922025532752683,4.1333845078330805e-05,8.720739772471013,4.105973671017293e-05,9.758705470015197,3.4215323884312704e-05,9.750564408794983,3.445862755951446e-05,8.943867214334722,4.033739113875549e-05,8.559742448246872,4.120438038543684e-05,9.74019590755319,3.452950831353136e-05,9.740286781592893,3.480395280059227e-05,9.726032468099778,3.4413109031144875e-05,8.92529088435697,4.0517976871204776e-05,9.724248577782841,3.46706170843085e-05
SOFRVOL,2066,1.7711645929420452,0.022249851736397652,1.817754818639488,0.022327322535450576,1.7630613477765864,0.022067528674127264,1.7752082559382765,0.022242205678630528,1.8124166570296727,0.020977165572592483,1.8655703790389584,0.02096255302373794,1.756173486341314,0.022062994138654805,1.7776015829367968,0.022238361928829605,1.815985152848708,0.02096458281443633,1.8172457999536327,0.02115247997174375,1.8172464361290006,0.02115247685777085,1.8172458006280172,0.02115247996850183
SP500,2511,2.9223144889330395,0.006132134421270018,3.16676483059152,0.006049464448241742,2.9509514033408735,0.006105643569780948,3.0860422543352897,0.0060452276547839565,3.076820581541097,0.006025854317750548,3.1646952168784503,0.006034366623443109,2.9351085702381123,0.0061011799500411005,3.073559107096198,0.006045702976384756,3.0722453749023786,0.006027024100832534,3.138014839761336,0.006049306897764304,3.1380182225817976,0.006049301909457725,3.1380151874720204,0.006049306150950809
STICKCPIM157SFRBATL,712,0.6351515695377914,0.059486099820228316,1.0715143961577223,0.04764322469681397,0.9160902983278469,0.05073246061224432,1.0255823238245496,0.04771416157167225,1.1326734375490304,0.04370955979634312,1.1599516219486392,0.043683624174249765,0.9244718732058763,0.050557555012179727,1.0097192852082608,0.0478333408081317,1.1176101837945291,0.043749440288965165,1.117227389591516,0.045406928179444264,1.1172910012576511,0.04540582992465108,1.1172273240137471,0.04540693047474089
STLFSI,1367,0.7755655946658456,0.04828291324102694,1.1464103248071664,0.04622752316016251,0.7516016600593429,0.04673635702519007,1.0099619040338088,0.04589883016416565,0.997677671612312,0.045104654005066316,1.1555626744107739,0.04560450975006726,0.7425563765815355,0.046678041324618454,0.9977858585813775,0.04590081499303989,0.994654998945215,0.04511406328505024,1.1038941361874788,0.046059017254134305,1.103942366531304,0.046057809416830776,1.1038949771510305,0.046059000325538106
STLFSI2,1462,-0.29065593815511187,0.15088688842867942,-0.04477611811585073,0.14789276381241315,-0.31684739175163673,0.14774104673117341,-0.1776895616321658,0.146853345227451,-0.1548601172689628,0.1444900502648236,-0.03452180965111069,0.14553462699997816,-0.33429145254418224,0.14774291791982996,-0.18130121388634138,0.14683046567452843,-0.16595815324575014,0.14452578368378557,-0.04928934064111556,0.14503378050241034,-0.04917948864020367,0.14503070403804066,-0.04930962959768821,0.14503371317892674
STLFSI3,1504,-0.4042604234018375,0.18495387502210486,-0.27576148620638885,0.18393156584623857,-0.45129108914926336,0.1834747599722356,-0.37290883432205524,0.18372736919091687,-0.3601113219436127,0.17732432526829064,-0.24930654378154327,0.17746734311250723,-0.4674437529131049,0.18347420129468173,-0.37356460482372217,0.18373247971172432,-0.35787899101479853,0.1773842541475365,-0.2678289842022368,0.17792223342946412,-0.26745392024818626,0.17790793191645038,-0.26782898508795056,0.1779222336011291
STLFSI4,1697,-0.2082588471338553,0.138982517025686,0.020682401380610328,0.13668567542315052,-0.23388324251689796,0.1359349294576281,-0.09516697283263865,0.13558874241198152,-0.08672242227821275,0.13391533292404895,0.028635662112582536,0.13483764936874587,-0.24950192790089679,0.13592755441149493,-0.09688565398451304,0.13558370986704285,-0.09180070651381221,0.13394190253101823,0.02819957323180312,0.13467837904731877,0.02830508909907311,0.13467348821847494,0.028224870196642108,0.13467710288771767
T10Y2YM,600,0.39926838898140404,0.08212645930476481,0.5444640613603071,0.07730303275030374,0.5368723316140588,0.07599128663583032,0.45214837543992153,0.07711505434355165,0.5190067239352548,0.07463161334417967,0.5668888992311746,0.07573819152384864,0.5514328049118596,0.0755254348849297,0.45861275496262105,0.07716263033447628,0.5145058856090455,0.07473732839652678,0.5444664056201746,0.07730289085359111,0.5444664173451792,0.07730289094494985,0.5444664259033838,0.07730288996128157
T10Y3M,5386,1.267112204952127,0.03538286927401028,1.4289043142268505,0.03455035876419936,1.2850579967451263,0.03481218191706412,1.3659760558933227,0.034585579498509926,1.3650347053834662,0.03459223388506195,1.4290081978866618,0.034558748098236426,1.2852482719434632,0.0347642008858686,1.3561383987243782,0.034585705485332144,1.3558333566664953,0.03459605829399448,1.4158317032315533,0.034556827815384585,1.4158317025170706,0.03455682782824974,1.415831702566853,0.034556827824003114
T10YFF,5385,0.9671194018500593,0.04433809670431806,1.2661298598710635,0.04095062806119282,1.1328010688126902,0.04093780301101184,1.204690513701539,0.0408300524479686,1.2132032859886797,0.040823115144455316,1.2705592063023432,0.0409936493729676,1.1239122720680192,0.04089949799378567,1.2007185806342582,0.04083473675214027,1.207085887281585,0.040832236646809246,1.2550707068073745,0.04100737476731429,1.2551981343664296,0.04100751916721249,1.2550830452433661,0.04100705865716398
T10YIE,5386,0.881577945738439,0.019487361083774492,2.76335710092162,0.011717090062278966,2.2293619733762977,0.012122347006385044,2.6447645505954434,0.011630814031011252,2.5837482940448337,0.0116987108168314,2.7634455965627875,0.011817661476096409,2.2041795888818614,0.012093036553482662,2.6028925129906844,0.011624327350918277,2.5668985908476456,0.011699680119716692,2.7360245363364815,0.011704253094905043,2.7360245392532807,0.011704253094912012,2.736024536336478,0.011704253094905203
T5YFF,5385,0.9498410463367011,0.04492055135276297,1.2959237314911636,0.04080396792279317,1.1247526183811387,0.04101871935297683,1.2343211324629606,0.040665323820794866,1.2377839536000315,0.04062860173501654,1.3006883403961944,0.040819001518610745,1.115546305616133,0.040985320255937464,1.2275758669910868,0.04066700055492665,1.2346001442925225,0.04063559246647529,1.281691353339386,0.04088709809782069,1.2816912184103557,0.04088792445446025,1.2817084012120747,0.0408869252936432
T5YIFR,5386,1.9047729648612794,0.012690775584995644,2.5778300253010524,0.011319709254605083,2.0951012191443557,0.011365745838024984,2.4708141883404435,0.011287742957251587,2.4831851072406192,0.011201661925979212,2.589829552122333,0.011241865333404539,2.0943410875287913,0.011348050499366116,2.4527607679812538,0.011284794144783393,2.4630710892202314,0.011200354433104439,2.564896160277294,0.011247891060504368,2.5648962645567006,0.01124789064274107,2.5648962698307063,0.01124789059565635
TASACBW027SBOG,2791,3.5319594796908684,0.003597183619712351,3.691167005790811,0.0034785136939855144,3.5911227852250027,0.0034536972926204625,3.6214664049369505,0.0034774742651648444,3.6363072878238816,0.0034287729793591073,3.705252965919628,0.003430014145682795,3.5941882405018375,0.0034429245850698628,3.6217505973519404,0.0034774009521691207,3.6358585189250032,0.0034289748095274897,3.6813951223485413,0.0034851641949682232,3.6813774343775583,0.0034851700719732205,3.681396765764388,0.0034851615579416417
TCU,712,3.0258068405881353,0.004208234700852637,3.304326110319761,0.004298817502612944,2.9938265577168592,0.004109710964689758,3.0701272989870643,0.004222035500307762,3.0661038449897444,0.004249748700915349,3.292228012736123,0.004348796423044109,2.9969834235529667,0.004109728537822443,3.0810218531668565,0.004220763533878311,3.0715971787330263,0.00424985473323733,3.212254570495596,0.0042285470576420665,3.2123334243156805,0.004228117521226046,3.212250785254538,0.004228577969280636
TGCRVOLUME,2067,2.5458390371712776,0.010086516033485038,2.5575245852746686,0.010137234591719979,2.54534569486225,0.009879732756071057,2.4846056803832957,0.010110426123271546,2.531172107124655,0.009962586851581103,2.573849130687024,0.0100533700501018,2.5361554513656017,0.009868980028952637,2.4871935036587094,0.010115038080965496,2.5211009043041845,0.009971758722445882,2.581955153211826,0.009770063152203102,2.581955153211826,0.009770063152203102,2.581955153211826,0.009770063152203102
THREEFF1,5383,1.7071440003327654,0.022780030933702757,1.9185445311274993,0.02187583377036508,1.6861168114081988,0.022374898674219067,1.8364604388042673,0.02188972100845691,1.8415464703589586,0.021858234970237082,1.9205300666734435,0.02184552486707106,1.680961367297168,0.022369416747446472,1.8336452087649822,0.021892265848892346,1.8385980326665041,0.02186355523298679,1.9086715238773466,0.021869280931068057,1.908633795035777,0.021869507662810275,1.9086715032634438,0.02186928085275444
THREEFF10,5383,3.043804941538025,0.006078564745777742,3.161221972418309,0.0060631796829774525,3.003170502875209,0.0060780601705080406,3.0675178576067905,0.006071466532952401,3.09094873276489,0.005974236011517115,3.1753801615956685,0.005966196558236354,2.9938075418800056,0.006078303276346538,3.0729279876684865,0.006071120571678503,3.091096223908663,0.005975218071033732,3.16531290566707,0.0059583178619910335,3.1653128862556716,0.005958317823431584,3.1653131151838725,0.0059583179675875494
THREEFF2,5383,1.8651394224308098,0.01801359503807585,2.2244039641972835,0.01712436353748914,1.9273759134861634,0.0178811848679186,2.132431173522965,0.017132184860450414,2.1341281273267727,0.017099269876976766,2.2261769942219742,0.017090566397392908,1.8963161267790656,0.01786665958176574,2.1243532546428567,0.017133716770029776,2.126790398723778,0.017102318787250124,2.2137334010750003,0.01712024517835122,2.213892289809018,0.01712030202859121,2.2137332944189576,0.01712024535707041
THREEFF3,5383,2.0720514416190574,0.014426612197237901,2.3969590381186077,0.013956077427429537,2.0703870737019194,0.014364058864726794,2.2849965257935945,0.013965587750676536,2.29098810433164,0.013908030624022762,2.4005886616965633,0.013897339489954023,2.0513149106626773,0.014359662351652678,2.280689054633869,0.01396664787130434,2.287064558548033,0.013910764254198016,2.386596874325469,0.013954013873230017,2.3865968854173816,0.01395401377369161,2.386596709036132,0.01395401358918918
THREEFF5,5383,2.448827388855122,0.010273745735776095,2.6890868908529444,0.010114072021412873,2.417689872012882,0.010260943387769068,2.5897809084338324,0.010123663103707919,2.5972219119134694,0.01002757249832568,2.697333938627863,0.01001696812600113,2.404197619775628,0.010259891392493389,2.586113389249115,0.010124427818247392,2.593763899170092,0.010029127115335924,2.685241089443419,0.010018623389880021,2.685243516743972,0.010018626123297451,2.6852411806860785,0.010018622761597852
THREEFF7,5383,2.7422390714137657,0.007977964063711871,2.912711410672047,0.007917000892004531,2.70505046203251,0.007974219176073771,2.8139210175417486,0.00792679395305807,2.8319549881008506,0.007819347643974947,2.924536954051443,0.007809558990067977,2.69404134710292,0.007974109807041373,2.8152553784300878,0.007926565500381816,2.830590257360426,0.007820472304784382,2.9138399741823093,0.007801453393083076,2.9138418587976496,0.0078014536201182145,2.913839403454794,0.007801453653605819
THREEFFTP1,5383,2.718130494094942,0.008526666066590038,2.8577275029503006,0.008335759971688566,2.701195324347749,0.00846093372817472,2.7866557081767964,0.008347431692351083,2.7932335091015776,0.008264631489669116,2.86669482515227,0.008252672272352284,2.6879614140926313,0.008455855915653222,2.780179612080509,0.008349484205004783,2.7907117393427585,0.008267949486649216,2.8554744839689117,0.008258780208082666,2.85547420089551,0.008258781073350133,2.855474437616469,0.008258780263937913
THREEFFTP10,5383,2.1015216927914344,0.016068492090593734,2.1792703195871272,0.015986877376939365,2.0844593022898326,0.016028810891068876,2.118982364454654,0.016007759657622,2.1299659186560547,0.015797636728461472,2.192521603872131,0.0157740826307325,2.0758794900316633,0.0160260713857102,2.114685191977776,0.01601018055349957,2.126288353312847,0.01580187490600128,2.1821426674506155,0.015734829407659648,2.1821430653224727,0.0157348281310114,2.1821430505579427,0.015734828553722633
THREEFFTP5,5383,2.2492735045516827,0.01380711954428581,2.3427465026194585,0.013671714961083752,2.2267607629374395,0.013762037569011063,2.259402817551364,0.013695377987898502,2.277472534226341,0.013566261220554467,2.35228959304024,0.013543144529055107,2.2207395979217783,0.013756799102994583,2.2665871959008173,0.01369546736572718,2.2789726856271644,0.01356957212720066,2.3407055370320764,0.013521313361005373,2.3407034186066937,0.013521316086870615,2.340705163950536,0.013521312887750665
THREEFY1,5383,2.068371920384559,0.015372114995344759,2.3898557094459223,0.014192269011771326,2.1325985723759513,0.014723911495092196,2.282465437315573,0.014195252332767302,2.288642259724814,0.014171372286996494,2.3903837797775815,0.014171516808906517,2.1220841548689022,0.014713230855097861,2.2945130995109073,0.014191516085574023,2.295843156391886,0.014169378243931042,2.3800334881983933,0.014175074861418608,2.3800350431471524,0.014175089051341084,2.38003348560501,0.014175075002523164
THREEFY10,5383,2.5966861526063783,0.009169930370220849,2.7774119737104597,0.009074115263618671,2.566121216181661,0.00916499245901156,2.6869164871251865,0.009082881943406758,2.6946894345326733,0.009021798637395611,2.7833570831440717,0.009011973263186795,2.556375977328569,0.009163256676367025,2.6816889156887513,0.009083784085570527,2.690444317483232,0.00902348096441689,2.7700964034735183,0.009041812633019975,2.770085454684284,0.009041827393233141,2.769754649395552,0.00904181807052657
THREEFY2,5383,1.6162711992975969,0.0224943277936816,2.215390357083839,0.02014926172196013,1.794770647666906,0.021964083016962822,2.1106105457935707,0.020156993518681353,2.111441710381919,0.020178861062021665,2.2150695502012767,0.02017447192972977,1.7856224525118785,0.021937756896344262,2.1132370360941364,0.02015583072217044,2.1129439213142014,0.02018132837614774,2.2061099077717263,0.020147658365909905,2.2061099039331484,0.020147658422179488,2.2061099080376776,0.020147658356267573
THREEFY3,5383,1.8961588597578878,0.01755254299765117,2.302359047252727,0.01645749257101493,1.9681856250726522,0.017373334328766036,2.2111632364914064,0.016464287735220646,2.209639339581188,0.016460225477890493,2.3019734520622728,0.016454044994584825,1.9518264131020155,0.017362141719411407,2.2088102475338913,0.016465159387586473,2.2090245942080453,0.016463003461558313,2.292390624326167,0.01645664078382877,2.2923903946599813,0.016456640700983897,2.2923903983000566,0.01645664069982078
THREEFY4,5383,2.0447439951256046,0.015157943925287295,2.3866985948469446,0.014471540187383374,2.072776573294348,0.015059368862516683,2.2953188514388096,0.014478677158299135,2.2954693274858737,0.014459661995764548,2.3875374206994358,0.014450947988483166,2.053556597695964,0.01505163085927555,2.289954250740287,0.01448000266825118,2.291217700708724,0.014461785502135217,2.3763920115643073,0.014468200060908872,2.3764399588789997,0.014468299390883087,2.376392006877387,0.014468200131103889
THREEFY5,5383,2.1616000401483224,0.013533926190103135,2.4655728435862034,0.013060597818398951,2.1626079508617324,0.01347364036113442,2.371428860941416,0.013067865493089024,2.3730229394177798,0.01303704539260938,2.4674339062540454,0.01302765364279503,2.141880570258587,0.01346778572562705,2.365591643537787,0.013069353244396273,2.368498440388432,0.01303895772441552,2.4551809553935606,0.013058662809141893,2.45514109208973,0.013058708983206997,2.455180958580489,0.013058662768854874
THREEFY6,5383,2.266382582803872,0.01228274400447652,2.538414967858105,0.011946901583220162,2.254312189161341,0.012243263891014718,2.4430537492512614,0.011954978729022066,2.446555154940431,0.011914022400460442,2.541250309189075,0.011904322611051555,2.2368500190077505,0.01224037791588231,2.436900914359948,0.011956511421669811,2.4414266408052945,0.011916506884699541,2.527959367675727,0.01194991107420392,2.527959352062808,0.011949911104433093,2.5279592927118566,0.011949911165893862
THREEFY7,5383,2.3616258673370587,0.011277260448541703,2.60544138469985,0.011035659915174561,2.3383603169045073,0.011254008268149297,2.5094328879016095,0.011044742050291071,2.514409616507622,0.010996546133428247,2.6091892283652873,0.010985828133638968,2.326182185214815,0.011250728391147683,2.5033684189825256,0.011045761543684468,2.50948901976977,0.010998529942372189,2.5952923617859396,0.011030001124733709,2.5952712438629564,0.011030026315620427,2.5952806712921386,0.011030021210009107
THREEFY8,5383,2.4479990377900487,0.010449656929038957,2.667255301635321,0.01027409751227364,2.4209729731565433,0.010435780513786427,2.571582480045802,0.010283471297633405,2.5785978979541357,0.01022928433686236,2.671833320110402,0.010218708906172175,2.4099905125803684,0.010433242394133308,2.566577960869232,0.010284155609505777,2.5739828041160715,0.010231182507307805,2.657602590503951,0.010261198752690171,2.6576046007034613,0.01026119735977945,2.6576035316437374,0.010261198725051646
THREEFY9,5383,2.5260287226938956,0.009757715167375842,2.7243987220355232,0.0096286444053562,2.4967493218083834,0.009749192254224133,2.6302386537803613,0.009637553035294134,2.6380600363393123,0.009579430347033843,2.729698162968761,0.00956933678221182,2.486520014532026,0.009747275951159958,2.625383047601042,0.00963840710220416,2.6340647349316626,0.009581003275147094,2.715717517020164,0.009607647229226999,2.7157181779198627,0.009607646732821133,2.7155070416570455,0.009607577349321283
THREEFYTP1,5383,3.2706251656172793,0.004910840093446921,3.4074214360079353,0.004804653267384927,3.2525981357843015,0.00487432442151878,3.335790345460974,0.004811588766215023,3.342906828528395,0.004764804648241418,3.416319785018923,0.004757741493098516,3.2404263174093026,0.004871584805875379,3.329884827730072,0.004812557694313036,3.3403443942387785,0.004766625470220795,3.40497780753056,0.0047620403990258535,3.4049762884641934,0.004762043426865277,3.4049778398025246,0.004762040369574465
THREEFYTP10,5383,2.3257844469411726,0.012796646996653524,2.4171938509169437,0.012678995450295424,2.303758582339185,0.012756399715539598,2.3348331416841597,0.01270071531154722,2.3515514311974672,0.012583340946110466,2.4266799595435815,0.012561756589831035,2.2973221656253897,0.012751538228019018,2.341260052104697,0.01270115829392762,2.353160675426937,0.012586524874658542,2.4150876970313613,0.01253621449018863,2.4150864295452545,0.012536215084719403,2.415087149752239,0.01253621410815011
THREEFYTP2,5383,2.824938604735781,0.0076659959779573905,2.9630768191982932,0.007497309209674232,2.806750437946079,0.00760760563474482,2.892982364018893,0.007508013157870143,2.898909401233972,0.00743387391178508,2.972039344766358,0.00742293164590774,2.7948824636755387,0.007603629426707956,2.8859467464553292,0.007509774745785854,2.8962835724811105,0.007436784773273086,2.960775910433994,0.00742894995794735,2.9607754261378885,0.0074289513866867005,2.960775879532484,0.007428949990248533
THREEFYTP3,5383,2.637264228662613,0.00925912175471953,2.7712535613768616,0.009065906482348462,2.6214845806260576,0.009193286254231235,2.699575315486049,0.009079162946940925,2.70656814479829,0.008991412401776595,2.7801251008809342,0.008977870844758085,2.6074557879207902,0.009187483379425678,2.694018750707134,0.009080951815474048,2.7043064944507327,0.008994745033415482,2.768914759111335,0.008985391706021105,2.7689124378009025,0.008985400380584357,2.7689147470956184,0.008985391735708406
THREEFYTP5,5383,2.4790147028531537,0.010892557939892501,2.5979586813147004,0.010710111076705971,2.46322701394623,0.010829883867906029,2.5214619022699782,0.010727052833223843,2.533108098807777,0.010630224710636687,2.6066249866062345,0.01061295766394511,2.450219664457959,0.010824413843763545,2.5200182647700475,0.01072892047237406,2.531422529174373,0.010634160537257745,2.5952852882451354,0.010612788004512392,2.5952757001908457,0.010612829072162664,2.595285170153499,0.010612788219356569
TLAACBW027NBOG,2791,3.323288800108156,0.004710902477024559,3.4604321803428926,0.004561039722475129,3.407663808996911,0.004547045638495536,3.4011793669304864,0.004566369571844995,3.4957486820549355,0.004060565031386275,3.5545992394804418,0.004025174433001905,3.4127091668926184,0.004538573082754157,3.4066556147922125,0.0045661762603573285,3.496764164321296,0.00405565201028365,3.5321438569377595,0.004174852914085813,3.5321358760897645,0.004174859183841622,3.532143844362387,0.004174852950023827
TLAACBW027SBOG,2791,3.8003576323076813,0.0028401067734215397,3.8806533932162606,0.002812685624378831,3.8184962513011507,0.002786804530072406,3.811983341838399,0.0028127050679634985,3.9138375018146543,0.002511271799167654,3.9734041418456387,0.002507630036691965,3.831178407227118,0.0027715530311758895,3.8126093318935688,0.0028120812332457184,3.9153721780244317,0.002504922635518482,3.9519423450238547,0.0025735259519440515,3.951951398827646,0.002573516655406281,3.951943400359998,0.0025735254702826914
TLALCBW027SBOG,2152,3.661120416874851,0.003173159565557385,3.763287223470642,0.0031320160623654197,3.6986655503365617,0.0030844941861261645,3.701788855009969,0.0031253697313071657,3.8013939111380592,0.0027932727094730574,3.860368131129017,0.002797266628963701,3.703381230432718,0.0030800525094246594,3.7030078068748598,0.00312601515194581,3.8059485291331328,0.002792847529919535,3.8522145254915174,0.0028312233361611067,3.85221961204005,0.0028312165982467942,3.852214527003114,0.0028312233339549903
TLBACBW027NBOG,2791,3.216527007493319,0.005219869345368141,3.3566693004672294,0.005043552859220132,3.3201184339135725,0.0050018906192816955,3.2907862004833026,0.005050133579337188,3.391261929298941,0.0044963978301104605,3.4479976155462246,0.004466108939222711,3.32753909408441,0.004993503941489408,3.3009949403903285,0.005049884950738001,3.3907147508671587,0.004494360338898648,3.4272663229752083,0.0046185131004518945,3.4272645193496847,0.0046185125600237366,3.427281644969271,0.004618498761503937
TLBACBW027SBOG,2791,3.567686154515635,0.003393727487695195,3.799525906141872,0.003112718651058864,3.7713102031653016,0.0030670017979199586,3.758864595937013,0.0031088764502597986,3.855438070444331,0.002794964102096221,3.8907054079740577,0.0027997617134223334,3.779005129889381,0.003058441394315223,3.762209960557615,0.0031077140429228854,3.8579045356197263,0.00279402779872657,3.8743006678778977,0.0028333010702062725,3.8743733942609913,0.0028331847612704693,3.8742902471363885,0.0028333105343717317
TMBACBW027NBOG,887,3.7687023320474857,0.0029339486260285363,3.8533779135182105,0.0028681982960965502,3.7901006652746325,0.0028283800624462918,3.796570441358451,0.002869875095361,3.822879420324756,0.0028062945175411284,3.8778840219090625,0.002807133990307305,3.7841068885798963,0.0028289566674755684,3.7923788426620617,0.0028715294853611734,3.8261178126575026,0.0028069837608638163,3.8745177551526764,0.002812833394847924,3.874556097456531,0.002812806275543385,3.8745201767275685,0.002812832493008097
TMBACBW027SBOG,887,3.9972741427455576,0.0022566532058749256,4.1069264026939765,0.002165876064831446,4.040292535865045,0.002133190842161051,4.0269107594128455,0.002170629311580957,4.034174219621267,0.0021673095930180796,4.108311635627354,0.0021664119013370476,4.046777887806174,0.002131789022129013,4.039297094534433,0.0021696938149656157,4.042188794828259,0.002167824841565802,4.106924155718863,0.0021658453680105825,4.106924395595714,0.002165845476160783,4.106924228712719,0.0021658453282609427
TNMACBW027SBOG,887,3.3927613685561178,0.004239728319101457,3.5225198181862787,0.004107561635877143,3.421799927390812,0.00410153817412592,3.4427529972166964,0.004103671117307957,3.4540715264252717,0.004047887648598051,3.5292034053625554,0.004060029022990832,3.4111456883649645,0.00410098022784803,3.438621417444354,0.004103935649412963,3.460472903663854,0.004044958683391886,3.424215849094612,0.004290608445620484,3.4242229737101733,0.0042906012346472944,3.424215848394183,0.004290608446345705
TOTALSA,605,1.2487555121397478,0.03345058190695466,1.3417171089161222,0.03322602433473525,1.3221481781710152,0.03195128530352877,1.3244431891930588,0.032027260456131544,1.3730920239489393,0.03165274654692209,1.3507815590779568,0.03318243116972014,1.3039818697993923,0.031810559007703944,1.302792644664185,0.03203051315206827,1.3689281731281226,0.0316710978744677,1.2900916116162273,0.0320630737188849,1.2900919946717035,0.03206307812139473,1.2900916175585093,0.03206307365890819
TOTALSL,1000,3.8130225525986052,0.002531918540909001,4.0753981090760645,0.0022289093766353885,4.12104089208885,0.0021737199851073305,4.078520874120417,0.0021922927746160195,4.122751114976127,0.0020899219779638174,4.123680533433649,0.0021395236608316628,4.148611311745125,0.0021406369252760073,4.072193925178541,0.0021924686821548386,4.1194368065238205,0.002092004628357392,4.123680121983871,0.0021395242351811283,4.123680123688638,0.0021395242340985555,4.123680122343903,0.0021395242349870973
TOTALSLAR,999,-3.2915249145547865,3.026622948930602,-2.921380700100076,2.456052834191209,-2.8943259486457507,2.3834619569749114,-2.9608377104208765,2.4486021805694302,-2.839985124482483,2.223115548326411,-2.816425776907015,2.2298018611834856,-2.895411246962096,2.3841980110033796,-2.963303688058854,2.4488872243984194,-2.8372469029610947,2.2226108181612,-2.81642577690705,2.2298018611836476,-2.816425776907061,2.229801861183653,-2.8164257768970926,2.2298018611733172
TOTBKCR,2791,4.513735444938541,0.001245640450461588,4.617350090722484,0.0012463534533661016,4.539656755672339,0.0012083741306176386,4.5512137285022405,0.001238119938953867,4.567506971531512,0.0012213101733110306,4.6297261693701195,0.0012307575513869579,4.5390729416342035,0.0012085516194927084,4.558027533010011,0.0012379118529901164,4.567740102553262,0.0012215989607199556,4.605608682982378,0.0012145496154186185,4.606143055839931,0.0012142975333090393,4.605591468298416,0.0012145577627349908
TOTBKCRNSA,2791,4.266288684913652,0.001725419870411885,4.297516064872082,0.001749537370361529,4.242732877393105,0.0017067254935586363,4.247571155716621,0.001744105395433489,4.267648243840695,0.0016924550159289895,4.3248803040159185,0.001699108478545773,4.241306179465221,0.0017064970484290283,4.241153398666707,0.0017442681509234146,4.268785110495322,0.0016925103638633198,4.314625950693093,0.00170688838913158,4.315224730019616,0.001706737953354169,4.314599610182268,0.001706906704822708
TOTCI,2791,4.097324696480137,0.0018934006698880887,4.163662644092091,0.0019322712171082777,4.027922918296085,0.001890334441493556,4.108091558211083,0.001925411672161759,4.124784426280638,0.0019008255298912711,4.174830128499744,0.0019057889367296201,4.026638003756946,0.0018904603825143067,4.109287715898099,0.0019253357157863063,4.125504212788193,0.0019000547381140636,4.139434714124346,0.0019046205843047772,4.139435578834296,0.0019046199398861177,4.139434702093055,0.0019046205862768312
TOTCINSA,2791,3.8205474867862725,0.002672937151909813,3.83367638433576,0.002740191757635736,3.7442641144751323,0.0026744454353419987,3.7654883829330843,0.002738348265569506,3.7822362182226605,0.0026769860568467366,3.8548257390313214,0.0026749557244658785,3.7389307687971556,0.002675073924740416,3.7595622723169195,0.002738119703328468,3.7784876875982363,0.0026766858497371763,3.8424210466814976,0.002680220450466768,3.8426859768924406,0.0026802144918915026,3.8421269412332855,0.0026802183915801405
TOTLL,2791,4.430087542296285,0.0012654739219378898,4.573481098321777,0.001263476977336416,4.4848331093229765,0.0012150469693415016,4.508586896334619,0.0012554266153033873,4.523482253785089,0.001232195839445833,4.5908121072634565,0.001239356479287774,4.483437007815955,0.0012149323673634183,4.50489046595214,0.0012552913687805792,4.52143779474093,0.0012317491675635176,4.567288258005686,0.0012253070831929767,4.568291805596378,0.0012252897299660564,4.567280014853002,0.0012253100101129893
TOTLLNSA,2791,4.171914590020372,0.0018320828337805612,4.203149232400999,0.0018647853075640884,4.1669312618536845,0.0018051511714803645,4.132691823399485,0.001860658366573366,4.178019007551034,0.001795110815794283,4.232408059876219,0.0018033319740918448,4.167693160438522,0.001805304448698546,4.141343840783139,0.0018602478825125654,4.180538082763503,0.0017954164831526427,4.22342292361551,0.0018119449995864197,4.223995111292542,0.0018115790519813795,4.223444611661413,0.0018119131010835448
TOTRA,5395,2.4281100823105937,0.011242483416069498,2.6561050022812682,0.010713278989351989,2.432316347430483,0.010961153504353451,2.6241355154751336,0.010726326865191458,2.7209842802537136,0.009730510328799156,2.753606329378528,0.009704432571248698,2.4228467197277106,0.010963972814061675,2.622168446821301,0.010727195630768164,2.7187216458216463,0.009731891317416549,2.753055376002909,0.009707222558694835,2.753055144948234,0.009707222195023476,2.7530551887026444,0.009707222199096055
TOTRESNS,808,0.28052401594458715,0.027650513679462356,1.040465607811125,0.029120538486723066,0.08765067379181334,0.027041269389823378,0.6842539311608968,0.028516927659177002,0.5784963240375071,0.028283190354355357,1.0637779740132178,0.02909022746827156,0.09587300201625697,0.027032114879507768,0.6976866963724487,0.028461345077566647,0.5734661695400282,0.0282034158388802,0.4380533217925039,0.027008226728446594,0.7134511034034545,0.02700822672846031,0.7065844100606412,0.0270082267293766
TREAS10Y,1229,3.298838176591036,0.004132608986505275,3.908321686552215,0.003103157315005245,4.09961007374593,0.0034586032313582036,4.113920301350832,0.002937812033801618,4.157891344192503,0.0029223141417302296,3.922875123259173,0.0030809027437129965,4.115704662604909,0.003338827321941468,4.10198482324402,0.0029394281472146194,4.141147971544523,0.002922937702414184,4.1001803521124165,0.0034585778748496793,3.833170366623965,0.0035777826287764843,4.115583073590293,0.0033388297812484615
TREAS1590,1229,-1.6115384646303363,0.2201263461766454,-0.14492471911006088,0.2030218710391657,-0.6987305134781856,0.18619245403515325,-0.36999435487677323,0.190662543693217,-0.41023359701826856,0.18805255293267079,-0.11671630182179235,0.2001537487937735,-0.70148414002565,0.1856719866514255,-0.417477429486213,0.19072110705830164,-0.45307980321920216,0.18796180749570843,-0.1301602285499274,0.2013940976324516,-0.1301800686307148,0.20139438193508377,-0.13016018365183896,0.20139409553498258
TREAS1T5,1229,2.8672356069964673,0.0065994395533844645,3.01937136727433,0.006447521008080945,3.08119064028936,0.006298938444223803,3.0168582311032375,0.0063335150669685345,3.011249010935577,0.006297433403480361,3.020828241890544,0.006396899253676959,3.0837748205463567,0.006289089165402337,3.007541998275073,0.006332649456061302,2.999681024694863,0.006292153460434424,3.081071202227731,0.006298955516868856,3.024997643694105,0.006409931258285006,3.0838806257129447,0.006289082305020002
TREAS5T10,1229,2.472941693292273,0.009451711982098094,2.5777419955196907,0.009192784058714017,2.7831908819958984,0.008603295391484843,2.6494055228118354,0.008768817980650762,2.686885506103134,0.008643498630826607,2.593352145396149,0.00898396803429756,2.7545908501812715,0.008584512125798017,2.6291687498924414,0.008778777627781427,2.680433315822485,0.008642133973166011,2.7831909715097,0.008603296137595213,2.440537138254703,0.009583618966141131,2.7545908501812715,0.008584512352701225
TREAS911Y,1229,-0.9069748412252138,0.06855298569950581,1.3568612351084066,0.05593670110648098,0.42121819578066827,0.05180810850327112,1.381904709286753,0.05076725518701024,1.446249550549505,0.05093364892763522,1.383098752682936,0.05558007801538817,0.4490053183985946,0.05154947439082707,1.3848051835548465,0.050760138033022574,1.4204600338231335,0.050890513804230514,1.3492841927621793,0.05406382647817806,1.3808888541460458,0.05558354686395168,1.2959424366326613,0.05657432202885608
TREAST,1229,3.5670626165520756,0.0028048177901978787,4.603149964715296,0.0023075127947450617,4.027477040832527,0.002496735111236016,4.546436796325885,0.0022281763542801635,4.598326792743893,0.002100617466624237,4.633730300301388,0.002196916140443342,3.9935559334161295,0.002476056028335842,4.541880416185512,0.002228625006565278,4.60781561196774,0.002098129704531158,4.63373206031609,0.002196918573281234,4.633732060595623,0.0021969185724137253,4.633732060332514,0.0021969185730574023
TRFVOLUSM227NFWA,676,1.209823684849693,0.03900033156550177,1.1589633058044129,0.04018802453562464,1.3014811311501289,0.03856378708808205,1.2620801330962417,0.039649273145596395,1.331914499121268,0.03710489569126148,1.2059850439144997,0.03867724521215851,1.3255993848457437,0.038556111105923406,1.1723589628079447,0.03979172468083846,1.3461580493610985,0.03690519055578907,1.2567421962567,0.037502602116921004,1.2567405260969176,0.03750259133816177,1.260426323970915,0.03748021039382567
TTLHHM156N,844,4.348993673179547,0.0014930957457669628,4.405775503640565,0.0014657501793959766,4.424140049749883,0.001391148987784405,4.349295950058182,0.001449462912218776,4.337426146081503,0.0014597363175438062,4.400109659623612,0.0014778641400671755,4.417018658861772,0.0013902614585639904,4.352463643091827,0.0014493513020082,4.340208319015895,0.0014604086849953654,4.400666351940298,0.0014736976191271878,4.400669815549927,0.0014736980648828815,4.40067120052327,0.0014736969407906076
TXICLAIMS,2106,0.14711952656705768,0.1021067284528212,0.1326418027348701,0.10550088131304237,0.09126816970611666,0.10119662955029267,0.03635373283347599,0.10381809428594892,0.15775088414958016,0.09661461219754962,0.2154497683347017,0.09866420554369364,0.046310002300583186,0.10123901619439554,0.02990445541990105,0.10383805080634693,0.151363285898868,0.0966047336215022,0.1949066922725883,0.096913050652689,0.19490669549592948,0.09691305058926657,0.19490669225467952,0.09691305065308736
UEMP15OV,940,1.2844420838832016,0.03150173661710301,1.5128232351657447,0.03041512276053641,1.3350374503486393,0.030332095476831095,1.311205875931142,0.030421357963548903,1.3296843443240698,0.030411695725575505,1.5071445115815094,0.030406195529906827,1.344708601109835,0.030232250283491944,1.3166993472438286,0.030415148242632112,1.326222992961978,0.030404613288135027,1.4933936183860341,0.030739210419514343,1.4933469331742972,0.030739602522700932,1.4933935680209849,0.030739210472926926
UEMP15T26,940,0.8781052719012097,0.04816816835381692,1.032080638807209,0.048335327300204865,0.8709784966465969,0.04719863091930928,0.8647652413166914,0.04841558667453474,0.8804326327191427,0.04786099062466001,1.0356631067091153,0.04780228294901982,0.8819511781591062,0.04707975514707472,0.8640113986476613,0.04840495347967724,0.8820762117455896,0.04783349087084868,0.9854144961894082,0.04703864671544342,0.9854214463831865,0.04703856707659243,0.9854143837562227,0.047038649260647714
UEMP27OV,940,1.104067445372642,0.040172083620501974,1.3346760397319848,0.036462247572549865,1.245268075536752,0.036875141308094925,1.2613576909531663,0.036669481952222985,1.2572539806412908,0.03671064221043228,1.3365559147686392,0.03660328615684999,1.2526069817118117,0.0368345242908504,1.26179617623888,0.03668560976425597,1.253072609074595,0.03672354583227216,1.2999417899540626,0.037383921666362604,1.299941834273123,0.037383918156594254,1.2999418705145382,0.037383915209909586
UEMP5TO14,940,0.9137947759548923,0.03881834330681421,1.0598603630817318,0.038751884361150526,0.9037254599601228,0.037627204483696754,1.0012779294739482,0.038636684446430127,1.0420622838413287,0.03789168546394161,1.1077686694404403,0.03808491056122033,0.9123235459609016,0.03760278506781135,0.997546806589433,0.03856163294841597,1.0327402787384423,0.03779227913680299,1.0141535369334307,0.039244245608767804,1.0142426337598336,0.039243025442199646,1.014166101028112,0.03924410698586361
UEMPLT5,940,0.7439075756078728,0.04108182016181046,1.2076643894878933,0.04250891790899923,0.5741068426500505,0.041259580405904286,0.8285844532651792,0.042432956984537404,0.968637908280744,0.037805475609977476,1.2950058232222572,0.03803363115540608,0.5814910339984178,0.04124837485076376,0.8052337263471041,0.04241904187739061,0.9632364058217274,0.03785215316767076,1.2463007836230633,0.03886698423766227,1.2463209587509276,0.0388668012266839,1.2463053636836463,0.038866959401106245
UEMPMEAN,940,1.4080530920523537,0.024175419984531644,1.7330132620180956,0.024438507086110523,1.333140281036589,0.024056760744892873,1.4034604378727373,0.024434779034786407,1.4113830098255271,0.024033708641608358,1.7452484138741677,0.02404737638595532,1.3311491201970136,0.02405737970599531,1.396998458111555,0.02443085228752155,1.4145214571883398,0.024026532742258543,1.6668975157174821,0.024579852838666576,1.668194528255669,0.024580770678436687,1.6668974804885113,0.024579853363975057
UMCSENT,672,1.471294948389932,0.030542472419155735,1.498881898523146,0.03067133137005028,1.3454037813888158,0.030614728525446076,1.3508232003799239,0.03084973980036897,1.3541582400339516,0.030885256448746855,1.4963607122926366,0.030737100254394287,1.338820612892485,0.030624291831423893,1.3678428386464578,0.03083785057220698,1.372859513320691,0.030887481993553408,1.5062005142614765,0.029390040884139157,1.5062005142498798,0.029390040884917888,1.5062005142606902,0.029390040884145926
UNDCONTSA,676,3.028957540245542,0.006195332051719645,3.166607364832726,0.005710670621425733,3.0550085626172785,0.006106082992996332,3.0018089858309387,0.0057368697153702365,3.0739735609759293,0.005529070125106141,3.2001424207660025,0.005512768096719218,3.067957894074733,0.006077063885611699,3.057864445573409,0.005734964484302931,3.095020766248222,0.005529970787341824,3.199893515955433,0.00551395670368789,3.199895412447226,0.00551395121253924,3.199894611060009,0.005513953485090465
UNEMPLOY,940,1.2426138274619813,0.019897064744811958,1.7277756310809202,0.020020276424107804,1.3441829672657337,0.018808453710951103,1.2684938432235915,0.019884327216944872,1.2853700501838499,0.01988861820959099,1.7024419195953457,0.02001949917302365,1.3493519771703268,0.01879693533890319,1.2764316862096863,0.01985059299119993,1.291573424693585,0.019849357290700816,1.7124136927625628,0.020089582465682623,1.7125435638959043,0.020088715714170514,1.7124136866731041,0.02008958266416884
UNRATENSA,940,0.9695377508524262,0.044512976894951296,1.041552157268932,0.043853899198374756,1.0688417392725555,0.04264156436289108,1.0536557789261791,0.04284086772620768,1.0644993880531795,0.04297509110938622,1.0439899811260789,0.04403023385194836,1.0830826932391302,0.04249946828156595,1.0641728052818258,0.04282067484040872,1.0689545279748365,0.04300187216626414,1.0085664480378849,0.04235970081848433,1.0061102125327697,0.042353579137684845,1.0202678460713916,0.04248905329242282
USACSCICP02STSAM,796,1.4608892056462441,0.02900903204087262,1.5339978011207034,0.029436205336211333,1.4804147347264816,0.02912483691547922,1.3613084505384838,0.029443101265867074,1.3584717766066408,0.029574432411808158,1.5288953997261,0.029578861275700957,1.512796774446704,0.029035428955752195,1.3776633622831043,0.02944546237910236,1.3741540699522725,0.029572127199263283,1.5337814846911526,0.02944422692915763,1.5337820948182195,0.029444227051088685,1.533781412520647,0.029444226867472566
USALOLITOAASTSAM,856,4.211231245641012,0.0012721787830560838,4.602399077942098,0.0013008798129612684,4.259148741599734,0.0012481255900319323,4.303806306985679,0.0012885850641041056,5.323891074163183,0.0005859987171383907,5.344093622180739,0.0006165930211990249,4.266092333601464,0.001246229982380358,4.315697111298424,0.001288647466977922,5.335960345760885,0.000588305083706897,5.344093622180072,0.0006165930211991184,5.344093622180739,0.0006165930211990249,5.337837880488085,0.0006170041608562823
USALOLITONOSTSAM,828,4.281230476626312,0.0011648669387747152,4.702101793913873,0.0011867578418731201,4.302919144384342,0.0011526589477178048,4.369800400083729,0.001181821416488288,5.39656528591527,0.0005398080102939092,5.438705321503079,0.0005645852663962568,4.311256212226965,0.0011510379893672322,4.385467459858593,0.0011819223959528581,5.414152243128818,0.0005418852300811757,5.438705321502759,0.0005645852663962942,5.438705321503079,0.0005645852663962568,5.431591276859846,0.000564965678016954
USCONS,1049,2.9925611978960642,0.005310736093757347,3.517539512401613,0.004136046390324591,3.5713952227581562,0.003945333525556201,3.5141419940053416,0.004034930437668559,3.5026737749919294,0.004037236636868992,3.5147236862672493,0.004152551509146662,3.5751687897726256,0.0039428130382392155,3.5087970507871193,0.004036032564160031,3.4945566246320063,0.004041747759677697,3.5155312081718453,0.004146324405684761,3.515546136149023,0.004146314618782297,3.5155325466659253,0.00414632362997552
USEPUINDXD,7864,-0.8747802389215142,0.3160579040586012,-0.8499687880746696,0.32007336432132166,-0.9127984385914267,0.3141500592099729,-0.9206992394266338,0.32036180028985534,-0.831799193872537,0.2954723386692865,-0.7697259374048402,0.2952825795809594,-0.9127924711109303,0.31408473624773464,-0.9199089844219065,0.3203719902410043,-0.8313979124744119,0.29549571257550444,-0.7812512647849019,0.2971919697913112,-0.7812303231646467,0.29718996710835166,-0.7812512521281798,0.29719194843617147
USGOVT,1049,4.199302928101474,0.0016210989867975684,4.583534236986265,0.0013612713232761288,4.599628072648839,0.0013182182645468004,4.631219527072861,0.0013129016483337942,4.625913979343505,0.001328021198515143,4.581440464180567,0.0013808410273329706,4.605991498593885,0.0013104312828417998,4.594426218051982,0.0013144572476754676,4.581850924623746,0.0013300616442988922,4.5832779458220685,0.0013627064507782498,4.583433006876824,0.0013626521818003955,4.58332161853056,0.001362685829935515
USPRIV,1049,3.2358992961568496,0.0018823917602697581,3.8344435518858777,0.0016446382124218637,3.7745399416420704,0.001488806917072536,3.809211769197502,0.0015883825876398352,3.8638852234913705,0.0015121597108579835,3.882711212202416,0.0016162387891409972,3.770317680496083,0.0014905843446927287,3.812772464402193,0.0015916865913775358,3.8573019276794853,0.0015166578695986772,3.8617492530378774,0.0016493009638343151,3.8619127428259215,0.0016491302329768726,3.8597759699551486,0.0016520244586382378
VAICLAIMS,2106,-9.5432840821082,1177.0527249427237,-8.966305652561182,1108.7052483498442,-9.349974803051255,1066.3900199326367,-8.864212999289274,1063.503816322319,-8.91621814108134,1033.2256995464395,-8.900421120830774,1085.5458205604439,-9.368758642341422,1063.2223683421093,-8.902472637205461,1063.7525214595416,-8.943445232106342,1031.7250157199503,-8.952738209139792,1082.3085791007516,-8.94146689434856,1097.0897643196417,-8.951490366657197,1091.4346282006604
VIXCLS,5446,1.1061494950076163,0.04181860676952304,1.120433678403649,0.042510081381868736,1.0842043877536702,0.04163480011262,1.050185166742409,0.04236622951296946,1.0461457793559463,0.042303719679507225,1.1218086836422827,0.042428693885086986,1.0609343846900756,0.041639822743114015,1.0386398967851809,0.042378575257530034,1.0382901825333593,0.042313587758080626,1.1418060949309072,0.04007946912141245,1.1418060949309399,0.04007946912141244,1.1418060949309072,0.04007946912141245
VXAPLCLS,4053,1.2421658353796954,0.03629983165400363,1.2388727488342353,0.03674440009699615,1.202578768160399,0.035813161190485755,1.176426576446747,0.03656533855838006,1.1837887214324438,0.036471346705777334,1.2398071216886866,0.036705352728643205,1.1962636965098874,0.0358128845896754,1.1739565583476284,0.03656900044554955,1.179039095621031,0.03647891124323407,1.2773621929196943,0.03491264253708112,1.2773621929196943,0.03491264253708112,1.2773621929196943,0.03491264253708112
VXAZNCLS,4053,1.1553157834520578,0.03596068350745023,1.1286460568266437,0.0366542501872428,1.1490846818045155,0.03495383351394693,1.102715591510845,0.036124444311278245,1.1096070099940922,0.036106766069501695,1.1297257741380373,0.03664335032041439,1.1421825030806076,0.03495648586902036,1.0950703760943088,0.03611988529172962,1.1015917085370102,0.0361012157084808,1.184962499465156,0.034651889268175744,1.184962499465156,0.034651889268175744,1.184962499465156,0.034651889268175744
VXDCLS,5417,0.9637186226696995,0.04311758522020497,1.0725684979741714,0.044464475153618246,0.9138434013234311,0.042840135085348764,0.9440976529406182,0.04405619441253241,0.9719829052331975,0.04346254950627867,1.0881018910672848,0.04384937993985942,0.8975464773146423,0.042851831053505714,0.9371719447192641,0.04406301647944998,0.9664607106102933,0.04346837772170054,1.0247984309994806,0.04136736802054697,1.024799170796509,0.041367368074344,1.0247984265392884,0.041367368085051016
VXEEMCLS,3853,1.0782812280385878,0.04047248604587453,1.1491109436904994,0.041403624519603846,1.015021173357817,0.040321610358381554,1.0435842845078012,0.041166659861315874,1.0677307645243657,0.04060399109351263,1.163478373665935,0.0407516607992096,0.9963705920757431,0.04029873536378292,1.0377520513108751,0.041172863745201904,1.05834241002502,0.040609517911603034,1.1161578082473531,0.038784829943581636,1.1161578082518921,0.038784829943530406,1.1161578082476185,0.03878482994357876
VXEWZCLS,3853,1.4973366310710174,0.027833232000918223,1.5315793430046263,0.02813208842564632,1.4480504365100642,0.02744862658069247,1.4573855333876347,0.02799104655387351,1.474267957189695,0.02781420189301578,1.5396815347652895,0.02793068203370145,1.4428054852989607,0.02744578652852627,1.4596990034675474,0.027989850517139554,1.4741477293688237,0.02781131576473538,1.536757988798445,0.02672934403166224,1.5367580031556691,0.026729343918797863,1.5367579918360137,0.026729343995299703
VXFXICLS,2747,1.2980066714498268,0.031884479544798124,1.4519644549211208,0.03227699101813075,1.225094745686249,0.031788073311619765,1.3478027884651957,0.03214733459217015,1.3624262698797447,0.03196619164384052,1.4571135148665002,0.032089111993960924,1.195068477215776,0.031751926599516006,1.3353569200032536,0.03214947700336783,1.352562578923645,0.03196234188808655,1.4185096813583788,0.03113964365499267,1.4186277428356695,0.031140559133111825,1.4184479526018356,0.03114028993962074
VXGOGCLS,4053,1.1342960601445924,0.0387972639162413,1.1188367335756781,0.03947186270297467,1.0883738938342786,0.038285644255716816,1.07867506520336,0.039155102835028946,1.0987779070647579,0.03880311843692605,1.1247897703527234,0.039154244366976516,1.081607396238409,0.03829048774255609,1.0768085434937715,0.03915526321133732,1.0946782835168039,0.03880280561689732,1.1691779948318644,0.037260593156733385,1.1691779948318644,0.037260593156733385,1.1691779948318644,0.037260593156733385
VXGSCLS,4053,1.3198213563805574,0.034245501794045945,1.3747546111017201,0.034252645420264745,1.3343305872766265,0.0338572392782252,1.3360608857517244,0.03415114413632016,1.3365571214540495,0.03402893291679274,1.3772546996551143,0.03413459533920681,1.31600040474939,0.03385162524530486,1.323763159511317,0.03416487992076944,1.3248532970094509,0.03404293255267459,1.3539041366955746,0.03297017384331419,1.3538677654627898,0.032970603963411144,1.3539041142773167,0.03297017384760152
VXIBMCLS,4053,1.1286573169798606,0.03769987426527967,1.1268273885342561,0.038341627711982657,1.0943108663640928,0.03688615580771491,1.087130384916116,0.037796982511057495,1.1201918446504255,0.03747215649261105,1.1318842076088473,0.03817120458054433,1.0803007117303576,0.03689269650203481,1.083870984935406,0.03779897943094196,1.1166299454385629,0.037474620156393225,1.1608296400594456,0.03634405445169308,1.1608296400594456,0.03634405445169308,1.1608296400594456,0.03634405445169308
VXNCLS,5416,1.288692247466396,0.035439663901215834,1.3039470460901186,0.03597596556193338,1.279556969056396,0.03533240487766885,1.2290805249365795,0.035920918742244616,1.2271086889140848,0.035886946979489,1.3053867904041845,0.035932856529375744,1.2672670110948518,0.035329229915820985,1.222477149516326,0.03592455941917294,1.223419307967498,0.03589073725078069,1.3236625339907313,0.03402461556891664,1.3236625339907537,0.03402461556891664,1.323662533990731,0.03402461556891664
VXOCLS,4210,0.9660533207201097,0.04837303723466495,0.9798650196977721,0.049307189956893455,0.9394085274808393,0.04832378573210106,0.8897749247186801,0.049207370448226574,0.8999033719043927,0.048826905308652475,0.9867564775005291,0.04891658775144234,0.9176911691414984,0.048323320303882616,0.8910566618913898,0.04921140362619697,0.8968655239250665,0.04883509832827366,1.0026730322388893,0.04639679625489626,1.0026730322388895,0.04639679625489626,1.0026730322388893,0.04639679625489626
VXSLVCLS,2747,1.4919229785118826,0.027595205657775148,1.5557196451609687,0.02777906282773272,1.4536613258676858,0.027161336667354402,1.4942385802232283,0.027544402056513234,1.4922670740360955,0.02753519712930126,1.5564948358029524,0.027789842753516283,1.4462967482297238,0.02716042900730134,1.4817588366218621,0.02755111110001892,1.4849126288950856,0.027539429806210273,1.523412395364902,0.026457754975607702,1.523412395364902,0.026457754975607702,1.523412395364902,0.026457754975607702
VXTYN,3865,1.5396017045368195,0.027132119627679106,1.5644376851380681,0.02773518507722491,1.4536060620184648,0.02714307331592002,1.4835436491038465,0.027734137124945175,1.4744920591166222,0.027757010356954617,1.5628567306624588,0.027759632820650523,1.4432681551804718,0.027154283079466542,1.4715820179578643,0.02773574423343604,1.4686428395306745,0.02775735124496412,1.5708553443914663,0.026035580958169005,1.5708553443914663,0.026035580958169005,1.5708553443914663,0.026035580958169005
VXVCLS,4679,1.5780439717001533,0.026006894538800614,1.614695801345507,0.026162124624786235,1.5500181980323182,0.025756040312973603,1.5512112606454056,0.02605925031858829,1.5469146488881487,0.026082693988968435,1.61361799565257,0.026186062257548357,1.5382410831501119,0.025739701129431348,1.5450842308277215,0.026063814126966737,1.539339659529198,0.026087915448401507,1.6102425375519265,0.024949569663452027,1.6102425375519265,0.024949569663452027,1.6102425375519265,0.024949569663452027
VXXLECLS,2747,1.4082767448750335,0.0317756074846547,1.4065556996096868,0.032216601107788394,1.3445965955479864,0.031653120277608804,1.313102652075032,0.03216908167701832,1.3187578927055803,0.03224015230228286,1.4053471092213665,0.032278827413460255,1.3382313805659738,0.03162729631723082,1.3194528427476182,0.03216539965219042,1.3235244222492468,0.032238083670037235,1.4378397782046444,0.030666193909371788,1.4378397782046444,0.030666193909371788,1.4378397782046444,0.030666193909371788
WAAA,3364,2.582612169652136,0.008198390475229536,2.937525358681083,0.008074541289210629,2.673484093808364,0.008154558646806498,2.7872081615605095,0.008075227092643947,2.83109673776231,0.007902797675010098,2.9705368700994743,0.007902342829080382,2.6681562072197726,0.008151918518391359,2.7828334930206187,0.008075787047195573,2.8226325059088584,0.007904985677637937,2.970534882755316,0.00790234916500166,2.9705348842752244,0.007902349164239377,2.9705348823162225,0.00790234916568049
WACL,1229,2.975397793775842,0.005971985840668231,3.267787598087337,0.0052176702803803585,3.1444266462253254,0.005461313089290944,3.207402578981855,0.00522321082115641,3.305029161637733,0.004589480831911585,3.3718288649532364,0.004580041598810518,3.16839719553387,0.005410120303862008,3.2133689295313173,0.005224625691394607,3.3005889319906934,0.004587051202667694,3.371229990760339,0.004582858425891521,3.371230438726438,0.0045828571044052545,3.371229919300887,0.004582858601750876
WALCL,1229,2.908600258779827,0.00595217877866643,3.8636638795690352,0.004210423025154896,3.480604962555485,0.004662928829529809,3.7920406872266743,0.0041578382578427615,3.8075592799841864,0.004212243869517127,3.8651899358047848,0.0043178060253042175,3.4909056170534125,0.004560257896379544,3.815437618057081,0.0041344504935461,3.7775938781618588,0.004216934515761819,3.850199401672456,0.004384697178981877,3.8502025952489682,0.004384685972008704,3.8501964117329996,0.00438470794352942
WBAA,3364,2.8410561237913727,0.006528075603886938,3.1485820891341976,0.0064421874934100865,2.9341330753365993,0.006462960022631924,3.0272529945268727,0.006446549390933168,3.086542380152729,0.006265225868780804,3.1891424605078234,0.006262130908831425,2.935723554818104,0.006460913332892406,3.031064705131605,0.006446029438011115,3.0842116115296605,0.00626592450889804,3.1886661049125307,0.006263517829349362,3.1886661349265504,0.006263517786122928,3.1886661049051988,0.006263517829360379
WBUSAPPWNSAUS,1067,-0.31870867791294916,0.12953981557840116,-0.2905743049448641,0.13602374299023623,-0.10351928839928738,0.11827104628308008,-0.14910267451512146,0.12276012342478179,0.0892964004522922,0.11376291512542461,-0.18846116952733358,0.12805173852335558,-0.13016980877225245,0.11772871498091766,-0.14732555814044987,0.12279262322594854,0.07868326042964935,0.11376960090281948,-0.09390745027992797,0.12072870336396756,-0.22389077748808767,0.1252078812707993,-0.10095684505419823,0.12046847495480968
WCPF3M,1517,-0.05825798201756551,0.05070001991302951,1.4503916901749256,0.04772085130776438,0.610599745387901,0.04979026013950098,1.11384621004968,0.046591004929742434,1.1964105266027276,0.04581275607286776,1.4631890652082227,0.047337598802526894,0.498479423388911,0.049736610809803974,1.0551125973891549,0.046599230986978414,1.16518277286363,0.04582334814671433,1.4625462348394618,0.047348145631756614,1.4625695601557587,0.0473481481604236,1.462546198531563,0.04734814577721528
WCTCL,1229,2.5777107635165764,0.005634392296291996,3.7058719003192406,0.003731396116739331,3.8669411372920983,0.0034424576959098127,3.9453453191575667,0.003391179130005006,3.9606840016666287,0.003324390545187436,3.7204442252306076,0.003660197596514169,3.762970894027066,0.0034210914483108973,3.9277898291269557,0.003370982047228936,3.945341816853103,0.0033038718932665067,3.737850832464541,0.003774697492985628,3.6584813577939213,0.0037741052606140198,3.670123339322671,0.0037663171138157914
WDDNS,2682,1.187185176384692,0.034993673335598496,1.5988033337037324,0.03329540930917887,1.391347301365263,0.03422290377449629,1.5526626721159753,0.032832595942650554,1.5777145445041427,0.0327776058545141,1.6124057478372773,0.033187064373572904,1.3806567799045877,0.03423725653753059,1.566480371397823,0.03287458855324061,1.5818936913774693,0.03282894776960894,1.5517583488569253,0.03296517130170075,1.5517583268398218,0.03296517137069476,1.5517583530825954,0.032965171260052634
WDFOA,1229,-0.16086380811823983,0.12786898680466108,1.2712662881236336,0.08976599426212788,1.3646660138602464,0.08646905491329922,1.7694284229777089,0.08304577664921982,1.73802253529819,0.08417849564745401,1.2854532592412764,0.09085502272685143,1.0796761667262686,0.08675428274445353,1.660709634857467,0.08304458113237809,1.6479728907545885,0.08433044611602425,1.769207564769716,0.08304606440834068,1.285453259379262,0.0908550223712933,1.56771350976937,0.08864913447031453
WDFUELUSGULF,1047,1.6548471381035192,0.02408020844354544,1.7591638334740118,0.024050861452702858,1.5456048242866203,0.024106911536599045,1.6371255879417184,0.02411142043505582,1.6660995810189272,0.02373884185427896,1.7742546222662126,0.023701820043797173,1.5253779193374797,0.024122210772154075,1.6521748362047237,0.024107758415458425,1.6718692460167512,0.02373597689187469,1.7473756746924511,0.023851652157872858,1.7477152647168575,0.023849935909497806,1.7474448909478748,0.023851312991441463
WDTGAL,1229,-0.8238494155892081,0.26028674485658987,-0.28559540502219427,0.22949676357915058,-0.4564267260126203,0.2407045339678346,-0.24177930286724947,0.22682912729042015,-0.2415703834219731,0.21145237720546317,-0.2628720041131909,0.2170074404602362,-0.48220233676445595,0.24055117590693037,-0.24961202579228295,0.2270350528900342,-0.24462593133239974,0.21160749490248157,-0.3204602892781742,0.21889094847028398,-0.32047036149643804,0.2188915739645681,-0.32046002144852936,0.21889091768986096
WFII10,1227,0.9482659634229447,0.04917901551434077,1.0250813588606158,0.04944228023783531,0.9283476974727256,0.0487195430920179,0.945739024460697,0.049337310644716366,0.9692609470116665,0.04946680599396798,1.0241243805356521,0.04964100346285346,0.9294924382053759,0.0486910595968748,0.9547969601295765,0.049329076978937875,0.9637119610998218,0.0494732127864856,1.0103321274788695,0.04949257252630489,1.0112254516332733,0.049492543193640104,1.0103334439495726,0.049492510714299755
WFII20,1145,1.082267198276535,0.0438627864174713,1.1098580736376336,0.044437471193344256,1.0575412254452987,0.04374542559927058,1.0372522255317393,0.04438605701713622,1.0349072651597702,0.044443870933421406,1.1060013388602186,0.044540091137690065,1.0666340315840408,0.043636127339636684,1.0297930526641756,0.0443967066525426,1.0259078269810222,0.0444785143905271,1.1026032318362018,0.04285052262933424,1.1026032318362018,0.04285052262933425,1.1026032318362018,0.04285052262933424
WFII30,854,1.1431385891853754,0.039972407986061866,1.1826348953509427,0.041050064511681646,1.0999841627125875,0.03998407578678652,1.0449597421096761,0.04099634006926234,1.0554960299701697,0.04105932217771501,1.1772007434892893,0.041200923138853686,1.0888874491065683,0.039945295662452446,1.0471225063198573,0.0409955238047498,1.048022631412148,0.04107084574652812,1.1632492480139074,0.03905373138599217,1.163249248013909,0.03905373138599214,1.163249248013906,0.03905373138599219
WFII5,1227,0.5064159457495822,0.0609153895270477,0.8521164364750355,0.05925204034121799,0.6046621635418555,0.05693608565116111,0.6019395628969927,0.058666481138502605,0.6831271385278797,0.0587255154760131,0.8519049170815329,0.05934414976965088,0.6121471782853448,0.05670472343792997,0.6177798980002291,0.0586101494941831,0.6248446477997573,0.05868795621916532,0.8497121253764249,0.05951204757747664,0.84974936920312,0.059511141688788266,0.8497019306063649,0.05951230328679973
WGS10YR,3366,2.0931710631345632,0.014161292311049692,2.386512125677728,0.01390213470001024,2.1440003050623897,0.014111050399713467,2.2604445394638444,0.013913305913763649,2.285980075580109,0.013784609681654127,2.3993599692886907,0.01377731156698517,2.133236701802821,0.014108528003209005,2.2713976964126847,0.013913623909422223,2.2863837450751854,0.013786741680196352,2.397432849687284,0.013797310641150012,2.397432815276974,0.013797310757621877,2.3974328716076196,0.01379731060150251
WGS1YR,3366,1.4694808578896867,0.023584430569298483,2.016009607611954,0.022236406739056493,1.6619621878477988,0.023364336859426123,1.9414448868192955,0.022180346822226422,1.9535377327109502,0.02193546771623488,2.032296715853148,0.02199858085819148,1.6321725190587741,0.023381302915755187,1.933613364372185,0.02218439933847444,1.942846237565854,0.021942113047945966,2.027625033086305,0.022016554138940662,2.0276276687120762,0.022016547647198362,2.0276250326805147,0.022016554139795794
WGS20YR,3015,2.233132250636419,0.012284744649909984,2.4809320823588243,0.01214708363968707,2.2965710921874747,0.012238169066479593,2.369115578995596,0.012151787144447753,2.3840402972153125,0.012038069880824355,2.490606825388797,0.012041541014613109,2.2858896334604086,0.012233531883598981,2.3641744802891114,0.012154125630408744,2.3806842656096725,0.012041127698045495,2.4898110166678564,0.01204986575744843,2.4898110732021874,0.01204986521771929,2.489810942719205,0.012049865914504469
WGS2YR,2614,1.4944790810510433,0.025197694196671377,1.9250853391722038,0.023992557753160247,1.6083118220376427,0.025198353194604207,1.8162194482783571,0.023974192655840082,1.8246719992173963,0.023864547161456987,1.9326366404769675,0.023887418237556787,1.560645244134278,0.02521236770963953,1.817574540940758,0.02397379592955861,1.824161573365935,0.02386406120537267,1.9325691730672758,0.02388731052397764,1.932569227536914,0.023887310220920683,1.9325690862595628,0.023887310320479898
WGS30YR,2577,2.346486267827029,0.011926450199031696,2.49645756103164,0.01189151724653178,2.298127288960719,0.011958908116928946,2.413075647407747,0.011897691695673849,2.4124328385249743,0.011820801526290229,2.502975072241657,0.011809067398237165,2.277815487275182,0.011951341136584083,2.400437666184451,0.011899498924065926,2.4090405138355084,0.01182242888955994,2.5029679682959056,0.011809175132497216,2.5029677736636273,0.011809175761176441,2.5029679922991526,0.011809175634864624
WGS3YR,3366,1.6127300379954514,0.021648841584342,2.050611839175655,0.020758345696027428,1.7507624914498106,0.02163355527521999,1.9498679039032725,0.020753857764877582,1.9796681883631828,0.02058150928898262,2.0652634294949577,0.0205899422448131,1.7200386929113838,0.02164220783514651,1.9487374019929473,0.020754967771526148,1.9699850438851938,0.020584607844651034,2.064931724448422,0.02059251722573338,2.0649622387917446,0.020592401617091808,2.0649358724659908,0.02059250507104308
WGS5YR,3366,1.7876476250878517,0.018477415465028582,2.1660078225909234,0.01790623920437002,1.905510919585611,0.018463379391362906,2.0594456782401926,0.017910131711522594,2.092697796892664,0.017731748728572073,2.180576320522516,0.01773539060460131,1.8751283730104187,0.01846721926156411,2.05691229017953,0.017912474293259463,2.080987798205548,0.01773757465767575,2.1733086477148307,0.01775670798444748,2.173305352777324,0.01775671934753602,2.1733086623533477,0.017756707905458177
WGS6MO,2340,0.918763963542423,0.03591029915723148,1.8921518753037376,0.03281605739529658,1.194765641952502,0.034964808117090594,1.7747536692901849,0.03243468206903886,1.7859823451030514,0.03218563938172085,1.90095888063084,0.032584664369414165,1.1256673042306926,0.0350091733033771,1.752335199240944,0.0324410711871576,1.7598718312764472,0.03219819202970776,1.8922520121933093,0.03280059103083555,1.8922747606741848,0.032800506019715465,1.8922467398767169,0.03280062397697544
WGS7YR,2975,1.9227197306508306,0.01709938991680424,2.2136451195228037,0.016755501196412368,1.9181976776334833,0.017119242323701378,2.1252631495890695,0.016775403479283184,2.124857479289814,0.01667245460437256,2.2235404046487157,0.01664763542073198,1.87327928113659,0.017141229189909922,2.1195059869402053,0.016776387046748817,2.1216613188738487,0.016673487595107818,2.2065636393511534,0.016660353446015918,2.206578595993233,0.016660276454634308,2.206557204189884,0.01666037084836942
WIMFSL,2139,2.920023124406114,0.006580704507053086,3.149236347084495,0.006116678619997957,3.0630604111236432,0.0060971502947682445,3.0760128595522636,0.006118401260281515,3.094535608394789,0.005925188856954122,3.1668760554914974,0.005932832464416689,3.063945004677026,0.0060961710118952305,3.077778069744767,0.006116394342022697,3.0950412561594196,0.005924894080704529,3.16679892378641,0.005932721905094485,3.166803798673598,0.005932708247418985,3.1668028897530984,0.005932709655526531
WJFUELUSGULF,1892,1.600335825640148,0.02582312777021232,1.6629693658990097,0.0259769165834544,1.5329685481803763,0.025788674417987895,1.5680289149166502,0.02601813557091574,1.5847098644040083,0.02581020192400027,1.6700850648016816,0.0257824534433363,1.527713499635579,0.025784244973972824,1.5717048763615333,0.026017751582360537,1.5860463098797066,0.025809528933007194,1.6571056341447388,0.025650211250740497,1.6571122940588148,0.025649810629432737,1.6571155756970313,0.025650132446458102
WLAD,1229,-11.112103060936665,1253.0381973196247,-9.68670415533747,1243.3439316081246,-10.124371660536081,1279.0351156266577,-11.175849067386633,1245.0119797218013,-10.035480551713276,947.2972921107677,-9.584419063955433,962.176853877502,-10.066291645285055,1274.3317612065325,-11.168208583680336,1242.6224061858902,-10.17305273751685,942.2922049862556,-9.446497397474438,934.9498754574971,-9.801654828798666,928.7904018069528,-9.485740957533052,952.0705303571858
WLCFLL,1229,-11.146174779678297,3829.233868192434,-8.779547304564643,2651.807282411726,-9.423952973947284,2701.737510174736,-8.477113247859638,2227.827799084925,-8.467440276884147,2213.207180746362,-8.765033382720766,2668.3331781965644,-9.413399693278537,2719.452260293122,-8.481306374331512,2213.2305794359354,-8.488446142945993,2198.2343369254745,-8.477738050780994,2227.8283652385608,-8.765033506797174,2668.332501182149,-8.501802555291688,2220.1590858935097
WLCFLPCL,1229,-11.872285510385554,1448.6465013049258,-9.487815250550002,1223.9225018790212,-10.336298274703733,1123.682236190837,-9.10420397908244,975.315500964276,-9.23454621681902,993.5302041106605,-9.461730877534839,1221.755713966091,-10.335596914007352,1131.1428832423333,-9.09274036108576,974.5125828125839,-9.207040274215611,993.76339626379,-9.104517726522976,975.3132564717491,-9.461729880648337,1221.7557139660858,-9.102842568008363,976.8051280402476
WLDLCL,1229,0.4843093046462607,0.05965851737180176,2.4031345846871552,0.016286703841586675,2.0249136172839326,0.02993210226267765,2.4029458793398155,0.01563144067226072,2.3927308958338314,0.015835338187423668,2.4337488653402457,0.016424250115575256,1.9469949060917437,0.028742432996780372,2.4177830307244497,0.015386329803482897,2.3825224718558635,0.015737787820890102,2.4337488653402457,0.016424250115575256,2.4337488653402457,0.016424250115575256,2.433748865340347,0.016424250115574926
WLEMUINDXD,7864,-1.485016421252326,0.595799646349159,-1.499140082418389,0.6086302427348762,-1.4944755499264049,0.5955916153258086,-1.543274704243075,0.6091444825331086,-1.458591053967845,0.5587559615496862,-1.4169006354956462,0.5580859994705507,-1.4995737937755993,0.5955806445480872,-1.5435216060177823,0.6091891141189115,-1.459883329160509,0.5585532430460092,-1.4362870493636137,0.5669680092827915,-1.4362870493636137,0.5669680092827915,-1.4362870493636137,0.5669680092827915
WLFN,1229,4.561219985567051,0.001334306070079974,4.6589811779886325,0.001301551716075052,4.65355900188443,0.001276906738977843,4.585187959657819,0.0013028231672983868,4.647952816430795,0.0012559635120802273,4.6944858671684075,0.0012544916912773823,4.655058334799927,0.0012738992247208947,4.594845631419215,0.0013025998913576567,4.653648795496273,0.0012551823284830265,4.616057881713645,0.0013725386650242487,4.616057922878696,0.0013725386473592786,4.616057882224661,0.0013725386646750992
WLODL,1229,-1.5988631644765492,0.46138783000112726,-0.3088918063712015,0.3626684351250785,-0.905401988417366,0.4054752911604464,-0.2724161297298212,0.3606745387397864,-0.2385553661831466,0.3329354634595202,-0.23682353453176896,0.33391480357507786,-0.9638045457755628,0.4039696850076316,-0.28598225109759823,0.36094920346052856,-0.24772802364896254,0.33303510634888805,-0.23681504210758336,0.3339404190151747,-0.23681438918104747,0.3339404215120242,-0.23681439054121076,0.3339404219902438
WLODLL,1229,0.23881107332003584,0.07659397145885198,1.842613900081818,0.02502254942735424,1.4732021127631094,0.04167453862052853,1.7778526771879186,0.024790357280706214,1.7591606437528469,0.0234650711423404,1.867644772859795,0.023675164872984513,1.4663752126948866,0.03965716996834505,1.7967515428358543,0.024427087267708213,1.7624266721431883,0.02319151987658638,1.867644772859795,0.023675164872984513,1.867644772859795,0.023675164872984513,1.8676447724393712,0.023675164872933047
WLRRAA,1229,0.8779376154675841,0.04767383191382516,1.0692128661063025,0.047252832008129936,0.9395502998703694,0.047150507514987616,0.9399074382490936,0.04708077064786373,0.9451447996971413,0.04726773431523073,1.0663209479501707,0.04751525487800999,0.8925563453513263,0.04714276619623189,0.9239544463248339,0.04700875657885293,0.9330987584431537,0.0471976522167353,0.9686954683806589,0.046579618775642276,0.9686915844074829,0.04657934973262071,0.9686989926001663,0.04657954129958907
WLRRAFOIAL,1229,1.4959034121391361,0.02841296169153356,1.5657091970996277,0.028319434358165158,1.5281686094947597,0.027727230005149883,1.4543184498976442,0.028215674587021768,1.5108933444605561,0.027513149626682977,1.5947886132084128,0.027542165709345697,1.5298334118344663,0.027607514228755296,1.462023835924958,0.028219152534166105,1.5102847244771795,0.027506309760102193,1.5367811614478701,0.027225089574260595,1.5367811610117343,0.027225089574890848,1.5367811614811484,0.027225089574044695
WLRRAL,1229,0.6962284652030306,0.0549662480574107,0.9187287254410326,0.054770923662659496,0.7746961993534126,0.053758476411457735,0.7233510591182659,0.053807574918701244,0.8395171061034999,0.05348958181925444,0.939320716922295,0.054476207544188124,0.6927016462826865,0.05368609460784469,0.7172478141273532,0.0538063602831877,0.816699614803042,0.05350486147185758,0.827336776685129,0.05307805797621243,0.8355572775508042,0.05307312939347529,0.8272780196372164,0.05307890281173604
WLTIIT,1383,1.0340205349296594,0.04435839370726669,1.1133175130483697,0.044852739429456674,1.0318389082619441,0.04427058182419748,1.0215772572381787,0.044873667448430785,0.9954241848069314,0.04490372794341168,1.1122288940959792,0.0448777246437055,1.0301182907284916,0.04424096450492883,1.0112215640862399,0.04486852073917219,0.9973097158126305,0.04489530047265431,1.105706757035694,0.044905330523052914,1.1057013432211564,0.044905311075325256,1.1056989560850332,0.04490537824111582
WLTLECL,1229,2.8856882379305895,0.006089593730511862,3.851963919347109,0.004282711299406612,3.4717711581359425,0.004705767466888527,3.783889338783058,0.004230709747948118,3.8065278813972725,0.0042781684509741865,3.853406824666959,0.004396217861078632,3.472348098030452,0.004652288334711991,3.80785031348921,0.004200982306350515,3.767252269916555,0.004289648874350848,3.835251265856315,0.004476824580286821,3.835295848483141,0.0044766564525768205,3.8352423817305485,0.004476857368396928
WM1NS,2369,1.7293981139009473,0.01633049339376286,2.1876283662364755,0.015973534958543093,1.7885662866589231,0.015845830842380608,1.8631511646084,0.015977669812698967,1.8747355176229927,0.016034155196896896,2.1926484822120624,0.01598953036911568,1.7770785007229493,0.015850511095248886,1.8764794037418122,0.015968499706183418,1.884704674870518,0.01602995784827604,2.151701443107223,0.015683579219202843,2.1518524342610035,0.015682647776880578,2.151698425053569,0.01568359404825789
WM2NS,2369,3.723881771588238,0.003265002133926823,3.707868494166874,0.0033356851394112466,3.6950368130366256,0.003263600314193245,3.6374942155595313,0.003338027830223625,3.63299179081219,0.0033577117948230335,3.704631403685327,0.003347163082423448,3.6989658085679773,0.0032611398905753584,3.6480042331592277,0.003336945343105246,3.646990274088077,0.0033561891905914314,3.743037316068528,0.0032014938254400576,3.743037316068528,0.0032014938254400567,3.743037316068665,0.0032014938254444434
WOFDRBORBA,1229,0.1253441679189019,0.10769646710116802,0.4160609604391239,0.1019378744009222,0.27119984640725253,0.1059322726130345,0.36316661669537637,0.10107043367872864,0.3587069882806749,0.10188835333955082,0.41928697497820144,0.10275088353344347,0.26781729860598813,0.10555982655273369,0.3574346835371946,0.10114353812236507,0.35591960197608025,0.10198106009911082,0.3469428361182142,0.09776759268726419,0.34735384155448534,0.09775742535371378,0.3469428394188235,0.0977675925912425
WOFDRBORBL,1229,-0.13716374602115372,0.13596927014866872,0.21718331735906848,0.1269789592558227,0.05510544464172414,0.13204547705025627,0.1988588908932148,0.12622511492052324,0.21889496850497608,0.12486066407944015,0.22542653125608683,0.12575178071134724,0.058166188386253495,0.13174608160091147,0.17879400245253566,0.12630692256381137,0.20067248020775943,0.12501673216171155,0.15056591045827938,0.12421659286797197,0.150553736791905,0.12421697134207811,0.15057673190430604,0.12421606413953867
WOFSRBRBC,1229,2.887006070492093,0.006082694252135075,3.847684919921171,0.004287489711483264,3.4629970238644336,0.004689723361434256,3.78104925400973,0.004240552575530297,3.7933651582537005,0.004285072375972398,3.849729640178449,0.004410118319081986,3.456212164222472,0.0046765752392723845,3.806663713147681,0.004206506650628753,3.756155094638399,0.004293392697873892,3.838973521729091,0.00443500881349576,3.8389772464411513,0.004434992518626694,3.8389726995906845,0.004435010276954965
WPC,1229,-10.39791067942832,1128.820488722844,-7.953658783201987,904.3604267574434,-8.69349027388695,850.4915721807222,-7.585512745117102,763.389040521475,-7.625721604782613,777.7864508046324,-7.923797752666912,914.3047547757026,-8.713320257190443,854.0655549498649,-7.6130384696789335,762.5299644703086,-7.6316688990879475,777.404997894112,-7.725505605012214,770.6001117940168,-7.935839467146013,909.3338813004625,-7.826471197375079,781.9004507532453
WPROPANEMBTX,1775,1.479228751340103,0.02833150507938859,1.5125575955148443,0.02889858895494723,1.4142864326203053,0.028311904716014427,1.4171789214471076,0.02879662914962291,1.421203426529161,0.0285506878399961,1.5161345742486163,0.02874565945056049,1.4021501607405351,0.028308173756735184,1.4060239296090984,0.028799978194565614,1.4152038960785243,0.02856560383517974,1.499442881204013,0.028150543119876123,1.499160059170989,0.02815193246273769,1.4994342453463672,0.028150610412488567
WRBWFRBL,1229,-0.3693836986468163,0.13856665542798552,1.7860822676899064,0.02933048235887541,1.418887223031852,0.05978444875274172,1.7077968953719056,0.028305946905474173,1.674786952011097,0.0257919161365436,1.8111804973876695,0.02663651462967658,1.3394970828106012,0.05761726483040203,1.7341699867846778,0.027833472764258748,1.6889929866841842,0.025228505081444755,1.811180497387668,0.02663651462967658,1.8111804973876695,0.02663651462967658,1.8125952518267108,0.026191932213945564
WREPOFOR,1229,1.723671812911704,0.02320442103517951,1.786545886422289,0.023008292958797135,1.7448916234485574,0.022625154841976983,1.6859949370617549,0.023066382862984576,1.7151638911754865,0.022921851020187615,1.794821246044573,0.02286150966313536,1.746420317563344,0.022603289848078776,1.6929564890145707,0.023062784104850943,1.7165227076362448,0.022918254809925487,1.7633065845290223,0.022234795499122096,1.7633065845290223,0.022234795499122096,1.7633065845290223,0.022234795499122096
WRESBAL,1229,0.20040274503880895,0.07954787201142263,2.0330703055683825,0.021720646286778014,1.751990311392459,0.0324960894911555,1.9803948142295416,0.020405775366566344,1.8954369197209835,0.02057324842772394,2.042856919260702,0.021280523577826425,1.7070682021032755,0.031633913193547795,1.9760707687452022,0.02038041104319193,1.8895162659666904,0.020576867386934143,2.042856919245722,0.021280523560981566,2.0428569192503265,0.021280523560704798,2.041855177058214,0.021276620265212924
WRESCRT,1229,2.9211105814495424,0.005680399550202343,4.018046946323975,0.003906524505437308,3.5689221629182977,0.004241036260340379,3.978366551787589,0.003852970589417517,4.003638324327753,0.0038823085730149837,4.022444741700093,0.0038845944794501245,3.565599877089205,0.004173033419508747,3.9626346161434354,0.003811841833798999,3.961854526008055,0.0038303546059273827,3.9402121531648095,0.0039752100999736854,3.940308875747684,0.003974271396514223,3.9402296821109313,0.003975146143691445
WRMFNS,2417,3.5092588256092334,0.003769484434623411,3.5538828990857056,0.0037783429592642805,3.5195317665860295,0.0036898489631243567,3.4903574881535278,0.003767832343110833,3.483636028849894,0.003774905330648888,3.551341082013411,0.0037794416111035767,3.5185061758461322,0.0036908932931970246,3.490423302651999,0.00376839877577439,3.4829939285102656,0.0037755142100470962,3.547670589841365,0.003774369343041833,3.548047469392397,0.003773993267795625,3.54771223427868,0.003774326258599884
WRMFSL,2139,3.7915085177629204,0.0027214751583834484,3.918093492294413,0.0026556314331507127,3.836524586791954,0.0026027376631641845,3.8478010482725247,0.002651902240431757,3.8284720892011075,0.002651404023564524,3.9135037011932123,0.002655273718724406,3.8380471333352477,0.0026031857849481144,3.8451155071119647,0.0026516318719293276,3.8212408544756222,0.002652273046374994,3.913503675868912,0.002655273842485366,3.913503682817323,0.002655273842126483,3.9135036758827737,0.002655273842493116
WRMORTG,2375,2.6790922932381562,0.0075704923167426745,2.9158728568372396,0.007644158432130337,2.716186063163927,0.00757586401066242,2.7679766853346566,0.007631207066351768,2.7920803881332485,0.007532989940323306,2.9306686802222237,0.007557773767957486,2.7090440605229595,0.007571453464617076,2.776367335863904,0.007629845646112574,2.796178422461698,0.007532067912774684,2.930650172967332,0.007557980538227522,2.9306522771861765,0.007557984873560903,2.9306492056193205,0.00755798120761314
WSDEALL,1229,-9.990189863926071,2631.5622895544575,-9.735055228871603,2471.9825779646044,-9.820183670990264,2477.869766294409,-9.762443324851004,2437.8010117532444,-9.752441175487526,2367.045031153108,-9.701121529096314,2400.3700046559725,-9.793566685457929,2443.0407124746907,-9.76854778978281,2436.439995121518,-9.752107313923235,2365.8726044646446,-9.701121568631098,2400.3701641210155,-9.701121566290052,2400.370159545544,-9.701122562577375,2400.3674994137127
WSDONTL,1229,-9.718553340362742,2119.8382248459798,-9.642387953302192,2140.8882507017033,-9.703724504784114,2121.0265306259707,-9.718086857950425,2140.9302587427987,-9.694081688086689,2058.8053235137777,-9.607794168258295,2060.1705854705197,-9.703185069917685,2117.371395048795,-9.733527020062489,2141.1902733463135,-9.708851748683648,2060.1054342434004,-9.607794233628908,2060.169816064123,-9.607794212059362,2060.1698117540805,-9.60779424239723,2060.1698212304636
WSECOUT,1229,2.9060973651432054,0.0042649856475085145,4.183255558257219,0.0030994866915182388,3.6966443488645195,0.003304003250199529,3.8947322229832135,0.0029781978112533984,3.993742797510586,0.0030005458328539645,4.168234368708555,0.0031261202093332673,3.724363097643475,0.003287792541962021,3.83929998927183,0.0029847803276093765,3.9303199621302296,0.0030194694954711245,4.168234368761714,0.0031261202093332695,4.168234368761714,0.0031261202093332695,4.168234368761713,0.0031261202093332695
WSHOICL,1229,2.8937011756840176,0.005948073981469136,3.2031556136130876,0.005436335606741439,3.1443759773889055,0.00534637124284906,3.2115798970655813,0.0052479636610735965,3.3270642220188433,0.004721380972058553,3.2721173235554395,0.005118230767390077,3.1307929786202435,0.005347040993743606,3.212108412420514,0.005247374681883187,3.3310707531954225,0.00472782442430692,3.2710997751621558,0.005137782442221723,3.271147539446366,0.005137675465792879,3.271051938732082,0.005137901580945222
WSHOSHO,1229,2.7583675951492044,0.004787902231927265,3.990214695150046,0.003632350809962535,3.504706800901094,0.003915677769104419,3.714154559922839,0.003388198925642197,3.766912228484054,0.0034703471669895567,3.990723060722884,0.003717535988438854,3.5498586134568124,0.0038870256037408764,3.7574653933265347,0.0033945035120387713,3.781010980759429,0.0034844972200665687,3.990587356625849,0.003717634344906982,3.9905866959774925,0.0037176355227257814,3.9907667528584945,0.003717381847970205
WSHOTSA,1229,3.634000346976953,0.0025960108713140697,4.7799035494122695,0.0020020565673335615,4.121554104531267,0.0021847203591639913,4.747371514604515,0.0019506682701336388,4.729960228178279,0.0017294668609782941,4.834933307145945,0.0017825085415560746,4.11494032052024,0.002175326550847756,4.743511326701381,0.0019516863740640048,4.762333531421431,0.0017277766819323,4.834933307145945,0.0017825085415560746,4.834933307145945,0.0017825085415560746,4.834933307145945,0.0017825085415560746
WSHOTSL,1229,3.5670626146452773,0.0028048177966774456,4.603149962699405,0.002307512799076024,4.027478915925842,0.0024967337225195218,4.546434347540149,0.00222817242393104,4.598329032798802,0.002100615737623292,4.633730290026725,0.002196916162222663,3.9935565034845397,0.002476055365187941,4.541882990594456,0.002228625099241045,4.607816648899321,0.002098129335790276,4.63373205006469,0.002196918595093261,4.63373205034423,0.0021969185942257376,4.633732050081121,0.0021969185948694163
WSLB20,3324,2.5765950095618297,0.009532474688402062,2.6772907485960245,0.009561610857026975,2.548961234631394,0.009516795032042122,2.57958021533211,0.009554812268403046,2.586607800713676,0.009390249013218723,2.6971156287526483,0.009393288639224666,2.5427169572401596,0.009515201994756048,2.5818934577369497,0.009555159463710296,2.587469628660727,0.009392157762556363,2.6971156285562365,0.009393288641573301,2.6971156285739584,0.009393288641520083,2.6971156285559044,0.00939328864157299
WSMTMNS,2682,-15.176549239143744,0.007805627611962962,-4.60887670770408,0.0030680744583840205,-13.42995341231424,0.0028589070126850977,-13.088339840843155,0.0027636684597701173,-12.993011681688632,0.002577042442644039,-4.416625610674175,0.0029013344499138356,-13.4417643762508,0.0028561091710126965,-13.096024369993046,0.0027790885854820186,-13.001894205541365,0.0025830233855458217,-4.42105445098464,0.00262823905744346,-4.421051878954076,0.002628179013941312,-4.421042326948987,0.0026282263976670035
WTB1YR,3144,1.3837877038238873,0.024695352496653576,1.900591492441737,0.023268674793634814,1.4645909403008188,0.024566037545699568,1.839384954592877,0.023208175151542342,1.850701864092698,0.023082655881222942,1.9118652840299688,0.02315049154173361,1.3964084008677513,0.024620598832839517,1.8347150389319302,0.02321119954316124,1.848679866375749,0.023088642729581426,1.9118652266832996,0.0231504921643404,1.9118652267596463,0.023150492164078794,1.9118654982933418,0.023150491827177242
WTB6MS,3526,1.19091586900545,0.02819078433157328,2.039601549842086,0.02608649018356485,1.2905501092055975,0.027687739027622962,1.9115747594968622,0.02591604268676875,1.9297762598953954,0.025674980486319093,2.0522988181293997,0.02585052933318568,1.234793772461937,0.027735321273296525,1.9092909136553293,0.0259181525925569,1.9235148954746861,0.025676217927845402,2.050163689850764,0.025872166772174413,2.050163586008293,0.02587216706028944,2.0501635707170887,0.0258721672410886
WTFORBAFL,1229,1.816120314537251,0.017487801207344486,2.0511808466655217,0.017505627924264723,1.6811764263226876,0.017943637920959824,1.9756148482053335,0.017470104016414925,2.01184039121224,0.017373950583764147,2.0617034244219226,0.01743953874376938,1.7010685329247073,0.0178458199390123,1.958119991879358,0.017478271158546378,1.9900676576893808,0.01736361197444112,1.9690131499897403,0.017491689778806354,1.9689313754508246,0.0174919952465207,1.9690131622884417,0.017491689852216278
WTFSRFA,1229,2.9602865866626313,0.005439212261983696,4.038962561119373,0.0037894341445516224,3.5825195786342183,0.004104363692943171,3.989703183929382,0.0037310988137460098,4.0145429033092235,0.003755851615443249,4.043548233982722,0.0037625278217134645,3.5768459150044087,0.004043324297469438,3.979330568659052,0.003699922740799965,3.9828645803999283,0.0037124413806400936,3.959215437034497,0.003869685483401359,3.9592379052575213,0.003869229290767626,3.9592153081854415,0.003869685983077556
WTFSRFL,1229,2.931029426141763,0.0058138498775589225,3.868155811877353,0.0041611679287003695,3.486057331256431,0.004534969407846551,3.8018368560006195,0.0041150060647595485,3.814780480149717,0.004153450389179523,3.869965735312465,0.004274648370661081,3.4787315330978132,0.0045218327868959745,3.8243337286203816,0.004084887818236846,3.777861218599717,0.004162831176918396,3.8589467003784823,0.004300662029398252,3.8589474124709318,0.004300659341270516,3.858946413005373,0.004300662967059681
WTREGEN,1229,-0.3386311103861885,0.1604454930706755,0.0025240208206798688,0.1503388442747241,-0.12536786663560698,0.15355782458627912,0.03750448813522923,0.14771418989967733,0.005488024224168614,0.14664214667146738,0.011421292380480747,0.14911782242364938,-0.15217900571409818,0.15344536931211916,0.0039375997115289494,0.14789132769419497,-0.012081305234859301,0.14673764780744553,-0.06269684463121998,0.14882412812157716,-0.06252917818657204,0.14884718510342007,-0.06271327832209002,0.1488247446271999
