series,n,crps_gauss,crps_mix,crps_emp,crps_empsm,crps_empw,crps_qsgd,crps_empgpd,crps_ens,ll_gauss,ll_mix,ll_emp,ll_empw,ll_empgpd,ll_empcp,ll_ens
AAA,1289,0.01468184055788257,0.014743413069148567,0.014621842365449013,0.0146256864653764,0.014654463781842786,0.014721563018304023,0.014622913231659818,0.014587577480050885,2.2960919685568166,2.3146089330343886,2.3225955327561842,2.3299333951768113,2.334724115701402,2.3211362634435386,2.3410855896191674
AAA10Y,5380,0.012568743867191737,0.012568896592757374,0.01246307951654496,0.012463144090534985,0.012500895602895606,0.01256643297008406,0.012463004717233194,0.01247472734597772,2.4152693405213217,2.441617169032163,2.4499700692945945,2.4405994543915606,2.4584731339149304,2.454516695736198,2.459118288288891
AAAFF,5380,0.04073210572738483,0.04085463958985614,0.039707754235215574,0.039709370449056924,0.03969649529401877,0.03990420009605434,0.039707422209556864,0.03985340052146517,1.2629100474619777,1.3097251301318384,1.304671162330304,1.3011767341092382,1.3366114950664068,1.3155667253821326,1.3424689939663896
ABCOMP,1331,0.008834366157071852,0.008837018644495077,0.008681939507737815,0.008681054115409701,0.008665123209352319,0.008679583823797285,0.00868234909315977,0.008648678118175416,2.6727857056242117,2.7532277153641846,2.67628499191585,2.6738405679131496,2.7256318088264737,2.720164789790132,2.76268279728181
ABCOMPN,1331,0.006548032417461472,0.0065265960745098444,0.0064848716964386295,0.006486584012783877,0.0064869144135939645,0.006522399712973101,0.006485256832176685,0.0064931657998399785,2.9982644232620252,3.01818722680796,3.0236723539967847,3.0078735930223295,3.040206120385052,3.0423353283005556,3.0404062057305885
ADPWES1T19ENERSA,853,0.0001390826866850578,0.00014006477098221348,0.000132320664312985,0.00013214206762065164,0.0001327728640777107,0.00013319280450250318,0.00013222246143283425,0.0001331021109054779,7.132029070218903,7.184738597207872,7.181886840792703,7.197870262665734,7.2644629703124775,7.209204852520337,7.262881811274226
ADPWINDCONNERSA,853,0.00011804345335393674,0.00011750969328483148,0.00011402984698478996,0.00011415424374550442,0.00011399205294144537,0.00011405147130292394,0.00011408429782748254,0.0001143340906880019,7.073639385927209,7.074295026093356,7.132427356127437,7.107931646224877,7.153440752286279,7.130557170657944,7.152500573349164
ADPWINDMANNERSA,853,6.943662558813328e-05,6.90704690648343e-05,6.567233679921184e-05,6.57190025202634e-05,6.616786942382438e-05,6.550027033319158e-05,6.568720459284116e-05,6.653340416949683e-05,7.649613419388697,7.642735586944389,7.653357370821658,7.637845426909405,7.684139749457574,7.6870544104505205,7.684405429946857
ADPWINDPROBUSNERSA,853,0.00011519297607587969,0.00011351581509581386,0.00010693184048678977,0.00010696384523344812,0.00010749163818500211,0.00010804442444709945,0.00010692526056508902,0.00010829760714824844,7.160180805671441,7.2109553407864615,7.2319077827048295,7.209230971028565,7.257798274032783,7.252009189836944,7.264338355692772
ADPWNUSNERNSA,853,0.000523956285699976,0.0006849368642888893,0.0005136912978704378,0.0005217660358999545,0.000513962272165283,0.0005199024605520202,0.0005171763731398019,0.0005165697982691519,5.539226054618884,5.16157787144972,5.585955183477847,5.5899424088939735,5.566749323345369,5.584080937254337,5.586819078147069
ADPWNUSNERSA,853,6.037171399447718e-05,6.0539899878624346e-05,5.8111613715304054e-05,5.812442573957048e-05,5.846390435167211e-05,5.859600242158398e-05,5.8110463187419556e-05,5.844437174619544e-05,7.9133838985369165,7.880151679623018,7.942436790223028,7.89794948230625,7.948083103227189,7.9467192268196944,7.9480611655408655
AHETPI,749,0.0014112902014690434,0.0012910700424778342,0.000999162916434797,0.000999659922565847,0.0010030919222470175,0.0009664482505919548,0.0009990435068971148,0.0010255086649161246,3.894591928603355,4.851082126764764,4.913081358954689,4.901077269531645,4.972052553990044,4.974720868941284,4.977288900888219
ALLACBW027SBOG,887,0.005561654805214986,0.005625905196432227,0.0040972129655259355,0.004102667905355253,0.00413775567096166,0.0038019646037464453,0.004098004440996532,0.004131708483621984,3.620717191847453,3.7459370503806158,3.591968680010477,3.6088569434369635,3.9190673902368953,3.896364837008448,3.9488126440219564
ALTSALES,605,0.03671983266025184,0.03604682121850956,0.032980536024011846,0.0330323831408036,0.03292656608597146,0.03294155110995764,0.03298369990714989,0.033604933410361304,1.1085177877046244,1.2906285407100544,1.2348725251314143,1.2515775766475314,1.2992613454943036,1.3901698792346415,1.3249876790282007
ALURN,603,0.0734844455259877,0.06757806567377861,0.051312419159237434,0.05133800443987929,0.05207745669139435,0.050924310225045226,0.05131135073247894,0.053505468175947236,0.5640073536744089,1.1659339417939185,1.1529341380741442,1.156133244178024,1.2035355205703215,1.2159703842964296,1.2223778837526296
AMBOR1M,797,0.005727276665533324,0.006596540314713029,0.004774413357260763,0.00480185021538563,0.0048101887980631685,0.004779772690599454,0.0047767804219261195,0.004793527422571417,2.9843717885552,3.1365092527045872,3.3933773833621093,3.3375103436779665,3.53146878269626,3.530566317539727,3.5300718288428343
AMBOR3M,797,0.004620904062513093,0.004680108640129012,0.004195359558646169,0.004194865925772549,0.004190357259042887,0.004186945922439768,0.004194986277945764,0.004341957337037188,3.381271971052837,3.486183358870748,3.5331268794218516,3.4963614252249857,3.6662875244139705,3.6604633052830318,3.6652566092629315
ANFCI,2896,0.004916685545043163,0.0049457645806470435,0.004910719564489258,0.004909058901794969,0.004927437629654783,0.0049455469828279825,0.0049106016949142855,0.004882185248722466,3.5361623802408415,3.5125326976065336,3.506983251179615,3.5045109132497383,3.5003215568670623,3.505720059055433,3.53688672381354
AOLACBW027NBOG,2791,0.007559729087131166,0.00744379699187331,0.006918470514658421,0.00691953665096087,0.00687702810373384,0.006848620502176336,0.006918275833401065,0.00696519302002972,2.845831639255491,2.9554274487117627,2.9984337340507725,2.989442305627662,3.0194485910641937,2.9961155487964457,3.0221944327342563
AOLACBW027SBOG,2791,0.006375913396094728,0.006219868227962968,0.005239440046622457,0.005240715760806291,0.005185426649469154,0.005130799661654177,0.005239643587092879,0.00528199825372875,3.042760435058166,3.238589276388484,3.332556750174752,3.3131359812820382,3.34922370514328,3.335441559015025,3.352584593714679
BAA,1289,0.012228830795791075,0.012248560938403779,0.012185701925905675,0.012185425021958081,0.012187464002646684,0.01223790923880313,0.012186422889872643,0.01212469476372697,2.4628053871761724,2.507386810605341,2.4820237465489083,2.479459297375185,2.5108495539276867,2.5053142965834634,2.520508007490199
BAA10Y,5380,0.006364112807028954,0.006354195508993207,0.006284486121978729,0.006284702591442331,0.00630238114002446,0.006334434320250759,0.006284431599357856,0.006295976322884927,3.072940249635605,3.1054426088808267,3.0958494194896007,3.084230474783019,3.1185635114892665,3.1047965293017143,3.1198296657085107
BAAFF,5380,0.039321630202543596,0.039434892134443206,0.038274504801486114,0.03827730275888266,0.038247583668293984,0.03842032729253683,0.038273640703183814,0.03841656757473851,1.2947955737234091,1.3458795328535595,1.3300703860893144,1.337465501362608,1.372502781060813,1.3519149793246992,1.3801273162517973
BAMLC0A0CMEY,784,0.004584876703723091,0.004576344714994168,0.004576651746932288,0.00457718011613968,0.0045873844521837764,0.004623924903772104,0.004576492262483734,0.004576336877324325,3.375793652378091,3.383921797798479,3.369128429980486,3.3607810475709026,3.3595479205894385,3.382106498666753,3.3801491853812604
BAMLC0A0CMSYTW,785,0.004638745543657917,0.004631501979247349,0.004634197049414942,0.004635288762626249,0.004642580357787269,0.004677345753645747,0.004634178315738138,0.004632301515039588,3.364081707829404,3.3723955758358333,3.3652214526806445,3.364545134015516,3.3468348874972182,3.3706050867678026,3.3705282870998143
BAMLC0A1CAAAEY,785,0.004867253539891604,0.004859559108048277,0.004860024763373768,0.004860734084237425,0.004871622341089498,0.004913901420339149,0.004859779417734332,0.004860105450440439,3.3212884923415955,3.328710064535067,3.318980252581958,3.3113925024004676,3.3051598337610635,3.3227210293764715,3.3246340206667178
BAMLC0A1CAAASYTW,785,0.004924848867701088,0.004918047439274312,0.004920367432126313,0.004920422403041582,0.004932102945429961,0.004970529777766209,0.004920121298572158,0.004919219409752414,3.3206217555426036,3.325280155232253,3.3217190645485837,3.31847962034994,3.3058876578104437,3.3154615341315528,3.3225908851223984
BAMLC0A2CAAEY,785,0.004826166897249493,0.004818320802939864,0.004818598255771763,0.004818631317565513,0.004829507240264031,0.004866470978051211,0.004818646937065289,0.004818477118047937,3.3242637292507924,3.333120676568148,3.329343320045233,3.3178894784967206,3.3183475315040774,3.329018841226357,3.3303836195486727
BAMLC0A2CAASYTW,785,0.0048297497778587535,0.004819547852785981,0.00481701559447884,0.004817353078872834,0.0048271085282234226,0.004863836624318402,0.004817138953189852,0.004818198851694236,3.3213300727682245,3.3306673604647643,3.32369836708067,3.313794607996472,3.3219272624931366,3.326518053992397,3.3271507186841913
BAMLC0A3CAEY,785,0.004721783814660473,0.004712197401304093,0.004714070674269674,0.004714353398666143,0.004725173036679413,0.004763124153021616,0.004714110212046744,0.004713670252201547,3.342399367342076,3.3521224821814335,3.342910318437205,3.3319922930421764,3.3213614295679084,3.350935502631849,3.348279271213132
BAMLC0A3CASYTW,785,0.0048642082690554525,0.004855631827749707,0.004858587058303093,0.004859137029076196,0.004867303212613151,0.004907233801624675,0.004858746040326894,0.0048570617713342345,3.319973203807311,3.327609287131919,3.317915246814224,3.3142583061792807,3.2951291017143807,3.3194407378501603,3.3244843345026913
BAMLC0A4CBBBEY,785,0.0045023362974423225,0.0044923300988323565,0.004492329786889185,0.0044927140609474945,0.004501313905882562,0.00453648749373697,0.004492215476790288,0.004492258678012721,3.3889008004756556,3.3977737057791315,3.381524191865272,3.3759046677255604,3.3710493810768245,3.3954638153253374,3.3940876108795264
BAMLC0A4CBBBSYTW,785,0.004499847364664719,0.004490255819513238,0.004490139989116657,0.0044905818440049376,0.004499506487169722,0.004536495446224384,0.004489909568420893,0.004489756666432394,3.394906662731212,3.402568662871325,3.3876160324848383,3.383130479855579,3.3799774013622903,3.4002942204763467,3.3993454503677727
BAMLC1A0C13YEY,785,0.005301106638692798,0.005306382672014871,0.005294660816827216,0.0052981919674540265,0.005287753685413064,0.005332140389889017,0.005295149490550776,0.005288042499188554,3.2141960027868137,3.215855987973778,3.2329288257607427,3.243773087783152,3.2239619758734097,3.230963774867007,3.2400885446312135
BAMLC1A0C13YSYTW,785,0.005502874030966655,0.005503859352804375,0.005492552015788263,0.005496496931931134,0.00548764408467544,0.005532831382030682,0.005493318782396445,0.005486453350095764,3.1747254648025134,3.178328051732893,3.203300469540801,3.210778526960678,3.1919449588232194,3.2013142445993945,3.2067886261964262
BAMLC2A0C35YEY,785,0.005494293465698755,0.0054864933573250995,0.005482749866109539,0.005484014852739673,0.005490462263839807,0.00553537968189548,0.005483131554595094,0.0054820751665954305,3.190722063276152,3.198152615902936,3.199585791000613,3.1977031738454498,3.1736211921726456,3.1985263846047,3.1996413978675653
BAMLC3A0C57YEY,785,0.0052960333999489,0.005286285011489451,0.005285237706658031,0.005286343182665829,0.005294987252392015,0.005336497516560488,0.005285425243028402,0.005285182550189979,3.2372960075015733,3.2436877617414317,3.2436752863656277,3.240574261949064,3.2186719826674532,3.246993363202643,3.2444327906080095
BAMLC4A0C710YEY,785,0.004773113257314179,0.004762166671591743,0.004765492116348084,0.0047654329809011615,0.004777043426743035,0.004811106467274751,0.004765094788014199,0.004764710335156073,3.337784842207797,3.346231300170854,3.3331901353006868,3.3304967531615954,3.3205765669126186,3.3438810459485286,3.3442882968242995
BAMLC4A0C710YSYTW,785,0.004860156798593391,0.00484932156152478,0.0048521935702189704,0.004852420202059459,0.004864332392952062,0.004900398329973093,0.004851802873248612,0.004851756528900885,3.3223961752629307,3.330582438362699,3.316465965591065,3.3130768843095386,3.304780093707832,3.327902704162636,3.327787439567075
BAMLC7A0C1015YEY,785,0.004593941367053157,0.0045854578713164515,0.0045916916001844865,0.004591774071693195,0.004601865525689635,0.004633294776235577,0.004591295274057168,0.004588814279439172,3.3797978547971312,3.388024584432546,3.3779100822426,3.369504408310891,3.3572683667935683,3.3793560868722214,3.384905690126919
BAMLC8A0C15PYEY,785,0.004284145330849265,0.004278336643272903,0.0042810111608377706,0.0042807259491176594,0.004291364011618999,0.004319996128086102,0.0042812481413956275,0.004278755188877644,3.4452435518429927,3.4533412567010675,3.435412898078465,3.431009729093106,3.419750937388014,3.4334529218188647,3.4498487014471353
BAMLCC0A0CMTRIV,785,0.0015782701357499795,0.0015755686937729276,0.0015761301340536755,0.0015762285374477534,0.0015794419802703003,0.0015902236148820684,0.0015760363516841608,0.0015748872631314477,4.441773207704142,4.449466661281755,4.438210045250546,4.440589545531562,4.436368236441009,4.449365465702839,4.447612911580764
BAMLCC0A1AAATRIV,785,0.0022666714659030844,0.002262509664635449,0.002262960639906554,0.0022629039253068443,0.0022676572864231237,0.0022849400943644625,0.0022629853980689224,0.0022620254925215825,4.077298442280166,4.08507789087522,4.082189793536477,4.0840110976226365,4.067335336660624,4.0808245003572114,4.084427252317178
BAMLCC0A2AATRIV,785,0.001690815567158311,0.0016877696324089548,0.0016880137246757679,0.0016880863666299134,0.0016916277675852825,0.0017038491499334187,0.0016879800252194892,0.001687151263911331,4.37162172845785,4.379831364422176,4.37844857513075,4.381319110759867,4.3685235914517735,4.378220422965917,4.380560161411988
BAMLCC0A3ATRIV,785,0.0015807130024878184,0.0015780996269469723,0.0015788997877616857,0.0015789994388898953,0.0015820602934863237,0.0015932914032151125,0.0015788117727146068,0.0015776575333171121,4.441552110633779,4.449335244692846,4.442661868641238,4.44453518638737,4.437298278246418,4.448185487139376,4.448459809811451
BAMLCC0A4BBBTRIV,785,0.001546642643196147,0.0015438688190580964,0.0015440450202032518,0.001544104171669468,0.0015472368282524697,0.0015577648394250914,0.001543947221556801,0.001542723548255055,4.461343814844196,4.4685656918703165,4.454282385426153,4.455665836579282,4.443960804393957,4.470221526580192,4.466792913732411
BAMLCC1A013YTRIV,785,0.0004621282346986042,0.0004624072526527672,0.0004610818903671635,0.00046127983871475654,0.00046086544566734274,0.00046341052408505875,0.00046110491532579,0.00046054965677467695,5.662994616904883,5.664782238565985,5.691770227905962,5.698477975041425,5.672972869778225,5.682619869874638,5.6951137718987415
BAMLCC2A035YTRIV,785,0.0009403526997196484,0.0009395795250906752,0.0009377250230590249,0.0009379259005175858,0.0009390058238100918,0.0009453253427528822,0.0009377529503606705,0.0009369911025381224,4.959803239289815,4.965780899278398,4.98184962490349,4.97548322736621,4.97091378501273,4.974826534893535,4.975627431176544
BAMLCC3A057YTRIV,785,0.00135408986623752,0.001352381047732429,0.0013505499555568905,0.001350809149019753,0.001352896392438738,0.0013624589431292544,0.0013505671395968538,0.0013498963283357164,4.598819137243203,4.6046168101168305,4.618620440336768,4.613914828480849,4.608797832859793,4.620233199833803,4.615077491833015
BAMLCC4A0710YTRIV,785,0.0016939723825228114,0.0016906770693279317,0.001691180149093595,0.0016912976010542108,0.0016944784164525653,0.0017065456510014741,0.0016910882394423508,0.0016898437942863423,4.375223703170796,4.381207397224073,4.373125607201192,4.375624057559663,4.35165720846578,4.379109648545562,4.380228066520774
BAMLCC7A01015YTRIV,785,0.0021754764317340595,0.0021717563014889,0.0021729688537729234,0.0021729923062060617,0.0021774693772382845,0.0021922404211604765,0.002172835038655231,0.002171056837762629,4.12148313708387,4.128503522744119,4.125567613323104,4.126444527085021,4.102043675928573,4.127239285908215,4.129070586324588
BAMLCC8A015PYTRIV,785,0.0032460217454650933,0.0032419800929021484,0.0032403626999069177,0.0032406808180330295,0.0032464454410319732,0.0032692547935507113,0.003240445363633065,0.0032384565651911593,3.717510870953198,3.7246944827555817,3.7157064415648753,3.7136506742416753,3.6966126211776555,3.7172846081155004,3.722880944506884
BAMLEM1BRRAAA2ACRPIEY,785,0.003542945328703298,0.003538348154365018,0.0035312005126668564,0.003532183959239645,0.003535177165670808,0.003563198436650318,0.003531364952537708,0.0035305400252600076,3.6257227921056794,3.6306269052594917,3.650716144726485,3.6601066161272446,3.6330829844249735,3.6501918924678947,3.655707738655732
BAMLEM1BRRAAA2ACRPIOAS,785,0.016465669490668827,0.016444847840200772,0.016460578647572433,0.016458174015786635,0.01649747861441611,0.016602995992282543,0.016460090453664596,0.016445451415839182,2.0993147734361144,2.1069169478034264,2.1102319656652653,2.1073647863396765,2.0907037722647166,2.1094203232839956,2.107188895460567
BAMLEM1RAAA2ALCRPIUSEY,785,0.0035904991023781277,0.0035903618871927596,0.003582838381150321,0.0035860528520662766,0.0035828233774665404,0.003613483304692531,0.0035834302969716186,0.0035787013007827087,3.6101907330277783,3.6128845502166573,3.617234142268104,3.641679351964116,3.614067342962335,3.615269122070603,3.637662852493367
BAMLEM2BRRBBBCRPIEY,785,0.0028615606336075236,0.0028539551988832072,0.0028274458348303555,0.0028285289013513324,0.002831147297823054,0.002849944763499073,0.0028274918370584123,0.002833266029273392,3.8203351479765173,3.8366014390473926,3.8252601374436552,3.82657291898753,3.825353583743134,3.846495043103242,3.835506819184122
BAMLEM2BRRBBBCRPIOAS,785,0.012028142134252687,0.012016745171990768,0.011987596905446133,0.011988985387634179,0.01202832906549461,0.012102949880508264,0.011987954285189584,0.011988369132478268,2.3974244445700017,2.4059009819316324,2.4076868364748507,2.3957868255059824,2.423424483752944,2.405723631307262,2.4192433053118294
BAMLEM2RBBBLCRPIUSOAS,785,0.012562493641902078,0.012547928247389092,0.012516772054275416,0.012516941890039063,0.012563279490053276,0.012634937555609458,0.012515901636224784,0.012522410162231821,2.352263302609142,2.360754273682872,2.3735452057574435,2.3726261928864325,2.376348416296553,2.368825940080038,2.3771545032173043
BAMLEM3BRRBBCRPIEY,785,0.0036240502965939913,0.0036171038585214627,0.0035153108471837526,0.0035171203598033532,0.003515373441541325,0.003535276642822114,0.0035145140092321097,0.0035353268947311074,3.595745612798555,3.5899675357013776,3.639810225551977,3.635089678745258,3.653462544874744,3.66665617953607,3.6529736779936295
BAMLEM3BRRBBCRPIOAS,785,0.009497698494706006,0.009529138264971452,0.009407459731421836,0.00940974575442212,0.009436799942059683,0.009510131505330545,0.009407556048965532,0.009422358301125243,2.6196086809724712,2.6489371261044217,2.62232018008108,2.6163112751120945,2.6674748079648243,2.622265128501901,2.664333079695774
BAMLEM4BRRBLCRPIEY,785,0.005195193473659561,0.0052431008006503955,0.004829483998043382,0.004833950952823885,0.004838392404906458,0.004876056905961341,0.004829134215491153,0.0049145980755165835,3.2194094564502973,3.254874097580136,3.423155073813267,3.3420462862214153,3.41354578252875,3.4211888760490146,3.411133670759474
BAMLEM4BRRBLCRPIOAS,785,0.009228640703494783,0.009306697665060953,0.00883305109875152,0.008846084976383587,0.00886841072905673,0.00890531530530976,0.008835736059971969,0.008909041591476282,2.672220050142694,2.682480050639058,2.7473858845238257,2.7430920668786,2.755877398763654,2.756068064651137,2.756121074340709
BAMLEM4RBLLCRPIUSEY,785,0.005352548667984664,0.005461097953756335,0.004969523393481937,0.004984576813229242,0.004983656066481278,0.005013289459387365,0.004972189822759671,0.005059903865853949,3.2431138241477457,3.1685711739359275,3.3642204882440216,3.3544475363404307,3.363902853866484,3.362263552193121,3.3630068811071934
BAMLEM4RBLLCRPIUSOAS,785,0.009651732166266143,0.009707389149890036,0.009231096109252424,0.00924828278670742,0.009263135390987547,0.009302306060561793,0.009234828725126333,0.009319919632470062,2.6298549099010815,2.6311140646251516,2.7033039750133754,2.683700074344684,2.7066319929037554,2.7033494550744717,2.705669585858782
BAMLEMALLCRPIASIAUSEY,785,0.004078693272166347,0.00405914600640113,0.003983984983910717,0.003989510348927457,0.003983119439213437,0.0040169159766974705,0.003984668048063631,0.00400264580024466,3.467324747133252,3.4810835417363895,3.5393755395255955,3.485423795027449,3.5206883985121844,3.537409691525243,3.5214712398531214
BAMLEMCBPIEY,785,0.0030306725017431903,0.003024810404147931,0.002990498624366556,0.0029931343759319047,0.002990840981904149,0.003012724950292421,0.0029909965797141154,0.0029962804922419265,3.7577484881969028,3.7778967806404977,3.769993021158865,3.7688129316518957,3.8166759157612966,3.813722764348088,3.816198850795856
BAMLEMCBPIOAS,785,0.009743382982362799,0.00974637428251023,0.00970707713032049,0.009708866553954943,0.009740592932671857,0.009801413481717449,0.009706939108077982,0.009704907429453218,2.608893746855109,2.6158752026240863,2.617240848329087,2.6193776899636045,2.63481293518106,2.6152796858586798,2.632327586774704
BAMLEMCBPITRIV,785,0.0007958269862037837,0.0007941472671322714,0.0007875354654631264,0.0007878828746088755,0.0007878791992574945,0.0007930848989172903,0.0007875556198615252,0.0007880649685765381,5.107450725785633,5.132447604557566,5.110173147388031,5.105908479777014,5.156317218036265,5.142157304481467,5.153845281803409
BAMLEMCLLCRPIUSTRIV,785,0.0008480075081363972,0.0008474641302246243,0.0008378630572164259,0.0008386649479143493,0.0008378694684371991,0.0008437947625100044,0.0008379372563928014,0.0008387254488393814,5.059545492739272,5.062644491728931,5.129218464682733,5.061396737741296,5.105886480793145,5.1240121240767005,5.103444089653997
BAMLEMEBCRPIEEY,785,0.003725491935436864,0.003727683913521172,0.0036465913590133636,0.0036453620053843983,0.003659582896041024,0.0036715237754797667,0.0036462529453657527,0.0036550694162268077,3.5624734332056076,3.620408669001114,3.6024595639163497,3.592802347939783,3.615997157198699,3.599705451549331,3.6343612225946447
BAMLEMEBCRPIEOAS,785,0.009481485155603687,0.00953411774595818,0.009402079458536721,0.009417728341430637,0.00938694108762939,0.009432560638980955,0.009404557617557435,0.009396742188599197,2.6639213975949425,2.646217796530066,2.686154436330423,2.6951997887114674,2.6785996266534977,2.684190637667555,2.693054322747448
BAMLEMHBHYCRPIEY,785,0.0037950651241642403,0.0038002774370427404,0.0036740781249038007,0.0036754177249655505,0.0036790495933769173,0.003696080995308528,0.0036738781724215816,0.0037034786447187247,3.545724815531726,3.551442918951039,3.6370111057550387,3.626084677098035,3.630748339541759,3.635993786736111,3.630332502788564
BAMLEMHBHYCRPIOAS,785,0.00851554003493791,0.008544346388333117,0.008426228340760386,0.008429234594207838,0.008451830169564094,0.008516597816821488,0.008426690155921542,0.008437554730021305,2.752591285225307,2.7574979959762684,2.776390860009975,2.759595039920761,2.779469882962259,2.7744264451539364,2.7792062109000817
BAMLEMHBHYCRPITRIV,785,0.000949158469581137,0.0009449945999940492,0.0009101343898303554,0.000910687545905436,0.0009129260519158268,0.0009179852343650288,0.0009102776411927066,0.0009176758684477748,4.964022345310921,4.973234938704701,5.04690034963234,5.022774788932017,5.051630753338536,5.065301639297549,5.051032280950073
BAMLEMHYHYLCRPIUSOAS,785,0.008755522338611788,0.00877900117415795,0.008663624344151851,0.008669164730275555,0.00868530113124325,0.008755501280391145,0.008664344817319954,0.008678610202733304,2.7204293072156354,2.7178687946775173,2.7510187024397097,2.751803677278035,2.741877550734203,2.7490534833149916,2.7491053540463906
BAMLEMIBHGCRPIOAS,785,0.013647212747458937,0.013633346006022307,0.013621067359238228,0.013620669345715763,0.013656435478936559,0.013737907993941251,0.013620561831069673,0.013617589054571258,2.2767514183387565,2.2855083376269585,2.301461876529952,2.2919127093395133,2.28950973837516,2.2964963250000285,2.2926482386362053
BAMLEMPBPUBSICRPIEY,785,0.002886594122333015,0.00288040632565521,0.0028698912400823666,0.002870400794043429,0.002874710635328034,0.0028960870472863735,0.0028700225350055744,0.0028709316764531138,3.8254844074641854,3.8391894395600725,3.82945334479839,3.8220014514170417,3.851132729725818,3.8507593830780373,3.8507179434810914
BAMLEMPBPUBSICRPIOAS,785,0.011107496972890473,0.011099869409299464,0.011104166012378928,0.011102869649955547,0.011127675565215002,0.011195305743118326,0.011104002308260731,0.011082736612857157,2.4926381304161933,2.496957396209585,2.488327292326723,2.4873849246790365,2.4989697460482057,2.486363954578144,2.499358759093441
BAMLEMPUPUBSLCRPIUSOAS,785,0.01171426207916066,0.011703825035106356,0.011704741374276559,0.011703900184031136,0.011737659632903045,0.011808446282313824,0.011704542377769423,0.011694902644259311,2.4401575429388314,2.445728510076138,2.4448692833105103,2.443751198490358,2.44283317708609,2.4429046956405376,2.4460969600117592
BAMLEMRACRPIASIAEY,785,0.0038340708946234857,0.003820372970492954,0.003769947352869772,0.0037749990912830165,0.0037707273286181836,0.0038012270435736975,0.0037709333293303336,0.003783352226609236,3.5381070148613705,3.5425970455690976,3.5619734173807998,3.548437818603147,3.573329558810177,3.560007833183922,3.5757213978070874
BAMLEMRACRPIASIAOAS,785,0.012041495778138638,0.01202992776785001,0.011924361863338317,0.011926791393193088,0.011970302227989173,0.012040344596239207,0.011924476824869575,0.011940298076095554,2.395533756507687,2.4115183316036264,2.443299828317113,2.439103160780677,2.4182678964721336,2.439468863008222,2.436646458130753
BAMLEMRACRPIASIATRIV,785,0.0008381314127668424,0.00083438830347307,0.0008247498842461157,0.0008253977186722363,0.0008250824255666431,0.0008302214472304475,0.0008249206264820936,0.000826798292153286,5.0403953126809125,5.065399882393205,5.050638566032218,5.053615806234215,5.099824607693061,5.0985977919051795,5.099392770259279
BAMLEMRECRPIEMEAOAS,785,0.01133514112466953,0.011342981393192295,0.011321109245518091,0.01132338722963197,0.011357455112864713,0.01144080731227766,0.011321582809961993,0.011316843588641625,2.480231610709085,2.4797368212322097,2.4911987771874884,2.4855076966458935,2.475621114909186,2.489234039946168,2.486468841523667
BAMLEMRLCRPILAEY,785,0.0033975992269445086,0.0033946412704881274,0.003356144329674883,0.0033566551288478257,0.0033618756986756883,0.0033858738177443616,0.0033560231244500016,0.00336527913287806,3.6541974063239895,3.6541040359070895,3.698282271217601,3.7001556009589334,3.6853359449089678,3.696317193422386,3.696632450480095
BAMLEMRLCRPILAOAS,785,0.009105786154568897,0.00909287877198012,0.00900956980321589,0.009010262707886353,0.00903472929064878,0.009102971943007368,0.009009487478686544,0.009024060028759944,2.674536846116525,2.685173003738593,2.697540217834957,2.7094769162094368,2.7123132081343004,2.6955759793430234,2.710005126740241
BAMLEMRLCRPILATRIV,785,0.0011137294584993506,0.0011129073409466245,0.0011036325476687563,0.0011038472548065646,0.001105385844137958,0.0011133110331335782,0.001103681417015835,0.0011051071594111912,4.796739931664436,4.78922301617217,4.840628887259612,4.826289473004206,4.82092605998136,4.835679663702391,4.830917031094347
BAMLEMUBCRPIUSOAS,785,0.010131409964150552,0.010133413567154671,0.010088251298010463,0.01008943839679868,0.01012092275563444,0.010190082747528107,0.01008824899184242,0.010088495157584776,2.5697222620183346,2.574662306059229,2.5830624396030295,2.585226271978443,2.5968522129012,2.581099384584362,2.5941853288457346
BAMLH0A0HYM2,785,0.012046809432731568,0.012137189490789079,0.011897260875058465,0.011902950837661904,0.011909987920649087,0.01200768582576112,0.011896677654443076,0.0119072181700387,2.410467367096722,2.4181270219483313,2.4289173573251137,2.445841714713835,2.4375340268289296,2.426956903153505,2.444253321897064
BAMLH0A0HYM2EY,785,0.005400912101942294,0.005413842386086347,0.0053956224308851,0.005397257659771378,0.005403708070604482,0.005444298048006698,0.0053964233131832675,0.005390165984226625,3.223883238188931,3.220374227082771,3.218712636566815,3.2177040258992005,3.2114889700091194,3.2167483173855564,3.2262406268426433
BAMLH0A0HYM2SYTW,785,0.0051761231927327424,0.005189069115565039,0.005174235886649647,0.005173738749253756,0.005181144682359575,0.0052194023382602355,0.005173910420737297,0.0051663418228118495,3.261370413969744,3.2590453726460766,3.2571313374519466,3.257405237504176,3.2252783926646313,3.268006402583026,3.262237175982682
BAMLH0A1HYBB,785,0.016912385607958005,0.016996781390812975,0.016728986813476347,0.01673364861696984,0.016750290001208763,0.016886394872566043,0.016728586164298852,0.01674631412694364,2.0616172541594597,2.075284158728259,2.082860802953974,2.100101338031785,2.089184468649574,2.0809041310759993,2.096367563042916
BAMLH0A1HYBBEY,785,0.005702058148393219,0.005708170126832634,0.005702083669350556,0.00570156851764131,0.005711593621586445,0.005756412091070861,0.005701860203767057,0.005694336067467785,3.1666196574942655,3.1658174832802715,3.153916723971551,3.1549540500465456,3.1499982264746533,3.16685675735356,3.1664940949147033
BAMLH0A1HYBBSYTW,785,0.005353378341425389,0.005359802054809791,0.005356557102906309,0.0053562986851664945,0.005365334968652439,0.005404197796797797,0.005356239250418683,0.005347729091790822,3.2266273218620536,3.22715163458185,3.2222879923623875,3.225751943870453,3.2269135505072772,3.2326200124195372,3.2326476883564066
BAMLH0A2HYB,785,0.013226843481204892,0.01330145144110441,0.0130760030340841,0.013082255226788594,0.013087862920753058,0.013185888883676104,0.013076164313539385,0.013078980386359866,2.322004756233585,2.325092762646735,2.344128338407836,2.3562439264467767,2.3483887288839145,2.3421655434690156,2.3534133388288083
BAMLH0A2HYBEY,785,0.00611032065701312,0.006128785953321391,0.006097836393791563,0.00610202968944475,0.006104455291466032,0.006153709041137395,0.006098664888597974,0.006093932081362725,3.0949617518805312,3.0906916340277437,3.08454016043181,3.097541634316212,3.082580848532981,3.0825797382846902,3.1013099173248353
BAMLH0A2HYBSYTW,785,0.0059270074521869205,0.0059409988794272535,0.005916793426167006,0.005919834440833991,0.005918816416055486,0.005965651279376124,0.00591712460837319,0.005910337977595753,3.1302295922969527,3.1248719501271545,3.138255711576015,3.1302359261496204,3.1159182412259785,3.1362909305735363,3.1368192141678404
BAMLH0A3HYC,785,0.00703170183818046,0.012716291146078034,0.006947408410801253,0.007142400400929736,0.006953949140412918,0.0070288810253689785,0.007042658142748584,0.007011710201711548,2.979505816729988,2.3002548844864603,2.998080261791093,3.0060183174152457,2.9417938557319334,2.996100721158867,3.0028871220766766
BAMLH0A3HYCEY,785,0.004925215351680537,0.004951077939575549,0.0048956206224776005,0.004898821807953816,0.004893369293091073,0.004924605113616921,0.004896119285597151,0.00489013579212377,3.305405878601707,3.2990271734118286,3.3298147673330543,3.3355624300028266,3.3207083529210113,3.3278500395491863,3.3321572037874176
BAMLH0A3HYCSYTW,785,0.004884131498307414,0.004905096703982509,0.004844146750451162,0.004847132228602864,0.00484373151679037,0.004873934871211887,0.004844738222859097,0.004841807139819565,3.3092659095089645,3.304267259547062,3.344639501670634,3.3486774407649778,3.3389182966798026,3.3426745621667697,3.3450032442395305
BAMLHE00EHYIEY,785,0.005322392160882608,0.005339757040133221,0.005175603409420632,0.005180535997606336,0.005173943421768255,0.005213390332110558,0.005175846921492262,0.005192907718562383,3.2538149946624295,3.2247569547460895,3.311907680054828,3.3294200448208473,3.3205121605846926,3.309942700379445,3.328361461365224
BAMLHE00EHYIOAS,785,0.010102362070263044,0.0101317657461838,0.00992518929024597,0.009925292216432145,0.00994370242641552,0.010017325701143802,0.00992488855260631,0.009953675219017081,2.602646544675803,2.5923983887002473,2.647741464838902,2.6486391745607616,2.6325111773328547,2.64577629173077,2.6454045656151854
BAMLHE00EHYISYTW,785,0.005233548203904279,0.005240309453001787,0.005064331700396482,0.005066971796512168,0.005073516038822944,0.005113518533102581,0.005064213199305056,0.0050891134256271595,3.2550611074925104,3.264350359220861,3.3566531030966336,3.331369671314965,3.3476899862088656,3.3513939337242684,3.3453453215857447
BAMLHE00EHYITRIV,785,0.0007679226134515689,0.0007701117478091115,0.0007137029973652463,0.0007144267008045353,0.0007129333789796841,0.0007168430199670262,0.0007137900502038962,0.0007196117178578958,5.227263903584544,5.2248927017222435,5.331208093601161,5.316510613785925,5.369172696753973,5.368551883441526,5.366815513587584
BAMLHYH0A0HYM2TRIV,785,0.0009960263200999113,0.000999983561048672,0.0009905968559847842,0.0009908112235155761,0.0009910541801096998,0.000995544803449159,0.0009905849279726328,0.0009890069631004255,4.923701215538326,4.905042456610471,4.934532180240889,4.924854760835324,4.930865376649898,4.9389296397483795,4.939641998081148
BAMLHYH0A1BBTRIV,785,0.0009159204218876704,0.0009185576606018105,0.0009123293600718792,0.0009124295870324528,0.0009138141758608027,0.0009191813636321775,0.0009123247689580713,0.0009113121501007914,5.00676144176358,4.99223080976654,5.011388451403723,5.001440055330811,5.009669537390116,5.018958110174714,5.015638480264127
BAMLHYH0A2BTRIV,785,0.0010392015822669656,0.0010441304575227368,0.0010339022533958461,0.0010340714509025372,0.001033514926786204,0.0010383174537607015,0.0010338587337798313,0.0010316818281080275,4.886276131394017,4.86478820136332,4.894333976278011,4.884645400192203,4.890459913830506,4.891755494484124,4.897269408438477
BAMLHYH0A3CMTRIV,785,0.0015269592811692238,0.0015368176126968605,0.0014980017626869905,0.001499564319827684,0.001494629688154482,0.0014992960764465772,0.0014982737815377076,0.001497243546053114,4.467916226069945,4.4592388738006,4.50005754130155,4.50868750966848,4.515996771189782,4.522195678407073,4.518627839635695
BOGMBASE,808,0.011901757108755698,0.011814971635015827,0.010220003732752015,0.010229133352506784,0.010134762383383159,0.010204010269777557,0.010219701144438759,0.010320856721646418,2.71292443449027,2.838010007722614,2.8703842416272214,2.8845379641518494,2.9783232905654655,2.997557894426921,2.981690285039728
BOGMBASEW,2383,0.005720505041762424,0.005719984432193704,0.005105930070259726,0.005105925207477814,0.0050539760499534875,0.005031808475478319,0.005105409361447914,0.005098380602284938,3.230743393378956,3.323473975739657,3.4494958191155782,3.4914357507836837,3.563198041265351,3.5334143211641105,3.569013511421177
BORROW,808,0.39130650228419206,0.37628837998043585,0.32053600963316603,0.32098508914894014,0.3165176755107104,0.30990425804091476,0.32056429346639653,0.3286987438570622,-1.3443758006942443,-1.0068794634164022,-0.9228209300654836,-0.9199759826970133,-0.8669185753901641,-0.8630880071833259,-0.8695833619011224
BRMTG0101,2089,0.010136566628256601,0.010146691078036507,0.010085135407194377,0.010088699986493994,0.010111307615774782,0.010171575540990697,0.010085866981890405,0.010086533832921938,2.6093293083591864,2.609306158635637,2.608186269540199,2.6147169459136586,2.614502437701079,2.6071138654699717,2.6239584195012755
BRMTG0102,2089,0.009385427004852497,0.00939200297523321,0.0093323230521263,0.009335066309259744,0.009359133363459456,0.00941520457795622,0.009332652819466599,0.009335916021118159,2.6804374224556415,2.6843727223380736,2.684403297726605,2.682043080117014,2.691158275676122,2.6833310764646576,2.697470975701211
BUSAPPWNSANER,1067,0.14597832532261487,0.14466338767745207,0.11638564454046481,0.11652030910582704,0.11714534776319555,0.11701424977212813,0.11639906634726739,0.12166361907273551,-0.3308300685815648,-0.06857093555276304,-0.021987213662861584,-0.05409948074724244,0.08146014692268522,-0.023437585913473617,0.15277031781844977
BUSAPPWNSAUS,1067,0.14680174436462076,0.14563498455197937,0.11632355367452496,0.11644824592108295,0.11706091277269354,0.11687340920446644,0.11633308954550851,0.12153938969608594,-0.339579554678768,-0.08449472337183037,-0.022030239342532176,-0.055879981222382184,0.0719057250876794,-0.024937982053599875,0.15422333851481473
BUSAPPWNSAUSYY,1012,49.557749246899625,54.91491227912916,21.542456066451724,21.86894680610347,21.995213541351802,21.748723854750295,21.630800786902853,22.160827682032227,-5.008124695982745,-5.316143505258116,-4.6086104565327055,-4.630890912321003,-4.614473977109586,-4.610283441450766,-4.608231616926132
BUSLOANS,953,0.004615886062460688,0.00446059148923939,0.003960908145171249,0.003962061896767191,0.003966848300745432,0.003925759965588592,0.003960462969050082,0.004042206855393932,3.3603408429153903,3.5224853099684252,3.4487701594022204,3.5309169041659634,3.5919700817682694,3.5987494884657902,3.5952509484361244
CACCLAIMS,2102,0.041117932392279184,0.04101518705873582,0.038928800900984356,0.038930169718888775,0.039083732297354894,0.03905994976506894,0.03892649183311031,0.03925221396182894,1.17170896604004,1.2153259657683517,1.2807514184189628,1.2398760703009748,1.2739788033213777,1.2786483231190067,1.2777005625529525
CAICLAIMS,2102,0.076823232706372,0.07669488257331773,0.07513707408488302,0.07513040142812943,0.07522110625333557,0.07563056015262133,0.07513376517900873,0.07543142624527359,0.5727261978639311,0.5934333349438675,0.606375860824818,0.596639321280497,0.6045993063725507,0.6216163322134461,0.6128534748244573
CASACBW027NBOG,2791,0.02780852471931153,0.02776345776102914,0.027408291472169517,0.027405093318597487,0.02733178407679968,0.027524988269587772,0.027407974309607085,0.027431010208646436,1.6078476964515573,1.6364454497327556,1.635650334336658,1.6467269913737628,1.6563240503344698,1.6452985427502416,1.6645449636690786
CASACBW027SBOG,2791,0.017992664634532397,0.017918594584274236,0.017635586821254975,0.017634609718816276,0.017643160376436647,0.017761732381875252,0.017635028733374036,0.017697237156337236,2.0223776149785606,2.067041411866345,2.0459065642209993,2.0410693287666533,2.074296907678611,2.056738351521129,2.0857504415535675
CASLCBW027NBOG,2152,0.033215434795372416,0.03315731828659045,0.032828729001808894,0.03282798941655686,0.03273044363248001,0.03295459574718189,0.03282860806589529,0.03282044531671069,1.4230372712197308,1.4387836875932989,1.4436813878879537,1.4597805131487203,1.4445064527790998,1.4525043788778682,1.4626721558832527
CASLCBW027SBOG,2152,0.021478284033060416,0.021395691782249013,0.021100017296433366,0.02110056623975585,0.02114946492032831,0.021294545540742213,0.02109951125464203,0.02117200517521028,1.8331153611731397,1.8804938633419679,1.8635494355997462,1.8562454937289132,1.8718921277916336,1.8607962351617435,1.8882594858481725
CASSCBW027SBOG,2152,0.016484840182760193,0.0163871445154542,0.016066177693696594,0.01606637135831496,0.0160321843404502,0.016095679489135546,0.016065340068401896,0.01611973726459475,2.0660796190463038,2.105911376860123,2.1191314268465824,2.0912040167584798,2.129176533006159,2.1300557249891297,2.1379380087651683
CBBCHUSD,3123,0.02729997906016883,0.027327338338454233,0.026274234465517764,0.02628915964984096,0.026306217337203633,0.026464494130365064,0.0262757585173787,0.026366534688423184,1.569585033732014,1.61838171848602,1.6533223021784471,1.6405913848121727,1.6863350048543104,1.6680134519144876,1.686639880737249
CBBTCUSD,4209,0.018489209431601834,0.018542834234547553,0.01803075447563211,0.018033157875865204,0.01804355283816621,0.01811429604765598,0.01803188374852944,0.018020825928684196,2.0163534464662725,2.017552584996636,2.0853830070710266,2.0770367911422705,2.0930383409959057,2.084717341726502,2.0950443477572747
CBCCIND,1972,0.022529282973795604,0.07169941721765276,0.02147018932046109,0.023118762635463527,0.021499954218329276,0.02177406065009675,0.02266900210921018,0.022020635346558848,1.8065420335607203,1.0160468246822225,1.91408207315882,1.9085128987808468,1.7395372459334986,1.9129587405728616,1.9078167900889988
CBETHUSD,3707,0.025278832207725994,0.025265226904641478,0.02479413844464956,0.024793291535011214,0.024821562070503705,0.0249464975276093,0.02479361738848323,0.02482626669749255,1.6711374915025994,1.709462008323166,1.733148784395044,1.7231738680706348,1.7530663629033576,1.746181941720188,1.7536152625480912
CBLTCUSD,3617,0.0266448586459173,0.026790787773485175,0.026174388763899093,0.0261748866650293,0.026210436737889767,0.026357734699805617,0.02617270539082487,0.026257556618485993,1.634098192843445,1.6489485895312195,1.6899445586072555,1.6774690398310468,1.696872226201888,1.6914259555113411,1.6972727820659885
CC4WSA,3100,0.0057131395636692865,0.005537463362752727,0.004107076935157629,0.004107796548808693,0.004092562162996992,0.0039018204105045508,0.004106812322307238,0.004145419124836206,3.5185021897918483,3.593916819421226,3.6564631682546254,3.626777236911174,3.6782200514875987,3.6800985623758917,3.6823215676310483
CCLACBW027NBOG,1357,0.019233141601382394,0.01829055353084165,0.010225739073321466,0.010272286767132363,0.010045609645317791,0.00939454777225052,0.010243270315104996,0.010699848200870008,2.0840377051812413,2.839240563920072,3.0518075711720973,3.030085935994138,3.061899677952168,3.0759346501954563,3.076256882978299
CCLACBW027SBOG,1357,0.020508765357928525,0.019491243217293865,0.00940853937166266,0.009455581414690419,0.009189041362931865,0.00853434784416527,0.009429872813513464,0.009959522582827734,2.1439483314497942,3.3081877483290456,3.7029598466755353,3.6826626860292717,3.7739772685384145,3.761358610822576,3.773157585352699
CCNSA,3103,0.02975562844306629,0.029734056420110417,0.02720036614221726,0.02720361416470036,0.027150481494545846,0.027231614816480978,0.027200536699300466,0.027438888327974812,1.462668539639928,1.5130467624543171,1.7085811923902798,1.7262254197705746,1.7159028669492267,1.7191216252444677,1.7282964080106586
CCSA,3103,0.013952490344125976,0.013718188460848353,0.0114246858649619,0.011426253606130064,0.011425880579980131,0.011290106092348231,0.011424553010515117,0.011523355099482544,2.3916208261474297,2.5117377445630624,2.5687016850771918,2.5528773557868347,2.5764687703124762,2.580652602451363,2.5790483631286283
CE16OV,940,0.007570502779816531,0.006708599883314519,0.0038697398745169494,0.0038750874063112964,0.0038543144846948404,0.0036086164904701582,0.0038727706747614487,0.0040427640463466434,3.72946879961546,4.085770144202314,3.8568593514786627,3.2661143225340616,4.154838336649037,4.139961384767452,4.163546871698353
CES3000000008,1049,0.0015569593672710936,0.0015555378513777657,0.0015392834073331655,0.0015400728437018338,0.001540349879760264,0.0015442987967785515,0.0015392491077619857,0.0015390833327375234,4.445933190319747,4.461634992448421,4.508093645004104,4.495224965588257,4.4998515645763675,4.506442600798833,4.503956426774409
CES9091000001,1049,0.006189369418236758,0.006196405905738573,0.004370075606130833,0.004383626161625128,0.004258841298140644,0.0041571264615215845,0.004371928413893682,0.004361819219429901,2.9591630475987905,3.142490517554634,3.380433271232704,3.395146638971345,3.640759481000303,3.5286876085324486,3.6394450013691304
CFNAI,710,1.4731152829702687,1.285639213648185,0.7087533812231678,0.7106830921684775,0.7123237774778923,0.6355212536657925,0.7092094856158129,0.7429658241818076,-1.4522143261996325,-1.1651280804075115,-1.742427156769067,-1.655742371561563,-1.0710051483458278,-1.0787405853395033,-1.0641122288573674
CIBOARD,2152,0.0025471371257002255,0.002475895832729674,0.0022129327322280186,0.0022137058257238147,0.002193290078743957,0.0021813260850743078,0.0022129740547351157,0.0022261616334316604,3.918473198629354,4.061424942726687,4.085612965094673,4.082931567469445,4.127088143741376,4.114248460779875,4.134047281507915
CIBOARDNSA,2152,0.003265115604494597,0.003201470332330307,0.003026165886930274,0.0030262528783030584,0.0030231541936633,0.0030051350234065713,0.003026210646518837,0.003050010940247329,3.6386742639197855,3.7605597569942733,3.7699720970635484,3.76194910394235,3.786698827029041,3.782304872080729,3.7958406302618983
CILSCBW027SBOG,2152,0.0024675895495223387,0.0024937891321295132,0.0019235708324761426,0.0019241081849705644,0.0018670350536744867,0.001845687220831243,0.0019238481116726945,0.0019127571203278464,3.9700517077671416,4.142935579590289,4.204229376070891,4.252139455716347,4.3507918385658035,4.342769273316835,4.354880969429116
CLF16OV,940,0.0016643344505291027,0.001619440414050416,0.001503062738157333,0.0015030837467074967,0.001507184935754014,0.0014818736428255266,0.0015031248476755996,0.0015226579176759836,4.330301912376676,4.498570739222653,4.338551330641706,4.325747077588479,4.5417034071235465,4.542811599125205,4.544906787592132
CLSACBW027SBOG,2791,0.006004669839736375,0.00569952846484103,0.002970745298101243,0.002972484726610607,0.002866632208401842,0.002707281306707825,0.0029718996602337414,0.003049516339813542,3.5757901066573496,4.12373168246628,4.333735055705471,4.321778706052751,4.391264754190112,4.372084323613297,4.393618793640241
CNP16OV,940,0.0004770488424803688,0.00047892738569446766,0.00025078076725002174,0.00025281839924598743,0.0002461297025860027,0.0002299846942643472,0.00025139849783226966,0.0002493989764115418,5.49059630810472,5.6018095315614165,6.249880542059641,6.155557754781829,6.4197031811550955,6.310728512291968,6.41891467050853
COMPAPER,1331,0.021639754175852167,0.021587625034659694,0.021558290804574453,0.021566594371520458,0.021455036459658374,0.021568731053105625,0.02155874603118613,0.021520156082406573,1.8146986917424077,1.8241981279066353,1.8354327146828517,1.8464759493213856,1.8230133061514202,1.8340013130528423,1.8450665732698488
COMPOUT,1331,0.00962377304357999,0.00962271673818096,0.0095196453279255,0.009517175487556592,0.009516603421221643,0.009563167502531392,0.009519140158435354,0.00950288184870952,2.6091310148277955,2.6552185055791244,2.6040859668011276,2.6224679933237933,2.648211730957973,2.623942164914918,2.6636200031465216
COMPUTN,1331,0.008422347959008519,0.008410007883063682,0.008322816652442043,0.008324530561655127,0.008343204821352965,0.00838953952713965,0.00832321271774987,0.008345922184702505,2.744391285540572,2.7669943397584285,2.7829399672974353,2.7735626348196414,2.78517221499049,2.7815125030371664,2.7890102076988934
COMPUTSA,700,0.03508726503970824,0.034962849352104274,0.034926749340880456,0.03492109225362558,0.03498909390457435,0.03515693785433433,0.03492583741193458,0.03487928465465955,1.3737043459093405,1.3681709625206513,1.3646761441747033,1.3616043127733612,1.3446633597126565,1.3644789042969407,1.3701228459438541
CORESTICKM159SFRBATL,701,0.023640855812035726,0.023700409516327486,0.023563421754899058,0.023553973737307436,0.023621424476130814,0.023685791408109457,0.023562024426245127,0.023504835423284413,1.734553739672258,1.7579855390584749,1.7806879474671948,1.7024947023651398,1.7536000617784109,1.7785914074220586,1.7652158799486204
CPALTT01USM657N,829,0.1812183989091346,0.18148451516936792,0.18107538282251545,0.18110390534752469,0.18140066660268717,0.18278021423055835,0.18108103469503817,0.18100254373058997,-0.2727059839614612,-0.27347291682556085,-0.28817684989854353,-0.2907281863176374,-0.28626234151156127,-0.2900723346157027,-0.2730098376736932
CPFF,4715,0.04505467963221638,0.045687312370681056,0.04278340283690627,0.04279165939981071,0.042680728288789875,0.042562881767943456,0.04278325723085302,0.0429229272443896,1.379235288308157,1.3944818757939714,1.4269825988351,1.4115144033641496,1.4632741028539435,1.4452336881855412,1.4695171832288196
CPIAPPSL,952,0.002615888422979097,0.002607196842836818,0.0025935306156486568,0.0025928623644477593,0.002595020860063566,0.0026076024035481026,0.002593453693323421,0.0025905898985206406,3.9456228967284592,3.949077589171215,3.9525939119214892,3.950797111272346,3.956442803202207,3.9673452170876597,3.963673899553001
CPIAUCSL,952,0.0013321180683198682,0.001332823020482153,0.0013137853818942261,0.0013135041419657326,0.0013160720178884843,0.001319810985557296,0.0013137010542253048,0.0013126113862508948,4.579623113857512,4.607020712008745,4.573423265063866,4.5893086810399994,4.584706923436418,4.571676984572455,4.626730858927895
CPIENGSL,832,0.013269819107984094,0.013341032163983706,0.013185560409203356,0.013190506264492589,0.013152706696174193,0.013197668473016162,0.013185757866403336,0.013161268451489691,2.331292969096636,2.325586500233907,2.387075598432423,2.3828594237611607,2.3835297766277557,2.3851758960676097,2.385309425714126
CPIFABSL,712,0.0010965686297068763,0.0010901774149274799,0.0010813762615623148,0.0010816646942088841,0.001083061131478194,0.0010907475862062365,0.0010813806997308475,0.0010825400536930412,4.754596446874637,4.81015026206734,4.848977025945331,4.773681238803484,4.819645812919363,4.844722560811774,4.826104630109819
CPIHOSNS,712,0.0010966848994311048,0.0011014445029297216,0.0011010959191555512,0.0011023357649542188,0.0011010254602955964,0.0011031667790727339,0.0011012188363390884,0.0010981389427815998,4.835684627291277,4.82844910463004,4.8211810779122155,4.819707980743945,4.813668145695922,4.819102236944469,4.833660219436114
CPILFENS,832,0.0008612399702869429,0.0008568873103194276,0.0008514039363152636,0.00085140045950412,0.0008531507161331213,0.0008553703271808382,0.0008514171313502641,0.0008515124403331212,5.099300659721884,5.127936024130883,5.103616991287589,5.064632898427943,5.106931487913362,5.115437667549044,5.1267717535602975
CPILFESL,832,0.0006164226028861192,0.0006198364895040971,0.0006210282472271703,0.0006217897314803937,0.0006130536566497311,0.0006103399916107281,0.0006211179438262948,0.0006147020760818546,5.41456704110593,5.416933803499875,5.393544440605069,5.419794485294162,5.425029476283182,5.391647650651468,5.446708829061959
CPIMEDSL,952,0.0010241892600409924,0.0010225185953360927,0.0010206773082327037,0.001020009799599217,0.0010196599416737208,0.0010155239713740029,0.0010204221841722905,0.0010175824647182556,4.934701486200491,4.943023216049287,4.9032971816236905,4.907269974255717,4.884328999979807,4.901550789853552,4.940860352726391
CPIUFDNS,1360,0.0036005414630140074,0.003580068172745643,0.003489883990695733,0.003492818625672461,0.0034738759152477595,0.003502507141628989,0.003490455162788202,0.0035000827348584027,3.764829453334557,3.836408416412491,3.810785607758888,3.794792035615124,3.8783979667195063,3.848827773919426,3.877500530300731
CPIUFDSL,952,0.0018058500639791311,0.001792898916975228,0.0017463948126140833,0.001746861863760064,0.0017463224109445978,0.001751272898100703,0.0017463298025442607,0.0017579728743769623,4.368021379779268,4.434958285010246,4.437942436682237,4.384495305074766,4.42393829556466,4.43268464484833,4.449030624161734
CRESTKCPIXSLTRM159SFRBATL,701,0.04400833958481118,0.04411208076659527,0.043740996867123474,0.04373127018406242,0.04385202919702502,0.04403836696620173,0.04373890058345253,0.04376230762580894,1.1717216536350086,1.1757226826311875,1.1903274240236752,1.1847669655808621,1.1719209469899878,1.1856064861151465,1.1848868284715568
CUSR0000SAF11,892,0.0021870770233938003,0.002189435280990485,0.002143844102520523,0.002144510809576392,0.0021413944707343886,0.0021512903750915907,0.002143607442196651,0.0021434408468662416,4.059876590095886,4.134616557490736,4.158604712284973,4.096807012094152,4.158993065161623,4.167185646750925,4.159604512035713
CUSR0000SEFV,880,0.0006845072061203867,0.0006845753231451949,0.000686627413242809,0.0006865048342876248,0.0006861089394531769,0.0006883309728836379,0.0006866353847886017,0.0006843122040721603,5.314593561340172,5.314530698228976,5.296728035134135,5.312225977195683,5.284169470772535,5.2929061306129315,5.318357463504002
CUSR0000SETA01,881,0.001643767948308508,0.0016575711666951879,0.001620571809343667,0.0016208245108625837,0.0016225109823522483,0.001619785240238512,0.001620502298079875,0.001616395433301512,4.415398672013824,4.3891909701509855,4.457305388797519,4.457054972909934,4.449600885387531,4.455469735561739,4.457142315321217
CUSR0000SETA02,881,0.004629497112272868,0.004634235481012333,0.004482548124399117,0.004482541283995778,0.0044831164642702495,0.004518686570128315,0.004481787113291192,0.00450517211799856,3.4274586356087853,3.4290732223356493,3.50869337219208,3.5098798465719923,3.491633795765004,3.5037013029439623,3.508928440380897
CUSR0000SETD,712,0.0015164686240788467,0.0015173790767561955,0.0015221489020776024,0.0015217739742816882,0.0015200304019601788,0.0015250789032815067,0.001521909531720685,0.0015153084144547953,4.637912402786617,4.635038039015128,4.644230676421897,4.643517796512169,4.6363683382557,4.642152420441588,4.644532885030634
CUUR0000SA0R,1360,0.0019610778377516943,0.001959607009674932,0.0019355798894071113,0.0019366817118644285,0.0019335305522951262,0.00194359098139264,0.0019357959886111009,0.0019348519445689548,4.260636295923825,4.298242292818305,4.274359417596396,4.272805093071244,4.280312328134008,4.2753178872476,4.299536962158726
CUUR0000SEFV,880,0.0007184939613301964,0.0007204588054895396,0.0007214028059665372,0.0007215892422218239,0.0007208552632663839,0.0007220781920437662,0.0007213987632104161,0.0007189773833552125,5.280052192902634,5.274547766145619,5.264182593422009,5.269580326978037,5.255252939325597,5.2623449377552705,5.281117920669092
CUUR0000SETA01,906,0.002374025045408237,0.0023797876909980903,0.002318910135240547,0.0023168958445338467,0.002306304462757355,0.0023042199286171616,0.0023187863402700177,0.0023058705617183105,4.057162097951924,4.069672001372072,4.119880770528429,4.122506870405732,4.096256724034492,4.1321771321302165,4.122310561697844
CUURA101SA0,1094,0.002014480357422642,0.002016568601633035,0.0020526306676480876,0.002050935759105327,0.002029601760793213,0.0020283080443647145,0.0020524191694986696,0.002021312768769075,4.224092375720188,4.218877294061726,4.166809136219597,4.190125922213429,4.147967739705637,4.17194602384625,4.221852034966413
D2WATAL,1229,0.013586912303556593,0.013426757962339643,0.012492037904123078,0.012505230006969143,0.012481612559228202,0.012622296876671652,0.012493607163256693,0.013215416615356213,2.38659603401266,2.3860682326132587,2.4357267486513043,2.440424164769317,2.435646894578168,2.432796821170917,2.444293087570085
D2WLTGAL,1229,0.21358743356690882,0.21459786284259075,0.21202818171942708,0.21207416891030836,0.21231789725054775,0.2122143828389012,0.2120741464655188,0.21143496495304429,-0.30222295307442265,-0.25998064303818813,-0.20190204201614237,-0.194520607765574,-0.18605989212598906,-0.20340538176968442,-0.17769658164198593
DAAA,5385,0.007365367626361931,0.007361382886745763,0.007333863038933932,0.007333791110763624,0.007355068822369603,0.007399662074752522,0.007333836291636294,0.007338545031504804,2.977382994587843,2.979434043454544,2.975995391592747,2.9697191080485723,2.969860066238514,2.9739258542479203,2.980816103712207
DBAA,5385,0.005524262041514299,0.005520799838956476,0.005505491546684381,0.005505542115842617,0.005519245686674305,0.005556919542093339,0.00550545705968659,0.005507664869473437,3.2342125334043135,3.238748926650629,3.2351348747780877,3.22808762311205,3.234298814001441,3.2351696127152008,3.241300495807821
DCCCLAIMS,2111,0.045599336975985845,0.04656562224345924,0.03911942349823096,0.03917571631153355,0.03908836531280929,0.038802609015201994,0.03913449078284822,0.03978741999776459,1.2628024807977822,1.2591729873867075,1.372374777841975,1.3748823951027849,1.4353631536270437,1.4215022555581331,1.436580165958049
DCICLAIMS,2111,0.14016663590098108,0.13987276525143316,0.1364138103019305,0.13643514623187714,0.13671226885721804,0.1374522883882425,0.13640937071082818,0.1371965193913194,-0.06160480944231448,-0.017712807332635926,-0.025273311296812824,-0.029545597001311867,0.008434625549202745,-0.0013548322639383304,0.011261798762238706
DCOILBRENTEU,5447,0.013042594061124485,0.013092826158987478,0.012870092482329322,0.012869759889840082,0.012907756620392547,0.012953188308761264,0.01286994293671374,0.012898329950395367,2.4283712440813674,2.433856541155998,2.431126022490154,2.4343743337867205,2.4444768332086335,2.435128963337743,2.4464784353361093
DCOILWTICO,5400,1.0049822773228974,1.001223035627168,0.9557571386595264,0.9557798448131837,0.952688855006211,0.9505653399863424,0.9557417129347557,0.9582769577105709,-1.913988853869918,-1.889801368192692,-1.8869962241239495,-1.911958027255484,-1.8735284710046645,-1.8807900073168253,-1.8684197430178253
DCPF1M,4057,0.0840476393289225,0.08435580003920305,0.07975966065124102,0.07977604196406793,0.07998543911388532,0.08015568282075823,0.07976463283085614,0.08004013339637571,1.1983074422733972,1.2069991920851553,1.2318836468856036,1.2228252245542448,1.258559781140694,1.243770644774805,1.2680495146227346
DCPF3M,4715,0.06283446497734327,0.0633280949005122,0.06079465774503787,0.06080307226394874,0.06097682430231086,0.061274388016483695,0.060795753948145466,0.06099008512552416,1.370901704383299,1.3711199028575438,1.3852777708346644,1.3827347594623585,1.3969321008438653,1.3854969405033197,1.4036223025119254
DDFUELLA,5392,0.013251594889330047,0.013245699694570186,0.013061979076347359,0.013061477688564523,0.013099990239309686,0.013178310648455288,0.013061750250924526,0.01309549200209817,2.378463163647284,2.396801746701019,2.3873741065795038,2.390045638647604,2.40153766555879,2.3865480462330138,2.4088621183619883
DDFUELNYH,5036,0.012158681045103517,0.012167131957623452,0.012058039000255566,0.012058802062344857,0.012095155516493043,0.012172392037486868,0.012058011106836894,0.012074572327436478,2.469929358533766,2.4827111402181985,2.4754638511262463,2.4738815048885114,2.4881829069953008,2.4781444913753137,2.494115606797547
DDFUELUSGULF,5036,0.012592520115483586,0.012603369878763364,0.012480656675270057,0.012480781769093794,0.012526199503588093,0.012595005705549047,0.012480391927723216,0.012501699859265622,2.443089644421677,2.4546169213101026,2.452359814577898,2.449209737489189,2.4599720349259098,2.45399571764639,2.4646921743756156
DEXBZUS,5391,0.005248848132077162,0.005245835636232461,0.005187742197045012,0.005188163140569023,0.0052010595170275805,0.005228430794448054,0.0051876978191159944,0.005194203933240201,3.2853058887713917,3.3039321148779024,3.2936029851998265,3.288620596917317,3.3122511569911066,3.307989496284555,3.31671521143569
DEXCAUS,5391,0.0028782734984739767,0.0028758262355924233,0.002861955123812556,0.002861988445449777,0.002870851140099506,0.00288960715556537,0.002861925629424311,0.0028648178946442055,3.9006230583232537,3.9104869255231764,3.910289912383033,3.8968181181453057,3.9113210225669484,3.910969159335213,3.915725897632757
DEXDNUS,5391,0.0029803982943209335,0.0029786081774742434,0.0029695802607095528,0.0029694963991935795,0.0029791487898310673,0.002997620151918206,0.0029695345971282507,0.0029710422080051558,3.8497181772999123,3.862950772119292,3.856865824046692,3.854463520685451,3.8614434771374406,3.8548686608721288,3.8668531674761617
DEXHKUS,5391,0.00019688914422655,0.0001972223944843223,0.00018597742013349287,0.00018598751790115594,0.00018653176574943804,0.00018655601882925946,0.000185974410872406,0.00018636713223222015,6.631607699867254,6.699434691247365,6.764298915862894,6.751946821328393,6.790714152947738,6.775780229028151,6.795773325429009
DEXINUS,5390,0.002310212263296683,0.0023129455981065125,0.0022836525554281203,0.0022840767830460264,0.0022911011216814247,0.0023049980195428057,0.002283719322518795,0.0022874196384296474,4.136299570235476,4.159390727307346,4.17110744033408,4.159919147864484,4.1865047050935305,4.170812597215952,4.186575956902335
DEXJPUS,5391,0.0033502708333650764,0.0033506066288972545,0.0033206898370289994,0.0033207002601532394,0.003328606388332757,0.003348421842619083,0.003320704188626896,0.003325068452648458,3.7070865042920857,3.737646524723954,3.732459155406541,3.7311187661874046,3.745180422938144,3.7329993260704764,3.7503808954232993
DEXKOUS,5391,0.0033956134515981313,0.0034027042487624853,0.003367154938288823,0.0033673825389073085,0.0033770506257310515,0.0033998295137146104,0.0033671322141515673,0.003369784485927738,3.759602316858441,3.772341507757327,3.783210454611716,3.773001237856978,3.7829796578214654,3.7862075408034817,3.786059454803754
DEXMAUS,5391,0.002098855563237716,0.0021028949481025653,0.0020942012629579106,0.0020940087866198834,0.0020918194915806147,0.002100879631074895,0.0020942396175813237,0.0020841550905237264,4.212941017501445,4.23386201915201,4.229624931349845,4.230265170385834,4.247435962830666,4.234857936367354,4.253401539440354
DEXMXUS,5391,0.003996426180103795,0.003998517332845371,0.00394774947736683,0.003947910149391263,0.00395942983271169,0.003985924655824279,0.003947747831459328,0.003955669733791816,3.5849590913167133,3.587725443439128,3.585951737038778,3.583324352713956,3.5939168752625217,3.5881080670549004,3.600171899957222
DEXNOUS,5391,0.0043017178097505444,0.004299440325705323,0.004276821233369209,0.004276761243974355,0.004288470370182481,0.004314438277408848,0.004276802503370443,0.004279792509880703,3.4791134811293785,3.4932049606822755,3.487680164894512,3.4773856024018066,3.4910736330085044,3.488107900646583,3.498115141714172
DEXSDUS,5391,0.004019509524248481,0.004013480991981223,0.004001310437483107,0.004001276520464768,0.00401284159963172,0.004040107513375317,0.004001296633405393,0.004003736517516879,3.551676831200281,3.5589338125573056,3.5610024255760804,3.555880308772547,3.5600545105298234,3.560205497527731,3.564770027461971
DEXSFUS,5391,0.005597240954268495,0.005594093388184726,0.005581238336273075,0.005580966622575381,0.005597350186275866,0.005634125296457369,0.005581178460527137,0.00558228438426198,3.2144395884468167,3.2171198538423114,3.2218245124739444,3.2085234428225746,3.217293801296766,3.217984127844087,3.2219654820758854
DEXSIUS,5391,0.0017875942780918965,0.0017879955467290359,0.0017780807168680894,0.001778077351930545,0.0017840312256115001,0.0017942873495514998,0.0017780891467135333,0.0017795915939314737,4.353318674091501,4.366958917710187,4.361850697776146,4.3550328827720755,4.369511791943358,4.359653546843187,4.372013436337538
DEXSZUS,5391,0.0033163963252373953,0.0032919914107561623,0.003177365381083509,0.003177448641664276,0.003187041802442178,0.003201073177768445,0.0031773269568248683,0.003191790974545055,3.717016850803382,3.766103656918042,3.7782766839301876,3.775576121829295,3.784064408010389,3.7819587242260666,3.7883828087704448
DEXTAUS,5388,0.0016380642993894148,0.0016393662230577773,0.0016056527479082919,0.0016057636821830486,0.0016088177266546913,0.0016176930780491786,0.0016056355589912246,0.0016103296983052168,4.42162129208349,4.449529289097194,4.464396692121748,4.455628567139715,4.490394684037541,4.478621954414773,4.490853861668602
DEXTHUS,5391,0.0021662376899224925,0.002169576053434281,0.0021497027318190705,0.002149706954033411,0.0021557350302765957,0.002167418278508045,0.0021496835119201693,0.0021496250670255206,4.179537956440573,4.200311009778402,4.209469747650201,4.1988499366934295,4.222301999194085,4.211196754576327,4.2219886002334395
DEXUSAL,5391,0.004083981478826789,0.004082269104304249,0.004054590642846578,0.004054694982483621,0.004069107306376064,0.0040957924583469385,0.004054621120200138,0.0040595217222832046,3.5585781656119737,3.5654821945977058,3.556925032501072,3.5566308621989204,3.5622774031258637,3.561454924347787,3.5710587661866238
DEXUSEU,5391,0.0029902213336918775,0.0029883105729597926,0.0029804545387667664,0.0029803918106879345,0.0029902058916514516,0.0030088072125607945,0.00298042443077033,0.002981649227474324,3.847508909402367,3.860167401981654,3.8535959297620273,3.849179210397668,3.8571408514157826,3.8510762587247567,3.8630606715683737
DEXUSNZ,5391,0.004314299311281795,0.004307778227838717,0.00429321799116136,0.004293560117365541,0.0043070065568548465,0.004333916485223031,0.004293291270785869,0.004296867291293685,3.4848713458751663,3.4901094212846515,3.50019480791191,3.4865717789797537,3.491041535547871,3.4988521456310733,3.4951009188169997
DEXUSUK,5391,0.0032111485260769546,0.003206311250156562,0.0031854474465237157,0.0031854253105748245,0.003195489154781271,0.003215997876945454,0.003185401136452329,0.0031905093604234986,3.7779824627795286,3.7861337921829294,3.7803858377732293,3.778045615765028,3.7871421180413427,3.7842428950417633,3.7927443743996743
DFII10,5385,0.027723329741803995,0.027692102462760996,0.027543306085011203,0.027542802791075443,0.02762307291426273,0.02777369620614049,0.02754254193714901,0.027582612137513073,1.636170174680603,1.6403796993854818,1.6334942793236134,1.6339009082201632,1.636772226543495,1.6370168604611812,1.6448813616788558
DFII20,5385,0.027305393617270666,0.027275963383043778,0.027180128164090944,0.027180445215215707,0.027247515346097283,0.027413222208195802,0.02718014853444229,0.027202104749542804,1.63896290403606,1.6420696391689462,1.6446209078339324,1.642184581150287,1.6440104834138598,1.6423445753643102,1.6480845182606088
DFII30,4100,0.024172250931989606,0.024143177403371317,0.024054490498542448,0.024053898743634176,0.024109941583815495,0.02425275537462808,0.024054545943071343,0.0240715343102635,1.7590880452925235,1.7607385245272518,1.754413163828743,1.7589808507261802,1.7540091933668365,1.755421873182105,1.7645604203218062
DFII5,5385,0.03261935460196248,0.0324560776556871,0.03169845768047124,0.031701552108201476,0.03175267323579051,0.031811536032350755,0.03169833178758683,0.03184544364566157,1.4838074180208414,1.5026382737379356,1.5016658815121169,1.4888459737367035,1.5044303465363003,1.5024458049637153,1.5103543062809182
DFII7,5385,0.03086387331783533,0.03076924917092257,0.030293333747842266,0.030295692163733026,0.030357963268349213,0.030450036100423898,0.0302926279679674,0.03040783744254671,1.5274701413843774,1.5387577319743557,1.524289260405608,1.5312087070858567,1.5351181242263687,1.530495827932574,1.5446964959571194
DGASNYH,5398,0.014100918303834285,0.014097562179164861,0.013895438737358323,0.013895482294856269,0.013934011236804506,0.014013249887864319,0.01389535986894959,0.013939240701577723,2.2844698389192044,2.3126368818132135,2.2955814253734297,2.297711273554496,2.3261092939652896,2.2974337200189123,2.3284493880669683
DGASUSGULF,5395,0.015423302488650911,0.015619633685411617,0.015192531725684327,0.015215463267720756,0.015218453188917345,0.015309903404976179,0.015205855652120417,0.015240482665065159,2.240543013980338,2.2216500817389515,2.251288132316938,2.2488931834467136,2.240773342584294,2.2507483596251485,2.251642032020664
DGS10,5385,0.012714841394572353,0.012714342815372396,0.012629930636690679,0.012630277947133136,0.012678663284105201,0.012744466962232782,0.012629820327696474,0.01264303605449639,2.4858969510132343,2.4886395043252256,2.4869776435972053,2.4764081542852425,2.480185823122152,2.4899829306077406,2.4909947957046636
DGS20,5385,0.010142087401925608,0.010134156777981138,0.0100678332340733,0.010067791327879648,0.01010406664787227,0.01015732165166921,0.010067654395674776,0.010080044626224909,2.6901712285606183,2.6932909592337206,2.688878692782673,2.6810536578300606,2.6839962293232666,2.693929780006261,2.6963151826348164
DGS3,5385,0.021025652673359815,0.021040697152069222,0.02087611836104264,0.0208762052398777,0.020925081654995775,0.02105000105027033,0.020876066081982374,0.020890968965586277,2.0420277426078326,2.057189034372111,2.048308389492699,2.0433738906749124,2.0579868534767014,2.054900328772657,2.062942153503191
DGS30,5385,0.00946527598345265,0.009455810588157719,0.009380958348042874,0.009380926747098334,0.00941910775122929,0.009464216089357864,0.009380806575876343,0.009395602608698563,2.755505267445796,2.759797719509331,2.751019902901489,2.745196250918914,2.7565474062553887,2.758138057122273,2.7640915810094033
DGS5,5385,0.01758889453319797,0.01759868695613318,0.0174964426429402,0.017496993344995646,0.01754806272518941,0.017658499863861716,0.017496558168151835,0.017506784106457726,2.1842645974847597,2.1923475533848285,2.1861348114105943,2.179950553615259,2.1932166976541203,2.1928631486278216,2.1977838373335175
DGS7,5385,0.01488181546253969,0.014889480446897103,0.014824324442792731,0.014824337798819935,0.014873264280831727,0.0149663888510926,0.01482428301310207,0.014830536512968794,2.323290787912716,2.328408441292515,2.3287607247130397,2.3163083368568183,2.322773741602034,2.33030350739765,2.3306214047588343
DHHNGSP,5411,0.03261696264066331,0.03260798844879167,0.029775088592833752,0.02978174189334418,0.02956214303761324,0.029446968120021604,0.02977593588495347,0.030017623799828256,1.6168433671186055,1.6063616290897325,1.6567957756799792,1.6707616488781876,1.6779898676178333,1.6674250360278866,1.6894319722246525
DHOILNYH,5398,0.012916094416151169,0.012916059759522338,0.012765612172174918,0.012765076834725794,0.012803594171526477,0.012873767489470318,0.012765480657409229,0.012792577432250247,2.3997113414912006,2.421591942935039,2.412838758541935,2.397924685053796,2.430990928928111,2.4178224925697487,2.4342291594065775
DJCA,2511,0.005838203156367987,0.006051176509698757,0.005729725098719503,0.005749403701477515,0.005748066068267934,0.0057828517573563646,0.005738871924333402,0.005745758807190704,3.2310987364611985,3.153053003856687,3.235182331698929,3.2347666190205406,3.2146524989435385,3.2342287443112383,3.2381218125276683
DJFUELUSGULF,5397,0.013778944911319695,0.013769171846417726,0.013568331560106952,0.013568971417184805,0.013616492255451279,0.013698099992306178,0.013568324469996106,0.013601438127660745,2.3507687317557866,2.37688884094398,2.359934373406963,2.360113912577918,2.3879005550307215,2.3770571564366008,2.391131173821616
DJIA,2511,0.005829305335690152,0.0058663634235012144,0.005723019344979255,0.005724784940443613,0.005742259934458765,0.00577577195880749,0.005723185109902538,0.005738980689382187,3.220170713218398,3.2141538852381624,3.2410548779930455,3.234046070733166,3.242363146789859,3.240103825853124,3.2450739968875153
DJTA,2511,0.008301205370181914,0.008300492769412051,0.008184992394384746,0.008187188401192046,0.008210125039256444,0.008258650440929143,0.00818536667173937,0.008207972760549012,2.814652540058874,2.8209959733932335,2.8275237834842124,2.8247011588690576,2.842159061867464,2.83041422568995,2.844142569956815
DJUA,2511,0.0064543022902009625,0.006461119386905358,0.0063598926923023325,0.006361031505026564,0.006378718679640458,0.006409985399082923,0.0063599332947473,0.006372295793708231,3.1017934423635674,3.0984946976838272,3.107001615939756,3.0983455920681915,3.116826767719364,3.1127305205740416,3.1168664111026843
DLTIIT,5386,0.025794935673742265,0.02577325938614819,0.025687375634722925,0.02568776738337558,0.02575094708973221,0.02590746347567953,0.025687204240418256,0.0257054058291932,1.7056016896376343,1.7075208107015354,1.7005152370961043,1.7009678063841056,1.7061374825591602,1.7003121311771456,1.711940114687332
DNFINCP,1332,0.025580243408955088,0.026313496417268805,0.02513547056411776,0.02523341400022541,0.02514271340347183,0.02528317492131209,0.025172760239710733,0.025206608723334828,1.6862099892918243,1.6343076140437423,1.7116391693572017,1.7122194997970943,1.7020392492126997,1.7102106783886877,1.7116609408263619
DPROPANEMBTX,5389,0.014078455026855981,0.014108779284129526,0.013835031838244314,0.013835076110665938,0.013873246191394009,0.01393306467399518,0.013834927634937226,0.013881335971779393,2.2942398213501054,2.309086709458434,2.335972768300152,2.326956695628008,2.3474268966841714,2.335358136334817,2.3501981284827456
DPSACBW027NBOG,2791,0.0054176289698355555,0.005405805830781891,0.005409233408066226,0.005408676446167233,0.005400502488523859,0.005441253417346389,0.005408957355246712,0.005398351769743732,3.272970030315432,3.280842998617379,3.2738086465709975,3.2796565950788774,3.263051552642573,3.26837915102413,3.283512456036577
DPSACBW027SBOG,2791,0.0026604344710368984,0.002645594206977331,0.0026028908603472167,0.00260264984518803,0.0026045823198768505,0.002617743834142088,0.002602689527213139,0.002610492926642496,3.960232965994624,3.991953896240941,3.9627313016881263,3.964687476726869,3.9840496964451297,3.975219013756939,3.9978385521590414
DPSDCBW027SBOG,2791,0.0028155031555998954,0.0027988906997127093,0.0027395822508176526,0.002739477473151419,0.0027390205826469853,0.0027502424447158375,0.002739392189713475,0.0027484591547716937,3.8868679524443457,3.925973167032856,3.9192735830893874,3.8984152849184706,3.9283111118513303,3.9112320034981627,3.941934192178923
DPSLCBW027NBOG,2152,0.005880183195878432,0.0058618942741499565,0.005849829234751156,0.005849797099878372,0.005852730366148732,0.005893790901255797,0.005849406554983856,0.005850038573506417,3.162156884304087,3.168332098124948,3.1532955729388203,3.1655165964792342,3.158517894253039,3.148664484495783,3.1704093844839347
DPSLCBW027SBOG,2152,0.0030568953499189536,0.003028654221689021,0.002919800675322371,0.002919750151901915,0.0029064490648657384,0.0029055012061175996,0.002919657176076341,0.0029310823825446065,3.784603266901932,3.844574395412599,3.8380460968347947,3.7979523022238024,3.862682482324334,3.8288169164225376,3.8680808008779013
DPSSCBW027NBOG,2791,0.0048026627770269194,0.004771567018061642,0.0047321616031049014,0.004732470116666454,0.004719089308917123,0.004750405600434497,0.004731918310640382,0.004741796116454543,3.3596347162753637,3.408854968330144,3.3827454703972535,3.3906231777880382,3.389968620431793,3.3818639120393357,3.4125040467999233
DPSSCBW027SBOG,2791,0.0038718235007722582,0.003865203644715163,0.003820123879214875,0.0038214442195657955,0.0037922360573350343,0.003779070856685307,0.0038200862743979795,0.0038133204466629968,3.7791800679085235,3.8456186452282624,3.813813241155386,3.8138283499574257,3.8706229589437555,3.8409114298987794,3.882719357000839
DRGASLA,5397,0.01937466991812973,0.019427537184578576,0.018956288644989053,0.01895645159178119,0.018985441901716752,0.019084303949913298,0.018956205722300914,0.01903381398221509,1.9602481815098807,1.9923981342516155,2.002153760229246,2.0050994063463192,2.025777681424388,2.0085525055425935,2.0283093108945462
DSPI,808,0.007559145558962569,0.007283499551561408,0.005359820969217616,0.005368051418173195,0.005267905634145252,0.005218791044349287,0.005360261571478397,0.005440337758087237,2.7962527952077134,3.2044078604833826,3.346357891883979,3.3854919592091726,3.488328158489125,3.4211032683372435,3.4915944458425408
DSWP10,2958,0.011394734143341119,0.011391987262656127,0.011363056616507442,0.011364394632429761,0.011389960270565073,0.011458817902103308,0.011363268240448686,0.011365719952940207,2.548989058189146,2.549204062884584,2.5456485310089882,2.546531366792132,2.5458971116700777,2.545416107542608,2.5538445296907155
DSWP2,2958,0.017996782854692264,0.017983292684106852,0.01785278083374843,0.01785277579886293,0.017874189978560984,0.017971178746200106,0.017852762098162462,0.01786999528215656,2.1001067449997857,2.1161034067001965,2.1270313707671753,2.116193305998489,2.122032170195103,2.129804422600619,2.1285703768336646
DSWP3,2958,0.0175082967651986,0.017491090151516196,0.017370791398317768,0.017370924307691892,0.017406016337812046,0.01749595026223928,0.01737069406326103,0.01739432465108859,2.121050467281656,2.1339293511663757,2.1227881447255688,2.1243102869484995,2.140380020638858,2.129530799127297,2.1430551386094208
DSWP30,2958,0.00928757779912753,0.009284832951636558,0.00926694417252448,0.009267958181416217,0.009283847072573218,0.009346473090265263,0.009267124517114875,0.009264444983745145,2.756399147943358,2.756952271636004,2.754330413138964,2.7536259568229866,2.7524026510418365,2.7546383031308252,2.7614130200851856
DSWP5,2958,0.015090013214152553,0.015075158066988836,0.01500994174327722,0.015010403630611962,0.015048597127908743,0.01513253332512294,0.015009757648364597,0.01502407909417809,2.264865497014824,2.2706518676723992,2.2670398689708064,2.2649175398268726,2.2731579069987937,2.2678563453846863,2.2764513228055794
DTP10J26,2461,0.03535953927712173,0.035200473946421326,0.035090780818452856,0.035098514577355876,0.035157480156444806,0.03526618640465226,0.03509177414933917,0.03498337561267405,1.493987676906374,1.5020979821005296,1.506481526574352,1.517232933083806,1.5077292533634483,1.5055190617142356,1.5234090542060241
DTP10J28,2114,0.03261981796287789,0.032635833330539515,0.0322983303964401,0.03229944519277469,0.032398526746814746,0.032545408859082116,0.03229892261787754,0.03236166899974492,1.466081262162159,1.4736380469724473,1.4739934069431058,1.4709516124562145,1.4801175990305246,1.4834356311633625,1.483103363745152
DTP10J30,1597,0.03290010451412057,0.03286143279986161,0.032777753773752805,0.03277791265441063,0.03285489648880571,0.03306181546384073,0.03277652196429763,0.032778680707476096,1.4452083780534128,1.4490887321139136,1.4510626310869348,1.445141263228507,1.438057915707034,1.4494195239146426,1.4499994975836619
DTP10L26,2481,0.03724997986741969,0.03722447794889495,0.03670764827878971,0.036701815975945094,0.03678637047260287,0.036970420861185474,0.03670506096986604,0.036783894770462,1.4288205697681196,1.443773685013142,1.449169376315227,1.452798876911125,1.4505664069476583,1.455071156455774,1.4595375900925003
DTP10L27,2238,0.03240230084188595,0.032414274539098814,0.03212227844424881,0.03212356763999731,0.032210372564262166,0.03236581267950861,0.032121791147612065,0.032164650887090876,1.4805341775132792,1.486372340895214,1.4967892047320457,1.4995247552197748,1.4968979634357846,1.4938994461570778,1.5012763402455547
DTP10L28,1989,0.03291912629858224,0.032930125276777626,0.0325216622226189,0.03252273800328697,0.03265391895965606,0.0328165935626998,0.03252134473989792,0.03260389326417867,1.452862576847261,1.4610895850668275,1.4596564072108773,1.4545577638506653,1.4704824988065877,1.469935392392972,1.4726393329341436
DTP10L29,1736,0.032028651873418176,0.03200774697507406,0.031932735220752254,0.03192463627254019,0.03199727777737808,0.03220004495913922,0.03193046447999079,0.03189811606058066,1.4734374731854387,1.4843526116866215,1.4818568164628063,1.4790180122026804,1.4731619803346014,1.4806472086173523,1.4850383066821897
DTP20J26,4004,0.030673551275455777,0.030570351908005673,0.03041837734781025,0.030417207808335518,0.030517501706484505,0.030659167673853727,0.030418625293315748,0.03039901177788542,1.5782007905371398,1.5968771853416763,1.5757740126189588,1.582660566059808,1.593584647655917,1.5931682792265733,1.6055860543983735
DTP20J27,4128,0.028447845055605426,0.028428941542600204,0.02828471015639464,0.02828366278679486,0.028363677000707514,0.028523222968384675,0.02828452687289621,0.028304021548779663,1.625172410866643,1.630236533967891,1.6218163067389768,1.62737212904254,1.6309288388569196,1.623522434201479,1.638125994669746
DTP20J29,4125,0.026479094069569005,0.02646790067265711,0.026296809101669767,0.02629540144883102,0.026367155621319905,0.026522959857562815,0.02629654824791786,0.026335520150912527,1.6806691907323767,1.6847665493022455,1.6747222515912228,1.6794175402683593,1.6844844844167564,1.6772739292451158,1.6906988575699147
DTP30A28,5380,0.027816127033377634,0.02780210886931723,0.027673692965472604,0.027673673309570424,0.02774122189857347,0.027907042753862413,0.02767357772731749,0.027701186776556308,1.637443012014132,1.6396712914651115,1.6371570407701972,1.6344143730590035,1.6415625579908348,1.6365625019205163,1.6466413635458643
DTP30A29,5378,0.027693667262043888,0.02765881839144601,0.0274835403870553,0.027483577712248533,0.027538787036233064,0.02769884395314927,0.027483330002081547,0.027527096242553516,1.634774689154138,1.6399449913630204,1.638161147027109,1.6331376952638461,1.6425855106298057,1.6412858495563571,1.6479940969633082
DTP30F40,4094,0.024162582966766093,0.02414462038711515,0.024039139883380592,0.024038653348797283,0.02409958096100992,0.02424863681006088,0.02403873539027162,0.024058624563626445,1.7585830481271751,1.761256144826279,1.7555138441176097,1.7546008553733063,1.752728838703444,1.757196189231789,1.7633327371187169
DTP30F43,3331,0.023737714894582387,0.02371508452826827,0.023592586038403203,0.023593436537427834,0.023649076460055304,0.023777059316967435,0.023591682307882684,0.023617142489671897,1.7768692914900426,1.7801870307387053,1.7748029217075099,1.7771135553055006,1.7777830762931,1.7804161996210943,1.7848736520066553
DTP30F45,2835,0.02363436348834812,0.023618537100610806,0.023465060397755935,0.02346346087269752,0.023545060265790934,0.02366361659582484,0.023464362409407198,0.02350166580957775,1.7849379313525775,1.7891036279752033,1.7853803366560128,1.7840459426655904,1.7795464189818129,1.7817461730851976,1.7919557566895745
DTP30F50,1594,0.026603529305640288,0.02658843955527178,0.026609372434722486,0.02662268118508963,0.026632430412225676,0.026818267073290755,0.026611624490978113,0.02657674455561058,1.6495325827222809,1.65357471814776,1.6373887286374549,1.6495954987144597,1.64032637782425,1.6361123745613289,1.6545232579658242
DTP5A25,1195,0.05488562141206193,0.054512426390316705,0.053727269099833025,0.053727824669078925,0.053369245005580906,0.0535090563389058,0.05372037122992781,0.053769595873780385,0.911673031708102,0.9525296728036851,0.9491478130801552,0.9725060089446114,0.981002085561261,0.9874518377831616,0.9941964629306445
DTWEXAFEGS,5143,0.002379259558517522,0.0023763335332959703,0.0023670613759171123,0.0023672187933769643,0.002374107100737044,0.002389160616080423,0.0023670681765575663,0.0023693600783749867,4.073478485487963,4.083573704168106,4.082209652916787,4.075983263987742,4.0880538676271705,4.080898808667345,4.090345300890454
DTWEXB,3774,0.0017129445296406613,0.001711526755528123,0.0017042214159746947,0.0017042320094328512,0.0017093427136542771,0.001720117534880205,0.0017042214931869077,0.0017053525928026616,4.411881359094533,4.419654987485105,4.415438088797112,4.413257538908655,4.423265011200165,4.4205021254568875,4.428375390604821
DTWEXBGS,5143,0.001869892701886503,0.0018714152704748083,0.001861533574624049,0.0018629659815982155,0.00186538823121873,0.0018780116019485307,0.0018619578735310433,0.0018622362073429854,4.325978355431101,4.323695532798497,4.324697366205232,4.329903091688062,4.321533151916943,4.324116298636824,4.333020387977587
DTWEXEMEGS,5143,0.001752513121081542,0.0017525602597187693,0.0017392370666128442,0.001739373131734075,0.0017453669138267735,0.001757061526950895,0.0017392560819082835,0.0017412642957127346,4.3853727196375365,4.38966158049764,4.389351768986041,4.389416653354603,4.396329530484763,4.389970612600213,4.400791195972965
DTWEXM,3774,0.0024080640417066933,0.0024045450207197125,0.0023959206892772552,0.0023958586237295978,0.002403858523780025,0.0024186164854697505,0.0023959229218062537,0.0023980869027126015,4.072702154867636,4.081430895374283,4.087598028296555,4.076138644068364,4.084395530993655,4.086287389437702,4.088054270247643
ECBESTRNUMTRANS,1736,0.06267397561124323,0.0635836990228108,0.05508259155376385,0.05516633895556266,0.05494242186650869,0.05514770285057362,0.05509412353052991,0.0555368957069408,0.7995397107182897,0.7722075222161778,1.0059031232712214,0.994504075180604,1.0206938591700165,1.0046990003890197,1.0223839956677219
ECBESTRTOTVOL,1736,0.060173343810213546,0.0602773577695102,0.05709799289627308,0.05711880170172579,0.0571370984097961,0.05748196137150472,0.057097427290764884,0.0575942557734518,0.7729569128135156,0.8030636242834852,0.8794325162323372,0.8885367021318139,0.9049757681185413,0.8767393659954533,0.9061880370858836
EFFRVOL,2604,0.04467160805160259,0.04453123451881951,0.042176797774228114,0.04219159640015832,0.042028887100861057,0.04224329718797495,0.04218173705677621,0.04251032112987923,1.0213021952625918,1.1024976052590072,1.1646704336974563,1.1538770063165493,1.1918012592923366,1.159145195465608,1.1959291521202944
EVZCLS,4359,0.029964441916412836,0.030000209373853736,0.029337497193583157,0.0293409156111492,0.029407539351888584,0.029562402128465334,0.029337067942676178,0.029430723518469593,1.5267495200073706,1.5604408858744019,1.5815323589022774,1.5683250379578335,1.6021530223048979,1.590382676748677,1.6061891158722532
EXCSRESNW,1909,0.09976684579570394,0.0995329532062015,0.07569222053753875,0.0757422970395329,0.07527498951662567,0.07571426908336217,0.0756985749836597,0.07638891437350315,0.5163924097251055,0.6583866260457228,0.9906735687770225,0.9388021690555551,1.052378968976617,1.0115117378614487,1.0513381493780507
FEDFUNDS,863,0.08245918398220392,0.08090847647485636,0.0657190764240708,0.06582103875278414,0.06590926877859249,0.06378796029009488,0.06574012790000386,0.06703208663402069,0.7093499802291859,0.8996228253428884,0.8615534904019186,0.845480451642707,0.9576533304440288,0.8907446105092076,1.0183779877035823
FINCP,1331,0.01509306553774635,0.01508935669677913,0.014917003395915273,0.014916213770175038,0.01493634543610777,0.014998183318327024,0.014916509185923273,0.014928579903847383,2.171614802233053,2.201015981867428,2.1959836991717583,2.193947472480095,2.2067024685462506,2.211576655286077,2.215084501809502
FINCPN,1331,0.012647027831050574,0.012602333318937297,0.012506043724224536,0.012506824635101492,0.012529014509450964,0.01260065746796712,0.012506267179021103,0.012537878572508307,2.3548915782419,2.3579974449824475,2.376195846778426,2.365007064699394,2.3700458754500175,2.3786209745197597,2.3722485359132115
FLICLAIMS,2106,0.1031376819010604,0.10277613978455354,0.09824290378684607,0.09827067820798932,0.09817592809515435,0.09904517410326208,0.09824377552375775,0.09880924650615072,0.2183106689599068,0.26809151236260415,0.31868672657219876,0.301263562354492,0.3557751572331625,0.3355826783726314,0.3561725488839521
GASDESECW,1686,0.008612016178573044,0.00845128494647344,0.007580150746469836,0.007584203777097785,0.007572035656615701,0.007618793595729086,0.0075805714644625495,0.007658205957323401,2.6862793224845083,2.8788630866588694,2.774111856781457,2.8338077489934967,2.910671197352877,2.8643182304237325,2.967848454285162
GASDESGCW,1686,0.009401366540329702,0.009292196701904606,0.008807189346473414,0.008809742785690501,0.008800541024068373,0.008845172575599462,0.008807579180381081,0.008871301967218142,2.6059281720159224,2.7504813881466963,2.746647917721515,2.668178660812041,2.8170810730346956,2.7698321916707838,2.8178650085709207
GASDESLSMWW,1014,0.009091840684097007,0.009007699360726363,0.00849562184640434,0.008497016642297184,0.0084590681930462,0.008492919933450567,0.00849471533111084,0.00853866935527533,2.5958027585379964,2.799775353448714,2.67333861998559,2.670012436990293,2.896517204651381,2.8437565182755287,2.894883564831008
GASDESLSW,1014,0.008094057191604507,0.007895834806683353,0.007098457512907108,0.007102970374528462,0.007068471039502853,0.0071016778395198875,0.007099028077298213,0.007167197531380924,2.651318260425745,2.9439219492902495,2.992295676399445,2.964680303671734,3.0823823627806575,3.0312021206117117,3.0819180023972375
GASDESMWW,1686,0.00968925099449907,0.009648846227192162,0.009302926845397672,0.009306183237615959,0.009280991126082154,0.00934065935864084,0.00930325656644587,0.009344910660241235,2.60119307327913,2.692734951538792,2.656938255965633,2.6543261500277615,2.7552887212346784,2.729228643730306,2.756652375657125
GASDESRMW,1686,0.006933389770728686,0.006888607946020966,0.006698729169036229,0.006699337806691832,0.006708384495873392,0.006749506978137719,0.006698698187273476,0.006727706539231048,2.9445158377738516,3.0274112476198196,3.0362497121235417,2.976059833815355,3.0592432118366033,3.0541862156321873,3.0627095383160614
GASDESW,1686,0.008556844622637127,0.008466815830873036,0.007958842631251342,0.007964450358011016,0.00793887750684091,0.007985935874034858,0.00795973445397411,0.008011471681383327,2.7085294049873636,2.8451283791832247,2.8499136311657813,2.8476499184985506,2.9054685209105435,2.871684788977437,2.9131265201355947
GASDESWCW,1686,0.008007848052975811,0.007890339669433886,0.007509922067756713,0.0075111597092485044,0.007516268289542923,0.007550694921272663,0.00751006311601333,0.007551316041472841,2.7426426351661157,2.896033224523518,2.9118011229728897,2.9146288530642477,2.965770960195424,2.940410470717297,2.9673992018893847
GDBFRW,2404,0.1576292964634738,0.15759690232641646,0.15378697575122172,0.1537957984744282,0.15393326799593363,0.154516669016658,0.15378219020047595,0.1539959226962434,-0.10414831204084489,-0.061063271432484786,-0.0151700836596147,-0.018565775965455136,0.0053413300216184146,0.014314170794162646,0.01095776738038115
GS1,878,0.05793448666758012,0.05769420772774475,0.05429791656327061,0.05434311873052406,0.05417913152421824,0.053972020873337787,0.05429719830029558,0.054894633246672625,0.8731145304963257,0.9497265196137478,0.9469230200514448,0.9297624953892536,1.0301880277016764,1.039292138654578,1.030009969680183
GS10,878,0.032361874078406565,0.03239713005198316,0.032102200266050526,0.032106633661541095,0.032221674016261144,0.032283961616396656,0.03210235867597089,0.032134651314368365,1.439839315237141,1.4695632915102201,1.4592816163936613,1.4549381692872587,1.446808857846054,1.4838983022388827,1.4712786150219477
GS2,600,0.07518785062534494,0.07561113898019108,0.07372289930538041,0.07383947528785818,0.07396068566502213,0.07311971381640675,0.07375886834708684,0.07402571388832939,0.5158120407465426,0.5212986441090408,0.5470144583883295,0.5452357215719994,0.6138600487928229,0.6188050272105841,0.6154457055004419
GS20,797,0.028919020498621086,0.028920072115811987,0.028686230590042754,0.028698141473976823,0.028767017723795515,0.028893779063617536,0.028687916233036254,0.028705171529605496,1.4954534840075195,1.5402130966276393,1.5195225653250584,1.5208739081479792,1.5740629956339613,1.5675410823474674,1.5709892742583684
GS5,878,0.0423646963816582,0.04244149168938011,0.04186589603768815,0.04187545564716247,0.04205652091197603,0.042122680336326275,0.04186426831678869,0.041959215061331094,1.2103104422985969,1.2311784823722312,1.2277130926561979,1.2210553200895615,1.23669869754731,1.2598174894618481,1.2469296206624407
GVZCLS,4557,0.02918959711214155,0.029228603473296047,0.028501206062741365,0.028507776668062014,0.028572624943874345,0.02876566815522446,0.02850214562936914,0.028602544730280975,1.5269776778979451,1.5463216788633518,1.5693202237970525,1.5792045655133733,1.5903537030790516,1.5686891109181054,1.5903405012950989
H8B3092NCBA,860,0.017736274103375728,0.01777540430213529,0.017738609438452114,0.017763707772504123,0.017780388374221676,0.017885963586175398,0.01774341453104193,0.01773428789600445,2.043597379241955,2.039970043283797,2.0362885536331397,2.0411109562850567,2.0215615850133144,2.0344251468504764,2.0444174397278676
H8B3094NCBA,2791,0.01354832592362437,0.013036364785321644,0.009831905438385984,0.009838801076855983,0.009854818906278559,0.009687145296209615,0.009834149752840528,0.009987546765168692,2.3534355749817526,2.616245906764876,2.7149090456803595,2.707315301019789,2.7141132435823616,2.714860184425048,2.723813565140304
H8B3094NCBD,2791,0.011388712799105123,0.01134941737531251,0.01118544037870027,0.011185690155649951,0.011165983283479083,0.011199551638736281,0.011185457375787845,0.011205889682575344,2.4338372726975983,2.4814494384533043,2.4596286007516275,2.471241859678927,2.5052709019900465,2.478249008581753,2.510899161559083
H8B3094NSMA,2152,0.01727708944061495,0.01682214700818854,0.014374539565152583,0.01438449245482319,0.014294567351762476,0.014140234848598115,0.014376813381988322,0.014488941818127312,2.1155076951973384,2.3574941491541193,2.4540110482178523,2.434747865278613,2.4909932303309077,2.4992795295778847,2.4993232354535206
HBUSAPPWNSAUS,1067,0.14379808096725544,0.14249231148289637,0.1155032873320078,0.11560328542951018,0.11603364816149779,0.11567876815188163,0.11550343339309069,0.12019794916402751,-0.31063139314623894,-0.06532297816261465,-0.000709715835416895,-0.030331891487261987,0.08914230554768045,-0.0045910291062533255,0.1587549110673142
HNFSEPUSSA,760,0.007945307232413329,0.00795963495719673,0.007936440128386932,0.007938006326889856,0.007951513619276046,0.00796929192859826,0.007936730360149387,0.007930133808064711,2.8027496099561486,2.8105946555361054,2.8299645421839443,2.832773124136163,2.817431843867481,2.8279623512188734,2.830610763438263
HOUST,808,0.04073891236479524,0.040757959729878376,0.04050685479939755,0.04051944344280927,0.040609735047162726,0.04070664479285335,0.0405071520160874,0.04056522380893536,1.1955869551052398,1.1937241594630101,1.2146734858972428,1.1901340037182664,1.2033376602853492,1.2127411874322778,1.2087578420945864
HOUST1F,808,0.0378670847224879,0.0378784070559564,0.03776062673782993,0.03776977806708698,0.03784316200590597,0.03803970834393588,0.03776176682287001,0.037758458632060114,1.2695622647109321,1.2700001751799261,1.268330508476769,1.2641097643296169,1.269679220639187,1.266401919704651,1.2743593314380994
HOUST5F,808,0.1000650022845262,0.10033621206302068,0.10040656584423346,0.10046025099868083,0.10057990384931582,0.10100505826165296,0.10041426942498109,0.10020535615761975,0.31278898263212535,0.30728293912611276,0.3003121980091761,0.29946770853675936,0.29006922114987305,0.29838001992137225,0.3117474664222918
HSN1F,760,0.03996169067442852,0.03980071403067276,0.039719577938946225,0.039714730189010714,0.03979406818830548,0.03995573758400102,0.03971908619226985,0.03973934447579485,1.2110489182220503,1.214684319874516,1.2091005074254275,1.1875057896132195,1.210419592657923,1.2291426881560614,1.2148401455924633
HTRUCKSSAAR,713,0.030750859228489878,0.030748473819569605,0.03088062129149673,0.03086761216074068,0.030816263831911158,0.030946702919468747,0.03087743464431863,0.03076182029783407,1.4841958919654517,1.4839158746230101,1.4835296541925447,1.4794534606720502,1.4570706693344333,1.470378352258624,1.484024713036455
IC4WSA,3101,0.07560752387070924,0.07030650941192347,0.022042644719736448,0.022045521422862795,0.021555770874419455,0.019777761101356577,0.022046889020055686,0.022452644252907793,2.0059270789198442,2.449249489813684,2.5554351421770436,2.534017415663182,2.656748109487559,2.6405517287521403,2.6577157360084502
ICNSA,3104,0.07205902620631792,0.07130599045936117,0.06818116010687758,0.06818121519341738,0.06827845291999238,0.06858186091052706,0.06817771386374685,0.06866744582776303,0.564356471907364,0.6241162264111101,0.6872035574421772,0.6842436619212225,0.6775702081147831,0.6812261837280088,0.6843361998278371
ICSA,3104,0.061013674480296404,0.05850723440294495,0.03594742532743882,0.035954978880460044,0.035781816314350255,0.034349789247789496,0.03595201802290856,0.03663859083382237,1.3758303791456004,1.4903478631865212,1.533820058173335,1.5177892452111563,1.6281868121373553,1.6144126891109059,1.6316840949931564
IHLIDXAU,2337,0.0007733081137938594,0.0007728743101312066,0.0007693105667335503,0.0007692671681442044,0.000770929874874162,0.0007760371054684062,0.0007693053736407594,0.000769407153577731,5.161390671149792,5.169422124579125,5.176121867754925,5.1725644391973695,5.176262272069555,5.181063540888597,5.179734974808856
IHLIDXAUTPSOFTDEVE,2337,0.0009533279919827612,0.0009517634399450322,0.0009480844317824914,0.0009480567203138312,0.0009507100435819249,0.0009576359721228649,0.0009480620502593691,0.0009492525959171726,4.946478614300587,4.9511969559512075,4.954993595279289,4.955466182874497,4.953505742266595,4.9577676324297695,4.958891836697976
IHLIDXCA,2337,0.0006487996255748992,0.000648328944989013,0.0006449187180680764,0.0006450264473458341,0.0006460277530734746,0.000649865257692739,0.0006449261703742342,0.0006455340982261943,5.3307405278198585,5.333680214754625,5.341185864002866,5.339845998971155,5.34448829439732,5.338981497020344,5.348195235562774
IHLIDXCATPSOFTDEVE,2337,0.0008815337499282816,0.0008805613326581124,0.0008689783570692015,0.0008691833482802741,0.0008706644431790292,0.0008734462047559022,0.0008689921732881832,0.0008715461509247732,5.005041643329951,5.029730617675584,5.042611228371552,5.033000454000533,5.06045877046387,5.0461223422500945,5.060977321786725
IHLIDXDE,2337,0.00041555905512623026,0.00041479870332035716,0.00041324984788624903,0.00041343873186120653,0.00041451116442487384,0.0004168131943020544,0.0004133005165766337,0.000413655485859736,5.786484096317187,5.791375264695117,5.79056712561399,5.793295116569628,5.797135627580355,5.789570362461861,5.803322444389513
IHLIDXDETPCIVIENGI,2337,0.000601271947632558,0.0006007311699539335,0.0005982242077447246,0.000598265502906516,0.0005993149074141718,0.0006042004068589779,0.000598229093629445,0.0005985034967469759,5.389573428569063,5.403313741968689,5.4225650461684864,5.413140887667459,5.417835063970076,5.418336881696835,5.418299207394331
IHLIDXDETPELECENGI,2337,0.0006905210827934983,0.0006909731928650313,0.0006843196745141852,0.0006846944787906272,0.0006856772346312339,0.0006896406371373418,0.0006843657518516798,0.0006849661219842058,5.276712012888699,5.276562579435238,5.297026921586389,5.298476779951404,5.2940874074666935,5.296030005122984,5.302334100570508
IHLIDXDETPINDUENGI,2337,0.0007017625560654359,0.0007000327311320847,0.000692608583310573,0.000692666977850098,0.0006944107701036232,0.0006989592684222731,0.0006926120932119011,0.0006938194908465206,5.248579095498793,5.276970209654105,5.260896148817205,5.255772363451076,5.283885012589006,5.2844816965250665,5.289596760134703
IHLIDXDETPSOFTDEVE,2337,0.0005230762594062107,0.0005221205770785067,0.0005163304171427435,0.0005164916678867797,0.0005172581210854679,0.0005204002842233323,0.0005163532054673886,0.0005172649690008185,5.5337654393495574,5.556428702695394,5.558159617508587,5.552914273427927,5.580177688283523,5.55816944691553,5.580923131166463
IHLIDXFR,2337,0.0006440073776570322,0.0006445355222419179,0.0006341124368603735,0.000634186722884466,0.0006357191188233298,0.0006402636164485919,0.0006341370053273665,0.0006356087037433236,5.3541553301609754,5.376265657613178,5.38282713194292,5.36755437521946,5.40322111862509,5.393728830986161,5.403069893167463
IHLIDXFRTPSOFTDEVE,2337,0.0008334557999456894,0.0008364610510247732,0.0008296419752275083,0.0008301680593088116,0.0008298307816296907,0.0008344762752536942,0.0008297088045922144,0.0008295419231465677,5.105225679860811,5.0978373915555135,5.112264733394788,5.110926348404141,5.102537497011178,5.110383050212227,5.11493335940329
IHLIDXGB,2337,0.000666709295425894,0.0006659692098390192,0.0006621696787434615,0.0006621752893531054,0.0006640937777756616,0.000668504642548454,0.0006621723434886895,0.000663021125773573,5.315983813104725,5.327251283839803,5.338658651654101,5.32200616442166,5.341617422351984,5.337677388460638,5.340841805823815
IHLIDXGBTPBAFI,2337,0.0014013566981749426,0.012092490434028453,0.0012560771713473438,0.0015255626868165095,0.0012580147990400331,0.0012740156650142113,0.0014357889717443383,0.0013735275365744212,4.598949175583237,3.6171589650137577,4.66101861801879,4.658092082868478,4.456449483129075,4.66001159727322,4.657493577577565
IHLIDXGBTPCIVIENGI,2337,0.001769478211590261,0.0017677718686282596,0.001765485784796746,0.001765847106046785,0.001769148651513293,0.0017795235203437825,0.0017655362455319898,0.0017652891674191002,4.348382912502635,4.3528039868601685,4.363013765481646,4.355055151242254,4.35000349356015,4.359240079946757,4.3570725011672256
IHLIDXGBTPSOFTDEVE,2337,0.0008993791332858891,0.0008978631746426261,0.0008849675297181975,0.0008852522864017405,0.0008867841216894269,0.0008915928364503307,0.0008849775916899198,0.0008876751587176802,5.005089426033152,5.016286730636842,5.02594597511584,5.025371593367061,5.042597666541135,5.0333737430181325,5.045515741192597
IHLIDXNEWNSAUS,2337,0.004090921477911716,0.0041065491722161234,0.003820009172334289,0.003822515086010438,0.0038291934475234704,0.003852669841947041,0.0038206829303983267,0.003847895897208694,3.364630681456987,3.4874407295652405,3.638102331894139,3.5793366234658186,3.6671096856374543,3.642451190034244,3.6677249930589393
IHLIDXNEWUS,2337,0.0036059609077256265,0.0036199785766585497,0.0034478341704125585,0.0034496688521227043,0.003452935733194211,0.0034767331667693783,0.0034480525057809046,0.0034733766630163075,3.572974387186583,3.6303356337705064,3.696308444745692,3.7126229281526384,3.729139525519822,3.7041111686439123,3.7300388040919117
IHLIDXNSADE,2337,0.00045051974034196224,0.00044948738594079374,0.0004466238298000785,0.0004466735234816598,0.0004478214920387948,0.0004505711643518262,0.0004466336425687,0.0004473539927084278,5.680794208723919,5.696802950500291,5.7069673981835,5.694493111316325,5.710717998410856,5.706391974662893,5.711983743170346
IHLIDXNSAFR,2337,0.000666305235089897,0.0006660177400979379,0.0006505086821877738,0.000650574771398643,0.0006513587934605675,0.0006555276145624325,0.0006504986574844869,0.0006533285047309283,5.294117951801482,5.323754021212599,5.342654544217641,5.337589890871905,5.353121693378681,5.347469354295607,5.359000944847684
IHLIDXNSAGB,2337,0.0007618246524024293,0.0007605508436566414,0.0007484052167614419,0.0007486187002992681,0.0007510968889220696,0.0007552449981474727,0.0007484391823132067,0.0007511545798236489,5.1390940359743285,5.148850016573644,5.209812660687549,5.205841932109016,5.208911169986397,5.208814657966348,5.20984014004606
IHLIDXNSAUS,2337,0.0005242400002904041,0.0006374978106740385,0.0005168752898414945,0.000522492931500918,0.000518316321945547,0.0005215801846176005,0.0005202424111522574,0.0005196113341657265,5.546267792308776,5.380230440863603,5.578519841920401,5.575773372353738,5.536356912699405,5.577518345595261,5.574834162494576
IHLIDXUS,2337,0.00048052911555710977,0.00048050014699825474,0.0004751277529129242,0.00047547963129065127,0.0004763228801276055,0.00047932089142100904,0.0004751990277205331,0.00047592778370926075,5.646146620448746,5.644870469049238,5.669152980222187,5.668584896934476,5.670155430935597,5.668156459196614,5.675679761124635
IHLIDXUSCA,2337,0.0005335435118981156,0.0005332207558525491,0.0005293541242639376,0.0005294411206309796,0.0005311959130611848,0.0005336926860239697,0.0005293706998406877,0.0005300977895593746,5.53464132583724,5.5396021116230925,5.56027965468157,5.542422242017132,5.554914385745373,5.5600445566630645,5.557623597632384
IHLIDXUSTPACCO,2337,0.0014148458170096787,0.0014387220087220362,0.0012258461974848154,0.001228093133563876,0.0012214122107676233,0.0012134357707198206,0.0012261045752845917,0.0012366648062795405,4.668433122632366,4.666430935498957,4.852495902262647,4.828888781578596,4.89665205248255,4.865142826779316,4.904998224801437
IHLIDXUSTPARCH,2337,0.0006228226378735154,0.0006217073885817292,0.0006143571966620644,0.0006144241488362463,0.0006162341975883343,0.0006196825492982222,0.0006143452809352899,0.000616154971093234,5.374307316092282,5.3892514820952675,5.411502333149036,5.389206954295758,5.40635424201883,5.414160985662182,5.409791183389072
IHLIDXUSTPAREN,2337,0.001003900730478161,0.0010254079596466608,0.0009828847571914227,0.0009847241456715106,0.000982783617717518,0.000990528258593644,0.0009832863328275696,0.0009856536403899073,4.91444228489788,4.884366357907062,4.952688701747529,4.958852281470624,4.948891411688771,4.951691539790399,4.960029346882178
IHLIDXUSTPBAFI,2337,0.0011370956556879656,0.0011596902790706818,0.001082855056376079,0.001085630345792821,0.0010822686823399117,0.0010855458705803813,0.0010837766454163914,0.0010899146684071506,4.82817198127136,4.779282524078503,4.866180849657814,4.868287390905799,4.859743858026805,4.86915683245845,4.870693427404929
IHLIDXUSTPCIVIENGI,2337,0.0006784296822135837,0.0006787352928417344,0.0006675624538508606,0.0006676617486637425,0.0006692338192266123,0.0006722294191777141,0.0006675854836040296,0.000669620377420781,5.291917864528188,5.310837395793403,5.32123585455093,5.312433574813677,5.336759559449029,5.332433659587085,5.338008819881573
IHLIDXUSTPCONS,2169,0.0005611901768256015,0.0005631552721149893,0.0005527170455880366,0.0005531981087604802,0.0005527979713836085,0.0005556597930539673,0.0005528225925144871,0.0005521560077469443,5.539342201583435,5.54538422895345,5.559943411078903,5.558451563336086,5.562930907281778,5.557150387290174,5.5681434675497155
IHLIDXUSTPCUSTSERV,2337,0.0008285398413087085,0.000832262457051082,0.0008138682627774314,0.000814055319997509,0.0008160906029815907,0.0008201084311592173,0.00081392223711818,0.0008161202924925506,5.13569150902867,5.1506903776746045,5.190640172678377,5.17232476674283,5.201705915845007,5.2034242683377485,5.201126849481656
IHLIDXUSTPDENT,2239,0.0008333159703872274,0.0008346797545554513,0.000810122213985619,0.0008102985495821276,0.0008111879651330048,0.0008161686739098227,0.0008101424816960979,0.0008133598477963324,5.076732571815875,5.116712810414756,5.160474671664766,5.1509089029704755,5.174998209988737,5.164788816165422,5.178253759924871
IHLIDXUSTPDRIV,2232,0.0032662438952290956,0.0033139036520856567,0.002904389067008269,0.0029060704289473552,0.002879031614503952,0.0028487386001843002,0.0029049294518432058,0.00293068184937519,3.645172108948247,3.7295811540318695,4.029711951495592,4.054881615737833,4.04380800641774,4.028683295911881,4.064873941271994
IHLIDXUSTPELECENGI,2337,0.0007738544220515116,0.000774009135963079,0.0007675209079855997,0.0007677978852059802,0.0007691818540605955,0.0007736734155446151,0.0007675318036928224,0.0007683122160461814,5.1466382912036135,5.157270236578262,5.169872919175996,5.1639133365275525,5.182330362001794,5.168875731222246,5.1853668751189455
IHLIDXUSTPFOPRSE,2337,0.0006828816622716854,0.0006815968574572942,0.0006564114451098491,0.000656958799611287,0.0006554611264709082,0.0006606311143002988,0.0006564856827345902,0.0006597230660368598,5.297076898326911,5.308517629475478,5.345582763701099,5.347654909527121,5.3701479829374685,5.344588151130743,5.371851174147276
IHLIDXUSTPHOTO,2337,0.0010112038624691178,0.0010155791068347788,0.001001567862706156,0.0010019000594126244,0.001003279902926169,0.0010071421562207257,0.0010015914948104377,0.0010019339652278985,4.933822614494822,4.931269518211732,4.950166999915846,4.958621682043326,4.953660204515869,4.949173332178673,4.963220256755355
IHLIDXUSTPHUMARESO,2337,0.0007120214098311043,0.0007143944091677829,0.0007029247924083896,0.0007030042336835384,0.0007046372172713405,0.0007088547645416605,0.0007029201989739597,0.0007036325941406616,5.24349332274121,5.268278555495765,5.286447505247266,5.270860755921277,5.298957415318247,5.289417782779794,5.299480153537334
IHLIDXUSTPINDUENGI,2337,0.0008066713203373652,0.0008083048330354588,0.0007928159938639089,0.0007929898010984732,0.0007936218337881856,0.0007983431266963926,0.0007928114179026247,0.0007949882664377958,5.093918573405032,5.124727753456118,5.160416002481717,5.152102053966511,5.166673431868687,5.164722251378456,5.169027039465091
IHLIDXUSTPITOPHE,1994,0.0006767607966424325,0.00072790266290913,0.0006659913656371018,0.0006694429457519312,0.0006675486646887031,0.000672573340092296,0.0006673997133730048,0.000668833064554329,5.306407248245892,5.209017310870255,5.318949999584675,5.322567993128409,5.295970582405651,5.317839498251559,5.321574317096919
IHLIDXUSTPLEGA,2337,0.0007421802491590985,0.0007404746864364895,0.0007246486859407253,0.0007249929723148397,0.0007253442736993663,0.0007285092716577134,0.0007246848153270871,0.0007281394950196634,5.207525917062582,5.221526341366402,5.249766405284804,5.232254250236552,5.254639467866926,5.2481101085554185,5.256747475801204
IHLIDXUSTPMANA,2337,0.0008614795156576631,0.0008658283178447386,0.0008412781879490685,0.0008420473820142692,0.0008423438185693495,0.000847365563828054,0.0008414230599861541,0.0008442699789396,5.069077105340366,5.067975562043211,5.128314196198526,5.129112359833932,5.134628546003911,5.127320973475736,5.138523238267537
IHLIDXUSTPMARK,2337,0.0007799770581721549,0.0007805657225313044,0.0007709029921700003,0.0007711199623525125,0.0007731740288937873,0.0007774418668314938,0.0007709314250799566,0.0007719174014933931,5.150809955480736,5.1651530937876435,5.1719401831403085,5.165067825073043,5.192030779270096,5.179795700478345,5.1918983551739695
IHLIDXUSTPMATH,1994,0.0008992524090957604,0.0008982105963117019,0.000892977342446134,0.0008930693767997699,0.000894595496494579,0.0009020223905782287,0.0008929773768051963,0.0008936989254556038,4.9985032900374184,5.00393353216651,5.040091657467315,5.025415506067282,5.029504577469562,5.033367259139521,5.03074794251679
IHLIDXUSTPMEDIINFO,2337,0.0007488531454519096,0.0007485108987646262,0.0007334807083173502,0.0007336829734040194,0.0007327377325693553,0.0007349421717086019,0.0007334851109610294,0.0007356859809630849,5.205796856252192,5.221498858246692,5.250718708217574,5.246928437778501,5.261354963789921,5.248289970580334,5.2643338095410455
IHLIDXUSTPNURS,2337,0.0005489315082516053,0.0005487372006404879,0.0005409682421753911,0.0005410484355109201,0.0005424726289054567,0.0005455239725630557,0.0005409717338037919,0.0005423685907302518,5.509950014455188,5.532954645895387,5.551990886598424,5.535966800777217,5.556440971978213,5.559025866947695,5.556339489047863
IHLIDXUSTPPHSU,2337,0.0006621393868411654,0.0006632244546028426,0.0006587386595418706,0.0006592561450449676,0.0006597684739074436,0.0006639355818035381,0.00065881463607264,0.0006589686163320143,5.322210058530796,5.319144572280142,5.3307391993357855,5.33479366706815,5.326408882046788,5.329741553136752,5.335654183375919
IHLIDXUSTPPRMA,2337,0.0006607162494310754,0.0006612082802617731,0.0006462793600712236,0.0006465159291853374,0.0006468093361502743,0.0006514511711686107,0.0006462971158246001,0.0006490576900271944,5.292070480484621,5.31736749116652,5.374574962921984,5.356699217725667,5.370342570403362,5.371136064505181,5.373730776958693
IHLIDXUSTPPROJMANA,2337,0.0006027203057753976,0.0006023661559103862,0.0005952889450878971,0.0005954319864850128,0.0005962704678251796,0.0006001950833042345,0.0005953000832375497,0.0005965539432906828,5.412144245673918,5.427748086721888,5.453346204425337,5.437415588414032,5.455598676630622,5.450587477384831,5.455036971612027
IHLIDXUSTPRETA,2337,0.0009770340486794466,0.0009769778132795162,0.0009680073756012559,0.0009680172575053138,0.0009708372119135614,0.0009755467029907113,0.0009679763247213461,0.0009690166127827682,4.907708710103317,4.923974024064547,4.946501893175883,4.935313358162825,4.9408861350437805,4.960408105581672,4.948291416293525
IHLIDXUSTPSALE,2337,0.0006903005596214565,0.0008469213298304051,0.0006788499650365361,0.0006863778701940301,0.0006797878892036606,0.0006835506875371111,0.0006828999387688553,0.0006828312316420442,5.277744450454581,5.101324006145304,5.297466922458961,5.300485278635789,5.263111297206821,5.29646350991238,5.302905765624336
IHLIDXUSTPSCREDE,2337,0.0007884746045957633,0.0007871834050753619,0.0007686763036865764,0.0007689173076442271,0.0007692351590425099,0.0007738603218582444,0.0007687083486555186,0.0007710997477183804,5.0971418683107075,5.146789829671815,5.162398630215687,5.1590536533674785,5.196977224828361,5.177165791176074,5.198347228343587
IHLIDXUSTPSEPUSA,2337,0.0009257067730801319,0.0009335806278415289,0.0008897333597852745,0.0008902989036489411,0.000886966548527565,0.000890492470202986,0.0008897327988309525,0.000892782580327151,5.033819917873023,5.055495527496955,5.113035629476942,5.11157544267828,5.133124333563277,5.112038542901494,5.13483361703563
IHLIDXUSTPSOFTDEVE,2337,0.00081234797243222,0.0008145691403189444,0.000802565838044931,0.0008029955602079478,0.0008044260451410332,0.0008078052207448887,0.0008026330813519414,0.0008042709151735599,5.133040672552974,5.137631921432364,5.152518037427572,5.1538459147024165,5.162454514404828,5.1509530178224106,5.164809210913056
INDPRO,1288,0.0061539606373279205,0.006066220857265871,0.005610514098203796,0.005613811121031189,0.0056170883090350095,0.0055996021801926294,0.005610843945697343,0.0056861383437310465,3.1356057258819567,3.2280187063119756,3.214468258868712,3.194807832799428,3.319929119137361,3.319050382590152,3.32180562376681
IPMAN,652,0.007501020457100462,0.007183274561802447,0.0059429732603284826,0.005963924481725416,0.005934046729380908,0.005808514491278168,0.0059486190487076426,0.006123152866133746,3.1342671749156144,3.143587801020325,3.239240820358268,3.2249011150120843,3.31214882028421,3.237067036101167,3.3141925485598835
IR3TIB01USM156N,742,0.07961747074762436,0.07583076373298142,0.060649268984544674,0.060810041087551864,0.060076733613291855,0.05832939633139323,0.06069473150279037,0.061937137680394536,0.5668323615764076,0.8749413971792235,0.9712644344187963,0.9451676372537153,1.081821737522955,1.074327743250707,1.0836115308891536
IRLTLT01AUM156N,682,0.03111535725202996,0.03156260021049436,0.03130051323888981,0.031361796326846283,0.031230018039396932,0.03130118814095762,0.03130724844452703,0.03110490695616925,1.5207510268287745,1.4762669177202146,1.4845164726843287,1.4999728419432703,1.470846695498409,1.4823899403938476,1.5164168566515102
IRLTLT01CAM156N,856,0.03179064847343505,0.03185509231908195,0.031866591848981794,0.031875576127380685,0.031907374396316565,0.032095129768857256,0.03186813573283531,0.03176978720390115,1.5109385598959895,1.5115408435565,1.5172924651851014,1.5174318388963033,1.5228977588531736,1.5258206896056412,1.5260139414624811
IRLTLT01EZM156N,672,0.1074231760881663,0.10725329640283385,0.10700791670209245,0.10703997598251708,0.10690591047209674,0.10710462067579683,0.10701371619654881,0.1069747742320357,0.23439866538529436,0.23168667799548262,0.2319567323875665,0.23667360346390995,0.21946023087852606,0.229808923762001,0.2392921792606489
IRLTLT01FRM156N,796,0.11384805808710577,0.11520884351436177,0.11362770547648292,0.11385502601776865,0.11360326230233558,0.11444625164071603,0.1136568319636731,0.11367230994622828,0.21719197995387488,0.19148735918841184,0.20090246008586465,0.20935791622103048,0.19281592769567638,0.19895367930716656,0.21731548282840005
IRLTLT01GBM156N,796,0.036641243511702316,0.036896666866133146,0.036611752297538214,0.036605247540788505,0.03669609639010413,0.03670632653832953,0.03660856361749829,0.036604727022237146,1.4827992199487394,1.472326881273436,1.4694284173804526,1.4814394038349723,1.456194835722607,1.4674800454855645,1.4821182166477376
IRLTLT01USM156N,877,0.03238969079258049,0.03241902934883123,0.03212518390285052,0.03212951743842353,0.0322465876872253,0.032310047885238544,0.032125332807250134,0.03215865184958802,1.4390010860814337,1.4692225752215213,1.458889822760418,1.454479439532338,1.44639541011811,1.483551208664729,1.4709035110126394
IUDSOIA,5437,0.07441077686793285,0.056356598891931786,0.014362619131934363,0.01436724334535901,0.014012844061378133,0.014565589016533863,0.014381357963362089,0.015521998135414808,-1.5823737617811804,0.7406477166731437,2.9728018427807625,2.9511564997071322,3.0492689060210867,3.008341126497254,3.072168837046571
IUDZLT2,2076,1984.2549250967045,7416.540022099296,1760.1887010448368,1899.5518091315987,1749.4885612144903,1747.105150762401,1867.3324198588941,1832.2171026840776,-9.551253137970905,-10.421082800583124,-9.463828135665596,-9.461084365114282,-9.551288918771691,-9.464791835943915,-9.462036857177917
IUDZOS2,2077,4.157765428645233e-05,4.1506172668748845e-05,3.1204008987443766e-05,3.122661772737198e-05,2.934853026104256e-05,2.8970408765579537e-05,3.1218294084613796e-05,3.019263234421289e-05,9.006760089795968,8.998413768007527,9.66912782175526,9.719593072215007,9.531843024920137,9.66726211816361,9.71861950335995
KCPRS,5426,0.07043237984188767,0.07055095497142515,0.06979522504718533,0.06979356842982783,0.06981931733398075,0.0701853934118036,0.06979283764949848,0.0698179046466171,0.8771982617026304,0.8977143078650325,0.8787446303920415,0.8831931290236785,0.9032178149403614,0.8855957260753824,0.9095442393025598
KCPRU,5426,0.014693819279293776,0.014704661867930449,0.014400860460154801,0.014403295792541083,0.014425734961186034,0.014519057995089141,0.014400759949409205,0.014446373477851377,2.253194442124436,2.274664178270326,2.298419951918244,2.3005415435051493,2.3167057521771253,2.304314596640906,2.3185266001985307
KCRORO,5585,0.6040372759932995,0.6059722599693081,0.5950644626843996,0.59513569109077,0.5964688929912861,0.6011089190821838,0.5950723920806595,0.5962431365131894,-1.4216514292967357,-1.4043912412576844,-1.4134563932253723,-1.4077107949994914,-1.3839610220999423,-1.4091510088689496,-1.380487720467399
KCROROE,5585,0.6281678908028079,0.629653996531645,0.620697630842509,0.6207749966400385,0.622123864501079,0.6265289778741806,0.6207005576401432,0.6215903914793449,-1.4651470333971504,-1.4568519822660124,-1.4556262518675906,-1.4616418060345415,-1.4395515348437582,-1.4512605006173094,-1.4357883735371217
KCROROG,5585,0.6597996645418001,0.6593806709922663,0.6586469229701233,0.6586315355901333,0.6604940202421606,0.6654103879917366,0.6586432752708773,0.6586595785787963,-1.5464556870761914,-1.5433703648292079,-1.5466590670507465,-1.5563033622893698,-1.5486511026263698,-1.5467494387098188,-1.5402391140019862
KCROROL,5585,0.43712641698257254,0.4426169765878347,0.4174213107883543,0.4174631099349322,0.41770883843948114,0.42056459658060374,0.4174221886558609,0.4188141003896805,-0.7550774592154804,-0.7407775970378646,-0.7392298982406694,-0.7446066648683282,-0.7005027430211578,-0.7310919875726456,-0.6947464976607887
KCROROS,5585,0.5077384087112679,0.5088538610456266,0.4990420435863847,0.4990673223522874,0.5005580156479559,0.5040753326835203,0.49904160770656475,0.5005034339479606,-1.2394159599990053,-1.2185271727829603,-1.2280009267478829,-1.2302198342676287,-1.199785789090397,-1.2167778050622475,-1.1984325231295405
LBSNSA01,603,0.002476236698514657,0.0024487619390153254,0.002371248893295207,0.0023717017547852715,0.0023781164930388146,0.002379772870018396,0.002371093060984369,0.00239222341235002,3.8695514130800444,3.974546110723804,3.950253489153739,3.898725081643592,4.0503038592123906,4.0671744597180375,4.046543116261421
LDGUST,5384,2727.521541812471,2718.508295712948,2643.1429729444376,2643.153134498834,2650.304655156362,2648.068759721064,2642.9940397974224,2634.435696954341,-7.902274772066304,-7.862723611066932,-7.824787447902594,-7.8074655395030375,-7.792979411054545,-7.823328783681989,-7.779857508189988
LLBLCBW027NBOG,2152,0.0021728198421071053,0.0021343581355958902,0.001946441680348396,0.0019467184314642851,0.001921980362351313,0.0019042312076133826,0.0019465302872197444,0.001957382022041393,4.083980038209035,4.217449149591426,4.241214831856487,4.219865476584243,4.281878533627274,4.254128298150729,4.2888100104662765
LLBLCBW027SBOG,2152,0.0017586479602516045,0.001817493127036797,0.0014705246791103322,0.0014801378126600491,0.0014454323057844568,0.0014163366206330732,0.0014760475058788409,0.0014845394373955733,4.535232918375494,4.412647904544552,4.63261383125786,4.632840272244638,4.606989524847219,4.631555620345015,4.632107912718963
LLBSCBW027SBOG,2152,0.0016889108677090275,0.001656049119960887,0.0013805080878636373,0.001381001866642359,0.0013734673656797766,0.0013653093911033553,0.001380566754959297,0.0013953531618865907,4.256809334360662,4.4292791051228795,4.570176827725963,4.501997124461682,4.653284783511925,4.639864695449692,4.654586659075956
LNS11300001,940,0.0016428936342386515,0.0016136499625802856,0.0015696134281713632,0.001569453516432717,0.0015727662455932662,0.0015730650418073536,0.0015696678238063,0.0015829161770301906,4.352940916059886,4.440914563290786,4.318452267372996,4.299373804393152,4.425092244163999,4.451799982545749,4.459792218178111
LNS11300002,940,0.002106108127920102,0.002071018621073973,0.001995341484787186,0.0019952058912350475,0.0020016320149317418,0.0020010003729817004,0.001995268004531185,0.002016279051350516,4.168597101727211,4.214008838953511,4.130281758260194,4.120740268379395,4.216335526693151,4.243750468675549,4.231741011354221
LNS11300012,940,0.009393302402473262,0.014080628716918486,0.009174410754012298,0.009358306432003222,0.009210699119472376,0.009220395746728048,0.009266945930738615,0.009274192635000861,2.6736182212413984,2.161508793681718,2.6914693973119093,2.6978265384775577,2.637100301326841,2.6896965340407957,2.694756143742327
LNS11324230,940,0.0031989121204768684,0.0031830904431341487,0.0031774444641303064,0.00317765351503458,0.0031812452880310886,0.0031790669611014115,0.0031775015506112702,0.0031755742106961697,3.714560119904476,3.736006406916623,3.714057051019851,3.705694455316311,3.694400145967809,3.7209935195656065,3.732863916663339
LNS12032194,852,0.027581373989804644,0.027121237998571208,0.025730180535158333,0.025732747357944532,0.025705014354554804,0.02578453201138174,0.025726980715371262,0.025963453762044803,1.5532590772964736,1.6728180916775512,1.5811547058122783,1.5921358863243362,1.7002370840338847,1.7211113213267741,1.7050497353360716
LNS12300060,940,0.00631263332436525,0.005575113301273498,0.003396510257701458,0.0034007660645146397,0.00338378046625894,0.0031724299149053993,0.0033986072153731352,0.003546616051844888,3.50514027654006,4.160758207627008,4.091874750478445,4.071476326177887,4.265124877006575,4.254685082013473,4.270926604201292
LNS12500000,700,0.00587522182927366,0.005366228637631248,0.0038026766810890836,0.0038118530634429207,0.0038136437629840915,0.0036728300673185433,0.003805420734003361,0.003956532508842087,3.0519118785609685,3.7551590620443815,3.679317239956646,3.6717733859354666,3.875818309184128,3.851088385404693,3.887778416204243
LNS14000006,652,0.039692035320805216,0.03819652906980035,0.03550133824012284,0.03552287522630329,0.035540879256334416,0.03547060527740308,0.03550749752883046,0.036206010755035094,1.1095777234466282,1.2844168911874654,1.0859600279932538,1.0805923990464172,1.3671082269123604,1.3575810315610883,1.3663785800450046
LNS14000036,940,0.03846771249335849,0.03712128486910648,0.03426460545101531,0.03427143110057749,0.03445576682636406,0.03422909109733801,0.03426592256025536,0.03496372805198207,1.3019004832869776,1.4080026534948487,1.2618880478049774,1.2567617958050572,1.3973437401358186,1.4182464680569091,1.4121663553747918
LNS14024887,940,0.03548001160396844,0.03356977001485001,0.028801035907920686,0.028831633865666298,0.0288158416219459,0.028292133265881647,0.028809878378702438,0.02959633137804973,1.5265181321927128,1.633158311513602,1.5464062965987604,1.5259641069073744,1.7072711825708897,1.700650496900585,1.7175665255693298
LOANS,953,0.0026112501390489536,0.002629663389062066,0.0024657164174042437,0.0024670310477543905,0.002459722459484232,0.0024326487003350837,0.0024655885501255674,0.0024970545625411073,3.9487668644281646,3.9689418355995563,4.00639918261459,4.009998039010604,4.061170790272775,4.004652192065404,4.065352957738631
LRAC25MAUSM156S,848,0.001331088033043803,0.0013009214840380326,0.0012614760648606586,0.0012616627843394738,0.0012612094769081821,0.0012602147198365356,0.0012615171578993383,0.0012735551206876647,4.503234831014484,4.650248988838929,4.531349460746633,4.52461042590748,4.68448514571205,4.686530762797202,4.684967453903356
LTDACBW027SBOG,2791,0.0034355289501110846,0.0034221794694201686,0.0033967966085779555,0.0033968621207820415,0.0034034519386606406,0.003420431564417846,0.0033967804106528267,0.0034030559930088846,3.6574048862861397,3.7026267994063593,3.6658825946568316,3.682409818626214,3.6925479055284707,3.6908829674167416,3.707720814124342
M1,2091,0.016970538553408306,0.014015177246527503,0.007427161117188536,0.007424399481771095,0.007401171785018069,0.0069924089161502775,0.007425851150088101,0.007665111625596826,2.7000738517942606,3.433665304873636,3.4729295527814217,3.4687499317143486,3.4982844298155555,3.483746584683876,3.509505872836762
M12MTVUSM227NFWA,665,0.0013872852393769608,0.0013213200057884634,0.0011067700568249737,0.001108346839475426,0.001102432179468785,0.0010851145867990185,0.001106942489056375,0.0011468981049047196,4.817279916382706,4.883969092485206,4.839179986449547,4.845096707629945,4.880529564432772,4.904251623487207,4.900353181672103
M1SL,808,0.07039442702913919,0.062371234527256444,0.03319087113305974,0.03329840242676544,0.03230191300830113,0.02940109678373045,0.03323173299432544,0.034778629712127244,2.1921298935790827,2.7605404874313586,2.5984297774072203,2.639425197675365,2.958294086313994,2.8899673133749686,2.9630323965556795
M2,2091,0.0011018684595270492,0.001086194836090202,0.001038517640712477,0.0010384866569152023,0.0010397973230117088,0.0010401244607148403,0.0010384674233092845,0.0010453021014685455,4.825553347215939,4.901902401736616,4.862857755666326,4.862629373204164,4.932730126259187,4.904266526326101,4.940749522504365
M2NS,808,0.002554481905850672,0.0025152174092437567,0.002419663047395881,0.0024194211119391356,0.0024104925913115373,0.0024150465729706797,0.002419411287551697,0.0024290417699204194,3.921855080300434,4.051209197361359,3.9435847280706064,3.955351409299738,4.07369538411363,4.063652368629945,4.080078727916326
M2SL,808,0.00218795968422211,0.002144932802856973,0.001964503214668335,0.0019663252477352287,0.0019569863658078046,0.0019611619145018275,0.0019644533299621337,0.0019953611816054414,4.092095606047686,4.219802559587752,4.160269342988992,4.178918954823876,4.309036229553165,4.265888854555643,4.30604786500258
MABMM301USM189S,766,0.002199564897088151,0.002146663576381393,0.0020021741352997955,0.002003162713011154,0.0019990746281450993,0.002005838307075406,0.0020020725576541326,0.0020391961573334445,4.105934260384284,4.246564716185802,4.179240912935124,4.19709028000474,4.319623793399272,4.281371035403053,4.31637007000339
MAICLAIMS,2107,0.12449002570242877,0.12385140235868902,0.11952890055376611,0.11953588541570359,0.11955371235278231,0.11995557090335555,0.11952501104091945,0.12034908199202526,0.028758499936357453,0.06914032502191118,0.10971039206785022,0.10484470143841189,0.13101770461986242,0.13228663220122583,0.13281988551460577
MANEMP,1049,0.005270140866269066,0.00478111786674518,0.002834426488769279,0.0028389340657333025,0.002853108373316126,0.002760109689730781,0.0028365645567296773,0.002945181387706343,3.089231840085705,4.128213557437329,4.231238027476867,4.206093069101867,4.336658633974295,4.3260316028076184,4.34375797691654
MCUMFN,652,0.006839634117025243,0.054549315475352377,0.0054244620917361834,0.006484122565516775,0.005412594441680905,0.0053048652971794535,0.006009738445274078,0.005988804227162263,3.1489658369442632,0.6407730148451716,3.329147080151241,3.315169668096353,3.2371378192978333,3.3297352830159834,3.3105473284165936
MIICLAIMS,2108,0.1658219290117824,0.1652654701396716,0.16188227026893068,0.16189668705846874,0.16215672720826657,0.16312874231948132,0.1618781691115017,0.16257857604366388,-0.26841811250501624,-0.21780187821870556,-0.21687420848585906,-0.21606582482634462,-0.20049817851439594,-0.1885600722039007,-0.19073803207492945
MOCCLAIMS,2104,0.04778687723142396,0.047807117822728326,0.046384055321365865,0.04641608581709952,0.0465045892616535,0.04663937781483727,0.04639458248710761,0.046554628054003996,1.0601340185092607,1.0720052153419224,1.1229446410625135,1.1275759667490979,1.1258966314194547,1.1218780348487079,1.1350284709343614
MORTGAGE15US,1819,0.010692573002407967,0.01071771198439549,0.010579346205612518,0.01057999929238922,0.01060079266408974,0.010672252078459996,0.010579140628930306,0.010589086576328788,2.554080210730722,2.5732445381798836,2.574017376560801,2.5728167104513124,2.5745025822703975,2.5688874726422615,2.586520600561939
MORTGAGE1US,1669,0.007338489156490825,0.0073421015486394734,0.007322095833560675,0.00732033993292241,0.007332969292446819,0.007366578718591641,0.007321833071086653,0.007308626552434252,2.9405120795109654,2.94658192831156,2.9557075622459426,2.9375584552142655,2.9456022506447104,2.9576385150646325,2.952202864217345
MORTGAGE30US,2884,0.008251571273488346,0.008263615872859028,0.008133886732200002,0.00813538164652224,0.008149971329357405,0.008196846374420726,0.008133912802960528,0.008148517025497144,2.85835040862855,2.8730429159030293,2.884951543113614,2.869860982311405,2.8996643389999877,2.883536354760156,2.8999403372919277
MORTGAGE5US,931,0.011324730744503034,0.011305401284467591,0.011165892091395612,0.011169228739166896,0.011178856481758398,0.01124566882872241,0.011166381113327562,0.011192322085650285,2.472445125153744,2.486068806288337,2.537000771865456,2.5084848652199474,2.5385878002379507,2.541744968456075,2.5367556425394966
MSACSR,760,0.044667654528207944,0.04452559691285621,0.04455756511928922,0.04454360094452821,0.04459366517422883,0.04476038591488866,0.0445548598363767,0.04446993010305372,1.0946419030215726,1.105218388270858,1.0821649565292322,1.0801921234473886,1.0445402919185507,1.1054290286558912,1.1008532153492578
MSPNHSUS,760,0.019860110575695842,0.019870849028337346,0.019945510998843122,0.019962241552064646,0.0198610281227531,0.019936045553706202,0.019945763431528533,0.01978815983647277,1.9407269669937712,1.9379336083634202,1.9210695897087209,1.9407680803335425,1.9059005716539859,1.9190677615348564,1.9417426668466806
MVMTD027MNFRBDAL,1013,0.009721119362425902,0.009714207833810306,0.009746220745357321,0.009743217621786203,0.009756815805122254,0.00979061292102277,0.00974591898985791,0.00969461140206996,2.6321685889239066,2.626633719009206,2.621225197083749,2.6063324307977256,2.615815929542368,2.62322032338924,2.6307345050855684
MYAGM2USM052S,698,0.0016537884200750364,0.0016623388261722467,0.0016171384305638011,0.0016178509817474569,0.001614892667823565,0.0016251771060068001,0.0016170409291177798,0.0016219860489509904,4.387557431238332,4.39013700428421,4.416658065102795,4.4389441673194785,4.445265809673588,4.409728172317102,4.445936001935006
NASDAQ100,5415,0.007319013179278196,0.007337830309964395,0.0072723036853908525,0.00727229742758661,0.007295265116988608,0.00733112485127732,0.007272239583583977,0.007275733507624269,2.972053253516546,2.9777697555903098,2.982128813967597,2.9871496844251646,2.9913073135373827,2.9847827706984345,2.998146730248087
NASDAQB4040GI,5470,0.006170720900559479,0.0061860692724184105,0.006061088472681214,0.006062210414347958,0.006075795359174852,0.006111696530063163,0.0060612558466909515,0.006069682884340433,3.2697491851534224,3.3055216145933093,3.3474043465537906,3.3208421846747602,3.3614143684555677,3.3544646736024455,3.361383336143937
NASDAQBXN,1319,0.004325053977526945,0.004388282410761902,0.004147227551794686,0.0041518413028249265,0.004152990631144621,0.00413925648782178,0.004147664885931017,0.004168297989480204,3.470968089808034,3.4486895714794223,3.5848866356493643,3.564401003211566,3.598831244759187,3.5828850419244054,3.597514674920193
NASDAQCAPEXA,2923,0.006037501349309416,0.006076668765242189,0.005968634930438529,0.005970458607957454,0.0059811898584172,0.006004302028768985,0.005968755399150032,0.005977952044576841,3.195168945376997,3.1877406435962823,3.2128025476717914,3.2097603649988256,3.207163063410949,3.2119429958673114,3.2182114051007176
NASDAQCELS,4938,0.011947488600071736,0.01196833891788107,0.011949775044883511,0.011950681285598732,0.011974134497206487,0.012049055225040526,0.011949688210985828,0.01193510550800952,2.5064455518146525,2.5028567808318063,2.497914326758215,2.5013117730809786,2.4985233089038466,2.4962194432282803,2.5113996199587802
NASDAQCOM,5415,0.007186807399007152,0.007209355259213936,0.007142651593189245,0.007142785302696253,0.007163071903555963,0.007198337898125481,0.007142592377778479,0.007145400494670416,2.9968717246292322,3.000601070741876,3.0069791079018278,3.012514838057564,3.012477187954202,3.010611482698756,3.0210903753124603
NASDAQDRB,4918,0.006476882708143497,0.006501412042893484,0.006432571223432732,0.0064342101212932976,0.00644610277613607,0.006483639616879619,0.006432651604837306,0.006435492706407646,3.1256817465797058,3.1208906353056878,3.121592141099182,3.1292050792357755,3.133113419882234,3.120993614598672,3.1407567413427486
NASDAQEMCLOUD,1953,0.013229825999034625,0.013222002003864537,0.013182307353040068,0.013181821515039662,0.013201063261897765,0.01328414263135244,0.013182323609452819,0.013161390838006718,2.370478063784522,2.366276620095526,2.376117574858774,2.371270612667437,2.361002765664136,2.3763055687770183,2.3761868662242036
NASDAQGSOX,1249,0.010041012553134205,0.010039033294597013,0.010019600211591857,0.010023766690373869,0.010016341179165887,0.010065147201662891,0.01001942895483857,0.010010035330664123,2.601799609198986,2.6018380234241256,2.601402260625759,2.6174071324751056,2.612341648477677,2.5999142920018516,2.6201507350419893
NASDAQHERBAL,970,0.01574266846138804,0.015720529551707253,0.015467032496327913,0.015471820533368739,0.015471638222462013,0.0155348377721816,0.015468473922217736,0.015513367029598457,2.172421846699605,2.1854195027472363,2.170423679973676,2.165945508657124,2.2138758801212215,2.1942312832079236,2.2137808286622884
NASDAQHXC,5414,0.011390257180712744,0.011401191765407721,0.011339225276051136,0.011340701149652646,0.011361935435747688,0.011445003494311344,0.011339391480590471,0.011338007605766925,2.532437046337156,2.5377819254558913,2.5423708137135583,2.534236752767649,2.544341232379324,2.5433824374471414,2.5468013329270858
NASDAQHXCX,5414,0.011388638894554262,0.011399562161042346,0.011337727373498425,0.011339189487409716,0.011360014408250017,0.011442769985617768,0.011337888258936923,0.011336288348477873,2.5325458734396764,2.5378722037122925,2.542712890694443,2.5342648756066337,2.545224207449048,2.5437211628340726,2.5472939188060475
NASDAQHXR,3040,0.007494356155244215,0.007503728124473568,0.007453213253761766,0.007457201761812849,0.007471537657049524,0.007519238459741305,0.007453987442866998,0.007455982504176064,2.931028406996629,2.9254962124031483,2.9376502658703836,2.9400241650409016,2.9288778313413606,2.9375691435938545,2.941201881264123
NASDAQNBI,5412,0.008271303258591033,0.008275067406268143,0.008243287416269136,0.008243015780085499,0.008268574648309239,0.008321858416834946,0.008243234108302213,0.008244080650446638,2.827367707464576,2.8308410364762455,2.822000655559784,2.820993497267997,2.826657013082887,2.8211083988425676,2.8348311760148066
NASDAQNDXL3,3447,0.021640223602140456,0.021721117979511307,0.021406050914023072,0.021407230982735885,0.021474782222363518,0.02155856057261281,0.02140632119197617,0.021421055982662265,1.878761574481596,1.8870118924474375,1.909880263597482,1.9060841049277115,1.91352679235843,1.909036995087814,1.919118672711751
NASDAQNDXT,5126,0.008973336389717186,0.008988545299951236,0.008941633070681194,0.0089419850179589,0.008963984524656013,0.009010785174737213,0.008941596451495688,0.008939918430629017,2.7726940393648696,2.7751694498832227,2.7860235892229928,2.778808989809955,2.784255804375667,2.7845779791982266,2.7920465619393307
NASDAQNDXTMC,1081,0.008884063030790888,0.008874571555726072,0.00881320112102833,0.008813904041663621,0.008821484175235077,0.008852336869562202,0.008812999523392186,0.008821392584178597,2.712370829755402,2.711839496947244,2.725826586353974,2.7246233162424263,2.7216785044080902,2.7316906221724593,2.7305462900588093
NASDAQNDXX,5126,0.006598261379831464,0.0066182768541142,0.006565271776580556,0.006565511894263999,0.006582482691078918,0.0066215668728464286,0.0065651907234636495,0.006565536114345565,3.104822458736833,3.1043716051371257,3.111466820047087,3.1085224694691562,3.1133834678838914,3.111287801380239,3.1215755498458533
NASDAQNFCFA,679,0.0068568717574099035,0.006851005523551234,0.006751183187819604,0.0067563600381789135,0.006750190470028908,0.006763436970596411,0.006752024499080161,0.006760056037411066,2.988882134301874,2.973061529057718,2.999985207047447,3.001822015913912,2.997928627056419,2.997849491575248,3.001049558664749
NASDAQNQCN35,1516,0.013797394289424603,0.013818392371939861,0.013453782836377106,0.013467303770659224,0.013466179391358996,0.013544228462515063,0.01345672858844164,0.013512742876835198,2.2894314411327086,2.2958426711737157,2.3368945769374716,2.333237834295829,2.343734062265248,2.335575966134154,2.346470547358147
NASDAQNQEM,5544,0.00603813549082337,0.00604515336292288,0.005999837822692153,0.006000855867628262,0.006015983989188293,0.006054184215800277,0.005999793484336378,0.006002110770996102,3.1712454182375827,3.1745058953589544,3.1705924998338624,3.1715584011569598,3.180989806445211,3.1737558645118904,3.1851055010699727
NASDAQNQEURO50,3614,0.006114001937033491,0.00612278067579818,0.006045452385725264,0.006044986589442414,0.006062244772064158,0.006098996197198185,0.0060452741476166375,0.006051885255670586,3.1247942722221524,3.1431246801710584,3.1438110145048137,3.1498547396026697,3.1442510306755502,3.145489705775241,3.1624642919517134
NASDAQNQGI,5544,0.005023827390629467,0.005041033285760208,0.00498382466260438,0.004983987673081638,0.004998496329843116,0.005028468822504549,0.004983741633070139,0.0049891166128858905,3.376553593745879,3.3812794492197003,3.3819777661519197,3.3806748876600365,3.3916457098655486,3.3834651411678283,3.3972243228856334
NASDAQNQINTEL,1942,0.009818097026178783,0.009830352979977981,0.009783445931317464,0.009783961308733637,0.009803585473857901,0.009850380994451215,0.009783501379006547,0.0097799381281956,2.6509657277480856,2.6448872312350473,2.6598462215184915,2.647414041050233,2.6523934020252793,2.6577542063553565,2.6591298627081366
NASDAQNQMAREITT,2872,0.007157323675098349,0.0074567143349436775,0.007020994696155129,0.007039279774471004,0.007038292929238786,0.007083842476437944,0.0070289651021932156,0.007043791744990365,3.122005913010109,3.046131710340096,3.119483988551565,3.119598075260995,3.0977866409951487,3.11861207744767,3.1252789210452305
NASDAQNQROBOUS,2008,0.009933343974325439,0.009951620100671315,0.009892883497213349,0.009894665906118821,0.009910324717928411,0.009968365311480668,0.009893074056913068,0.009889959425237672,2.6540291622633787,2.646111099150259,2.6523463648926002,2.649163615180335,2.6483024307448373,2.6533447068207017,2.663799358661474
NASDAQNQUS500LCT,2640,0.0059901300916734715,0.006034052045087138,0.005892474993931589,0.005891715464371259,0.005905259486943094,0.005924445646768023,0.0058919994950325984,0.005893055625394943,3.1946492813780503,3.204889912121335,3.2246856831506876,3.2241665879618284,3.2273251155984046,3.2305764632623566,3.2371066021888066
NASDAQNQUSB201030,3862,0.005948599129493603,0.0059522699944827805,0.005909362825093543,0.005909428218100275,0.005927370421322351,0.005966090132864074,0.0059092995240685505,0.005913247216131094,3.1505861015017502,3.1509871636719495,3.1573026614386808,3.158857504561744,3.1593258052317417,3.1563625789722125,3.163351052342761
NASDAQNQUSB45,1515,0.004659570563970786,0.004656146641729687,0.004641538160465371,0.004640683384793638,0.004648753908207599,0.004677071611369714,0.0046415750415149505,0.004636684340215528,3.368491115729856,3.3777796051285107,3.379710898996371,3.366975690069731,3.3669926389680374,3.379106559865135,3.3781380911573144
NASDAQNQUSB451030,3862,0.006683160659404772,0.0066817831110586035,0.006574330296669005,0.006574628990796471,0.006590727125079512,0.006639507647837902,0.00657440540255034,0.006595113049379267,2.995851830225252,3.031816794905824,3.02836529505039,3.0346287950379347,3.0596076972898825,3.0420194219836425,3.059608346562404
NASDAQNQUSL10101015,3858,0.007956877342217238,0.00796366646072028,0.007869590802138093,0.007870077551541014,0.007891755964247387,0.007943300109293354,0.007869552580689622,0.00788384789845037,2.856924131892904,2.8719495166218634,2.8882105403473415,2.8726810689049835,2.895517521150985,2.8904020447302665,2.8960196316801827
NASDAQNQUSS,3872,0.007163397191390268,0.007175894702111677,0.0071192841107563885,0.007118962633606643,0.007141717803157626,0.007187163314088905,0.007119231436527953,0.007124399443662554,2.9849112405696263,2.9863039712863935,2.9958765189345105,2.986283850783543,2.9913700628049016,2.9939442368049503,2.996658865085655
NASDAQNSLITP,931,0.014377125266611938,0.014349052715838053,0.01432266490285806,0.014321461509056442,0.014358025560786443,0.014466006453542023,0.014322884787209339,0.014320406988154618,2.2459065871792476,2.24856842690763,2.2604746463406835,2.239251851778417,2.2434607759353926,2.248506820799106,2.250448665489204
NASDAQNYGBIG,725,0.007792552200270928,0.0077961362305772035,0.007733760755541033,0.007735178292909245,0.007742412836514299,0.007749413328401661,0.007734066112285477,0.007726000179553117,2.871942740917794,2.8637110540358606,2.8905116201647445,2.887984409250811,2.894668808147217,2.8967273998483143,2.8931462535724264
NASDAQOMRXMUNI,3931,0.0005067992225162157,0.0005074538465502812,0.0005038636467536656,0.0005038600609405151,0.0005052882228626191,0.0005077669177350914,0.0005038637133803738,0.0005038414268272886,5.67844471132037,5.700348617528745,5.692136867852244,5.696011486777421,5.71319570785397,5.693670594053404,5.715887752830083
NASDAQOMXS30,4413,0.006264434003500522,0.006271022808164157,0.006237791262155333,0.0062374193649750945,0.006261167715802065,0.006294090585272979,0.0062377077828251505,0.006239459334912436,3.1102752342579816,3.111492885124899,3.1056549602303605,3.108881162888979,3.113391834529669,3.105262568819845,3.1214319681381886
NASDAQQGLDI,3446,0.003982613186013626,0.003989830109061329,0.003911171571146139,0.003910882840661735,0.003912996951238496,0.003932181236879033,0.0039110448712762445,0.003915326097433398,3.5101705709986293,3.5403285920464485,3.573517430360685,3.5762932153998452,3.5925122971094967,3.5727510566473764,3.5929262905435353
NASDAQQMI,5366,0.0071930027416413755,0.007210713788691964,0.007123548934123772,0.007124254016802563,0.0071392503289344515,0.007174819913747048,0.007123799713086849,0.007121616407769355,2.9953697475717984,2.992229194175885,3.007610201967398,3.0069871528568966,3.003050010062244,3.006905690463138,3.013939391572942
NASDAQQSLVO,3368,0.007376471172648891,0.007383075515181795,0.007258776730836556,0.007259732692330588,0.00727157272860544,0.007306896324996126,0.007258732789796053,0.007271621302373129,2.9184635687223093,2.9317744433418085,2.9739663951112867,2.975106568770169,2.97776348482477,2.9731864011102838,2.9799249312198333
NASDAQSOX,5289,0.011340931737683512,0.011267296486662439,0.01079404439052723,0.010795850450001877,0.010822152941638269,0.01087182925595023,0.010794632395885568,0.0108303093141087,2.5006382797159032,2.561972577516205,2.575123571241688,2.575929950234402,2.5769302568989634,2.5792683326043355,2.58563402659941
NASDAQSRVRSCNR,2020,0.007381665432906403,0.007394616040451099,0.007307754397613972,0.007308376741084575,0.0073296282466619725,0.007370495055765443,0.007307590263517304,0.00731374332047715,2.9524903359645975,2.9555801847840293,2.9626743161143865,2.9580225462595426,2.9602983598305777,2.9661358787590455,2.9704548918120874
NASDAQSRVRSCPR,2020,0.00738607264993752,0.007398836946579503,0.007312615805417488,0.007313255778787733,0.007334630181229341,0.0073747398282321235,0.007312413478301054,0.007318757371271909,2.9524817211970507,2.9551781841775644,2.96360871907365,2.9576181204584038,2.9580356307791362,2.9670831132898456,2.969924560243213
NASDAQTDEX,2309,0.06032684585128158,0.060402203699545846,0.05820924774694949,0.058249163941238954,0.058288173453819266,0.05856908786095258,0.05821861937807545,0.05860895448256405,0.7999146027248984,0.8220113385800499,0.8516842533334169,0.8401430502867148,0.8709557081405899,0.8506800913911526,0.8732407625498222
NASDAQVOLI,2310,0.04629216523796104,0.04648049759118854,0.04546160104947707,0.04548434071691468,0.04553054010922363,0.04581325950899993,0.04546523124065502,0.04556104522811025,1.0866326587995667,1.0848677371724382,1.1212489150133502,1.1236361243828528,1.1239476318322992,1.1201853327718447,1.127167914629036
NASDAQVOLNDX,3897,0.006015636572490663,0.006019063964840373,0.005939233557915221,0.005939628542789585,0.005952599146857887,0.005989755024174514,0.005939267846885245,0.005949363953910871,3.0884434956795563,3.1094129740958985,3.133571981302098,3.134068850268075,3.139211596686063,3.136805331514123,3.1419335392927255
NASDAQXAU,5207,0.014334144114730246,0.01423603139472013,0.013669912382108691,0.013672846431323934,0.013689758842302124,0.013770907059357788,0.013670255940115457,0.013716221388429872,2.2734408656659375,2.31786538135725,2.3249401989457614,2.3210098235778416,2.331223617736979,2.335992144776225,2.336844643758569
NASDAQXCMP,5414,0.007187050265104886,0.00720950095101142,0.007142897745302434,0.007142990987563302,0.007163476731387649,0.007198896648188602,0.0071428326821937746,0.007145644031844187,2.996829085656679,3.000531931964438,3.006925712543259,3.012445244933604,3.0128912899937133,3.010563935558834,3.0213054531072783
NASDAQXNBI,5414,0.008267360600193393,0.008269886708522259,0.008237550355060803,0.008237670488918384,0.008262652196939899,0.00831672654236321,0.008237544823158896,0.008239874960287033,2.8284363908406553,2.8293851796700844,2.8256416110385763,2.8225032196766575,2.8297962333909474,2.8266966976946453,2.8349791120729892
NASDAQXND,1374,0.007934842027185801,0.007932202528875897,0.007896291754591209,0.007897415551603032,0.007915728659439784,0.007939053284543017,0.007896502606108323,0.007901057993063565,2.8608832675699856,2.8558831476131616,2.8614945502047613,2.857452206848853,2.85365374291192,2.8620266514721897,2.869830961075628
NASDAQXNDX,5414,0.007319146309303631,0.007337832852757963,0.007272206548797173,0.00727222304535652,0.007295067384727588,0.00733132990116621,0.007272136974558698,0.0072758749912858875,2.9722355669993266,2.9777866884994846,2.9829096527993677,2.9877166981465715,2.992423706055389,2.9854056568524223,2.998649102790543
NASDAQXNDXINR,1100,0.007070557083443241,0.007071702691768546,0.007003431219867917,0.007001876944788483,0.007012711262657257,0.007025184693414057,0.007002990365316073,0.007006155370826544,2.9410766658293634,2.956256971202082,2.9517805470789944,2.9542726925919784,2.9626500701266782,2.966076007482234,2.9732826093615365
NASDAQXOSX,3778,0.012829052254891105,0.012806862547344935,0.01266989334301884,0.012670564500037536,0.012706201897783483,0.012781175260454393,0.012669948401113492,0.012699123337989027,2.4262575147736407,2.4365183674136106,2.4209280072081074,2.4213188546287414,2.438290113649942,2.431480911483579,2.4454494499306687
NASDAQXSOX,4162,0.01044046724457629,0.010449248388624629,0.010386706731900697,0.010386762916065625,0.010417435198020578,0.01047050935612561,0.01038667266989202,0.010393130073753951,2.603473411146798,2.609183961918148,2.6072009096095115,2.6131201726070423,2.614215269361291,2.609636179542107,2.6219659399787187
NASDAQXXAU,3778,0.013319171992711227,0.013306330763589709,0.01325988167551686,0.013260202951451711,0.013295285383142605,0.013378807992373629,0.013259723494623192,0.013266175952623228,2.3398629944752085,2.3466610808117,2.3578916693780125,2.3427440935388586,2.3498509422876968,2.3564132960159965,2.353836077298927
NDFACBW027SBOG,1152,18.838090294692464,18.72871561338936,18.39992442178525,18.41617931218277,18.414432640147403,18.529635533580876,18.40183668950737,18.474084413543313,-4.9573150310518095,-4.942241305453634,-4.933853083262427,-4.930338947225529,-4.911222115472519,-4.912573733887063,-4.911189813910293
NFCILEVERAGE,2896,0.001171485900140807,0.0011874465093064748,0.0011987817991245772,0.0011993680927948288,0.0011928529287389296,0.0011895202992569932,0.0011988284283668798,0.0011841473005328985,4.779537644431328,4.748619457281665,4.71499737887883,4.726305025043693,4.707789804284117,4.714050834040106,4.778131115176162
NFINCP,1331,0.02093908522346761,0.0209655626615457,0.020593918248524197,0.02062162333636899,0.020573777967321367,0.020682169681414463,0.020596779434400976,0.020642335422196664,1.842030287064591,1.8534576226223423,1.8821413683055979,1.88009041622976,1.8993898007774888,1.880714677910484,1.8994432644031225
NIKKEI225,5268,0.007982157216598356,0.007985107165716149,0.007876164153835578,0.00787645142969257,0.007904392147807816,0.007941721491334562,0.007876091055956482,0.007896444621416865,2.8720539809078485,2.880663643771116,2.8763548878870178,2.8778191150126107,2.8898501979972364,2.874431655420971,2.8973290114368138
NYCCLAIMS,2106,0.03328438225936622,0.0354335286571631,0.031417406309990584,0.03154313036194737,0.03141599636502788,0.03141261644279908,0.03145954494020824,0.03154685748887967,1.389819578937396,1.336638311730812,1.544780642150599,1.5425077366798996,1.4895569696439075,1.5437105262048647,1.541978984259542
NYICLAIMS,2106,0.13551478556428842,0.13544814705738747,0.13145169718852492,0.1315249163513732,0.13063003956849173,0.13111053207598308,0.13147815867103804,0.13172321870436657,-0.013436750652156238,-0.00402280180088942,0.06972631051611383,0.08533542770685018,0.06342769130619008,0.06865849391719177,0.08636013986447531
OBFRVOL,2604,0.06020456172587741,0.06075665296766933,0.05012616854148261,0.050166939220742536,0.04955938243960015,0.04982698723185404,0.05013354376526619,0.05042853164778024,0.8381976670239277,0.8068676241131892,1.1044890841002097,1.1028907358580389,1.1160103530495906,1.1035655770205703,1.1282489221340302
OBMMIC15YF,2379,0.008373982793308452,0.008363564470979102,0.00833225001140761,0.008332730572767368,0.0083433513563944,0.008389660367901414,0.008332270760051148,0.008335242833260075,2.838332049636267,2.835739216777616,2.8315179711073855,2.8358828401105254,2.826380444109617,2.8333876989181617,2.841820285066891
OBMMIC30YF,2379,0.004766661437474396,0.004770710820570044,0.004714410977216703,0.004714368718755832,0.004733229623489372,0.00475308936958255,0.004714242877931913,0.004725151689643445,3.379185939079795,3.391509612875839,3.3828238168134677,3.381937795506515,3.3929372003358074,3.388148276028155,3.398055668529418
OBMMIC30YFLVGT80FB700A719,2379,0.006638776063908181,0.006635234437378118,0.0065985405417474715,0.0065980735898552014,0.006615390511554695,0.006648553142716752,0.006598159767977761,0.00660183548389078,3.032447671786208,3.0366419094050103,3.03175733794908,3.0339609300188655,3.0245851931944996,3.035266240308555,3.0421732486347346
OBMMIC30YFLVGT80FB720A739,2379,0.0061581533319637425,0.006151483876045228,0.006114412343063526,0.006114755627257113,0.006138299535241753,0.006156954291933961,0.0061143100552948915,0.0061263353413145765,3.122846614945358,3.1224174386974544,3.121337217323457,3.114999922823937,3.1123752046863817,3.1204487808912367,3.1267205386612744
OBMMIC30YFLVGT80FGE740,2379,0.00495915704848241,0.004953327954649183,0.004907916168632629,0.004908761675683904,0.004926565431112745,0.0049496798401761875,0.004907935538388598,0.004919779753741943,3.340048534618345,3.343838211085082,3.3505199804801014,3.3430052786252453,3.3527203437558084,3.3531358876350508,3.3549158929953
OBMMIC30YFLVGT80FLT680,2379,0.010441641238129809,0.010408268901437935,0.010241953396634572,0.010242769807750728,0.010260165210403228,0.010321786530675158,0.010241850120281622,0.010277245411550732,2.5813202337432393,2.6012353943644975,2.595323093656552,2.594671827307063,2.6044900322018774,2.6145788182019194,2.616493747240305
OBMMIC30YFLVLE80FB700A719,2379,0.008213941159606879,0.008210233879210837,0.008194831959221613,0.008194356459166162,0.008217925869059901,0.008255267312958624,0.008194671372672107,0.008195892315021484,2.827574318999467,2.8288941559221445,2.8313985439240126,2.823081218915268,2.815587343233844,2.8281574943677326,2.829850533846819
OBMMIC30YFLVLE80FB720A739,2379,0.006830492888670803,0.0068244669039033,0.006806809111080805,0.006807285743466107,0.006826024919143069,0.00685869738276974,0.006806836132709761,0.00681017425635057,3.0041269593079094,3.0064666245629184,3.0137095755020136,2.9978604089108845,3.000007348649067,3.0100955671825536,3.009467471332615
OBMMIC30YFLVLE80FGE740,2379,0.004898038170386422,0.004894585933924208,0.004850059808910654,0.00484987412628372,0.004865427899544818,0.004887091520550769,0.0048498970924017145,0.0048584061274484554,3.3425812111238047,3.3544705272408124,3.3575274416078105,3.3435928863232522,3.3625097471355,3.362491563973479,3.362898792473846
OBMMIC30YFLVLE80FLT680,2379,0.008235086923671453,0.008216778002224178,0.008176395892539486,0.008178034776913817,0.008191427742513894,0.008221721551192456,0.008176417085711667,0.008186885320751212,2.8173836043735747,2.817307338116952,2.818395537372963,2.8176729697890543,2.8105555735890717,2.819105411048208,2.823830514346143
OBMMIC30YFNA,2379,0.006067415645844284,0.00606277120602087,0.006041180373592453,0.006041614522141425,0.006056476110810216,0.006088467833078861,0.0060411855896263566,0.006044628889261031,3.1277957716474343,3.128609490738367,3.1293793476293343,3.1314229834660092,3.1260197293460967,3.1292414425186212,3.1345678209348082
OBMMIFHA30YF,2379,0.005392790383063102,0.00539062832099754,0.0053259500077599406,0.00532681708269337,0.005346657923203742,0.005365380634725629,0.00532593302114299,0.005343626008619397,3.263301033308156,3.267292988188114,3.2705887234266333,3.2559072329542946,3.268033234319637,3.267638472691915,3.272013764649503
OBMMIJUMBO30YF,2379,0.008777310467722977,0.00877088439487862,0.008762605014422492,0.00876196527601468,0.008783505567879504,0.008834002015362004,0.008762452992441848,0.008761654525009904,2.7662592433964144,2.7685313690339424,2.768326812305109,2.75717903753531,2.7534461517945985,2.7659120498668517,2.7678647392143794
OBMMIUSDA30YF,2379,0.007294025185371833,0.007284548934239083,0.007255680068889494,0.00725603962355452,0.00727982919889443,0.007311435639313083,0.007255656253089108,0.007263492480567215,2.9513476989560177,2.9500377293392166,2.9396146358436654,2.9451485256770353,2.9433666041568975,2.9386297257075604,2.9520837083473337
OBMMIVA30YF,2379,0.007424014857172501,0.007409673804949292,0.007352678354754233,0.007353281565845369,0.007366015898867337,0.007403880272706028,0.007352526860108915,0.007366538859158714,2.929018024366864,2.928851556890744,2.941981603120589,2.933438578031971,2.934623736746342,2.937922394261765,2.940684566434464
ODSACBW027SBOG,887,0.0018242545688358632,0.0018123176492904438,0.0017895137710710342,0.001789874882600785,0.0017755653100377678,0.001770054870286487,0.0017893925578863256,0.0017831596395984266,4.317568724422582,4.3528967419995865,4.32145767435331,4.317607885922288,4.297810980562739,4.374493056520145,4.349564362922605
OKICLAIMS,2102,0.13395075191259995,0.13375306454219466,0.1288870556720004,0.12890088350373793,0.12916782613594432,0.1299999079703807,0.12888295011439954,0.1297629016186771,-0.02519486741270055,0.029764139575533092,0.0578577307907573,0.049192494982722816,0.06811524147810054,0.08957681520520673,0.07471998261126968
OMBACBW027SBOG,887,0.004239360501235439,0.004232971653399667,0.004211625086027484,0.004214592008125929,0.004206511517895908,0.004201672044660413,0.004212386924813605,0.0042014837255206685,3.438558895333999,3.4566935435171966,3.4927163788036895,3.475705194684027,3.5050122300305784,3.4908892960910216,3.503135907953836
OVXCLS,4825,0.030391429684204864,0.030425929093595573,0.02954055540281485,0.029542507312625144,0.02959069217337822,0.029747102509401536,0.02954102200272296,0.02964875771195471,1.4801820633614042,1.5308708504472637,1.5434337003047387,1.5327981243993345,1.5718448817808006,1.554164995253889,1.5763036303508586
PAICLAIMS,2106,0.10011313576921155,0.0993938965329275,0.09448189478514035,0.09450322377941979,0.09451635542060849,0.09467953967610399,0.0944803361075646,0.09519618156969943,0.2358510871112417,0.29735071306122757,0.3668748106952297,0.35957219288563796,0.3725635543464404,0.38107664465066027,0.37823087442372877
PAYEMS,1049,0.008481697589337091,0.00744250200304773,0.003769131080364017,0.0037749432910852746,0.0037971899414469706,0.003637134741400455,0.0037728353982589484,0.004011748872072985,4.1481207236336,4.6981080014187,4.546585660691502,4.577086684988256,4.846571068810961,4.828321329091487,4.849819074037319
PAYNSA,1049,0.008268768888061696,0.00739039115875459,0.004062911565472015,0.004063987594138452,0.004059895973465032,0.0039769208177232495,0.004063257162016198,0.00425450295676402,3.735350165949104,4.365310430064717,4.208726095966448,4.173400204207812,4.436373659596991,4.436717011153538,4.4472032754356
PCE,808,0.005969465397767198,0.0054554429465758815,0.0038832356832177173,0.0038985295769549126,0.003733714362396885,0.0035632681803543713,0.0038875310596283665,0.0039489844452894095,3.4231228394039905,3.5973700733527205,3.6480380830144234,3.6511661026255697,3.734955841078129,3.7135174104687136,3.743119980464305
PCEDG,808,0.015173280600806355,0.014803768506133583,0.013781934203982252,0.013791224599111099,0.013666377558038264,0.013579217308843414,0.013783227434588702,0.013915528063067067,2.1286704155664236,2.272249858873617,2.142872290308957,2.1597387105124177,2.3231006907212777,2.299049590792951,2.3329112628025888
PCEPI,808,0.0009495966427472012,0.000953923705448107,0.0009442315868166195,0.0009462600284075957,0.0009412379755293022,0.0009460317320052801,0.0009446908315307831,0.0009449578530176288,4.949369503386268,4.9318960360132795,4.960723968953322,4.970719084856377,4.943079982658599,4.955213630375729,4.973321619000215
PCEPILFE,808,0.0005877181476781218,0.0005842788752177524,0.0005790584998666544,0.0005793817589510674,0.000578845989751282,0.0005809845251623116,0.000579052880831451,0.0005803250143140862,5.3919283528506785,5.415578006925338,5.394980985876338,5.399866825124633,5.435542347554878,5.425657259060235,5.4385149145348075
PCES,808,0.004949899203240515,0.004380683089566448,0.002750778144313672,0.0027569151926389026,0.002696000104147357,0.0025462087315966074,0.002752324545881249,0.002835683918049123,3.0789782226723004,3.9922534798979252,4.01681222793705,4.0000725231239755,4.073585305289766,4.073332890851798,4.102003890424057
PCU325211325211,600,0.011190045366841919,0.011270784516298833,0.011206294237554931,0.0112086320645877,0.011217017143655672,0.011294098770566138,0.011206460019507647,0.011190216903516664,2.46387591880202,2.5160666302491603,2.5495792552400762,2.485293010146604,2.5289789363787314,2.54302015896185,2.5250634865922974
PCU335311335311,713,0.004677709228757235,0.0046722814993050525,0.0044412600220013615,0.004444295043309779,0.004426933053766623,0.0044556971153371676,0.004441748877634542,0.004479382986890547,3.3125257019165795,3.3687750798333016,3.4420268086444645,3.3899399929799707,3.4913968466301464,3.508961609648943,3.4886160041276133
PERMIT,796,0.02849918043948221,0.028596059270212245,0.028426301456169017,0.028425508387900734,0.028538860113932658,0.028621420653492186,0.02842752518150286,0.02839183175793133,1.5380671951406757,1.567992413091755,1.5658163746436184,1.5406953913206503,1.563425462652589,1.5800279465856666,1.5699672820629964
PERMIT1,796,0.02333734817930195,0.023320988027400097,0.022767344278064195,0.022769958878094992,0.02281450215389339,0.022950962339926283,0.02276761670849378,0.022826461428584154,1.7232101196795206,1.7759818956954734,1.7466824159299303,1.7142200777018413,1.810858868780463,1.821801216016565,1.8104255941815137
PI,808,0.006002413915811208,0.005831536370567992,0.004484165611580973,0.004490055814880502,0.004344973857652727,0.0042390241196361735,0.004484070675163917,0.004553536236207356,3.119695488442568,3.4650266647071235,3.3908383997764426,3.405237702039564,3.6954630172787017,3.6949992298236913,3.6944376943906256
PMSAVE,808,0.08380621470800073,0.08406518195721753,0.07703990376590251,0.07712596227811529,0.07593678344432525,0.07586334449189887,0.07704399422150489,0.07763577729728252,0.37448316759144046,0.44992109506079797,0.5899119962834364,0.5643940775422298,0.6540158633776954,0.6365248075442106,0.6520943219224276
POPTHM,808,2.671573491643999e-05,2.661327766530096e-05,2.6372206323370228e-05,2.635643376205872e-05,2.6367297927780496e-05,2.6589891420933175e-05,2.637043201676708e-05,2.636446277432087e-05,8.5373593824246,8.562973203315792,8.590714229566965,8.511475634915868,8.564431243423924,8.586179895711775,8.57255540977067
PSAVERT,808,0.078168494114654,0.07841841687377198,0.07214501902906922,0.0722299294342847,0.07167097203915193,0.07181540674773505,0.07215189125594074,0.07296892671915839,0.4509022081706494,0.5142477757372007,0.6528216120881912,0.6373393922292966,0.7038845670952877,0.7008990558182648,0.700978842749209
RECPROUSM156N,707,37.93537265851662,31.878349245863976,9.926784962234626,10.013839303160138,9.687851921283368,7.1832955164464805,9.954905209426723,8.616640771498082,-3.7949164632180583,-3.756197962131857,-2.7441349257974252,-2.9084456101249248,-2.6652329972574544,-2.66070895095884,-2.6681889203508886
RESBALNSW,2383,0.04134085846550678,0.04063979253916827,0.031767717206952935,0.03177780684510212,0.03077463987027375,0.03062310591296084,0.03176890308482694,0.03167670997338061,1.3266150198834834,1.4443176099825574,1.6335094529226972,1.6495959800070221,1.6743824853247877,1.6369251984782789,1.6961438196893963
RESPPALGUOXCH1NWW,1229,8458.849807399034,198911.17662877892,5581.134015040847,9689.48583174164,5567.916282109194,5807.777449972454,8737.981914107419,7330.369229814937,-10.342359580426098,-13.833088223911712,-10.097879544205904,-10.140261841023898,-10.377894373463713,-10.098920714421125,-10.138287933083589
RESPPANWW,1229,0.004959271205331047,0.004956327737200303,0.0043428544522963655,0.004348155153742881,0.0043776883255265495,0.004308840549946758,0.004343901673069578,0.00462944650587782,3.726349458720958,3.719616755730694,3.7799079750240794,3.7598215434144917,3.8393179831348347,3.782350524588287,3.8441798768137323
RESPPMLLDONWW,1229,0.35838313497310437,0.3708644587102395,0.3307420241680499,0.33105955300374046,0.3299167392471575,0.3263159918534124,0.3309966104087593,0.3289867523378046,-0.22434671173727527,-0.2818413682127402,-0.14867755691838938,-0.15742051170804958,-0.14596850049626872,-0.1501775760151085,-0.1433125887445019
RESPPNTEPPNWW,1229,0.0036070258185981014,0.00389368760579427,0.0033389348176880804,0.0033501270551538885,0.003329518838789494,0.0031142946938966343,0.0033398567861540208,0.0033553090602130914,4.379430815289408,4.31282690100881,4.386369229425371,4.382200969887403,4.389746360139049,4.384864944756315,4.397738579929242
REVOLSL,700,0.0037498412611462195,0.00377370329791979,0.0035337250716184756,0.0035434874245756295,0.003534981457136402,0.0034838607957049447,0.0035393718949284962,0.003509064881504036,3.521245580556526,3.517040395966212,3.5904123215853128,3.5933748754374,3.56419299355213,3.5965487844725383,3.618584193841091
RIFSPPFAAD30NB,4057,0.0840476393289225,0.08435580003920305,0.07975966065124102,0.07977604196406793,0.07998543911388532,0.08015568282075823,0.07976463283085614,0.08004013339637571,1.1983074422733972,1.2069991920851553,1.2318836468856036,1.2228252245542448,1.258559781140694,1.243770644774805,1.2680495146227346
RIFSPPFAAD60NB,3759,0.07145891719587531,0.07236736660088218,0.06778892383484622,0.06780339852843742,0.0678826970220483,0.06808579185505893,0.06779475267505693,0.06809848861639317,1.2597520453969966,1.2484606233339937,1.2689198456157047,1.2637514218118098,1.3113798795115315,1.305000094587706,1.3152813099185592
RIFSPPFAAD90NB,4715,0.06283446497734327,0.0633280949005122,0.06079465774503787,0.06080307226394874,0.06097682430231086,0.061274388016483695,0.060795753948145466,0.06099008512552416,1.370901704383299,1.3711199028575438,1.3852777708346644,1.3827347594623585,1.3969321008438653,1.3854969405033197,1.4036223025119254
RIFSPPNA2P2D07NB,5370,0.03309192853072734,0.033489047526699636,0.032106912954257626,0.032118610571761956,0.03219660781278728,0.03231060210664352,0.03211162412291842,0.03214900262057408,1.8938859751445505,1.9517234087863233,1.9805443179754574,1.9807679574472354,2.0060487897482413,1.989779620994227,2.01464905796052
RIFSPPNA2P2D30NB,5357,0.036418912501452134,0.036845812414694916,0.035511217437011,0.03553049919994845,0.03545220955313947,0.03570464936517073,0.03552036433188365,0.035553789874410886,1.969913178220659,1.954426710612159,1.9874030093394484,1.993799175753158,1.9812681764397024,1.9878603682753682,1.997950946774935
RIFSPPNA2P2D90NB,3345,0.058343609620664705,0.05896952404430908,0.05704873821442916,0.05704675534082384,0.057175252297494615,0.057545459488170886,0.05704669034299872,0.05703264314460835,1.3029997031988039,1.3669716816199304,1.361961730940711,1.3079674669796075,1.3948356608925558,1.396666680533746,1.3995939767392396
RIMLPBAARNB,2948,0.005352445802496447,0.005348091681203209,0.0053418838618855356,0.0053419376911047955,0.005354893426874683,0.0053932954602921085,0.005341806773416955,0.005342339477779699,3.261118485418914,3.2635534810481888,3.258628130277555,3.2506857485805942,3.2507490675964013,3.2588167488661686,3.263171931793383
RREP15,1229,0.058782943337165786,0.05884441110616806,0.054643453916497206,0.05467529917168654,0.0545643203272002,0.05481301376673034,0.05464263780191456,0.055761694409388475,0.86953332783138,0.919627104008972,1.0048405517883914,1.011948471797167,1.0388022478725603,1.0024819858443588,1.0374323620853145
RREPT,808,0.06856846607124141,0.06834110857621664,0.06338777148480289,0.06344022335243474,0.06339508980787227,0.06369045534192094,0.06339535091772297,0.06501862220774576,0.665755684319883,0.7422798481534473,0.833045548750401,0.8255634908510627,0.8699230963146256,0.8295477186894062,0.8673343918718159
RRPONTSYD,3270,17.073451212722343,17.204490752131615,16.154768050319227,16.162168818777484,16.112680329198895,16.010440158361348,16.156885791143452,16.11955130701125,-4.62494943014246,-4.596665195672577,-4.399967462037971,-4.4134615404787585,-4.383591283718624,-4.391858956131698,-4.376731913485722
RRPONTSYSAD,3275,17.279081769108974,17.343648961967983,16.241145664753894,16.248740048945205,16.233318401701602,16.151422588265646,16.243362840054523,16.21503951954224,-4.626651276837554,-4.601207730628061,-4.414917117260183,-4.414362944837141,-4.388045214030605,-4.415712084809689,-4.380828924512081
RRPONTTLD,3272,17.070479521077775,17.20193674926457,16.14448181578165,16.151905934733062,16.105384420843876,16.001817014167663,16.146556531535555,16.110843150362513,-4.6249378150508,-4.596829769309784,-4.400210566724856,-4.413428004790071,-4.384231255368457,-4.392287621113149,-4.377313928550438
RRPTSYD,3294,17.232717194683048,17.35553596441485,16.269140252389846,16.2780708375768,16.226037334982866,16.14180961278673,16.27239073723573,16.224824001730017,-4.631532122459469,-4.605785607569641,-4.410792906864789,-4.422669845612444,-4.383957784059045,-4.407881706706907,-4.378160814151805
RRPTTLD,3299,17.240060094828394,17.359854823728124,16.252496199357903,16.26180389435754,16.214683261620127,16.13189042737224,16.255690523853442,16.214263964721816,-4.6322032141879905,-4.606871632554598,-4.414225439171059,-4.422984011920371,-4.386202874026847,-4.411489634397881,-4.380181762731761
RVXCLS,5412,0.03260128476098905,0.032602743820366396,0.03201124658007175,0.03201368909389263,0.032061401813832255,0.03228432231851349,0.032010976264005016,0.03211576162206941,1.4019384106481079,1.4311467013361923,1.4359408019248847,1.4374548721099827,1.4611532254889281,1.4454121038209031,1.4613277356197731
SAVINGS,2364,0.02596152234755504,0.024574338972958763,0.007014122852020395,0.0071105371179279635,0.006933703979629803,0.006539774982446706,0.007031902868870844,0.007807068119616126,-0.34375527321734256,3.518757597171521,3.9644214371693116,3.972395236709912,3.923382963763984,3.9634254777561853,3.975980547249923
SBCACBW027SBOG,2791,0.002677666882391923,0.002790562693794997,0.002631305071635517,0.0026426938876206764,0.002628246546886848,0.0026448913652644883,0.002638538287535447,0.00264114679559644,3.978889854512126,3.912871493287976,3.9889027189603565,3.9980030099221873,3.958856670459436,3.9875854408907823,3.997982807948537
SOFR180DAYAVG,1941,0.003629980180733713,0.003762829956062193,0.003491765709389349,0.0034951366118214405,0.0034288469444571108,0.00317735324123419,0.0034926342361246256,0.0034314890401341866,4.774678811627421,4.66235138155071,4.704878968360315,4.866526313345102,4.707040319521405,4.7102540615319795,4.904648805343396
SOFRINDEX,2068,4.0802848696957886e-05,4.087899333212137e-05,3.639688663833836e-05,3.6415287244559365e-05,3.4961347558979894e-05,3.408532084733086e-05,3.640437496947068e-05,3.578144091711908e-05,8.917420953024115,8.926979149116754,9.194689312150375,9.31031544911398,9.232596663352572,9.241362512550854,9.330751322517925
SOFRVOL,2066,0.020068443354348195,0.020045894480941136,0.019661226337940013,0.019660790469953,0.01963970114458063,0.019773961701079625,0.019660919488344752,0.019712494713222433,1.899395353072979,1.9349671807679332,1.9876772825676865,1.9787807342619803,1.978854768481167,1.9854550162957578,1.9818288967948752
SP500,2511,0.006096779412869241,0.0061417549926485755,0.0059944007853629825,0.005994722023183194,0.006017708555591987,0.006039306356015924,0.005994373360045187,0.006004843370091833,3.170373313269715,3.172535610353439,3.2024206578724472,3.188318351573332,3.1994178409520933,3.2007645246772114,3.204000740656391
STICKCPIM157SFRBATL,712,0.041844860638794064,0.04187818467020595,0.04227664839130485,0.0422505592988125,0.04202425622578979,0.042206368166951384,0.04226415551306007,0.04189114491310212,1.2141577907428536,1.217483873459689,1.1722638790742645,1.1921165363901352,1.1761462261391156,1.1733023104820461,1.2178417443845435
STLFSI,1367,0.047065659446111616,0.04777772077230836,0.045950132160926326,0.04596808797125495,0.045986663550773355,0.045947894975950275,0.045947520771899564,0.046178764545122944,1.1407928208789604,1.1691119688191178,1.207847949162488,1.1992985117113415,1.209769432072043,1.2092138937867847,1.2111906256578053
STLFSI2,1462,0.15119293797270872,0.15285955347409372,0.1461043612533766,0.1461372749300362,0.14674454009966775,0.14714108473001508,0.1461050173106217,0.14708577281348972,-0.04015079062077433,-0.005958279547136465,0.024482308596454325,0.007516608942804561,0.030660043723684655,0.022854426324788783,0.032796483344113996
STLFSI3,1504,0.17678678138135026,0.17793621900563866,0.17436257087342633,0.1743835847371782,0.17509413864327583,0.17600124333334594,0.17436442871371008,0.17472854521113107,-0.22368061722838975,-0.20727073158147702,-0.17569609226124625,-0.21118220136174948,-0.19414209308112496,-0.18036965688809303,-0.18961159514008982
STLFSI4,1697,0.14097373166192395,0.14251229516275063,0.13583246019667117,0.13587307921798816,0.13631493818651025,0.13673250158878253,0.13584020508253541,0.1368148854916495,0.017568587651813503,0.05511869032241217,0.08735779338286215,0.07853413398702694,0.10074411079428813,0.08456696489392601,0.10296898806011831
T10Y2YM,600,0.0762244176333608,0.07713919755502323,0.07514864082053117,0.07529195227953993,0.07523495898860061,0.07574581513001516,0.07518380024929307,0.07511519695166874,0.566722423869817,0.5406904392466155,0.5787680057960432,0.5875518951993501,0.5746797495746568,0.5764799474383983,0.5841508252958424
T10Y3M,5386,0.03415501431835284,0.03415305031801022,0.0339991979592,0.03400269707570142,0.0340687694513961,0.034284048469273604,0.03399888698310434,0.03400464844834436,1.4475108899657991,1.4518808477934253,1.4416668230938694,1.446346839796777,1.4487177732417604,1.4441268207727294,1.456159972827626
T10YFF,5385,0.04095293100247605,0.041046376801302895,0.039981686608295784,0.0399847760074628,0.03998547656596692,0.04012409903064908,0.03998105453830354,0.040134235140779705,1.264843116646446,1.3066841408274463,1.3008348890242019,1.2924050917961474,1.325741911045013,1.3086024548506554,1.3341699706267118
T10YIE,5386,0.016392375398439858,0.016334658757484775,0.013351506405906616,0.013361956623897346,0.013230335724394903,0.012818770993837362,0.013352943533722777,0.013489048241653886,2.7649550048654365,2.7556294170646494,2.7529873754618657,2.749859834517689,2.7842042611884206,2.776116614069925,2.789476963909529
T5YFF,5385,0.04077680645596729,0.04086515020756762,0.03978412680546184,0.03978605713257522,0.03980602995412337,0.03994023241201102,0.039782731976254905,0.0399542764289938,1.2923581141163452,1.3324768185925673,1.3240170083185125,1.3240509329835315,1.3530443135519616,1.331772113820459,1.3596848549268097
T5YIFR,5386,0.011626135376591013,0.011621956138374639,0.011016635770058937,0.011019480348465985,0.011041479045918519,0.011050123876382925,0.011016251073307847,0.011092208630245043,2.6059496899833814,2.619883625384964,2.608727063938821,2.607058489461118,2.6337600855259846,2.619355288237002,2.6368131415327953
TASACBW027SBOG,2791,0.0034236279021655843,0.003413067919188972,0.003369741660634317,0.0033700118982178317,0.003368676120212921,0.0033821367752998386,0.003369772241392511,0.0033772661715886143,3.7019421872287865,3.7331097041902717,3.713036551648997,3.7190524936153118,3.7426269976070747,3.740226336027683,3.7528647966243396
TCU,712,0.005584717102729796,0.005375039784922012,0.004686077918125027,0.004693066893819273,0.0046701946105497365,0.004601151692323901,0.004687153613402162,0.004812466619681912,3.2199877201999754,3.376813052615802,3.3147271090801365,3.2604961208107808,3.5170044850053026,3.5152823606098944,3.515827681155209
TGCRVOLUME,2067,0.009905404812640016,0.009882314862466813,0.00977606703063466,0.009774655905411546,0.009794977855786688,0.009853975830375101,0.009775852669154914,0.009793443480517725,2.5941466150612817,2.6233956248660526,2.6402751094446217,2.6234490479732564,2.641080128692126,2.642373101933927,2.6417977877503
THREEFF1,5383,0.021568629283807744,0.021572043007240055,0.021478052912489803,0.021478482819379325,0.021529049025943013,0.021649234223310672,0.021477731037979397,0.021485757120513753,1.927972945989657,1.944009013276099,1.9345385180871353,1.9335415592803606,1.949272443177637,1.9393714213447861,1.9512381435106496
THREEFF10,5383,0.005888030788859548,0.005885797951135463,0.00587032915439132,0.005870306274018086,0.0058908195482877505,0.005924903994889373,0.005870294728708117,0.0058731318373253846,3.1950436438065837,3.1982283673251364,3.190651792721978,3.188632777706815,3.1943636907408224,3.1927758311637158,3.200488274336203
THREEFF2,5383,0.01689907646581645,0.016902250310752053,0.016773246799897282,0.016773910475103536,0.016815954554645917,0.016933850480097743,0.016773567690926125,0.016785192807146396,2.2434713588125907,2.2547644888999345,2.244998672618143,2.2393546984465247,2.2492589622255936,2.2491763453200253,2.2590553291419253
THREEFF3,5383,0.013796428126555176,0.013804455965480135,0.01370329451866904,0.013703572311281283,0.013740898294493611,0.013827798433394206,0.013703315993342404,0.013711945578851888,2.419127692532096,2.4265320876305174,2.4240180675235723,2.4133021471578906,2.421822427095158,2.428084311759366,2.4295294121640048
THREEFF5,5383,0.009926819480901888,0.009930654628992376,0.00988401000324119,0.009884000759982725,0.009918479351512684,0.009972649208879502,0.009883997320449442,0.00988956439348267,2.7179560698750826,2.721361541101097,2.720803020374149,2.714809687217122,2.715058627562387,2.7227296422838956,2.7235750943261547
THREEFF7,5383,0.007722003958682166,0.007721761162988763,0.007695534250399926,0.007695506411313567,0.007723105658281327,0.007765851768216509,0.00769546701713185,0.007699592332094203,2.944896761938994,2.947808959605685,2.9415014262593884,2.9398751844955924,2.9444558868014385,2.9447759186014495,2.9501696531669555
THREEFFTP1,5383,0.008108173970742363,0.00810489496746828,0.008089651878688825,0.008089860865643485,0.008111809949774016,0.008161632427853905,0.008089684449386866,0.008091432534010108,2.8799667755841205,2.8880555391630156,2.884865093439952,2.8835906845160046,2.8871601594923746,2.886617006356943,2.893564561169434
THREEFFTP10,5383,0.015484701503103441,0.015471370891850007,0.01544902874020582,0.015448896182278134,0.01549805697571039,0.01559413928217193,0.015448866348115315,0.01545459304675033,2.2107096855770987,2.2158738594030782,2.2092457382713606,2.2060619432021094,2.2134103726998773,2.212673093073888,2.2180282618234988
THREEFFTP5,5383,0.013281983925554755,0.013272103972590849,0.013254497558646676,0.013254514419965167,0.013294235691909184,0.013374800595675845,0.013254342001689212,0.013257933330189335,2.369591198540587,2.375913432004687,2.3710982030680263,2.3674009723074265,2.373062199072989,2.3726961642729907,2.3789934952537837
THREEFY1,5383,0.014149375181514769,0.014167972573177515,0.014041544378134704,0.014043037913548866,0.014065860855327366,0.01412821028826646,0.01404194787324913,0.014050866520205443,2.3952307387047007,2.4127004448336584,2.4040686748298383,2.407193251895248,2.41923387453806,2.4084049404145715,2.4221672427499326
THREEFY10,5383,0.008916367147400859,0.008918202725111126,0.008880178280507259,0.008880239358780842,0.008910438210042669,0.008960538940076887,0.008880141613139166,0.008885396832113595,2.8023461392075446,2.8077946682576753,2.8064166429547575,2.79854364005148,2.8009915062176494,2.8075088869504805,2.80938147155244
THREEFY2,5383,0.01997058577123791,0.01997596148911908,0.019765607779967335,0.019766770122889334,0.019815699966769382,0.019959569084105615,0.019765837103965914,0.019785690041162807,2.2223659516909486,2.238749022514192,2.2231729583692,2.218442128441219,2.244145924740008,2.239062152986862,2.2491662633644105
THREEFY3,5383,0.016263692803126156,0.016261120912911296,0.01611199868481557,0.016112511877328702,0.016154256759991922,0.01627075162208561,0.016112050807878104,0.016128185156878267,2.317828101453638,2.331415886847615,2.3175568159851405,2.312831243839403,2.333961566857639,2.3305206177245665,2.339321420243381
THREEFY4,5383,0.014309316375942651,0.014310163441008454,0.014188610592020822,0.014188657032085874,0.014226700750292262,0.014324533569437374,0.01418856772689275,0.014201472616967756,2.404616984636907,2.4158906975507963,2.4026550851427153,2.3993455188007196,2.415168902831374,2.4130333325596935,2.42136959470845
THREEFY5,5383,0.012923606718996275,0.012926879768820143,0.012826377339275724,0.01282661151563521,0.01286320019786433,0.012946264000084556,0.012826404707384468,0.012836924939247738,2.484852438612289,2.4942702603646807,2.484251522985536,2.4796024268804366,2.4897870267209794,2.492042773918659,2.497687469338676
THREEFY6,5383,0.011812896140382155,0.011816560102209878,0.01173409653847537,0.011734262070822446,0.011770340529850537,0.011841942536284424,0.011734065734366217,0.01174355709828344,2.5589648660061033,2.567077611937518,2.5603850303109574,2.55338823676334,2.561054080405457,2.5662669961841247,2.569749649087529
THREEFY7,5383,0.010894275929063602,0.010897834613183586,0.010830700636627395,0.010830818267420621,0.010865360478655061,0.010929901766558217,0.010830715794372952,0.010838941534233669,2.6273673244266935,2.63452627512964,2.630224141439853,2.621859970389865,2.628015058385207,2.6342291023833466,2.6366756247246763
THREEFY8,5383,0.010125810602655572,0.01012890239276847,0.010074477451969798,0.010074564729109843,0.010107137203796492,0.010165458157197086,0.010074498528262421,0.01008131073338131,2.6903606090148244,2.6967433455996312,2.6939305891670076,2.685564396830649,2.6913735908824252,2.6965989563440855,2.698697786594429
THREEFY9,5383,0.009474387158655789,0.009476905708501335,0.009431980307658235,0.009432031611002697,0.009463233321428259,0.009516943125184044,0.009431962944087567,0.009437793436070716,2.7485014113911874,2.7543471264769495,2.752567838614511,2.744247182148355,2.748750693912408,2.7537910144627635,2.7560912134726396
THREEFYTP1,5383,0.004674711553512272,0.004672778539348587,0.004664116056537308,0.004664186880243891,0.004677126671565443,0.0047056553144246855,0.004664126179283389,0.004665147922884897,3.4296642809272173,3.4377456290802484,3.4344173359239902,3.4328926660109595,3.4355442446405853,3.4355094309485312,3.442830606518198
THREEFYTP10,5383,0.012318897138581968,0.012309510555528671,0.012293278175548365,0.012293300077229268,0.012330383058638041,0.012405612550978794,0.012293167093964254,0.012296558958006916,2.4441545837053855,2.450419866897132,2.44581802162809,2.4417846710179387,2.4477443281052405,2.446926690975213,2.4533755001606004
THREEFYTP2,5383,0.00729330092936275,0.007290299958962094,0.0072768252923908665,0.007276978164084551,0.007296868828786908,0.007341533432495092,0.007276853378541379,0.007278382794750714,2.9853356763944983,2.99340151858316,2.9900500794811746,2.9887548926298773,2.991987490925241,2.9923032336559903,2.9987151402614054
THREEFYTP3,5383,0.008818038122659879,0.008814154276977194,0.008798212962334344,0.008798475792105426,0.008822506121726187,0.008876181313296162,0.008798274140388066,0.008800195093228037,2.793877611304618,2.8017977051857734,2.79812899974078,2.796959325071187,2.8001988586691837,2.800243147879299,2.8068533974947614
THREEFYTP5,5383,0.010416468154901866,0.010410812028445415,0.010393830604361446,0.010394019351580427,0.010423502354067648,0.010486164019049636,0.01039389347304296,0.010396378064330893,2.6216768740565106,2.6291097508492407,2.623521361205041,2.6230011250589014,2.6272390561841226,2.626731773378687,2.6332398722391925
TLAACBW027NBOG,2791,0.003954097227688865,0.0039394084521521934,0.003924554131893739,0.003924429577657812,0.003895735227113953,0.003917472352717026,0.003924322546864508,0.00391376741898487,3.5577308637753178,3.5856388652821782,3.569161642782444,3.5865311665235744,3.573241748964578,3.5637948555446246,3.5956402446405105
TLAACBW027SBOG,2791,0.0025476680607487354,0.002529973624407094,0.0024773376402041575,0.002477354173247618,0.002462650752655651,0.002467076224115296,0.00247731697366367,0.002475722883338661,3.9432933102094947,4.00390104190434,3.9917767201518974,4.011714826326882,4.0166831824415,3.9995989601506357,4.024652175289767
TLALCBW027SBOG,2152,0.0029427823041845397,0.002908153404088003,0.0027784510277431454,0.002778938270193656,0.002756369920678165,0.002755787810431792,0.002778451635686046,0.002788132588131227,3.783274845101456,3.882109601244294,3.896547337188604,3.913178135794182,3.9145852301253554,3.888576734263707,3.9211916062700105
TLBACBW027NBOG,2791,0.004385279139836036,0.004368983363174422,0.004346942949772063,0.004346635358130988,0.004319742118492011,0.0043425706279991046,0.0043467170705422525,0.004339536192066053,3.453105165959811,3.4803936987578687,3.464003788790672,3.4785205188250274,3.4690215315460744,3.4575000986085316,3.4891154948127836
TLBACBW027SBOG,2791,0.002852065964279774,0.0028310063068253057,0.0027443287609108867,0.0027440658841269196,0.00274599508496073,0.0027477718642346352,0.002744167902912507,0.0027646971284286848,3.8330980411802313,3.9040787448999765,3.873326204480122,3.8604995562314133,3.9243472911832695,3.894656175247482,3.9376059534603645
TMBACBW027NBOG,887,0.0027862406911762423,0.002782660249872535,0.0027741085344605678,0.0027736805687358966,0.0027715099479331392,0.002782479774805005,0.002774078014056943,0.0027674477908034537,3.8783153484096187,3.906917457501406,3.8678954670607624,3.8699268543610934,3.8963862377581076,3.903760010158439,3.9066367026809714
TMBACBW027SBOG,887,0.0021811793573369245,0.0021740569343031016,0.0021472399033757817,0.0021474690897055715,0.0021517347870164153,0.0021515806915650797,0.0021472652572905935,0.0021501592128011417,4.080765386120197,4.1326378216655515,4.101785028611532,4.092639794191325,4.140356367993728,4.15837226958601,4.153100555527116
TNMACBW027SBOG,887,0.004039629383122019,0.004049054145784472,0.004033694538235765,0.004035190139333081,0.004032025505856006,0.004059377559932472,0.004033502988935516,0.00403014431640622,3.5271856385196965,3.517705736607444,3.5216310800023796,3.5360377360199795,3.528740388958663,3.5209130725062723,3.5368033451386376
TOTALSA,605,0.03600188131966922,0.035337688993777816,0.03231868147762039,0.032371780888001765,0.032267032024743965,0.03227158931226865,0.03232364732065313,0.03292926699000973,1.123689939213309,1.3109733319146128,1.2493014158065712,1.2669677303028024,1.2986702946945792,1.40962832715357,1.3360863684783844
TOTALSL,1000,0.00230711279914446,0.0022769743210080216,0.002049965812758767,0.002050720300304164,0.002042504346419923,0.0020347600694900518,0.002049985919488611,0.002076821215622986,3.7719394639335655,4.052146092634644,4.000137734457612,4.006065778053396,4.157283217766782,4.11587729925769,4.185675092004451
TOTALSLAR,999,2.161339564221342,2.1968506372799883,2.1175809064840703,2.118674171005814,2.113234571408063,2.1300100317112265,2.117196002584805,2.11486622407107,-2.783373188376121,-2.8039880447394125,-2.733320275209029,-2.740620295116373,-2.7546620877653325,-2.737677149756612,-2.741428824558874
TOTBKCR,2791,0.0012937227886037671,0.0012818294546187165,0.0012137567376442559,0.0012138696401830134,0.00120486017020355,0.0012026000262736912,0.0012137985243073266,0.0012206973532744173,4.624394323124045,4.704685324152848,4.702091452159076,4.6858381246548575,4.7697392336648825,4.739997580149142,4.771876000738043
TOTBKCRNSA,2791,0.0017280769226764017,0.0017170452221802086,0.0016722950886926063,0.0016723869192052819,0.0016641882462255415,0.0016669882288212695,0.0016723518103981061,0.0016761027411505936,4.329015755020729,4.3901593412953686,4.3901767335198185,4.380235769510576,4.420370291720463,4.412258442962526,4.424394971068075
TOTCI,2791,0.002110848589088311,0.0020695464440274734,0.001890893263824429,0.001891127516369973,0.0018830367094470506,0.0018774298504601345,0.0018909251358257718,0.001897667827889426,4.0790317864923855,4.219533560064848,4.2534264663327574,4.245402468121343,4.274291811923538,4.2681925123843545,4.277310110117155
TOTCINSA,2791,0.002796139507627013,0.0027627979840039547,0.002659979825129334,0.002660161189519201,0.0026587093279439645,0.0026589265291160975,0.0026599324238010444,0.0026748105564405327,3.8191955706088674,3.8996208349813317,3.9167251029406702,3.910643148204913,3.9281647828967485,3.9381441567337054,3.9359271486414147
TOTLL,2791,0.001372345680496471,0.0013469293576197428,0.0012192392844070626,0.0012194623840288293,0.001210220960539543,0.0011935586951620505,0.0012192442307979565,0.0012305906888541048,4.578214869355851,4.683121437920236,4.7298173870898985,4.681868038914549,4.746553656779455,4.733919512300469,4.753825449188919
TOTLLNSA,2791,0.0018919542436449078,0.0018684123732655373,0.0017797092373595263,0.0017799886801479496,0.0017746870589047587,0.001769438853091169,0.00177978676000678,0.0017907288736609133,4.224041888373769,4.305520881185009,4.298234127794878,4.265937433453092,4.34771692544574,4.328902142096137,4.3512657021402195
TOTRA,5395,0.009485347646140877,0.009467116862281239,0.009365417330012085,0.00936465816725918,0.00932133133669061,0.009357992632551469,0.009365161867019092,0.009344294792528216,2.75719894547373,2.782022824277548,2.776403382222295,2.7880366798591565,2.7939712462976196,2.7881964856981747,2.80976993390314
TOTRESNS,808,0.04012384884482799,0.040157567714421874,0.028421350794094205,0.02853550632399918,0.027239474652450146,0.02663901174806751,0.028443283602414902,0.0285814382580033,1.2676705209855383,1.4329660410561973,1.6108365100058522,1.6887056676951961,1.797905170490509,1.782266250866912,1.7962718296708235
TREAS10Y,1229,0.003322056190555431,0.008252328936368535,0.002931410050901531,0.003038403594967382,0.0029388096429265155,0.0027911417124583202,0.00297149953274865,0.002944207096120806,3.845915706667276,3.2106685209886043,4.236888062073015,4.226472237332624,4.22974968330689,4.235378623413198,4.2415315546110985
TREAS1590,1229,0.207197078061541,0.2128958173853195,0.18205484670688452,0.18248983250895562,0.1769937008009084,0.16471071535549672,0.182112696065335,0.18347179820921775,-0.054163821033325454,-0.0594195850566299,0.05079620779339244,0.0508162657252794,0.08029640294902388,0.07986046200283688,0.0815872787761759
TREAS1T5,1229,0.006738622676175457,0.006751206204860774,0.006314306574668188,0.006318844892934546,0.006304079022332021,0.006184690362086692,0.0063153295116620215,0.006360388426745803,2.9554936391674707,3.013645170696387,3.1027889581476225,3.105902108345317,3.161868503006427,3.140642803484866,3.1673149663653977
TREAS5T10,1229,0.012609781717569572,0.23907852616213982,0.00853075932413195,0.01420130933231282,0.00842387952559239,0.008079834619532279,0.011802589411394601,0.010666126509224943,2.385315036557894,-0.11832730898409796,2.8200266275854897,2.789660199046307,2.5973338670328086,2.8185117311390693,2.788405656998342
TREAS911Y,1229,0.0634812147366135,0.065365362980054,0.05228472129709503,0.05246612980225525,0.05208638011282924,0.04845550356737174,0.052299972344825855,0.05331549216912594,1.4062369014223315,1.3818612239843573,1.607374925130395,1.6169847662685934,1.6198663711807064,1.6154293029420401,1.6245112181927246
TREAST,1229,0.002838997017126995,0.02997370771390093,0.002144259711142095,0.002725946919988777,0.002136189571877917,0.002084625963225188,0.002443946866467258,0.0024237013623302586,4.654790210841955,2.555490449612312,4.667862194294081,4.700733636332541,4.610723874313357,4.66634888942174,4.729754612735024
TRFVOLUSM227NFWA,676,0.0156921811391246,0.015061901131018633,0.012826831103536187,0.012828621727718913,0.012895196324924621,0.012954448592095486,0.012829611691016799,0.013406598356032032,2.3541922646308766,2.474164783158623,2.3069399451969734,2.291067843683722,2.466184166169641,2.466011147980786,2.4928559734937434
TTLHHM156N,844,0.001616078403445935,0.001575705516422619,0.0014431778343501523,0.0014427314276665374,0.0014403481653452472,0.0014359308458205648,0.0014428877192570937,0.001483345206606406,4.062318263614693,4.438919238294011,4.337518543324513,4.348787215408592,4.4063571988495545,4.3984258506057206,4.487467814911943
TXICLAIMS,2106,0.09547972812823684,0.09549726947816292,0.08996718307814014,0.08997481051729457,0.08950025388673853,0.09014149708898306,0.08996572925179656,0.09055645066890149,0.27135586546067164,0.3527822749870431,0.39569147483696226,0.42710738930225095,0.4564134236328626,0.43749715319372423,0.4645552267221119
UEMP15OV,940,0.03283091155490876,0.0323873109384234,0.031222723560449864,0.031229734079425104,0.031282563777299294,0.031383830523639626,0.031222631997402335,0.03153230379848381,1.4894494407601466,1.494552981219644,1.5040439742489604,1.5066218137411762,1.4951021287368607,1.5251530268375448,1.5113921099656111
UEMP15T26,940,0.050838617300550205,0.050214107977055666,0.04837615501772546,0.048381988824077043,0.04848543626434568,0.04849851087663895,0.04837470724803215,0.048911206762163414,1.0203939613732738,1.0438008525702107,1.0246409220451844,1.0165600226228382,1.0441650664988498,1.0622266507476872,1.0605218878979104
UEMP27OV,940,0.03699787560462373,0.03701001029558185,0.03696405235099773,0.03697222228354911,0.03701692041164142,0.03724641175582551,0.03696575795641351,0.03688973246266395,1.3260383171295025,1.319330310066342,1.3195230264630364,1.3321138043660017,1.32421813972479,1.3156764887954977,1.3327971731871269
UEMP5TO14,940,0.04779666964897128,0.04472787889541472,0.03796116168901573,0.03798245002761104,0.0378866712744487,0.03785043758790595,0.03796067310019947,0.03864836523312846,0.9582022349015886,1.301725817940336,1.3385011096292254,1.3387637455314,1.3748450480923278,1.3823104409248275,1.3848352834990694
UEMPLT5,940,0.058691441238506746,0.055038450491973215,0.04347406947439099,0.0435066140122686,0.04401619596563953,0.04243592890108463,0.04348256922314499,0.044984211415710455,1.2329562446336466,1.3398744572174999,1.1530654573480588,1.1239723910061017,1.3611451495246132,1.3696118373783965,1.3880828453921155
UEMPMEAN,940,0.0292252226745001,0.028329396225307203,0.025918176641452403,0.025930015333919965,0.026072134455917977,0.02579914442699416,0.025916773597401497,0.026472390333278077,1.7017433641421724,1.7393685717392748,1.6521899414917505,1.6487020484538653,1.6931409155226016,1.6945586508119648,1.736766076756677
UMCSENT,672,0.02945403060413519,0.029506569101923532,0.029702977429818932,0.029677800457025033,0.029650196785790197,0.029770158104917042,0.029699017669591224,0.02949823934731062,1.5314684537067436,1.5475810994273977,1.5364593578617605,1.5179907195088067,1.5240658869712747,1.547514406654617,1.5477025479778606
UNDCONTSA,676,0.005398620866997697,0.0053986672050858825,0.005385285698968035,0.0053882347106575116,0.00538105372632585,0.005420053034859638,0.005385788656889992,0.0053837396603259756,3.204915515286451,3.209693548571959,3.2160457693368207,3.211983509511025,3.1947070261678157,3.213905162396252,3.2145932083396924
UNEMPLOY,940,0.04522940063985521,0.04102774654320464,0.02851492109574061,0.02854876082678792,0.02862601483637257,0.026518310668517134,0.028523726851933714,0.029546844760575595,1.6287719403298992,1.8306654045926398,1.3612942127376777,1.3463775850037945,1.8180304938959162,1.8101385234642386,1.837954469187846
UNRATENSA,940,0.04354302569229498,0.04081006560962017,0.03263393219417291,0.03264165959991953,0.03275909732540963,0.03206706941965469,0.032631765075562126,0.0336037766629395,1.375642932300445,1.6032613859469798,1.578899751477007,1.5745573604126024,1.6131687999594904,1.6207531386278486,1.6268670739700657
USACSCICP02STSAM,796,0.028835195817375994,0.029007347398495215,0.029003122756878393,0.029029559980409937,0.028920505005861605,0.029065698120366048,0.02900747629541192,0.02884579029172892,1.550025778532626,1.534659903722339,1.5470805058243318,1.556705580822567,1.5348700737110328,1.5406664210844279,1.5600504645960234
USALOLITOAASTSAM,856,0.001856381926748445,0.0016192185691638339,0.0007333267226635291,0.0007362955197335014,0.0006957523459707152,0.0006562414256905697,0.0007342949058352288,0.0007503866639068952,5.953388814729295,5.8004107916535075,6.079810423953537,6.041813595725035,6.099435679060911,6.0781321863222395,6.148968975654105
USALOLITONOSTSAM,828,0.00153586716148574,0.00129169488218182,0.0006547345135548505,0.000656004388722243,0.0006318006111496041,0.0006122459182655944,0.0006548151177103915,0.0006754365665548299,6.21834362236754,6.078251650354491,6.181255266232565,6.277673482182677,6.340492031051091,6.301105499831349,6.390644461647716
USCONS,1049,0.006891682428408786,0.006429895742668211,0.004935428823846767,0.004937315410241976,0.004957938915211439,0.004803245004349799,0.004935493067238246,0.0050619056916497525,2.6060782588145592,3.3694781717732303,3.415918156598635,3.390314158860734,3.4031755853494534,3.4035666391073414,3.420964659732836
USEPUINDXD,7864,0.2776238934878165,0.2770879486614126,0.2761057115186979,0.27614678276430193,0.2768796932420886,0.27883041045638834,0.27610765519214964,0.27646988265638534,-0.7032214787609491,-0.6970812012775827,-0.702452874336178,-0.7007386709066071,-0.6973572067916612,-0.7028798369522204,-0.691218505371942
USGOVT,1049,0.0016814013791880162,0.0016029836165294797,0.001344448322695696,0.0013456252341478713,0.001339573875533168,0.0013389632197978976,0.001344606220662521,0.0013583124312486438,4.088128633396358,4.4776075788500025,4.5791115966296525,4.554025638281553,4.609933447342678,4.612290440149575,4.617842438302215
USPRIV,1049,0.009985423801722577,0.008763900152852402,0.004339267103941841,0.00434642844809867,0.004367280544115228,0.004191577087807518,0.0043440254262449305,0.004625733312453446,4.079057501125189,4.597566117651879,4.393821172646147,4.4667982647327715,4.740242697835776,4.712512159710109,4.745731718427977
VAICLAIMS,2106,2467.5902193009624,9083.775956707868,1061.1390507992592,1201.2684159701414,1058.342658517743,1071.3299919892202,1167.1580423989178,1136.5299891840145,-8.959573459757916,-10.066173049501925,-8.698531514839365,-8.736435649336165,-8.829316139706533,-8.699609759764245,-8.736115633172528
VIXCLS,5446,0.042019307959018995,0.04203808698863336,0.04095380280235184,0.04095954802409459,0.04099222207588744,0.04123219298593505,0.04095439175189045,0.041125803987617504,1.1402010619448633,1.1779962787368492,1.198473296740874,1.1980727346805604,1.22663245513577,1.2061023889692306,1.226454614687977
VXAPLCLS,4053,0.03585986219290811,0.035915293763887156,0.0349705965362912,0.034978221728691826,0.03504138077715201,0.03522602595904331,0.03497211242147739,0.03508868674796474,1.2406650049278507,1.3211186857884867,1.377992582776799,1.3653689086301868,1.385441173264952,1.3792822768232325,1.3904533148748157
VXAZNCLS,4053,0.03767375989019687,0.037405138796277784,0.03453764658623341,0.03455128242018889,0.03449680156327988,0.03465086680932949,0.0345437123571565,0.03483505206386101,1.12150402790789,1.275401067052541,1.3923533270721216,1.3705990636868017,1.4229225649841073,1.412473515495652,1.425910518096972
VXDCLS,5417,0.0442296753283813,0.044162426322254866,0.042153815400726435,0.04215594823814311,0.042102544165436254,0.04229100237382572,0.04215422783298225,0.042413393053386844,1.1036197809531074,1.1457582163444853,1.1734876901654678,1.178415128603456,1.207595083426258,1.1936870862626954,1.2082152283881957
VXEEMCLS,3853,0.04108834367524929,0.04106444460980495,0.039514974970234124,0.039515323716425334,0.03952970901735925,0.039756609338422705,0.03951424860225469,0.0397352618973813,1.178861607552111,1.223085549929224,1.2526668484720014,1.2485732676281662,1.2754623956921112,1.2638018995627698,1.2754769449284888
VXEWZCLS,3853,0.027704482929590914,0.027725861618554358,0.02695692543398488,0.026957753012899956,0.02697882847911227,0.027119795879314353,0.026956330750139458,0.02708819574776218,1.5510606440525627,1.5986172311294398,1.6020864997366304,1.6013411527460484,1.6423249141149057,1.6119278822447856,1.6425707034460248
VXFXICLS,2747,0.03212076579539187,0.032225869148695366,0.03129336890276686,0.031298719459003206,0.03125697752819137,0.0314673785083634,0.03129361627320182,0.03142851533128746,1.4696302726675732,1.4856896199828342,1.5021791255203751,1.5027129925409386,1.5230355980712875,1.5067667012315977,1.5246947838552718
VXGOGCLS,4053,0.0391941080942667,0.039330273407023754,0.03735709659787475,0.03739789800509965,0.037311390934105966,0.03750182091796802,0.03737196803066968,0.03754313899091003,1.2142794343082695,1.2287494153326552,1.3365533427210867,1.336615543389966,1.3369139993799763,1.3378488832919755,1.3443645001021531
VXGSCLS,4053,0.033510221611946577,0.03363234770332139,0.03315477237354425,0.03315967662914228,0.03323474713330547,0.03343287425849692,0.03315522825318065,0.033215476531472006,1.392056656427326,1.410650060005537,1.4394808232585425,1.4311476053840064,1.4441609423226285,1.438338580491004,1.444306366367281
VXIBMCLS,4053,0.03879302330357334,0.03858261773375914,0.03620898020618712,0.03621508042050311,0.03625566865511299,0.036461249495152594,0.036211959537401965,0.036512310952165415,1.1027613734546162,1.2487945333812887,1.3221113374124442,1.3134496824599267,1.393310181339199,1.3477130715887757,1.3930254365276933
VXNCLS,5416,0.03518834572610646,0.03520631896754249,0.03464007924664776,0.03464256022796331,0.03471071088171382,0.03495091058080857,0.034639893435179446,0.03473393802846152,1.3277322558280527,1.3549272996848827,1.3623693653024274,1.3616652624544592,1.383406409736403,1.3677694206662419,1.3838537939330746
VXOCLS,4210,0.047961717637954523,0.04796812147503027,0.04717149054638986,0.04718146852702266,0.04727304950073085,0.047582425287953714,0.04717286502499432,0.04730300285751725,1.0152108491114062,1.0413911547996877,1.060445674500891,1.049373800797579,1.073971050891578,1.0667025569968285,1.0738374056846145
VXSLVCLS,2747,0.027704807424780736,0.027738770484291346,0.026680093070998598,0.026684922824543156,0.02676575610957871,0.026843626320552216,0.026679934880801094,0.026848458821776246,1.5676904479605531,1.6146572446842824,1.6415154955708047,1.6357405864068864,1.6693298052714207,1.6549498329436627,1.6689410695870457
VXTYN,3865,0.02697165536273307,0.026905878216043153,0.02656716332519795,0.026567978915995223,0.02662531372198015,0.026801142575643203,0.02656638955148655,0.026650394491176305,1.5926414834993965,1.6243199001063582,1.6150667326994912,1.619100899862411,1.6381684075305405,1.628823944835739,1.6406613653867919
VXVCLS,4679,0.026437134750295244,0.0264901080574926,0.02559266625268953,0.025597173120447205,0.025593514378557686,0.025728314647931374,0.025593529655622727,0.0257128798624464,1.615427387338898,1.6493201532559787,1.6834961504169268,1.6810822909354344,1.7071013866902478,1.690288420625851,1.7083724072407676
VXXLECLS,2747,0.03168201425213533,0.031718237673625256,0.031262407335951634,0.031264781095963395,0.031309120261849885,0.03152727286895773,0.03126239251387143,0.031332537775893045,1.4264243588019174,1.4498309590702514,1.4741358136326899,1.4579606074662712,1.4747219275485792,1.4696085386016333,1.4750749714703886
WAAA,3364,0.00801045174772043,0.007995257083443086,0.007870952781835255,0.007871214467453367,0.007889228595774317,0.007938831664090906,0.00787093747512383,0.007893721400879057,2.9779818639454376,2.9870894160558707,2.9956299049362074,2.9774301762497886,2.994142765898757,3.0028442206025434,3.0031578185005054
WACL,1229,0.004450559064119316,0.004468654079030872,0.004427392855708201,0.004429439444247987,0.004439605251147479,0.004452921713830781,0.004427525986777908,0.004426680780681659,3.3917675753601912,3.3947609919428925,3.42419535925916,3.4224430750265684,3.4207638858307567,3.4226918165764215,3.425722281746468
WALCL,1229,0.004965190567013445,0.004962354204092443,0.0043462293513002945,0.004351166012709372,0.004380598931716629,0.004313145563255902,0.004347262343496719,0.0046378281858653145,3.725332002779233,3.718546414676576,3.778730500004107,3.7599090248584197,3.8394533406013474,3.781185570994851,3.844475931611041
WBAA,3364,0.006374360910274295,0.006355934443634668,0.006271757316726362,0.006272325541290963,0.006284845235603602,0.0063208959789831974,0.006271948805078221,0.006289236614681454,3.1886054449225614,3.210563697679502,3.2012891670579178,3.196708769617799,3.214781861520733,3.2068015153710303,3.2200377843861894
WBUSAPPWNSAUS,1067,0.13642214825714272,0.13498108319720634,0.11278712385227914,0.11286108183104655,0.1132425446359534,0.11314752950562418,0.11277565796113291,0.11704557010363359,-0.24400631493326105,-0.011168408258913732,0.08556830724002555,0.01893990021676082,0.1481322130451908,0.08217494371987734,0.19333558005429258
WCPF3M,1517,0.07518891750813744,0.075325924012096,0.0535742072352103,0.05367432075827162,0.05375918633751635,0.05392042770225097,0.05360376942108411,0.054700292445105235,1.3727365262036273,1.3186477514157589,1.428580558822782,1.442422961072109,1.549827330380668,1.5065574541691147,1.549441622400042
WCTCL,1229,0.044585676222135835,0.043504298856894545,0.014943172157736122,0.015016028504913315,0.014909034667202932,0.01499379660027013,0.014986842839919955,0.016197389934616477,-46.918197205139876,1.1508260350877355,3.9054564581927567,3.858690272727874,3.949727576723181,3.964237475705622,3.9505097817865225
WDDNS,2682,0.02926066534421709,0.02919405001791495,0.029006575575256193,0.029013983390548805,0.02879689768333727,0.028846969159136947,0.029005034292821974,0.028936848973467592,1.739841956895984,1.7432655126259813,1.7439611989009876,1.7752148754753487,1.7390130469130243,1.7430513243138666,1.7752162982669817
WDFOA,1229,0.11313728255302011,0.11698057642829138,0.0904821267770036,0.09059137620069001,0.09006194321707237,0.08936431170629147,0.09049954141765666,0.09078403790446173,0.8356044761303715,0.9051024039662152,1.3754032085418433,1.220874573603654,1.4794597428880045,1.4782817798602592,1.5048324736874479
WDFUELUSGULF,1047,0.02384151012223263,0.02385621643424881,0.023634331956724732,0.02363422876457646,0.023731853432398302,0.023856195869803004,0.023633407974234726,0.023656197911825744,1.776351837057938,1.7825873120622602,1.7906277019606711,1.7732434893368363,1.798090687004174,1.810045668916671,1.802609641180144
WDTGAL,1229,0.21358743356690882,0.21459786284259075,0.21202818171942708,0.21207416891030836,0.21231789725054775,0.2122143828389012,0.2120741464655188,0.21143496495304429,-0.30222295307442265,-0.25998064303818813,-0.20190204201614237,-0.194520607765574,-0.18605989212598906,-0.20340538176968442,-0.17769658164198593
WFII10,1227,0.05025664884045963,0.050131969263354906,0.04933302941879406,0.049347517133108545,0.04936932501930808,0.049690603307766174,0.04933509169181943,0.049536559433433165,1.0150397294777889,1.0025791412725933,1.045721990212122,1.0245421500529324,1.03280138755005,1.0429029858705956,1.0389600390166958
WFII20,1145,0.04458830424739899,0.04435900500376022,0.04396337823986226,0.043993638680035405,0.04391643917465019,0.0441377146046713,0.043967008710719915,0.04403851315049103,1.1139621950154672,1.1085801306522387,1.1180509358394197,1.117185717655217,1.119201747352771,1.1216932676476874,1.1296981609460122
WFII30,854,0.04141303649858507,0.04100172762471608,0.0403010856828983,0.04032116801686271,0.04028632815020079,0.040449978763848635,0.040295318743942946,0.04055474334259775,1.1853850692680226,1.1818198852269584,1.1659320081145823,1.1632707326589866,1.1784249034838479,1.1815635241607227,1.1870384467085429
WFII5,1227,0.06438010285085805,0.06352150678735143,0.059289784747615315,0.0593523409621212,0.059335979090287316,0.058998378567956665,0.05929311907200963,0.060887480617885535,0.801868860183532,0.8258382689391917,0.8179446209978408,0.8087279790889083,0.8334045395562182,0.8415935063903682,0.8480722855330757
WGS10YR,3366,0.013710209576894039,0.01372382310264723,0.013626331861569597,0.013626884877149619,0.013660590954254143,0.013751727838733852,0.013626402337394474,0.013635127261803213,2.4172964552095366,2.418308333717966,2.4149381360440128,2.411415005227003,2.4238298779124667,2.418771394556571,2.427297323329626
WGS1YR,3366,0.022820971647695653,0.02308119215735452,0.022448029836310578,0.022447167883971334,0.02250469493998027,0.022592322939657468,0.022447594347131165,0.022405094964476673,2.032671318918152,2.049304142901291,2.010020564141364,2.015643998111108,2.0667170521513563,2.0454980271208085,2.0757112269085107
WGS20YR,3015,0.012032820357192947,0.01201854286043744,0.01189947981911554,0.011901174401706533,0.011925717461810894,0.011997812421876893,0.011899397185586004,0.011919677817680597,2.5017008992582226,2.5210640783284664,2.508900233186853,2.49753927182521,2.509022336638416,2.510936372263992,2.524394435168408
WGS2YR,2614,0.023949848516192966,0.02408587441257496,0.023777882136583963,0.02378010828347292,0.023852479889299425,0.023962479800135123,0.023777853328098907,0.023753926872668692,1.9441768855468906,1.9552442988037602,1.9579065099303425,1.9413552629850759,1.9623137928517906,1.9578181915330075,1.971780534924104
WGS30YR,2577,0.01180006691394789,0.011792754858649805,0.01170034309395456,0.011701830453951493,0.011732952965581437,0.011816637557080971,0.011700492640160945,0.011718805124376298,2.517255593346895,2.5241310508412163,2.5025706773622516,2.5062687809759185,2.5179232752367704,2.5128226286863895,2.527207018946232
WGS3YR,3366,0.02052037494558813,0.02060207632807637,0.02043744652161416,0.02043978364367911,0.02049632897320536,0.02061590184615688,0.020437437886879378,0.020412793552746132,2.081171401201428,2.0828456409143183,2.0890052925236704,2.075940833785686,2.095294718481128,2.0885963321971985,2.101343777928342
WGS5YR,3366,0.017670856154560717,0.017722960745968422,0.017597735886204134,0.017599491520259126,0.017640226182168203,0.017753672445224168,0.017598001298211433,0.017582124389117753,2.1966129786819706,2.2016942768274794,2.2019626229897655,2.1962564782956417,2.2101275651231838,2.2009113869148096,2.2156927620628357
WGS6MO,2340,0.038097857413785526,0.03862572368780697,0.03364681601411769,0.03365258289691057,0.03338039862208664,0.033525918305214904,0.03364811240954314,0.033781794261728226,1.8051534776230722,1.8198732652885408,1.8535201745536585,1.8161207445955905,1.9074665690806132,1.8891657061352385,1.92207617234055
WGS7YR,2975,0.01657196405198499,0.016601324779360545,0.016497196875373606,0.016497842227548513,0.0165349960512163,0.01665116060203688,0.01649707122017121,0.016493074805612202,2.2412365213424494,2.2433850537626463,2.2288823209120645,2.2314605631189504,2.248534170770135,2.232529567025728,2.253476229361725
WIMFSL,2139,0.005944232631787581,0.005929109904197841,0.005835952894900897,0.005837026985481781,0.005854318996538715,0.005871756537806774,0.0058358588718696695,0.0058585670765747295,3.1437237761004226,3.1853738944764416,3.163457466725754,3.1593791720734337,3.193992469188244,3.168589412843885,3.197264274371984
WJFUELUSGULF,1892,0.02556007762137002,0.025586124037015667,0.02546306441050851,0.025465780049672367,0.025531740223608424,0.025672213989044915,0.025463282764261692,0.02543770047873167,1.6800254785879798,1.6886887326983082,1.6968760853492115,1.6836845340477753,1.701748698773953,1.6973553538345132,1.706860230801429
WLAD,1229,1082.449017951848,1711.4403770143228,906.2847634110293,922.7406325377308,903.8125033657171,897.2840911435762,915.2019812239218,907.3841022873501,-8.822552956540099,-9.230956228732726,-8.696659832075305,-8.67126732793573,-8.767941318657456,-8.69816044565297,-8.670595228769939
WLCFLL,1229,17033.81528618121,15991.519228516334,3978.2648990966327,4013.1355843143883,3963.93146239371,3781.4676684577166,3994.3881987795107,4781.247204071667,-9.73951125667581,-9.984109784670151,-8.398197781927431,-8.370101225946621,-8.343234750053892,-8.329551248488583,-8.279724937671794
WLCFLPCL,1229,7996.892444145441,8329.391339325943,1140.5798171188487,1158.9798240250375,1109.5777416871626,1134.0847610757978,1150.4081190637226,1204.8864393873107,-16.854930520609184,-15.15892065544582,-7.811104997081454,-7.824981468138635,-7.775517697270389,-7.7859359389723,-7.739806552811081
WLDLCL,1229,0.018526345481702285,0.0195973463256422,0.01741653451341664,0.01747652323730194,0.017133706033239028,0.015541697270118941,0.017418716146139164,0.018125650277884337,2.2442870114519913,2.244522886538945,2.348099161059575,2.3328430530968602,2.3671200605714033,2.3683667299808047,2.381631757109072
WLEMUINDXD,7864,0.5197188202036246,0.5191052044421456,0.5184509348433272,0.5184624299543512,0.519800171634727,0.5236423348114294,0.5184532651513322,0.5187012871259197,-1.3383618111094437,-1.331734443885355,-1.3378635579090876,-1.3357143546812793,-1.337070296525142,-1.338792480326624,-1.3295349908153102
WLFN,1229,0.0012253065440520463,0.0012214439271227707,0.0012203554513127708,0.0012202321678773187,0.0012191109096333157,0.001225979670169598,0.0012203644104496864,0.0012187709400047814,4.723571791484456,4.729625203062943,4.739675250690566,4.7309135081295155,4.7291392961380305,4.73631396091214,4.733147663099561
WLODL,1229,0.35824622310952736,0.37090780485083275,0.3307214748258987,0.3310472666206531,0.3299069259301445,0.32630655825007737,0.33097146889165313,0.3289461410102805,-0.22402649367389202,-0.2815239965549374,-0.14884873124798875,-0.15750604948910757,-0.14657407307737105,-0.15034868742553387,-0.14361457835441774
WLODLL,1229,0.025060916215393993,0.02564214091981824,0.024581743950594065,0.024618503050845245,0.02467031537358591,0.023972832078959817,0.02458153946227788,0.024818054250529124,1.7957367739079781,1.807403551539598,1.8175639401677923,1.8095748950155852,1.8311101997611745,1.817272042866217,1.84659373976613
WLRRAA,1229,0.047812916643714974,0.04784603763632354,0.04667623330265806,0.04669300045974168,0.04674216728348652,0.04687105162178438,0.04667696496862539,0.04680150437137355,1.033669783387713,1.1013239193525266,1.1384127565414828,1.0976999290932907,1.1474814732794578,1.1480448204708302,1.1461862244976928
WLRRAFOIAL,1229,0.026902936636434494,0.026846288393629868,0.026321033285236148,0.02632072408954375,0.026353491442011982,0.026479336197414563,0.026321984750608866,0.026501375989324238,1.6180338420692348,1.6400649308959485,1.6660245597032968,1.6540474234065603,1.6610263345704472,1.664521032899195,1.667797273993413
WLRRAL,1229,0.05721459785594831,0.05719752890299128,0.05331209766071139,0.05334897995058486,0.053248259294604326,0.05348745628404406,0.0533154257565171,0.054381453291603106,0.8795493893993737,0.9331265304056342,1.015105218244424,1.0266865081348227,1.0499677515731305,1.0127463402385746,1.0495742949691473
WLTIIT,1383,0.045158831820495585,0.04506573023986563,0.04440873395370511,0.04446078537954556,0.04447191409239729,0.04466316704123186,0.044423456725816525,0.044571465319407685,1.1218081949775371,1.1120898432379103,1.125966512198635,1.123151289855973,1.127282125665525,1.1267268084930615,1.1375694630698376
WLTLECL,1229,0.005076153008484371,0.0050720607584019035,0.004421707836757037,0.004427510344448194,0.004455062599184439,0.004387623785607605,0.00442295514031919,0.004733346455565343,3.713475989004442,3.7049584711238603,3.7688125835075055,3.7485711124967875,3.8280228067187854,3.770977544803752,3.8324824796522265
WM1NS,2369,0.015977221189570803,0.01546700365980906,0.013075998072646259,0.013080016127557943,0.012739344798245487,0.01222942425003492,0.013076514408954281,0.013079233375064088,2.310242358585629,2.3954043352531853,2.461197860120046,2.475948330099535,2.4653959752473704,2.472712945766731,2.487767737938006
WM2NS,2369,0.003026346495664234,0.0030207403617223674,0.0030059615547947107,0.003007035886810017,0.0029943421154268912,0.0030045057351359935,0.003005910810856154,0.0029985386817587387,3.80460263111816,3.8098398638125675,3.800462001018492,3.824424703626579,3.7886187986711586,3.7994744411357373,3.8254643847298504
WOFDRBORBA,1229,0.10961211067758744,0.10938044262301135,0.09649683130777875,0.09666038320460785,0.09717858868747484,0.09692818566261355,0.09653104085231397,0.098661313008937,0.38246270198390586,0.3549538658934925,0.4772513522395967,0.4684853501975473,0.47483636563819476,0.4757503560559822,0.47402532645394996
WOFDRBORBL,1229,0.12622093566316145,0.1267113002314504,0.12144901194222818,0.1214998159877415,0.12178485945266393,0.12207969112668059,0.12146342149884355,0.12253780030612037,0.20477641230527838,0.20957288085405895,0.2840814296373418,0.2848769507896478,0.28125432501354625,0.2825784978671345,0.28468385979942207
WOFSRBRBC,1229,0.005047068904889035,0.0050529277887307955,0.004441617959821879,0.004447555330789779,0.004471605294839618,0.0044074105496570174,0.004442624956913199,0.0047250407985168575,3.7105906650482465,3.703317381963522,3.765378125431597,3.73922071607401,3.819824323019746,3.7675851103902716,3.824567649584176
WPC,1229,3400.1065048663336,3453.8648308350807,1058.6855155604321,1068.501648377105,1052.6769040525412,1073.7179490459678,1063.0844994656018,1053.5080169569194,-8.08701182941977,-8.53021551540081,-7.339733637852248,-7.3849480068029605,-7.261436539502111,-7.3057872699820905,-7.256375185229738
WPROPANEMBTX,1775,0.029126620694923826,0.029111518065803508,0.028473316521378068,0.02847480524085861,0.028563531295701456,0.02866611998521334,0.02847301685938795,0.028531287918249812,1.5131841014289547,1.5496882677938157,1.5541490555313282,1.5437411738965094,1.575071643558367,1.579660075966676,1.5752680162054093
WRBWFRBL,1229,0.026627496551104125,0.027916642403833066,0.026879498815172712,0.026929319863300907,0.02672292707049404,0.025421460913879593,0.026879338191276848,0.026824489405769727,1.7662569657880685,1.7606136837213877,1.7996075501628552,1.768689602478751,1.788860093715047,1.7959689494663065,1.8137169206959987
WREPOFOR,1229,0.022321091451658764,0.02228484562114929,0.02225073665254472,0.02224680457299955,0.022264627101992805,0.022377457518492936,0.022249614361778615,0.022211490827433147,1.8176042015798262,1.8348517149668142,1.8340506136950865,1.8329597539808709,1.8223977554476753,1.831528423916835,1.83756789806459
WRESBAL,1229,0.02335920450887548,0.02410575541816377,0.022765851755422936,0.022816139060696426,0.022517488863267175,0.021193019064826173,0.022765994716979324,0.02301964327003858,1.9666031073376062,1.9665028014412593,1.9755231674265974,1.9498195410141415,1.9945585233739103,1.9846387877719405,2.019395486964718
WRESCRT,1229,0.004849062101901192,0.004771406127192854,0.003965255962204321,0.003972773523075471,0.003973638381846837,0.0038772336868790488,0.003966078594769913,0.004035990972067979,3.9143418677732176,3.842064525521047,3.9499467564601307,3.954314240533246,3.9580499685963737,3.9469399906231453,3.9684411396233146
WRMFNS,2417,0.0038680938142576686,0.003849142167095694,0.003755480216230676,0.0037550063850808313,0.0037634948511656137,0.003771154169891579,0.0037553023453293552,0.0037720613088142963,3.5231620021475494,3.567274755852436,3.579463417747065,3.571515335423083,3.587702743586007,3.597852809806937,3.5965107383992807
WRMFSL,2139,0.0027654358996361543,0.0027499653372793985,0.002652223455762586,0.0026514978048950235,0.0026490188727692865,0.0026486800907959095,0.0026521346955530735,0.0026643808772933144,3.857796399366395,3.914174611838843,3.896464651777903,3.8950577481805553,3.9274302618494414,3.9366644955053753,3.9441346183007133
WRMORTG,2375,0.007645260928661159,0.0076529640829230425,0.0075134157056491345,0.007514954324133087,0.007523959197837483,0.00756739538053185,0.007513393586534079,0.0075320263113988085,2.9340723181765713,2.9455416528797693,2.9657663814275104,2.944500894707422,2.9754159232244453,2.9640962276020604,2.9754571917596535
WSDEALL,1229,2945.56088555675,32913.49012201759,2373.622572384871,2779.93507151382,2379.5526150337882,2349.2770618888344,2534.253621681535,2684.7409518558957,-9.791671951682014,-11.429517832494067,-9.730135262076729,-9.733193402914342,-9.8610418784905,-9.731653364479989,-9.733111571389072
WSDONTL,1229,2060.008015061924,14203.612401587761,1969.016854461446,2194.077847280608,1972.2650712903242,1988.4705743367108,2106.0097688087653,2073.1894387893153,-9.625283090147043,-11.230475768815046,-9.574938103340314,-9.578314658265741,-9.703257336325809,-9.576456076335116,-9.579289226096284
WSECOUT,1229,0.00464797523737308,0.004745765112346258,0.0034723047017854785,0.0034835591918557303,0.003530809013752149,0.0034529812141917476,0.0034751812321889095,0.003704458887242864,3.8638335601284863,3.968734058309711,4.095072048343058,4.083658195328444,4.107774222591336,4.130660291394579,4.128136251662952
WSHOICL,1229,0.005979453223899249,0.006139271096433457,0.004906773507013727,0.004918030784264965,0.00487700694008708,0.004752163818610769,0.004909072552918102,0.004884733886850299,3.1420367205508692,3.2100380923370144,3.539995703605638,3.4621446238812714,3.582951185392741,3.5385019768287465,3.5845335999631294
WSHOSHO,1229,0.005510957239120001,0.08216972731463569,0.003993282696781269,0.005361779895149606,0.0039578190958271895,0.0038225270244360283,0.004509313111084181,0.004502192584765039,3.8780238906227407,2.0250791035044395,3.9537437314806914,3.957838587214789,3.8748295456909574,3.9522305315744606,3.960476025456175
WSHOTSA,1229,0.002371161208043164,0.0023776873768064895,0.0017295825454284983,0.001732121710321102,0.0017538823458813789,0.001697435512422032,0.0017300020799076324,0.0017547513522990802,4.671581770748592,4.665483260194992,4.844513761688501,4.832131541268511,4.8915179144464265,4.877914000581298,4.922411418723338
WSHOTSL,1229,0.0028389970740935154,0.029973709219247184,0.002144259470939941,0.0027259469384723705,0.0021361886335753387,0.0020846259664883014,0.0024439466239095393,0.0024237010492813155,4.654790206296521,2.5554904376539334,4.66786243775208,4.700733550950311,4.610724113763799,4.666349132879895,4.729754547501742
WSLB20,3324,0.009359613991446738,0.00937001892097867,0.00926835328225833,0.009270197807868315,0.00928887348289986,0.009339831561985023,0.009268503537009063,0.009282665652737457,2.7133373600584427,2.71904127329103,2.7270425558187714,2.7235496556718766,2.7405334674794637,2.726255295545099,2.7433355717150785
WSMTMNS,2682,0.02882507099762127,0.025769412052498487,0.0038241349845402274,0.00386372342728492,0.0037881340364074416,0.0036353226768068964,0.0038393430443706632,0.003919930689940292,-5.754753307134198,3.93428349858816,4.601232571535103,4.610959142617757,4.578450219381042,4.600323728549501,4.619243238994768
WTB1YR,3144,0.024980940712584356,0.025254377226909118,0.02351289754525246,0.02351960812897201,0.023538393276149632,0.02365089217855146,0.023514224039237284,0.023502327900881605,1.9862788171595884,2.015774604388044,2.051765489117505,2.052599002961608,2.0724030072102053,2.063354406850742,2.080676282014986
WTB6MS,3526,0.02930459445363402,0.029652483629606177,0.026568402147720285,0.026569982400064186,0.02635743415511916,0.02647826473232821,0.0265683843198292,0.026614074336516812,1.9876765362358848,2.002212318222101,2.017488050902907,2.001151638744891,2.06406999975665,2.045071465747862,2.0716471597386934
WTFORBAFL,1229,0.020516079924589266,0.02102929255557432,0.01822031696580542,0.018266509205578565,0.018142576865010765,0.018184737904652623,0.01823186484588334,0.019407136328238154,1.9710219800970152,1.905591964256614,2.0378286581874843,2.0405016743954745,2.0277776449425655,2.036325534200112,2.0405759443752003
WTFSRFA,1229,0.004682157865702051,0.004610613043147006,0.003852970090265513,0.003860285341419875,0.0038596509489189443,0.0037600810900755947,0.0038536545207169953,0.003941467453863431,3.936990247312859,3.8647462033605287,3.971799022778359,3.9756840001276257,3.9778874552099897,3.968758133004517,3.9893092857268404
WTFSRFL,1229,0.004878861463427394,0.004884970769033119,0.004306829048832901,0.004312529885698012,0.004334647361851072,0.004272901425513913,0.004307775051765475,0.004573222362297361,3.7328731829210113,3.7256801073579804,3.7840656795206424,3.761386230966322,3.8391649736104396,3.7861689105837875,3.844351071585161
WTREGEN,1229,0.1496714450594086,0.150236729242047,0.14382553201783696,0.14384992485913897,0.14363327768233888,0.1443050627881988,0.14383267508544484,0.1442709114237202,-0.004911706030573179,0.04011415680937193,0.11186769175825204,0.11192539403493174,0.13681810832399244,0.10912413293374248,0.14047606752434236
