series,n,ll_A_crps,crps_A_crps,ll_B_lik,crps_B_lik,ll_C_conf,crps_C_conf,ll_D_ens,crps_D_ens
AAA,1289,2.4267834558044137,0.015104255480061333,2.4018850165592696,0.015135817154139612,2.2547074326930976,0.015608826321514972,2.3902876695893536,0.015169778137734955
AAA10Y,5380,2.929800507152181,0.012959634782108405,2.9466912728926924,0.012916399686640817,2.825297120067922,0.013152845009717605,2.9223765675789486,0.012940521063890835
AAAFF,5380,1.5777988583905962,0.04083294407811105,1.5637866197564065,0.041252703712815336,1.420883359352159,0.04134305954957831,1.5260960695702488,0.04161793869239784
ABCOMP,1331,2.7464428563062757,0.008837637093858144,2.7507403913206887,0.008887050768915621,2.546177098035904,0.009007176990110123,2.755702566504943,0.008896293400670486
ABCOMPN,1331,3.0302953173121447,0.006679355574083854,3.034300522230346,0.0066757449554373585,2.9759519841035185,0.0066741612891706836,3.0366027576966697,0.006682199637516083
ADPWES1T19ENERSA,853,7.263078026688303,0.00013733347341180556,7.209620380308405,0.0001400989244999791,6.99756730956074,0.00014262612333262365,7.2002533621395255,0.00013975417432967298
ADPWINDCONNERSA,853,7.176322733095415,0.00011917547928815833,7.1679338826970715,0.00012052660508254734,7.0930019745557304,0.00012089116554876249,7.131053788826337,0.00012156106396872402
ADPWINDMANNERSA,853,7.8567888422243914,7.34627058087556e-05,7.844828296187628,7.4794289711585e-05,7.522332540483661,7.470172090519951e-05,7.7864830472544355,7.658534652420167e-05
ADPWINDPROBUSNERSA,853,7.294983095406366,0.0001133427427056189,7.256704092097626,0.0001155750815495546,7.181643077974974,0.00011444642929598839,7.214384136489817,0.00011520824102934343
ADPWNUSNERNSA,853,5.592293000008938,0.0005324722688376081,5.571764006980909,0.0005350768549202108,5.6007426001629765,0.0005339004465208431,5.604162832937129,0.0005345240677305785
ADPWNUSNERSA,853,7.918050708546697,6.406422842286587e-05,7.90131266681983,6.452221050672489e-05,7.515410723115687,6.58967115954168e-05,7.829952417198042,6.574031931862366e-05
AHETPI,749,5.036364435514847,0.0009971749409814323,4.9889692232518765,0.0010491598435738577,4.685544693715394,0.0010391695371104544,4.950030672499659,0.0010505503430308343
ALLACBW027SBOG,887,4.080719883781522,0.003955720376157263,3.914908139004261,0.004328373580095957,3.4023389339138017,0.004365790422285324,3.7386198168613607,0.004420107466265938
ALTSALES,605,1.5175111493873514,0.032762976525676946,1.395545838375767,0.03432369236248118,1.421172392020144,0.03357583965062618,1.4245743182977706,0.034215721011005215
ALURN,603,1.4915479228060842,0.04353676537486434,1.488019713747243,0.044174721347327854,1.0381274976427026,0.04321871681541616,1.4470911797643247,0.04327434749871244
AMBOR1M,797,4.118709748039427,0.00475131982332727,3.7763251361560086,0.005769892407914532,3.1451429816880165,0.007257399454604118,3.1654164372261056,0.007160440124691306
AMBOR3M,797,4.222563447056779,0.004257716150523038,4.044936012944212,0.00446525473368595,3.542162927168831,0.00526920099253881,3.6229596266763284,0.0051176582648641625
ANFCI,2896,3.017787341201938,0.008630475013229786,2.989230631990093,0.008717932147676273,2.7503016901280266,0.009419342625008674,2.8530605610247943,0.009151547336408819
AOLACBW027NBOG,2791,3.048239425151815,0.0069695483788703855,3.034730135159803,0.007120424944685601,2.942968839473707,0.007043930680925475,3.039798462079165,0.007040342730396527
AOLACBW027SBOG,2791,3.384964303597888,0.0051042898407748175,3.3586280683205154,0.005302558351189344,3.1646832833220406,0.005198120458993248,3.378811914612638,0.005165936169720832
BAA,1289,2.58608591374421,0.012588884291480262,2.5641633365668217,0.01262848573370504,2.4101767302795754,0.01307841867553203,2.477066426876999,0.012852750033143453
BAA10Y,5380,3.65893598292208,0.0065304049335946504,3.6756743555565663,0.0065150699876435885,3.5865172870604445,0.006576822299129959,3.657245568615751,0.006519692043776024
BAAFF,5380,1.6350542918410518,0.03935677056351812,1.620968016688017,0.039708110836063376,1.4729475007220345,0.03988470175133625,1.583057639389466,0.040077668176720455
BAMLC0A0CMEY,784,3.5668899861701306,0.0047539967608939485,3.580183615685717,0.0047394270910789005,3.533866320688301,0.004760022538509087,3.57408250819126,0.004738072526809498
BAMLC0A0CMSYTW,785,3.477119725494951,0.004819054265503158,3.489393221721468,0.004804139840572014,3.454433330963593,0.00482625685983956,3.4840422862394314,0.004804576561125768
BAMLC0A1CAAAEY,785,3.5118587554254193,0.005054823414708733,3.5272949673282836,0.005037812747963454,3.4718399759406835,0.005072641257731673,3.5147611644007384,0.005038711166362624
BAMLC0A1CAAASYTW,785,3.4603968971253627,0.0051182012646408155,3.472747772688594,0.005098742294914799,3.4211334691565454,0.005137667528696669,3.4605416942018423,0.005102130692633879
BAMLC0A2CAAEY,785,3.5284167071674486,0.0050122492263614095,3.5421562312759063,0.004994138918389384,3.5033690187733053,0.005008199225471923,3.5297963434681687,0.004993370247410277
BAMLC0A2CAASYTW,785,3.4983688873212815,0.005017507537703494,3.5189998687319415,0.004996648754608403,3.478393232487421,0.005009716349536796,3.5057484937119607,0.004992741827974352
BAMLC0A3CAEY,785,3.5565713826160814,0.004908430023363244,3.5765837359654418,0.004891814873497832,3.537472445571364,0.004907481573061274,3.5674552959994585,0.004888960981595782
BAMLC0A3CASYTW,785,3.4680499773045375,0.005048402713837267,3.4802589552956102,0.005033988552722672,3.442629080630138,0.005050232119500746,3.473938931017185,0.0050323433605012164
BAMLC0A4CBBBEY,785,3.5680576025010624,0.00466816533209953,3.5819393688011703,0.004654258802951392,3.5390368192134485,0.004678255337795969,3.5754839552375333,0.0046542107259297
BAMLC0A4CBBBSYTW,785,3.5223660171266484,0.004660716661113973,3.5325308147076524,0.004648619257687439,3.4948597728211563,0.0046708591820058855,3.5260339037400055,0.004648917268165095
BAMLC1A0C13YEY,785,3.3612929499206943,0.00550603910076497,3.371114840907829,0.0054928204052256575,3.3474910205526536,0.0055061893908648,3.347768639538733,0.005507006179201037
BAMLC1A0C13YSYTW,785,3.3744691549984203,0.005708925735968449,3.3890965980314345,0.00568866484977678,3.3594972940945587,0.005699971706597943,3.362474586725616,0.005697522360167826
BAMLC2A0C35YEY,785,3.3329245073276277,0.005696388323336487,3.3456483054903585,0.005680617206436408,3.316915411271291,0.005695335199784561,3.3363167900589574,0.005686243456021729
BAMLC3A0C57YEY,785,3.3734796178986177,0.005488812702647799,3.3838517387797373,0.005472830948604155,3.3528241670275825,0.005488756023288708,3.37701364170998,0.005472556299203268
BAMLC4A0C710YEY,785,3.5246875829841007,0.004947173152308309,3.534160197345684,0.004938608086571273,3.496757004944563,0.004962323733080091,3.5326021895604707,0.004933984893266681
BAMLC4A0C710YSYTW,785,3.487095137972572,0.0050409225865254495,3.496210108047747,0.005030995468626579,3.4581008139008746,0.005053643490453509,3.4936234430282784,0.0050252896206897995
BAMLC7A0C1015YEY,785,3.572869647115211,0.004764302272185545,3.580991965347573,0.004756969235618293,3.537137355564928,0.004774752339227361,3.5775746451532067,0.004750668007135894
BAMLC8A0C15PYEY,785,3.633021865002917,0.004440891617883756,3.644046334153063,0.004428077921839415,3.5892494245431217,0.0044628925207506704,3.6403018896391237,0.004428577832449749
BAMLCC0A0CMTRIV,785,4.451349743954274,0.0016333307224873752,4.454029778323574,0.0016290852208850697,4.406280924243345,0.0016660025115320205,4.447698814779532,0.0016377646547525487
BAMLCC0A1AAATRIV,785,4.0868071622492925,0.002343085921940751,4.09050452416695,0.002337994474289213,4.0732155737584845,0.002369159175134108,4.088422826639424,0.0023427881279239043
BAMLCC0A2AATRIV,785,4.377689085011579,0.0017489009870942035,4.382228238854093,0.0017444271842491595,4.3491600813297895,0.0017773295019007439,4.3781977501057705,0.001751681799282541
BAMLCC0A3ATRIV,785,4.4511120993805555,0.0016358141969014272,4.454371132611066,0.0016315057538476396,4.40551639125762,0.0016685461196420774,4.4476115519386825,0.0016397488267209989
BAMLCC0A4BBBTRIV,785,4.472016810797687,0.0016003354068253666,4.475908708755637,0.0015964740556027304,4.4241811266400815,0.0016336747506108125,4.465567167542746,0.0016056060896041456
BAMLCC1A013YTRIV,785,5.690580182042671,0.00047832288236479423,5.6843595382827505,0.0004793638254806339,5.648083683483502,0.0004868198707560286,5.653611702580581,0.00048510572480289516
BAMLCC2A035YTRIV,785,4.975096964671746,0.000971969924394665,4.9751812978448005,0.0009714308398129128,4.932454014218466,0.0009884135412239626,4.956499932284643,0.0009781788983184397
BAMLCC3A057YTRIV,785,4.612161615054746,0.0014000841554030537,4.613901424829203,0.001397935456291317,4.5625362541448915,0.0014276314288853471,4.596346821331154,0.0014070525321015302
BAMLCC4A0710YTRIV,785,4.383009808246563,0.0017519769483675582,4.388507320159629,0.0017476944659533813,4.335547498464039,0.0017902655445849354,4.376287446289132,0.001757368179052566
BAMLCC7A01015YTRIV,785,4.131865780468836,0.0022501924685016405,4.135452042009442,0.0022446924767513376,4.0944117698051,0.002291556536386691,4.126530087285696,0.002255477512797133
BAMLCC8A015PYTRIV,785,3.735976787920556,0.0033525714416127164,3.7343579406723397,0.0033469879517163265,3.693863375650475,0.003410949723911589,3.7311442983245082,0.0033630866451581946
BAMLEM1BRRAAA2ACRPIEY,785,4.114422920602577,0.003670651694720077,4.138967365911047,0.0036529706038879598,4.079602773885,0.003659188489170576,4.1187911335138345,0.003653266713157292
BAMLEM1BRRAAA2ACRPIOAS,785,2.7874505632051227,0.01726175958789331,2.8067697899254145,0.017230960032548585,2.7810130383712863,0.017216671606625704,2.8107357352436115,0.01721693148849525
BAMLEM1RAAA2ALCRPIUSEY,785,4.119082744580629,0.0037178408043653075,4.1417252164611735,0.0036999328597582953,4.09223440194565,0.0037043912101746164,4.122887753433941,0.00369871369205134
BAMLEM2BRRBBBCRPIEY,785,4.449963493885811,0.002932619125237391,4.478163556242102,0.0029265881507371102,4.400683691040502,0.002933928191361985,4.456533891798228,0.0029329814097464723
BAMLEM2BRRBBBCRPIOAS,785,2.9127987869660745,0.012632062946927574,2.938454325513256,0.012573758360959579,2.901900616307192,0.012577114785619629,2.9142916783967507,0.012572219999225118
BAMLEM2RBBBLCRPIUSOAS,785,2.8223464680795907,0.013111162749330168,2.8464055506574892,0.013062504611145312,2.8213525184139736,0.013039225247415633,2.8259733488567047,0.01303681025430163
BAMLEM3BRRBBCRPIEY,785,3.954211380377146,0.003576191445022425,3.9401653732490898,0.003593677927582386,3.8877256586983346,0.003573573358142059,3.9181394137637673,0.0035962199855643366
BAMLEM3BRRBBCRPIOAS,785,2.8458267587982564,0.00971807701616322,2.8456069828823223,0.009710523480009801,2.7981220423949775,0.009738707736500339,2.8175003358766433,0.0097413485682018
BAMLEM4BRRBLCRPIEY,785,3.565368721111699,0.0049378853202199455,3.520103835661797,0.005062840222691478,3.3664830896836757,0.004958289237761443,3.472576257204042,0.0050722312945028075
BAMLEM4BRRBLCRPIOAS,785,2.8623607762825096,0.009095329117152459,2.8349515558507328,0.009190484950182272,2.7595448696351,0.009108053805541333,2.820197410515915,0.00923057154002544
BAMLEM4RBLLCRPIUSEY,785,3.4872743420036114,0.005085640778510899,3.444983944728706,0.005226689471358991,3.3682423331592317,0.005092458854226493,3.417653195306298,0.005233166637762265
BAMLEM4RBLLCRPIUSOAS,785,2.813380667722192,0.009451491907432096,2.785710416993071,0.009563864863807012,2.714433463624007,0.009442740983912559,2.7737532862081737,0.009594868973551147
BAMLEMALLCRPIASIAUSEY,785,3.7577646107092337,0.004098711153777354,3.787488998223971,0.004093645888379301,3.6915591396513676,0.004086219777459066,3.770222584560733,0.00409646823739049
BAMLEMCBPIEY,785,4.301223395388697,0.0030731702762077425,4.343867524974719,0.003063802284260334,4.276685823464129,0.003069473933465929,4.323081255651084,0.00306531729491024
BAMLEMCBPIOAS,785,2.9642617748412152,0.010147051083540302,2.982496813834855,0.010111015502200548,2.947362275461513,0.010110058419105205,2.9536290276843062,0.01010997457333821
BAMLEMCBPITRIV,785,5.146559064396819,0.0008121029223838997,5.151687410514231,0.0008140179296527772,5.090624696071723,0.0008292359012011625,5.1167703512618745,0.0008223929326565695
BAMLEMCLLCRPIUSTRIV,785,5.089890433402369,0.0008604466235691704,5.091502313560714,0.000864047884715822,5.0275191924344025,0.0008794952804888853,5.050377747251713,0.0008741131325952971
BAMLEMEBCRPIEEY,785,4.3107947009259435,0.0037330422191145874,4.313495998947018,0.003721643500242732,4.218162603432917,0.0037265039991420073,4.292036160289729,0.0037155912646374156
BAMLEMEBCRPIEOAS,785,3.3161460231540874,0.009678167449738685,3.340002973422094,0.009659838411317661,3.1944237672942286,0.009805114415319406,3.3142000306719503,0.00969194824892882
BAMLEMHBHYCRPIEY,785,3.831862715370754,0.003742719442171414,3.78247582470876,0.0037968277962823834,3.7349417048239304,0.0037370456368932448,3.78790891737927,0.0038071273410777598
BAMLEMHBHYCRPIOAS,785,2.973334882569717,0.008723384183026007,2.981643271877941,0.008712089090948429,2.930223781788129,0.008728575303347575,2.9675520977453798,0.008721469068359132
BAMLEMHBHYCRPITRIV,785,5.043981855338564,0.0009303574874479397,4.9845788606077415,0.0009499912562896999,4.9725594289583555,0.0009402646684881052,4.965856998951321,0.0009601105411400244
BAMLEMHYHYLCRPIUSOAS,785,2.9888105966959735,0.008965103193545609,2.9991948226733727,0.008942022576771534,2.9340625342444637,0.00895214048411894,2.9834389744963974,0.008945023798100433
BAMLEMIBHGCRPIOAS,785,2.8771388065766543,0.014304574075050362,2.8977835230851854,0.014274667743562968,2.8754554836373987,0.014231623862410626,2.890143134042774,0.014246356946530436
BAMLEMPBPUBSICRPIEY,785,4.342719915578653,0.002997309835043561,4.368933831929174,0.0029855406766819102,4.310453167301233,0.002995762599244902,4.348820947152674,0.0029905124816812937
BAMLEMPBPUBSICRPIOAS,785,2.856891893238326,0.011651855599003008,2.8772783960425903,0.01160710777692203,2.8481684242411225,0.011612119369559963,2.8590222177374183,0.011603836615460262
BAMLEMPUPUBSLCRPIUSOAS,785,2.8917901841864415,0.012275865778394542,2.9129006475957206,0.012237785877042774,2.894043599326199,0.012228790459000412,2.9042514185386845,0.012222340811535618
BAMLEMRACRPIASIAEY,785,3.846485698217281,0.003898422116144955,3.8875450917443666,0.0038897088805833545,3.8083017878395804,0.0038903949992211448,3.870578254452311,0.003890454957101905
BAMLEMRACRPIASIAOAS,785,3.1288084535182503,0.012480238427810965,3.1474694060678283,0.012434789918467007,3.093477254023648,0.012428920754994993,3.1103737068032107,0.012423667313666602
BAMLEMRACRPIASIATRIV,785,5.074347042188008,0.0008535375303547963,5.093274305776143,0.0008542770270926867,5.028623404056104,0.0008671886047886732,5.073610746275804,0.0008611756069886094
BAMLEMRECRPIEMEAOAS,785,2.8422986500710152,0.011824520278375182,2.8579730840039774,0.011797005624723637,2.8078053464364188,0.011840681173090242,2.836572817680154,0.011815945083720199
BAMLEMRLCRPILAEY,785,4.0041830410858195,0.0034517778035917904,3.9948056660414104,0.0034477232744395537,3.9804189703019355,0.0034390501821352348,3.982557741919171,0.0034395361441458645
BAMLEMRLCRPILAOAS,785,2.8936098349924215,0.00931690175765789,2.8972085065348687,0.009295522047260552,2.8426016018975964,0.009300632310762601,2.884394767245794,0.009282020377384384
BAMLEMRLCRPILATRIV,785,4.815384611548278,0.0011416384006437948,4.78898481324929,0.0011483893039900032,4.758565870562586,0.0011626153563508706,4.760688482845219,0.0011584666620188986
BAMLEMUBCRPIUSOAS,785,2.996387525403204,0.010546218130135317,3.013885974190782,0.010513959993191518,2.983764602403494,0.010525373478570554,2.9871045650051564,0.010520006507932477
BAMLH0A0HYM2,785,2.6140294176932377,0.012225818431143762,2.604339063721579,0.012253206866573727,2.4808734516397215,0.012299252921798806,2.5833466179287305,0.012329338197949489
BAMLH0A0HYM2EY,785,3.302274055650585,0.00556215618192677,3.291290424277403,0.0055631459357911965,3.2523797559440557,0.005565488118467638,3.2788109915831996,0.005578301727893588
BAMLH0A0HYM2SYTW,785,3.3956331285872356,0.0053389146574626635,3.388386805022232,0.005334031496763667,3.3475137512982838,0.005352395336457054,3.372598765910191,0.005350705823774042
BAMLH0A1HYBB,785,2.2321343961991666,0.017208799844631608,2.2311475167013843,0.01720574632971243,2.1329967890185615,0.01727940786319943,2.2207975151566686,0.017280692362413457
BAMLH0A1HYBBEY,785,3.290659944176077,0.005875586939133534,3.290040537681602,0.00586448495614797,3.254478152093613,0.005870898549223883,3.271801360950685,0.0058701275983865835
BAMLH0A1HYBBSYTW,785,3.3314330407735846,0.005531997261775725,3.3321056227969352,0.005521373811222031,3.2854264275336917,0.005537611085346368,3.3132714538315273,0.005527645110641494
BAMLH0A2HYB,785,2.410894530972197,0.013417594749106814,2.392599099910551,0.013481706437068931,2.317139703437303,0.013468081322751272,2.376805574466788,0.013566301538505757
BAMLH0A2HYBEY,785,3.1414097238541445,0.006263966879417682,3.1246645406677462,0.00626968732574399,3.093840808621562,0.0062695552783447244,3.1183376321927856,0.006288851401296419
BAMLH0A2HYBSYTW,785,3.1900084965220192,0.006093120854590258,3.1844545009015373,0.006091555998112773,3.136596943481167,0.006113902982860078,3.174397593278695,0.006113338807123648
BAMLH0A3HYC,785,3.0325533103380957,0.007153738219209627,2.993027345241634,0.007231951552693574,2.9522356642904515,0.007246002739585862,2.9853488858785404,0.007273508898074647
BAMLH0A3HYCEY,785,3.338819845013041,0.005038342938473416,3.302807319844362,0.005081100287590351,3.291956462175137,0.0050604753561285624,3.296712552583895,0.005084982212882103
BAMLH0A3HYCSYTW,785,3.383908531744442,0.004997317249502236,3.3457081184418023,0.005035031876043675,3.3346979917310047,0.005012275657801676,3.3425959590299836,0.005041534248069978
BAMLHE00EHYIEY,785,3.6395506775290003,0.005249242565116515,3.6029874185091795,0.0052917894351616765,3.536319297310933,0.005266346582296019,3.584198195362761,0.0053221608884441605
BAMLHE00EHYIOAS,785,2.7991556960992554,0.01023076035482715,2.779795407502689,0.010297720558754631,2.719851062475987,0.010247531137982243,2.738775200809235,0.010350769367625513
BAMLHE00EHYISYTW,785,3.6461092516187903,0.005186421635016652,3.6087563748902545,0.005224505787914381,3.546478763638043,0.005192502966751013,3.584011599312945,0.0052389665684447854
BAMLHE00EHYITRIV,785,5.36976409531183,0.0007197647726016411,5.248083501237465,0.0007555620931380189,5.260532331444711,0.000731578718706654,5.223845411653558,0.0007652692974533008
BAMLHYH0A0HYM2TRIV,785,4.935835745816883,0.0010252624933775373,4.902603020005564,0.0010364414131262337,4.861497689403439,0.0010502685508047918,4.863540820693079,0.0010562703831765744
BAMLHYH0A1BBTRIV,785,5.02090684835942,0.000945674956295511,4.990578709025725,0.0009539755719947256,4.937776103096518,0.00096868429326027,4.9348111122789495,0.0009685815059037959
BAMLHYH0A2BTRIV,785,4.896788438192998,0.0010697295263610144,4.8635184211240166,0.0010812119086019236,4.812504538114117,0.001093579246691945,4.818524629596709,0.0011013217689472108
BAMLHYH0A3CMTRIV,785,4.527047225856212,0.0015410262336591905,4.486046926882022,0.001573124550828253,4.439519982447058,0.00156939235180528,4.470615674120236,0.0015964620225971376
BOGMBASE,808,3.0583263049102802,0.009517188289038712,2.9971120198635117,0.010002593429800222,1.9078167695318908,0.010023804572176375,2.982863090212138,0.009997452801384013
BOGMBASEW,2383,5.180006824028247,0.004982469285556312,5.189084279260941,0.004953475723933933,4.904234504421187,0.0049975652400338876,5.090657435978624,0.004933042506527419
BORROW,808,-0.7125600814946746,0.31778710450754377,-0.8684328936730671,0.34202307149080957,-1.0707352642777814,0.3149893392147029,-0.79705696991451,0.3301696787218587
BRMTG0101,2089,2.6445968707344165,0.010434768826665771,2.636688075835982,0.010453001955934767,2.5898898977441647,0.010534689489400065,2.608226317719793,0.01052834239313703
BRMTG0102,2089,2.7131207860983686,0.00965588638141079,2.7077529022303084,0.009669803466232219,2.6700908346987084,0.009731480026741329,2.6811277923413157,0.009742669170182645
BUSAPPWNSANER,1067,0.30338473368873536,0.11962973054755462,0.045750392710421556,0.1343382933952452,0.19365496231539905,0.11872922273189283,0.261610999557518,0.11996343762540515
BUSAPPWNSAUS,1067,0.31073585932969217,0.11913945934037906,0.03769053646339829,0.13464598321762417,0.20850810127605787,0.11797218817348215,0.27698140446369596,0.11901262269730786
BUSAPPWNSAUSYY,1012,-4.512598458150619,22.093434034536756,-4.862322465291962,27.43202439108196,-5.7449174084131585,22.071036581552228,-4.806580743955484,22.07102899498071
BUSLOANS,953,3.6437609965930475,0.004043432750835434,3.5984216769496706,0.00420977547755835,3.487875748524481,0.004036345650035572,3.6084426909323772,0.004147514804568705
CACCLAIMS,2102,1.318159990283645,0.03988566891721463,1.2747756479737347,0.04060516971824327,1.2494681948708284,0.03991974639551406,1.284578557223844,0.04049180106185622
CAICLAIMS,2102,0.6307525422695505,0.07704542949098311,0.6118769775863077,0.07771365520055604,0.5748825596571496,0.07702093334064011,0.6115405755670621,0.0778743386121843
CASACBW027NBOG,2791,1.6663168616873327,0.02845801679307813,1.6612476358948387,0.028448723402991205,1.5945678964505252,0.029038176261538002,1.6601634396912586,0.028405161158418374
CASACBW027SBOG,2791,2.090729209144659,0.01818807141648256,2.090442921540295,0.018257623065526536,2.013251105887519,0.018608245785929834,2.0667653235224677,0.018384246114231496
CASLCBW027NBOG,2152,1.464466510604449,0.03410744480529079,1.46479250721358,0.03405212372788612,1.4210133328831946,0.034516374078638515,1.4796424271992232,0.03387742467401329
CASLCBW027SBOG,2152,1.9037676861823114,0.02188650614049223,1.903924438558645,0.021933443371937242,1.8511493842751903,0.022218659662868658,1.8912946534717794,0.022018905959716645
CASSCBW027SBOG,2152,2.1519612145335527,0.016408922794984866,2.1419456669107384,0.016531257383276342,2.120207825931082,0.01648751533111057,2.1561009309252004,0.016459172670528644
CBBCHUSD,3123,1.7009249129083674,0.026926459207007994,1.6533151303845073,0.02749824084784113,1.6430482296147284,0.02738850102140275,1.6472305342120819,0.027563481364894178
CBBTCUSD,4209,2.104932437177929,0.018520274885410446,2.0421995760372287,0.01881196440314936,2.0404386162141845,0.018889801079120867,2.0523477512048753,0.018824952905962523
CBCCIND,1972,1.9436242838972584,0.022094470404668356,1.8523948351079547,0.02254545980256284,1.8500243026986842,0.02256894900915522,1.8822103144553415,0.022507318419135884
CBETHUSD,3707,1.7637511058378843,0.025573181840037987,1.7269230286640476,0.025854140528118345,1.7068673116058992,0.025965335900319575,1.7244930947863888,0.02584602845384066
CBLTCUSD,3617,1.7015617622226153,0.02699099408222133,1.6682663913246354,0.02730202986004478,1.6579260205644892,0.027383515029934746,1.654706640088363,0.027442539302403403
CC4WSA,3100,3.7330873656312957,0.0040805760271118196,3.680848986259466,0.00436740760273162,2.8639011293332506,0.004007483358638597,3.689630579376173,0.00428799062972218
CCLACBW027NBOG,1357,3.2635317849412937,0.006246451519561415,3.163009740974009,0.007099594193194756,2.086626623648747,0.006138033423974552,3.1815149127558655,0.006273088808803558
CCLACBW027SBOG,1357,3.9987385759139658,0.003970165975726718,3.7784811327588828,0.004956249708036833,1.9086756435045433,0.004364744668831286,3.5940252971843325,0.004347641035142653
CCNSA,3103,1.6545463689930233,0.0284873971611356,1.5907769852988272,0.02917057142978278,1.7068692076636427,0.027767116050536333,1.7432413989252513,0.027997260703783385
CCSA,3103,2.6160790123088495,0.011393152368034233,2.5776728270813574,0.01176099792377993,2.2961703587033018,0.011411807353218643,2.570515314091893,0.011800906369295167
CE16OV,940,4.3376666686387315,0.002378426163803449,4.298601546086963,0.002655921987967244,3.030047032652679,0.0023356142621654,4.318716632297953,0.0024888435812172255
CES3000000008,1049,4.596476003277123,0.001619327840016325,4.55350738948668,0.0016436227871734904,4.3534124771970175,0.0018051434402173328,4.4943432850721114,0.00168425672979259
CES9091000001,1049,3.856738781195256,0.004134385194775794,3.4296980076499777,0.004975445764749415,3.6142322133050078,0.004310652252677934,3.6224241720589054,0.004310077960157991
CFNAI,710,-0.927700968350013,0.5621577506224822,-0.9412820605120745,0.6520416563322071,-2.325492434982242,0.5053685539447886,-0.8007647957448565,0.5430148533900868
CIBOARD,2152,4.1748849750249795,0.0022702350829400452,4.153748211494999,0.002324721961083833,3.946597058194472,0.002271123796491288,4.157052127796404,0.0022988151097655496
CIBOARDNSA,2152,3.805407174226355,0.003127504843032486,3.81652296960441,0.00316130441126883,3.706059756710161,0.0031156921174618495,3.8261757418686657,0.003139397996563799
CILSCBW027SBOG,2152,4.418065760229309,0.0019009645355650543,4.351099378189812,0.002041717391793245,3.985700596331948,0.0019012753997715804,4.377692805439537,0.0019919257941142174
CLF16OV,940,4.56992729840589,0.001502594590520904,4.552779623366456,0.0015363944171321855,4.435043958548714,0.001547558155551166,4.548711048294687,0.001525478779413693
CLSACBW027SBOG,2791,4.517997585180627,0.0020295428929650106,4.382368103407709,0.0023056302365544027,2.443452699559723,0.002002466905522897,4.426842167381908,0.0021122995551971957
CNP16OV,940,6.67512693974692,0.0002513126892806283,6.154511327604533,0.0003215411142988808,6.223469627832374,0.000251854759046097,6.4402752069118305,0.00025187466373528675
COMPAPER,1331,1.8446522761868955,0.022239562017597705,1.8452883598382461,0.02221275915891415,1.8262881064903425,0.022162238411716752,1.8471009297466272,0.02216308455861647
COMPOUT,1331,2.6694226325553827,0.009760696520468196,2.657847341119873,0.009811286760483116,2.548612998707532,0.009892209993477003,2.639358563970977,0.009834113681839741
COMPUTN,1331,2.788087098911105,0.008588499143791742,2.785303437318518,0.008593336152148993,2.7529383558533294,0.008601145612885497,2.787798484102894,0.008579816506460702
COMPUTSA,700,1.3640273536676562,0.036277411235868556,1.3698416370188606,0.03620893263523797,1.3208780062102965,0.03647316794010406,1.356317000049003,0.03618582960107828
CORESTICKM159SFRBATL,701,1.7928385678113619,0.024145326109711013,1.7828142914780154,0.02423533906455706,1.7496873002559474,0.02437844787159796,1.7505618392621412,0.024385665500210655
CPALTT01USM657N,829,-0.2729344004890222,0.1870570244869543,-0.26741892599623196,0.18681014766611573,-0.29646241466298673,0.18814589779149654,-0.28469337753910884,0.18760599299171374
CPFF,4715,2.0492099985234704,0.04306459918195692,1.9684512581956848,0.04438668865290177,1.5801943345396705,0.04468008755889071,1.8284547922347212,0.044891541176130756
CPIAPPSL,952,4.0702552515851815,0.002675240469884035,4.067368719428277,0.0026730536715172384,4.001988801463249,0.002697907897390547,4.060975427943656,0.002678204344373869
CPIAUCSL,952,4.6740984974085045,0.0013498574810099121,4.6440648464974625,0.0013626545914094555,4.6336274805961954,0.0013664417371007452,4.635571901183681,0.0013667572792530078
CPIENGSL,832,2.441280890465282,0.013429188288588788,2.4071739400582186,0.013555337280097548,2.25919048763826,0.01376243896865206,2.38082123038662,0.01360951451793408
CPIFABSL,712,4.8712430391014365,0.0011212863933960347,4.861057946649275,0.0011251262260581808,4.6761789947750145,0.0012339708205047271,4.786333845788332,0.001161330241882066
CPIHOSNS,712,4.845381065193886,0.0011607782184845288,4.839815241104658,0.0011629215082681159,4.754796614653365,0.0012033227309922237,4.798635533334938,0.0011799721206161087
CPILFENS,832,5.109849934299828,0.0009091306072593699,5.120897844279841,0.0009057107599195681,4.935057684301573,0.0009585031517168438,5.049175158366715,0.0009188306622843547
CPILFESL,832,5.446088465417056,0.0006301911688047938,5.448432233847394,0.0006300277910667039,5.2616415770329565,0.0006905444458283257,5.380472921595582,0.0006489575088768977
CPIMEDSL,952,4.9572136046965145,0.0010445847608275007,4.934516975485921,0.001049197088671383,4.799121618355822,0.0011122374354680163,4.868937095980787,0.0010687156972850813
CPIUFDNS,1360,4.1629051508021835,0.0034731152769204494,4.15452902834045,0.0034887092052773763,3.6926090734699413,0.004076180832002431,4.0639748264396465,0.003557492728431486
CPIUFDSL,952,4.487434170861253,0.001804959621220946,4.470403835569552,0.0018236472631356115,4.26012448912059,0.0019655515416967272,4.399778630004079,0.0018736721349401672
CRESTKCPIXSLTRM159SFRBATL,701,1.2080474855755516,0.04514567003221241,1.1967815016258956,0.04538993820185437,1.0492147503270273,0.04609551411285883,1.1734105182209391,0.04557432685906524
CUSR0000SAF11,892,4.168629096792703,0.0022290039089301788,4.157917979255782,0.0022444797118614072,4.069682016102602,0.0023322595546325996,4.119853147850678,0.0022893337780405323
CUSR0000SEFV,880,5.292942257822773,0.0007100574337233276,5.311704451356317,0.0007064937312027868,5.095815983031216,0.000772922600421686,5.238995999747271,0.0007243719712257171
CUSR0000SETA01,881,4.559302889758448,0.0017098690655021815,4.493809189097969,0.0017525790991797688,4.239401767823225,0.001939736594577442,4.2773491560379515,0.0019159808269276362
CUSR0000SETA02,881,3.514181393706283,0.004680899183864622,3.464517728615138,0.004763815484517086,3.312908479710136,0.005029232677091482,3.371921804572983,0.004917264263358442
CUSR0000SETD,712,4.655889602773951,0.0015659559000863747,4.6484553812932115,0.0015682034562306143,4.475339675997195,0.0016521642726927148,4.580571767771393,0.0015989168265593638
CUUR0000SA0R,1360,4.886613308898142,0.001968999728360427,4.872493334825045,0.001977658807256941,4.611427452069274,0.002090553748878309,4.774690504271819,0.002014023579614739
CUUR0000SEFV,880,5.263773654352412,0.0007449813155370036,5.278395238354391,0.0007418360250699687,5.1001202502634095,0.0008006695324406631,5.205930015834424,0.0007606299814662922
CUUR0000SETA01,906,4.13294428094282,0.0025070184864320146,4.10239607329662,0.0025542404239321742,3.8664363575649725,0.002804784983459079,3.9666688397301586,0.0027031858830338057
CUURA101SA0,1094,4.418207888078995,0.002081236055364991,4.414048697206192,0.002079728374257646,4.149298496767698,0.0022245801691305606,4.134206545410173,0.0022159120603780047
D2WATAL,1229,2.457067761533097,0.012959174458530691,2.4488804184773096,0.01294346106956234,2.355893295941685,0.013178122573793891,2.403723464921353,0.013188979093280918
D2WLTGAL,1229,-0.18593875192478587,0.21845967994360305,-0.2647192038215496,0.22189099344058819,-0.4408058547952633,0.23829699708093022,-0.36720009103933177,0.2302858021577696
DAAA,5385,3.0653533243915194,0.007617364799260185,3.072477314665168,0.007607344202105543,2.953739178469458,0.007722114779273665,3.057882265633415,0.007642391934055218
DBAA,5385,3.3292946334232516,0.0057263249834616165,3.3362842697443953,0.005717016247696288,3.2747669061439373,0.005771652460766476,3.3258237400088597,0.005733508545685702
DCCCLAIMS,2111,1.4925763037383664,0.0385237577818381,1.3949422033989534,0.04029383040457059,1.1893141016145459,0.03983377723298872,1.3588957028457769,0.04061728897286034
DCICLAIMS,2111,0.03563107492445106,0.14014293536991845,0.010039814248141606,0.14155547215346181,-0.032432286759605765,0.14093080749244824,0.003143014586225874,0.1416124767869753
DCOILBRENTEU,5447,2.4598934022049597,0.013218441556878957,2.4507651397524204,0.013324141995690052,2.2626484597395735,0.0134273484983215,2.4156537027228264,0.01355273960441356
DCOILWTICO,5400,-1.850001770855588,0.9739233880314697,-1.861751345124024,0.9889506781463023,-2.100964426333882,0.9852868038218245,-1.86745148842085,0.9825567618266144
DCPF1M,4057,1.8199335059557689,0.08189955226406177,1.7635910856620003,0.08256693097065872,0.9266620910947534,0.08787531908361873,1.5838793796077717,0.08457003843539188
DCPF3M,4715,1.8834067021000886,0.06277775867143043,1.8513893816076092,0.06337871630813648,1.0911325722125644,0.06666081605047397,1.7184437429947423,0.06433891000034157
DDFUELLA,5392,2.4153389149602558,0.013478172316842,2.414384403412088,0.013507175077798871,2.3103095325016914,0.013741570089748323,2.3947902822252867,0.013594459170555637
DDFUELNYH,5036,2.502640310030231,0.012472521053230974,2.501467179495867,0.012491172228640032,2.39363437179312,0.012752372848787712,2.480122183992081,0.012587372328183426
DDFUELUSGULF,5036,2.473537367643421,0.01289747387394333,2.4730091757746235,0.012915648341943812,2.3508132380451285,0.013181860300115972,2.450805718133311,0.013017846981027285
DEXBZUS,5391,3.325602760140594,0.005360135539911004,3.320666832689602,0.005375386560857651,3.231575774654375,0.0054644119095141955,3.290358109626209,0.005428793924126127
DEXCAUS,5391,3.9253146950016617,0.002963841649099901,3.9242525954366,0.002965661743075329,3.8449042848834383,0.0030148677074628674,3.9056892331327293,0.0029775646882308215
DEXDNUS,5391,3.8765189647011185,0.0030754651238481647,3.8750315537435887,0.003077155915933141,3.813514843601848,0.0031260811418344567,3.855395965144564,0.0030920524850003572
DEXHKUS,5391,6.916834444550919,0.00018773543738710398,6.820986036668944,0.00019215872343448338,6.6760675211991165,0.00019447861446172642,6.739364659926533,0.00019452822721632593
DEXINUS,5390,4.19516284473747,0.002361236272076167,4.173424838569465,0.0023746358401664633,4.075322947565276,0.0024225221301350007,4.151599970782147,0.0023897477556984814
DEXJPUS,5391,3.7589764854955297,0.0034328713622582456,3.7482624900367236,0.0034439624053467606,3.6975905978567405,0.0034810308750570637,3.7332866348868614,0.003460043217079774
DEXKOUS,5391,3.800465270715366,0.0034784404111903645,3.7931951589196955,0.0034905119541081098,3.654865030787298,0.003548850451048873,3.763207299880223,0.0035380801620274963
DEXMAUS,5391,4.307533163816438,0.002151031473990602,4.293050603366008,0.00215780230734433,4.171093128014313,0.002213125105082313,4.260591904015885,0.002175274954347969
DEXMXUS,5391,3.610114095999966,0.004083585005156135,3.60462809666774,0.004090931542792424,3.476035701217523,0.004151653933771301,3.5731053728775186,0.004132005296300094
DEXNOUS,5391,3.5083675180866702,0.004424834403299252,3.507622044901673,0.004427545885153759,3.4472555428624703,0.004485538261082649,3.492957250699371,0.00444826571471662
DEXSDUS,5391,3.5704927190985107,0.004145906144363878,3.572388612450351,0.0041440549326273775,3.510461211240206,0.004208295490062761,3.558242089594854,0.004158585101483459
DEXSFUS,5391,3.228014370717196,0.005780004662835232,3.2309896810916987,0.005775775303719748,3.1820192857562337,0.005830273094660771,3.214475254014346,0.005798506707857546
DEXSIUS,5391,4.37930280361638,0.0018405347406972709,4.377311161732423,0.0018429936554736205,4.318270564542343,0.0018619922904016914,4.352913991184406,0.0018546011434666958
DEXSZUS,5391,3.798467345543986,0.0032920579324617017,3.796437867749641,0.003300938400225429,3.717367220046195,0.0033212241489849396,3.786775474529356,0.003308491108765803
DEXTAUS,5388,4.561696754436546,0.001655598267465054,4.538367968993143,0.001667466752820178,4.480164582077264,0.001670259762496085,4.510198257049373,0.0016758055943836983
DEXTHUS,5391,4.255040387714521,0.0022216101839163255,4.239692305401499,0.0022313747753847733,4.161143057294198,0.0022692655044569067,4.212768282527273,0.002244716042751385
DEXUSAL,5391,3.577550777469039,0.004196819163379445,3.5807385412379196,0.004197250858082221,3.4837918942023025,0.004258458707434364,3.563905597021274,0.0042210937287937705
DEXUSEU,5391,3.8727016684172306,0.00308676857449429,3.8718949219672036,0.003088148361870967,3.8095440563570193,0.0031378454541142356,3.8524613771347456,0.0031031539051734128
DEXUSNZ,5391,3.5052296734628836,0.004443629984737208,3.507000188463693,0.004441685132401663,3.444934573606518,0.004507162894935878,3.492427170167123,0.004457491100899642
DEXUSUK,5391,3.796923053910945,0.0032975545092235794,3.799724496280704,0.0032992295682690697,3.7193322386181613,0.0033427373879649845,3.783482257471053,0.003315298352600848
DFII10,5385,2.153984720332885,0.028705524458705476,2.159963199307696,0.028676104389327738,2.042495978907552,0.0288739425746798,2.127808876845696,0.028707547798260274
DFII20,5385,2.073861360994629,0.02840756198192154,2.082876853472164,0.028364084400723827,1.9858118887725547,0.028504569581305195,2.0567720815653465,0.028389337400543644
DFII30,4100,2.3598950862969286,0.025150669077338716,2.3687156572647114,0.025130836765256827,2.267261987615637,0.025225715717609856,2.340101660638374,0.025147770788683
DFII5,5385,1.9000512126603482,0.032779107189853544,1.898802686172679,0.03280642610302918,1.7016038277233578,0.03283971992223855,1.8585648246170934,0.03291099885252961
DFII7,5385,1.9617963208630889,0.03147372081126894,1.9643848716174372,0.03146712114335925,1.8098044843565289,0.03151124074675859,1.9292877934346866,0.03151036741703138
DGASNYH,5398,2.339742893790734,0.01433243595815581,2.332050118626023,0.01439938510289928,2.260128524357817,0.014529345344599877,2.3083075657196184,0.014506885024332927
DGASUSGULF,5395,2.2613798283595115,0.015670078713027804,2.2529882601225486,0.015760213391019143,2.142167834596687,0.01596087257084821,2.2231626887938476,0.01594529884613548
DGS10,5385,2.561654877578199,0.01306344573504108,2.5688320183830506,0.013047683543772384,2.3708901441904713,0.013463179927396134,2.5449313335053216,0.013154474546706676
DGS20,5385,2.7724546836736477,0.010441633198009842,2.7790128361680204,0.010432756138899196,2.5994888898173314,0.010706777324890166,2.758181693470433,0.010518690998574423
DGS3,5385,2.2808086137026757,0.02159601131816041,2.2931039493301255,0.021536393682524545,2.0205351124135755,0.02253711382663833,2.256178688615689,0.021669790296694476
DGS30,5385,2.841332662096928,0.009733436820476168,2.850155284077485,0.009724667222592454,2.6735785047953105,0.009971956806213872,2.8272989381182874,0.009805271560627124
DGS5,5385,2.307302718376687,0.01811148048924539,2.315206560393139,0.018080431448768527,2.097275244820214,0.018771393604028765,2.2860927541167335,0.018194907955443033
DGS7,5385,2.3885440807176996,0.01535286641649301,2.3949632239293095,0.01533265466877929,2.216239103038303,0.01581431524441279,2.3711155137186943,0.01544348858043673
DHHNGSP,5411,1.9092597164968055,0.029577270219020305,1.8402911873698597,0.030994999796192652,1.5259982529566285,0.029823434121264668,1.7824534776959788,0.03124085205559365
DHOILNYH,5398,2.445007348623781,0.013187002973019684,2.441035749975555,0.013226438073056542,2.3296165185680597,0.013466893289065916,2.419760889693268,0.013324443490473212
DJCA,2511,3.248712884432598,0.0059022014683293164,3.228319344542029,0.005964850861821523,3.0639386131248263,0.006011622548463564,3.1887818935959324,0.0060818140297100205
DJFUELUSGULF,5397,2.3938095145689875,0.014028553810742906,2.3960528245328434,0.014057038088104563,2.249185913568077,0.014426372116054997,2.3699364282917292,0.01419402869876225
DJIA,2511,3.2525007560302512,0.005901957402310084,3.2316288230555696,0.00596324414434601,3.056447728684361,0.00601605996603056,3.1883238925232855,0.0060811232214185015
DJTA,2511,2.85497950091347,0.008456924382706517,2.84657759279709,0.008490313219694361,2.7761181341007353,0.008523702099316136,2.8268371198487396,0.008557679949040808
DJUA,2511,3.124988760800359,0.006568121103274047,3.1217999378515726,0.006590603667032148,2.986986714463333,0.0066440118294865975,3.096660081426445,0.006668748483751085
DLTIIT,5386,2.2318088651736185,0.026826943765245373,2.239575754230161,0.026804105510455076,2.1333400155299005,0.026964879077431177,2.2133693521178186,0.026851839214267696
DNFINCP,1332,1.7168313502202175,0.025810290997199035,1.6872582948575365,0.026093532164662574,1.5165603430632526,0.026129195232576705,1.6713742087160033,0.02632622498998443
DPROPANEMBTX,5389,2.4516453045345803,0.014174935090410517,2.4259637874292284,0.014297416744525126,2.372190727729792,0.014350667630664433,2.393745237072246,0.014389929364150695
DPSACBW027NBOG,2791,3.2878023134664978,0.005601109350405634,3.290371457760662,0.005595395401588402,3.2043851732713615,0.005753555026561673,3.2920333884073294,0.005594598957341325
DPSACBW027SBOG,2791,3.982867699725298,0.0027703377318286913,3.9837857372356877,0.002774235779545049,3.825522695504947,0.002948793303602024,3.9668524505337723,0.002792738218520553
DPSDCBW027SBOG,2791,3.9201122855493074,0.0029282698034028727,3.9203096860631614,0.00293878009342186,3.777431375019757,0.0030992697515439035,3.9041488245480176,0.002958112278478505
DPSLCBW027NBOG,2152,3.1799618330520927,0.0060530445070455345,3.182475071714764,0.006051414597198484,3.11815064206864,0.006165569704765723,3.181468553008223,0.006046076158185222
DPSLCBW027SBOG,2152,3.848392879864294,0.0031055370395194257,3.8553168055062126,0.003130823080612876,3.7743067771094374,0.003158274764815312,3.8386003817861587,0.0031433420776621457
DPSSCBW027NBOG,2791,3.416070591345104,0.004905147016749526,3.424801543826753,0.004894516119457042,3.330429335735074,0.005030083657346844,3.4388284912403577,0.004876619582018146
DPSSCBW027SBOG,2791,3.8917062062322425,0.0039228835373598,3.865055180092655,0.0039766783561027055,3.5534677729828315,0.00442408762503712,3.802605399309925,0.004092133155799736
DRGASLA,5397,2.0412181628872594,0.019492738234013627,2.0149973775702765,0.01977618966332948,1.9370396316141143,0.019718469006173217,1.9840391745327746,0.019982267972342857
DSPI,808,3.669461818842786,0.00490109365985013,3.3823140341399474,0.005683385428461233,2.9369555262450273,0.00478578107353934,3.515014321665621,0.005346605030213149
DSWP10,2958,2.6226251257379753,0.011776485238839375,2.6291366431501624,0.011761777271415816,2.4762070119909527,0.011994693685427939,2.6058483853935597,0.01181968067311692
DSWP2,2958,2.528088533724296,0.01851669144549774,2.5465321182318554,0.018445664121019518,2.34282894601924,0.018831233528168918,2.520111482694721,0.018472510021759644
DSWP3,2958,2.3937208323292665,0.018026825886707114,2.405177984874027,0.01797341168766523,2.220328231197607,0.018321082178175806,2.3833923027911115,0.017999181794515415
DSWP30,2958,2.844106886177432,0.009594263173619675,2.8503509921503523,0.00958285300753293,2.693070129046271,0.0097891836522945,2.823392509596962,0.00964518196326955
DSWP5,2958,2.3897971131838367,0.01555407998849175,2.3966449880400873,0.015526662379551198,2.242751762958733,0.015819291421614905,2.376689742255489,0.01557687339200935
DTP10J26,2461,1.5277685244021944,0.03588588070147928,1.5228435211736493,0.03600660879498134,1.145652193735728,0.03691865155884508,1.4942922722293617,0.03630763155535718
DTP10J28,2114,1.4919860109072258,0.03339734602452039,1.485976786109174,0.033496845882975426,1.3576799227958927,0.03378809850239377,1.4538415035777374,0.03375653010275553
DTP10J30,1597,1.4475977482094877,0.03391322540317196,1.4523936872045051,0.033909222419118076,1.3868521775882947,0.03422539427137281,1.4309682436946425,0.03398114265861666
DTP10L26,2481,1.472434005096042,0.03786754125385449,1.4620818358790257,0.03800612884819161,1.2099463568725513,0.03876169630600598,1.4374316682308979,0.038204389647623384
DTP10L27,2238,1.5141341686162504,0.033120273833600916,1.5046591761988057,0.03326608244913697,1.358331609512864,0.03367121683750079,1.4700949031853645,0.033556908253795044
DTP10L28,1989,1.4648756086580175,0.033681842930317486,1.460795780117708,0.03374269485877589,1.3352979624936607,0.03406153547700758,1.4368996393270714,0.03397594825012482
DTP10L29,1736,1.4819040316956487,0.03299963282602041,1.4858082757803948,0.03299403621384467,1.4297620116967173,0.033338707514963754,1.4615947986751459,0.033121504450994516
DTP20J26,4004,1.6043583365479588,0.03134861633144207,1.605107814769177,0.03142072255621653,1.3622618494218364,0.03212056068119492,1.5860837227271878,0.03164581216735099
DTP20J27,4128,1.6435508734297006,0.029227430780653155,1.6393016873172284,0.02929084170088613,1.550560192956075,0.029746423028196592,1.6174660243993673,0.029469171216089798
DTP20J29,4125,1.694418657397918,0.027188102473052027,1.6905300403900454,0.027241247568088354,1.6062888755202973,0.027508145300797184,1.6713272494196951,0.027372313274188487
DTP30A28,5380,2.1345636882075727,0.028839245263046518,2.137256731380402,0.028825395673663146,2.027005973374976,0.029023800129594688,2.1075000151382213,0.028884536753710374
DTP30A29,5378,2.139286075054642,0.028583631999593816,2.1421823040250816,0.028570531302474007,2.0362680242182676,0.028711851356102238,2.1157609762401473,0.02859380360331563
DTP30F40,4094,1.7682251233772928,0.024844254867726016,1.769359959339655,0.02486563563884177,1.7022932160262183,0.025095659337632397,1.7526695997306645,0.024984821961999082
DTP30F43,3331,1.7879143685840189,0.024363440783961045,1.788153208367361,0.024401928352594294,1.7150989693102565,0.024565502119221174,1.7728089853644249,0.02452825550670766
DTP30F45,2835,1.796753627385329,0.024226158658843235,1.7965532590074667,0.024269751591401753,1.7080285669235833,0.024422979597432153,1.7796843437785566,0.024403427900995357
DTP30F50,1594,1.6507075775982964,0.027496892042232737,1.6582354613921781,0.02747115020616082,1.6050871933138604,0.027741750054511648,1.6287800949475306,0.02762306679510044
DTP5A25,1195,1.0077178549182457,0.05522553173241472,0.9794960519060456,0.0555837899579765,0.6002999839215698,0.056086707556951,0.9570688789636447,0.05561404482998645
DTWEXAFEGS,5143,4.097535835036901,0.0024513429344365685,4.097903685246639,0.002452501094243886,4.038046985976045,0.0024842359446915316,4.079528672899461,0.002462727935872566
DTWEXB,3774,4.43631038305358,0.0017632229019143826,4.434700908977822,0.0017649169219618962,4.348684097311473,0.0017913206227956014,4.4130326130527155,0.001773981061973579
DTWEXBGS,5143,4.340864265244216,0.0019236640697077073,4.337976282349739,0.0019252885857320055,4.274687737896216,0.0019503100269723595,4.314859466368423,0.0019361107109565866
DTWEXEMEGS,5143,4.41110379300195,0.0017988909654989807,4.407206642900535,0.0018007847440997438,4.311564539426714,0.0018247973151825749,4.38031999925366,0.0018146549624563698
DTWEXM,3774,4.094112196602461,0.002482597112702362,4.093533300478941,0.0024833936426378886,4.018991271175629,0.0025196337375201616,4.076451568196383,0.0024925234265644773
ECBESTRNUMTRANS,1736,1.0747932751001523,0.055684629137729404,0.8533101986313497,0.061312318195354,1.0132733783113388,0.05576625025562951,1.032970182459407,0.056064001346372426
ECBESTRTOTVOL,1736,0.9255321302149822,0.05826388744356283,0.8369644009053477,0.06044542095912466,0.9138192333806611,0.0580293078615519,0.9064852360001665,0.05859743165909254
EFFRVOL,2604,1.3247118350051232,0.042691400041391846,1.2757879185566905,0.043458948473759314,1.272304678635219,0.04257077448730724,1.292059532663165,0.04296273587769854
EVZCLS,4359,1.6812314776651118,0.030088979945377042,1.660324559117948,0.030319905115829982,1.5916654807453892,0.030455272729671537,1.6513161383641384,0.03033697082511769
EXCSRESNW,1909,2.5770102970822344,0.07311962431381207,2.630432947729977,0.07563148674117055,2.2423255394626933,0.07364347587200372,2.347088926498293,0.07358796300136439
FEDFUNDS,863,1.57367944810469,0.062311890540411974,1.463179842667851,0.06399294141927687,1.1240026175401034,0.0664304450327617,1.3904001638812054,0.06469754814919139
FINCP,1331,2.2142013025549856,0.01537657421567198,2.2098542493182762,0.015430332467293757,2.097684165781381,0.01555077086736038,2.198642372282081,0.015446823565865776
FINCPN,1331,2.372762041956569,0.012962776943334248,2.374155287755869,0.012946767438258497,2.3377069645010047,0.012865167700310997,2.3692356863504,0.012925047487406484
FLICLAIMS,2106,0.367483206872244,0.10147663517413968,0.320286601616742,0.1032018828695857,0.31364713009785317,0.10129165171208415,0.34430363110611645,0.10238396151539658
GASDESECW,1686,3.0205087824284322,0.007723412942391049,2.988546617939848,0.007821512429194447,2.696068579395056,0.007873023980654106,2.962971383317011,0.007877955839236984
GASDESGCW,1686,2.8183608550090438,0.009094206033604252,2.8096414563520304,0.009145371362223742,2.575073276035443,0.009268253146404488,2.788476084044546,0.009190302216071408
GASDESLSMWW,1014,2.8898555880114727,0.008667342017776455,2.8896505456149235,0.008719910990586818,2.684954466921981,0.008897063766437868,2.855966700831895,0.008751568609138522
GASDESLSW,1014,3.086364260660719,0.007235591855971438,3.0759611790140746,0.007303639334019359,2.788228382441666,0.007486424481900523,3.0415741945244124,0.007362681349981989
GASDESMWW,1686,2.766793786808656,0.009579540305057569,2.7469098548849082,0.009616773600428147,2.583867182421848,0.009739166161125898,2.7242977405600075,0.009684967930247038
GASDESRMW,1686,3.086054457300044,0.006880799649842155,3.0737465092092937,0.0069227386383330525,2.9707040203686716,0.006995898322459179,3.0541204224620997,0.00695161434494836
GASDESW,1686,2.9336940013298602,0.00816360567900323,2.9228538322810897,0.008208778142837441,2.6939950546311806,0.008332937381678389,2.904943199664718,0.008260182552907195
GASDESWCW,1686,2.9939449561867137,0.007761505577212932,2.9683264992282408,0.007830831027086382,2.843189021901047,0.007926216827183818,2.951419384851274,0.00786055010692884
GDBFRW,2404,0.024508778767341664,0.15888415508377937,-0.034931392831141564,0.16099880331858016,-0.1330501106066646,0.1652686171255279,-0.07207624240540393,0.16241693410166708
GS1,878,1.158235639212444,0.05543873713432534,1.0996987678670982,0.05706993828036651,0.8437935068549889,0.05712873028338783,1.0684902165332744,0.057534592890502056
GS10,878,1.5150966680384448,0.032950921221555955,1.5028708876282084,0.033069986931349965,1.296628925387154,0.03391133527518034,1.4950355345304978,0.0331645972704026
GS2,600,0.6425321486183737,0.07519221222177462,0.5910602704199018,0.07670783438374629,0.24029452372555207,0.07910780565532635,0.5226546067484822,0.07787142900260041
GS20,797,1.577452008370393,0.029457152668061853,1.5797251911290993,0.029486567895288043,1.3138050365960898,0.03043370991610764,1.5727426972757268,0.02957889795889066
GS5,878,1.281679365354427,0.043086293268913334,1.27149036909623,0.043401582384404995,1.072930156901067,0.044637458910739856,1.2519600449821084,0.0436924472402138
GVZCLS,4557,1.5911656454207077,0.029516174072989572,1.5764846368962837,0.02964477003236232,1.5684807597174857,0.029542556755290834,1.5609856663475667,0.02971376399491765
H8B3092NCBA,860,2.0456484686064975,0.01843989179589236,2.0491913568109195,0.018404030209680223,2.0192226991348816,0.018500041879776264,2.0379875532323872,0.01846809503076887
H8B3094NCBA,2791,2.7777997101593312,0.009486798920272729,2.7317390897610103,0.00999083626841309,2.40805846550319,0.009617354690802415,2.748773630488166,0.009443062612328544
H8B3094NCBD,2791,2.5271312763169873,0.011419791555676385,2.5214566886119294,0.011492656564373491,2.478695592464824,0.01160199939335795,2.519340276773873,0.011486806417875625
H8B3094NSMA,2152,2.546960171196042,0.014226039580588722,2.5161613692040596,0.014650941577819595,2.129048196237409,0.017358457494420446,2.430995511256697,0.014998118112821524
HBUSAPPWNSAUS,1067,0.31106248354074717,0.1182627215693078,0.05307243669863394,0.13281569338157578,0.21089503317200234,0.11727283148085918,0.27943615451949483,0.11852142325677383
HNFSEPUSSA,760,2.9015475418081453,0.008141368406086496,2.8705246867923715,0.008185676003404184,2.8860485047888655,0.008193437696709473,2.8848713911480814,0.008196796188399129
HOUST,808,1.2090693275817281,0.04230309793947155,1.2069080258828893,0.04230796239781129,1.1889305064645859,0.042435062090309165,1.1883988683341435,0.042438003201236335
HOUST1F,808,1.2794534796296255,0.03930554180568205,1.2788243002678557,0.039293158009676386,1.2604303562039492,0.039623610549915006,1.2509784940043336,0.03954205014333683
HOUST5F,808,0.31285914553358135,0.10411353033656644,0.3185082345477453,0.10394470096709031,0.29690431309070175,0.10454651850992018,0.30448128932888996,0.10438806179097218
HSN1F,760,1.23029716338355,0.04136088712457727,1.2343520148279061,0.04128698446281247,1.2130713047574235,0.041417706984036025,1.218401244651644,0.041292489124213835
HTRUCKSSAAR,713,1.489975738240917,0.03169717586615749,1.4894167662625242,0.031685698783489306,1.4451291027756474,0.0320554869017736,1.4726169616492522,0.03176436895986138
IC4WSA,3101,2.7535359113780076,0.012847453471018446,2.6685509451160656,0.015526153755680512,1.4795488140709994,0.011099778165194456,2.766988568595067,0.01148655181200564
ICNSA,3104,0.6972020450006626,0.07071320268274725,0.668686124192655,0.07125199327455894,0.6530008198573547,0.06996578529565993,0.7093188620614642,0.06998534071606731
ICSA,3104,1.6812520301585272,0.029598613128888524,1.643979676884091,0.031504705523149726,1.2703290925615067,0.028914622374673682,1.6703931963376213,0.030080438908777603
IHLIDXAU,2337,5.195443292003717,0.0008000269748586305,5.1810890985556055,0.000803100016319443,5.15054842192504,0.0008124910800537616,5.1680611120243185,0.0008056957841501505
IHLIDXAUTPSOFTDEVE,2337,4.966271451010157,0.0009837807404814193,4.96894964568152,0.0009831777218235257,4.934856301737766,0.0009939663328422507,4.960576361865524,0.00098401202743067
IHLIDXCA,2337,5.363846749865316,0.0006677170337099878,5.356389875413234,0.0006697334302631726,5.319972502624828,0.0006772563928479309,5.341686027385652,0.0006718308596929491
IHLIDXCATPSOFTDEVE,2337,5.079286027491321,0.0008950798374299936,5.057700091098324,0.0009018176992458518,5.053282278915574,0.0008998241763804704,5.054435982817376,0.0009013794467208385
IHLIDXDE,2337,5.81531231269663,0.0004281539916645688,5.81334216736362,0.000428555188724578,5.766835873865156,0.0004331395621458621,5.7992664571445065,0.00042990966968023403
IHLIDXDETPCIVIENGI,2337,5.429030263684163,0.0006198504988602038,5.423357408135975,0.0006211018704234955,5.400673032199011,0.0006273023585682326,5.414118163029553,0.0006236926848781665
IHLIDXDETPELECENGI,2337,5.315907949981029,0.0007081658015705437,5.297429908889861,0.0007120166035983487,5.262114323447271,0.0007190536771486351,5.273775396256904,0.0007149936534658787
IHLIDXDETPINDUENGI,2337,5.299866375974215,0.000716734479430877,5.294792906576353,0.0007187238649499455,5.249089369464092,0.0007294599804471888,5.267588232974834,0.0007248380751274386
IHLIDXDETPSOFTDEVE,2337,5.589400685513861,0.0005349359603615144,5.576414251710525,0.0005378842665925954,5.558691510648613,0.0005388932258397243,5.564822756435384,0.0005390247633005629
IHLIDXFR,2337,5.417640921275646,0.0006540101262277679,5.396193438738944,0.0006593566096689392,5.342667846437975,0.0006717807142518586,5.363597863788457,0.0006667567223298076
IHLIDXFRTPSOFTDEVE,2337,5.128046184336395,0.0008595054560728367,5.114375565778833,0.0008653774408026738,5.099899623705785,0.0008628191573740305,5.08694784719121,0.0008747145137180028
IHLIDXGB,2337,5.350465318190727,0.0006837753787192438,5.3417521679643984,0.0006852658040720219,5.274176310740011,0.0007016367165782099,5.322120392841606,0.0006893064635148122
IHLIDXGBTPBAFI,2337,4.694106906763742,0.0013016955448253746,4.689247718974067,0.001306155235622584,4.662617641324475,0.0013183823535265,4.669955324119774,0.0013104940430012128
IHLIDXGBTPCIVIENGI,2337,4.362361220704558,0.0018309750739175993,4.361495287028694,0.0018296664459952175,4.271105896885139,0.0019018347953247614,4.348728444431887,0.001840995964652914
IHLIDXGBTPSOFTDEVE,2337,5.066036951116618,0.0009130793820645556,5.0491823149885775,0.0009191153255138146,5.036489964171272,0.0009171303279862316,5.039285701527199,0.0009191838068704041
IHLIDXNEWNSAUS,2337,3.702498863335002,0.003953201156904497,3.5464911625697417,0.004162021011483798,3.6597068400937443,0.004024379274173309,3.654676816247275,0.004028548631447077
IHLIDXNEWUS,2337,3.75711832117825,0.0035353853124124443,3.672570331600558,0.0036535461143388827,3.7153984723338414,0.003590213963908433,3.7005353376463095,0.003613639461300898
IHLIDXNSADE,2337,5.722392215877955,0.00046354447740491885,5.714018400055033,0.0004649957623072659,5.714370765577775,0.0004639455958033857,5.707158048041679,0.00046531826328768743
IHLIDXNSAFR,2337,5.374614122225166,0.0006720739814277815,5.3407772445583594,0.0006826284258569392,5.3499590864782345,0.0006754602274377378,5.324674779045393,0.0006852493185786833
IHLIDXNSAGB,2337,5.212916426770132,0.0007749719136273586,5.17373094034291,0.0007833549172969514,5.200675559563584,0.0007756177610895905,5.202835753002505,0.0007764411596610612
IHLIDXNSAUS,2337,5.592569640685146,0.000536422667912779,5.570011639532266,0.0005404429698068002,5.560264443112267,0.0005405372646861402,5.560531879759957,0.000540148480050193
IHLIDXUS,2337,5.689526474213548,0.0004917911379180609,5.672284943865277,0.000494565178619094,5.6384978332547435,0.0004980702132082897,5.651149060668068,0.0004962139391719503
IHLIDXUSCA,2337,5.583624454184831,0.0005471980984938622,5.573125127354193,0.0005491486400331206,5.540065079998055,0.0005544185062510866,5.5515160799666745,0.0005517219075784948
IHLIDXUSTPACCO,2337,4.955248203982253,0.0012309187817233132,4.76764649598172,0.0013589615133141738,4.832425607661328,0.0012772665942456824,4.791456377442866,0.0013340395576094922
IHLIDXUSTPARCH,2337,5.426700017012245,0.0006351009258813715,5.409870904306394,0.0006391914530207097,5.379197432573756,0.0006439239881512051,5.392472235342728,0.0006418244093091948
IHLIDXUSTPAREN,2337,4.974688864376139,0.0010107315765854109,4.92694061749517,0.0010274251654254132,4.942983358664525,0.001022926085535991,4.9291539879170525,0.0010281402971091035
IHLIDXUSTPBAFI,2337,4.8992041380466835,0.001110807115453074,4.846184276342847,0.0011384011117398633,4.8395653896778805,0.0011280915482511208,4.830050132768931,0.0011412670241815683
IHLIDXUSTPCIVIENGI,2337,5.358136043393703,0.0006861141231894712,5.342311095123281,0.0006915985033224462,5.301895610103837,0.0006974547572235888,5.315284998333798,0.0006975584685747568
IHLIDXUSTPCONS,2169,5.579521000794985,0.0005661965710818772,5.565396764493944,0.0005699435002422832,5.502020883891527,0.0005795052751993048,5.544885706471526,0.0005742772609486886
IHLIDXUSTPCUSTSERV,2337,5.217401155372035,0.0008375327661696564,5.171898282197223,0.0008514463188109425,5.134737602198102,0.0008617255854804953,5.1437003288535665,0.0008600360336653007
IHLIDXUSTPDENT,2239,5.200114398389218,0.0008292269527037058,5.14392620632633,0.0008483546267438218,5.13942586842516,0.0008449875394916317,5.128642511916041,0.000848014776791719
IHLIDXUSTPDRIV,2232,4.072396544689402,0.002950179536210686,3.7942654572547427,0.00329684917446492,3.9981686530581877,0.0029909576127911622,4.0036228010739965,0.0030434299918533627
IHLIDXUSTPELECENGI,2337,5.196814495127708,0.000792481464780917,5.1864873415598565,0.0007954969728493265,5.172349241683852,0.000798563510237688,5.176822512615498,0.0007973072717051162
IHLIDXUSTPFOPRSE,2337,5.402669398979121,0.0006726750539556582,5.3543339749525725,0.0006870665937656248,5.336872247259698,0.0006861540031163529,5.3290023703978555,0.0006904513809011141
IHLIDXUSTPHOTO,2337,4.987729846637735,0.0010262571034873739,4.944583447058713,0.0010393350525650358,4.872620025350778,0.001073449301283112,4.893908165097945,0.0010605085566708237
IHLIDXUSTPHUMARESO,2337,5.317349742085689,0.0007234694384713432,5.283595791416728,0.0007315973179020753,5.237772024431856,0.0007430162597943352,5.240977274681774,0.0007445364532644913
IHLIDXUSTPINDUENGI,2337,5.192549867605511,0.0008153617961265233,5.154298467903177,0.0008258562390098918,5.158422247150336,0.0008258402588472965,5.142669216698985,0.0008298058103444098
IHLIDXUSTPITOPHE,1994,5.3371997940236575,0.000690112659107009,5.326976851640197,0.0006931740632892722,5.312074454382984,0.0006927402007871403,5.316463201958457,0.0006937906298325202
IHLIDXUSTPLEGA,2337,5.282801095995531,0.0007482101626601655,5.252078375986585,0.0007563098158314916,5.234011478951509,0.000757957216388084,5.228937810689687,0.000760430721394884
IHLIDXUSTPMANA,2337,5.144088096389551,0.0008696835129042311,5.085275619749295,0.0008856946930154983,5.08888413319875,0.0008883247220954928,5.093104014144604,0.0008866305232352914
IHLIDXUSTPMARK,2337,5.207670921710396,0.0007951098877960152,5.182815991954831,0.0008015826104661759,5.149838848092252,0.000811745259786734,5.154817779102567,0.0008097064943635527
IHLIDXUSTPMATH,1994,5.036317961510685,0.0009239714206103049,5.029546488095626,0.0009260371294697327,5.013197372090553,0.0009310846188378369,5.016091624363615,0.0009283689268542699
IHLIDXUSTPMEDIINFO,2337,5.287194725981103,0.0007564958657002052,5.2429438898470035,0.0007688499793864538,5.226035150736708,0.0007676515901419955,5.222475759037122,0.0007734125357655998
IHLIDXUSTPNURS,2337,5.567677084258143,0.0005589722585133708,5.548788259040189,0.0005631644831853578,5.5117737318069695,0.0005676497718646983,5.517790181100686,0.0005678724984330523
IHLIDXUSTPPHSU,2337,5.343518210355712,0.0006831104588742016,5.3345183391872295,0.000684902753663832,5.308757701122791,0.0006907014622781129,5.318602993007269,0.0006874422399938666
IHLIDXUSTPPRMA,2337,5.385555484318599,0.0006658615468645231,5.345315496486665,0.0006754655337955281,5.350771207468211,0.000671745504549476,5.340107221528177,0.0006758784778659633
IHLIDXUSTPPROJMANA,2337,5.4667656122647905,0.0006157119060427477,5.452805075264262,0.0006196798041139842,5.414444149686746,0.0006263632284400739,5.429742868362564,0.0006232299077113867
IHLIDXUSTPRETA,2337,4.97232175723125,0.0010008814570683872,4.952014757378899,0.0010069979511218709,4.926671942793818,0.0010157676289267899,4.935571393686606,0.0010115708868358626
IHLIDXUSTPSALE,2337,5.3336034853391645,0.0007003072321537383,5.30923057868785,0.0007060787652968444,5.278094699629166,0.0007116067435812164,5.296067974264844,0.0007083570512478687
IHLIDXUSTPSCREDE,2337,5.210623814953227,0.0007938185580322502,5.177218231785008,0.00080420405278983,5.17623379597261,0.0008042456627337395,5.172045372459746,0.0008054457064664591
IHLIDXUSTPSEPUSA,2337,5.154400851701473,0.0009123921486110834,5.074815519089365,0.0009501080903209269,5.099707745753818,0.0009321570762925139,5.107783391173148,0.0009292210171471493
IHLIDXUSTPSOFTDEVE,2337,5.191209631177185,0.0008227806910535754,5.167551284237193,0.000831313066675251,5.151929337705488,0.0008293954459730045,5.135085600223115,0.0008393449420318371
INDPRO,1288,3.36304649163329,0.005559917965067164,3.292507941010528,0.005770928080164665,3.0894887202446943,0.006315877791995775,3.2404525555718697,0.005948856436633614
IPMAN,652,3.392720754266098,0.005417496092195933,3.327642789901406,0.0057190838582983836,2.831013274212551,0.005432187106911519,3.346343963395538,0.005634230136674328
IR3TIB01USM156N,742,1.2445119551423736,0.05698942901029751,1.1232828397743604,0.061227312271120354,0.4584667794345086,0.05907542253884613,1.1027456926099999,0.06098450955959921
IRLTLT01AUM156N,682,1.5319730965832836,0.032056623305891686,1.529119904201642,0.032068615959123796,1.3894610428045964,0.03288913158614475,1.5123371123074232,0.03218756150355861
IRLTLT01CAM156N,856,1.542790548385598,0.032681230272993994,1.5404235146569065,0.03266277158934711,1.2956526487817515,0.03422974300596543,1.5079365422861526,0.032853611966816264
IRLTLT01EZM156N,672,0.24934180125705058,0.11055817713109405,0.2492453215782676,0.11052625183241296,0.24685542055650966,0.11028301012518109,0.2510024662504623,0.11024167614648309
IRLTLT01FRM156N,796,0.21812879364424714,0.11766803999939848,0.21957971249982092,0.11785866459889882,0.13508690398007617,0.12039671028816737,0.1738750345778105,0.11942378878822633
IRLTLT01GBM156N,796,1.489251442032457,0.03775276603776979,1.48333991623271,0.03783553923060848,1.3109989243416509,0.039014068948607324,1.4466477934129491,0.038176807685549916
IRLTLT01USM156N,877,1.51393410456911,0.032983315350462346,1.502539576923824,0.033092880849325414,1.2954089850759365,0.033941549013630175,1.4949641890929797,0.03318285348408326
IUDSOIA,5437,3.496860844851675,0.010911432192196311,3.192110352298863,0.012620496549764201,2.823464540868051,0.011411933701892075,3.1708249371794963,0.011482980599709357
IUDZLT2,2076,-9.415458783688338,1788.5393167379732,-9.44881188050477,1856.074817705364,-9.666185676586187,1767.4082796200094,-9.386473218010622,1771.7909487377424
IUDZOS2,2077,9.25803685146454,4.149765317721606e-05,9.22155571770066,4.105867961641442e-05,8.71367821908043,3.520051336637417e-05,9.061312840022467,3.8487477997184415e-05
KCPRS,5426,0.9238353631731105,0.07180693109439282,0.90389622261525,0.07257565460620607,0.6140258630456257,0.07640446292605632,0.8418206608774381,0.07449679085042206
KCPRU,5426,2.3437392760337024,0.014830267780257738,2.3189948062977943,0.014963425893498514,2.2577522207399463,0.015064219041466372,2.302542785319515,0.015033437183362905
KCRORO,5585,-1.3768647166441454,0.61896091411561,-1.3893453654299408,0.6228541283916503,-1.5222728833692996,0.636684720993989,-1.4324503650161295,0.6335525539224208
KCROROE,5585,-1.431891816694469,0.6461746283036591,-1.4434870490651397,0.6493078237802536,-1.5594885955479643,0.6630888528477378,-1.4834963434590744,0.659180136648366
KCROROG,5585,-1.544358418997782,0.687511245486329,-1.5403821403235423,0.6870468564033039,-1.599437975956342,0.697892601575655,-1.5542237743450715,0.6902930020359566
KCROROL,5585,-0.6918671791838892,0.4332086974588967,-0.7433010069723263,0.44877183937726395,-1.0997199889070906,0.48184059493699244,-0.8422794474597848,0.4659931759846423
KCROROS,5585,-1.1934721067658005,0.5173624157023096,-1.2066219271638714,0.5213370830146514,-1.3480022203587823,0.530877846072017,-1.2485392682127996,0.5296727264408044
LBSNSA01,603,4.308108215921488,0.0024471918590140323,4.289218136407999,0.0024639043386166584,4.251637392805839,0.0024703235066871605,4.2682886927248305,0.002461121898913171
LDGUST,5384,-7.751597099247626,2742.355120917559,-7.823670799173863,2774.7839917837664,-10.11370810149866,2980.9183843360047,-7.898848580484893,2796.181263606058
LLBLCBW027NBOG,2152,4.2833788924542215,0.001975369802258906,4.294973092869803,0.0020339326437359573,4.0965071696044415,0.0019676233881664776,4.2945164227762405,0.002012372676341565
LLBLCBW027SBOG,2152,4.657490646056515,0.0014693514439329941,4.613726529318714,0.0015607803546395453,4.2458175334551225,0.0014760632627630567,4.60846425326663,0.0015315357416807618
LLBSCBW027SBOG,2152,4.734827874178464,0.0013776336601135596,4.615173276708692,0.0014607423134569714,4.571022909343954,0.0013882289753819007,4.669904686120175,0.001389113188275806
LNS11300001,940,5.278326015241945,0.001628091136781092,5.317637345307828,0.0016276259282898737,5.210044537031339,0.0016208337461540868,5.3199634237875895,0.0016235288733479445
LNS11300002,940,4.957313919879497,0.002089401050637219,4.995985423034813,0.0020841920000810965,4.7235205318484015,0.0021312241108337815,4.932635755394388,0.0020880151958618484
LNS11300012,940,2.6922752181113885,0.00959746444753345,2.7096833538427276,0.009594598563160573,2.6404072588451473,0.009653310154506841,2.7087574382501045,0.009577062421815693
LNS11324230,940,4.42494596692785,0.0033485959600970654,4.438730406221843,0.003340536889726368,4.373106190459706,0.00334559161912639,4.427230704490246,0.003337255345487976
LNS12032194,852,1.7368955817418,0.026095972238908742,1.7198935904240071,0.026386009436929692,1.529447259238824,0.026560418492796823,1.7183603260869198,0.026337343251625473
LNS12300060,940,5.128930858668299,0.0020035415346653933,5.081240491732242,0.002126947884940951,3.7586178840680327,0.001971274543357076,5.0973165296259495,0.0020416841025416126
LNS12500000,700,4.041340797401864,0.00272591555232263,4.015130114667092,0.0028842152370860304,2.602562613868819,0.0027077192382235654,4.038286514709606,0.0028277758325482008
LNS14000006,652,1.4029197684934729,0.0360593043758792,1.4232219913186883,0.03602137206585723,0.9098815591728592,0.036109198292464645,1.4373308852010187,0.03577494493483655
LNS14000036,940,1.5176303606946593,0.034177179205810426,1.5305698435565267,0.03432935194987632,1.2635554798617212,0.03448168068633798,1.5172486693669442,0.034096336861309244
LNS14024887,940,1.7666453016104922,0.027291692122256316,1.7768114313861914,0.02772634693777357,1.4104175507899777,0.027316132858453853,1.7873994750718403,0.027258704402918693
LOANS,953,4.1571960205722425,0.002486659800555295,4.024600782130649,0.002605212152051669,4.012062782030679,0.0025717724944946205,3.9841125944121303,0.002638906957104704
LRAC25MAUSM156S,848,5.3702032383660985,0.0013394324430403967,5.4045365607797295,0.0013403657261839032,5.224655636027677,0.0013450566312404727,5.415786331163079,0.0013383342169371946
LTDACBW027SBOG,2791,3.708638926692544,0.003523791008789369,3.7198251933904243,0.0035242361659014567,3.67521706564622,0.003543095193530468,3.716338376408989,0.0035264650573875334
M1,2091,3.5443621036485147,0.006144119142947978,3.5060227203720244,0.006340345014950183,-3.154691770939735,0.005978299129741219,3.4673052041525487,0.0061908001431201405
M12MTVUSM227NFWA,665,5.063199217595499,0.001100460837968423,5.008257798299646,0.0011756469206426594,4.4906986131540085,0.001132392765351233,5.000427267874946,0.0011586121752763373
M1SL,808,3.194895205513691,0.011519917795724765,3.102981518956115,0.013594788406663968,-16.519176390512502,0.010870832380766004,3.0633880330685574,0.012952761862315582
M2,2091,4.9470961108910085,0.0010677335577680218,4.947533890400499,0.0010797940270605801,4.7570258550601245,0.001086232548215362,4.934304145893002,0.0010845913096420483
M2NS,808,3.997062014144605,0.002702118869942465,4.0258722419799,0.002734628344872201,3.885038090091847,0.002746558394385588,4.027855804068934,0.0027179550026855685
M2SL,808,4.371196113962678,0.0019212552612862944,4.322334928275849,0.0019993664835264023,4.104699577649307,0.0019187120816724374,4.320876346338297,0.0019850128091032137
MABMM301USM189S,766,4.343907814805485,0.001976232172058232,4.314689237164431,0.002024114324840051,4.0318367670679836,0.001984118500021223,4.322527646987483,0.0020139348240971423
MAICLAIMS,2107,0.1474081437168483,0.12372783485118947,0.11281518158827009,0.1252549822884997,0.10547826348070732,0.12250685631185129,0.15519852372950108,0.12267946854913642
MANEMP,1049,4.519811753767205,0.001949838751041569,4.3296499976803515,0.0021615249987261406,4.095517865140905,0.002224132577737262,4.227045385074118,0.002209618197745369
MCUMFN,652,3.3962414041216222,0.0054088549130545446,3.329638513862495,0.00570782505580271,2.8374466110997196,0.005414338450303852,3.3540645714833475,0.005614197982485896
MIICLAIMS,2108,-0.16635668258653347,0.1676987449150831,-0.18254997192737418,0.16873206048774558,-0.21137192399783072,0.16713976302550967,-0.1797812699072996,0.16790839744216357
MOCCLAIMS,2104,1.136772324353565,0.047943261429523605,1.112215333480471,0.04827648369800397,1.0732753823183494,0.04863415376899829,1.103624261743973,0.0482409889422946
MORTGAGE15US,1819,2.6210136782812565,0.010972581832435413,2.6170117076005313,0.010998163336119115,2.5607629211269747,0.011077043166094999,2.572027605436956,0.011113709327851119
MORTGAGE1US,1669,3.0691917982350576,0.007587441439102177,3.0721833788139183,0.007581103671115434,3.014191644101326,0.00766689811232341,3.0455047087919636,0.007614419137422029
MORTGAGE30US,2884,3.0143772690270927,0.008391968578998257,3.0085019013254595,0.008413207412691897,2.8136297098511602,0.008616757391376084,2.9784737057246398,0.008498833438531672
MORTGAGE5US,931,2.595601780858181,0.01155639295307393,2.5920266780435366,0.011572324032391862,2.565058656683939,0.011634600862339705,2.590312877369504,0.011577391498737979
MSACSR,760,1.2387612130470693,0.04621947235554306,1.2488562227808429,0.04609468578335809,1.2145921312058656,0.04623340216117527,1.2396911442035194,0.04609332617632824
MSPNHSUS,760,1.9334718214148783,0.02072809091046458,1.9333703962179056,0.020728349267950846,1.9229523108380937,0.020759642008586734,1.933089696818148,0.020737511934601046
MVMTD027MNFRBDAL,1013,2.6362783385539212,0.010074771952469039,2.642100278953205,0.010067996736290477,2.618469286749813,0.010063642773039458,2.623833251076697,0.010073386600955319
MYAGM2USM052S,698,4.482069308664075,0.0016610149154367526,4.433766213967694,0.0016872036149619364,4.463990667561391,0.0016628611834880998,4.4221158468144965,0.001693780821196374
NASDAQ100,5415,3.0116785814250426,0.00751047660436281,2.994012277637318,0.007548116375912277,2.9030127848827108,0.007684228330731506,2.958126107859053,0.007638942794523843
NASDAQB4040GI,5470,3.3912474009786844,0.006240134093503222,3.3500380545996613,0.006311654524536889,3.1704560191098397,0.006686251613535337,3.321561317076593,0.006373955248454956
NASDAQBXN,1319,3.6229115246780053,0.004218936539377391,3.4901803245423233,0.004424354333712102,3.488299940133761,0.004356589631376234,3.5342150125259866,0.004368687940431446
NASDAQCAPEXA,2923,3.2317873968977757,0.006140235534699947,3.2130850534994013,0.006187777231754761,3.0812882911314103,0.0062877248070513665,3.1629439099034604,0.006312431699422638
NASDAQCELS,4938,2.5135322288988347,0.012371044525400426,2.5134403265288956,0.01236641553190203,2.39125602562298,0.012756133475869336,2.481832632774781,0.012488861228996938
NASDAQCOM,5415,3.034925323519683,0.007377533423064137,3.017708063423301,0.007413674320246654,2.9187803921206568,0.007556514455366891,2.9799727098860513,0.007514442900802912
NASDAQDRB,4918,3.151014810783915,0.006643079961929731,3.1390694077455943,0.006668394500641277,3.0111180957414883,0.006845943258986087,3.0977698138919885,0.006775484642330701
NASDAQEMCLOUD,1953,2.3774335393918093,0.01362412054718771,2.3757714804144903,0.013619832128770245,2.306906227005509,0.013868488005367347,2.3367036637993914,0.013720021477433699
NASDAQGSOX,1249,2.63294647865233,0.010323765666109978,2.6328933141599746,0.010334093145411177,2.5966401868832634,0.01045152554117621,2.616883562834305,0.010374184032548677
NASDAQHERBAL,970,2.227543676095056,0.01597102086128399,2.2024222825815167,0.01608860434733678,2.0948909726099267,0.016480905968668698,2.15277330156355,0.016291338937067763
NASDAQHXC,5414,2.557242681449428,0.01172886293757493,2.5545098867462275,0.011744043554588964,2.4494273992380786,0.012002735238885951,2.5224452190986844,0.011848498663362761
NASDAQHXCX,5414,2.557393617423545,0.011726898058225925,2.5545657367210737,0.011742434417714236,2.449589892282324,0.012000746530428296,2.5231293352846436,0.011846170917706882
NASDAQHXR,3040,2.9455257773266035,0.007705845253420844,2.9413894234135936,0.007718117512941421,2.8926448711485175,0.007798923028462108,2.9144839253074335,0.007777367565680004
NASDAQNBI,5412,2.8429191013862516,0.00852897739039938,2.8416157132878745,0.008533723693371352,2.7830935911293473,0.008635115401585925,2.817168196528903,0.0085945026278095
NASDAQNDXL3,3447,1.9311118520093193,0.022094415158497607,1.9055904940787056,0.022231938160850322,1.8072453401571935,0.02247234026680169,1.8688983469776308,0.02248808048878906
NASDAQNDXT,5126,2.8009835384951782,0.009237363240448876,2.7919461138057162,0.00926376364810097,2.6978106359351828,0.009466785134222652,2.7548287202120942,0.009366480508455222
NASDAQNDXTMC,1081,2.757980248997576,0.009064877889381635,2.744450038390687,0.009117405870300403,2.6874644033482986,0.009222617601973425,2.718424325186978,0.009159118347445249
NASDAQNDXX,5126,3.1320165895574545,0.006776726213577169,3.1211081185410334,0.006806344345031015,3.0231777451445385,0.006991913745404143,3.0753113768469476,0.00691598932348838
NASDAQNFCFA,679,3.0004145188462705,0.006940100071829111,2.9814021816808176,0.006969263526567666,2.8907778211810222,0.00693928850099669,2.9571128873648442,0.007021200390435898
NASDAQNQCN35,1516,2.3585399589145033,0.01382911347862247,2.325873128102709,0.014001907052700113,2.288607430691698,0.013867568931984599,2.3091162307604836,0.01410895960914368
NASDAQNQEM,5544,3.194209002573967,0.006195622810651214,3.193510963368483,0.0062026706693986055,3.1078377870375964,0.006330205926607405,3.1615462829943275,0.006263536703205574
NASDAQNQEURO50,3614,3.169856292432774,0.006252194598958097,3.154685832853596,0.006280409473959759,3.098416315791206,0.006337761491812963,3.1249224563064155,0.006338359829028021
NASDAQNQGI,5544,3.411114508319023,0.005146004518616241,3.3969895742123275,0.005172350339262988,3.2807226151435076,0.005289638285697043,3.354441983082601,0.005253850823208648
NASDAQNQINTEL,1942,2.663669947159386,0.01009635943549078,2.6610283415318006,0.010099441587076865,2.5760896149685983,0.010198895825147443,2.627470449523934,0.010181577687879917
NASDAQNQMAREITT,2872,3.1367018240199434,0.007192466760317269,3.1254605565324454,0.007255320525619425,2.8273202964406563,0.007402450090371507,3.070215813070459,0.007507434248166129
NASDAQNQROBOUS,2008,2.666447314219699,0.01022182381716126,2.6603501661003617,0.010236274115210964,2.5678771574271657,0.010345411218852059,2.6226383775326685,0.010338688605431745
NASDAQNQUS500LCT,2640,3.2542795033790335,0.006046010760064321,3.21909493982634,0.00611030528012591,3.080212174466225,0.006182453578636646,3.1707861002167563,0.00620918650750265
NASDAQNQUSB201030,3862,3.1734803890013845,0.00611139508195624,3.1702261235595692,0.006124992724107737,3.121019419808232,0.006175242181827721,3.1436026529910372,0.006175501727419547
NASDAQNQUSB45,1515,3.3852577471425493,0.0047843302029302506,3.3846362648684867,0.0047818207061564606,3.341991224574221,0.00480323755569217,3.372054006945504,0.004792168079613363
NASDAQNQUSB451030,3862,3.0656476957903465,0.006801217513418026,3.0584277442969268,0.006828225884477915,2.9994275331033786,0.006840946030042473,3.04622596569661,0.0068533882493404304
NASDAQNQUSL10101015,3858,2.9070112224760014,0.008147081370636059,2.8918286408873874,0.008181477225455036,2.8295097012971833,0.008247666487932011,2.868611534126883,0.008232467875063274
NASDAQNQUSS,3872,3.0057146878293675,0.007366302416982048,3.0036125927962574,0.0073778040657417705,2.9131188416208813,0.007485527487860883,2.980226814981845,0.007439854890712519
NASDAQNSLITP,931,2.2555065920562183,0.014781242004119975,2.2556257563090227,0.014762700035457573,2.2230288220414876,0.014797321648120797,2.2507254674667103,0.014758497797024692
NASDAQNYGBIG,725,2.9075702566269137,0.00789185381210092,2.875435757708014,0.007949147607467191,2.7825703350247175,0.00798108360636272,2.834027902250813,0.008016463634510178
NASDAQOMRXMUNI,3931,5.730532563359405,0.0005204348183835625,5.714604430858996,0.0005222336191667312,5.5775929057392855,0.0005434880143110861,5.678528240566104,0.0005270216163448554
NASDAQOMXS30,4413,3.1303424014579178,0.006453260859144217,3.1264156110566197,0.0064669750792279304,3.0604705923847026,0.006571053194646091,3.093038599289971,0.006531852192247902
NASDAQQGLDI,3446,3.592143066411322,0.004040863876735299,3.562097321461804,0.00407516279501795,3.561153398953284,0.00408550911792835,3.572390035399174,0.004068593261534199
NASDAQQMI,5366,3.0222358711943316,0.007354345723277286,3.009457874147399,0.007386567283054475,2.942437618151818,0.0075035587745180595,2.9730588770003554,0.007470509765129971
NASDAQQSLVO,3368,2.978907193276922,0.007495271473483435,2.9510909214813434,0.0075500732187171425,2.942296927367633,0.007567018201333019,2.962827885838102,0.007547442375514648
NASDAQSOX,5289,2.6036536416670595,0.0111258211175051,2.5984291547020657,0.011159958644972698,2.4769558339940327,0.01133868515113209,2.5720899613718045,0.011228609478576868
NASDAQSRVRSCNR,2020,2.9844038332493965,0.007553625084661446,2.9792176643874497,0.007577426851207779,2.8729185791710403,0.007639934131336737,2.9417966813766987,0.0076794653703109745
NASDAQSRVRSCPR,2020,2.983711128339689,0.007558748092808271,2.9786421924342625,0.007582310178155623,2.8718473837683476,0.007645120663076315,2.942218777989272,0.007683513539982023
NASDAQTDEX,2309,0.8891450219140985,0.059804059932654384,0.8621430964578191,0.060586108165452755,0.8615619968661633,0.05963779064578387,0.8691402933881109,0.06013804782044124
NASDAQVOLI,2310,1.1354024500862911,0.0470332652668611,1.1149080323492861,0.0472909413968085,1.1031423609470266,0.04734385622308503,1.1061592076867846,0.047370417796309496
NASDAQVOLNDX,3897,3.148894634856321,0.006162381908245364,3.1312579891754577,0.006193119930951527,3.1372011494605587,0.006168422544316354,3.132013497598448,0.006189452051819227
NASDAQXAU,5207,2.3520746767960894,0.014052778129372445,2.3513593380022333,0.014120393365049565,2.1988676733904806,0.014208520417761569,2.3299922876994117,0.014204077088595429
NASDAQXCMP,5414,3.034815665122277,0.007378495342397,3.0176766513358038,0.007414253331926172,2.9189575482489847,0.007557089272275291,2.979895302334165,0.007514685761081847
NASDAQXNBI,5414,2.843543912219128,0.00852621199617751,2.8430020874500443,0.008529471109716746,2.785426674779038,0.008629410849482324,2.8176041760865,0.008591881286720157
NASDAQXND,1374,2.893266370733391,0.008137116280436774,2.8822390831015015,0.008168060334725684,2.8137005260430925,0.00828738070825707,2.856359426839892,0.008226271798112915
NASDAQXNDX,5414,3.011509245032512,0.0075116388054557014,2.9934032966063002,0.007548573228757469,2.9035256513359857,0.007683414031150345,2.9585992994957855,0.007639402831140502
NASDAQXNDXINR,1100,2.9979243608865103,0.007197135312965321,2.978591166323001,0.007251450803248443,2.8858105247449175,0.0073587881458086575,2.9478887250379437,0.0073018127817719115
NASDAQXOSX,3778,2.451717871362904,0.013053109168107186,2.456887661116435,0.013065504946737314,2.3278322395600397,0.013282762642488696,2.440894387519803,0.013138075040710876
NASDAQXSOX,4162,2.6315486892254225,0.010741937922036674,2.6257700984330494,0.010766802697891428,2.556931510109964,0.010894183951646031,2.6044503062018753,0.010836030407287447
NASDAQXXAU,3778,2.361028857528176,0.013739290586838543,2.361485493593943,0.013741692240691918,2.3130944410342766,0.013898952207960353,2.343777346926621,0.013804457955029669
NDFACBW027SBOG,1152,-4.895260558828034,18.874096640016624,-4.893533825546985,18.927447607000634,-4.93715837674763,18.828015636497465,-4.8945366163350466,18.92612284448302
NFCILEVERAGE,2896,4.199564114273919,0.0023176568482117348,4.184989389753938,0.002325915588172017,4.0388035839760095,0.002408614462705328,4.120806220284673,0.0023820302435897983
NFINCP,1331,1.898989326862105,0.021170891024900055,1.8821708070809224,0.021323744176323982,1.7641602090375088,0.021267682392680672,1.864027962983068,0.02148079641274165
NIKKEI225,5268,2.911368653364093,0.008115029104558339,2.8979206684266456,0.008153678382541243,2.837680322984029,0.008229629764436017,2.8714119235997684,0.00823005163519164
NYCCLAIMS,2106,1.5330132748197502,0.0325290502766955,1.4485269046997722,0.03339454069563393,1.3714902201427508,0.03428517337133026,1.4027657620811533,0.03392090210569277
NYICLAIMS,2106,0.07426340389983041,0.13691858898312043,0.034311765735129236,0.13815776685473508,0.08101970650760576,0.1349287287155395,0.08336986687088924,0.13574113045791358
OBFRVOL,2604,1.199394398405575,0.050145254625230645,0.9501797303772379,0.05634057106762205,1.1064450077916617,0.04948550737949238,1.1263369359169175,0.05002224200045326
OBMMIC15YF,2379,2.8558374627152734,0.008631545404499084,2.8466953350629653,0.00865606876190911,2.75003241316504,0.008757225953021853,2.823636831283007,0.008697245955726367
OBMMIC30YF,2379,3.410318251872358,0.004861125607575995,3.400047515017666,0.004888539810669066,3.3026536445497316,0.004900258191134918,3.3778497876292755,0.004926664783918952
OBMMIC30YFLVGT80FB700A719,2379,3.049239845991369,0.006830285454564518,3.0457977315727542,0.006850433837459276,2.98454546525173,0.0068607871162596,3.0258502845361654,0.00689115248377067
OBMMIC30YFLVGT80FB720A739,2379,3.1311280439369606,0.006334555176259208,3.130372940405352,0.006347461030737265,3.0610524842247746,0.006332598055266687,3.111829900742234,0.006380339530975002
OBMMIC30YFLVGT80FGE740,2379,3.3671450693969476,0.005067481982609875,3.364926658041413,0.0050848822792691995,3.263438687733155,0.005095250139842445,3.3457890546103752,0.005112348656847828
OBMMIC30YFLVGT80FLT680,2379,2.615271098639942,0.010612618526865989,2.6105572511642468,0.010676608832349816,2.5231013128858075,0.010631285361652247,2.60234761134769,0.010693068300862411
OBMMIC30YFLVLE80FB700A719,2379,2.8323468592290317,0.008498853780379392,2.8339067220039538,0.008496213057115143,2.7928919210024974,0.00854173948385003,2.8150786471168403,0.008533342640530465
OBMMIC30YFLVLE80FB720A739,2379,3.0165253265925807,0.0070477967546523764,3.0142585962121755,0.007052806923812768,2.9714010466252043,0.007072553369748643,2.9985206555223853,0.007074838989278952
OBMMIC30YFLVLE80FGE740,2379,3.3712862322247865,0.005005626421193369,3.3672639577245422,0.005022523082617124,3.286247636999442,0.005038645267446036,3.34587988548451,0.0050491392547408675
OBMMIC30YFLVLE80FLT680,2379,2.827393051245605,0.008473842487913573,2.8264575393489904,0.00849077350256154,2.799616977327019,0.008463600521437015,2.8146256512906707,0.008513895426090294
OBMMIC30YFNA,2379,3.1432102364795758,0.006266056000736651,3.1370941001269865,0.006283054537479381,3.104261873567025,0.006310200397460025,3.1204878454576312,0.006312395503713987
OBMMIFHA30YF,2379,3.2818735960486007,0.005506546793669516,3.2791595201717376,0.00552814375860052,3.167770829436566,0.005509418386586829,3.2640921654828623,0.0055576795728109005
OBMMIJUMBO30YF,2379,2.766103071695923,0.009116988173224592,2.768962648711604,0.009111431821385083,2.7265219131387,0.009196852603427457,2.7558710837280747,0.0091446604060981
OBMMIUSDA30YF,2379,2.947392290285377,0.007537243504932601,2.952167238028263,0.007530993378281586,2.9006621560216335,0.007549062565299626,2.9422363369549402,0.007545952785757031
OBMMIVA30YF,2379,2.952864522089195,0.007594274902717304,2.9465699228010522,0.007631608172741074,2.857452046796602,0.007610298819592787,2.9348254516319416,0.007650018197706009
ODSACBW027SBOG,887,4.334154374832171,0.001886198672549232,4.342699101421885,0.001891664526402096,4.287067088191421,0.0019086288687131846,4.324516799256118,0.0018953912526726603
OKICLAIMS,2102,0.10064463808410114,0.13373039930706115,0.06722114772432235,0.13506883639542033,0.038381007851703744,0.1354974315206525,0.06208558836445396,0.13531609061329866
OMBACBW027SBOG,887,3.4990513047558855,0.004339563562877822,3.4794179361119624,0.004366054353249885,3.4592819649092736,0.00439327455249343,3.460161685018913,0.004390363388243859
OVXCLS,4825,1.5868318499852587,0.03038353639077995,1.5586105221681463,0.030738842839973905,1.4867156857650918,0.030577072861548853,1.541057172258199,0.0309522567478385
PAICLAIMS,2106,0.3848422803551985,0.09745688887208045,0.352369021359248,0.09872762023931933,0.3093632673133363,0.09662140476341437,0.399483189329984,0.09690454126834165
PAYEMS,1049,5.032636810918044,0.0013506372977878346,4.894112510442275,0.0015352684239668425,3.869313483770557,0.0013861958964179334,4.75854972806203,0.001450873476983509
PAYNSA,1049,4.575980778238533,0.0019340622776048263,4.469314217165421,0.0021542112245333664,4.208758678848066,0.0020952205665311563,4.3855980576856695,0.002099075483493601
PCE,808,3.789132805077068,0.0037855933199210682,3.7643470549193023,0.004190777027003634,3.298204098532856,0.003774148511005271,3.7718355345509234,0.004006588693129081
PCEDG,808,2.3859943279402858,0.01376978719761737,2.355499745637511,0.01417602153355701,2.2076611901631353,0.014182733423159349,2.294301287870442,0.014233942717809926
PCEPI,808,4.979258550037191,0.0009766972957050062,4.975664038231307,0.0009776514337029286,4.96793799184666,0.0009714572796172688,4.964803865287294,0.0009813440336248072
PCEPILFE,808,5.479951310765622,0.0005921315059867928,5.47474631262127,0.0005939256420653966,5.4546162554503725,0.0005958085950278924,5.447191390754426,0.0005965929562999516
PCES,808,4.236101475421228,0.0025283906180560327,4.1809951926075675,0.00275604022244452,3.0350413936437657,0.0024584541659998346,4.221441671098404,0.002639899127069421
PCU325211325211,600,2.522252663063479,0.011459024040233131,2.528544006559031,0.01142921718914091,2.4151276294809376,0.011547522572496484,2.5166205638904273,0.011531186694379714
PCU335311335311,713,3.687981673665734,0.004500875128055941,3.6445159934858946,0.004576413989623626,3.595621619636152,0.004533589616146701,3.603532572094928,0.004604630126595984
PERMIT,796,1.5741800787619298,0.029570600117890523,1.5684988695664306,0.02963367947357892,1.512089915121787,0.030141597700072336,1.5300937421367784,0.03002306771581491
PERMIT1,796,1.8223549914165251,0.023396849774118683,1.7922466660685925,0.02370545302494018,1.7441496549546465,0.02418945009930115,1.7398626823377876,0.024134941124860605
PI,808,3.8756210076134,0.004009193714019932,3.6535669585270716,0.004701935632403391,2.8366761010407995,0.00386189971994817,3.6703981318961434,0.004533194230242368
PMSAVE,808,0.6990289035428646,0.07600215402802886,0.5605395051521903,0.08031225705651446,0.2685640437426842,0.07667860969289954,0.5615763688138727,0.0803438611327861
POPTHM,808,8.35092764527232,3.400958724380332e-05,8.3624150940672,3.399164087434149e-05,8.27887199510294,3.4500280146473895e-05,8.29676488002968,3.44718049611999e-05
PSAVERT,808,0.8773897924393671,0.0718281280401977,0.7598142712034601,0.07442083916477368,0.41811565112474897,0.07243786028115712,0.747508995717553,0.0743031646094422
RECPROUSM156N,707,-2.1918684984152823,9.968323341382748,-2.4450032327825304,12.058650236183523,-2.2292385668477643,10.525312026862514,-2.2883223588347605,10.95982045964014
RESBALNSW,2383,3.2812690556661566,0.03107390990021737,3.3004499117775454,0.031398799560541986,2.7625403372220414,0.03092387166097729,3.207767489027215,0.030873551387807296
RESPPALGUOXCH1NWW,1229,-9.461357002160629,5587.844360631245,-9.547185955675745,5880.442443251637,-10.413337044287106,5950.731252715318,-9.734384668483331,6074.644567713914
RESPPANWW,1229,3.8796374233724706,0.004349532401706105,3.798611878718149,0.004484422017043032,3.3408748156879007,0.00506114995665651,3.489550278666924,0.005001753117812814
RESPPMLLDONWW,1229,-0.12538539257695736,0.33284102720021214,-0.248039627873285,0.3384306484328729,-0.9620957298384231,0.38953740401004616,-0.540393439135662,0.3599628272068565
RESPPNTEPPNWW,1229,4.4187151636336175,0.0031973742051611075,4.318512449176075,0.00357857501946875,3.6340088655044243,0.0038018692607847573,3.981537007498209,0.004150473142037081
REVOLSL,700,3.6370851918301437,0.003598865112608112,3.650544645939754,0.0036107058512485244,3.307676499484149,0.004392310729289051,3.3076796600522367,0.004392316052793511
RIFSPPFAAD30NB,4057,1.8199335059557689,0.08189955226406177,1.7635910856620003,0.08256693097065872,0.9266620910947534,0.08787531908361873,1.5838793796077717,0.08457003843539188
RIFSPPFAAD60NB,3759,1.9109053446610547,0.06889406332149334,1.8550475909041708,0.06983460355260489,1.0436354150358897,0.07251713199363675,1.7519682344787273,0.07097131443640627
RIFSPPFAAD90NB,4715,1.8834067021000886,0.06277775867143043,1.8513893816076092,0.06337871630813648,1.0911325722125644,0.06666081605047397,1.7184437429947423,0.06433891000034157
RIFSPPNA2P2D07NB,5370,2.5687044023473184,0.03312715739621617,2.5327524018919854,0.03326695520624343,1.8368345526100966,0.03555419218284052,2.404917614482219,0.03373182358964621
RIFSPPNA2P2D30NB,5357,2.3917937811358407,0.03654051859860119,2.375036002176477,0.03674434234334133,1.5915737069064348,0.03948404862586605,2.2476846446409606,0.037359464700240826
RIFSPPNA2P2D90NB,3345,1.465364761929735,0.05901957892312021,1.4370314171962506,0.05936394768815367,0.754848618561089,0.06382578832847548,1.310300288424695,0.06088940822202482
RIMLPBAARNB,2948,3.3246227506987687,0.00555852035864031,3.3316360916445595,0.005549963492247286,3.2892959956279686,0.005598075191517137,3.321375038194331,0.005564902646752683
RREP15,1229,1.0758932602202271,0.05546897600748436,0.9797126826880441,0.057302411316902405,0.8493455331673417,0.05687066443768983,0.9573690127500474,0.05750268640390691
RREPT,808,0.9023306833190708,0.06411207421627836,0.8429047354553463,0.06548747830291303,0.5986504557365608,0.06573908114409391,0.8529045062162799,0.06510396859259732
RRPONTSYD,3270,-4.224037427732849,16.22014671139996,-4.398178476588066,17.000323745342467,-4.585571740096166,16.99416644842009,-4.480629902388544,17.001080172818106
RRPONTSYSAD,3275,-4.238607289907931,16.37323122995642,-4.4132857149582625,17.165220364849926,-4.592665225069491,17.12399269071001,-4.473407418385708,17.03724763129894
RRPONTTLD,3272,-4.22373373759557,16.21206763977145,-4.398207849504173,16.99463652364577,-4.5843830160871475,16.984644460939702,-4.479338755244238,16.990668391498215
RRPTSYD,3294,-4.223273990042211,16.353387585839116,-4.406897658968443,17.15279922338616,-4.594664527346683,17.110791940499013,-4.485093452850861,17.13328896631344
RRPTTLD,3299,-4.223790555956279,16.341654406683674,-4.407616951009511,17.14489274074541,-4.594210027004185,17.09562980567935,-4.484863039975252,17.115452616943728
RVXCLS,5412,1.4686065471714502,0.0331405851605465,1.4612536409620112,0.033250606377825793,1.4401941674784249,0.03319403443463321,1.4452752810144232,0.03333965502969954
SAVINGS,2364,4.088920587393948,0.0032951629566734587,3.804727907336154,0.003682734765836757,-6.029211651273089,0.003597831665186692,3.514045226719807,0.0036397974195025483
SBCACBW027SBOG,2791,3.9929179054741755,0.0027279527500426756,3.990348700790769,0.0027425260717041508,3.9106490382964,0.0027694282550066902,3.970772070058322,0.0027572610195391333
SOFR180DAYAVG,1941,4.975887501528325,0.0033930520377247636,4.87927215544165,0.0035233625079065076,3.677270316289645,0.004002874972522459,4.396669414693071,0.003879978552774725
SOFRINDEX,2068,8.997750587227479,4.1942062931533e-05,8.90332465534534,4.204370885827511e-05,8.42651185885833,4.387811059588761e-05,8.629533274698316,4.1901421123036986e-05
SOFRVOL,2066,1.97962572962025,0.02047219989203536,1.9716771077089372,0.020512073735285307,1.948532763118324,0.020559337218694563,1.9692105578815957,0.020422203474454788
SP500,2511,3.2133737643925593,0.006168992272145505,3.1866823731434946,0.006239340367027173,3.0331416366108437,0.00629060632063117,3.13823038310315,0.006349992234820773
STICKCPIM157SFRBATL,712,1.222721053480339,0.04354551162711872,1.2119046436929677,0.043801987262680725,0.9555527051368953,0.0493034171208833,1.018169280198979,0.04751914370656989
STLFSI,1367,1.2425082595282098,0.04675833823357246,1.1950759444227814,0.047921076273470704,0.9996491913438975,0.04792033831151673,1.1180834175362984,0.04973209648808881
STLFSI2,1462,0.0714717290909191,0.1487728542374311,0.01113131088905548,0.15271244260401973,-0.1289977004390737,0.15198518497669128,-0.04915493806161329,0.15652353148760464
STLFSI3,1504,-0.16609871090982153,0.17910200319819275,-0.19320749201217471,0.18071399479869488,-0.2868216386833923,0.1820720022421003,-0.24549653813866265,0.18382966781872323
STLFSI4,1697,0.13703057529108045,0.1382699423469579,0.0767060194295443,0.14203429208720708,-0.06007161952541852,0.14076954086252422,0.030555551163064756,0.1450035557588883
T10Y2YM,600,0.597707452816507,0.07769429186818844,0.58013922784844,0.0780687723315959,0.5760958244360662,0.07881395100664182,0.5760926290639491,0.07887461018390221
T10Y3M,5386,1.730277667715017,0.03538439953047724,1.7376388909230205,0.03534850617717761,1.591168298371523,0.03573698317363017,1.7127049711419222,0.03548320555586592
T10YFF,5385,1.5949019276400325,0.04109835116128495,1.582912464691758,0.041464558639119756,1.423651030834266,0.04146313173182757,1.5458029104653166,0.04176308634156377
T10YIE,5386,3.2407697239025026,0.012582854185202493,3.231642024841808,0.013137804807873939,2.126473125723919,0.013166453193241327,3.1389647249254646,0.014148671714132408
T5YFF,5385,1.700758493960934,0.04083168364716567,1.682355137557581,0.04117684415140917,1.49155865083951,0.04133225949883556,1.634926850034474,0.04153400622904362
T5YIFR,5386,2.9161818380839355,0.011287109583135358,2.91771207257684,0.011419846704602762,2.4470939330964216,0.011465958173640973,2.8689417264863897,0.011677982621803503
TASACBW027SBOG,2791,3.751796169405285,0.0034950816877494383,3.7506016015748167,0.0035178249538102926,3.640452590556828,0.003598175572077743,3.7277619556591373,0.0035447347802184566
TCU,712,3.5595719333345013,0.004365887462225817,3.520846257118051,0.004558409208474088,3.1891271246086053,0.004388472984119902,3.5206095690748715,0.0045362606415971255
TGCRVOLUME,2067,2.658043768694279,0.010101539166392115,2.651620271649517,0.010127694545466156,2.6491323562533955,0.01009837375971927,2.65584572607542,0.010098966812894333
THREEFF1,5383,1.9632835579676282,0.022161862581642516,1.9593120160989312,0.022199395961803512,1.8292214462748086,0.022949127255489834,1.9303774242306122,0.022374119619829394
THREEFF10,5383,3.2073105060758187,0.006074069448125177,3.209620144729532,0.006076492420685961,3.11273587549085,0.006173479299090774,3.190082028021355,0.006115371613922466
THREEFF2,5383,2.2649444589685586,0.017323281689270553,2.2696495705986397,0.01733976037303293,2.0473932677268514,0.01812537856418498,2.2378129035467627,0.017516274821131373
THREEFF3,5383,2.4363142022525976,0.014143012760203683,2.4394090576670338,0.014163658242558932,2.227562246277821,0.014664567366890837,2.4120400200236833,0.014334276954417044
THREEFF5,5383,2.731612372468798,0.010214961220041523,2.7334783066411883,0.010224015902122883,2.5613712493528262,0.010476487988438121,2.708746315784292,0.010339059764061385
THREEFF7,5383,2.956739476595872,0.007960034937129757,2.9591086844823686,0.007964812080558513,2.826850166802333,0.008121343440410595,2.936880688730093,0.00803328344598539
THREEFFTP1,5383,2.900074009679493,0.008361704226915678,2.899913830226092,0.008364327444354154,2.8110504662681883,0.008569669406631893,2.8799135232546296,0.008409733564834675
THREEFFTP10,5383,2.2243857966505804,0.015986300064765743,2.226815976683332,0.015983838596331436,2.160130039952393,0.01622854387470685,2.2124166259449214,0.016046045422821804
THREEFFTP5,5383,2.3859150469494543,0.013709617761183526,2.387425547594005,0.013708636201000149,2.3171337987562177,0.01396191060287968,2.3717957241397247,0.013769400973600594
THREEFY1,5383,2.438554680935064,0.014454293055320208,2.428066243392954,0.014525329566366447,2.2580380322450138,0.015155101598760731,2.38801200582315,0.014731634107137723
THREEFY10,5383,2.8186163822800823,0.009179814185875539,2.8207778719177425,0.009186624149355007,2.6854561028826667,0.009379330196238529,2.7987662248895857,0.009267899340673501
THREEFY2,5383,2.2545689337224735,0.02043558667378621,2.255275888171794,0.02045536796218505,1.8846389081199824,0.02194264201908678,2.2093605888694796,0.020722175847474364
THREEFY3,5383,2.3426495591943555,0.01664783320764939,2.3473771989891676,0.016662770661156876,2.0927503158762057,0.01753985938352733,2.3122375800870376,0.016827042629226203
THREEFY4,5383,2.4262827453390448,0.014654258644948914,2.4308864725411317,0.014670075525775855,2.2151202232643312,0.015302998063069404,2.3998801735876807,0.014817331827807863
THREEFY5,5383,2.503500777471865,0.013249119954206731,2.5081444174129213,0.013263653439000446,2.3135130529744194,0.013755597257067317,2.4799701188814183,0.013396885322248496
THREEFY6,5383,2.576795773191345,0.012123339181369982,2.580217864750324,0.012134936579857042,2.4045693779905144,0.012522133257895512,2.5545661867189953,0.012256993838940657
THREEFY7,5383,2.6447980691758994,0.01119167397356706,2.647600455740227,0.011201390487760815,2.4840619199992875,0.011513999915607595,2.6235742937222386,0.011310792743829642
THREEFY8,5383,2.7078033761258666,0.01041120381095171,2.7099373744543693,0.01041901289126356,2.555714171993833,0.010677591008020494,2.6866365381509407,0.010518247669262556
THREEFY9,5383,2.7653428655606294,0.009747945659999776,2.767462285168624,0.009755723149366525,2.6231146566271675,0.009978791462037622,2.7447801180893467,0.009845990371112149
THREEFYTP1,5383,3.448431819876632,0.004821957861613824,3.448218215659126,0.004823705867065242,3.3595280585281406,0.004939922780730558,3.4277545419500632,0.0048496797977725815
THREEFYTP10,5383,2.4604629315138933,0.012717176487365369,2.4617624701587464,0.012716167196816787,2.3921001672739197,0.012945889084590904,2.446726737356844,0.012773896985474476
THREEFYTP2,5383,3.005129222042462,0.0075215533026229495,3.004886428883833,0.007524262608878983,2.9164089446318173,0.007707021338125681,2.9845707738152507,0.007565127355551615
THREEFYTP3,5383,2.8142905962579894,0.009094388370222363,2.814114911000711,0.00909774531056887,2.72643975411016,0.009315487704793601,2.7942367368704932,0.009147336996035683
THREEFYTP5,5383,2.6411030344241686,0.01074597753085721,2.6417318958466374,0.010747991685167595,2.55851348877336,0.010985805416840603,2.623220336209472,0.010802471356328353
TLAACBW027NBOG,2791,3.598900007250043,0.004060501080568822,3.6014563172741108,0.004059637222948546,3.5189032007629506,0.004183241221140143,3.598173766987895,0.004060598605274101
TLAACBW027SBOG,2791,4.023426273813411,0.0025856837160228145,4.018348874487236,0.002598989082192138,3.9469893104305642,0.002631466690203663,4.010775160433974,0.0026016009745486123
TLALCBW027SBOG,2152,3.9120643128345804,0.0029325240946494083,3.9118282122714114,0.0029602517674118312,3.810245123983968,0.002991643508234477,3.8896468994233238,0.002971422015238467
TLBACBW027NBOG,2791,3.493777622689815,0.004489286820065843,3.496432854166137,0.004489793625402144,3.412414076702078,0.004629632551190003,3.4933817631888875,0.004490139260053423
TLBACBW027SBOG,2791,3.931942350496061,0.0028470032344611656,3.925903677095984,0.00286502241905684,3.8154638531027487,0.0029818524413203393,3.90397961334102,0.002882050837010018
TMBACBW027NBOG,887,3.9155956871893816,0.0029042686562455395,3.9066988806314438,0.002910936813675228,3.8365478997863582,0.0029696874780263975,3.8662971112740308,0.002940152532110723
TMBACBW027SBOG,887,4.171253710556957,0.0022118300311012792,4.166891279943396,0.002227785048178844,4.097418160958485,0.002273246530458571,4.119643075683932,0.0022507620501039773
TNMACBW027SBOG,887,3.557949532319285,0.004139970467768325,3.54221064801504,0.004162483191674581,3.4526600448738027,0.00426819559193207,3.496995769654424,0.00421313476672832
TOTALSA,605,1.5403377616612812,0.032078616939114034,1.4163809731249029,0.03362198715565839,1.444473442368034,0.032916258419347505,1.4433697946511015,0.03354212288719798
TOTALSL,1000,4.258985349059505,0.002080632763567952,4.166094410422716,0.002187377013440863,4.175310930444411,0.002155910596704759,4.179982830226754,0.002169459541691625
TOTALSLAR,999,-2.739651534889869,2.1998932655938828,-2.76582212542543,2.2221025697369443,-2.8365442563813112,2.2967619230582774,-2.8052420431700726,2.2638864316090266
TOTBKCR,2791,4.770705082563898,0.0012491850953057608,4.749495675229632,0.0012798264098484282,4.633002826112997,0.0012705155487463923,4.733169606630556,0.0012805092442473018
TOTBKCRNSA,2791,4.407306479535268,0.0017362355698078685,4.417006570824261,0.001753764918540206,4.348441558271315,0.0017512112204374586,4.4091008503550615,0.0017523732387079148
TOTCI,2791,4.297115469159662,0.001960725580205318,4.283219099892649,0.0019950441418264556,4.137770339080565,0.001966649128451305,4.280926669637439,0.001999550910708273
TOTCINSA,2791,3.920991723915224,0.002755163267751124,3.9401348259696993,0.002772941669903948,3.86864304266838,0.0027476263751827117,3.944355752986627,0.0027674360584093822
TOTLL,2791,4.757732289034511,0.0012571702696650465,4.744671263809968,0.0013026311795225239,4.555362881782674,0.0012737643596930346,4.732581483463016,0.0012870271726011897
TOTLLNSA,2791,4.340041271786703,0.0018429415567829445,4.346496828546102,0.0018695964760479997,4.255557593885352,0.0018528262301288037,4.352512274359571,0.0018584218894682765
TOTRA,5395,2.8077077348558728,0.009620568529176884,2.8043837105905274,0.009672336599762823,2.652966314048092,0.010018863060091197,2.7495365049869114,0.009790799993977145
TOTRESNS,808,1.91338999824284,0.027706190142908226,1.731123137766314,0.03129253814475736,0.34327586776189734,0.028163128069083568,1.7369537318550048,0.031760886374423106
TREAS10Y,1229,4.2188419514673345,0.002968019536214601,3.864427865287139,0.003367223180420265,3.9158204617939973,0.0032536732241955826,3.919942666856171,0.003246989200879037
TREAS1590,1229,0.9839336222738843,0.15945715368969288,0.9077546446069484,0.16392080110368928,-0.17959525966486048,0.1685804663806387,0.7518862212225611,0.16825021186547487
TREAS1T5,1229,3.2139948232819378,0.006428692730602575,3.0731520153869574,0.0067697674389211445,3.086458770713628,0.00658847302403486,3.1431904277650973,0.0066208055524940935
TREAS5T10,1229,2.9294258085890132,0.008621778402401841,2.7369965416808006,0.009548467022475322,2.9611691193217293,0.008447207665737883,2.968005005014818,0.008451397600323112
TREAS911Y,1229,2.5920851061837142,0.04465112973874702,2.4684759527221694,0.04647057838352879,0.9426358608649484,0.050974671159537153,2.167486856878701,0.05035907552823874
TREAST,1229,4.704072274872461,0.002140928392268258,4.504652652381815,0.002345379252988881,4.155337396452167,0.0022489883759535013,4.199839876052621,0.002450917665087255
TRFVOLUSM227NFWA,676,2.591016325807061,0.013067760815122696,2.502701415431338,0.013673528328891946,2.4372306348259842,0.013449606169085821,2.465684872725727,0.013510514596160176
TTLHHM156N,844,4.589085823908739,0.0014199773575927484,4.551791525326798,0.0014588015245031573,4.495281190598825,0.0014484984746828131,4.536092979750861,0.0014571315794208333
TXICLAIMS,2106,0.49190635161834845,0.09217121120239334,0.4033693121752609,0.09513907257068582,0.4096018669460728,0.09202176604080337,0.42760532622592756,0.09400174356539749
UEMP15OV,940,1.538521172856276,0.03207718022849632,1.5331650233275813,0.03219913038917428,1.3912995506806765,0.032868705665680155,1.5203676534788249,0.03224911091807538
UEMP15T26,940,1.0972584099702543,0.04940581379005382,1.0916005825923332,0.049832380307176724,0.9470716720668911,0.05006334150810871,1.0980445917300723,0.049622342528044906
UEMP27OV,940,1.339054197087945,0.0382223581939002,1.336057687837967,0.03826741915872935,1.21327944922607,0.04019939511902103,1.2761381387944861,0.03895002356159967
UEMP5TO14,940,1.4119059216932945,0.038103629721011834,1.4076258543252258,0.039028123985438555,0.9701025646187683,0.0390252842670811,1.399246938322486,0.038628934606995444
UEMPLT5,940,1.4500103873411998,0.04081229258905987,1.4279920294957622,0.043131841210364466,0.8359973843681565,0.03970182912434486,1.4297718582867267,0.04135306747622682
UEMPMEAN,940,1.8451057530625425,0.02602602656580889,1.8465046099876785,0.026334353084512194,1.449911777992109,0.02593436846050173,1.848762878393453,0.026004593322063962
UMCSENT,672,1.5589557826795277,0.030494206392193964,1.5524087772941053,0.030525541250267484,1.5077433592878673,0.03096503923119741,1.5166412835855403,0.030857649936930062
UNDCONTSA,676,3.2266944396225674,0.005574143994169019,3.228173685065048,0.005566710466096279,3.1739401984611493,0.00569022301828508,3.2141889690168615,0.005598177925111485
UNEMPLOY,940,1.9989318930558233,0.02275214454874783,1.9874288643194364,0.024328156311562488,1.3034440482930647,0.022459472207566795,2.0047835856323415,0.023484460349017595
UNRATENSA,940,1.8425561466797145,0.0276080079744074,1.8249547514072957,0.02838849074160831,1.6322238275780747,0.028424214756307537,1.8126114063653462,0.028105320715679668
USACSCICP02STSAM,796,1.5637807931370917,0.02974339983879222,1.5588203409139705,0.029792851400020328,1.4604538180444497,0.030331694583911255,1.5434229402634998,0.029987361764225517
USALOLITOAASTSAM,856,5.840710275046017,0.0006424950386059293,5.774597325505284,0.0007612305005814221,5.529708169227661,0.0005554784419348919,5.925960227925033,0.000597656985496412
USALOLITONOSTSAM,828,5.984913896252006,0.0005816018192365263,5.965936228348937,0.0006521466582557987,5.610535236335564,0.0005124321489115926,6.031914418704178,0.0005527359277573723
USCONS,1049,3.635733098226054,0.0042029640929186155,3.513887107308552,0.0044557713804452784,3.3549889779247066,0.004633144407508093,3.4700958698353257,0.004493393416555572
USEPUINDXD,7864,-0.6904829383234752,0.28681200728796247,-0.6889546215699686,0.28682906804439856,-0.7130622035063364,0.28833971418237614,-0.6898617525590323,0.2869787132613333
USGOVT,1049,4.746036385699778,0.001358496298738211,4.609106677098399,0.0014443942394075581,4.517741786211715,0.0014759647470558308,4.549383838450596,0.0014838828093735631
USPRIV,1049,4.9400495822796815,0.001531001983429075,4.784450839423902,0.0017681314369258074,3.7121114314998565,0.0015797958694156293,4.617277993600391,0.0016794196328260035
VAICLAIMS,2106,-8.610913760126994,1049.8277917404425,-8.807648958016904,1167.469495592323,-9.217578364219579,1068.4223495063602,-8.722320109877419,1109.1332671351527
VIXCLS,5446,1.2335191186658916,0.04228543046503675,1.2122000550719383,0.04258419379359698,1.1989314955669714,0.042376311554043915,1.1977783795714494,0.04272850257569423
VXAPLCLS,4053,1.388592387471103,0.03602758776404624,1.348256856426688,0.03664518192367885,1.372195966224239,0.036251882460592445,1.3668245876363792,0.03644092705258535
VXAZNCLS,4053,1.4387198779914878,0.03529919635228394,1.3520417740107382,0.036780958554783805,1.3644673271307375,0.03530721420715376,1.4074112796598754,0.03579689180489748
VXDCLS,5417,1.2329431264512865,0.043343086070104224,1.189157742917414,0.04419116021253273,1.1583886695829262,0.04324222395886022,1.1860717758879897,0.043970741060580326
VXEEMCLS,3853,1.2929642878039824,0.04065970012294257,1.2658175630877289,0.04120055293990069,1.1986544345400028,0.04075052265086758,1.2489827874128225,0.04132705895535278
VXEWZCLS,3853,1.6600451801721137,0.027784430284768562,1.6279603146650028,0.02810253523618989,1.6153826788327128,0.02791607845011201,1.6177945661809727,0.028154555122757573
VXFXICLS,2747,1.5476503223283329,0.03221992123873795,1.5241143741934347,0.03258365478985529,1.4459319181280128,0.032472547384043975,1.5006356114499306,0.032805053557541416
VXGOGCLS,4053,1.3482597460749195,0.038191849705773925,1.2868762581773787,0.03927065827309155,1.2895953508853235,0.0384421784827482,1.3064676302091878,0.03882118380123835
VXGSCLS,4053,1.457534325174526,0.03425309893715251,1.430452097171082,0.03454238764152645,1.416321135121104,0.03461575829103231,1.4073327675291722,0.0347669948721123
VXIBMCLS,4053,1.422016811990321,0.037035744407124475,1.3381927292474274,0.03832460393728928,1.3682384832651144,0.03727358454820565,1.3722354529860021,0.03782389361549995
VXNCLS,5416,1.3926921466323,0.03588272833537702,1.3797184461689027,0.03602077968448252,1.361409935291013,0.03596780393501338,1.3675431697735545,0.036116800071052974
VXOCLS,4210,1.0809297304321863,0.048785971811660285,1.0683298405339492,0.04896300283043013,1.04988174617545,0.04890392589757513,1.0532335719172872,0.04914383119196811
VXSLVCLS,2747,1.7890907584737552,0.027472803926154095,1.7522259994936829,0.02778605500211183,1.7051519038945806,0.027539189085635896,1.7368325903103141,0.027855217133093007
VXTYN,3865,1.6508203179925751,0.02748565196871272,1.6483968183667554,0.0275432381104357,1.6125191378733845,0.02748495247335552,1.644513415307743,0.02752708564163724
VXVCLS,4679,1.7259080207016704,0.026315768929017623,1.694584815377873,0.026603357321522962,1.670311684455102,0.026498747594728658,1.671357994898987,0.026750964319300578
VXXLECLS,2747,1.4894593370257265,0.032369552601057144,1.4769732112474803,0.03249667139506506,1.470813549167496,0.032482436080789025,1.4611098211236855,0.03262381791768449
WAAA,3364,3.0316054860301804,0.008115891011956916,3.0310964131777127,0.008127025896861957,2.7300891061183923,0.008491169514695461,3.0047691700378083,0.008168111490586624
WACL,1229,3.4112994370996286,0.004669217658984679,3.4117370684817088,0.004668666825241603,3.2296259206091036,0.005129322990961591,3.3598100522705754,0.004782556301968969
WALCL,1229,3.876990744178089,0.004351916763393674,3.800840998451259,0.004484372354346004,3.3414485284012043,0.005058277907232272,3.4907382192778744,0.004999915387718824
WBAA,3364,3.266389700065805,0.006451766915226289,3.2679090568411926,0.006464562403311652,3.0055334167784027,0.006709408447611107,3.2560614524556635,0.006471931357608335
WBUSAPPWNSAUS,1067,0.31342277143490893,0.11563805280530226,0.09034225252388846,0.1279404539754536,0.22777116177656165,0.11445349969530899,0.2853241276590109,0.11572202635115679
WCPF3M,1517,2.0617427736981795,0.0520877780905019,1.880993607684801,0.055072594308822116,0.6709447524343392,0.05415421886720525,1.711604330063443,0.05480470506445206
WCTCL,1229,4.745678361264848,0.0031046848628439945,4.17071255546755,0.003842043251358739,4.014128699055288,0.003798145384731752,4.426386913861337,0.0037794336357898288
WDDNS,2682,1.7325177911414846,0.030641399125721384,1.7331193961388223,0.030662697839603997,1.5001865645139056,0.032395894733587165,1.7067590744095271,0.0308535196180091
WDFOA,1229,1.9750376768374116,0.08420321665553798,1.616151507241306,0.09552503173076056,1.1597796965871874,0.09813909607852513,1.1990089916495545,0.10082034988091498
WDFUELUSGULF,1047,1.8140477163685498,0.02434550192829836,1.8115750367952388,0.024396784953384584,1.7333425136993281,0.02483957010550451,1.7703700195645882,0.024639822451417392
WDTGAL,1229,-0.18593875192478587,0.21845967994360305,-0.2647192038215496,0.22189099344058819,-0.4408058547952633,0.23829699708093022,-0.36720009103933177,0.2302858021577696
WFII10,1227,1.0925868136074643,0.05070703210878088,1.0856534422292696,0.05076695970228237,1.0276398307578787,0.0508183869773363,1.0545744840545521,0.05083269545678256
WFII20,1145,1.204832929133686,0.04528990154166654,1.1997620188588853,0.04538956053268678,1.1657854372063405,0.04523928213389063,1.1912763942544653,0.045294284459601965
WFII30,854,1.3816658292988417,0.041507525528690824,1.3660288200996444,0.04166347109760101,1.2949067835441745,0.04150889476497983,1.3699509165359116,0.04145273958419107
WFII5,1227,0.9478560517503067,0.060529179764109584,0.9284321814586332,0.06098337498650398,0.7050099896115118,0.059332007874412215,0.9026582795529301,0.06027905388387519
WGS10YR,3366,2.436781944344373,0.014070923811339979,2.4366039299094195,0.014082505760714325,2.255008391061392,0.014609999963282303,2.4022098342309017,0.014228146812490019
WGS1YR,3366,2.2672650170395223,0.022420414201032978,2.219215142654445,0.022735077397512883,1.9417246295678603,0.0237999113858627,2.119891262611653,0.023473129442858322
WGS20YR,3015,2.5503654396849624,0.012304826371821632,2.5503026097929795,0.012319576842975542,2.354318666999939,0.012759777462650897,2.514815135035504,0.012415666844728187
WGS2YR,2614,2.0455108596233074,0.024390502737418537,2.018204062588387,0.024566733765170507,1.748367775555029,0.025974296503035437,1.943583626557407,0.025213027154247294
WGS30YR,2577,2.534306967295405,0.012129381779143586,2.5416392257460485,0.012112116404993769,2.4247792309272285,0.012378531093086429,2.5185177810299875,0.012192351764588234
WGS3YR,3366,2.136594001534877,0.021018139982161038,2.1168330801163564,0.021112230240623427,1.8483577880910944,0.022253109069844294,2.059370902646641,0.021516794128441052
WGS5YR,3366,2.2299286608860283,0.01812854288225944,2.218473572486434,0.018184792401186246,2.007802527548063,0.019042866183893725,2.1762515038508976,0.018459706677582798
WGS6MO,2340,2.3405943781534813,0.03327908008501194,2.234175830979764,0.034076816754049846,1.7128032655769505,0.03628797876899629,2.084246628711799,0.0352533527844721
WGS7YR,2975,2.261709338353938,0.01701968947938805,2.2610273921187156,0.01703596496001931,2.087949513971033,0.017554536780053927,2.218927695219833,0.017243114229056774
WIMFSL,2139,3.20868452419096,0.006061804931167915,3.202098648688413,0.006086428748702914,3.101849472719983,0.006273856171679646,3.1801135517035966,0.006136482246949362
WJFUELUSGULF,1892,1.7121707250852118,0.02627447040795473,1.7153777892895894,0.026309502869186357,1.6679171002811173,0.026602841624992834,1.6824627703466288,0.02649682339027307
WLAD,1229,-8.647036055917885,920.1754711264441,-8.715524988436728,978.280673199866,-10.846589655035519,951.685876258741,-8.836228252570915,972.9230473904173
WLCFLL,1229,-8.038600115888984,2289.0029382705216,-8.865786555089606,3071.385678339841,-10.023340417011598,2674.877968948634,-9.379242559136143,2853.345882021443
WLCFLPCL,1229,-7.420637366238525,1147.0639415549142,-8.0807604066958,1519.2792221589336,-10.068717786232412,1202.3962510891831,-8.347454773019365,1250.9384797492366
WLDLCL,1229,2.4001850991986595,0.017572193446852527,2.237803395096425,0.019979841054865055,1.5029883841054288,0.02964456001862085,1.8252579824939819,0.02647208942802085
WLEMUINDXD,7864,-1.3297899479810165,0.5395732860511259,-1.3283825463807595,0.539162682949666,-1.337655064989139,0.5405250874497578,-1.3293222475933844,0.5394794164537426
WLFN,1229,4.733371587554896,0.0012810166220579761,4.727356828717034,0.0012845336406312104,4.660367936369643,0.0013196849397125769,4.719307105723527,0.0012863716909287724
WLODL,1229,-0.1255101093262035,0.332910642005654,-0.24849877268366144,0.3384682248654201,-0.9626967347291964,0.3895884074889236,-0.5461645495033951,0.3605591830144371
WLODLL,1229,1.8731801003814317,0.025187843752995563,1.7977120595613074,0.026471795952182187,1.252179380073081,0.03755896451483804,1.5507365523521917,0.03215750727458854
WLRRAA,1229,1.1623568517109302,0.04726776613612402,1.1221183925610902,0.048138652613946474,0.9967135938125535,0.04867561469382371,1.0860812369495252,0.048998325868616674
WLRRAFOIAL,1229,1.6570774050845924,0.027162733803500264,1.646019527403202,0.027358360093432465,1.583220584195304,0.027435682395362378,1.6387303605516725,0.027534513311249367
WLRRAL,1229,1.086937306677238,0.054124324453909994,0.9962507586973157,0.05576588107218922,0.8928914997655671,0.055500741418701434,0.9942126004295114,0.05563810096307559
WLTIIT,1383,1.2318679808997575,0.04579904566287846,1.2204109391496085,0.04588613813470096,1.126600989576836,0.04593501815372878,1.2097289053056037,0.04590185126973261
WLTLECL,1229,3.866646713932705,0.004431504228113269,3.789578394472703,0.004567402446957633,3.32136878521403,0.005166826558450118,3.473062398881076,0.005103101557732593
WM1NS,2369,2.46724677701657,0.013717166117642078,2.4405452608262546,0.01395701254969752,2.0068636452846804,0.013490881389264806,2.4411631684665,0.013538776641338521
WM2NS,2369,3.809646095432381,0.0031359507334576993,3.812506470045737,0.0031348664772080613,3.815855726159864,0.0031254165737402482,3.8245575399899736,0.0031339227510535526
WOFDRBORBA,1229,0.5209502428749184,0.09904334918300438,0.4560610219352499,0.10158621771984713,0.297581380908486,0.10525979133293983,0.394107120463759,0.10347144565042148
WOFDRBORBL,1229,0.2913872601704344,0.12452857980137924,0.25272580583484794,0.1266485999317718,0.05124178054653636,0.13207631324528,0.19135977905388218,0.12889455051176146
WOFSRBRBC,1229,3.8479299381379515,0.004469321037766705,3.7878637218517586,0.004567004002133812,3.314942865177927,0.005163527279167039,3.4721039074109976,0.005094040282826265
WPC,1229,-6.9576212984477,837.0772473669446,-7.382585878370742,1053.8464558511432,-9.08653382710282,866.2657527492619,-7.8233817122715,907.563844170858
WPROPANEMBTX,1775,1.5945908736081358,0.029220298553231588,1.568453578811101,0.029517457592415055,1.5326386819833178,0.029306393001534682,1.5617164608876068,0.02956997989120355
WRBWFRBL,1229,1.8398868887836923,0.026481714106200555,1.733159589110108,0.02949967613168155,0.8771292890894801,0.05395192798090694,1.345462813508542,0.04235992780101784
WREPOFOR,1229,1.834090070271796,0.02289430668240529,1.8311915843002615,0.022904444547527665,1.7740177361959582,0.02325344570137406,1.8173140788108755,0.023009886222445708
WRESBAL,1229,2.038723249166365,0.0230222594579786,1.9384807379907198,0.024906873800031717,1.2210909339174156,0.03927923610910492,1.575444940221788,0.03282987960478966
WRESCRT,1229,4.038653053467905,0.003926850223634146,3.9381359001018583,0.004130290586022049,3.4758316738920323,0.00452491738405987,3.6120626462873076,0.004583151630783327
WRMFNS,2417,3.602196937115413,0.003865632027223417,3.601621544615955,0.0038904822549818514,3.567197969149206,0.0038547268081228687,3.6029628730023964,0.003869772849162347
WRMFSL,2139,3.9586017137266847,0.0027102605096765197,3.95508760352821,0.0027436448927938123,3.9033336612973684,0.0027115726282688295,3.969092150812389,0.002713607517298458
WRMORTG,2375,3.1092527841165074,0.00774136254875041,3.1052605059452603,0.007762558465139277,2.8953049021687822,0.007930009135453312,3.0807395003886335,0.007820482735978912
WSDEALL,1229,-9.685137464421643,2476.711311885278,-9.712132422414086,2487.493140625439,-9.751149897058065,2434.7833324608414,-9.755305816566855,2514.0414963917974
WSDONTL,1229,-9.558125018500748,2043.991149648645,-9.56298866925501,2041.9856418196555,-9.62187279418989,2069.7586035310383,-9.585290985182503,2052.2796254507616
WSECOUT,1229,4.2040487882091675,0.0034325742439054764,4.1255073172904835,0.0037862829987033767,3.445904662503041,0.003846400070062238,3.7635893479632725,0.00420731829138514
WSHOICL,1229,3.636454633595363,0.004947642744462524,3.4002782908373383,0.005366973568780292,3.32313995797086,0.005282658359135553,3.3756797555052285,0.005394874489933914
WSHOSHO,1229,4.039941416032118,0.0038933001959215777,3.9490164069273366,0.00421501383565628,3.2746414779256803,0.0043890307751769395,3.6417892257895565,0.004663920509480989
WSHOTSA,1229,4.904060620014214,0.0017682890311737295,4.698870838632347,0.0019446277521223997,4.380182265503065,0.0018009629626603095,4.440662558262506,0.0019830053543791596
WSHOTSL,1229,4.704072292559707,0.002140928428049689,4.504652653275526,0.0023453792529856917,4.155337199106407,0.002248988745137889,4.199839609841858,0.002450918035324858
WSLB20,3324,2.938895666226354,0.009560943429171685,2.9323527094678994,0.009586366926483013,2.841293038330656,0.009684814851608181,2.9023019888850277,0.009641523361193052
WSMTMNS,2682,4.729506389348238,0.002714533045472733,4.323179134374864,0.0032845329073287795,-14.027292902358804,0.0036571586961852334,3.877501863750715,0.0032760877784510523
WTB1YR,3144,2.2879069151995535,0.023531942873225818,2.245326034853917,0.0238253663876293,1.863098528008461,0.025061516399344813,2.150992815917006,0.02459305688871722
WTB6MS,3526,2.3449231001384256,0.02646025260991785,2.2662713779227013,0.026984389376792286,1.7887773553838089,0.028409984018873707,2.143595540742227,0.028002652418277665
WTFORBAFL,1229,2.116772922532366,0.017627394544974903,2.1052044534005283,0.01767461741814229,1.8120405936313202,0.018336943059441498,2.0768994882737717,0.017818268229752254
WTFSRFA,1229,4.06036500066537,0.0038125793858695316,3.9634477116779148,0.0040005788690401995,3.5100499217211136,0.004354004443907498,3.6461583554449977,0.004418918662550543
WTFSRFL,1229,3.8706270092195787,0.004330226917266445,3.811713948561143,0.004421184059133004,3.354421152918988,0.0049571910293280605,3.5024744236059324,0.0049207936303816155
WTREGEN,1229,0.1233587143983332,0.14855460620986785,0.05130337844198283,0.15183868425970057,-0.120571348287943,0.1581044978190157,0.02135881150203467,0.15464817386255364
